run_id,seed,teams,load,traffic,thermal,network,availability,mean_outage,ua_misspec,method,backend,scenario_sha256,trajectory_sha256,wall_s,morning_unassigned,N,served,absent,handled,missed,handled_pct,priority_handled_pct,dynamic_handled_pct,urgent_handled_pct,static_handled_pct,cold_handled_pct,travel_min,travel_per_handled,overtime_min_total,overtime_min_max,late_returns,not_home,swaps,quarantines,warm_quarantines,cold_quarantines,wasted_doses,out_of_range_min,theta_max,theta_min,msgs_sent,bytes_sent,retries,duplicates,max_msg_delay,mean_msg_delay,msgs_pending_end,center_cpu_s,vehicle_cpu_s,center_decisions,center_p50_ms,center_p95_ms,center_max_ms,agent_decisions,agent_p95_ms,agent_max_ms,alns_timeouts,releases,token_overlaps,unauthorized_services,cold_after_quarantine,violations,violation_kinds
K8_R0.75_T1_H1_N1_S8001_STATIC_inprocess,8001,8,0.75,1,1,N1,0.98,3.0,,STATIC,inprocess,e9488c1de4a7299183dfea1b4c6d4c4cd6d3d38997adfbd85da5eea07faefada,4189a134f84a96b28a52a4ff094b8e225912101fc1ff901726ba9ddcb2af0c54,0.15,0,51,41,1,42,9,82.3529411764706,77.38095238095238,61.111111111111114,71.42857142857143,93.93939393939394,85.0,714,17.0,0,0,0,0,4,0,0,0,0,0,5.5799,3.9318,3850,1052152,74,40,6,0.008435374149659863,0,0.025709,0.070191,181,0.005,0.162,0.257,0,0.0,0.0,0,3,0,0,0,0,
K8_R0.75_T1_H1_N1_S8001_PERIODIC_inprocess,8001,8,0.75,1,1,N1,0.98,3.0,,PERIODIC,inprocess,e9488c1de4a7299183dfea1b4c6d4c4cd6d3d38997adfbd85da5eea07faefada,6890bed4ca5d2e9917637344ae14f23f63dc4eba44c05f6cc23b2d956a3a68ac,0.314,0,51,41,2,43,8,84.31372549019608,86.9047619047619,88.88888888888889,85.71428571428571,81.81818181818181,90.0,804,18.697674418604652,6,6,0,0,7,0,0,0,0,0,5.5965,3.9318,4276,1111534,73,41,6,0.007285089849441476,0,0.173013,0.07802,31,5.672,10.527,11.143,0,0.0,0.0,0,0,0,0,0,0,
K8_R0.75_T1_H1_N1_S8001_CENTRAL_inprocess,8001,8,0.75,1,1,N1,0.98,3.0,,CENTRAL,inprocess,e9488c1de4a7299183dfea1b4c6d4c4cd6d3d38997adfbd85da5eea07faefada,f6b776629a9ce1c4e0152fc9f47e68f04e771ef56ec21f516915416b93dd6194,0.932,0,51,44,2,46,5,90.19607843137256,92.85714285714286,100.0,100.0,84.84848484848484,95.0,804,17.47826086956522,0,0,0,0,6,0,0,0,0,0,5.6576,3.9318,5250,1149122,94,50,9,0.026719056974459726,1,0.735396,0.09528199999999999,113,5.896,14.991000000000001,28.285999999999998,0,0.0,0.0,0,0,0,0,0,0,
K8_R0.75_T1_H1_N1_S8001_CENTRAL_FB_inprocess,8001,8,0.75,1,1,N1,0.98,3.0,,CENTRAL_FB,inprocess,e9488c1de4a7299183dfea1b4c6d4c4cd6d3d38997adfbd85da5eea07faefada,84ee66a0e70c0b1bf00b199edb12b855e04b8eba03e7edafbbd4416ab2db09e3,0.846,0,51,44,2,46,5,90.19607843137256,92.85714285714286,100.0,100.0,84.84848484848484,95.0,804,17.47826086956522,0,0,0,0,6,0,0,0,0,0,5.6576,3.9318,5250,1149122,94,50,9,0.026719056974459726,1,0.6565,0.09190200000000001,113,5.856,12.164,23.153,3,0.016,0.016,0,0,0,0,0,0,
K8_R0.75_T1_H1_N1_S8001_CENTRAL_FOG_inprocess,8001,8,0.75,1,1,N1,0.98,3.0,,CENTRAL_FOG,inprocess,e9488c1de4a7299183dfea1b4c6d4c4cd6d3d38997adfbd85da5eea07faefada,ddc3b8b2f237ca691e9d902743f757a9b669927b73aec4fb63e326f7a3fa7d2d,0.777,0,51,44,2,46,5,90.19607843137256,92.85714285714286,100.0,100.0,84.84848484848484,95.0,804,17.47826086956522,0,0,0,0,6,0,0,0,0,0,5.6576,3.9318,5250,1149122,94,50,9,0.026719056974459726,1,0.619181,0.08641499999999999,113,5.0600000000000005,10.958,16.128,0,0.0,0.0,0,0,0,0,0,0,
K8_R0.75_T1_H1_N1_S8001_HYBRID_inprocess,8001,8,0.75,1,1,N1,0.98,3.0,,HYBRID,inprocess,e9488c1de4a7299183dfea1b4c6d4c4cd6d3d38997adfbd85da5eea07faefada,4e2d8c5ddd3c356ef641162836d7dbd2709692c5a6953393818cce2c750bed6e,0.826,0,51,44,2,46,5,90.19607843137256,92.85714285714286,100.0,100.0,84.84848484848484,95.0,804,17.47826086956522,0,0,0,0,6,0,0,0,0,0,5.6576,3.9318,5250,1149122,94,50,9,0.026719056974459726,1,0.644318,0.09562400000000001,113,4.9319999999999995,12.077,15.657999999999998,3,0.020999999999999998,0.020999999999999998,0,0,0,0,0,0,
K8_R0.75_T1_H1_N1_S8001_EDGE_MARKET_inprocess,8001,8,0.75,1,1,N1,0.98,3.0,,EDGE_MARKET,inprocess,e9488c1de4a7299183dfea1b4c6d4c4cd6d3d38997adfbd85da5eea07faefada,7db56be68326d8cfc4da81104e7af3bc6b06eb9000683a5abaa23efa1dc62f0f,0.277,0,51,40,2,42,9,82.3529411764706,82.14285714285714,77.77777777777777,85.71428571428571,84.84848484848484,85.0,707,16.833333333333332,0,0,0,0,4,0,0,0,0,0,5.7947,3.9318,4469,1148637,81,40,8,0.018355018587360595,1,0.03506,0.170228,87,0.075,0.152,0.395,632,0.506,2.954,0,16,0,0,0,0,
K8_R0.75_T1_H1_N1_S8001_HYBRID_EAGER_inprocess,8001,8,0.75,1,1,N1,0.98,3.0,,HYBRID_EAGER,inprocess,e9488c1de4a7299183dfea1b4c6d4c4cd6d3d38997adfbd85da5eea07faefada,060dbf3517829277291b9d1b409e185a23441b8c95afc123f5a3f88827a3bf0c,0.922,0,51,44,2,46,5,90.19607843137256,92.85714285714286,100.0,100.0,84.84848484848484,95.0,804,17.47826086956522,0,0,0,0,6,0,0,0,0,0,5.6576,3.9318,5250,1149095,94,50,9,0.026719056974459726,1,0.73305,0.103886,113,5.92,14.718,20.198,14,0.044,0.045000000000000005,0,0,0,0,0,0,
K8_R1.05_T1_H1_N1_S8001_STATIC_inprocess,8001,8,1.05,1,1,N1,0.98,3.0,,STATIC,inprocess,ac78a277185d0093dc9999d9b36be81d4c343ba53fb49abe84faec5c8a11ba2d,2a95e90a0f91d33ab4df95fb404f8d50a28900aab593a48a0f054c30bfb0aba9,0.201,0,72,54,3,57,15,79.16666666666667,74.77477477477477,47.05882352941177,33.333333333333336,89.0909090909091,87.8048780487805,774,13.578947368421053,0,0,0,0,8,0,0,0,0,0,6.6687,3.8615,3873,1083059,74,29,4,0.0032397408207343412,1,0.039481,0.09221599999999999,266,0.008,0.23800000000000002,0.355,0,0.0,0.0,0,2,0,0,0,0,
K8_R1.05_T1_H1_N1_S8001_PERIODIC_inprocess,8001,8,1.05,1,1,N1,0.98,3.0,,PERIODIC,inprocess,ac78a277185d0093dc9999d9b36be81d4c343ba53fb49abe84faec5c8a11ba2d,09b27ffa1485d212ed379bc9c6f87b2b0281f17042431dea2eb3b0b426d123ac,0.547,0,72,56,3,59,13,81.94444444444444,86.48648648648648,94.11764705882354,100.0,78.18181818181819,75.60975609756098,809,13.711864406779661,0,0,0,0,7,0,0,0,0,0,6.1745,3.8615,4414,1149078,81,41,6,0.0072992700729927005,0,0.380142,0.09142,31,7.681,30.267,40.387,0,0.0,0.0,0,0,0,0,0,0,
K8_R1.05_T1_H1_N1_S8001_CENTRAL_inprocess,8001,8,1.05,1,1,N1,0.98,3.0,,CENTRAL,inprocess,ac78a277185d0093dc9999d9b36be81d4c343ba53fb49abe84faec5c8a11ba2d,2db67a0ef4f097fe6f3d82c30e90543917c0c1f4b891755db02bb8f508cd8254,2.301,0,72,56,2,58,14,80.55555555555556,84.68468468468468,82.3529411764706,100.0,80.0,78.04878048780488,796,13.724137931034482,0,0,0,0,7,0,0,0,0,0,5.6263,3.8615,5956,1271651,111,41,8,0.01880607315389924,0,2.037687,0.11701500000000001,129,14.449,33.983,42.503,0,0.0,0.0,0,0,0,0,0,0,
K8_R1.05_T1_H1_N1_S8001_CENTRAL_FB_inprocess,8001,8,1.05,1,1,N1,0.98,3.0,,CENTRAL_FB,inprocess,ac78a277185d0093dc9999d9b36be81d4c343ba53fb49abe84faec5c8a11ba2d,8578b2d0b80328ec2852e61d22e8e16bc8a8cc087ed470ed5081242570237242,2.29,0,72,56,2,58,14,80.55555555555556,84.68468468468468,82.3529411764706,100.0,80.0,78.04878048780488,796,13.724137931034482,0,0,0,0,7,0,0,0,0,0,5.6263,3.8615,5956,1271651,111,41,8,0.01880607315389924,0,2.027858,0.13079800000000003,129,14.487,34.473,42.562999999999995,4,0.020999999999999998,0.020999999999999998,0,0,0,0,0,0,
K8_R1.05_T1_H1_N1_S8001_CENTRAL_FOG_inprocess,8001,8,1.05,1,1,N1,0.98,3.0,,CENTRAL_FOG,inprocess,ac78a277185d0093dc9999d9b36be81d4c343ba53fb49abe84faec5c8a11ba2d,a1bd261c53fa98d224dd84d5fc2dc469c7d91222b4c60b26a2a009a0f0a8ce26,2.249,0,72,56,2,58,14,80.55555555555556,84.68468468468468,82.3529411764706,100.0,80.0,78.04878048780488,796,13.724137931034482,0,0,0,0,7,0,0,0,0,0,5.6263,3.8615,5956,1271651,111,41,8,0.01880607315389924,0,1.966261,0.131343,129,15.412,33.186,46.695,0,0.0,0.0,0,0,0,0,0,0,
K8_R1.05_T1_H1_N1_S8001_HYBRID_inprocess,8001,8,1.05,1,1,N1,0.98,3.0,,HYBRID,inprocess,ac78a277185d0093dc9999d9b36be81d4c343ba53fb49abe84faec5c8a11ba2d,da6140236a292083bd40f567f391fc41f15ddba9cfadd0e223a36dd84aa82a19,2.361,0,72,56,2,58,14,80.55555555555556,84.68468468468468,82.3529411764706,100.0,80.0,78.04878048780488,796,13.724137931034482,0,0,0,0,7,0,0,0,0,0,5.6263,3.8615,5956,1271651,111,41,8,0.01880607315389924,0,2.086403,0.11666499999999999,129,16.689,33.139,42.685,4,0.023,0.023,0,0,0,0,0,0,
K8_R1.05_T1_H1_N1_S8001_EDGE_MARKET_inprocess,8001,8,1.05,1,1,N1,0.98,3.0,,EDGE_MARKET,inprocess,ac78a277185d0093dc9999d9b36be81d4c343ba53fb49abe84faec5c8a11ba2d,f4a717ea8df4ee00ae0da0a752f7af10876633238031c84f4c6dd92f647f5f4c,0.37,0,72,55,2,57,15,79.16666666666667,83.78378378378379,88.23529411764706,83.33333333333333,76.36363636363636,78.04878048780488,869,15.24561403508772,0,0,0,0,8,0,0,0,0,0,5.6338,3.8615,4915,1340625,92,38,8,0.015157894736842105,0,0.035519,0.25393599999999994,137,0.06499999999999999,0.166,4.535,1039,0.5469999999999999,3.371,0,32,0,0,0,0,
K4_R0.90_T1_H1_N1_S8001_STATIC_inprocess,8001,4,0.9,1,1,N1,0.98,3.0,,STATIC,inprocess,49c334c51c61955014d80d475a08a137fb931a35bbdbbcc39209d24e0ece2878,9b68001b66ae20cb5aee23219d057ed5a303757e6a2cff149ef6b8218ad26908,0.075,0,31,25,1,26,5,83.87096774193549,82.45614035087719,70.0,75.0,90.47619047619048,87.5,373,14.346153846153847,0,0,0,0,3,0,0,0,0,0,5.6135,3.9391,1937,537770,33,17,1,0.0005373455131649651,0,0.01333,0.034888,116,0.004,0.08600000000000001,0.148,0,0.0,0.0,0,2,0,0,0,0,
K4_R0.90_T1_H1_N1_S8001_PERIODIC_inprocess,8001,4,0.9,1,1,N1,0.98,3.0,,PERIODIC,inprocess,49c334c51c61955014d80d475a08a137fb931a35bbdbbcc39209d24e0ece2878,4886bb844881cf2d33d7c7437d3264cf728dc46878b1e864c26da864d7040c59,0.133,0,31,25,1,26,5,83.87096774193549,78.94736842105263,60.0,50.0,95.23809523809524,81.25,387,14.884615384615385,0,0,0,0,4,0,0,0,0,0,5.6195,3.9391,2146,579877,51,22,6,0.006802721088435374,0,0.061037,0.039096000000000006,31,1.246,4.13,5.638,0,0.0,0.0,0,0,0,0,0,0,
K4_R0.90_T1_H1_N1_S8001_CENTRAL_inprocess,8001,4,0.9,1,1,N1,0.98,3.0,,CENTRAL,inprocess,49c334c51c61955014d80d475a08a137fb931a35bbdbbcc39209d24e0ece2878,200e96c86c2684a0d00db19c5696cc72489953b16bd4c0ca56b519ae7b0d93a4,0.216,0,31,27,1,28,3,90.3225806451613,91.2280701754386,90.0,75.0,90.47619047619048,100.0,384,13.714285714285714,0,0,0,0,4,0,0,0,0,0,5.6657,3.9391,2315,594916,55,27,6,0.012544802867383513,1,0.134736,0.042432,65,1.547,5.002000000000001,7.1240000000000006,0,0.0,0.0,0,0,0,0,0,0,
K4_R0.90_T1_H1_N1_S8001_CENTRAL_FB_inprocess,8001,4,0.9,1,1,N1,0.98,3.0,,CENTRAL_FB,inprocess,49c334c51c61955014d80d475a08a137fb931a35bbdbbcc39209d24e0ece2878,439075f8d34537bebac833696291029e40fe1ab8beddd52f4d9eb85606ce7af6,0.238,0,31,27,1,28,3,90.3225806451613,91.2280701754386,90.0,75.0,90.47619047619048,100.0,384,13.714285714285714,0,0,0,0,4,0,0,0,0,0,5.6657,3.9391,2315,594916,55,27,6,0.012544802867383513,1,0.152038,0.048088,65,1.8079999999999998,5.197,5.8100000000000005,2,0.014,0.014,0,0,0,0,0,0,
K4_R0.90_T1_H1_N1_S8001_CENTRAL_FOG_inprocess,8001,4,0.9,1,1,N1,0.98,3.0,,CENTRAL_FOG,inprocess,49c334c51c61955014d80d475a08a137fb931a35bbdbbcc39209d24e0ece2878,c5b027006beb5f6987e42c1227dc193f835c8579e2506d3709ad418e87b7ff9e,0.269,0,31,27,1,28,3,90.3225806451613,91.2280701754386,90.0,75.0,90.47619047619048,100.0,384,13.714285714285714,0,0,0,0,4,0,0,0,0,0,5.6657,3.9391,2315,594916,55,27,6,0.012544802867383513,1,0.17451,0.049593,65,1.874,6.233,10.43,0,0.0,0.0,0,0,0,0,0,0,
K4_R0.90_T1_H1_N1_S8001_HYBRID_inprocess,8001,4,0.9,1,1,N1,0.98,3.0,,HYBRID,inprocess,49c334c51c61955014d80d475a08a137fb931a35bbdbbcc39209d24e0ece2878,3e431ef043ce9eea98486656f6b42d295c88f571619a0da490d130190a2b2bda,0.23,0,31,27,1,28,3,90.3225806451613,91.2280701754386,90.0,75.0,90.47619047619048,100.0,384,13.714285714285714,0,0,0,0,4,0,0,0,0,0,5.6657,3.9391,2315,594916,55,27,6,0.012544802867383513,1,0.14718,0.046595000000000004,65,1.81,4.255,6.413,2,0.01,0.01,0,0,0,0,0,0,
K8_R1.05_T1_H1_N1_S8001_HYBRID_EAGER_inprocess,8001,8,1.05,1,1,N1,0.98,3.0,,HYBRID_EAGER,inprocess,ac78a277185d0093dc9999d9b36be81d4c343ba53fb49abe84faec5c8a11ba2d,e34084b0eaeaa9415b08c01ea97fd8d8c43ae8c8f15f32255b4fdbbdc03a3f9b,2.315,0,72,56,2,58,14,80.55555555555556,84.68468468468468,88.23529411764706,100.0,78.18181818181819,73.17073170731707,797,13.741379310344827,0,0,0,0,8,0,0,0,0,0,5.6273,3.8615,6101,1327270,108,55,8,0.01849672103581638,0,2.052027,0.129799,131,15.157,34.488,53.648,19,0.1,3.104,0,0,0,0,0,0,
K4_R0.90_T1_H1_N1_S8001_EDGE_MARKET_inprocess,8001,4,0.9,1,1,N1,0.98,3.0,,EDGE_MARKET,inprocess,49c334c51c61955014d80d475a08a137fb931a35bbdbbcc39209d24e0ece2878,ebb8847c3d55c8a02d50030968a0f03e869b804c78b8678c6da336ed706437a9,0.138,0,31,26,1,27,4,87.09677419354838,91.2280701754386,100.0,100.0,80.95238095238095,93.75,374,13.851851851851851,0,0,0,0,3,0,0,0,0,0,5.6593,3.9502,2081,584340,37,20,6,0.007477567298105683,0,0.019803,0.079376,50,0.041,0.063,0.09000000000000001,187,0.527,2.812,0,5,0,0,0,0,
K4_R0.90_T1_H1_N1_S8001_HYBRID_EAGER_inprocess,8001,4,0.9,1,1,N1,0.98,3.0,,HYBRID_EAGER,inprocess,49c334c51c61955014d80d475a08a137fb931a35bbdbbcc39209d24e0ece2878,4a1da6b5632837e1dfcb4b6e82afc87bf0acf828c3051722e22334d8d96213fd,0.233,0,31,27,1,28,3,90.3225806451613,91.2280701754386,90.0,75.0,90.47619047619048,100.0,384,13.714285714285714,0,0,0,0,4,0,0,0,0,0,5.6657,3.9391,2315,594916,55,27,6,0.012544802867383513,1,0.144633,0.048915999999999994,65,1.784,5.3340000000000005,6.974,8,0.039,0.039,0,0,0,0,0,0,
K16_R0.90_T1_H1_N1_S8001_STATIC_inprocess,8001,16,0.9,1,1,N1,0.98,3.0,,STATIC,inprocess,1044e8270f7b747589aa6dfbcd7b83d04b8107d1534b4a57a01f1bbcb03b32d9,10829d4e2e929da681885064c8bd4a7c8db17e255d2f576996a23a326bd5367d,0.463,0,123,98,3,101,22,82.11382113821138,75.1269035532995,61.111111111111114,35.714285714285715,90.80459770114942,88.46153846153847,1441,14.267326732673267,0,0,0,0,15,0,0,0,0,0,5.6672,3.8601,7718,2144323,162,68,7,0.00448796409628723,0,0.092638,0.190207,266,0.012,0.648,1.303,0,0.0,0.0,0,2,0,0,0,0,
K16_R0.90_T1_H1_N1_S8001_PERIODIC_inprocess,8001,16,0.9,1,1,N1,0.98,3.0,,PERIODIC,inprocess,1044e8270f7b747589aa6dfbcd7b83d04b8107d1534b4a57a01f1bbcb03b32d9,d9aeec027123b791f62c9d9d3ba60f64c85c6d34e4c159bedc5a83385fe03e09,1.63,0,123,95,3,98,25,79.67479674796748,81.7258883248731,80.55555555555556,71.42857142857143,79.3103448275862,78.84615384615384,1514,15.448979591836734,0,0,0,0,13,0,0,0,0,0,5.6649,3.8601,8812,2220352,176,78,7,0.014508138711960368,0,1.157194,0.229846,31,33.272000000000006,87.446,89.052,0,0.0,0.0,0,1,0,0,0,0,
K16_R0.90_T1_H1_N1_S8001_CENTRAL_inprocess,8001,16,0.9,1,1,N1,0.98,3.0,,CENTRAL,inprocess,1044e8270f7b747589aa6dfbcd7b83d04b8107d1534b4a57a01f1bbcb03b32d9,eac3709870862f7d56130b66d5f3fe5aa2447568a54420d7952a7932adf9f7fd,7.536,0,123,101,4,105,18,85.36585365853658,88.3248730964467,91.66666666666667,85.71428571428571,82.75862068965517,88.46153846153847,1501,14.295238095238096,5,5,0,0,12,0,0,0,0,0,5.6694,3.8601,13498,2660505,257,132,12,0.04101089588377724,0,6.822995,0.245836,184,41.266999999999996,72.21,102.862,0,0.0,0.0,0,0,0,0,0,0,
K16_R0.90_T1_H1_N1_S8001_CENTRAL_FB_inprocess,8001,16,0.9,1,1,N1,0.98,3.0,,CENTRAL_FB,inprocess,1044e8270f7b747589aa6dfbcd7b83d04b8107d1534b4a57a01f1bbcb03b32d9,d32ab98e47b4f692816bfa84586eb7a5c041e192235fe2328869cdcf4fc09837,7.305,0,123,101,4,105,18,85.36585365853658,88.3248730964467,91.66666666666667,85.71428571428571,82.75862068965517,88.46153846153847,1501,14.295238095238096,5,5,0,0,12,0,0,0,0,0,5.6694,3.8601,13498,2660505,257,132,12,0.04101089588377724,0,6.646589,0.242595,184,38.385000000000005,67.371,141.44799999999998,5,0.177,0.177,0,0,0,0,0,0,
K16_R0.90_T1_H1_N1_S8001_CENTRAL_FOG_inprocess,8001,16,0.9,1,1,N1,0.98,3.0,,CENTRAL_FOG,inprocess,1044e8270f7b747589aa6dfbcd7b83d04b8107d1534b4a57a01f1bbcb03b32d9,9963e52d293a532d91347433379d144cc387e4da4574365a827a3a0cfefbbbbc,7.051,0,123,101,4,105,18,85.36585365853658,88.3248730964467,91.66666666666667,85.71428571428571,82.75862068965517,88.46153846153847,1501,14.295238095238096,5,5,0,0,12,0,0,0,0,0,5.6694,3.8601,13498,2660505,257,132,12,0.04101089588377724,0,6.472995,0.24403899999999998,184,37.875,63.946000000000005,76.598,0,0.0,0.0,0,0,0,0,0,0,
K16_R0.90_T1_H1_N1_S8001_HYBRID_inprocess,8001,16,0.9,1,1,N1,0.98,3.0,,HYBRID,inprocess,1044e8270f7b747589aa6dfbcd7b83d04b8107d1534b4a57a01f1bbcb03b32d9,1ffa2c5e92dbed9b259db95a009db1de9ac5b75605921b05d3e7673309350287,7.381,0,123,101,4,105,18,85.36585365853658,88.3248730964467,91.66666666666667,85.71428571428571,82.75862068965517,88.46153846153847,1501,14.295238095238096,5,5,0,0,12,0,0,0,0,0,5.6694,3.8601,13498,2660505,257,132,12,0.04101089588377724,0,6.822536,0.24882799999999994,184,41.373,66.673,97.024,5,0.089,0.089,0,0,0,0,0,0,
K16_R0.90_T1_H1_N1_S8001_EDGE_MARKET_inprocess,8001,16,0.9,1,1,N1,0.98,3.0,,EDGE_MARKET,inprocess,1044e8270f7b747589aa6dfbcd7b83d04b8107d1534b4a57a01f1bbcb03b32d9,8aaaf73a350978a3a93a03323275c96faa02533b27568b51e318937307b343c0,1.164,0,123,96,2,98,25,79.67479674796748,82.74111675126903,86.11111111111111,85.71428571428571,77.01149425287356,88.46153846153847,1585,16.1734693877551,0,0,0,0,13,0,0,0,0,0,5.6902,3.8601,11164,2889548,243,103,13,0.03618572879165513,0,0.099455,0.824347,187,0.154,0.554,1.219,3350,0.544,3.4810000000000003,0,50,0,0,0,0,
K8_R0.75_T1_H1_N3_S8001_STATIC_inprocess,8001,8,0.75,1,1,N3,0.75,20.0,,STATIC,inprocess,e4af38d9b72d1766950163c68285f6dae7f72b34f892cfed7fd89391589c3f3e,eb5bb848d658cc742d7c39f409123cde1f64d6e21f12ff85fa5678ad10d785b7,0.151,0,51,43,2,45,6,88.23529411764706,80.95238095238095,66.66666666666667,42.857142857142854,100.0,95.0,783,17.4,0,0,0,0,6,0,0,0,0,0,5.6243,3.9318,3850,1013566,253,52,71,0.280187074829932,2,0.021103,0.07701900000000002,194,0.006,0.12999999999999998,0.204,0,0.0,0.0,0,3,0,0,0,0,
K8_R0.75_T1_H1_N3_S8001_PERIODIC_inprocess,8001,8,0.75,1,1,N3,0.75,20.0,,PERIODIC,inprocess,e4af38d9b72d1766950163c68285f6dae7f72b34f892cfed7fd89391589c3f3e,e56ec9f482d5f46922e56b58709f00434f65be9156db9db0b43ea67a5436aec0,0.23,0,51,42,1,43,8,84.31372549019608,86.9047619047619,94.44444444444444,100.0,78.78787878787878,85.0,698,16.232558139534884,0,0,0,0,7,0,0,0,0,0,5.6224,3.9318,4117,1048885,288,49,70,0.25894897182025894,4,0.105741,0.073888,31,2.347,6.862,10.302,0,0.0,0.0,0,1,0,0,0,0,
K8_R0.75_T1_H1_N3_S8001_CENTRAL_inprocess,8001,8,0.75,1,1,N3,0.75,20.0,,CENTRAL,inprocess,e4af38d9b72d1766950163c68285f6dae7f72b34f892cfed7fd89391589c3f3e,f76ef3f07ea555d9255811146d7afb69be275ae75b1d7290bd0e9c8bf91747dc,0.707,0,51,42,1,43,8,84.31372549019608,86.9047619047619,88.88888888888889,85.71428571428571,81.81818181818181,95.0,652,15.162790697674419,0,0,0,0,5,0,0,0,0,0,5.6268,3.9318,5131,1152850,403,67,89,0.47374209513335164,3,0.545863,0.090403,136,3.817,8.954,11.709999999999999,0,0.0,0.0,0,0,0,0,0,0,
K8_R0.75_T1_H1_N3_S8001_CENTRAL_FB_inprocess,8001,8,0.75,1,1,N3,0.75,20.0,,CENTRAL_FB,inprocess,e4af38d9b72d1766950163c68285f6dae7f72b34f892cfed7fd89391589c3f3e,0f2c5719c5953de3d2f7d64877a0f2d5cfab00a0bfc7dc0b5349351f2592a7d2,0.674,0,51,41,2,43,8,84.31372549019608,86.9047619047619,88.88888888888889,85.71428571428571,81.81818181818181,100.0,677,15.744186046511627,0,0,0,0,6,0,0,0,0,0,5.6154,3.9318,5263,1164038,430,66,91,0.5362165030512073,3,0.510568,0.08766799999999998,142,3.67,7.802,11.2,46,0.085,0.093,0,0,0,0,0,0,
K8_R0.75_T1_H1_N3_S8001_CENTRAL_FOG_inprocess,8001,8,0.75,1,1,N3,0.75,20.0,,CENTRAL_FOG,inprocess,e4af38d9b72d1766950163c68285f6dae7f72b34f892cfed7fd89391589c3f3e,7c6d3d6d357e65b7141b2f900590f017fb117c963b61355139f6f864edd422a0,0.668,0,51,42,1,43,8,84.31372549019608,86.9047619047619,88.88888888888889,85.71428571428571,81.81818181818181,95.0,652,15.162790697674419,0,0,0,0,5,0,0,0,0,0,5.6268,3.9318,5131,1152850,403,67,89,0.47374209513335164,3,0.500951,0.095203,136,3.332,7.887999999999999,10.462000000000002,0,0.0,0.0,0,0,0,0,0,0,
K8_R0.75_T1_H1_N3_S8001_HYBRID_inprocess,8001,8,0.75,1,1,N3,0.75,20.0,,HYBRID,inprocess,e4af38d9b72d1766950163c68285f6dae7f72b34f892cfed7fd89391589c3f3e,2f86ca851fac5329d0ae6c98f2aca83f660d4a88a71e955373aacf9e01f06086,0.809,0,51,41,2,43,8,84.31372549019608,86.9047619047619,88.88888888888889,85.71428571428571,81.81818181818181,100.0,677,15.744186046511627,0,0,0,0,6,0,0,0,0,0,5.6154,3.9318,5263,1164038,430,66,91,0.5362165030512073,3,0.610209,0.106332,142,4.24,9.440999999999999,16.389,46,0.057,0.107,0,0,0,0,0,0,
K8_R0.75_T1_H1_N3_S8001_HYBRID_EAGER_inprocess,8001,8,0.75,1,1,N3,0.75,20.0,,HYBRID_EAGER,inprocess,e4af38d9b72d1766950163c68285f6dae7f72b34f892cfed7fd89391589c3f3e,79510a192d9447dc0038f772fb98a5867c0d46d83fa0f040b57e4a227e11cbf5,0.69,0,51,41,2,43,8,84.31372549019608,86.9047619047619,88.88888888888889,85.71428571428571,81.81818181818181,100.0,677,15.744186046511627,0,0,0,0,6,0,0,0,0,0,5.6154,3.9318,5263,1163948,430,66,91,0.5362165030512073,3,0.523283,0.09090999999999999,142,3.622,8.588999999999999,10.843,66,0.023,0.102,0,0,0,0,0,0,
K8_R0.75_T1_H1_N3_S8001_EDGE_MARKET_inprocess,8001,8,0.75,1,1,N3,0.75,20.0,,EDGE_MARKET,inprocess,e4af38d9b72d1766950163c68285f6dae7f72b34f892cfed7fd89391589c3f3e,fb9c594d54fed8d4c0abb580f78604211076938e0f222f21674dacb1c9200085,0.205,0,51,42,2,44,7,86.27450980392157,85.71428571428571,83.33333333333333,71.42857142857143,87.87878787878788,100.0,829,18.84090909090909,0,0,0,0,6,0,0,0,0,0,5.6293,3.9318,4307,1158375,307,61,88,0.45641389085754785,2,0.02125,0.12966100000000003,99,0.041999999999999996,0.097,0.118,536,0.365,2.372,0,11,0,0,0,0,
K8_R1.05_T1_H1_N3_S8001_STATIC_inprocess,8001,8,1.05,1,1,N3,0.75,20.0,,STATIC,inprocess,4bb33ccbebdab629fddf0f0f989e93782e386accf60253978ad52f7c569875a8,e4f5c7c3d896f4ce71ed8e7dc19f42ae85de5d659663285b35928dc6fb60f441,0.192,0,72,53,3,56,16,77.77777777777777,73.87387387387388,47.05882352941177,33.333333333333336,87.27272727272727,85.36585365853658,788,14.071428571428571,0,0,0,0,8,0,0,0,0,0,6.6687,3.8615,3873,1077473,264,54,86,0.46433094132545377,3,0.030068,0.092713,266,0.007,0.174,0.25999999999999995,0,0.0,0.0,0,1,0,0,0,0,
K16_R0.90_T1_H1_N1_S8001_HYBRID_EAGER_inprocess,8001,16,0.9,1,1,N1,0.98,3.0,,HYBRID_EAGER,inprocess,1044e8270f7b747589aa6dfbcd7b83d04b8107d1534b4a57a01f1bbcb03b32d9,553eadc01dd950552d4c5c55f463f011c6c9261641466fcbf8184ba98db74d0b,7.254,0,123,100,3,103,20,83.73983739837398,87.30964467005076,88.88888888888889,92.85714285714286,81.60919540229885,84.61538461538461,1500,14.563106796116505,0,0,0,0,14,0,0,0,0,0,5.7591,3.8601,13172,2625959,270,115,12,0.04207824531383682,0,6.469439,0.281226,182,39.569,59.622,118.427,28,0.35,2.625,0,0,0,0,0,0,
K8_R1.05_T1_H1_N3_S8001_PERIODIC_inprocess,8001,8,1.05,1,1,N3,0.75,20.0,,PERIODIC,inprocess,4bb33ccbebdab629fddf0f0f989e93782e386accf60253978ad52f7c569875a8,c255fae8ee10b416ab6593baa9f04283245148ea615b7d67318e81464a09082b,0.434,0,72,56,2,58,14,80.55555555555556,83.78378378378379,88.23529411764706,100.0,78.18181818181819,78.04878048780488,856,14.758620689655173,0,0,0,0,8,0,0,0,0,0,5.637,3.8615,4313,1112067,331,58,86,0.5105545617173524,4,0.26182,0.09782899999999999,31,6.409,21.918,25.448999999999998,0,0.0,0.0,0,0,0,0,0,0,
K8_R1.05_T1_H1_N3_S8001_CENTRAL_inprocess,8001,8,1.05,1,1,N3,0.75,20.0,,CENTRAL,inprocess,4bb33ccbebdab629fddf0f0f989e93782e386accf60253978ad52f7c569875a8,2f69e52394a13456e2119c26075dc5965b23236461ee1ba4fe3ee354d5473732,1.672,0,72,54,3,57,15,79.16666666666667,82.88288288288288,88.23529411764706,83.33333333333333,76.36363636363636,78.04878048780488,805,14.12280701754386,0,0,0,0,7,0,0,0,0,0,5.5884,3.8615,5801,1242626,459,90,107,0.661774822288466,4,1.459473,0.10686100000000001,160,7.592,22.214000000000002,33.004,0,0.0,0.0,0,0,0,0,0,0,
K8_R1.05_T1_H1_N3_S8001_CENTRAL_FB_inprocess,8001,8,1.05,1,1,N3,0.75,20.0,,CENTRAL_FB,inprocess,4bb33ccbebdab629fddf0f0f989e93782e386accf60253978ad52f7c569875a8,2f54d0653ee42d7e0da04b9c0744b0400c5f40d322d8d74a7214c6044a633808,1.715,0,72,56,2,58,14,80.55555555555556,86.48648648648648,94.11764705882354,100.0,76.36363636363636,80.48780487804878,892,15.379310344827585,0,0,0,0,8,0,0,0,0,0,5.6424,3.8615,5692,1229400,424,95,107,0.5953051643192488,3,1.496008,0.11382299999999998,153,8.543999999999999,20.845,28.352999999999998,49,0.483,2.989,0,0,0,0,0,0,
K8_R1.05_T1_H1_N3_S8001_CENTRAL_FOG_inprocess,8001,8,1.05,1,1,N3,0.75,20.0,,CENTRAL_FOG,inprocess,4bb33ccbebdab629fddf0f0f989e93782e386accf60253978ad52f7c569875a8,196849c986ee0a588ee80cd3582d8bf83d4ca7f1190e79ff496d937f5b290524,1.793,0,72,54,3,57,15,79.16666666666667,82.88288288288288,88.23529411764706,83.33333333333333,76.36363636363636,78.04878048780488,805,14.12280701754386,0,0,0,0,7,0,0,0,0,0,5.5884,3.8615,5801,1242626,459,90,107,0.661774822288466,4,1.572015,0.113521,160,7.679,28.330000000000002,39.617,0,0.0,0.0,0,0,0,0,0,0,
K8_R1.05_T1_H1_N3_S8001_HYBRID_inprocess,8001,8,1.05,1,1,N3,0.75,20.0,,HYBRID,inprocess,4bb33ccbebdab629fddf0f0f989e93782e386accf60253978ad52f7c569875a8,6d0b1931aed2efcbb85bba30ea8080055176f3e42fe890fccf4a8ffe0c188350,1.805,0,72,56,2,58,14,80.55555555555556,86.48648648648648,94.11764705882354,100.0,76.36363636363636,80.48780487804878,892,15.379310344827585,0,0,0,0,8,0,0,0,0,0,5.6424,3.8615,5692,1229400,424,95,107,0.5953051643192488,3,1.556309,0.125529,153,9.369,22.949,37.166,49,0.559,3.029,0,0,0,0,0,0,
K8_R1.05_T1_H1_N3_S8001_EDGE_MARKET_inprocess,8001,8,1.05,1,1,N3,0.75,20.0,,EDGE_MARKET,inprocess,4bb33ccbebdab629fddf0f0f989e93782e386accf60253978ad52f7c569875a8,980dd662411e8d48122cc1dcfca9f233ed955e9daeb602232e50afb41b391464,0.326,0,72,53,3,56,16,77.77777777777777,83.78378378378379,88.23529411764706,100.0,74.54545454545455,73.17073170731707,878,15.678571428571429,0,0,0,0,7,0,0,0,0,0,5.6421,3.8615,4765,1304249,369,60,107,0.6012213740458016,3,0.02773,0.22240300000000002,153,0.048,0.14100000000000001,0.24600000000000002,940,0.45899999999999996,4.2379999999999995,0,28,0,0,0,0,
K4_R0.90_T1_H1_N3_S8001_STATIC_inprocess,8001,4,0.9,1,1,N3,0.75,20.0,,STATIC,inprocess,ad93469bb784c38bd130826c6615ccf2598eef9818b47854e43f1d1cfc1f6dde,7d8d9f02e183b7ace8a6d4c0b9f08c6536650625641af8db5d60f9c581c81fdf,0.071,0,31,24,1,25,6,80.64516129032258,77.19298245614036,60.0,50.0,90.47619047619048,81.25,345,13.8,0,0,0,0,3,0,0,0,0,0,5.6355,3.9502,1934,534752,126,26,97,0.3079470198675497,1,0.010855,0.035283,207,0.004,0.051,0.115,0,0.0,0.0,0,2,0,0,0,0,
K4_R0.90_T1_H1_N3_S8001_PERIODIC_inprocess,8001,4,0.9,1,1,N3,0.75,20.0,,PERIODIC,inprocess,ad93469bb784c38bd130826c6615ccf2598eef9818b47854e43f1d1cfc1f6dde,070345d20777e507c3d5e3e94bc8b32a74066d2194e0d15f31e42674f440a151,0.106,0,31,25,1,26,5,83.87096774193549,84.21052631578948,80.0,100.0,85.71428571428571,81.25,396,15.23076923076923,0,0,0,0,3,0,0,0,0,0,5.643,3.9502,2095,585372,124,23,97,0.33044733044733043,1,0.038077,0.039912,31,0.902,1.9789999999999999,2.024,0,0.0,0.0,0,1,0,0,0,0,
K4_R0.90_T1_H1_N3_S8001_CENTRAL_inprocess,8001,4,0.9,1,1,N3,0.75,20.0,,CENTRAL,inprocess,ad93469bb784c38bd130826c6615ccf2598eef9818b47854e43f1d1cfc1f6dde,e4a89526e2ba53ebe2c9ee05e1df68066af0cd7f68eabea34619d80a6ec67106,0.173,0,31,26,1,27,4,87.09677419354838,87.71929824561404,80.0,75.0,90.47619047619048,93.75,353,13.074074074074074,0,0,0,0,3,0,0,0,0,0,5.6626,3.9502,2296,586340,159,31,97,0.3166243654822335,1,0.103652,0.040552,77,1.254,2.942,3.522,0,0.0,0.0,0,1,0,0,0,0,
K4_R0.90_T1_H1_N3_S8001_CENTRAL_FB_inprocess,8001,4,0.9,1,1,N3,0.75,20.0,,CENTRAL_FB,inprocess,ad93469bb784c38bd130826c6615ccf2598eef9818b47854e43f1d1cfc1f6dde,9cd03d07b21d2fbd9464a592a2031c668b7fc01ee1260eb42377ff6bbe5dc7b8,0.214,0,31,25,1,26,5,83.87096774193549,85.96491228070175,90.0,100.0,80.95238095238095,100.0,386,14.846153846153847,0,0,0,0,3,0,0,0,0,0,5.656,3.9502,2272,584013,176,35,97,0.3690398432397126,0,0.122117,0.049990999999999994,80,1.618,2.978,8.129000000000001,24,0.081,0.34,0,0,0,0,0,0,
K4_R0.90_T1_H1_N3_S8001_CENTRAL_FOG_inprocess,8001,4,0.9,1,1,N3,0.75,20.0,,CENTRAL_FOG,inprocess,ad93469bb784c38bd130826c6615ccf2598eef9818b47854e43f1d1cfc1f6dde,2e7e5203a1132798606bf0cd37f135414788a602da1fabae68bba8305be55b1e,0.216,0,31,26,1,27,4,87.09677419354838,87.71929824561404,80.0,75.0,90.47619047619048,93.75,353,13.074074074074074,0,0,0,0,3,0,0,0,0,0,5.6626,3.9502,2296,586340,159,31,97,0.3166243654822335,1,0.127698,0.050308,77,1.571,3.656,4.207,0,0.0,0.0,0,1,0,0,0,0,
K4_R0.90_T1_H1_N3_S8001_HYBRID_inprocess,8001,4,0.9,1,1,N3,0.75,20.0,,HYBRID,inprocess,ad93469bb784c38bd130826c6615ccf2598eef9818b47854e43f1d1cfc1f6dde,a4a01824bfad9f46875a0774a343463662ebe756bc3936d49a87838cca4cb0aa,0.24,0,31,25,1,26,5,83.87096774193549,85.96491228070175,90.0,100.0,80.95238095238095,100.0,386,14.846153846153847,0,0,0,0,3,0,0,0,0,0,5.656,3.9502,2272,584013,176,35,97,0.3690398432397126,0,0.14035,0.055113,80,1.653,3.614,5.335,24,0.446,0.522,0,0,0,0,0,0,
K8_R1.05_T1_H1_N3_S8001_HYBRID_EAGER_inprocess,8001,8,1.05,1,1,N3,0.75,20.0,,HYBRID_EAGER,inprocess,4bb33ccbebdab629fddf0f0f989e93782e386accf60253978ad52f7c569875a8,f18cb73f8577040f7fe69d81ca3fb3cce485c426f36594fa0e9e0b149fdc511e,1.906,0,72,56,2,58,14,80.55555555555556,86.48648648648648,94.11764705882354,100.0,76.36363636363636,80.48780487804878,892,15.379310344827585,0,0,0,0,8,0,0,0,0,0,5.6424,3.8615,5692,1229223,424,95,107,0.5953051643192488,3,1.655973,0.12618100000000002,153,9.778,24.951999999999998,30.061999999999998,62,0.164,2.563,0,0,0,0,0,0,
K4_R0.90_T1_H1_N3_S8001_EDGE_MARKET_inprocess,8001,4,0.9,1,1,N3,0.75,20.0,,EDGE_MARKET,inprocess,ad93469bb784c38bd130826c6615ccf2598eef9818b47854e43f1d1cfc1f6dde,f3528c9ce3076bc8ae71be317be4037a7c3b800c485c7193b52aa63d751f0166,0.096,0,31,24,1,25,6,80.64516129032258,80.70175438596492,70.0,100.0,85.71428571428571,81.25,367,14.68,0,0,0,0,2,0,0,0,0,0,5.6593,3.9502,2076,584943,133,25,97,0.4653902798232695,0,0.011288,0.056207,70,0.027,0.041999999999999996,0.09899999999999999,198,0.379,2.472,0,5,0,0,0,0,
K4_R0.90_T1_H1_N3_S8001_HYBRID_EAGER_inprocess,8001,4,0.9,1,1,N3,0.75,20.0,,HYBRID_EAGER,inprocess,ad93469bb784c38bd130826c6615ccf2598eef9818b47854e43f1d1cfc1f6dde,d26ec622ffa17c7fd16245de51ff0032e78225cd5f60fe45cb514328077a9259,0.247,0,31,25,1,26,5,83.87096774193549,85.96491228070175,90.0,100.0,80.95238095238095,100.0,386,14.846153846153847,0,0,0,0,3,0,0,0,0,0,5.656,3.9502,2272,584013,176,35,97,0.3690398432397126,0,0.147383,0.057874999999999996,80,1.806,4.024,5.064,32,0.06899999999999999,0.442,0,0,0,0,0,0,
K16_R0.90_T1_H1_N3_S8001_STATIC_inprocess,8001,16,0.9,1,1,N3,0.75,20.0,,STATIC,inprocess,0c7a3e447ea3f34eeb7c6ff82eb25ffb78f4659c4e5d85973ab21cb6ac475a2f,97545b61c92c08ebecc5dda48077d6b4ceccd8f9da1ca2e4cfd56a82d6112788,0.442,0,123,93,3,96,27,78.04878048780488,70.55837563451777,44.44444444444444,42.857142857142854,91.95402298850574,80.76923076923077,1442,15.020833333333334,0,0,0,0,13,0,0,0,0,0,5.6672,3.8601,7712,2157093,548,81,98,0.3244160511080056,5,0.07819,0.19362400000000002,266,0.014,0.531,1.217,0,0.0,0.0,0,2,0,0,0,0,
K16_R0.90_T1_H1_N3_S8001_PERIODIC_inprocess,8001,16,0.9,1,1,N3,0.75,20.0,,PERIODIC,inprocess,0c7a3e447ea3f34eeb7c6ff82eb25ffb78f4659c4e5d85973ab21cb6ac475a2f,94962872202577b5f9d6f7339eb726e54ace8c7cc382159853a6da18a3bed3f1,1.164,0,123,90,4,94,29,76.42276422764228,83.248730964467,91.66666666666667,92.85714285714286,70.11494252873563,73.07692307692308,1672,17.78723404255319,2,2,0,0,12,0,0,0,0,0,5.6525,3.8601,8557,2217635,633,115,97,0.398471986417657,6,0.776466,0.19894799999999999,31,24.953,54.684999999999995,69.343,0,0.0,0.0,0,4,0,0,0,0,
K16_R0.90_T1_H1_N3_S8001_CENTRAL_inprocess,8001,16,0.9,1,1,N3,0.75,20.0,,CENTRAL,inprocess,0c7a3e447ea3f34eeb7c6ff82eb25ffb78f4659c4e5d85973ab21cb6ac475a2f,ce28669625a08db6cb6dd0c603f5aac4860f7347c68ad2ba32c754008a323c03,6.804,0,123,90,3,93,30,75.60975609756098,75.63451776649747,69.44444444444444,57.142857142857146,78.16091954022988,78.84615384615384,1551,16.677419354838708,0,0,0,0,12,0,0,0,0,0,5.6661,3.8601,13528,2688805,1261,239,108,0.5302891654465594,7,6.119121,0.27351800000000004,235,27.251,55.697,83.729,0,0.0,0.0,0,3,0,0,0,0,
K16_R0.90_T1_H1_N3_S8001_CENTRAL_FB_inprocess,8001,16,0.9,1,1,N3,0.75,20.0,,CENTRAL_FB,inprocess,0c7a3e447ea3f34eeb7c6ff82eb25ffb78f4659c4e5d85973ab21cb6ac475a2f,bedfbcd02976b72b59f161766c889b10eefb91449fd39446e9f47c9881b18a0b,6.924,0,123,89,2,91,32,73.98373983739837,77.15736040609137,77.77777777777777,64.28571428571429,72.41379310344827,76.92307692307692,1664,18.285714285714285,3,3,0,0,11,0,0,0,0,0,5.6688,3.8601,13695,2667679,1245,248,108,0.5178089584457636,5,6.323037,0.252466,248,28.371,55.546,78.013,85,0.124,2.627,0,1,0,0,0,0,
K16_R0.90_T1_H1_N3_S8001_CENTRAL_FOG_inprocess,8001,16,0.9,1,1,N3,0.75,20.0,,CENTRAL_FOG,inprocess,0c7a3e447ea3f34eeb7c6ff82eb25ffb78f4659c4e5d85973ab21cb6ac475a2f,7a4422aa0e583a0facbe13fca72cbff0f1fad781bc6380df6ec88ac134d34277,7.35,0,123,90,3,93,30,75.60975609756098,75.63451776649747,69.44444444444444,57.142857142857146,78.16091954022988,78.84615384615384,1551,16.677419354838708,0,0,0,0,12,0,0,0,0,0,5.6661,3.8601,13528,2688805,1261,239,108,0.5302891654465594,7,6.057889,0.264549,235,29.267999999999997,60.269999999999996,114.176,0,0.0,0.0,0,3,0,0,0,0,
K16_R0.90_T1_H1_N3_S8001_HYBRID_inprocess,8001,16,0.9,1,1,N3,0.75,20.0,,HYBRID,inprocess,0c7a3e447ea3f34eeb7c6ff82eb25ffb78f4659c4e5d85973ab21cb6ac475a2f,351823f62a70f0863a9b60837d5691186b8f30c48ed26eba73557d38481726ba,6.96,0,123,89,2,91,32,73.98373983739837,77.15736040609137,77.77777777777777,64.28571428571429,72.41379310344827,76.92307692307692,1664,18.285714285714285,3,3,0,0,11,0,0,0,0,0,5.6688,3.8601,13695,2667679,1245,248,108,0.5178089584457636,5,5.972075,0.260125,248,28.398,53.907999999999994,71.804,85,0.101,3.9610000000000003,0,1,0,0,0,0,
K16_R0.90_T1_H1_N3_S8001_EDGE_MARKET_inprocess,8001,16,0.9,1,1,N3,0.75,20.0,,EDGE_MARKET,inprocess,0c7a3e447ea3f34eeb7c6ff82eb25ffb78f4659c4e5d85973ab21cb6ac475a2f,519639754633201c2714b233656878a38fcedb28f7445256366361bdf84b86b1,0.933,0,123,92,2,94,29,76.42276422764228,81.21827411167513,88.88888888888889,92.85714285714286,71.26436781609195,76.92307692307692,1565,16.648936170212767,0,0,0,0,12,0,0,0,0,0,5.666,3.8601,10517,2764133,894,149,108,0.47232142857142856,6,0.067757,0.670979,186,0.10900000000000001,0.37,0.671,2825,0.46799999999999997,4.2589999999999995,0,51,0,0,0,0,
K8_R0.75_T1_H1_N1_S8002_STATIC_inprocess,8002,8,0.75,1,1,N1,0.98,3.0,,STATIC,inprocess,2e64e111bf9cc2055a182853edd98b5eefbeda48f989fda8057c6edd0dffbbe5,5eae7854fb673204ba623003776a9a392b8abf669908b70fc534aa3d287e8cf3,0.175,0,51,48,1,49,2,96.07843137254902,94.5945945945946,90.9090909090909,50.0,97.5,100.0,610,12.448979591836734,0,0,0,0,3,0,0,0,0,0,5.6281,3.9177,3846,1051305,66,32,2,0.0016203078584931137,0,0.028587,0.08418899999999999,98,0.006,0.174,0.255,0,0.0,0.0,0,1,0,0,0,0,
K8_R0.75_T1_H1_N1_S8002_PERIODIC_inprocess,8002,8,0.75,1,1,N1,0.98,3.0,,PERIODIC,inprocess,2e64e111bf9cc2055a182853edd98b5eefbeda48f989fda8057c6edd0dffbbe5,161ca54b0f9008ac41e35cf19b9c366a7a3d0f57ecd988dc22d2ba52cc26f702,0.343,0,51,49,1,50,1,98.03921568627452,98.64864864864865,100.0,100.0,97.5,100.0,598,11.96,0,0,0,0,3,0,0,0,0,0,5.6574,3.9177,4191,1067060,76,34,3,0.007650542941757157,2,0.184109,0.092312,31,1.938,16.503,21.639,0,0.0,0.0,0,1,0,0,0,0,
K8_R0.75_T1_H1_N1_S8002_CENTRAL_inprocess,8002,8,0.75,1,1,N1,0.98,3.0,,CENTRAL,inprocess,2e64e111bf9cc2055a182853edd98b5eefbeda48f989fda8057c6edd0dffbbe5,cf4073f58a0430789b7d3b4e60c45d1ffba86e85980af5e22c5a72c51e87eb8a,0.817,0,51,49,1,50,1,98.03921568627452,98.64864864864865,100.0,100.0,97.5,100.0,581,11.62,0,0,0,0,4,0,0,0,0,0,5.7039,3.9177,4782,1120735,84,52,4,0.014190496667383359,1,0.636762,0.1036,85,3.662,23.861,35.202999999999996,0,0.0,0.0,0,0,0,0,0,0,
K8_R0.75_T1_H1_N1_S8002_CENTRAL_FB_inprocess,8002,8,0.75,1,1,N1,0.98,3.0,,CENTRAL_FB,inprocess,2e64e111bf9cc2055a182853edd98b5eefbeda48f989fda8057c6edd0dffbbe5,e48162c60f6f57a9022bb6a5f9c0fce471cbeed1d8f272b9feb1f5986cbc1c30,0.747,0,51,49,1,50,1,98.03921568627452,98.64864864864865,100.0,100.0,97.5,100.0,581,11.62,0,0,0,0,4,0,0,0,0,0,5.7039,3.9177,4782,1120735,84,52,4,0.014190496667383359,1,0.551045,0.100905,85,3.621,18.842000000000002,28.257,2,0.013,0.013,0,0,0,0,0,0,
K8_R0.75_T1_H1_N1_S8002_CENTRAL_FOG_inprocess,8002,8,0.75,1,1,N1,0.98,3.0,,CENTRAL_FOG,inprocess,2e64e111bf9cc2055a182853edd98b5eefbeda48f989fda8057c6edd0dffbbe5,5be15c16e71c305b2061fec722916fed02205d78f710774c7dbda2c5bd782ccc,0.734,0,51,49,1,50,1,98.03921568627452,98.64864864864865,100.0,100.0,97.5,100.0,581,11.62,0,0,0,0,4,0,0,0,0,0,5.7039,3.9177,4782,1120735,84,52,4,0.014190496667383359,1,0.545362,0.09979800000000001,85,2.837,19.227,22.561999999999998,0,0.0,0.0,0,0,0,0,0,0,
K8_R0.75_T1_H1_N1_S8002_HYBRID_inprocess,8002,8,0.75,1,1,N1,0.98,3.0,,HYBRID,inprocess,2e64e111bf9cc2055a182853edd98b5eefbeda48f989fda8057c6edd0dffbbe5,390756f090596547ba7479b4b7d0bb6c37f031e69d2e2c71baea4a634aba67d6,0.733,0,51,49,1,50,1,98.03921568627452,98.64864864864865,100.0,100.0,97.5,100.0,581,11.62,0,0,0,0,4,0,0,0,0,0,5.7039,3.9177,4782,1120735,84,52,4,0.014190496667383359,1,0.542715,0.10248499999999999,85,3.9569999999999994,18.081,20.522,2,0.013,0.013,0,0,0,0,0,0,
K8_R0.75_T1_H1_N1_S8002_HYBRID_EAGER_inprocess,8002,8,0.75,1,1,N1,0.98,3.0,,HYBRID_EAGER,inprocess,2e64e111bf9cc2055a182853edd98b5eefbeda48f989fda8057c6edd0dffbbe5,2a709c0e58e49c2e26f39713b3c5a04c117585347b3cd263edab764cf2090b2f,0.619,0,51,49,1,50,1,98.03921568627452,98.64864864864865,100.0,100.0,97.5,100.0,581,11.62,0,0,0,0,4,0,0,0,0,0,5.7039,3.9177,4782,1120735,84,52,4,0.014190496667383359,1,0.442701,0.084472,85,2.848,16.295,21.885,16,0.036000000000000004,0.039,0,0,0,0,0,0,
K8_R0.75_T1_H1_N1_S8002_EDGE_MARKET_inprocess,8002,8,0.75,1,1,N1,0.98,3.0,,EDGE_MARKET,inprocess,2e64e111bf9cc2055a182853edd98b5eefbeda48f989fda8057c6edd0dffbbe5,80de3cccb538f7fa63b1c266f3eca8ddcfaf21c0fda745b43b900508758e16f1,0.193,0,51,48,1,49,2,96.07843137254902,97.29729729729729,100.0,100.0,95.0,96.15384615384616,647,13.204081632653061,0,0,0,0,4,0,0,0,0,0,5.658,3.9177,4067,1070562,80,33,2,0.004081632653061225,0,0.023126,0.100906,33,0.059,0.07200000000000001,0.11699999999999999,308,0.375,3.388,0,4,0,0,0,0,
K8_R1.05_T1_H1_N1_S8002_STATIC_inprocess,8002,8,1.05,1,1,N1,0.98,3.0,,STATIC,inprocess,baddd8d7b27f276f1e31b751c16da661e9900fac8c59cd72511c82fca52467ef,664ae27017c0bd477dd9805a8d5f69358c5da23e989c00e486c1064027631588,0.162,0,72,57,0,57,15,79.16666666666667,74.56140350877193,55.55555555555556,50.0,87.03703703703704,79.16666666666667,744,13.052631578947368,0,0,0,0,7,0,0,0,0,0,5.6844,3.8626,3874,1053088,89,46,3,0.0037705359547535685,0,0.030986,0.069957,266,0.006,0.183,0.309,0,0.0,0.0,0,1,0,0,0,0,
K8_R1.05_T1_H1_N1_S8002_PERIODIC_inprocess,8002,8,1.05,1,1,N1,0.98,3.0,,PERIODIC,inprocess,baddd8d7b27f276f1e31b751c16da661e9900fac8c59cd72511c82fca52467ef,de95fc219576f1b7e4d06712dca140aa1a78e30ebaf79f5ba09c233739d155a2,0.45,0,72,56,0,56,16,77.77777777777777,79.82456140350877,83.33333333333333,80.0,75.92592592592592,75.0,765,13.660714285714286,0,0,0,0,6,0,0,0,0,0,5.6444,3.8626,4386,1135160,88,53,3,0.006847697756788666,0,0.315113,0.07694400000000001,31,8.597000000000001,23.883000000000003,29.153,0,0.0,0.0,0,2,0,0,0,0,
K16_R0.90_T1_H1_N3_S8001_HYBRID_EAGER_inprocess,8001,16,0.9,1,1,N3,0.75,20.0,,HYBRID_EAGER,inprocess,0c7a3e447ea3f34eeb7c6ff82eb25ffb78f4659c4e5d85973ab21cb6ac475a2f,65b4f596c21cf57935c56120c1b03645fb16ae61aebc72b1f855f9460df7e8a0,7.588,0,123,91,2,93,30,75.60975609756098,80.71065989847716,88.88888888888889,78.57142857142857,70.11494252873563,82.6923076923077,1599,17.193548387096776,0,0,0,0,10,0,0,0,0,0,6.2328,3.8601,13919,2688890,1295,221,108,0.5420502832861189,9,6.684188,0.29988,247,29.953,58.585,102.595,119,0.11900000000000001,2.575,0,0,0,0,0,0,
K8_R1.05_T1_H1_N1_S8002_CENTRAL_inprocess,8002,8,1.05,1,1,N1,0.98,3.0,,CENTRAL,inprocess,baddd8d7b27f276f1e31b751c16da661e9900fac8c59cd72511c82fca52467ef,25eb91faeb42c2257c1446cf40f3bcac13a4888d8cb1ff1d1a6d393f53e6e312,2.336,0,72,57,0,57,15,79.16666666666667,85.96491228070175,94.44444444444444,100.0,74.07407407407408,87.5,739,12.964912280701755,0,0,0,0,7,0,0,0,0,0,5.6568,3.8626,5947,1246219,123,64,6,0.0182916307161346,0,1.957879,0.10313500000000002,135,15.796000000000001,30.291999999999998,90.571,0,0.0,0.0,0,0,0,0,0,0,
K8_R1.05_T1_H1_N1_S8002_CENTRAL_FB_inprocess,8002,8,1.05,1,1,N1,0.98,3.0,,CENTRAL_FB,inprocess,baddd8d7b27f276f1e31b751c16da661e9900fac8c59cd72511c82fca52467ef,848c4a87f1bd4fa88d25dde784febe6061bce5ed71299b77545b7d27accbc78a,2.532,0,72,57,0,57,15,79.16666666666667,85.96491228070175,94.44444444444444,100.0,74.07407407407408,87.5,739,12.964912280701755,0,0,0,0,7,0,0,0,0,0,5.6568,3.8626,5947,1246219,123,64,6,0.0182916307161346,0,2.077717,0.118503,135,15.79,30.259,84.605,0,0.0,0.0,0,0,0,0,0,0,
K8_R1.05_T1_H1_N1_S8002_CENTRAL_FOG_inprocess,8002,8,1.05,1,1,N1,0.98,3.0,,CENTRAL_FOG,inprocess,baddd8d7b27f276f1e31b751c16da661e9900fac8c59cd72511c82fca52467ef,1333a51d5605473530ad827e6de94c02a0affe5c0c5da799cb374c875515777f,2.406,0,72,57,0,57,15,79.16666666666667,85.96491228070175,94.44444444444444,100.0,74.07407407407408,87.5,739,12.964912280701755,0,0,0,0,7,0,0,0,0,0,5.6568,3.8626,5947,1246219,123,64,6,0.0182916307161346,0,2.167448,0.11879500000000001,135,15.611,32.304,54.673,0,0.0,0.0,0,0,0,0,0,0,
K8_R1.05_T1_H1_N1_S8002_HYBRID_inprocess,8002,8,1.05,1,1,N1,0.98,3.0,,HYBRID,inprocess,baddd8d7b27f276f1e31b751c16da661e9900fac8c59cd72511c82fca52467ef,8e8c0c91815d032beff786e58987d14b306bf6a61ad7d98b8cf14957a8169437,2.2,0,72,57,0,57,15,79.16666666666667,85.96491228070175,94.44444444444444,100.0,74.07407407407408,87.5,739,12.964912280701755,0,0,0,0,7,0,0,0,0,0,5.6568,3.8626,5947,1246219,123,64,6,0.0182916307161346,0,1.980043,0.106376,135,13.959,31.067999999999998,48.410000000000004,0,0.0,0.0,0,0,0,0,0,0,
K8_R1.05_T1_H1_N1_S8002_EDGE_MARKET_inprocess,8002,8,1.05,1,1,N1,0.98,3.0,,EDGE_MARKET,inprocess,baddd8d7b27f276f1e31b751c16da661e9900fac8c59cd72511c82fca52467ef,86afcc273dbc78f386bd64287b3d375e94558861c211695706366147ed388bca,0.437,0,72,56,0,56,16,77.77777777777777,78.0701754385965,72.22222222222223,70.0,79.62962962962963,91.66666666666667,794,14.178571428571429,0,0,0,0,6,0,0,0,0,0,7.7074,3.8626,5081,1339347,100,59,3,0.014557217953902144,0,0.041732,0.30494,130,0.08,0.221,0.643,1218,0.477,4.589,0,25,0,0,0,0,
K4_R0.90_T1_H1_N1_S8002_STATIC_inprocess,8002,4,0.9,1,1,N1,0.98,3.0,,STATIC,inprocess,8c4a55b627b9a0852719de97497012e2fb2c9a35dfab2ed87d6560cea8cef0bc,d121de49ab3d64b860ec6b4afd32312c8e4ef0c43b89ab272ede1a549a54fd8f,0.1,0,31,20,0,20,11,64.51612903225806,54.3859649122807,33.333333333333336,16.666666666666668,84.21052631578948,76.92307692307692,239,11.95,0,0,0,0,4,0,0,0,0,0,5.6394,3.9372,1939,537465,40,22,1,0.0031914893617021275,0,0.017752,0.042890000000000005,189,0.006,0.107,0.23900000000000002,0,0.0,0.0,0,6,0,0,0,0,
K4_R0.90_T1_H1_N1_S8002_PERIODIC_inprocess,8002,4,0.9,1,1,N1,0.98,3.0,,PERIODIC,inprocess,8c4a55b627b9a0852719de97497012e2fb2c9a35dfab2ed87d6560cea8cef0bc,4c1897cf0e9957da7df297d21047c44bfa77995c2adb3cb24516d2a2965ded39,0.179,0,31,22,0,22,9,70.96774193548387,77.19298245614036,83.33333333333333,83.33333333333333,63.1578947368421,69.23076923076923,272,12.363636363636363,0,0,0,0,4,0,0,0,0,0,5.6557,3.9372,2182,586921,42,23,2,0.007075471698113208,0,0.098932,0.046151000000000005,31,2.886,5.737,6.475,0,0.0,0.0,0,0,0,0,0,0,
K4_R0.90_T1_H1_N1_S8002_CENTRAL_inprocess,8002,4,0.9,1,1,N1,0.98,3.0,,CENTRAL,inprocess,8c4a55b627b9a0852719de97497012e2fb2c9a35dfab2ed87d6560cea8cef0bc,efa34bd7d53cf89a08fd7ed8a35cb83dd1b36ac964cdca7d5a4d859e41bc0583,0.35,0,31,21,0,21,10,67.74193548387096,68.42105263157895,66.66666666666667,50.0,68.42105263157895,69.23076923076923,259,12.333333333333334,0,0,0,0,2,0,0,0,0,0,5.7795,3.9372,2411,591282,33,17,1,0.008449514152936205,0,0.259739,0.051285,69,3.9610000000000003,6.602,8.326,0,0.0,0.0,0,0,0,0,0,0,
K4_R0.90_T1_H1_N1_S8002_CENTRAL_FB_inprocess,8002,4,0.9,1,1,N1,0.98,3.0,,CENTRAL_FB,inprocess,8c4a55b627b9a0852719de97497012e2fb2c9a35dfab2ed87d6560cea8cef0bc,ea82fd30d0932064ad85081665811000bafeab9fa368c6505b52e9af7ea3bda2,0.356,0,31,21,0,21,10,67.74193548387096,68.42105263157895,66.66666666666667,50.0,68.42105263157895,69.23076923076923,259,12.333333333333334,0,0,0,0,2,0,0,0,0,0,5.7795,3.9372,2411,591282,33,17,1,0.008449514152936205,0,0.259942,0.049196000000000004,69,4.063,8.234,10.969,0,0.0,0.0,0,0,0,0,0,0,
K4_R0.90_T1_H1_N1_S8002_CENTRAL_FOG_inprocess,8002,4,0.9,1,1,N1,0.98,3.0,,CENTRAL_FOG,inprocess,8c4a55b627b9a0852719de97497012e2fb2c9a35dfab2ed87d6560cea8cef0bc,60b1cf4f7099c4d892f3c3832591f7d545bb5b1f766c7af193d35ee54a59c13b,0.297,0,31,21,0,21,10,67.74193548387096,68.42105263157895,66.66666666666667,50.0,68.42105263157895,69.23076923076923,259,12.333333333333334,0,0,0,0,2,0,0,0,0,0,5.7795,3.9372,2411,591282,33,17,1,0.008449514152936205,0,0.218013,0.043187,69,3.457,5.758,6.779,0,0.0,0.0,0,0,0,0,0,0,
K4_R0.90_T1_H1_N1_S8002_HYBRID_inprocess,8002,4,0.9,1,1,N1,0.98,3.0,,HYBRID,inprocess,8c4a55b627b9a0852719de97497012e2fb2c9a35dfab2ed87d6560cea8cef0bc,f9edbfd1b229e73f1e611cd0d01e2ca8834c9a9a0f5a82972adaeb259cbabc3b,0.317,0,31,21,0,21,10,67.74193548387096,68.42105263157895,66.66666666666667,50.0,68.42105263157895,69.23076923076923,259,12.333333333333334,0,0,0,0,2,0,0,0,0,0,5.7795,3.9372,2411,591282,33,17,1,0.008449514152936205,0,0.233559,0.046757,69,3.6229999999999998,5.636,7.273,0,0.0,0.0,0,0,0,0,0,0,
K8_R1.05_T1_H1_N1_S8002_HYBRID_EAGER_inprocess,8002,8,1.05,1,1,N1,0.98,3.0,,HYBRID_EAGER,inprocess,baddd8d7b27f276f1e31b751c16da661e9900fac8c59cd72511c82fca52467ef,7afe25c0ecfd222635ac9f8fc4e1da9d00f753515a07bd1da07caed17811fc56,2.794,0,72,57,0,57,15,79.16666666666667,85.08771929824562,100.0,100.0,72.22222222222223,75.0,767,13.456140350877194,0,0,0,0,6,0,0,0,0,0,5.6581,3.8626,6181,1301008,110,63,6,0.019821605550049554,0,2.534539,0.131129,132,20.115000000000002,37.926,49.775,12,0.111,2.8240000000000003,0,0,0,0,0,0,
K4_R0.90_T1_H1_N1_S8002_HYBRID_EAGER_inprocess,8002,4,0.9,1,1,N1,0.98,3.0,,HYBRID_EAGER,inprocess,8c4a55b627b9a0852719de97497012e2fb2c9a35dfab2ed87d6560cea8cef0bc,db0bdda3c93c5ad501419db7c81c24d99ab33f3a6b5c0c91269228192ee4c61d,0.332,0,31,21,0,21,10,67.74193548387096,68.42105263157895,66.66666666666667,50.0,68.42105263157895,69.23076923076923,259,12.333333333333334,0,0,0,0,2,0,0,0,0,0,5.7795,3.9372,2411,591270,33,17,1,0.008449514152936205,0,0.242083,0.049431,69,3.675,6.505999999999999,10.719,5,0.041,0.041,0,0,0,0,0,0,
K4_R0.90_T1_H1_N1_S8002_EDGE_MARKET_inprocess,8002,4,0.9,1,1,N1,0.98,3.0,,EDGE_MARKET,inprocess,8c4a55b627b9a0852719de97497012e2fb2c9a35dfab2ed87d6560cea8cef0bc,841269970c28ad11e98b5646c7074ced1fd493ee14f3dcbf7eefd6a88e426ee7,0.145,0,31,23,0,23,8,74.19354838709677,80.70175438596492,83.33333333333333,100.0,68.42105263157895,76.92307692307692,294,12.782608695652174,0,0,0,0,4,0,0,0,0,0,5.6652,3.9846,2251,600847,41,34,3,0.008644222020018199,0,0.019604,0.087966,88,0.041999999999999996,0.112,0.13699999999999998,348,0.508,3.378,0,12,0,0,0,0,
K16_R0.90_T1_H1_N1_S8002_STATIC_inprocess,8002,16,0.9,1,1,N1,0.98,3.0,,STATIC,inprocess,2833c33330c18bb97ee9211458303034126c5c8fde130340719ec45b02e8515a,3b317aedd3777cf465b6c86ffdcf4de527e8de9afa5c0c0df0a600d8aa210128,0.477,0,123,99,3,102,21,82.92682926829268,78.1094527363184,66.66666666666667,46.666666666666664,88.88888888888889,83.63636363636364,1400,13.72549019607843,0,0,0,0,14,0,0,0,0,0,6.6321,3.8679,7730,2113085,152,78,4,0.0030980603448275863,1,0.085021,0.21363900000000005,250,0.01,0.508,0.744,0,0.0,0.0,0,5,0,0,0,0,
K16_R0.90_T1_H1_N1_S8002_PERIODIC_inprocess,8002,16,0.9,1,1,N1,0.98,3.0,,PERIODIC,inprocess,2833c33330c18bb97ee9211458303034126c5c8fde130340719ec45b02e8515a,59ec05f04a91d9cac49643b78bd951ba708200e3c6768bf4849c671be827ef39,1.115,0,123,99,3,102,21,82.92682926829268,86.06965174129353,84.84848484848484,93.33333333333333,82.22222222222223,81.81818181818181,1662,16.294117647058822,0,0,0,0,14,0,0,0,0,0,5.6567,3.8679,8816,2235647,169,80,6,0.011494252873563218,1,0.751968,0.19227999999999995,31,20.074,49.061,79.013,0,0.0,0.0,0,1,0,0,0,0,
K16_R0.90_T1_H1_N1_S8002_CENTRAL_inprocess,8002,16,0.9,1,1,N1,0.98,3.0,,CENTRAL,inprocess,2833c33330c18bb97ee9211458303034126c5c8fde130340719ec45b02e8515a,494382b1bedc312e985bc8290f8befaf9181c4da7f4178b1e9a92438e940d536,6.439,0,123,100,3,103,20,83.73983739837398,86.06965174129353,87.87878787878788,86.66666666666667,82.22222222222223,85.45454545454545,1508,14.640776699029127,0,0,0,0,13,0,0,0,0,0,5.6717,3.8679,13470,2661594,265,123,10,0.030529736265397112,0,5.665957,0.269174,183,33.292,59.995,82.553,0,0.0,0.0,0,1,0,0,0,0,
K16_R0.90_T1_H1_N1_S8002_CENTRAL_FB_inprocess,8002,16,0.9,1,1,N1,0.98,3.0,,CENTRAL_FB,inprocess,2833c33330c18bb97ee9211458303034126c5c8fde130340719ec45b02e8515a,11d83978049ba480d3257b7f1c99851d522de9d922b46b238bc92619c4bd3dd1,6.373,0,123,100,3,103,20,83.73983739837398,86.06965174129353,87.87878787878788,86.66666666666667,82.22222222222223,85.45454545454545,1508,14.640776699029127,0,0,0,0,13,0,0,0,0,0,5.6717,3.8679,13470,2661594,265,123,10,0.030529736265397112,0,5.524853,0.263073,183,31.48,63.10300000000001,83.438,2,0.014,0.014,0,1,0,0,0,0,
K16_R0.90_T1_H1_N1_S8002_CENTRAL_FOG_inprocess,8002,16,0.9,1,1,N1,0.98,3.0,,CENTRAL_FOG,inprocess,2833c33330c18bb97ee9211458303034126c5c8fde130340719ec45b02e8515a,f5415dd9c0aade6eddeb4c8e7db131dd579726473b215a90ee15d231a47ca89e,6.167,0,123,100,3,103,20,83.73983739837398,86.06965174129353,87.87878787878788,86.66666666666667,82.22222222222223,85.45454545454545,1508,14.640776699029127,0,0,0,0,13,0,0,0,0,0,5.6717,3.8679,13470,2661594,265,123,10,0.030529736265397112,0,5.594158,0.261799,183,32.627,58.175,68.568,0,0.0,0.0,0,1,0,0,0,0,
K16_R0.90_T1_H1_N1_S8002_HYBRID_inprocess,8002,16,0.9,1,1,N1,0.98,3.0,,HYBRID,inprocess,2833c33330c18bb97ee9211458303034126c5c8fde130340719ec45b02e8515a,781cc73ead2540d74ab4647b8269d36324466ad22343d6c9780c3af3ce34bc2d,6.354,0,123,100,3,103,20,83.73983739837398,86.06965174129353,87.87878787878788,86.66666666666667,82.22222222222223,85.45454545454545,1508,14.640776699029127,0,0,0,0,13,0,0,0,0,0,5.6717,3.8679,13470,2661594,265,123,10,0.030529736265397112,0,5.520155,0.261861,183,32.79,58.67,189.07299999999998,2,0.012,0.012,0,1,0,0,0,0,
K16_R0.90_T1_H1_N1_S8002_EDGE_MARKET_inprocess,8002,16,0.9,1,1,N1,0.98,3.0,,EDGE_MARKET,inprocess,2833c33330c18bb97ee9211458303034126c5c8fde130340719ec45b02e8515a,2895f872f1d7986d3136d5cdf1e07a9ebd5eb0bf1548316b5e1082d1c0a1650c,0.945,0,123,97,2,99,24,80.48780487804878,82.08955223880596,84.84848484848484,80.0,78.88888888888889,83.63636363636364,1522,15.373737373737374,0,0,0,0,12,0,0,0,0,0,5.6776,3.8679,10562,2695496,235,110,10,0.020642648490749756,2,0.081994,0.616958,173,0.13999999999999999,0.40900000000000003,0.8360000000000001,2784,0.48899999999999993,6.798,0,44,0,0,0,0,
K8_R0.75_T1_H1_N3_S8002_STATIC_inprocess,8002,8,0.75,1,1,N3,0.75,20.0,,STATIC,inprocess,396045bfab94060f07474cc1fb6615c4e3584487293c3a546b4f4c2815d6a515,9828f21f27a6c950df964487ce7b8403883184fc6c4e5976abaa4e81bd449d69,0.156,0,51,47,1,48,3,94.11764705882354,91.89189189189189,81.81818181818181,50.0,97.5,96.15384615384616,578,12.041666666666666,0,0,0,0,3,0,0,0,0,0,5.724,3.9177,3846,1052952,290,53,74,0.2270345791128187,3,0.022562,0.07886600000000002,98,0.006,0.16799999999999998,0.217,0,0.0,0.0,0,1,0,0,0,0,
K8_R0.75_T1_H1_N3_S8002_PERIODIC_inprocess,8002,8,0.75,1,1,N3,0.75,20.0,,PERIODIC,inprocess,396045bfab94060f07474cc1fb6615c4e3584487293c3a546b4f4c2815d6a515,275f5a04ecc92a6f718f28290e5ffb18c31053bc1b9b7341cc41e824f9667790,0.249,0,51,49,1,50,1,98.03921568627452,98.64864864864865,100.0,100.0,97.5,100.0,651,13.02,0,0,0,0,2,0,0,0,0,0,5.6552,3.9177,4154,1087324,375,52,74,0.23353483932548522,6,0.121462,0.073436,31,1.36,9.235999999999999,13.213000000000001,0,0.0,0.0,0,1,0,0,0,0,
K8_R0.75_T1_H1_N3_S8002_CENTRAL_inprocess,8002,8,0.75,1,1,N3,0.75,20.0,,CENTRAL,inprocess,396045bfab94060f07474cc1fb6615c4e3584487293c3a546b4f4c2815d6a515,c95595241725c2b08ce48620240e713f282b30e7557e217b88cffe48672a7f08,0.596,0,51,49,1,50,1,98.03921568627452,98.64864864864865,100.0,100.0,97.5,100.0,626,12.52,0,0,0,0,2,0,0,0,0,0,5.6552,3.9177,4866,1106406,420,75,74,0.2425103305785124,5,0.413846,0.097462,114,2.3240000000000003,10.357999999999999,12.116999999999999,0,0.0,0.0,0,0,0,0,0,0,
K8_R0.75_T1_H1_N3_S8002_CENTRAL_FB_inprocess,8002,8,0.75,1,1,N3,0.75,20.0,,CENTRAL_FB,inprocess,396045bfab94060f07474cc1fb6615c4e3584487293c3a546b4f4c2815d6a515,f7faba1bc0a02d331359320d4dd68b9d95552f8f572abab4adc712a172c9b5d9,0.661,0,51,49,1,50,1,98.03921568627452,98.64864864864865,100.0,100.0,97.5,100.0,626,12.52,0,0,0,0,2,0,0,0,0,0,5.6552,3.9177,4866,1106406,420,75,74,0.2425103305785124,5,0.47255,0.090535,114,2.523,11.982,15.865,37,0.092,0.44499999999999995,0,0,0,0,0,0,
K8_R0.75_T1_H1_N3_S8002_CENTRAL_FOG_inprocess,8002,8,0.75,1,1,N3,0.75,20.0,,CENTRAL_FOG,inprocess,396045bfab94060f07474cc1fb6615c4e3584487293c3a546b4f4c2815d6a515,98bd091811c69bad8b9d6363e19c8913f71464c5b7f3027d09def2820c1f5d49,0.659,0,51,49,1,50,1,98.03921568627452,98.64864864864865,100.0,100.0,97.5,100.0,626,12.52,0,0,0,0,2,0,0,0,0,0,5.6552,3.9177,4866,1106406,420,75,74,0.2425103305785124,5,0.473496,0.094679,114,2.8449999999999998,11.218,20.375,0,0.0,0.0,0,0,0,0,0,0,
K8_R0.75_T1_H1_N3_S8002_HYBRID_inprocess,8002,8,0.75,1,1,N3,0.75,20.0,,HYBRID,inprocess,396045bfab94060f07474cc1fb6615c4e3584487293c3a546b4f4c2815d6a515,ceb7535405d5213d9a0db68ae704fada611dd7a873d573a05021a456644efd9e,0.668,0,51,49,1,50,1,98.03921568627452,98.64864864864865,100.0,100.0,97.5,100.0,626,12.52,0,0,0,0,2,0,0,0,0,0,5.6552,3.9177,4866,1106406,420,75,74,0.2425103305785124,5,0.473712,0.09946100000000001,114,2.96,11.706,15.149,37,0.081,6.021999999999999,0,0,0,0,0,0,
K8_R0.75_T1_H1_N3_S8002_HYBRID_EAGER_inprocess,8002,8,0.75,1,1,N3,0.75,20.0,,HYBRID_EAGER,inprocess,396045bfab94060f07474cc1fb6615c4e3584487293c3a546b4f4c2815d6a515,2331044122e3ef7e20d4cc9d98c5a68280ee1a6498980644c440f5edfc5db9da,0.699,0,51,49,1,50,1,98.03921568627452,98.64864864864865,100.0,100.0,97.5,100.0,589,11.78,0,0,0,0,3,0,0,0,0,0,5.6569,3.9177,4809,1119149,421,79,74,0.23848167539267015,6,0.480029,0.10791500000000001,110,3.464,12.322,21.447999999999997,50,0.08399999999999999,2.854,0,0,0,0,0,0,
K16_R0.90_T1_H1_N1_S8002_HYBRID_EAGER_inprocess,8002,16,0.9,1,1,N1,0.98,3.0,,HYBRID_EAGER,inprocess,2833c33330c18bb97ee9211458303034126c5c8fde130340719ec45b02e8515a,5581796a01d2dbd2250c3757cc362aa3ec938691fac216a8db96c29b5eb2cbf0,5.788,0,123,103,2,105,18,85.36585365853658,87.56218905472637,90.9090909090909,86.66666666666667,83.33333333333333,87.27272727272727,1484,14.133333333333333,0,0,0,0,13,0,0,0,0,0,5.6805,3.8679,12847,2598602,241,126,10,0.028836251287332648,0,5.2105,0.283458,173,30.165999999999997,58.147999999999996,83.221,26,0.058,0.17,0,0,0,0,0,0,
K8_R0.75_T1_H1_N3_S8002_EDGE_MARKET_inprocess,8002,8,0.75,1,1,N3,0.75,20.0,,EDGE_MARKET,inprocess,396045bfab94060f07474cc1fb6615c4e3584487293c3a546b4f4c2815d6a515,720b41a7645a1fe5ecdd728d895f5cb2386840335ad467da5772e6e5f5fdf8dd,0.215,0,51,47,1,48,3,94.11764705882354,93.24324324324324,90.9090909090909,50.0,95.0,96.15384615384616,696,14.5,0,0,0,0,5,0,0,0,0,0,5.7064,3.9177,4029,1088400,355,64,74,0.24444444444444444,5,0.023763,0.126066,27,0.061,0.096,0.098,278,0.474,2.991,0,3,0,0,0,0,
K8_R1.05_T1_H1_N3_S8002_STATIC_inprocess,8002,8,1.05,1,1,N3,0.75,20.0,,STATIC,inprocess,dcd1ad7d50c65f51333a4c278067bc8933a6a40a08e1afa12ccc63ac26199af7,4de456db7bce87bd686d47298580b165ccb828fb446b7784cbb053e2db4c22ce,0.209,0,72,57,0,57,15,79.16666666666667,73.6842105263158,55.55555555555556,50.0,87.03703703703704,75.0,699,12.263157894736842,0,0,0,0,5,0,0,0,0,0,5.6764,3.8626,3874,1049341,313,66,74,0.2039037992331823,4,0.036357,0.097588,251,0.008,0.21000000000000002,1.091,0,0.0,0.0,0,0,0,0,0,0,
K8_R1.05_T1_H1_N3_S8002_PERIODIC_inprocess,8002,8,1.05,1,1,N3,0.75,20.0,,PERIODIC,inprocess,dcd1ad7d50c65f51333a4c278067bc8933a6a40a08e1afa12ccc63ac26199af7,2e6e67004ac3cc161a962d7f130cd43e207d0af17989d96f0e05b299d42b6cee,0.579,0,72,56,0,56,16,77.77777777777777,82.45614035087719,94.44444444444444,90.0,72.22222222222223,79.16666666666667,776,13.857142857142858,0,0,0,0,5,0,0,0,0,0,6.0634,3.8626,4348,1126934,385,58,74,0.23892215568862277,7,0.398373,0.097738,31,13.485000000000001,29.008,40.209,0,0.0,0.0,0,0,0,0,0,0,
K8_R1.05_T1_H1_N3_S8002_CENTRAL_inprocess,8002,8,1.05,1,1,N3,0.75,20.0,,CENTRAL,inprocess,dcd1ad7d50c65f51333a4c278067bc8933a6a40a08e1afa12ccc63ac26199af7,4d67ad4d9d7a02ba402e8c8ab4967609024ccd13d347c0e3df1b6c99ffb62d42,2.466,0,72,57,0,57,15,79.16666666666667,83.33333333333333,88.88888888888889,90.0,75.92592592592592,79.16666666666667,767,13.456140350877194,0,0,0,0,6,0,0,0,0,0,5.6598,3.8626,6689,1314607,644,130,74,0.2861125631643143,5,2.21972,0.11842499999999999,181,11.081999999999999,25.296,51.786,0,0.0,0.0,0,0,0,0,0,0,
K8_R1.05_T1_H1_N3_S8002_CENTRAL_FB_inprocess,8002,8,1.05,1,1,N3,0.75,20.0,,CENTRAL_FB,inprocess,dcd1ad7d50c65f51333a4c278067bc8933a6a40a08e1afa12ccc63ac26199af7,0704c70f3885ec682c6e4f821a1bde2e6ffca370bc31b4da6c8a7f954aaac8a8,2.347,0,72,55,0,55,17,76.38888888888889,83.33333333333333,94.44444444444444,100.0,70.37037037037037,66.66666666666667,700,12.727272727272727,0,0,0,0,4,0,0,0,0,0,5.643,3.8626,6231,1284774,580,108,74,0.29226686884003034,3,2.058924,0.11349899999999999,167,11.582,29.983,37.539,32,0.098,3.261,0,0,0,0,0,0,
K8_R1.05_T1_H1_N3_S8002_CENTRAL_FOG_inprocess,8002,8,1.05,1,1,N3,0.75,20.0,,CENTRAL_FOG,inprocess,dcd1ad7d50c65f51333a4c278067bc8933a6a40a08e1afa12ccc63ac26199af7,57efa3d1ced312cca8183820d21dffca754072a245a3b7d3742d4658a77b4644,2.445,0,72,57,0,57,15,79.16666666666667,83.33333333333333,88.88888888888889,90.0,75.92592592592592,79.16666666666667,767,13.456140350877194,0,0,0,0,6,0,0,0,0,0,5.6598,3.8626,6689,1314607,644,130,74,0.2861125631643143,5,2.160668,0.11597800000000001,181,11.725,25.473,51.857,0,0.0,0.0,0,0,0,0,0,0,
K8_R1.05_T1_H1_N3_S8002_HYBRID_inprocess,8002,8,1.05,1,1,N3,0.75,20.0,,HYBRID,inprocess,dcd1ad7d50c65f51333a4c278067bc8933a6a40a08e1afa12ccc63ac26199af7,8b1d4e5b8c3dd6577f7257aedd2ce4bd638f0ec1ace04a37e8008be21745e03e,2.564,0,72,55,0,55,17,76.38888888888889,83.33333333333333,94.44444444444444,100.0,70.37037037037037,66.66666666666667,700,12.727272727272727,0,0,0,0,4,0,0,0,0,0,5.643,3.8626,6231,1284774,580,108,74,0.29226686884003034,3,2.171917,0.120742,167,13.37,30.631999999999998,43.921,32,0.089,2.777,0,0,0,0,0,0,
K8_R1.05_T1_H1_N3_S8002_EDGE_MARKET_inprocess,8002,8,1.05,1,1,N3,0.75,20.0,,EDGE_MARKET,inprocess,dcd1ad7d50c65f51333a4c278067bc8933a6a40a08e1afa12ccc63ac26199af7,3f15271fa9f64cf1789b83f50ed419e2e1906143982073aadc266c82c7c708e2,0.333,0,72,52,0,52,20,72.22222222222223,74.56140350877193,77.77777777777777,80.0,70.37037037037037,66.66666666666667,820,15.76923076923077,0,0,0,0,4,0,0,0,0,0,5.6785,3.8626,5158,1348996,438,77,74,0.2954110898661568,3,0.029751,0.23292600000000005,175,0.056,0.164,0.215,1320,0.393,7.109,0,31,0,0,0,0,
K4_R0.90_T1_H1_N3_S8002_STATIC_inprocess,8002,4,0.9,1,1,N3,0.75,20.0,,STATIC,inprocess,bed24c724fc1c240a9e17692c03331eefc854477729352ecd8d3a4432e87e5c5,35572b5a008b1bb901776ba5291df6907323460b836f4539e98069de1d2ceabb,0.075,0,31,22,0,22,9,70.96774193548387,66.66666666666667,58.333333333333336,50.0,78.94736842105263,92.3076923076923,283,12.863636363636363,0,0,0,0,4,0,0,0,0,0,5.648,3.9372,1933,540956,168,23,6,0.00821917808219178,1,0.012261,0.034811,194,0.004,0.081,0.148,0,0.0,0.0,0,2,0,0,0,0,
K4_R0.90_T1_H1_N3_S8002_PERIODIC_inprocess,8002,4,0.9,1,1,N3,0.75,20.0,,PERIODIC,inprocess,bed24c724fc1c240a9e17692c03331eefc854477729352ecd8d3a4432e87e5c5,afb56050328496443b829db1c0518dd5558c3e6a2918849dd52b507ecb58df0b,0.165,0,31,22,0,22,9,70.96774193548387,73.6842105263158,66.66666666666667,66.66666666666667,73.6842105263158,76.92307692307692,280,12.727272727272727,0,0,0,0,2,0,0,0,0,0,5.6382,3.9372,2135,569122,192,38,39,0.06670673076923077,3,0.08539,0.04408399999999999,31,2.463,5.08,6.521,0,0.0,0.0,0,0,0,0,0,0,
K4_R0.90_T1_H1_N3_S8002_CENTRAL_inprocess,8002,4,0.9,1,1,N3,0.75,20.0,,CENTRAL,inprocess,bed24c724fc1c240a9e17692c03331eefc854477729352ecd8d3a4432e87e5c5,8c734ba0d12b01c5293aa124b592f5028cb07620d5f8ad0dd9ad7ffd4fb1fb01,0.392,0,31,23,0,23,8,74.19354838709677,80.70175438596492,83.33333333333333,100.0,68.42105263157895,76.92307692307692,296,12.869565217391305,0,0,0,0,4,0,0,0,0,0,5.6482,3.9372,2573,612933,235,41,19,0.13610586011342155,1,0.303908,0.045178,99,3.3019999999999996,5.469,8.307,0,0.0,0.0,0,0,0,0,0,0,
K4_R0.90_T1_H1_N3_S8002_CENTRAL_FB_inprocess,8002,4,0.9,1,1,N3,0.75,20.0,,CENTRAL_FB,inprocess,bed24c724fc1c240a9e17692c03331eefc854477729352ecd8d3a4432e87e5c5,4874bdc0bd907b68b15c662dfbf7309181fc7b66eb85ea26e0e7accf98551b00,0.353,0,31,23,0,23,8,74.19354838709677,80.70175438596492,83.33333333333333,100.0,68.42105263157895,76.92307692307692,296,12.869565217391305,0,0,0,0,4,0,0,0,0,0,5.6482,3.9372,2573,612933,235,41,19,0.13610586011342155,1,0.270324,0.042492,99,2.972,4.866,6.630999999999999,11,0.022,0.022,0,0,0,0,0,0,
K4_R0.90_T1_H1_N3_S8002_CENTRAL_FOG_inprocess,8002,4,0.9,1,1,N3,0.75,20.0,,CENTRAL_FOG,inprocess,bed24c724fc1c240a9e17692c03331eefc854477729352ecd8d3a4432e87e5c5,222abde0aed921ba8bfeda9153dbff59383489cda8976d2a1ed03f0714925fd4,0.404,0,31,23,0,23,8,74.19354838709677,80.70175438596492,83.33333333333333,100.0,68.42105263157895,76.92307692307692,296,12.869565217391305,0,0,0,0,4,0,0,0,0,0,5.6482,3.9372,2573,612933,235,41,19,0.13610586011342155,1,0.312891,0.047330000000000004,99,3.265,5.853,7.945,0,0.0,0.0,0,0,0,0,0,0,
K8_R1.05_T1_H1_N3_S8002_HYBRID_EAGER_inprocess,8002,8,1.05,1,1,N3,0.75,20.0,,HYBRID_EAGER,inprocess,dcd1ad7d50c65f51333a4c278067bc8933a6a40a08e1afa12ccc63ac26199af7,7e183485f6acb2202b7d333764fc2733b79d87155654037964a35158985084c2,2.519,0,72,57,0,57,15,79.16666666666667,85.08771929824562,88.88888888888889,100.0,75.92592592592592,83.33333333333333,753,13.210526315789474,0,0,0,0,6,0,0,0,0,0,5.6636,3.8626,6923,1334388,671,116,74,0.36401673640167365,5,2.244553,0.13366499999999998,186,12.508000000000001,26.216,33.592,42,0.525,2.428,0,0,0,0,0,0,
K4_R0.90_T1_H1_N3_S8002_HYBRID_inprocess,8002,4,0.9,1,1,N3,0.75,20.0,,HYBRID,inprocess,bed24c724fc1c240a9e17692c03331eefc854477729352ecd8d3a4432e87e5c5,12b55bc930d670aeea52df5cd84d9bbc1c6a8dd809bc411ffc229be2e3d8afbe,0.489,0,31,23,0,23,8,74.19354838709677,80.70175438596492,83.33333333333333,100.0,68.42105263157895,76.92307692307692,296,12.869565217391305,0,0,0,0,4,0,0,0,0,0,5.6482,3.9372,2573,612933,235,41,19,0.13610586011342155,1,0.362883,0.057481000000000004,99,3.741,7.644,11.28,11,0.077,0.077,0,0,0,0,0,0,
K4_R0.90_T1_H1_N3_S8002_EDGE_MARKET_inprocess,8002,4,0.9,1,1,N3,0.75,20.0,,EDGE_MARKET,inprocess,bed24c724fc1c240a9e17692c03331eefc854477729352ecd8d3a4432e87e5c5,d71be964f497ee2c7843875af8bb74c6e5c9b8d24100f837535d838625e7eed6,0.113,0,31,22,0,22,9,70.96774193548387,68.42105263157895,41.666666666666664,66.66666666666667,89.47368421052632,61.53846153846154,300,13.636363636363637,0,0,0,0,1,0,0,0,0,0,6.8735,3.9762,2196,611391,207,42,40,0.11136890951276102,1,0.013746,0.064966,86,0.027,0.082,0.125,283,0.371,2.918,0,15,0,0,0,0,
K4_R0.90_T1_H1_N3_S8002_HYBRID_EAGER_inprocess,8002,4,0.9,1,1,N3,0.75,20.0,,HYBRID_EAGER,inprocess,bed24c724fc1c240a9e17692c03331eefc854477729352ecd8d3a4432e87e5c5,bda97a98d3ac683a3663c19bb292e016c37d27a35c7a4f13781ca6955e852057,0.414,0,31,22,0,22,9,70.96774193548387,71.9298245614035,66.66666666666667,66.66666666666667,73.6842105263158,76.92307692307692,287,13.045454545454545,0,0,0,0,3,0,0,0,0,0,5.6681,3.9372,2668,606111,242,54,41,0.18670886075949367,2,0.31986,0.049061,107,3.053,5.801,13.748,17,0.022,0.108,0,0,0,0,0,0,
K16_R0.90_T1_H1_N3_S8002_STATIC_inprocess,8002,16,0.9,1,1,N3,0.75,20.0,,STATIC,inprocess,6ed2c04fd1f3f4e8f0c1dd5f6da57d34281f5349cce9ecbcdffbe65fe7e99daf,ab2e8d18a41e6bc46bd575ec0923d66674e088f64a0501dea2c5f803ba66b581,0.367,0,123,97,3,100,23,81.30081300813008,79.1044776119403,69.6969696969697,60.0,85.55555555555556,76.36363636363636,1362,13.62,0,0,0,0,13,0,0,0,0,0,6.7124,3.8679,7733,2093093,620,104,74,0.19108398076211616,5,0.053934,0.15684199999999998,250,0.007,0.324,0.768,0,0.0,0.0,0,2,0,0,0,0,
K16_R0.90_T1_H1_N3_S8002_PERIODIC_inprocess,8002,16,0.9,1,1,N3,0.75,20.0,,PERIODIC,inprocess,6ed2c04fd1f3f4e8f0c1dd5f6da57d34281f5349cce9ecbcdffbe65fe7e99daf,ed13d57020864d556182df52f131a46d2a28b72c3e57292ccdddf6348c25747d,0.965,0,123,98,3,101,22,82.11382113821138,86.06965174129353,90.9090909090909,93.33333333333333,78.88888888888889,81.81818181818181,1563,15.475247524752476,0,0,0,0,13,0,0,0,0,0,5.6657,3.8679,8662,2167635,690,108,74,0.24090338770388958,7,0.590422,0.20259899999999997,31,22.104,43.507,46.474000000000004,0,0.0,0.0,0,3,0,0,0,0,
K16_R0.90_T1_H1_N3_S8002_CENTRAL_inprocess,8002,16,0.9,1,1,N3,0.75,20.0,,CENTRAL,inprocess,6ed2c04fd1f3f4e8f0c1dd5f6da57d34281f5349cce9ecbcdffbe65fe7e99daf,ce01c54bcde83c91f0c2b117573cde0d365bb0bff8205085bcc04963a1936936,4.939,0,123,98,2,100,23,81.30081300813008,82.58706467661692,81.81818181818181,93.33333333333333,81.11111111111111,83.63636363636364,1554,15.54,0,0,0,0,14,0,0,0,0,0,5.6796,3.8679,13688,2654908,1283,213,116,0.48598537604456826,11,4.279845,0.258214,241,18.231,44.244,71.647,0,0.0,0.0,0,0,0,0,0,0,
K16_R0.90_T1_H1_N3_S8002_CENTRAL_FB_inprocess,8002,16,0.9,1,1,N3,0.75,20.0,,CENTRAL_FB,inprocess,6ed2c04fd1f3f4e8f0c1dd5f6da57d34281f5349cce9ecbcdffbe65fe7e99daf,4ab51f99fc3e9ccaed213396de55ee5ddebcbba6dd245c6fd9a685fc06943d6e,5.815,0,123,98,3,101,22,82.11382113821138,85.57213930348259,84.84848484848484,93.33333333333333,81.11111111111111,83.63636363636364,1567,15.514851485148515,0,0,0,0,14,0,0,0,0,0,5.6664,3.8679,14443,2740453,1408,243,117,0.44280231893524946,8,5.195285,0.28917200000000004,244,23.627,43.456,66.48700000000001,71,0.108,2.971,0,1,0,0,0,0,
K16_R0.90_T1_H1_N3_S8002_CENTRAL_FOG_inprocess,8002,16,0.9,1,1,N3,0.75,20.0,,CENTRAL_FOG,inprocess,6ed2c04fd1f3f4e8f0c1dd5f6da57d34281f5349cce9ecbcdffbe65fe7e99daf,87a8a84f38fdeedd64e9ceef000e762996fa85965a2915ff164fd01254343c81,5.28,0,123,98,2,100,23,81.30081300813008,82.58706467661692,81.81818181818181,93.33333333333333,81.11111111111111,83.63636363636364,1554,15.54,0,0,0,0,14,0,0,0,0,0,5.6796,3.8679,13688,2654908,1283,213,116,0.48598537604456826,11,4.459,0.26939,241,18.596,46.018,118.173,0,0.0,0.0,0,0,0,0,0,0,
K16_R0.90_T1_H1_N3_S8002_HYBRID_inprocess,8002,16,0.9,1,1,N3,0.75,20.0,,HYBRID,inprocess,6ed2c04fd1f3f4e8f0c1dd5f6da57d34281f5349cce9ecbcdffbe65fe7e99daf,2e607d3fea2ad18a6f2b3474f9a135589eb88ccb7c36155c8946fccca99b0b3c,5.845,0,123,98,3,101,22,82.11382113821138,85.57213930348259,84.84848484848484,93.33333333333333,81.11111111111111,83.63636363636364,1567,15.514851485148515,0,0,0,0,14,0,0,0,0,0,5.6664,3.8679,14443,2740453,1408,243,117,0.44280231893524946,8,5.13169,0.28603599999999996,244,22.952,43.809,76.652,71,0.08,2.947,0,1,0,0,0,0,
K16_R0.90_T1_H1_N3_S8002_EDGE_MARKET_inprocess,8002,16,0.9,1,1,N3,0.75,20.0,,EDGE_MARKET,inprocess,6ed2c04fd1f3f4e8f0c1dd5f6da57d34281f5349cce9ecbcdffbe65fe7e99daf,52f0aa3d1b7bbddb6d92b9d71b349cdcb6b7eb16293565c28eae452c4fa02ca1,0.885,0,123,96,2,98,25,79.67479674796748,85.07462686567165,90.9090909090909,93.33333333333333,75.55555555555556,80.0,1527,15.581632653061224,0,0,0,0,13,0,0,0,0,0,5.6649,3.8679,10120,2599591,893,160,99,0.34058247488236043,6,0.065815,0.618115,187,0.107,0.28200000000000003,0.861,2410,0.555,3.306,0,42,0,0,0,0,
K8_R0.75_T1_H1_N1_S8003_STATIC_inprocess,8003,8,0.75,1,1,N1,0.98,3.0,,STATIC,inprocess,e0ff0454e3292da39177808bcd04bea477b527fa2ad657fd8618bc6cc5c47fe6,043485833515e5ec2e24d3a668f032156834e02dc985a8c6632ad0b4d01c2cf1,0.146,0,51,44,2,46,5,90.19607843137256,89.74358974358974,84.61538461538461,100.0,92.10526315789474,88.46153846153847,731,15.891304347826088,0,0,0,0,6,0,0,0,0,0,5.6417,3.9309,3851,1096204,81,42,1,0.0010732492621411322,1,0.024339,0.071355,100,0.005,0.17200000000000001,0.248,0,0.0,0.0,0,2,0,0,0,0,
K8_R0.75_T1_H1_N1_S8003_PERIODIC_inprocess,8003,8,0.75,1,1,N1,0.98,3.0,,PERIODIC,inprocess,e0ff0454e3292da39177808bcd04bea477b527fa2ad657fd8618bc6cc5c47fe6,7795b85eaf3e4e68d3996f15ea04f6f7902d4b2875fbb424a8c8e9ae2d1e2ee0,0.347,0,51,45,2,47,4,92.15686274509804,91.02564102564102,84.61538461538461,100.0,94.73684210526316,88.46153846153847,683,14.53191489361702,0,0,0,0,6,0,0,0,0,0,5.6622,3.9309,4206,1094007,108,36,2,0.004428044280442804,0,0.189835,0.091189,31,3.3579999999999997,15.878,28.87,0,0.0,0.0,0,0,0,0,0,0,
K8_R0.75_T1_H1_N1_S8003_CENTRAL_inprocess,8003,8,0.75,1,1,N1,0.98,3.0,,CENTRAL,inprocess,e0ff0454e3292da39177808bcd04bea477b527fa2ad657fd8618bc6cc5c47fe6,46bb99c95277393cdd99efcc82834a12d2415b5d3a84e882220d95edf4370ffa,0.634,0,51,46,2,48,3,94.11764705882354,94.87179487179488,92.3076923076923,100.0,94.73684210526316,96.15384615384616,696,14.5,0,0,0,0,5,0,0,0,0,0,5.6312,3.9309,4772,1131345,110,60,5,0.009456264775413711,0,0.422744,0.108604,78,3.3310000000000004,17.742,27.279999999999998,0,0.0,0.0,0,0,0,0,0,0,
K8_R0.75_T1_H1_N1_S8003_CENTRAL_FB_inprocess,8003,8,0.75,1,1,N1,0.98,3.0,,CENTRAL_FB,inprocess,e0ff0454e3292da39177808bcd04bea477b527fa2ad657fd8618bc6cc5c47fe6,23caac0690263fa55b04a437d93687e177fd36893be7caed97f50b69d4bd575a,0.571,0,51,46,2,48,3,94.11764705882354,94.87179487179488,92.3076923076923,100.0,94.73684210526316,96.15384615384616,696,14.5,0,0,0,0,5,0,0,0,0,0,5.6312,3.9309,4772,1131345,110,60,5,0.009456264775413711,0,0.387448,0.100316,78,3.258,14.799,18.456,3,0.012,0.012,0,0,0,0,0,0,
K16_R0.90_T1_H1_N3_S8002_HYBRID_EAGER_inprocess,8002,16,0.9,1,1,N3,0.75,20.0,,HYBRID_EAGER,inprocess,6ed2c04fd1f3f4e8f0c1dd5f6da57d34281f5349cce9ecbcdffbe65fe7e99daf,7402cc23708f333ce0d129ae86c0527ba49c28cf12d3241e9da226d5c6664109,5.441,0,123,99,3,102,21,82.92682926829268,86.06965174129353,87.87878787878788,93.33333333333333,81.11111111111111,85.45454545454545,1643,16.107843137254903,0,0,0,0,14,0,0,0,0,0,5.6664,3.8679,14234,2719653,1364,220,117,0.4396709323583181,8,4.881338,0.266619,237,23.336,44.061,75.204,98,0.08399999999999999,2.434,0,0,0,0,0,0,
K8_R0.75_T1_H1_N1_S8003_CENTRAL_FOG_inprocess,8003,8,0.75,1,1,N1,0.98,3.0,,CENTRAL_FOG,inprocess,e0ff0454e3292da39177808bcd04bea477b527fa2ad657fd8618bc6cc5c47fe6,088893309c67ba89f6d8d8da1a927e173681eaecd6a5a2e0db4ce5b92494f495,0.543,0,51,46,2,48,3,94.11764705882354,94.87179487179488,92.3076923076923,100.0,94.73684210526316,96.15384615384616,696,14.5,0,0,0,0,5,0,0,0,0,0,5.6312,3.9309,4772,1131345,110,60,5,0.009456264775413711,0,0.373853,0.09365499999999999,78,3.092,13.656,18.675,0,0.0,0.0,0,0,0,0,0,0,
K8_R0.75_T1_H1_N1_S8003_HYBRID_inprocess,8003,8,0.75,1,1,N1,0.98,3.0,,HYBRID,inprocess,e0ff0454e3292da39177808bcd04bea477b527fa2ad657fd8618bc6cc5c47fe6,a70c2d9ab31a3730d33bba41c401066c00c42c88da6a4447f437398917155830,0.55,0,51,46,2,48,3,94.11764705882354,94.87179487179488,92.3076923076923,100.0,94.73684210526316,96.15384615384616,696,14.5,0,0,0,0,5,0,0,0,0,0,5.6312,3.9309,4772,1131345,110,60,5,0.009456264775413711,0,0.379604,0.097449,78,3.3600000000000003,13.776,18.686,3,0.013,0.013,0,0,0,0,0,0,
K8_R0.75_T1_H1_N1_S8003_HYBRID_EAGER_inprocess,8003,8,0.75,1,1,N1,0.98,3.0,,HYBRID_EAGER,inprocess,e0ff0454e3292da39177808bcd04bea477b527fa2ad657fd8618bc6cc5c47fe6,a047b0af38e8db80196e744e37a9aca3f1a5630148d9b255817587301a27743d,0.593,0,51,46,2,48,3,94.11764705882354,94.87179487179488,92.3076923076923,100.0,94.73684210526316,92.3076923076923,701,14.604166666666666,0,0,0,0,4,0,0,0,0,0,5.634,3.9309,4759,1129611,108,61,5,0.009484802759215347,0,0.394063,0.112828,77,3.413,13.058,20.347,18,0.049,0.049,0,0,0,0,0,0,
K8_R0.75_T1_H1_N1_S8003_EDGE_MARKET_inprocess,8003,8,0.75,1,1,N1,0.98,3.0,,EDGE_MARKET,inprocess,e0ff0454e3292da39177808bcd04bea477b527fa2ad657fd8618bc6cc5c47fe6,7500475aba7a906596ee9d1626dc345c1dd3af0cbb45bcbcb07bab30a7899be1,0.267,0,51,45,2,47,4,92.15686274509804,94.87179487179488,100.0,100.0,89.47368421052632,100.0,738,15.702127659574469,0,0,0,0,5,0,0,0,0,0,5.7012,3.9309,4276,1170683,85,37,2,0.005282112845138055,0,0.035085,0.150072,60,0.077,0.14300000000000002,0.248,486,0.483,7.358,0,8,0,0,0,0,
K8_R1.05_T1_H1_N1_S8003_STATIC_inprocess,8003,8,1.05,1,1,N1,0.98,3.0,,STATIC,inprocess,dcc4a61ad46c650820d737c04949a709fdf9a8026b13da209943b4390b5edf1f,1f5b3d34ecf5d8f921c93d8b9dcf84c495c42077db716a6e1cf63d06c3602b1f,0.23,0,72,54,4,58,14,80.55555555555556,76.10619469026548,61.904761904761905,37.5,88.23529411764706,80.48780487804878,805,13.879310344827585,0,0,0,0,8,0,0,0,0,0,5.6515,3.8788,3883,1136540,71,32,1,0.0010610079575596816,0,0.041242,0.09799200000000001,246,0.008,0.254,5.422,0,0.0,0.0,0,0,0,0,0,0,
K8_R1.05_T1_H1_N1_S8003_PERIODIC_inprocess,8003,8,1.05,1,1,N1,0.98,3.0,,PERIODIC,inprocess,dcc4a61ad46c650820d737c04949a709fdf9a8026b13da209943b4390b5edf1f,21119a165db98a3aec35bba82b4dc95ddbf5009868716e00acfd17d8353a4f4a,0.6,0,72,55,3,58,14,80.55555555555556,84.070796460177,85.71428571428571,100.0,78.43137254901961,78.04878048780488,786,13.551724137931034,0,0,0,0,7,0,0,0,0,0,5.6723,3.8788,4501,1153870,95,53,1,0.006157354618015963,0,0.419104,0.103604,31,10.325000000000001,34.532000000000004,40.459,0,0.0,0.0,0,0,0,0,0,0,
K8_R1.05_T1_H1_N1_S8003_CENTRAL_inprocess,8003,8,1.05,1,1,N1,0.98,3.0,,CENTRAL,inprocess,dcc4a61ad46c650820d737c04949a709fdf9a8026b13da209943b4390b5edf1f,0c0b62d9557acf26d833cbc7cec0cd88d776107989565370c5ccf121ccc05825,2.368,0,72,55,3,58,14,80.55555555555556,85.84070796460178,95.23809523809524,100.0,74.50980392156863,78.04878048780488,814,14.03448275862069,0,0,0,0,7,0,0,0,0,0,5.6308,3.8788,6228,1297906,133,57,2,0.014674710582096854,0,2.081019,0.126056,127,15.491,36.971,50.304,0,0.0,0.0,0,0,0,0,0,0,
K8_R1.05_T1_H1_N1_S8003_CENTRAL_FB_inprocess,8003,8,1.05,1,1,N1,0.98,3.0,,CENTRAL_FB,inprocess,dcc4a61ad46c650820d737c04949a709fdf9a8026b13da209943b4390b5edf1f,dbfb6d9c37d3dab1c0a0d6a48b125bdceb9a6c5d6161518fffd5147dff9a87af,2.307,0,72,55,3,58,14,80.55555555555556,85.84070796460178,95.23809523809524,100.0,74.50980392156863,78.04878048780488,814,14.03448275862069,0,0,0,0,7,0,0,0,0,0,5.6308,3.8788,6228,1297906,133,57,2,0.014674710582096854,0,2.055019,0.12537500000000001,127,15.452,33.168000000000006,45.839,3,0.015000000000000001,0.015000000000000001,0,0,0,0,0,0,
K8_R1.05_T1_H1_N1_S8003_CENTRAL_FOG_inprocess,8003,8,1.05,1,1,N1,0.98,3.0,,CENTRAL_FOG,inprocess,dcc4a61ad46c650820d737c04949a709fdf9a8026b13da209943b4390b5edf1f,635e8e2c7bccab4576381015a05244aea4aa7d86050d6948366bdf9f8cd76f0f,2.386,0,72,55,3,58,14,80.55555555555556,85.84070796460178,95.23809523809524,100.0,74.50980392156863,78.04878048780488,814,14.03448275862069,0,0,0,0,7,0,0,0,0,0,5.6308,3.8788,6228,1297906,133,57,2,0.014674710582096854,0,1.974589,0.12296100000000001,127,15.154,34.69,67.468,0,0.0,0.0,0,0,0,0,0,0,
K8_R1.05_T1_H1_N1_S8003_HYBRID_inprocess,8003,8,1.05,1,1,N1,0.98,3.0,,HYBRID,inprocess,dcc4a61ad46c650820d737c04949a709fdf9a8026b13da209943b4390b5edf1f,5b05e4feffa017b26c08aa2d57071eb701f4ee95559cd9359ec2b7c682804c3d,2.225,0,72,55,3,58,14,80.55555555555556,85.84070796460178,95.23809523809524,100.0,74.50980392156863,78.04878048780488,814,14.03448275862069,0,0,0,0,7,0,0,0,0,0,5.6308,3.8788,6228,1297906,133,57,2,0.014674710582096854,0,1.938814,0.11795099999999999,127,13.045,33.381,70.926,3,0.011,0.011,0,0,0,0,0,0,
K8_R1.05_T1_H1_N1_S8003_EDGE_MARKET_inprocess,8003,8,1.05,1,1,N1,0.98,3.0,,EDGE_MARKET,inprocess,dcc4a61ad46c650820d737c04949a709fdf9a8026b13da209943b4390b5edf1f,69878b5300600a4406900c24423a05c06c85ddd02f7028456c68de29d36a0b1f,0.425,0,72,56,4,60,12,83.33333333333333,86.72566371681415,90.47619047619048,100.0,80.3921568627451,73.17073170731707,833,13.883333333333333,0,0,0,0,8,0,0,0,0,0,5.6568,3.8788,4915,1305369,102,39,2,0.008128386827844935,0,0.039899,0.30206600000000006,140,0.075,0.164,0.31,1007,0.516,4.087000000000001,0,27,0,0,0,0,
K4_R0.90_T1_H1_N1_S8003_STATIC_inprocess,8003,4,0.9,1,1,N1,0.98,3.0,,STATIC,inprocess,6874084b2060bf44a0f5f2d594b2512bc1c45734b1aec6568527bbed58ccf2c2,387ae26d17ab79c913974f502e34406ff084b73247e2009b3b557d451e93d9eb,0.098,0,31,24,2,26,5,83.87096774193549,80.0,77.77777777777777,80.0,86.36363636363636,77.77777777777777,342,13.153846153846153,0,0,0,0,4,0,0,0,0,0,5.6403,3.8922,1936,567884,44,21,1,0.0016,0,0.017597,0.045552999999999996,111,0.005,0.122,0.25,0,0.0,0.0,0,1,0,0,0,0,
K4_R0.90_T1_H1_N1_S8003_PERIODIC_inprocess,8003,4,0.9,1,1,N1,0.98,3.0,,PERIODIC,inprocess,6874084b2060bf44a0f5f2d594b2512bc1c45734b1aec6568527bbed58ccf2c2,beafb6ba1ce8475199c09b8c1f9772d0712587eaf52e6a5dc292e548f62b9437,0.203,0,31,24,3,27,4,87.09677419354838,92.0,100.0,100.0,81.81818181818181,88.88888888888889,397,14.703703703703704,0,0,0,0,4,0,0,0,0,0,5.6062,3.8922,2222,607179,51,17,1,0.006928406466512702,0,0.111377,0.050567999999999995,31,1.9120000000000001,7.992000000000001,10.767000000000001,0,0.0,0.0,0,0,0,0,0,0,
K4_R0.90_T1_H1_N1_S8003_CENTRAL_inprocess,8003,4,0.9,1,1,N1,0.98,3.0,,CENTRAL,inprocess,6874084b2060bf44a0f5f2d594b2512bc1c45734b1aec6568527bbed58ccf2c2,de2503245e6571767090d9387115f4894f27796a3fda3d14e568e97b9ae76cab,0.384,0,31,26,3,29,2,93.54838709677419,96.0,100.0,100.0,90.9090909090909,88.88888888888889,371,12.793103448275861,0,0,0,0,3,0,0,0,0,0,5.6267,3.8922,2514,598477,49,30,2,0.010922330097087379,0,0.282081,0.054551,69,3.164,8.666,9.437,0,0.0,0.0,0,0,0,0,0,0,
K4_R0.90_T1_H1_N1_S8003_CENTRAL_FB_inprocess,8003,4,0.9,1,1,N1,0.98,3.0,,CENTRAL_FB,inprocess,6874084b2060bf44a0f5f2d594b2512bc1c45734b1aec6568527bbed58ccf2c2,8c8a6230b5685f7e985ea81a2e79df5515dfc698de92b54da28c684a071616cc,0.345,0,31,26,3,29,2,93.54838709677419,96.0,100.0,100.0,90.9090909090909,88.88888888888889,371,12.793103448275861,0,0,0,0,3,0,0,0,0,0,5.6267,3.8922,2514,598477,49,30,2,0.010922330097087379,0,0.263355,0.044884,69,2.664,10.972000000000001,12.248999999999999,1,0.011,0.011,0,0,0,0,0,0,
K8_R1.05_T1_H1_N1_S8003_HYBRID_EAGER_inprocess,8003,8,1.05,1,1,N1,0.98,3.0,,HYBRID_EAGER,inprocess,dcc4a61ad46c650820d737c04949a709fdf9a8026b13da209943b4390b5edf1f,4da9a2f435bfba46bd9a5f35489ba88141f4a99a834b3132af8fde182747d7fc,2.227,0,72,56,3,59,13,81.94444444444444,87.61061946902655,95.23809523809524,100.0,76.47058823529412,82.92682926829268,782,13.254237288135593,0,0,0,0,8,0,0,0,0,0,5.6582,3.8788,6060,1283393,120,66,5,0.013744552463962454,1,1.919931,0.129592,121,16.613,35.702999999999996,43.144,17,0.047,0.08600000000000001,0,2,0,0,0,0,
K4_R0.90_T1_H1_N1_S8003_CENTRAL_FOG_inprocess,8003,4,0.9,1,1,N1,0.98,3.0,,CENTRAL_FOG,inprocess,6874084b2060bf44a0f5f2d594b2512bc1c45734b1aec6568527bbed58ccf2c2,421a6519977edb2b7a78a8a941b9eccd8b14d79b29d454e6779c29f302200b9a,0.348,0,31,26,3,29,2,93.54838709677419,96.0,100.0,100.0,90.9090909090909,88.88888888888889,371,12.793103448275861,0,0,0,0,3,0,0,0,0,0,5.6267,3.8922,2514,598477,49,30,2,0.010922330097087379,0,0.262579,0.047196999999999996,69,2.798,8.220999999999998,11.405,0,0.0,0.0,0,0,0,0,0,0,
K4_R0.90_T1_H1_N1_S8003_HYBRID_inprocess,8003,4,0.9,1,1,N1,0.98,3.0,,HYBRID,inprocess,6874084b2060bf44a0f5f2d594b2512bc1c45734b1aec6568527bbed58ccf2c2,ac2045f00d808cba58cd1cff65bc77f856c29cb16d05b5627fe6943221c265cf,0.412,0,31,26,3,29,2,93.54838709677419,96.0,100.0,100.0,90.9090909090909,88.88888888888889,371,12.793103448275861,0,0,0,0,3,0,0,0,0,0,5.6267,3.8922,2514,598477,49,30,2,0.010922330097087379,0,0.294469,0.059889,69,3.265,9.799999999999999,13.374,1,0.016,0.016,0,0,0,0,0,0,
K4_R0.90_T1_H1_N1_S8003_HYBRID_EAGER_inprocess,8003,4,0.9,1,1,N1,0.98,3.0,,HYBRID_EAGER,inprocess,6874084b2060bf44a0f5f2d594b2512bc1c45734b1aec6568527bbed58ccf2c2,01fbbc16818b2d86c42e9976fc9e4c287a85f631e79a6e3a70e4ae8f171a6146,0.371,0,31,26,2,28,3,90.3225806451613,92.0,100.0,100.0,86.36363636363636,88.88888888888889,366,13.071428571428571,0,0,0,0,3,0,0,0,0,0,5.6298,3.8922,2509,612380,51,27,2,0.007733007733007733,1,0.269983,0.058769,69,2.516,8.222,12.127,11,0.6920000000000001,0.6920000000000001,0,0,0,0,0,0,
K4_R0.90_T1_H1_N1_S8003_EDGE_MARKET_inprocess,8003,4,0.9,1,1,N1,0.98,3.0,,EDGE_MARKET,inprocess,6874084b2060bf44a0f5f2d594b2512bc1c45734b1aec6568527bbed58ccf2c2,5282a6c325367cf86c18efbe2d6bdb500e0c7e44996f067c1099cc213496ff60,0.143,0,31,26,3,29,2,93.54838709677419,92.0,88.88888888888889,80.0,95.45454545454545,94.44444444444444,406,14.0,0,0,0,0,4,0,0,0,0,0,5.6284,3.8922,2048,588257,42,19,3,0.004018081366147665,0,0.018492,0.082512,33,0.043000000000000003,0.052,0.11699999999999999,148,0.509,3.097,0,4,0,0,0,0,
K16_R0.90_T1_H1_N1_S8003_STATIC_inprocess,8003,16,0.9,1,1,N1,0.98,3.0,,STATIC,inprocess,1fae33455cda2f84ff316cfe11d5391f1d49ba232c97493d194a39ec520eb5fe,fce424b7177968ffa1ad621fd6755c4a64d46fda868f99ae93f1fb292ccd8ac3,0.436,0,123,102,3,105,18,85.36585365853658,79.38144329896907,64.70588235294117,41.666666666666664,93.25842696629213,87.6923076923077,1759,16.752380952380953,0,0,0,0,16,0,0,0,0,0,5.6578,3.8668,7725,2175792,152,78,1,0.0005359056806002144,0,0.078115,0.183836,257,0.009000000000000001,0.434,0.9940000000000001,0,0.0,0.0,0,0,0,0,0,0,
K16_R0.90_T1_H1_N1_S8003_PERIODIC_inprocess,8003,16,0.9,1,1,N1,0.98,3.0,,PERIODIC,inprocess,1fae33455cda2f84ff316cfe11d5391f1d49ba232c97493d194a39ec520eb5fe,b325344d7622d2f286a288d4718f4c1f65572df24bff499c21795751b57264e8,1.023,0,123,108,3,111,12,90.2439024390244,92.78350515463917,97.05882352941177,91.66666666666667,87.64044943820225,93.84615384615384,1695,15.27027027027027,0,0,0,0,14,0,0,0,0,0,5.6573,3.8668,8750,2243964,181,90,5,0.007179004354478051,1,0.595358,0.20770499999999997,31,17.922,44.274,63.444,0,0.0,0.0,0,0,0,0,0,0,
K16_R0.90_T1_H1_N1_S8003_CENTRAL_inprocess,8003,16,0.9,1,1,N1,0.98,3.0,,CENTRAL,inprocess,1fae33455cda2f84ff316cfe11d5391f1d49ba232c97493d194a39ec520eb5fe,128123a1066490f642c1dbc754ca8b3dd0303d49942b27d8f4516f8f8e9474a8,3.822,0,123,110,3,113,10,91.869918699187,91.75257731958763,88.23529411764706,83.33333333333333,93.25842696629213,92.3076923076923,1735,15.353982300884956,0,0,0,0,15,0,0,0,0,0,5.6551,3.8668,12395,2575070,260,116,5,0.017915844838921762,1,3.274087,0.22222899999999998,171,15.42,53.231,58.544,0,0.0,0.0,0,0,0,0,0,0,
K16_R0.90_T1_H1_N1_S8003_CENTRAL_FB_inprocess,8003,16,0.9,1,1,N1,0.98,3.0,,CENTRAL_FB,inprocess,1fae33455cda2f84ff316cfe11d5391f1d49ba232c97493d194a39ec520eb5fe,221d573cd5cdc13903e7e119134844391b9bed63d27da570fb3f2810281f03c5,4.142,0,123,110,3,113,10,91.869918699187,91.75257731958763,88.23529411764706,83.33333333333333,93.25842696629213,92.3076923076923,1735,15.353982300884956,0,0,0,0,15,0,0,0,0,0,5.6551,3.8668,12395,2575070,260,116,5,0.017915844838921762,1,3.480365,0.23287400000000005,171,16.698999999999998,59.492999999999995,128.88,3,0.014,0.014,0,0,0,0,0,0,
K16_R0.90_T1_H1_N1_S8003_CENTRAL_FOG_inprocess,8003,16,0.9,1,1,N1,0.98,3.0,,CENTRAL_FOG,inprocess,1fae33455cda2f84ff316cfe11d5391f1d49ba232c97493d194a39ec520eb5fe,f56233dd30b55245fa265adbe05da246633294c36d2e0ae86b91ca0f9099b40c,4.01,0,123,110,3,113,10,91.869918699187,91.75257731958763,88.23529411764706,83.33333333333333,93.25842696629213,92.3076923076923,1735,15.353982300884956,0,0,0,0,15,0,0,0,0,0,5.6551,3.8668,12395,2575070,260,116,5,0.017915844838921762,1,3.425048,0.24631400000000003,171,14.827,60.088,85.986,0,0.0,0.0,0,0,0,0,0,0,
K16_R0.90_T1_H1_N1_S8003_HYBRID_inprocess,8003,16,0.9,1,1,N1,0.98,3.0,,HYBRID,inprocess,1fae33455cda2f84ff316cfe11d5391f1d49ba232c97493d194a39ec520eb5fe,70e2ed5b5d4d919977162580dff329908329c30229e421d6385d8b55c3d7bbfe,3.997,0,123,110,3,113,10,91.869918699187,91.75257731958763,88.23529411764706,83.33333333333333,93.25842696629213,92.3076923076923,1735,15.353982300884956,0,0,0,0,15,0,0,0,0,0,5.6551,3.8668,12395,2575070,260,116,5,0.017915844838921762,1,3.508436,0.25072,171,17.338,54.958,70.475,3,0.014,0.014,0,0,0,0,0,0,
K16_R0.90_T1_H1_N1_S8003_EDGE_MARKET_inprocess,8003,16,0.9,1,1,N1,0.98,3.0,,EDGE_MARKET,inprocess,1fae33455cda2f84ff316cfe11d5391f1d49ba232c97493d194a39ec520eb5fe,0773c0f5276ebd84dda0ec98b4e6e40656e8c31d9e8a4ecbc72e6090fe6ee2d5,0.972,0,123,102,3,105,18,85.36585365853658,87.62886597938144,91.17647058823529,91.66666666666667,83.14606741573034,90.76923076923077,1697,16.16190476190476,0,0,0,0,14,0,0,0,0,0,5.6578,3.8668,10579,2795531,201,91,6,0.013123612853420823,0,0.091469,0.647238,157,0.15,0.453,0.914,2744,0.506,5.561,0,47,0,0,0,0,
K8_R0.75_T1_H1_N3_S8003_STATIC_inprocess,8003,8,0.75,1,1,N3,0.75,20.0,,STATIC,inprocess,b00c38770fe3efe84048a7c4350bc309759e061c3af9118b08d98566f7747705,4fc32467d7b00c1627cf7944f9944b8a76ae7a34cd3231816742fbb488d912d1,0.211,0,51,42,2,44,7,86.27450980392157,84.61538461538461,69.23076923076923,50.0,92.10526315789474,88.46153846153847,698,15.863636363636363,0,0,0,0,5,0,0,0,0,0,5.6173,3.9309,3848,1070535,289,51,56,0.1520579268292683,1,0.031075,0.105304,198,0.008,0.186,0.313,0,0.0,0.0,0,0,0,0,0,0,
K8_R0.75_T1_H1_N3_S8003_PERIODIC_inprocess,8003,8,0.75,1,1,N3,0.75,20.0,,PERIODIC,inprocess,b00c38770fe3efe84048a7c4350bc309759e061c3af9118b08d98566f7747705,ac6414a44595df05345187eb24926982ffbe811f6605be52b1a746bf5b990704,0.312,0,51,42,2,44,7,86.27450980392157,87.17948717948718,92.3076923076923,100.0,84.21052631578948,92.3076923076923,705,16.022727272727273,0,0,0,0,5,0,0,0,0,0,5.6523,3.9309,4240,1116056,355,59,56,0.17641162712996994,3,0.146417,0.09934200000000001,31,3.045,10.319999999999999,14.14,0,0.0,0.0,0,0,0,0,0,0,
K8_R0.75_T1_H1_N3_S8003_CENTRAL_inprocess,8003,8,0.75,1,1,N3,0.75,20.0,,CENTRAL,inprocess,b00c38770fe3efe84048a7c4350bc309759e061c3af9118b08d98566f7747705,ce13368ddaf3ca5ad4e207b47787b670a04dfe2bffb5887fadec8037082e0dbb,0.799,0,51,44,2,46,5,90.19607843137256,88.46153846153847,92.3076923076923,50.0,89.47368421052632,88.46153846153847,721,15.673913043478262,0,0,0,0,5,0,0,0,0,0,5.6622,3.9309,5056,1178503,412,72,55,0.276843467011643,4,0.597206,0.11959700000000002,121,4.252,13.351999999999999,19.339,0,0.0,0.0,0,0,0,0,0,0,
K8_R0.75_T1_H1_N3_S8003_CENTRAL_FB_inprocess,8003,8,0.75,1,1,N3,0.75,20.0,,CENTRAL_FB,inprocess,b00c38770fe3efe84048a7c4350bc309759e061c3af9118b08d98566f7747705,425d1aac887121d190455e7cfe1cafc02273cdb2181cd7e95625a967aedf952f,0.715,0,51,44,2,46,5,90.19607843137256,88.46153846153847,92.3076923076923,50.0,89.47368421052632,88.46153846153847,721,15.673913043478262,0,0,0,0,5,0,0,0,0,0,5.6622,3.9309,5056,1178503,412,72,55,0.276843467011643,4,0.532086,0.109393,121,3.9119999999999995,12.732999999999999,19.252,36,0.046,0.45899999999999996,0,0,0,0,0,0,
K16_R0.90_T1_H1_N1_S8003_HYBRID_EAGER_inprocess,8003,16,0.9,1,1,N1,0.98,3.0,,HYBRID_EAGER,inprocess,1fae33455cda2f84ff316cfe11d5391f1d49ba232c97493d194a39ec520eb5fe,ab8cb15813634dd51c82ed0844a72314d90e503fb1c892947fd616c18abc65b2,4.254,0,123,111,3,114,9,92.6829268292683,92.26804123711341,88.23529411764706,83.33333333333333,94.38202247191012,93.84615384615384,1704,14.947368421052632,0,0,0,0,14,1,1,0,9,37,11.7158,3.8668,12229,2560218,220,119,8,0.014818514818514818,0,3.645698,0.265904,165,16.971,60.037,88.226,32,0.046,0.11299999999999999,0,0,0,0,0,0,
K8_R0.75_T1_H1_N3_S8003_CENTRAL_FOG_inprocess,8003,8,0.75,1,1,N3,0.75,20.0,,CENTRAL_FOG,inprocess,b00c38770fe3efe84048a7c4350bc309759e061c3af9118b08d98566f7747705,13f6969d1731e888b818542dcb3f0b809a217d4f8b1fdf3790f070a08cf130dc,0.824,0,51,44,2,46,5,90.19607843137256,88.46153846153847,92.3076923076923,50.0,89.47368421052632,88.46153846153847,721,15.673913043478262,0,0,0,0,5,0,0,0,0,0,5.6622,3.9309,5056,1178503,412,72,55,0.276843467011643,4,0.573541,0.106961,121,4.222,15.025,44.261,0,0.0,0.0,0,0,0,0,0,0,
K8_R0.75_T1_H1_N3_S8003_HYBRID_inprocess,8003,8,0.75,1,1,N3,0.75,20.0,,HYBRID,inprocess,b00c38770fe3efe84048a7c4350bc309759e061c3af9118b08d98566f7747705,5692aecffbcea69029dc92d74bc1efeb5d4aa10af8d5b7948595093be6e883f2,0.881,0,51,44,2,46,5,90.19607843137256,88.46153846153847,92.3076923076923,50.0,89.47368421052632,88.46153846153847,721,15.673913043478262,0,0,0,0,5,0,0,0,0,0,5.6622,3.9309,5056,1178503,412,72,55,0.276843467011643,4,0.568897,0.11136,121,4.178,14.355,20.983,36,0.047,0.361,0,0,0,0,0,0,
K8_R0.75_T1_H1_N3_S8003_EDGE_MARKET_inprocess,8003,8,0.75,1,1,N3,0.75,20.0,,EDGE_MARKET,inprocess,b00c38770fe3efe84048a7c4350bc309759e061c3af9118b08d98566f7747705,6f32e800ddb9a5ec8a1a6528cfa7ab946a9ee3017c0b1215dc1752ba7962b6e2,0.297,0,51,43,2,45,6,88.23529411764706,89.74358974358974,92.3076923076923,100.0,86.84210526315789,92.3076923076923,747,16.6,0,0,0,0,5,0,0,0,0,0,5.62,3.9309,4174,1154241,334,51,55,0.19728353140916807,2,0.032324,0.17810100000000004,55,0.057,0.157,0.214,396,0.49,4.545999999999999,0,11,0,0,0,0,
K8_R1.05_T1_H1_N3_S8003_STATIC_inprocess,8003,8,1.05,1,1,N3,0.75,20.0,,STATIC,inprocess,c34401af3d49e5d7718df3e7d184bae2e67a4565ebe4ab7212a4c18f4d161dab,6dfd82fccfefeb0d6d65c8886f6efae5cef79b6a067abc0be1fd65ef66c58649,0.202,0,72,54,4,58,14,80.55555555555556,76.99115044247787,61.904761904761905,50.0,88.23529411764706,78.04878048780488,801,13.810344827586206,0,0,0,0,8,0,0,0,0,0,5.6513,3.8788,3886,1131656,298,68,62,0.1743222891566265,1,0.032409,0.093499,246,0.007,0.193,0.481,0,0.0,0.0,0,2,0,0,0,0,
K8_R0.75_T1_H1_N3_S8003_HYBRID_EAGER_inprocess,8003,8,0.75,1,1,N3,0.75,20.0,,HYBRID_EAGER,inprocess,b00c38770fe3efe84048a7c4350bc309759e061c3af9118b08d98566f7747705,70ca550f0f26ddd549b548eca5b03ffd52d911343d32f9a6eea6cad794f45868,0.753,0,51,44,2,46,5,90.19607843137256,88.46153846153847,92.3076923076923,50.0,89.47368421052632,88.46153846153847,721,15.673913043478262,0,0,0,0,5,0,0,0,0,0,5.6622,3.9309,5056,1178503,412,72,55,0.276843467011643,4,0.540578,0.118331,121,3.985,12.888,20.053,52,0.05,0.45199999999999996,0,0,0,0,0,0,
K8_R1.05_T1_H1_N3_S8003_PERIODIC_inprocess,8003,8,1.05,1,1,N3,0.75,20.0,,PERIODIC,inprocess,c34401af3d49e5d7718df3e7d184bae2e67a4565ebe4ab7212a4c18f4d161dab,25d9f621ef5ab68279630802ca2cb66b1296c22e314c8abff5b125ed3b7365f5,0.451,0,72,53,4,57,15,79.16666666666667,82.30088495575221,85.71428571428571,100.0,76.47058823529412,78.04878048780488,792,13.894736842105264,0,0,0,0,8,0,0,0,0,0,5.6506,3.8788,4297,1163896,338,62,62,0.2704626334519573,4,0.260765,0.105968,31,7.013,19.61,28.320999999999998,0,0.0,0.0,0,2,0,0,0,0,
K8_R1.05_T1_H1_N3_S8003_CENTRAL_inprocess,8003,8,1.05,1,1,N3,0.75,20.0,,CENTRAL,inprocess,c34401af3d49e5d7718df3e7d184bae2e67a4565ebe4ab7212a4c18f4d161dab,563afe5ed4fd7fd81137d9ba6a8b83747f02bac0e518c19fb49342a1f25b5f4d,1.521,0,72,55,3,58,14,80.55555555555556,84.070796460177,85.71428571428571,100.0,78.43137254901961,73.17073170731707,779,13.431034482758621,0,0,0,0,7,0,0,0,0,0,5.6708,3.8788,5956,1283377,527,79,62,0.3883045856121161,6,1.305054,0.116634,160,7.863,17.845,36.848,0,0.0,0.0,0,1,0,0,0,0,
K8_R1.05_T1_H1_N3_S8003_CENTRAL_FB_inprocess,8003,8,1.05,1,1,N3,0.75,20.0,,CENTRAL_FB,inprocess,c34401af3d49e5d7718df3e7d184bae2e67a4565ebe4ab7212a4c18f4d161dab,bad1125647ac46454468222d7d952f59465f96aecea6975567ba07c251333ef8,1.609,0,72,58,3,61,11,84.72222222222223,86.72566371681415,85.71428571428571,100.0,84.31372549019608,75.60975609756098,801,13.131147540983607,0,0,0,0,7,0,0,0,0,0,5.6695,3.8788,5943,1289749,509,90,62,0.4036562303004833,3,1.381474,0.11606699999999999,155,7.86,22.845000000000002,34.272999999999996,37,0.419,3.232,0,1,0,0,0,0,
K8_R1.05_T1_H1_N3_S8003_CENTRAL_FOG_inprocess,8003,8,1.05,1,1,N3,0.75,20.0,,CENTRAL_FOG,inprocess,c34401af3d49e5d7718df3e7d184bae2e67a4565ebe4ab7212a4c18f4d161dab,5653ed48bfaea0772d19d221c65de2ff686908369d05a2159fb179ebabe05505,1.693,0,72,55,3,58,14,80.55555555555556,84.070796460177,85.71428571428571,100.0,78.43137254901961,73.17073170731707,779,13.431034482758621,0,0,0,0,7,0,0,0,0,0,5.6708,3.8788,5956,1283377,527,79,62,0.3883045856121161,6,1.47194,0.12292200000000002,160,8.727,23.532999999999998,32.484,0,0.0,0.0,0,1,0,0,0,0,
K8_R1.05_T1_H1_N3_S8003_HYBRID_inprocess,8003,8,1.05,1,1,N3,0.75,20.0,,HYBRID,inprocess,c34401af3d49e5d7718df3e7d184bae2e67a4565ebe4ab7212a4c18f4d161dab,2558fd38b64141951bfd94cdb99b917dacecd32e423f1689523b77929b16d0eb,1.561,0,72,58,3,61,11,84.72222222222223,86.72566371681415,85.71428571428571,100.0,84.31372549019608,75.60975609756098,801,13.131147540983607,0,0,0,0,7,0,0,0,0,0,5.6695,3.8788,5943,1289749,509,90,62,0.4036562303004833,3,1.330795,0.112026,155,7.626,23.588,42.069,37,0.416,2.778,0,1,0,0,0,0,
K8_R1.05_T1_H1_N3_S8003_EDGE_MARKET_inprocess,8003,8,1.05,1,1,N3,0.75,20.0,,EDGE_MARKET,inprocess,c34401af3d49e5d7718df3e7d184bae2e67a4565ebe4ab7212a4c18f4d161dab,0e76579de207870739af9cb0c3aae354ef51952482675b3ea220fd811b3c18c2,0.283,0,72,55,4,59,13,81.94444444444444,86.72566371681415,90.47619047619048,100.0,78.43137254901961,85.36585365853658,776,13.152542372881356,0,0,0,0,7,0,0,0,0,0,5.6344,3.8788,4697,1282879,407,56,62,0.29232995658465993,2,0.024983,0.196,125,0.043000000000000003,0.15,0.853,794,0.4,2.7399999999999998,0,32,0,0,0,0,
K4_R0.90_T1_H1_N3_S8003_STATIC_inprocess,8003,4,0.9,1,1,N3,0.75,20.0,,STATIC,inprocess,15d400661147c749d2ea9973ac7b5935c739b95df911a79f6a2b49177c0befa4,e7d0959026206fb963f4bb014d6ab8948e274fe1ce4a7fb37e7e8e3e281fc4ca,0.074,0,31,23,3,26,5,83.87096774193549,82.0,77.77777777777777,80.0,86.36363636363636,77.77777777777777,387,14.884615384615385,0,0,0,0,4,0,0,0,0,0,5.5608,3.9364,1936,589700,168,30,26,0.16701607267645002,0,0.011675,0.035654,159,0.004,0.073,0.148,0,0.0,0.0,0,1,0,0,0,0,
K4_R0.90_T1_H1_N3_S8003_PERIODIC_inprocess,8003,4,0.9,1,1,N3,0.75,20.0,,PERIODIC,inprocess,15d400661147c749d2ea9973ac7b5935c739b95df911a79f6a2b49177c0befa4,a272323bcd86b995c4b0b425210a02a7be12a8b1047beafa78a2f256c1e9c37f,0.135,0,31,24,3,27,4,87.09677419354838,92.0,100.0,100.0,81.81818181818181,77.77777777777777,401,14.851851851851851,0,0,0,0,2,0,0,0,0,0,5.6035,3.9364,2143,560896,184,30,27,0.15440729483282675,1,0.071192,0.036635,31,1.385,5.3759999999999994,6.319,0,0.0,0.0,0,0,0,0,0,0,
K4_R0.90_T1_H1_N3_S8003_CENTRAL_inprocess,8003,4,0.9,1,1,N3,0.75,20.0,,CENTRAL,inprocess,15d400661147c749d2ea9973ac7b5935c739b95df911a79f6a2b49177c0befa4,7a4597c44dc0fdbb75d64f55926a8af7ae87f35bbb15305195e140160a2b88ce,0.427,0,31,24,3,27,4,87.09677419354838,92.0,100.0,100.0,81.81818181818181,83.33333333333333,416,15.407407407407407,0,0,0,0,4,0,0,0,0,0,5.6323,3.9364,2483,619269,226,38,35,0.3382130237253912,0,0.190573,0.047437,81,1.6949999999999998,7.326,44.718,0,0.0,0.0,0,1,0,0,0,0,
K4_R0.90_T1_H1_N3_S8003_CENTRAL_FB_inprocess,8003,4,0.9,1,1,N3,0.75,20.0,,CENTRAL_FB,inprocess,15d400661147c749d2ea9973ac7b5935c739b95df911a79f6a2b49177c0befa4,1997560490a75a3674b001217323f421285221f6444eb24e2c72f1fbb803926b,0.325,0,31,24,3,27,4,87.09677419354838,92.0,100.0,100.0,81.81818181818181,83.33333333333333,416,15.407407407407407,0,0,0,0,4,0,0,0,0,0,5.6323,3.9364,2483,619269,226,38,35,0.3382130237253912,0,0.22958,0.055071,81,1.611,8.528,13.152000000000001,13,0.015000000000000001,2.9659999999999997,0,1,0,0,0,0,
K8_R1.05_T1_H1_N3_S8003_HYBRID_EAGER_inprocess,8003,8,1.05,1,1,N3,0.75,20.0,,HYBRID_EAGER,inprocess,c34401af3d49e5d7718df3e7d184bae2e67a4565ebe4ab7212a4c18f4d161dab,2eb7b66fa7c65acbf52f8f873f468c794959c8652cb561c19e3c10a790de697f,1.863,0,72,56,3,59,13,81.94444444444444,85.84070796460178,90.47619047619048,100.0,78.43137254901961,78.04878048780488,791,13.40677966101695,0,0,0,0,6,0,0,0,0,0,5.6428,3.8788,6157,1290020,558,105,62,0.34004024144869216,2,1.479408,0.137121,157,9.115,24.942,37.23,48,0.442,2.746,0,0,0,0,0,0,
K4_R0.90_T1_H1_N3_S8003_CENTRAL_FOG_inprocess,8003,4,0.9,1,1,N3,0.75,20.0,,CENTRAL_FOG,inprocess,15d400661147c749d2ea9973ac7b5935c739b95df911a79f6a2b49177c0befa4,8863eff4e0858181ecf151dde7c39d9f209cb9aa14f55541d785fabdb3504f58,0.32,0,31,24,3,27,4,87.09677419354838,92.0,100.0,100.0,81.81818181818181,83.33333333333333,416,15.407407407407407,0,0,0,0,4,0,0,0,0,0,5.6323,3.9364,2483,619269,226,38,35,0.3382130237253912,0,0.219718,0.050595,81,1.624,7.4559999999999995,9.325,0,0.0,0.0,0,1,0,0,0,0,
K4_R0.90_T1_H1_N3_S8003_HYBRID_inprocess,8003,4,0.9,1,1,N3,0.75,20.0,,HYBRID,inprocess,15d400661147c749d2ea9973ac7b5935c739b95df911a79f6a2b49177c0befa4,0826e3b94828c56df53bb0b44151d339246d340dd2ff9896c2b0c8be00ee47f6,0.332,0,31,24,3,27,4,87.09677419354838,92.0,100.0,100.0,81.81818181818181,83.33333333333333,416,15.407407407407407,0,0,0,0,4,0,0,0,0,0,5.6323,3.9364,2483,619269,226,38,35,0.3382130237253912,0,0.233413,0.059083,81,1.7489999999999999,8.274000000000001,11.707,13,0.031,3.0109999999999997,0,1,0,0,0,0,
K4_R0.90_T1_H1_N3_S8003_HYBRID_EAGER_inprocess,8003,4,0.9,1,1,N3,0.75,20.0,,HYBRID_EAGER,inprocess,15d400661147c749d2ea9973ac7b5935c739b95df911a79f6a2b49177c0befa4,28cd481ee98076e95a77eecb7901b771ae1cbc6ad92d35f8bcc50bd37055a77a,0.274,0,31,25,3,28,3,90.3225806451613,94.0,100.0,100.0,86.36363636363636,88.88888888888889,404,14.428571428571429,0,0,0,0,4,0,0,0,0,0,5.6066,3.9364,2483,619400,229,38,34,0.3501259445843829,0,0.188543,0.048256999999999994,82,1.35,7.432,8.253,25,0.371,2.523,0,0,0,0,0,0,
K4_R0.90_T1_H1_N3_S8003_EDGE_MARKET_inprocess,8003,4,0.9,1,1,N3,0.75,20.0,,EDGE_MARKET,inprocess,15d400661147c749d2ea9973ac7b5935c739b95df911a79f6a2b49177c0befa4,ac5ec85263dfa594ebfc46a47a4bac660386b25ee64f3c5e5ff7d6587047ccbe,0.149,0,31,25,3,28,3,90.3225806451613,94.0,100.0,100.0,86.36363636363636,94.44444444444444,393,14.035714285714286,0,0,0,0,4,0,0,0,0,0,5.6084,3.9364,2089,596495,164,40,36,0.1920447482908639,2,0.015922,0.093111,53,0.031,0.074,0.08600000000000001,180,0.646,3.264,0,10,0,0,0,0,
K16_R0.90_T1_H1_N3_S8003_STATIC_inprocess,8003,16,0.9,1,1,N3,0.75,20.0,,STATIC,inprocess,59eb80f076075d5a08cddaff00a052d34188aa1a8874eadde0f96b540f63c608,4038e8984fe0b1f7cb07ebe5f935c0a959ce8da11690cab21a1b7c3c6d19d437,0.345,0,123,101,3,104,19,84.55284552845528,78.8659793814433,64.70588235294117,33.333333333333336,92.13483146067416,84.61538461538461,1771,17.028846153846153,0,0,0,0,16,0,0,0,0,0,5.6566,3.8668,7725,2169488,611,114,64,0.11459678907547519,4,0.051013,0.15240199999999998,259,0.007,0.272,0.94,0,0.0,0.0,0,1,0,0,0,0,
K16_R0.90_T1_H1_N3_S8003_PERIODIC_inprocess,8003,16,0.9,1,1,N3,0.75,20.0,,PERIODIC,inprocess,59eb80f076075d5a08cddaff00a052d34188aa1a8874eadde0f96b540f63c608,57afffa13e3119f83db94c9c67bbe2f536633bc6309dd76e68c8c259ebcdd0c5,0.924,0,123,107,3,110,13,89.4308943089431,91.75257731958763,94.11764705882354,91.66666666666667,87.64044943820225,87.6923076923077,1695,15.409090909090908,0,0,0,0,14,0,0,0,0,0,5.6598,3.8668,8484,2217939,686,126,65,0.17033322549336785,6,0.53393,0.21092699999999998,31,16.026,39.187,59.696,0,0.0,0.0,0,1,0,0,0,0,
K16_R0.90_T1_H1_N3_S8003_CENTRAL_inprocess,8003,16,0.9,1,1,N3,0.75,20.0,,CENTRAL,inprocess,59eb80f076075d5a08cddaff00a052d34188aa1a8874eadde0f96b540f63c608,1da76f2c3b68804d5e15d20f0aa96b257c970285a7e3aaed818514b96d78f8d7,3.685,0,123,109,3,112,11,91.0569105691057,91.23711340206185,88.23529411764706,83.33333333333333,92.13483146067416,92.3076923076923,1631,14.5625,0,0,0,0,15,0,0,0,0,0,5.6769,3.8668,12714,2593694,1154,192,97,0.3484632220001903,4,3.171591,0.238768,210,13.346,40.632000000000005,56.382000000000005,0,0.0,0.0,0,0,0,0,0,0,
K16_R0.90_T1_H1_N3_S8003_CENTRAL_FB_inprocess,8003,16,0.9,1,1,N3,0.75,20.0,,CENTRAL_FB,inprocess,59eb80f076075d5a08cddaff00a052d34188aa1a8874eadde0f96b540f63c608,5d488ab71592505c6ff2059a69f04fedac9d38f596f952a329b41095b41bc2b5,4.218,0,123,104,3,107,16,86.99186991869918,88.65979381443299,85.29411764705883,91.66666666666667,87.64044943820225,86.15384615384616,1749,16.345794392523363,0,0,0,0,14,0,0,0,0,0,5.6673,3.8668,13200,2666948,1195,214,97,0.394612733538908,9,3.672762,0.290855,220,14.6,42.382999999999996,73.765,63,0.118,0.546,0,1,0,0,0,0,
K16_R0.90_T1_H1_N3_S8003_CENTRAL_FOG_inprocess,8003,16,0.9,1,1,N3,0.75,20.0,,CENTRAL_FOG,inprocess,59eb80f076075d5a08cddaff00a052d34188aa1a8874eadde0f96b540f63c608,5dca542747deaca549053be65672e3529b5211173955f03a0741b5504329e0ee,3.927,0,123,109,3,112,11,91.0569105691057,91.23711340206185,88.23529411764706,83.33333333333333,92.13483146067416,92.3076923076923,1631,14.5625,0,0,0,0,15,0,0,0,0,0,5.6769,3.8668,12714,2593694,1154,192,97,0.3484632220001903,4,3.391298,0.23658,210,15.287,40.643,69.801,0,0.0,0.0,0,0,0,0,0,0,
K16_R0.90_T1_H1_N3_S8003_HYBRID_inprocess,8003,16,0.9,1,1,N3,0.75,20.0,,HYBRID,inprocess,59eb80f076075d5a08cddaff00a052d34188aa1a8874eadde0f96b540f63c608,3675fdda7d577afc5800e9fcfe087bacd42a1810bb691d609515335642d118aa,4.051,0,123,104,3,107,16,86.99186991869918,88.65979381443299,85.29411764705883,91.66666666666667,87.64044943820225,86.15384615384616,1749,16.345794392523363,0,0,0,0,14,0,0,0,0,0,5.6673,3.8668,13200,2666948,1195,214,97,0.394612733538908,9,3.316617,0.26595699999999994,220,15.179,36.302,43.928000000000004,63,0.254,0.377,0,1,0,0,0,0,
K16_R0.90_T1_H1_N3_S8003_EDGE_MARKET_inprocess,8003,16,0.9,1,1,N3,0.75,20.0,,EDGE_MARKET,inprocess,59eb80f076075d5a08cddaff00a052d34188aa1a8874eadde0f96b540f63c608,669587dcb72965395c20aac47b5bf8954a2eb0baf02c0aa7c35b59f75c3b913f,0.711,0,123,104,2,106,17,86.17886178861788,88.14432989690722,88.23529411764706,91.66666666666667,85.3932584269663,87.6923076923077,1674,15.79245283018868,0,0,0,0,14,0,0,0,0,0,5.6598,3.8668,9460,2503683,748,146,64,0.18420325876829605,5,0.061565,0.475427,126,0.11299999999999999,0.368,0.7010000000000001,1742,0.48899999999999993,3.298,0,34,0,0,0,0,
K8_R0.75_T1_H1_N1_S8004_STATIC_inprocess,8004,8,0.75,1,1,N1,0.98,3.0,,STATIC,inprocess,a3274ac211080a0af4030c6951709e154ed0831745c47112d62f5c42fe34fb53,9e0e57a207e5853d9629be3ab90811bdd788c4431679611879bf93fee7f83427,0.144,0,51,48,1,49,2,96.07843137254902,96.42857142857143,100.0,100.0,94.5945945945946,95.23809523809524,680,13.877551020408163,0,0,0,0,3,0,0,0,0,0,5.6614,3.8811,3852,1079739,60,31,1,0.0005386479935362241,0,0.022459,0.070188,25,0.103,0.199,0.216,0,0.0,0.0,0,1,0,0,0,0,
K8_R0.75_T1_H1_N1_S8004_PERIODIC_inprocess,8004,8,0.75,1,1,N1,0.98,3.0,,PERIODIC,inprocess,a3274ac211080a0af4030c6951709e154ed0831745c47112d62f5c42fe34fb53,58f77bfccd64f12aaa6ad70b70cf0d92babc37028c6190081e90b072fd41123d,0.325,0,51,47,1,48,3,94.11764705882354,92.85714285714286,92.85714285714286,100.0,94.5945945945946,95.23809523809524,731,15.229166666666666,0,0,0,0,6,0,0,0,0,0,5.6897,3.8811,4215,1103065,85,37,5,0.00812407680945347,1,0.14297,0.08959199999999999,31,2.7169999999999996,9.072000000000001,25.317,0,0.0,0.0,0,0,0,0,0,0,
K8_R0.75_T1_H1_N1_S8004_CENTRAL_inprocess,8004,8,0.75,1,1,N1,0.98,3.0,,CENTRAL,inprocess,a3274ac211080a0af4030c6951709e154ed0831745c47112d62f5c42fe34fb53,531910565acf1dcf6006a8b0afc8d546392aa9aca08698f9a0ad57049657690c,0.583,0,51,48,1,49,2,96.07843137254902,96.42857142857143,100.0,100.0,94.5945945945946,95.23809523809524,736,15.020408163265307,0,0,0,0,6,0,0,0,0,0,5.6326,3.8811,4822,1155911,98,44,9,0.021576586199530016,0,0.417211,0.090723,93,1.9200000000000002,10.597000000000001,23.236,0,0.0,0.0,0,1,0,0,0,0,
K8_R0.75_T1_H1_N1_S8004_CENTRAL_FB_inprocess,8004,8,0.75,1,1,N1,0.98,3.0,,CENTRAL_FB,inprocess,a3274ac211080a0af4030c6951709e154ed0831745c47112d62f5c42fe34fb53,c9eefa2011057b48060b60aaf2da182c9e05bbd8902daaf48406698d2ae2dbd7,0.571,0,51,48,1,49,2,96.07843137254902,96.42857142857143,100.0,100.0,94.5945945945946,95.23809523809524,736,15.020408163265307,0,0,0,0,6,0,0,0,0,0,5.6326,3.8811,4822,1155911,98,44,9,0.021576586199530016,0,0.397998,0.099296,93,2.7520000000000002,9.825000000000001,16.552,1,0.019,0.019,0,1,0,0,0,0,
K16_R0.90_T1_H1_N3_S8003_HYBRID_EAGER_inprocess,8003,16,0.9,1,1,N3,0.75,20.0,,HYBRID_EAGER,inprocess,59eb80f076075d5a08cddaff00a052d34188aa1a8874eadde0f96b540f63c608,34a18ea29007ce79c687c38d415497a43bbe97e4a1f951f9bf776472c05da83b,4.322,0,123,107,3,110,13,89.4308943089431,91.75257731958763,94.11764705882354,100.0,87.64044943820225,87.6923076923077,1800,16.363636363636363,0,0,0,0,14,0,0,0,0,0,5.6694,3.8668,13134,2647098,1224,203,97,0.3824310708069983,7,3.295797,0.28780800000000006,214,13.061,47.455999999999996,123.14,92,0.08600000000000001,0.505,0,0,0,0,0,0,
K8_R0.75_T1_H1_N1_S8004_CENTRAL_FOG_inprocess,8004,8,0.75,1,1,N1,0.98,3.0,,CENTRAL_FOG,inprocess,a3274ac211080a0af4030c6951709e154ed0831745c47112d62f5c42fe34fb53,22384e9ced1ef5009b7288bb2e6f06210cce40787ecfd65a23569581e9984e29,0.643,0,51,48,1,49,2,96.07843137254902,96.42857142857143,100.0,100.0,94.5945945945946,95.23809523809524,736,15.020408163265307,0,0,0,0,6,0,0,0,0,0,5.6326,3.8811,4822,1155911,98,44,9,0.021576586199530016,0,0.450697,0.103215,93,2.541,11.736,19.713,0,0.0,0.0,0,1,0,0,0,0,
K8_R0.75_T1_H1_N1_S8004_HYBRID_inprocess,8004,8,0.75,1,1,N1,0.98,3.0,,HYBRID,inprocess,a3274ac211080a0af4030c6951709e154ed0831745c47112d62f5c42fe34fb53,ee162290e0efc08c53c979001076af15e7d2837134342c89f6005faa50dafab1,0.591,0,51,48,1,49,2,96.07843137254902,96.42857142857143,100.0,100.0,94.5945945945946,95.23809523809524,736,15.020408163265307,0,0,0,0,6,0,0,0,0,0,5.6326,3.8811,4822,1155911,98,44,9,0.021576586199530016,0,0.411063,0.099186,93,2.373,9.624,17.413,1,0.013,0.013,0,1,0,0,0,0,
K8_R0.75_T1_H1_N1_S8004_EDGE_MARKET_inprocess,8004,8,0.75,1,1,N1,0.98,3.0,,EDGE_MARKET,inprocess,a3274ac211080a0af4030c6951709e154ed0831745c47112d62f5c42fe34fb53,98de74ac4385d9fdd9038e5aa3d3dc7131da6e42bccb25fcf4be0a3955a57c3e,0.227,0,51,48,1,49,2,96.07843137254902,94.04761904761905,92.85714285714286,85.71428571428571,97.29729729729729,95.23809523809524,729,14.877551020408163,0,0,0,0,5,0,0,0,0,0,5.6614,3.8811,4069,1114904,66,42,9,0.008384146341463415,0,0.029714,0.135059,35,0.06499999999999999,0.083,0.118,301,0.494,2.92,0,1,0,0,0,0,
K8_R0.75_T1_H1_N1_S8004_HYBRID_EAGER_inprocess,8004,8,0.75,1,1,N1,0.98,3.0,,HYBRID_EAGER,inprocess,a3274ac211080a0af4030c6951709e154ed0831745c47112d62f5c42fe34fb53,ad993df1cdef782f94987fa23f13da024755f583c8ac2eadc380553bb42ac25a,0.662,0,51,48,1,49,2,96.07843137254902,96.42857142857143,100.0,100.0,94.5945945945946,95.23809523809524,736,15.020408163265307,0,0,0,0,6,0,0,0,0,0,5.6326,3.8811,4822,1155891,98,44,9,0.021367521367521368,0,0.452566,0.11976599999999998,93,3.497,10.974,17.391000000000002,9,0.041,0.041,0,1,0,0,0,0,
K8_R1.05_T1_H1_N1_S8004_STATIC_inprocess,8004,8,1.05,1,1,N1,0.98,3.0,,STATIC,inprocess,a9206b9f179f817e2a89a0ebd45a1f1f14107920bc35850ba3d74bfab3af4178,ea172acb308bbe43fe4f4d749431dce0d1c43add966ba2ad5ac514278a7fd20a,0.209,0,72,54,3,57,15,79.16666666666667,74.35897435897436,57.142857142857146,44.44444444444444,88.23529411764706,73.80952380952381,817,14.333333333333334,0,0,0,0,8,0,0,0,0,0,5.6523,3.8575,3880,1125348,76,31,1,0.0010732492621411322,0,0.044267,0.09483799999999999,252,0.008,0.263,0.417,0,0.0,0.0,0,1,0,0,0,0,
K8_R1.05_T1_H1_N1_S8004_PERIODIC_inprocess,8004,8,1.05,1,1,N1,0.98,3.0,,PERIODIC,inprocess,a9206b9f179f817e2a89a0ebd45a1f1f14107920bc35850ba3d74bfab3af4178,1c88ff1f0fd38f92db8a17199b626ef10ab3b6c38c39f8ae93f4d949a29c9c4a,0.669,0,72,54,1,55,17,76.38888888888889,81.19658119658119,90.47619047619048,77.77777777777777,70.58823529411765,66.66666666666667,836,15.2,0,0,0,0,7,0,0,0,0,0,5.6335,3.8575,4488,1181119,91,40,6,0.01015228426395939,0,0.473007,0.11030399999999999,31,12.572,34.042,43.53,0,0.0,0.0,0,1,0,0,0,0,
K8_R1.05_T1_H1_N1_S8004_CENTRAL_inprocess,8004,8,1.05,1,1,N1,0.98,3.0,,CENTRAL,inprocess,a9206b9f179f817e2a89a0ebd45a1f1f14107920bc35850ba3d74bfab3af4178,4e3183e8db03337e40eefd4823cff96957422008693266c80ce19d89519306b5,2.802,0,72,58,2,60,12,83.33333333333333,87.17948717948718,90.47619047619048,100.0,80.3921568627451,85.71428571428571,780,13.0,0,0,0,0,8,0,0,0,0,0,5.6712,3.8575,6533,1353717,136,46,7,0.028928850664581705,1,2.540864,0.122679,139,18.785,35.137,42.69,0,0.0,0.0,0,0,0,0,0,0,
K8_R1.05_T1_H1_N1_S8004_CENTRAL_FB_inprocess,8004,8,1.05,1,1,N1,0.98,3.0,,CENTRAL_FB,inprocess,a9206b9f179f817e2a89a0ebd45a1f1f14107920bc35850ba3d74bfab3af4178,93e701451e2268f0aec267461241c49d99af46fc0a67d52784de9b76e9bec0bd,2.943,0,72,58,2,60,12,83.33333333333333,87.17948717948718,90.47619047619048,100.0,80.3921568627451,85.71428571428571,780,13.0,0,0,0,0,8,0,0,0,0,0,5.6712,3.8575,6533,1353717,136,46,7,0.028928850664581705,1,2.658711,0.13011899999999998,139,19.275000000000002,39.244,50.694,1,0.015000000000000001,0.015000000000000001,0,0,0,0,0,0,
K8_R1.05_T1_H1_N1_S8004_CENTRAL_FOG_inprocess,8004,8,1.05,1,1,N1,0.98,3.0,,CENTRAL_FOG,inprocess,a9206b9f179f817e2a89a0ebd45a1f1f14107920bc35850ba3d74bfab3af4178,69fdd4df1da969ec5cba4bfe32ad94bcf66e83df1a000f8f4f9aadc34819a30f,2.776,0,72,58,2,60,12,83.33333333333333,87.17948717948718,90.47619047619048,100.0,80.3921568627451,85.71428571428571,780,13.0,0,0,0,0,8,0,0,0,0,0,5.6712,3.8575,6533,1353717,136,46,7,0.028928850664581705,1,2.51146,0.11581499999999999,139,16.882,36.894000000000005,58.672000000000004,0,0.0,0.0,0,0,0,0,0,0,
K8_R1.05_T1_H1_N1_S8004_HYBRID_inprocess,8004,8,1.05,1,1,N1,0.98,3.0,,HYBRID,inprocess,a9206b9f179f817e2a89a0ebd45a1f1f14107920bc35850ba3d74bfab3af4178,7e5d9922c9d405db213c45df4805a208c2245ca08cbf38fb3132ac1ced22eb18,2.986,0,72,58,2,60,12,83.33333333333333,87.17948717948718,90.47619047619048,100.0,80.3921568627451,85.71428571428571,780,13.0,0,0,0,0,8,0,0,0,0,0,5.6712,3.8575,6533,1353717,136,46,7,0.028928850664581705,1,2.741254,0.12635500000000002,139,19.91,40.544,49.187000000000005,1,0.013,0.013,0,0,0,0,0,0,
K8_R1.05_T1_H1_N1_S8004_EDGE_MARKET_inprocess,8004,8,1.05,1,1,N1,0.98,3.0,,EDGE_MARKET,inprocess,a9206b9f179f817e2a89a0ebd45a1f1f14107920bc35850ba3d74bfab3af4178,9eb6f69e865f147c723042ff5b6a0d37dab180de5633ae2ea6650843a10afeeb,0.492,0,72,54,3,57,15,79.16666666666667,82.90598290598291,85.71428571428571,88.88888888888889,76.47058823529412,80.95238095238095,823,14.43859649122807,0,0,0,0,8,0,0,0,0,0,5.6576,3.8575,5108,1389204,122,39,6,0.016959418534221685,1,0.039189,0.318266,149,0.066,0.185,0.412,1162,0.637,8.597999999999999,0,36,0,0,0,0,
K4_R0.90_T1_H1_N1_S8004_STATIC_inprocess,8004,4,0.9,1,1,N1,0.98,3.0,,STATIC,inprocess,c11399cec55bf2772e30b15bef278a7a1ebcb1ee4455c2e1562574e3563b240c,d7afc71d9d93184cfc7f58524978f32f8c0603937fbe249ade23477bc5d5225b,0.101,0,31,28,1,29,2,93.54838709677419,92.45283018867924,100.0,100.0,91.30434782608695,92.85714285714286,336,11.586206896551724,0,0,0,0,3,0,0,0,0,0,5.676,3.9059,1938,585402,39,12,4,0.005341880341880342,0,0.017412,0.047514,68,0.006,0.10900000000000001,0.126,0,0.0,0.0,0,0,0,0,0,0,
K4_R0.90_T1_H1_N1_S8004_PERIODIC_inprocess,8004,4,0.9,1,1,N1,0.98,3.0,,PERIODIC,inprocess,c11399cec55bf2772e30b15bef278a7a1ebcb1ee4455c2e1562574e3563b240c,6bda7e061471913ccab06fe234fbe4e150eb0f20a64faa9aff424d56f20c1bfe,0.16,0,31,28,1,29,2,93.54838709677419,96.22641509433963,100.0,100.0,91.30434782608695,92.85714285714286,337,11.620689655172415,0,0,0,0,3,0,0,0,0,0,5.6692,3.9059,2129,603089,40,14,5,0.012112403100775194,0,0.074613,0.046374,31,1.236,6.0889999999999995,8.173,0,0.0,0.0,0,1,0,0,0,0,
K4_R0.90_T1_H1_N1_S8004_CENTRAL_inprocess,8004,4,0.9,1,1,N1,0.98,3.0,,CENTRAL,inprocess,c11399cec55bf2772e30b15bef278a7a1ebcb1ee4455c2e1562574e3563b240c,4ba4ace027de5f9e8b9c316d42efd9b047f513e15107ec5f1e11f7b6d2df6b41,0.243,0,31,28,1,29,2,93.54838709677419,96.22641509433963,100.0,100.0,91.30434782608695,100.0,354,12.206896551724139,0,0,0,0,3,0,0,0,0,0,5.6514,3.9059,2353,622740,64,12,5,0.009674582233948988,0,0.154308,0.048587000000000005,64,2.305,5.446000000000001,6.402,0,0.0,0.0,0,0,0,0,0,0,
K4_R0.90_T1_H1_N1_S8004_CENTRAL_FB_inprocess,8004,4,0.9,1,1,N1,0.98,3.0,,CENTRAL_FB,inprocess,c11399cec55bf2772e30b15bef278a7a1ebcb1ee4455c2e1562574e3563b240c,7fc4a04ca2d7e3f9ef14a406c75a82980f5fae24b751a4ea00087bfeacccaa0f,0.225,0,31,28,1,29,2,93.54838709677419,96.22641509433963,100.0,100.0,91.30434782608695,100.0,354,12.206896551724139,0,0,0,0,3,0,0,0,0,0,5.6514,3.9059,2353,622740,64,12,5,0.009674582233948988,0,0.131375,0.047818,64,1.851,5.019,6.207,1,0.017,0.017,0,0,0,0,0,0,
K4_R0.90_T1_H1_N1_S8004_CENTRAL_FOG_inprocess,8004,4,0.9,1,1,N1,0.98,3.0,,CENTRAL_FOG,inprocess,c11399cec55bf2772e30b15bef278a7a1ebcb1ee4455c2e1562574e3563b240c,a7fb9d6ab46dca668b0fd0638446151e2118ae60d6a06b92269c87b840348744,0.261,0,31,28,1,29,2,93.54838709677419,96.22641509433963,100.0,100.0,91.30434782608695,100.0,354,12.206896551724139,0,0,0,0,3,0,0,0,0,0,5.6514,3.9059,2353,622740,64,12,5,0.009674582233948988,0,0.163656,0.049357000000000005,64,2.271,6.527,9.415,0,0.0,0.0,0,0,0,0,0,0,
K4_R0.90_T1_H1_N1_S8004_HYBRID_inprocess,8004,4,0.9,1,1,N1,0.98,3.0,,HYBRID,inprocess,c11399cec55bf2772e30b15bef278a7a1ebcb1ee4455c2e1562574e3563b240c,15f61086bc59af0175dcf0cf990bd9d8d9150311bfab1370f3509f124b3bda4b,0.209,0,31,28,1,29,2,93.54838709677419,96.22641509433963,100.0,100.0,91.30434782608695,100.0,354,12.206896551724139,0,0,0,0,3,0,0,0,0,0,5.6514,3.9059,2353,622740,64,12,5,0.009674582233948988,0,0.128934,0.042726,64,1.772,4.902,5.381,1,0.008,0.008,0,0,0,0,0,0,
K8_R1.05_T1_H1_N1_S8004_HYBRID_EAGER_inprocess,8004,8,1.05,1,1,N1,0.98,3.0,,HYBRID_EAGER,inprocess,a9206b9f179f817e2a89a0ebd45a1f1f14107920bc35850ba3d74bfab3af4178,8bd7031cf096a3eb8deb2360e887c1a319cceea47970f0a03252359fc88263a8,3.021,0,72,58,2,60,12,83.33333333333333,88.88888888888889,100.0,100.0,76.47058823529412,85.71428571428571,787,13.116666666666667,0,0,0,0,7,0,0,0,0,0,7.0746,3.8575,6615,1360267,132,57,7,0.030396543743249498,0,2.610573,0.133098,141,18.72,41.25,77.942,13,0.058,0.063,0,0,0,0,0,0,
K4_R0.90_T1_H1_N1_S8004_HYBRID_EAGER_inprocess,8004,4,0.9,1,1,N1,0.98,3.0,,HYBRID_EAGER,inprocess,c11399cec55bf2772e30b15bef278a7a1ebcb1ee4455c2e1562574e3563b240c,e4a35d314b882b01703ff836044054e9e3898bae7c7b9ed50a7bc67bb32764ed,0.219,0,31,28,1,29,2,93.54838709677419,96.22641509433963,100.0,100.0,91.30434782608695,100.0,354,12.206896551724139,0,0,0,0,3,0,0,0,0,0,5.6514,3.9059,2353,622738,64,12,5,0.009674582233948988,0,0.137349,0.045508,64,1.767,5.771,7.402,8,0.079,0.079,0,0,0,0,0,0,
K4_R0.90_T1_H1_N1_S8004_EDGE_MARKET_inprocess,8004,4,0.9,1,1,N1,0.98,3.0,,EDGE_MARKET,inprocess,c11399cec55bf2772e30b15bef278a7a1ebcb1ee4455c2e1562574e3563b240c,25014acf68cce72a94801e2d908b044c3c9c4dceddb0d2f7617779a5ea3f3e22,0.136,0,31,26,1,27,4,87.09677419354838,88.67924528301887,87.5,80.0,86.95652173913044,92.85714285714286,337,12.481481481481481,0,0,0,0,3,0,0,0,0,0,5.7195,3.9059,2142,623072,32,12,1,0.0028804608737397984,0,0.018299,0.080297,67,0.041999999999999996,0.073,0.155,246,0.49,3.491,0,9,0,0,0,0,
K16_R0.90_T1_H1_N1_S8004_STATIC_inprocess,8004,16,0.9,1,1,N1,0.98,3.0,,STATIC,inprocess,ff8b93748650ecad1af273a73d2062575e3f98386304c45c6effbb379d4d9c6b,60cb29d4bdbfdc4bb87c16f38e3039b84f5c4cad3354c79b1b4cc1c1394e31a3,0.425,0,123,100,2,102,21,82.92682926829268,76.16580310880829,58.97435897435897,50.0,94.04761904761905,85.29411764705883,1461,14.323529411764707,0,0,0,0,15,0,0,0,0,0,6.5242,3.8726,7721,2125433,145,71,7,0.005119224033409673,2,0.080729,0.176433,234,0.012,0.449,0.962,0,0.0,0.0,0,1,0,0,0,0,
K16_R0.90_T1_H1_N1_S8004_PERIODIC_inprocess,8004,16,0.9,1,1,N1,0.98,3.0,,PERIODIC,inprocess,ff8b93748650ecad1af273a73d2062575e3f98386304c45c6effbb379d4d9c6b,e5391be364ce86f4ff291dab215c07b1e7ba97d9d82a14d413535bacb91968ae,1.313,0,123,94,2,96,27,78.04878048780488,78.23834196891191,76.92307692307692,71.42857142857143,78.57142857142857,72.05882352941177,1627,16.947916666666668,0,0,0,0,14,0,0,0,0,0,5.6373,3.8726,8764,2257180,181,87,5,0.011567516525023608,4,0.873146,0.21826500000000001,31,34.732,51.403,72.818,0,0.0,0.0,0,0,0,0,0,0,
K16_R0.90_T1_H1_N1_S8004_CENTRAL_inprocess,8004,16,0.9,1,1,N1,0.98,3.0,,CENTRAL,inprocess,ff8b93748650ecad1af273a73d2062575e3f98386304c45c6effbb379d4d9c6b,f56b03bbc52adedd4992a1666aba460a9d5026e534b3e368082eed3590e48e88,6.888,0,123,99,3,102,21,82.92682926829268,86.52849740932642,89.74358974358974,92.85714285714286,79.76190476190476,82.3529411764706,1605,15.735294117647058,0,0,0,0,15,0,0,0,0,0,6.6329,3.8726,12936,2626290,283,112,12,0.035905934343434344,2,6.200855,0.26216900000000004,174,38.243,59.495,105.13799999999999,0,0.0,0.0,0,0,0,0,0,0,
K16_R0.90_T1_H1_N1_S8004_CENTRAL_FB_inprocess,8004,16,0.9,1,1,N1,0.98,3.0,,CENTRAL_FB,inprocess,ff8b93748650ecad1af273a73d2062575e3f98386304c45c6effbb379d4d9c6b,3c3ff8e0bcc3b25bfb493565369efe354562a2e5d3a56243669d8f180499f702,7.223,0,123,99,3,102,21,82.92682926829268,86.52849740932642,89.74358974358974,92.85714285714286,79.76190476190476,82.3529411764706,1605,15.735294117647058,0,0,0,0,15,0,0,0,0,0,6.6329,3.8726,12936,2626290,283,112,12,0.035905934343434344,2,6.360632,0.261967,174,39.644,64.043,123.74499999999999,5,0.44499999999999995,0.44499999999999995,0,0,0,0,0,0,
K16_R0.90_T1_H1_N1_S8004_CENTRAL_FOG_inprocess,8004,16,0.9,1,1,N1,0.98,3.0,,CENTRAL_FOG,inprocess,ff8b93748650ecad1af273a73d2062575e3f98386304c45c6effbb379d4d9c6b,7f3898e5113978fc1ecaec90ff843139d3416f328dc2688ec9a2493052a12cc6,6.691,0,123,99,3,102,21,82.92682926829268,86.52849740932642,89.74358974358974,92.85714285714286,79.76190476190476,82.3529411764706,1605,15.735294117647058,0,0,0,0,15,0,0,0,0,0,6.6329,3.8726,12936,2626290,283,112,12,0.035905934343434344,2,6.019577,0.263688,174,34.891999999999996,57.17,112.091,0,0.0,0.0,0,0,0,0,0,0,
K16_R0.90_T1_H1_N1_S8004_HYBRID_inprocess,8004,16,0.9,1,1,N1,0.98,3.0,,HYBRID,inprocess,ff8b93748650ecad1af273a73d2062575e3f98386304c45c6effbb379d4d9c6b,69d9ab15da67971a2c500f06276ca57692d0bdc721248bf4df68a95ca55d0d22,6.737,0,123,99,3,102,21,82.92682926829268,86.52849740932642,89.74358974358974,92.85714285714286,79.76190476190476,82.3529411764706,1605,15.735294117647058,0,0,0,0,15,0,0,0,0,0,6.6329,3.8726,12936,2626290,283,112,12,0.035905934343434344,2,6.010395,0.28090800000000005,174,34.899,62.715999999999994,94.868,6,0.36200000000000004,0.36200000000000004,0,0,0,0,0,0,
K16_R0.90_T1_H1_N1_S8004_EDGE_MARKET_inprocess,8004,16,0.9,1,1,N1,0.98,3.0,,EDGE_MARKET,inprocess,ff8b93748650ecad1af273a73d2062575e3f98386304c45c6effbb379d4d9c6b,c91515c50a90a313a3ad0b3aa6b650e6407ae313cbc0bebe98f76e213521b604,0.946,0,123,94,3,97,26,78.86178861788618,81.34715025906736,84.61538461538461,92.85714285714286,76.19047619047619,80.88235294117646,1652,17.030927835051546,4,4,0,0,16,0,0,0,0,0,5.6741,3.8726,11320,2896996,225,106,10,0.029044516829533115,2,0.089457,0.643291,162,0.149,0.451,0.8059999999999999,3443,0.48000000000000004,6.43,0,54,0,0,0,0,
K8_R0.75_T1_H1_N3_S8004_STATIC_inprocess,8004,8,0.75,1,1,N3,0.75,20.0,,STATIC,inprocess,d0e5f37bf6c5c6bcd97779c1577172d2a8a407d5c955b2356222207c32aba779,cefd0f2aa28b27ea51a33d4d24a8c8069b64d5f3cf3aa90606b0218cbc91336d,0.159,0,51,49,0,49,2,96.07843137254902,96.42857142857143,100.0,100.0,94.5945945945946,100.0,739,15.081632653061224,0,0,0,0,4,0,0,0,0,0,5.6062,3.8811,3852,1081167,326,58,57,0.2042857142857143,3,0.02258,0.080435,84,0.007,0.16699999999999998,0.27399999999999997,0,0.0,0.0,0,0,0,0,0,0,
K8_R0.75_T1_H1_N3_S8004_PERIODIC_inprocess,8004,8,0.75,1,1,N3,0.75,20.0,,PERIODIC,inprocess,d0e5f37bf6c5c6bcd97779c1577172d2a8a407d5c955b2356222207c32aba779,7c6fd5c15b16105ec6ba8187a7381cd7c627527379d8a079b1bfb3c876306264,0.238,0,51,48,1,49,2,96.07843137254902,96.42857142857143,92.85714285714286,100.0,97.29729729729729,100.0,711,14.510204081632653,0,0,0,0,5,0,0,0,0,0,5.6897,3.8811,4134,1094477,338,60,57,0.1998708427510494,2,0.10248,0.07658,31,1.8920000000000001,7.705,10.62,0,0.0,0.0,0,0,0,0,0,0,
K8_R0.75_T1_H1_N3_S8004_CENTRAL_inprocess,8004,8,0.75,1,1,N3,0.75,20.0,,CENTRAL,inprocess,d0e5f37bf6c5c6bcd97779c1577172d2a8a407d5c955b2356222207c32aba779,4aa8a989b90dc0c13fbd91c10ea97e26f57e40aad44df2f2700cab0e7ee3b72f,0.642,0,51,49,1,50,1,98.03921568627452,97.61904761904762,100.0,100.0,97.29729729729729,100.0,648,12.96,0,0,0,0,5,0,0,0,0,0,5.5898,3.8811,4818,1163877,406,76,69,0.2819232790331056,2,0.453134,0.10602899999999998,110,2.851,10.104999999999999,16.29,0,0.0,0.0,0,0,0,0,0,0,
K8_R0.75_T1_H1_N3_S8004_CENTRAL_FB_inprocess,8004,8,0.75,1,1,N3,0.75,20.0,,CENTRAL_FB,inprocess,d0e5f37bf6c5c6bcd97779c1577172d2a8a407d5c955b2356222207c32aba779,0d1917281950b815f643b7d33d46d0d343a10c329c5b741f201c41415d5a81b7,0.628,0,51,49,1,50,1,98.03921568627452,97.61904761904762,100.0,100.0,97.29729729729729,100.0,648,12.96,0,0,0,0,5,0,0,0,0,0,5.5898,3.8811,4818,1163877,406,76,69,0.2819232790331056,2,0.41093,0.098516,110,2.7399999999999998,10.33,36.307,29,0.14400000000000002,0.42700000000000005,0,0,0,0,0,0,
K8_R0.75_T1_H1_N3_S8004_CENTRAL_FOG_inprocess,8004,8,0.75,1,1,N3,0.75,20.0,,CENTRAL_FOG,inprocess,d0e5f37bf6c5c6bcd97779c1577172d2a8a407d5c955b2356222207c32aba779,256c9bdb1f3455965ef11a12a12ef741af6e8056b8ef712e01ae6d71ef664b81,0.518,0,51,49,1,50,1,98.03921568627452,97.61904761904762,100.0,100.0,97.29729729729729,100.0,648,12.96,0,0,0,0,5,0,0,0,0,0,5.5898,3.8811,4818,1163877,406,76,69,0.2819232790331056,2,0.369612,0.08261899999999998,110,2.193,9.007,11.551,0,0.0,0.0,0,0,0,0,0,0,
K8_R0.75_T1_H1_N3_S8004_HYBRID_inprocess,8004,8,0.75,1,1,N3,0.75,20.0,,HYBRID,inprocess,d0e5f37bf6c5c6bcd97779c1577172d2a8a407d5c955b2356222207c32aba779,06715345b1187d7948a2f391af3b97e63802633f5cf67e0b7ba8beaf9b9ab8e9,0.547,0,51,49,1,50,1,98.03921568627452,97.61904761904762,100.0,100.0,97.29729729729729,100.0,648,12.96,0,0,0,0,5,0,0,0,0,0,5.5898,3.8811,4818,1163877,406,76,69,0.2819232790331056,2,0.366245,0.09659799999999999,110,2.6229999999999998,8.092,11.370999999999999,29,0.13999999999999999,0.439,0,0,0,0,0,0,
K8_R0.75_T1_H1_N3_S8004_HYBRID_EAGER_inprocess,8004,8,0.75,1,1,N3,0.75,20.0,,HYBRID_EAGER,inprocess,d0e5f37bf6c5c6bcd97779c1577172d2a8a407d5c955b2356222207c32aba779,a46109ce84eee90b5b8ea15bf488d42eae5c49a53d894745c6aff6ad3f43321d,0.705,0,51,49,1,50,1,98.03921568627452,97.61904761904762,100.0,100.0,97.29729729729729,100.0,657,13.14,0,0,0,0,6,0,0,0,0,0,5.5898,3.8811,4795,1161499,393,80,69,0.2510559662090813,2,0.42161,0.10681199999999999,110,2.335,11.269,17.951,44,0.13799999999999998,0.448,0,0,0,0,0,0,
K8_R0.75_T1_H1_N3_S8004_EDGE_MARKET_inprocess,8004,8,0.75,1,1,N3,0.75,20.0,,EDGE_MARKET,inprocess,d0e5f37bf6c5c6bcd97779c1577172d2a8a407d5c955b2356222207c32aba779,9b42340738561fac8f587e78c868de24b65032f645b42fa22a2019e425b850d6,0.206,0,51,49,1,50,1,98.03921568627452,97.61904761904762,100.0,100.0,97.29729729729729,100.0,744,14.88,0,0,0,0,4,0,0,0,0,0,5.6662,3.8811,4041,1126483,305,44,71,0.2349059716265259,2,0.023161,0.121307,32,0.046,0.081,0.091,262,0.442,2.535,0,2,0,0,0,0,
K8_R1.05_T1_H1_N3_S8004_STATIC_inprocess,8004,8,1.05,1,1,N3,0.75,20.0,,STATIC,inprocess,0388ef666a85713bf4c350cb3c1c369722889395fa15208db7f0057570d9a4de,5219bce141d72a4250d0baabff2dc799b5b6b5bf735faaf5d28ba8794a62e6de,0.202,0,72,53,3,56,16,77.77777777777777,71.7948717948718,52.38095238095238,33.333333333333336,88.23529411764706,73.80952380952381,826,14.75,0,0,0,0,7,0,0,0,0,0,5.6351,3.8575,3877,1121258,338,63,60,0.2053191489361702,4,0.038463,0.09480799999999999,276,0.008,0.221,0.4,0,0.0,0.0,0,1,0,0,0,0,
K16_R0.90_T1_H1_N1_S8004_HYBRID_EAGER_inprocess,8004,16,0.9,1,1,N1,0.98,3.0,,HYBRID_EAGER,inprocess,ff8b93748650ecad1af273a73d2062575e3f98386304c45c6effbb379d4d9c6b,5ff879c57f63a88b139dacb7368ef10873ab340fad4408c77be43c7171edd8fc,6.869,0,123,95,2,97,26,78.86178861788618,81.34715025906736,82.05128205128206,85.71428571428571,77.38095238095238,75.0,1583,16.31958762886598,0,0,0,0,13,0,0,0,0,0,5.7219,3.8726,13183,2647654,268,125,12,0.0335316387236344,2,6.20786,0.26523300000000005,179,34.535000000000004,61.595,78.484,24,0.124,0.562,0,0,0,0,0,0,
K8_R1.05_T1_H1_N3_S8004_PERIODIC_inprocess,8004,8,1.05,1,1,N3,0.75,20.0,,PERIODIC,inprocess,0388ef666a85713bf4c350cb3c1c369722889395fa15208db7f0057570d9a4de,16755ad16fc84079c783576d210c7ec1e66d3a7f738e61e992c8ff512aa3f21c,0.478,0,72,55,2,57,15,79.16666666666667,85.47008547008546,95.23809523809524,100.0,72.54901960784314,71.42857142857143,803,14.087719298245615,0,0,0,0,7,0,0,0,0,0,5.6638,3.8575,4349,1130881,373,61,68,0.24119241192411925,4,0.298962,0.093714,31,6.38,26.771,30.586,0,0.0,0.0,0,1,0,0,0,0,
K8_R1.05_T1_H1_N3_S8004_CENTRAL_FB_inprocess,8004,8,1.05,1,1,N3,0.75,20.0,,CENTRAL_FB,inprocess,0388ef666a85713bf4c350cb3c1c369722889395fa15208db7f0057570d9a4de,6b7b8c1268d37bf038bd5323b3221d55434af4ca234fe22e006918c62030e88c,2.262,0,72,57,1,58,14,80.55555555555556,85.47008547008546,90.47619047619048,88.88888888888889,76.47058823529412,76.19047619047619,785,13.53448275862069,0,0,0,0,6,0,0,0,0,0,5.6564,3.8575,6528,1336093,591,111,70,0.3723060344827586,3,2.008002,0.11969099999999999,160,10.577,30.963,40.550000000000004,25,2.352,2.491,0,0,0,0,0,0,
K8_R1.05_T1_H1_N3_S8004_CENTRAL_inprocess,8004,8,1.05,1,1,N3,0.75,20.0,,CENTRAL,inprocess,0388ef666a85713bf4c350cb3c1c369722889395fa15208db7f0057570d9a4de,9c1b29991a99b5cf381eaf116c47352d69ae4425e281b444b3e3613840fa422b,2.344,0,72,54,2,56,16,77.77777777777777,82.90598290598291,85.71428571428571,88.88888888888889,74.50980392156863,71.42857142857143,849,15.160714285714286,0,0,0,0,7,0,0,0,0,0,5.6629,3.8575,6867,1402559,618,97,70,0.3677298311444653,3,2.111751,0.11366099999999998,177,10.41,29.567,38.851,0,0.0,0.0,0,0,0,0,0,0,
K8_R1.05_T1_H1_N3_S8004_HYBRID_inprocess,8004,8,1.05,1,1,N3,0.75,20.0,,HYBRID,inprocess,0388ef666a85713bf4c350cb3c1c369722889395fa15208db7f0057570d9a4de,45c147e3112dfee751a9b95e9db37bacbdb8108772fb64f4d041d7eaed7d67ec,2.242,0,72,57,1,58,14,80.55555555555556,85.47008547008546,90.47619047619048,88.88888888888889,76.47058823529412,76.19047619047619,785,13.53448275862069,0,0,0,0,6,0,0,0,0,0,5.6564,3.8575,6528,1336093,591,111,70,0.3723060344827586,3,1.984206,0.119395,160,9.946,31.384000000000004,37.812,25,2.355,2.396,0,0,0,0,0,0,
K8_R1.05_T1_H1_N3_S8004_CENTRAL_FOG_inprocess,8004,8,1.05,1,1,N3,0.75,20.0,,CENTRAL_FOG,inprocess,0388ef666a85713bf4c350cb3c1c369722889395fa15208db7f0057570d9a4de,9c8a462950fae0e47002c65bdd8f9e9a15aaa2f36f085767fce4fae18c8ddab4,2.493,0,72,54,2,56,16,77.77777777777777,82.90598290598291,85.71428571428571,88.88888888888889,74.50980392156863,71.42857142857143,849,15.160714285714286,0,0,0,0,7,0,0,0,0,0,5.6629,3.8575,6867,1402559,618,97,70,0.3677298311444653,3,2.250955,0.123464,177,11.546000000000001,28.545,59.75599999999999,0,0.0,0.0,0,0,0,0,0,0,
K8_R1.05_T1_H1_N3_S8004_EDGE_MARKET_inprocess,8004,8,1.05,1,1,N3,0.75,20.0,,EDGE_MARKET,inprocess,0388ef666a85713bf4c350cb3c1c369722889395fa15208db7f0057570d9a4de,bdace2f81407318a23a357049145502451e063c5cb33d89fa8daea92bf497bc8,0.418,0,72,53,2,55,17,76.38888888888889,81.19658119658119,85.71428571428571,88.88888888888889,72.54901960784314,78.57142857142857,851,15.472727272727273,0,0,0,0,7,0,0,0,0,0,5.6441,3.8575,4812,1296134,428,72,69,0.3752975403332452,3,0.032539,0.295738,141,0.055,0.165,0.35100000000000003,936,0.648,3.15,0,26,0,0,0,0,
K4_R0.90_T1_H1_N3_S8004_STATIC_inprocess,8004,4,0.9,1,1,N3,0.75,20.0,,STATIC,inprocess,252c3a0c490ce74089d65de215655e3945a55995cc89b96243558030730a9f7e,22fc32dc84624ec695543bd13ce86c226dd2424c7609a688a7814d76e45deeda,0.098,0,31,28,1,29,2,93.54838709677419,92.45283018867924,100.0,100.0,91.30434782608695,92.85714285714286,337,11.620689655172415,0,0,0,0,3,0,0,0,0,0,5.676,3.9059,1938,585231,158,24,50,0.08526107072042301,2,0.015251,0.046716999999999995,98,0.005,0.107,0.13899999999999998,0,0.0,0.0,0,0,0,0,0,0,
K4_R0.90_T1_H1_N3_S8004_PERIODIC_inprocess,8004,4,0.9,1,1,N3,0.75,20.0,,PERIODIC,inprocess,252c3a0c490ce74089d65de215655e3945a55995cc89b96243558030730a9f7e,1eba22de47dc047837ae17619e31a579a1ecdb0f1f6096e1a906045805d4307f,0.16,0,31,28,1,29,2,93.54838709677419,94.33962264150944,87.5,100.0,95.65217391304348,100.0,335,11.551724137931034,0,0,0,0,4,0,0,0,0,0,5.7492,3.9059,2095,601480,202,38,47,0.1012734990903578,2,0.071269,0.049218,31,1.304,5.934,7.83,0,0.0,0.0,0,0,0,0,0,0,
K4_R0.90_T1_H1_N3_S8004_CENTRAL_inprocess,8004,4,0.9,1,1,N3,0.75,20.0,,CENTRAL,inprocess,252c3a0c490ce74089d65de215655e3945a55995cc89b96243558030730a9f7e,45c8cf6b403882edd3ed5e3a0fad573ea86f95aea70606ee514e826a365ce2b0,0.246,0,31,28,1,29,2,93.54838709677419,96.22641509433963,100.0,100.0,91.30434782608695,100.0,357,12.310344827586206,0,0,0,0,4,0,0,0,0,0,5.7306,3.9059,2329,624079,203,35,59,0.15018315018315018,2,0.166059,0.043573,80,1.5230000000000001,6.443,7.889,0,0.0,0.0,0,1,0,0,0,0,
K4_R0.90_T1_H1_N3_S8004_CENTRAL_FB_inprocess,8004,4,0.9,1,1,N3,0.75,20.0,,CENTRAL_FB,inprocess,252c3a0c490ce74089d65de215655e3945a55995cc89b96243558030730a9f7e,4e68d0dc5c09dde106b6eab4361d96945666cbabad514b4913be09c90b16dd96,0.227,0,31,28,1,29,2,93.54838709677419,96.22641509433963,100.0,100.0,91.30434782608695,100.0,357,12.310344827586206,0,0,0,0,4,0,0,0,0,0,5.7306,3.9059,2329,623983,203,35,59,0.15018315018315018,2,0.153036,0.041739,80,1.478,5.159000000000001,9.145999999999999,10,0.378,0.378,0,1,0,0,0,0,
K4_R0.90_T1_H1_N3_S8004_CENTRAL_FOG_inprocess,8004,4,0.9,1,1,N3,0.75,20.0,,CENTRAL_FOG,inprocess,252c3a0c490ce74089d65de215655e3945a55995cc89b96243558030730a9f7e,c80763c0e0ef36b1fe80130c94ff0cc7f20095c0d4d6c22ca65257e3f27afb75,0.225,0,31,28,1,29,2,93.54838709677419,96.22641509433963,100.0,100.0,91.30434782608695,100.0,357,12.310344827586206,0,0,0,0,4,0,0,0,0,0,5.7306,3.9059,2329,624079,203,35,59,0.15018315018315018,2,0.148978,0.043845999999999996,80,1.536,4.572,5.392,0,0.0,0.0,0,1,0,0,0,0,
K4_R0.90_T1_H1_N3_S8004_HYBRID_inprocess,8004,4,0.9,1,1,N3,0.75,20.0,,HYBRID,inprocess,252c3a0c490ce74089d65de215655e3945a55995cc89b96243558030730a9f7e,36d137eaf89a64622422169939d5ca7e14748918e787438de8b72323fea22a0a,0.3,0,31,28,1,29,2,93.54838709677419,96.22641509433963,100.0,100.0,91.30434782608695,100.0,357,12.310344827586206,0,0,0,0,4,0,0,0,0,0,5.7306,3.9059,2329,623983,203,35,59,0.15018315018315018,2,0.195436,0.054687,80,2.025,6.898,8.683,10,0.447,0.447,0,1,0,0,0,0,
K4_R0.90_T1_H1_N3_S8004_HYBRID_EAGER_inprocess,8004,4,0.9,1,1,N3,0.75,20.0,,HYBRID_EAGER,inprocess,252c3a0c490ce74089d65de215655e3945a55995cc89b96243558030730a9f7e,596fa9a2d42792e6815f6c4dadfb5ab07cffad8eca84b43a49e2ed60fd44f7c3,0.31,0,31,29,1,30,1,96.7741935483871,98.11320754716981,100.0,100.0,95.65217391304348,100.0,379,12.633333333333333,0,0,0,0,3,0,0,0,0,0,5.7306,3.9059,2304,622850,209,38,38,0.07401490947816826,2,0.196692,0.063736,77,2.164,5.6979999999999995,6.7780000000000005,18,0.052,0.415,0,0,0,0,0,0,
K8_R1.05_T1_H1_N3_S8004_HYBRID_EAGER_inprocess,8004,8,1.05,1,1,N3,0.75,20.0,,HYBRID_EAGER,inprocess,0388ef666a85713bf4c350cb3c1c369722889395fa15208db7f0057570d9a4de,df14ea5f5183a6ed45ae55c8726109605f5e84eb4ecaea99ffe1de1af3479054,2.391,0,72,57,1,58,14,80.55555555555556,84.61538461538461,85.71428571428571,88.88888888888889,78.43137254901961,76.19047619047619,773,13.327586206896552,0,0,0,0,6,0,0,0,0,0,5.6498,3.8575,6641,1345175,611,117,69,0.3610375860243515,6,2.125986,0.136116,170,10.454,28.327,44.364,38,0.415,2.741,0,0,0,0,0,0,
K4_R0.90_T1_H1_N3_S8004_EDGE_MARKET_inprocess,8004,4,0.9,1,1,N3,0.75,20.0,,EDGE_MARKET,inprocess,252c3a0c490ce74089d65de215655e3945a55995cc89b96243558030730a9f7e,d93e479dcb9d7c79c537bb7c8039b1c73d2db66ee9c78ee116948f273c8139c8,0.136,0,31,25,1,26,5,83.87096774193549,84.90566037735849,75.0,80.0,86.95652173913044,85.71428571428571,299,11.5,0,0,0,0,1,0,0,0,0,0,5.676,3.9059,2106,612392,179,25,59,0.18474374255065554,2,0.015929,0.08476600000000001,66,0.034999999999999996,0.075,0.083,218,0.503,4.018,0,7,0,0,0,0,
K16_R0.90_T1_H1_N3_S8004_STATIC_inprocess,8004,16,0.9,1,1,N3,0.75,20.0,,STATIC,inprocess,1fe9981135b62ffbfde11b2bdea72ba06e5355ea9ce22736d66299c7c1c38067,b4e096859b73dc30f7d1643655331d87ecc96de89a3fa834ffbbe73382977bf0,0.435,0,123,94,2,96,27,78.04878048780488,72.53886010362694,56.41025641025641,64.28571428571429,88.0952380952381,82.3529411764706,1615,16.822916666666668,13,13,0,0,13,0,0,0,0,0,6.9889,3.8773,7715,2173083,614,103,114,0.20930653630273402,7,0.073445,0.19452499999999998,234,0.013,0.397,0.8099999999999999,0,0.0,0.0,0,2,0,0,0,0,
K16_R0.90_T1_H1_N3_S8004_PERIODIC_inprocess,8004,16,0.9,1,1,N3,0.75,20.0,,PERIODIC,inprocess,1fe9981135b62ffbfde11b2bdea72ba06e5355ea9ce22736d66299c7c1c38067,976eb27d03488e72e0d4f0fdb2a9173805172e4e0eca2d37026696daff9b815c,1.082,0,123,92,2,94,29,76.42276422764228,79.79274611398964,82.05128205128206,85.71428571428571,73.80952380952381,77.94117647058823,1684,17.914893617021278,0,0,0,0,15,0,0,0,0,0,5.6654,3.8773,8689,2258633,704,130,139,0.24183407452844655,8,0.678735,0.204449,31,25.756999999999998,40.434,58.962,0,0.0,0.0,0,2,0,0,0,0,
K16_R0.90_T1_H1_N3_S8004_CENTRAL_FB_inprocess,8004,16,0.9,1,1,N3,0.75,20.0,,CENTRAL_FB,inprocess,1fe9981135b62ffbfde11b2bdea72ba06e5355ea9ce22736d66299c7c1c38067,53e2cab60ab8705dbb7c9bea4266706f553b62d038a6dd6cd2a3e5d98211969d,5.221,0,123,94,3,97,26,78.86178861788618,82.38341968911917,84.61538461538461,85.71428571428571,76.19047619047619,79.41176470588235,1496,15.422680412371134,0,0,0,0,13,0,0,0,0,0,5.6473,3.8773,12687,2588562,1122,198,114,0.42738589211618255,10,4.691835,0.25860900000000003,219,19.879,46.464,92.749,57,0.102,0.437,0,0,0,0,0,0,
K16_R0.90_T1_H1_N3_S8004_CENTRAL_inprocess,8004,16,0.9,1,1,N3,0.75,20.0,,CENTRAL,inprocess,1fe9981135b62ffbfde11b2bdea72ba06e5355ea9ce22736d66299c7c1c38067,324397dc9b238761d9dbf32aed03fc7c36a23fe6734cd792fb22f97c2b9bda8a,5.931,0,123,93,2,95,28,77.23577235772358,79.27461139896373,84.61538461538461,85.71428571428571,73.80952380952381,77.94117647058823,1628,17.13684210526316,0,0,0,0,14,0,0,0,0,0,5.6742,3.8773,13129,2628416,1190,203,114,0.4436587798023751,6,5.323523,0.266299,228,24.122,51.276,63.17399999999999,0,0.0,0.0,0,0,0,0,0,0,
K16_R0.90_T1_H1_N3_S8004_HYBRID_inprocess,8004,16,0.9,1,1,N3,0.75,20.0,,HYBRID,inprocess,1fe9981135b62ffbfde11b2bdea72ba06e5355ea9ce22736d66299c7c1c38067,2a8d65320e94d2ec3882d2bdec334183826dcb53e6fa272d03bae51230f2345e,5.414,0,123,94,3,97,26,78.86178861788618,82.38341968911917,84.61538461538461,85.71428571428571,76.19047619047619,79.41176470588235,1496,15.422680412371134,0,0,0,0,13,0,0,0,0,0,5.6473,3.8773,12687,2588562,1122,198,114,0.42738589211618255,10,4.80235,0.26662399999999997,219,21.372,44.646,65.547,57,0.101,0.514,0,0,0,0,0,0,
K16_R0.90_T1_H1_N3_S8004_CENTRAL_FOG_inprocess,8004,16,0.9,1,1,N3,0.75,20.0,,CENTRAL_FOG,inprocess,1fe9981135b62ffbfde11b2bdea72ba06e5355ea9ce22736d66299c7c1c38067,7b7cc2d2d3fc48cfbbb3b12f84e8d26bbbdefff124b01fb0269cc18b924182f0,6.008,0,123,93,2,95,28,77.23577235772358,79.27461139896373,84.61538461538461,85.71428571428571,73.80952380952381,77.94117647058823,1628,17.13684210526316,0,0,0,0,14,0,0,0,0,0,5.6742,3.8773,13129,2628416,1190,203,114,0.4436587798023751,6,5.462832,0.25516099999999997,228,25.606,47.302,60.792,0,0.0,0.0,0,0,0,0,0,0,
K16_R0.90_T1_H1_N3_S8004_EDGE_MARKET_inprocess,8004,16,0.9,1,1,N3,0.75,20.0,,EDGE_MARKET,inprocess,1fe9981135b62ffbfde11b2bdea72ba06e5355ea9ce22736d66299c7c1c38067,76c658ce0a060e525a2ecd4b3e0931d413dc0df42d900d92f45f4904f0b7d794,0.809,0,123,91,2,93,30,75.60975609756098,77.72020725388602,82.05128205128206,92.85714285714286,72.61904761904762,73.52941176470588,1664,17.892473118279568,0,0,0,0,13,0,0,0,0,0,5.8649,3.8773,10701,2807240,923,154,114,0.405298167814214,7,0.076394,0.5441319999999998,172,0.12300000000000001,0.47800000000000004,0.718,2980,0.41300000000000003,3.134,0,46,0,0,0,0,
K8_R0.75_T1_H1_N1_S8005_STATIC_inprocess,8005,8,0.75,1,1,N1,0.98,3.0,,STATIC,inprocess,4971c23018b48cbac84b97b5c8604bca95999a4b81d1a1aba4dd129a534d9f0b,f1db3f6e2bbc8d7c4203014ba75a80ed5a50c7df4a45d132ac3eb25ec216354f,0.193,0,51,44,3,47,4,92.15686274509804,91.35802469135803,93.33333333333333,100.0,91.66666666666667,89.65517241379311,712,15.148936170212766,0,0,0,0,6,0,0,0,0,0,5.6127,3.8663,3853,1086443,68,42,2,0.00347407803313736,0,0.030036,0.08486500000000001,30,0.14300000000000002,0.3,0.537,0,0.0,0.0,0,0,0,0,0,0,
K8_R0.75_T1_H1_N1_S8005_PERIODIC_inprocess,8005,8,0.75,1,1,N1,0.98,3.0,,PERIODIC,inprocess,4971c23018b48cbac84b97b5c8604bca95999a4b81d1a1aba4dd129a534d9f0b,e6a6a84dc9857d03175bcdb72c384e47079bb5ccefab67fdb99a432efe3e7909,0.389,0,51,45,2,47,4,92.15686274509804,92.5925925925926,93.33333333333333,80.0,91.66666666666667,89.65517241379311,756,16.085106382978722,0,0,0,0,8,0,0,0,0,0,5.6244,3.8663,4310,1111391,97,55,5,0.00908004778972521,0,0.216394,0.092835,31,4.1000000000000005,18.287000000000003,23.963,0,0.0,0.0,0,0,0,0,0,0,
K8_R0.75_T1_H1_N1_S8005_CENTRAL_inprocess,8005,8,0.75,1,1,N1,0.98,3.0,,CENTRAL,inprocess,4971c23018b48cbac84b97b5c8604bca95999a4b81d1a1aba4dd129a534d9f0b,eac15b2093e727fe18cc890fb3f8056fadb747adb8376505e1b8274cbcb04ce3,0.969,0,51,47,2,49,2,96.07843137254902,96.29629629629629,93.33333333333333,100.0,97.22222222222223,93.10344827586206,692,14.122448979591837,0,0,0,0,7,0,0,0,0,0,7.3251,3.8663,5124,1153479,110,62,6,0.014776357827476038,1,0.799173,0.09422,101,3.1670000000000003,19.144000000000002,24.096,0,0.0,0.0,0,0,0,0,0,0,
K8_R0.75_T1_H1_N1_S8005_CENTRAL_FB_inprocess,8005,8,0.75,1,1,N1,0.98,3.0,,CENTRAL_FB,inprocess,4971c23018b48cbac84b97b5c8604bca95999a4b81d1a1aba4dd129a534d9f0b,70743ff174650f7890cf9ac2ffbadbe457357a08918394195a46becfc3808109,0.824,0,51,47,2,49,2,96.07843137254902,96.29629629629629,93.33333333333333,100.0,97.22222222222223,93.10344827586206,692,14.122448979591837,0,0,0,0,7,0,0,0,0,0,7.3251,3.8663,5124,1153479,110,62,6,0.014776357827476038,1,0.65546,0.093869,101,3.213,15.114,20.875,0,0.0,0.0,0,0,0,0,0,0,
K8_R0.75_T1_H1_N1_S8005_CENTRAL_FOG_inprocess,8005,8,0.75,1,1,N1,0.98,3.0,,CENTRAL_FOG,inprocess,4971c23018b48cbac84b97b5c8604bca95999a4b81d1a1aba4dd129a534d9f0b,7bd18d2cbe1c9d39dc4a8c6d3d4df0256aedad27ac36aed37fbd98c5e164a444,0.897,0,51,47,2,49,2,96.07843137254902,96.29629629629629,93.33333333333333,100.0,97.22222222222223,93.10344827586206,692,14.122448979591837,0,0,0,0,7,0,0,0,0,0,7.3251,3.8663,5124,1153479,110,62,6,0.014776357827476038,1,0.706993,0.09449699999999998,101,3.873,19.16,26.415999999999997,0,0.0,0.0,0,0,0,0,0,0,
K16_R0.90_T1_H1_N3_S8004_HYBRID_EAGER_inprocess,8004,16,0.9,1,1,N3,0.75,20.0,,HYBRID_EAGER,inprocess,1fe9981135b62ffbfde11b2bdea72ba06e5355ea9ce22736d66299c7c1c38067,08fe3c6de0265a4edbac334c1c45ee1340e8dd5a03b757129aa403589ce4ffe2,5.861,0,123,92,3,95,28,77.23577235772358,79.79274611398964,82.05128205128206,85.71428571428571,75.0,76.47058823529412,1667,17.54736842105263,0,0,0,0,15,0,0,0,0,0,5.9465,3.8773,13032,2615298,1114,177,114,0.4331935836675173,11,5.284096,0.272977,225,25.389,47.016000000000005,66.36200000000001,83,0.061,0.342,0,1,0,0,0,0,
K8_R0.75_T1_H1_N1_S8005_HYBRID_inprocess,8005,8,0.75,1,1,N1,0.98,3.0,,HYBRID,inprocess,4971c23018b48cbac84b97b5c8604bca95999a4b81d1a1aba4dd129a534d9f0b,f5e94e5efcd91f8a17c020c5e9bb3fdbb83b83d396f3fe1e9e16f47f45145238,0.937,0,51,47,2,49,2,96.07843137254902,96.29629629629629,93.33333333333333,100.0,97.22222222222223,93.10344827586206,692,14.122448979591837,0,0,0,0,7,0,0,0,0,0,7.3251,3.8663,5124,1153479,110,62,6,0.014776357827476038,1,0.773329,0.0955,101,3.444,18.606,24.863,1,0.01,0.01,0,0,0,0,0,0,
K8_R0.75_T1_H1_N1_S8005_EDGE_MARKET_inprocess,8005,8,0.75,1,1,N1,0.98,3.0,,EDGE_MARKET,inprocess,4971c23018b48cbac84b97b5c8604bca95999a4b81d1a1aba4dd129a534d9f0b,119656536149faac58193b4107e256ac67a946b70946e42dcd92a77d49576877,0.225,0,51,42,2,44,7,86.27450980392157,85.18518518518519,80.0,60.0,88.88888888888889,86.20689655172414,680,15.454545454545455,0,0,0,0,5,0,0,0,0,0,5.6511,3.8663,4398,1154069,89,38,2,0.004908835904628331,0,0.028089,0.137999,74,0.058,0.14100000000000001,0.253,559,0.386,2.4,0,15,0,0,0,0,
K8_R0.75_T1_H1_N1_S8005_HYBRID_EAGER_inprocess,8005,8,0.75,1,1,N1,0.98,3.0,,HYBRID_EAGER,inprocess,4971c23018b48cbac84b97b5c8604bca95999a4b81d1a1aba4dd129a534d9f0b,766771926f66ffe1ec8bc9a9e993e5f9fc83af65bc71a0b0c3faa9f19021c903,0.907,0,51,48,2,50,1,98.03921568627452,98.76543209876543,100.0,100.0,97.22222222222223,96.55172413793103,720,14.4,0,0,0,0,6,0,0,0,0,0,7.3251,3.8663,5108,1152979,114,55,6,0.015230460921843688,0,0.730546,0.093931,99,3.4160000000000004,19.629,21.768,12,0.052,0.085,0,0,0,0,0,0,
K8_R1.05_T1_H1_N1_S8005_STATIC_inprocess,8005,8,1.05,1,1,N1,0.98,3.0,,STATIC,inprocess,d25586a416a3c0cc334840b676d92e2dc99cd3dab307b673d322c427237e5ba3,bf176bb8dff17d740cf342f9b838b1e54d9f5b349a7e5705c7dbab81473e0fb3,0.2,0,72,58,2,60,12,83.33333333333333,72.17391304347827,42.857142857142854,11.11111111111111,100.0,78.78787878787878,737,12.283333333333333,0,0,0,0,6,0,0,0,0,0,5.7035,3.8775,3877,1070717,69,39,1,0.0010626992561105207,1,0.042071,0.08918899999999999,223,0.008,0.264,0.441,0,0.0,0.0,0,0,0,0,0,0,
K8_R1.05_T1_H1_N1_S8005_PERIODIC_inprocess,8005,8,1.05,1,1,N1,0.98,3.0,,PERIODIC,inprocess,d25586a416a3c0cc334840b676d92e2dc99cd3dab307b673d322c427237e5ba3,7cff27805feab8a4378e3c5bdb70d7e360ff3fec6b58c6da64357eaf26751c7a,0.485,0,72,57,2,59,13,81.94444444444444,86.95652173913044,95.23809523809524,100.0,76.47058823529412,87.87878787878788,852,14.440677966101696,0,0,0,0,8,0,0,0,0,0,5.6476,3.8775,4532,1136620,83,35,5,0.01038843721770551,0,0.310283,0.09511399999999999,31,6.507,25.239,35.47,0,0.0,0.0,0,0,0,0,0,0,
K8_R1.05_T1_H1_N1_S8005_CENTRAL_inprocess,8005,8,1.05,1,1,N1,0.98,3.0,,CENTRAL,inprocess,d25586a416a3c0cc334840b676d92e2dc99cd3dab307b673d322c427237e5ba3,23efcbe9663b4a3f54890f887612e4aa9adf75bed29a66960d095d804e1ac195,1.972,0,72,58,2,60,12,83.33333333333333,86.95652173913044,90.47619047619048,100.0,80.3921568627451,84.84848484848484,818,13.633333333333333,0,0,0,0,7,0,0,0,0,0,5.711,3.8775,6181,1265969,120,62,6,0.028046580285386254,0,1.758305,0.11783799999999998,134,11.259,28.746000000000002,35.928000000000004,0,0.0,0.0,0,0,0,0,0,0,
K8_R1.05_T1_H1_N1_S8005_CENTRAL_FB_inprocess,8005,8,1.05,1,1,N1,0.98,3.0,,CENTRAL_FB,inprocess,d25586a416a3c0cc334840b676d92e2dc99cd3dab307b673d322c427237e5ba3,0284d9e30c9908513307a1b6d384a10d018d30fd0c6c672526338b6d4bda235b,2.121,0,72,58,2,60,12,83.33333333333333,86.95652173913044,90.47619047619048,100.0,80.3921568627451,84.84848484848484,818,13.633333333333333,0,0,0,0,7,0,0,0,0,0,5.711,3.8775,6181,1265969,120,62,6,0.028046580285386254,0,1.831824,0.12502699999999997,134,11.929,28.337,41.899,0,0.0,0.0,0,0,0,0,0,0,
K8_R1.05_T1_H1_N1_S8005_CENTRAL_FOG_inprocess,8005,8,1.05,1,1,N1,0.98,3.0,,CENTRAL_FOG,inprocess,d25586a416a3c0cc334840b676d92e2dc99cd3dab307b673d322c427237e5ba3,9fac4ef0894de2d19f8c7db7fde1d3da2fcf33f0abfe7cd42104242a5abbae5e,1.767,0,72,58,2,60,12,83.33333333333333,86.95652173913044,90.47619047619048,100.0,80.3921568627451,84.84848484848484,818,13.633333333333333,0,0,0,0,7,0,0,0,0,0,5.711,3.8775,6181,1265969,120,62,6,0.028046580285386254,0,1.55768,0.106799,134,10.934,23.165000000000003,32.991,0,0.0,0.0,0,0,0,0,0,0,
K8_R1.05_T1_H1_N1_S8005_HYBRID_inprocess,8005,8,1.05,1,1,N1,0.98,3.0,,HYBRID,inprocess,d25586a416a3c0cc334840b676d92e2dc99cd3dab307b673d322c427237e5ba3,f3435f7ea184e3cecb92017dc3ddde57e778402fdae2ed28af2ec551584e9d13,2.051,0,72,58,2,60,12,83.33333333333333,86.95652173913044,90.47619047619048,100.0,80.3921568627451,84.84848484848484,818,13.633333333333333,0,0,0,0,7,0,0,0,0,0,5.711,3.8775,6181,1265969,120,62,6,0.028046580285386254,0,1.788683,0.12535700000000002,134,11.266,26.19,51.547999999999995,0,0.0,0.0,0,0,0,0,0,0,
K8_R1.05_T1_H1_N1_S8005_EDGE_MARKET_inprocess,8005,8,1.05,1,1,N1,0.98,3.0,,EDGE_MARKET,inprocess,d25586a416a3c0cc334840b676d92e2dc99cd3dab307b673d322c427237e5ba3,22b73a3ca79456f82e87bc7bf343fe66de82ecab6308f2abbc95a40fed0ba85e,0.327,0,72,54,2,56,16,77.77777777777777,78.26086956521739,80.95238095238095,77.77777777777777,76.47058823529412,81.81818181818181,837,14.946428571428571,0,0,0,0,5,0,0,0,0,0,5.6527,3.8775,4741,1265943,94,41,4,0.010592304366623433,0,0.03261,0.224452,109,0.066,0.19,0.229,872,0.441,2.822,0,21,0,0,0,0,
K4_R0.90_T1_H1_N1_S8005_STATIC_inprocess,8005,4,0.9,1,1,N1,0.98,3.0,,STATIC,inprocess,09ed306066ed153d01d6118cd6575b098054a9783793dfec1e131b1ae73a98e0,0b7e28a0b3b03fc8f33a0a7c232991782f64e0e55667177114305ec57266b8fa,0.078,0,31,25,0,25,6,80.64516129032258,74.07407407407408,55.55555555555556,40.0,90.9090909090909,94.11764705882354,349,13.96,0,0,0,0,4,0,0,0,0,0,5.6558,3.9889,1930,525695,39,26,1,0.0010660980810234541,0,0.014433,0.036466,190,0.005,0.06999999999999999,0.17300000000000001,0,0.0,0.0,0,0,0,0,0,0,
K4_R0.90_T1_H1_N1_S8005_PERIODIC_inprocess,8005,4,0.9,1,1,N1,0.98,3.0,,PERIODIC,inprocess,09ed306066ed153d01d6118cd6575b098054a9783793dfec1e131b1ae73a98e0,db6f4f4a8126bc1a88a591c25afe4f72a4bd018b95ac9f6e54d4c222ef8d3326,0.139,0,31,26,0,26,5,83.87096774193549,85.18518518518519,88.88888888888889,100.0,81.81818181818181,100.0,292,11.23076923076923,0,0,0,0,2,0,0,0,0,0,5.6471,3.9889,2107,557409,34,18,0,0.0,0,0.068524,0.039917,31,1.5430000000000001,3.9830000000000005,7.457,0,0.0,0.0,0,0,0,0,0,0,
K4_R0.90_T1_H1_N1_S8005_CENTRAL_inprocess,8005,4,0.9,1,1,N1,0.98,3.0,,CENTRAL,inprocess,09ed306066ed153d01d6118cd6575b098054a9783793dfec1e131b1ae73a98e0,30c128754544109f7272dde30a23fbb443342aa08e4750ecc8f63a384221fe39,0.223,0,31,27,0,27,4,87.09677419354838,88.88888888888889,100.0,100.0,81.81818181818181,100.0,311,11.518518518518519,0,0,0,0,3,0,0,0,0,0,5.6204,3.9889,2311,577725,36,28,3,0.009674582233948988,0,0.134547,0.048137000000000006,57,2.579,4.503,5.064,0,0.0,0.0,0,0,0,0,0,0,
K8_R1.05_T1_H1_N1_S8005_HYBRID_EAGER_inprocess,8005,8,1.05,1,1,N1,0.98,3.0,,HYBRID_EAGER,inprocess,d25586a416a3c0cc334840b676d92e2dc99cd3dab307b673d322c427237e5ba3,68920a5d69f7c1a7994da9e700cc1d098d78db7d5eb3c968417dc37289390a62,1.967,0,72,58,2,60,12,83.33333333333333,86.95652173913044,90.47619047619048,100.0,80.3921568627451,84.84848484848484,818,13.633333333333333,0,0,0,0,7,0,0,0,0,0,5.711,3.8775,6181,1265899,120,62,6,0.028046580285386254,0,1.732064,0.120903,134,10.667,27.945,37.896,10,0.043000000000000003,0.043000000000000003,0,0,0,0,0,0,
K4_R0.90_T1_H1_N1_S8005_CENTRAL_FB_inprocess,8005,4,0.9,1,1,N1,0.98,3.0,,CENTRAL_FB,inprocess,09ed306066ed153d01d6118cd6575b098054a9783793dfec1e131b1ae73a98e0,e09d2fa0190261f498d5933b7ca66d841d194ac68f61c2e60872c307a48e2c1c,0.233,0,31,27,0,27,4,87.09677419354838,88.88888888888889,100.0,100.0,81.81818181818181,100.0,311,11.518518518518519,0,0,0,0,3,0,0,0,0,0,5.6204,3.9889,2311,577725,36,28,3,0.009674582233948988,0,0.144639,0.049489000000000005,57,2.613,4.797,7.178,0,0.0,0.0,0,0,0,0,0,0,
K4_R0.90_T1_H1_N1_S8005_CENTRAL_FOG_inprocess,8005,4,0.9,1,1,N1,0.98,3.0,,CENTRAL_FOG,inprocess,09ed306066ed153d01d6118cd6575b098054a9783793dfec1e131b1ae73a98e0,05b367321b4863184fd6a134fe934c52217bcc64d695654d7e0c0df474faf439,0.225,0,31,27,0,27,4,87.09677419354838,88.88888888888889,100.0,100.0,81.81818181818181,100.0,311,11.518518518518519,0,0,0,0,3,0,0,0,0,0,5.6204,3.9889,2311,577725,36,28,3,0.009674582233948988,0,0.140042,0.044561,57,2.6069999999999998,4.590999999999999,5.981,0,0.0,0.0,0,0,0,0,0,0,
K4_R0.90_T1_H1_N1_S8005_HYBRID_inprocess,8005,4,0.9,1,1,N1,0.98,3.0,,HYBRID,inprocess,09ed306066ed153d01d6118cd6575b098054a9783793dfec1e131b1ae73a98e0,e89a2ebe5c3e5d297f72beec6395d9e1a1b2691640561106ea8d87797bad75be,0.231,0,31,27,0,27,4,87.09677419354838,88.88888888888889,100.0,100.0,81.81818181818181,100.0,311,11.518518518518519,0,0,0,0,3,0,0,0,0,0,5.6204,3.9889,2311,577725,36,28,3,0.009674582233948988,0,0.142552,0.050097,57,2.5469999999999997,5.136,5.827999999999999,0,0.0,0.0,0,0,0,0,0,0,
K4_R0.90_T1_H1_N1_S8005_HYBRID_EAGER_inprocess,8005,4,0.9,1,1,N1,0.98,3.0,,HYBRID_EAGER,inprocess,09ed306066ed153d01d6118cd6575b098054a9783793dfec1e131b1ae73a98e0,b406a06cabfde48300f7b89818d82c45b8418e2d733ab6b5d4660ff05ce81597,0.202,0,31,27,0,27,4,87.09677419354838,88.88888888888889,100.0,100.0,81.81818181818181,100.0,311,11.518518518518519,0,0,0,0,3,0,0,0,0,0,5.6204,3.9889,2311,577725,36,28,3,0.009674582233948988,0,0.118542,0.045944,57,2.1940000000000004,3.707,4.589,7,0.022,0.022,0,0,0,0,0,0,
K4_R0.90_T1_H1_N1_S8005_EDGE_MARKET_inprocess,8005,4,0.9,1,1,N1,0.98,3.0,,EDGE_MARKET,inprocess,09ed306066ed153d01d6118cd6575b098054a9783793dfec1e131b1ae73a98e0,b368bba797e772707c5323918a715b9585fc77f258197f5386aae58c904111ab,0.128,0,31,25,0,25,6,80.64516129032258,83.33333333333333,77.77777777777777,80.0,81.81818181818181,82.3529411764706,342,13.68,0,0,0,0,3,0,0,0,0,0,5.565,3.9889,2181,599322,41,24,5,0.010299625468164793,0,0.017978,0.075432,60,0.043000000000000003,0.10500000000000001,0.11699999999999999,272,0.313,2.9610000000000003,0,12,0,0,0,0,
K16_R0.90_T1_H1_N1_S8005_STATIC_inprocess,8005,16,0.9,1,1,N1,0.98,3.0,,STATIC,inprocess,5644c545ef1d5a2c6c76e235d210d3a2840ee4b5a1c1adad637b00596e8f65ce,08c3495412d0d9e21de71a0349f69e3c50f7a35b3b1ea43ea1423aea03e48005,0.42,0,123,94,4,98,25,79.67479674796748,75.11737089201878,64.58333333333333,54.54545454545455,89.33333333333333,81.25,1536,15.673469387755102,0,0,0,0,16,0,0,0,0,0,5.6817,3.9418,7727,2086304,168,76,3,0.0029451137884872825,0,0.085991,0.17381000000000002,245,0.01,0.48700000000000004,4.805000000000001,0,0.0,0.0,0,2,0,0,0,0,
K16_R0.90_T1_H1_N1_S8005_PERIODIC_inprocess,8005,16,0.9,1,1,N1,0.98,3.0,,PERIODIC,inprocess,5644c545ef1d5a2c6c76e235d210d3a2840ee4b5a1c1adad637b00596e8f65ce,48a6eae5df66917ba79b7b1d25612ce5ebf4083f09a9c878dc62accbf81e5cd2,1.31,0,123,89,5,94,29,76.42276422764228,80.28169014084507,83.33333333333333,90.9090909090909,72.0,73.4375,1737,18.47872340425532,0,0,0,0,13,0,0,0,0,0,5.6841,3.9418,8750,2217698,181,79,6,0.008461628863556234,3,0.899443,0.20898400000000003,31,38.112,55.423,60.706,0,0.0,0.0,0,3,0,0,0,0,
K16_R0.90_T1_H1_N1_S8005_CENTRAL_inprocess,8005,16,0.9,1,1,N1,0.98,3.0,,CENTRAL,inprocess,5644c545ef1d5a2c6c76e235d210d3a2840ee4b5a1c1adad637b00596e8f65ce,bba01b5313ab662c22d858f7358295f99dd47a6f78e36d7df5bb60ec496c784f,8.055,0,123,89,3,92,31,74.79674796747967,78.87323943661971,87.5,81.81818181818181,66.66666666666667,73.4375,1748,19.0,1,1,0,0,14,0,0,0,0,0,5.6677,3.9418,14232,2702591,288,122,8,0.022158888493053083,0,7.392135,0.264978,194,39.211999999999996,63.57899999999999,81.79,0,0.0,0.0,0,0,0,0,0,0,
K16_R0.90_T1_H1_N1_S8005_CENTRAL_FB_inprocess,8005,16,0.9,1,1,N1,0.98,3.0,,CENTRAL_FB,inprocess,5644c545ef1d5a2c6c76e235d210d3a2840ee4b5a1c1adad637b00596e8f65ce,06ca704d8297ecc2c97a2a9318651ca16d2f798e296bc07ff1f4290b3591cbaa,8.509,0,123,89,3,92,31,74.79674796747967,78.87323943661971,87.5,81.81818181818181,66.66666666666667,73.4375,1748,19.0,1,1,0,0,14,0,0,0,0,0,5.6677,3.9418,14232,2702591,288,122,8,0.022158888493053083,0,7.78765,0.28493199999999996,194,43.153999999999996,64.94999999999999,98.596,0,0.0,0.0,0,0,0,0,0,0,
K16_R0.90_T1_H1_N1_S8005_CENTRAL_FOG_inprocess,8005,16,0.9,1,1,N1,0.98,3.0,,CENTRAL_FOG,inprocess,5644c545ef1d5a2c6c76e235d210d3a2840ee4b5a1c1adad637b00596e8f65ce,c8cc86b39051e4cbee40bc7f70952a6922ba2cac793198ce6469ab0e28302ec0,7.556,0,123,89,3,92,31,74.79674796747967,78.87323943661971,87.5,81.81818181818181,66.66666666666667,73.4375,1748,19.0,1,1,0,0,14,0,0,0,0,0,5.6677,3.9418,14232,2702591,288,122,8,0.022158888493053083,0,6.955844,0.249662,194,36.748000000000005,60.186,111.41900000000001,0,0.0,0.0,0,0,0,0,0,0,
K16_R0.90_T1_H1_N1_S8005_HYBRID_inprocess,8005,16,0.9,1,1,N1,0.98,3.0,,HYBRID,inprocess,5644c545ef1d5a2c6c76e235d210d3a2840ee4b5a1c1adad637b00596e8f65ce,96c39a8b229d90c81d5337fb775c634ef86cfb0f0a8b01f41bc0feff67bd0d7a,8.005,0,123,89,3,92,31,74.79674796747967,78.87323943661971,87.5,81.81818181818181,66.66666666666667,73.4375,1748,19.0,1,1,0,0,14,0,0,0,0,0,5.6677,3.9418,14232,2702591,288,122,8,0.022158888493053083,0,7.363465,0.262561,194,39.348,59.727000000000004,84.979,0,0.0,0.0,0,0,0,0,0,0,
K16_R0.90_T1_H1_N1_S8005_EDGE_MARKET_inprocess,8005,16,0.9,1,1,N1,0.98,3.0,,EDGE_MARKET,inprocess,5644c545ef1d5a2c6c76e235d210d3a2840ee4b5a1c1adad637b00596e8f65ce,0c35e487abe346039b2a4a56503e391a51ad92a64d21cdacdb9b9c3dada86746,0.978,0,123,95,2,97,26,78.86178861788618,82.15962441314554,85.41666666666667,86.36363636363636,74.66666666666667,76.5625,1610,16.5979381443299,0,0,0,0,14,0,0,0,0,0,5.6753,3.9418,11634,2898592,231,111,6,0.01942257217847769,0,0.095742,0.676755,198,0.125,0.474,0.662,3608,0.39,3.9880000000000004,0,62,0,0,0,0,
K8_R0.75_T1_H1_N3_S8005_STATIC_inprocess,8005,8,0.75,1,1,N3,0.75,20.0,,STATIC,inprocess,bb58e802f56fc936ed0a23962a3deaf6f4006ef75dcb57fbbc731727ffd906fd,30f3088a2a00e2beaff022f288c9d2cb07acc0a1ba70ad935649c6a3b3ebe37f,0.15,0,51,44,3,47,4,92.15686274509804,90.12345679012346,93.33333333333333,80.0,91.66666666666667,89.65517241379311,609,12.957446808510639,0,0,0,0,3,0,0,0,0,0,5.5579,3.8663,3850,1063860,279,54,162,0.3448148148148148,4,0.020322,0.073216,116,0.006,0.16799999999999998,0.27,0,0.0,0.0,0,0,0,0,0,0,
K8_R0.75_T1_H1_N3_S8005_PERIODIC_inprocess,8005,8,0.75,1,1,N3,0.75,20.0,,PERIODIC,inprocess,bb58e802f56fc936ed0a23962a3deaf6f4006ef75dcb57fbbc731727ffd906fd,45aec4276e9668d4a093da3e2b4761ecc07c37c60f6298e0fa9c68d3df7ed9e3,0.3,0,51,43,2,45,6,88.23529411764706,92.5925925925926,100.0,100.0,83.33333333333333,86.20689655172414,689,15.311111111111112,0,0,0,0,7,0,0,0,0,0,5.6068,3.8663,4226,1104978,291,69,157,0.2705235940530058,3,0.148431,0.09118,31,3.7079999999999997,10.505,15.577,0,0.0,0.0,0,1,0,0,0,0,
K8_R0.75_T1_H1_N3_S8005_CENTRAL_inprocess,8005,8,0.75,1,1,N3,0.75,20.0,,CENTRAL,inprocess,bb58e802f56fc936ed0a23962a3deaf6f4006ef75dcb57fbbc731727ffd906fd,a91bd464c6ad8db24ade420482a970c369c556c8b818ec8a4c5f53ff10475c56,0.762,0,51,44,3,47,4,92.15686274509804,95.06172839506173,100.0,100.0,88.88888888888889,96.55172413793103,666,14.170212765957446,0,0,0,0,5,0,0,0,0,0,5.6374,3.8663,5419,1189670,463,83,179,0.46514339006761485,3,0.588364,0.08819900000000001,132,3.196,11.535,23.168000000000003,0,0.0,0.0,0,1,0,0,0,0,
K8_R0.75_T1_H1_N3_S8005_CENTRAL_FB_inprocess,8005,8,0.75,1,1,N3,0.75,20.0,,CENTRAL_FB,inprocess,bb58e802f56fc936ed0a23962a3deaf6f4006ef75dcb57fbbc731727ffd906fd,47aee897c49fdf83b8c322cf7f566e93899116b73966aa61c287866f884863db,0.658,0,51,45,3,48,3,94.11764705882354,96.29629629629629,100.0,100.0,91.66666666666667,93.10344827586206,739,15.395833333333334,0,0,0,0,5,1,1,0,6,25,10.4368,3.8663,5395,1182251,463,79,179,0.43422913719943423,4,0.511856,0.084912,133,2.497,10.283999999999999,17.893,31,0.020999999999999998,0.034999999999999996,0,0,0,0,0,0,
K8_R0.75_T1_H1_N3_S8005_CENTRAL_FOG_inprocess,8005,8,0.75,1,1,N3,0.75,20.0,,CENTRAL_FOG,inprocess,bb58e802f56fc936ed0a23962a3deaf6f4006ef75dcb57fbbc731727ffd906fd,10af25d701796ff7ccb4bac0660c8763181846ccae4999cc96f90123d11f6ba4,0.736,0,51,44,3,47,4,92.15686274509804,95.06172839506173,100.0,100.0,88.88888888888889,96.55172413793103,666,14.170212765957446,0,0,0,0,5,0,0,0,0,0,5.6374,3.8663,5419,1189670,463,83,179,0.46514339006761485,3,0.569498,0.09526700000000002,132,3.4979999999999998,10.333,15.902,0,0.0,0.0,0,1,0,0,0,0,
K8_R0.75_T1_H1_N3_S8005_HYBRID_inprocess,8005,8,0.75,1,1,N3,0.75,20.0,,HYBRID,inprocess,bb58e802f56fc936ed0a23962a3deaf6f4006ef75dcb57fbbc731727ffd906fd,3825cef106cdfdcc5e71bcbe383c98dc48a4c0604a94c5871ed95a9a4a3c1a30,0.758,0,51,45,3,48,3,94.11764705882354,96.29629629629629,100.0,100.0,91.66666666666667,93.10344827586206,739,15.395833333333334,0,0,0,0,5,1,1,0,6,25,10.4368,3.8663,5395,1182251,463,79,179,0.43422913719943423,4,0.590912,0.092615,133,2.568,13.142,16.352999999999998,32,0.020999999999999998,0.04,0,0,0,0,0,0,
K8_R0.75_T1_H1_N3_S8005_HYBRID_EAGER_inprocess,8005,8,0.75,1,1,N3,0.75,20.0,,HYBRID_EAGER,inprocess,bb58e802f56fc936ed0a23962a3deaf6f4006ef75dcb57fbbc731727ffd906fd,ca982be34b755f2ea9d73c89213da9e2b6413258f3d06f0da5c25c4229ceed6e,0.816,0,51,46,3,49,2,96.07843137254902,97.53086419753086,100.0,100.0,94.44444444444444,96.55172413793103,731,14.918367346938776,0,0,0,0,5,0,0,0,0,0,5.5864,3.8663,5446,1186564,501,79,179,0.48436770881941205,2,0.597025,0.10940899999999999,134,3.828,11.292,16.62,52,0.032,0.356,0,0,0,0,0,0,
K16_R0.90_T1_H1_N1_S8005_HYBRID_EAGER_inprocess,8005,16,0.9,1,1,N1,0.98,3.0,,HYBRID_EAGER,inprocess,5644c545ef1d5a2c6c76e235d210d3a2840ee4b5a1c1adad637b00596e8f65ce,8928a2eb5c9b291d740ea7f791a7d52346a4515918a813573127f027d2973393,7.293,0,123,91,3,94,29,76.42276422764228,83.09859154929578,91.66666666666667,95.45454545454545,66.66666666666667,75.0,1694,18.02127659574468,0,0,0,0,13,0,0,0,0,0,5.6767,3.9418,13904,2696725,276,144,8,0.021805717619603267,0,6.76159,0.260469,191,37.419000000000004,58.305,81.581,24,0.059,0.07200000000000001,0,2,0,0,0,0,
K8_R0.75_T1_H1_N3_S8005_EDGE_MARKET_inprocess,8005,8,0.75,1,1,N3,0.75,20.0,,EDGE_MARKET,inprocess,bb58e802f56fc936ed0a23962a3deaf6f4006ef75dcb57fbbc731727ffd906fd,1b6885e0a651c10d88772f21c19872e8a4e9f51656307cd07dcbfa155cd73548,0.212,0,51,41,3,44,7,86.27450980392157,87.65432098765432,86.66666666666667,100.0,86.11111111111111,82.75862068965517,617,14.022727272727273,0,0,0,0,5,0,0,0,0,0,5.6136,3.8663,4218,1140895,329,59,137,0.29423328964613366,5,0.021441,0.134888,70,0.038,0.102,0.115,402,0.422,3.525,0,16,0,0,0,0,
K8_R1.05_T1_H1_N3_S8005_STATIC_inprocess,8005,8,1.05,1,1,N3,0.75,20.0,,STATIC,inprocess,676070d6ce541f71bc15b81d1af71af141c63ddfd0d28a2821d37f1b9c8b83d6,611e03376a4221bc60ae182f369e224508ae943e0a01a9b2a07dcc063ebb55f3,0.162,0,72,56,2,58,14,80.55555555555556,71.30434782608695,47.61904761904762,22.22222222222222,94.11764705882354,78.78787878787878,760,13.10344827586207,0,0,0,0,6,0,0,0,0,0,5.6552,3.8775,3883,1069748,295,53,160,0.38303341902313626,2,0.027933,0.076962,262,0.006,0.147,0.247,0,0.0,0.0,0,3,0,0,0,0,
K8_R1.05_T1_H1_N3_S8005_PERIODIC_inprocess,8005,8,1.05,1,1,N3,0.75,20.0,,PERIODIC,inprocess,676070d6ce541f71bc15b81d1af71af141c63ddfd0d28a2821d37f1b9c8b83d6,2c1096b57e0f6d3e690892bd6126d6b2d58dd437b6726fa5b2d38f1fe316c62f,0.468,0,72,55,2,57,15,79.16666666666667,83.47826086956522,85.71428571428571,88.88888888888889,76.47058823529412,84.84848484848484,766,13.43859649122807,0,0,0,0,7,0,0,0,0,0,5.7002,3.8775,4307,1110046,358,60,177,0.4171465131158029,4,0.277719,0.10454000000000001,31,5.872999999999999,21.926000000000002,30.418,0,0.0,0.0,0,1,0,0,0,0,
K8_R1.05_T1_H1_N3_S8005_CENTRAL_inprocess,8005,8,1.05,1,1,N3,0.75,20.0,,CENTRAL,inprocess,676070d6ce541f71bc15b81d1af71af141c63ddfd0d28a2821d37f1b9c8b83d6,b2db24ee64870632db7a47f7fca10b41a9276d78cac467bc97734842863bc576,1.784,0,72,58,2,60,12,83.33333333333333,86.08695652173913,90.47619047619048,88.88888888888889,80.3921568627451,87.87878787878788,770,12.833333333333334,0,0,0,0,7,0,0,0,0,0,5.6748,3.8775,6106,1250490,526,95,178,0.4594432205087122,3,1.577844,0.1078,164,8.437999999999999,23.663,28.688000000000002,0,0.0,0.0,0,0,0,0,0,0,
K8_R1.05_T1_H1_N3_S8005_CENTRAL_FB_inprocess,8005,8,1.05,1,1,N3,0.75,20.0,,CENTRAL_FB,inprocess,676070d6ce541f71bc15b81d1af71af141c63ddfd0d28a2821d37f1b9c8b83d6,f6aebd7444f8538633e83389226335e76c9fa968159b0e67646b1ef225b42a6b,1.62,0,72,53,2,55,17,76.38888888888889,78.26086956521739,76.19047619047619,88.88888888888889,76.47058823529412,84.84848484848484,772,14.036363636363637,0,0,0,0,5,0,0,0,0,0,5.6535,3.8775,6348,1301437,574,110,180,0.6073338426279603,3,1.401116,0.10665,160,8.109,20.995,28.668,36,0.092,0.406,0,1,0,0,0,0,
K8_R1.05_T1_H1_N3_S8005_CENTRAL_FOG_inprocess,8005,8,1.05,1,1,N3,0.75,20.0,,CENTRAL_FOG,inprocess,676070d6ce541f71bc15b81d1af71af141c63ddfd0d28a2821d37f1b9c8b83d6,889ddedb97265b84d6619006f6f2a4e56d024f4b00fe95b32a98e3bdd4a77b99,1.795,0,72,58,2,60,12,83.33333333333333,86.08695652173913,90.47619047619048,88.88888888888889,80.3921568627451,87.87878787878788,770,12.833333333333334,0,0,0,0,7,0,0,0,0,0,5.6748,3.8775,6106,1250490,526,95,178,0.4594432205087122,3,1.569724,0.110091,164,9.285,22.141000000000002,36.552,0,0.0,0.0,0,0,0,0,0,0,
K8_R1.05_T1_H1_N3_S8005_HYBRID_inprocess,8005,8,1.05,1,1,N3,0.75,20.0,,HYBRID,inprocess,676070d6ce541f71bc15b81d1af71af141c63ddfd0d28a2821d37f1b9c8b83d6,27df96c2313c5a81c004faa7b5bb63186368f893e5dde43069fbc92c693eb717,1.557,0,72,53,2,55,17,76.38888888888889,78.26086956521739,76.19047619047619,88.88888888888889,76.47058823529412,84.84848484848484,772,14.036363636363637,0,0,0,0,5,0,0,0,0,0,5.6535,3.8775,6348,1301437,574,110,180,0.6073338426279603,3,1.356937,0.10745199999999999,160,7.445,19.993000000000002,25.845,36,0.091,0.377,0,1,0,0,0,0,
K8_R1.05_T1_H1_N3_S8005_EDGE_MARKET_inprocess,8005,8,1.05,1,1,N3,0.75,20.0,,EDGE_MARKET,inprocess,676070d6ce541f71bc15b81d1af71af141c63ddfd0d28a2821d37f1b9c8b83d6,be7189364e1bed7d8330be1a14b494ea5bfaa946dacd0636610964a3c1ca11ae,0.349,0,72,57,1,58,14,80.55555555555556,84.34782608695652,90.47619047619048,88.88888888888889,76.47058823529412,78.78787878787878,822,14.172413793103448,0,0,0,0,5,1,1,0,12,19,9.9139,3.8775,4472,1198184,370,66,179,0.561763817577771,3,0.029583,0.24013500000000002,96,0.054,0.14400000000000002,0.213,643,0.602,3.6679999999999997,0,16,0,0,0,0,
K4_R0.90_T1_H1_N3_S8005_STATIC_inprocess,8005,4,0.9,1,1,N3,0.75,20.0,,STATIC,inprocess,3a30ad570af025cb7492e895570cd9cdf8873f3494c9a526ff9042f8c41f9162,085ea35db8517aa90c2db5d1d20f388c6759e2b1c3fc335be457df026fafaec4,0.108,0,31,25,0,25,6,80.64516129032258,74.07407407407408,55.55555555555556,40.0,90.9090909090909,94.11764705882354,349,13.96,0,0,0,0,4,0,0,0,0,0,5.6558,3.9889,1930,525573,154,33,30,0.07686832740213523,2,0.01711,0.050653000000000004,190,0.007,0.10900000000000001,0.34299999999999997,0,0.0,0.0,0,0,0,0,0,0,
K4_R0.90_T1_H1_N3_S8005_PERIODIC_inprocess,8005,4,0.9,1,1,N3,0.75,20.0,,PERIODIC,inprocess,3a30ad570af025cb7492e895570cd9cdf8873f3494c9a526ff9042f8c41f9162,0f9c4502c4ac74176611f7731cc356c77845f24a2450bb57cdea7a35ba7fb439,0.151,0,31,26,0,26,5,83.87096774193549,87.03703703703704,88.88888888888889,100.0,81.81818181818181,94.11764705882354,349,13.423076923076923,0,0,0,0,3,0,0,0,0,0,5.6458,3.9889,2106,579225,186,36,31,0.11323155216284987,4,0.068182,0.047987,31,1.411,4.704,7.424,0,0.0,0.0,0,0,0,0,0,0,
K4_R0.90_T1_H1_N3_S8005_CENTRAL_inprocess,8005,4,0.9,1,1,N3,0.75,20.0,,CENTRAL,inprocess,3a30ad570af025cb7492e895570cd9cdf8873f3494c9a526ff9042f8c41f9162,070d71bfb05b4916c00355a466f913c7a4f687c047e0712779f03eb9f6db878d,0.283,0,31,26,0,26,5,83.87096774193549,88.88888888888889,88.88888888888889,100.0,81.81818181818181,88.23529411764706,329,12.653846153846153,0,0,0,0,3,0,0,0,0,0,5.655,3.9889,2421,572307,197,42,42,0.23566214807090718,2,0.19082,0.048754000000000006,76,2.5860000000000003,6.549,7.2139999999999995,0,0.0,0.0,0,0,0,0,0,0,
K4_R0.90_T1_H1_N3_S8005_CENTRAL_FB_inprocess,8005,4,0.9,1,1,N3,0.75,20.0,,CENTRAL_FB,inprocess,3a30ad570af025cb7492e895570cd9cdf8873f3494c9a526ff9042f8c41f9162,66145e47cafd2b7deb21964436060c2ee548d2642c7a88a6f5a064a5f62da2c6,0.275,0,31,26,0,26,5,83.87096774193549,88.88888888888889,88.88888888888889,100.0,81.81818181818181,88.23529411764706,329,12.653846153846153,0,0,0,0,3,0,0,0,0,0,5.655,3.9889,2421,572307,197,42,42,0.23566214807090718,2,0.185646,0.052750000000000005,76,2.402,5.745,9.071,17,0.094,2.589,0,0,0,0,0,0,
K4_R0.90_T1_H1_N3_S8005_CENTRAL_FOG_inprocess,8005,4,0.9,1,1,N3,0.75,20.0,,CENTRAL_FOG,inprocess,3a30ad570af025cb7492e895570cd9cdf8873f3494c9a526ff9042f8c41f9162,7ba37f8fd708dea28d3dd0c27ddede1e51ca097989cf812272121ced4a4034db,0.259,0,31,26,0,26,5,83.87096774193549,88.88888888888889,88.88888888888889,100.0,81.81818181818181,88.23529411764706,329,12.653846153846153,0,0,0,0,3,0,0,0,0,0,5.655,3.9889,2421,572307,197,42,42,0.23566214807090718,2,0.174998,0.046272,76,2.315,5.01,6.64,0,0.0,0.0,0,0,0,0,0,0,
K8_R1.05_T1_H1_N3_S8005_HYBRID_EAGER_inprocess,8005,8,1.05,1,1,N3,0.75,20.0,,HYBRID_EAGER,inprocess,676070d6ce541f71bc15b81d1af71af141c63ddfd0d28a2821d37f1b9c8b83d6,f82db2bcaa98b351169d1e1f5e08056139528084b2d1dbf23c1a246ef23f54c4,1.726,0,72,53,2,55,17,76.38888888888889,78.26086956521739,76.19047619047619,88.88888888888889,76.47058823529412,81.81818181818181,834,15.163636363636364,9,9,0,0,6,0,0,0,0,0,6.9403,3.8775,6458,1272009,540,102,180,0.5504587155963303,3,1.480586,0.12745,175,7.584,20.663,30.319,52,0.089,2.4459999999999997,0,0,0,0,0,0,
K4_R0.90_T1_H1_N3_S8005_HYBRID_inprocess,8005,4,0.9,1,1,N3,0.75,20.0,,HYBRID,inprocess,3a30ad570af025cb7492e895570cd9cdf8873f3494c9a526ff9042f8c41f9162,7b8f27f9767a85de2d66f473a44fb18900dedfce46a35ee6269063d3c1a13cbd,0.227,0,31,26,0,26,5,83.87096774193549,88.88888888888889,88.88888888888889,100.0,81.81818181818181,88.23529411764706,329,12.653846153846153,0,0,0,0,3,0,0,0,0,0,5.655,3.9889,2421,572307,197,42,42,0.23566214807090718,2,0.151848,0.044654,76,2.049,4.168,6.401,17,0.089,3.013,0,0,0,0,0,0,
K4_R0.90_T1_H1_N3_S8005_EDGE_MARKET_inprocess,8005,4,0.9,1,1,N3,0.75,20.0,,EDGE_MARKET,inprocess,3a30ad570af025cb7492e895570cd9cdf8873f3494c9a526ff9042f8c41f9162,ab2b8af85c6013a33101c9cff77d337cf6f14d58795ed16eefa84c85cf3a4cac,0.14,0,31,25,0,25,6,80.64516129032258,77.77777777777777,66.66666666666667,40.0,86.36363636363636,94.11764705882354,360,14.4,14,14,0,0,4,0,0,0,0,0,5.6061,3.9889,2132,602898,157,32,30,0.1445336627547869,2,0.01707,0.08049999999999999,42,0.045000000000000005,0.145,0.192,230,0.5339999999999999,2.832,0,11,0,0,0,0,
K4_R0.90_T1_H1_N3_S8005_HYBRID_EAGER_inprocess,8005,4,0.9,1,1,N3,0.75,20.0,,HYBRID_EAGER,inprocess,3a30ad570af025cb7492e895570cd9cdf8873f3494c9a526ff9042f8c41f9162,ed00266dd73e271c247acc034426c3085634e37a9ae235ab9a2dea11444592d0,0.282,0,31,26,0,26,5,83.87096774193549,88.88888888888889,88.88888888888889,100.0,81.81818181818181,88.23529411764706,329,12.653846153846153,0,0,0,0,3,0,0,0,0,0,5.655,3.9889,2421,572331,197,42,42,0.23566214807090718,2,0.18767,0.055553,76,2.474,5.231999999999999,6.944,28,0.14100000000000001,2.653,0,0,0,0,0,0,
K16_R0.90_T1_H1_N3_S8005_STATIC_inprocess,8005,16,0.9,1,1,N3,0.75,20.0,,STATIC,inprocess,ae81d282cb4f51ed98412e38240b435647210aac4b09a7429928cd3a5dbb0bfc,bfa32e6a7c292284359905b68f91327e8d6fd06042680e95a2054be77a7079a1,0.463,0,123,91,3,94,29,76.42276422764228,71.83098591549296,60.416666666666664,54.54545454545455,86.66666666666667,79.6875,1556,16.5531914893617,0,0,0,0,15,0,0,0,0,0,5.6817,3.9107,7718,2125306,579,106,140,0.22872340425531915,4,0.08579,0.20033900000000002,266,0.014,0.46799999999999997,0.9510000000000001,0,0.0,0.0,0,4,0,0,0,0,
K16_R0.90_T1_H1_N3_S8005_PERIODIC_inprocess,8005,16,0.9,1,1,N3,0.75,20.0,,PERIODIC,inprocess,ae81d282cb4f51ed98412e38240b435647210aac4b09a7429928cd3a5dbb0bfc,e18761fe6b8afd0c1aa93feb0fde9c1e93693be653175f2a4f86e0b56f7814e1,1.13,0,123,89,3,92,31,74.79674796747967,79.81220657276995,83.33333333333333,90.9090909090909,69.33333333333333,71.875,1645,17.880434782608695,0,0,0,0,12,0,0,0,0,0,5.7274,3.9107,8692,2202664,739,141,168,0.2954935287696866,8,0.749392,0.192539,31,31.440999999999995,53.023,69.971,0,0.0,0.0,0,1,0,0,0,0,
K16_R0.90_T1_H1_N3_S8005_CENTRAL_inprocess,8005,16,0.9,1,1,N3,0.75,20.0,,CENTRAL,inprocess,ae81d282cb4f51ed98412e38240b435647210aac4b09a7429928cd3a5dbb0bfc,562c9e31588caae5e1aff8624ae276044ec1171080eaec79f00a4c0d2010f87e,5.64,0,123,92,4,96,27,78.04878048780488,85.44600938967136,93.75,100.0,68.0,76.5625,1681,17.510416666666668,0,0,0,0,12,0,0,0,0,0,5.6868,3.9107,13760,2663900,1265,226,181,0.45273072934669895,9,5.022111,0.26724299999999995,235,22.478,40.415,68.58699999999999,0,0.0,0.0,0,1,0,0,0,0,
K16_R0.90_T1_H1_N3_S8005_CENTRAL_FB_inprocess,8005,16,0.9,1,1,N3,0.75,20.0,,CENTRAL_FB,inprocess,ae81d282cb4f51ed98412e38240b435647210aac4b09a7429928cd3a5dbb0bfc,3e91c2f97c96af60a7d1dc53d47219e35fde0f09e7a3c7e205d99582c4b50ce6,5.558,0,123,91,2,93,30,75.60975609756098,81.69014084507042,89.58333333333333,90.9090909090909,66.66666666666667,75.0,1556,16.731182795698924,0,0,0,0,11,0,0,0,0,0,5.6895,3.9107,14004,2691535,1306,191,179,0.44734168642058925,5,4.995871,0.26867500000000005,232,23.872,39.519999999999996,48.616,61,0.094,0.408,0,1,0,0,0,0,
K16_R0.90_T1_H1_N3_S8005_CENTRAL_FOG_inprocess,8005,16,0.9,1,1,N3,0.75,20.0,,CENTRAL_FOG,inprocess,ae81d282cb4f51ed98412e38240b435647210aac4b09a7429928cd3a5dbb0bfc,1a624f582dff52115f0a1b55d1e98203b0bc38ec7c3f2b9a5c3aea17e13a8893,5.547,0,123,92,4,96,27,78.04878048780488,85.44600938967136,93.75,100.0,68.0,76.5625,1681,17.510416666666668,0,0,0,0,12,0,0,0,0,0,5.6868,3.9107,13760,2663900,1265,226,181,0.45273072934669895,9,4.914857,0.27249300000000004,235,22.466,40.571000000000005,49.574,0,0.0,0.0,0,1,0,0,0,0,
K16_R0.90_T1_H1_N3_S8005_HYBRID_inprocess,8005,16,0.9,1,1,N3,0.75,20.0,,HYBRID,inprocess,ae81d282cb4f51ed98412e38240b435647210aac4b09a7429928cd3a5dbb0bfc,ec587fe1dcb140a9e763ae867b8786c830c1b338b02d5cd05a6b564885b1c285,5.713,0,123,91,2,93,30,75.60975609756098,81.69014084507042,89.58333333333333,90.9090909090909,66.66666666666667,75.0,1556,16.731182795698924,0,0,0,0,11,0,0,0,0,0,5.6895,3.9107,14004,2691535,1306,191,179,0.44734168642058925,5,5.117856,0.27369899999999997,232,23.524,39.048,57.894,61,0.118,0.5519999999999999,0,1,0,0,0,0,
K16_R0.90_T1_H1_N3_S8005_EDGE_MARKET_inprocess,8005,16,0.9,1,1,N3,0.75,20.0,,EDGE_MARKET,inprocess,ae81d282cb4f51ed98412e38240b435647210aac4b09a7429928cd3a5dbb0bfc,bf50b039dc64c21244417a4b0d8c3afa7845c3cbf5797513b7b061d79fe92e4b,0.846,0,123,86,1,87,36,70.73170731707317,76.05633802816901,81.25,95.45454545454545,64.0,67.1875,1635,18.79310344827586,0,0,0,0,11,0,0,0,0,0,5.6667,3.9107,11310,2855949,1050,186,180,0.47608551906546176,5,0.068593,0.603943,197,0.108,0.359,0.65,3477,0.419,2.904,0,61,0,0,0,0,
K8_R0.75_T1_H1_N1_S8006_STATIC_inprocess,8006,8,0.75,1,1,N1,0.98,3.0,,STATIC,inprocess,944cbb3a54944abf88b665f0f795dc12f107e0ea1a4e7f4e9a89d78bf301d381,bd9aa4d44cf569e06ba31e0d19171799e4689cd95ff373b0db5451848b7a7243,0.187,0,51,44,0,44,7,86.27450980392157,81.48148148148148,66.66666666666667,66.66666666666667,96.96969696969697,100.0,751,17.068181818181817,0,0,0,0,6,0,0,0,0,0,5.6635,3.8768,3844,1025959,79,41,1,0.0013623978201634877,1,0.035221,0.0866,279,0.006,0.182,0.41,0,0.0,0.0,0,1,0,0,0,0,
K8_R0.75_T1_H1_N1_S8006_PERIODIC_inprocess,8006,8,0.75,1,1,N1,0.98,3.0,,PERIODIC,inprocess,944cbb3a54944abf88b665f0f795dc12f107e0ea1a4e7f4e9a89d78bf301d381,81556f2201d84f01a9c3ba5ea7aee3d93677ca370c13ae2eef35923cd2d19174,0.32,0,51,47,0,47,4,92.15686274509804,92.5925925925926,88.88888888888889,100.0,93.93939393939394,95.65217391304348,825,17.5531914893617,0,0,0,0,5,0,0,0,0,0,5.6302,3.8768,4373,1080230,85,45,6,0.013555291319857313,0,0.166865,0.08177000000000001,31,2.11,14.132,15.903,0,0.0,0.0,0,0,0,0,0,0,
K8_R0.75_T1_H1_N1_S8006_CENTRAL_inprocess,8006,8,0.75,1,1,N1,0.98,3.0,,CENTRAL,inprocess,944cbb3a54944abf88b665f0f795dc12f107e0ea1a4e7f4e9a89d78bf301d381,3f1f56006ff1cffcd718b344669abcf16af8ec4c7db486b05ce3633a3e69d620,0.8,0,51,47,0,47,4,92.15686274509804,93.82716049382717,94.44444444444444,100.0,90.9090909090909,86.95652173913044,746,15.872340425531915,0,0,0,0,5,0,0,0,0,0,5.6381,3.8768,5403,1163097,118,57,8,0.02861503243037009,1,0.617524,0.09468700000000001,117,3.599,13.978000000000002,23.401000000000003,0,0.0,0.0,0,0,0,0,0,0,
K8_R0.75_T1_H1_N1_S8006_CENTRAL_FB_inprocess,8006,8,0.75,1,1,N1,0.98,3.0,,CENTRAL_FB,inprocess,944cbb3a54944abf88b665f0f795dc12f107e0ea1a4e7f4e9a89d78bf301d381,8e1e7d922252efdb5e631c6fb17d3dfca989c4321c189c2d8a9aae9e0648334a,0.905,0,51,47,0,47,4,92.15686274509804,93.82716049382717,94.44444444444444,100.0,90.9090909090909,86.95652173913044,746,15.872340425531915,0,0,0,0,5,0,0,0,0,0,5.6381,3.8768,5403,1163097,118,57,8,0.02861503243037009,1,0.714709,0.10139300000000001,117,4.244999999999999,15.082999999999998,17.947000000000003,0,0.0,0.0,0,0,0,0,0,0,
K8_R0.75_T1_H1_N1_S8006_CENTRAL_FOG_inprocess,8006,8,0.75,1,1,N1,0.98,3.0,,CENTRAL_FOG,inprocess,944cbb3a54944abf88b665f0f795dc12f107e0ea1a4e7f4e9a89d78bf301d381,d7e423466daa4bbcc280588a6c79568b4b4892a221337fb211e3a78fca63b79a,0.839,0,51,47,0,47,4,92.15686274509804,93.82716049382717,94.44444444444444,100.0,90.9090909090909,86.95652173913044,746,15.872340425531915,0,0,0,0,5,0,0,0,0,0,5.6381,3.8768,5403,1163097,118,57,8,0.02861503243037009,1,0.65938,0.09815299999999999,117,3.569,14.168999999999999,19.473,0,0.0,0.0,0,0,0,0,0,0,
K8_R0.75_T1_H1_N1_S8006_HYBRID_inprocess,8006,8,0.75,1,1,N1,0.98,3.0,,HYBRID,inprocess,944cbb3a54944abf88b665f0f795dc12f107e0ea1a4e7f4e9a89d78bf301d381,493190b1087f5fd76e8ff55cd3b1473315f974f02e06fab8fb4ec3e847477774,0.86,0,51,47,0,47,4,92.15686274509804,93.82716049382717,94.44444444444444,100.0,90.9090909090909,86.95652173913044,746,15.872340425531915,0,0,0,0,5,0,0,0,0,0,5.6381,3.8768,5403,1163097,118,57,8,0.02861503243037009,1,0.672056,0.101324,117,4.184,14.447,19.038,0,0.0,0.0,0,0,0,0,0,0,
K16_R0.90_T1_H1_N3_S8005_HYBRID_EAGER_inprocess,8005,16,0.9,1,1,N3,0.75,20.0,,HYBRID_EAGER,inprocess,ae81d282cb4f51ed98412e38240b435647210aac4b09a7429928cd3a5dbb0bfc,75d3514345f952a50222139f9c5a5e83bae38caad905e92f4fd159af5c61c138,6.067,0,123,90,5,95,28,77.23577235772358,82.62910798122066,85.41666666666667,95.45454545454545,72.0,71.875,1697,17.86315789473684,0,0,0,0,13,0,0,0,0,0,5.6713,3.9107,14185,2686931,1362,241,180,0.48074358119373123,6,5.421229,0.294565,236,24.538,43.274,65.52,92,0.088,0.467,0,0,0,0,0,0,
K8_R0.75_T1_H1_N1_S8006_EDGE_MARKET_inprocess,8006,8,0.75,1,1,N1,0.98,3.0,,EDGE_MARKET,inprocess,944cbb3a54944abf88b665f0f795dc12f107e0ea1a4e7f4e9a89d78bf301d381,cc98f13a1849a8f771a31d606ab6ee566339537c65710a3888c0017c301c0af9,0.287,0,51,45,0,45,6,88.23529411764706,88.88888888888889,88.88888888888889,100.0,87.87878787878788,95.65217391304348,737,16.377777777777776,0,0,0,0,6,0,0,0,0,0,5.6564,3.8768,4394,1119830,85,48,4,0.009933774834437087,0,0.03209,0.186235,88,0.063,0.128,0.242,589,0.641,3.886,0,14,0,0,0,0,
K8_R0.75_T1_H1_N1_S8006_HYBRID_EAGER_inprocess,8006,8,0.75,1,1,N1,0.98,3.0,,HYBRID_EAGER,inprocess,944cbb3a54944abf88b665f0f795dc12f107e0ea1a4e7f4e9a89d78bf301d381,8cc20f058c9f1b5d428aab69435fea1cc52cd770fb44e21843906e968b824ea8,0.959,0,51,47,0,47,4,92.15686274509804,93.82716049382717,94.44444444444444,100.0,90.9090909090909,86.95652173913044,746,15.872340425531915,0,0,0,0,5,0,0,0,0,0,5.6381,3.8768,5403,1163060,118,57,8,0.02861503243037009,1,0.733607,0.127832,117,4.295,14.413,25.601,12,0.058,0.103,0,0,0,0,0,0,
K8_R1.05_T1_H1_N1_S8006_STATIC_inprocess,8006,8,1.05,1,1,N1,0.98,3.0,,STATIC,inprocess,0ce944fc40c9a3a0a322f57a0a6ddf4580d05a8c9837ac19f4f08ebcd5db980f,5a6965fe78ae44530f203663e97532afb876e6d454e205a2d02aac72261b7478,0.227,0,72,55,0,55,17,76.38888888888889,63.96396396396396,22.22222222222222,10.0,94.44444444444444,65.71428571428571,776,14.10909090909091,0,0,0,0,8,0,0,0,0,0,5.6566,3.888,3862,1119501,72,37,4,0.0040595399188092015,0,0.044295,0.09648999999999999,275,0.009000000000000001,0.256,1.02,0,0.0,0.0,0,1,0,0,0,0,
K8_R1.05_T1_H1_N1_S8006_PERIODIC_inprocess,8006,8,1.05,1,1,N1,0.98,3.0,,PERIODIC,inprocess,0ce944fc40c9a3a0a322f57a0a6ddf4580d05a8c9837ac19f4f08ebcd5db980f,482c9a91c18ff84644a2ba410fb54deab6c10dd7a032dff08852aeec67ddc910,0.681,0,72,53,0,53,19,73.61111111111111,81.08108108108108,100.0,100.0,64.81481481481481,71.42857142857143,781,14.735849056603774,0,0,0,0,7,0,0,0,0,0,5.6687,3.888,4566,1175188,89,49,7,0.01934456076467911,1,0.507204,0.09551299999999999,31,13.561,37.752,46.596,0,0.0,0.0,0,0,0,0,0,0,
K8_R1.05_T1_H1_N1_S8006_CENTRAL_inprocess,8006,8,1.05,1,1,N1,0.98,3.0,,CENTRAL,inprocess,0ce944fc40c9a3a0a322f57a0a6ddf4580d05a8c9837ac19f4f08ebcd5db980f,6bbeb9c052c3c92f27c0eb7e9a55b16d3977edd3fc4c8e27f583b0132ee988a3,3.321,0,72,54,0,54,18,75.0,82.88288288288288,94.44444444444444,100.0,68.51851851851852,74.28571428571429,774,14.333333333333334,0,0,0,0,8,0,0,0,0,0,5.6624,3.888,6660,1377827,149,65,7,0.03011215240436319,0,3.074189,0.11341799999999999,152,17.763,40.652,45.043,0,0.0,0.0,0,0,0,0,0,0,
K8_R1.05_T1_H1_N1_S8006_CENTRAL_FB_inprocess,8006,8,1.05,1,1,N1,0.98,3.0,,CENTRAL_FB,inprocess,0ce944fc40c9a3a0a322f57a0a6ddf4580d05a8c9837ac19f4f08ebcd5db980f,104c88ae3d1ea9956038d612be154c3ad4ededbe7d2a66300d7737b893b353a8,4.221,0,72,53,0,53,19,73.61111111111111,81.98198198198199,100.0,100.0,64.81481481481481,68.57142857142857,791,14.924528301886792,0,0,0,0,7,0,0,0,0,0,5.6672,3.888,6931,1420343,158,84,7,0.03291998819013876,0,3.965721,0.130397,161,24.392,45.113,56.406,2,2.494,2.494,0,0,0,0,0,0,
K8_R1.05_T1_H1_N1_S8006_CENTRAL_FOG_inprocess,8006,8,1.05,1,1,N1,0.98,3.0,,CENTRAL_FOG,inprocess,0ce944fc40c9a3a0a322f57a0a6ddf4580d05a8c9837ac19f4f08ebcd5db980f,4094b6d146e4a30dbc31a183e7c815d020f945edbce65de2264c9b17e1f1f035,3.679,0,72,54,0,54,18,75.0,82.88288288288288,94.44444444444444,100.0,68.51851851851852,74.28571428571429,774,14.333333333333334,0,0,0,0,8,0,0,0,0,0,5.6624,3.888,6660,1377827,149,65,7,0.03011215240436319,0,3.389582,0.116335,152,20.691000000000003,42.757999999999996,55.46,0,0.0,0.0,0,0,0,0,0,0,
K8_R1.05_T1_H1_N1_S8006_HYBRID_inprocess,8006,8,1.05,1,1,N1,0.98,3.0,,HYBRID,inprocess,0ce944fc40c9a3a0a322f57a0a6ddf4580d05a8c9837ac19f4f08ebcd5db980f,0edef860b5435fb9455170641f2124f1c2b6e1c71ea16f13bda75b95e223063a,4.149,0,72,53,0,53,19,73.61111111111111,81.98198198198199,100.0,100.0,64.81481481481481,68.57142857142857,791,14.924528301886792,0,0,0,0,7,0,0,0,0,0,5.6672,3.888,6931,1420343,158,84,7,0.03291998819013876,0,3.906408,0.118882,161,25.718999999999998,48.037000000000006,56.366,2,3.005,3.005,0,0,0,0,0,0,
K8_R1.05_T1_H1_N1_S8006_EDGE_MARKET_inprocess,8006,8,1.05,1,1,N1,0.98,3.0,,EDGE_MARKET,inprocess,0ce944fc40c9a3a0a322f57a0a6ddf4580d05a8c9837ac19f4f08ebcd5db980f,a27d03643a7d373ee25be924aaf891b63b67750843d7c77b1c76cd9cef0a27a1,0.383,0,72,54,0,54,18,75.0,79.27927927927928,83.33333333333333,80.0,72.22222222222223,68.57142857142857,771,14.277777777777779,0,0,0,0,7,0,0,0,0,0,5.7031,3.888,5272,1407332,100,59,7,0.02266953292945085,0,0.037251,0.277776,160,0.064,0.165,0.27099999999999996,1366,0.587,3.231,0,37,0,0,0,0,
K4_R0.90_T1_H1_N1_S8006_STATIC_inprocess,8006,4,0.9,1,1,N1,0.98,3.0,,STATIC,inprocess,2c88dd3a8b0e4f9d32baa635ae0a7a6db2e5d3f848a211181577a196f9c641b4,80a86ab9ed1a36ec2133f80ceb0df06c84014785ca6bec746f343610c83c311a,0.123,0,31,27,0,27,4,87.09677419354838,83.33333333333333,80.0,33.333333333333336,90.47619047619048,94.44444444444444,354,13.11111111111111,0,0,0,0,4,0,0,0,0,0,5.6615,4.0208,1934,514431,39,14,6,0.007123287671232876,0,0.023041,0.05642,188,0.007,0.16899999999999998,0.231,0,0.0,0.0,0,0,0,0,0,0,
K4_R0.90_T1_H1_N1_S8006_PERIODIC_inprocess,8006,4,0.9,1,1,N1,0.98,3.0,,PERIODIC,inprocess,2c88dd3a8b0e4f9d32baa635ae0a7a6db2e5d3f848a211181577a196f9c641b4,101ee19b515f64f15da91af68f0b8c51940511821db133f8928dd5015606c318,0.164,0,31,29,0,29,2,93.54838709677419,95.83333333333333,100.0,100.0,90.47619047619048,100.0,381,13.137931034482758,0,0,0,0,4,0,0,0,0,0,5.6713,4.0208,2120,569327,51,17,6,0.013493253373313344,0,0.084862,0.0451,31,1.6689999999999998,6.383,9.235,0,0.0,0.0,0,0,0,0,0,0,
K4_R0.90_T1_H1_N1_S8006_CENTRAL_inprocess,8006,4,0.9,1,1,N1,0.98,3.0,,CENTRAL,inprocess,2c88dd3a8b0e4f9d32baa635ae0a7a6db2e5d3f848a211181577a196f9c641b4,ffaba5244359b4b7735ef5894c27e817fd9eb7086a2f04808ef515dd1ded9161,0.238,0,31,28,0,28,3,90.3225806451613,91.66666666666667,90.0,100.0,90.47619047619048,94.44444444444444,347,12.392857142857142,0,0,0,0,3,0,0,0,0,0,5.6586,4.0208,2282,562053,49,22,7,0.017947537965945698,0,0.157399,0.045996999999999996,61,2.137,5.630999999999999,6.38,0,0.0,0.0,0,0,0,0,0,0,
K4_R0.90_T1_H1_N1_S8006_CENTRAL_FB_inprocess,8006,4,0.9,1,1,N1,0.98,3.0,,CENTRAL_FB,inprocess,2c88dd3a8b0e4f9d32baa635ae0a7a6db2e5d3f848a211181577a196f9c641b4,7bf5574a9c98cc28a5d8c63be93956d46c1b3de055686e696cee02983099727a,0.239,0,31,28,0,28,3,90.3225806451613,91.66666666666667,90.0,100.0,90.47619047619048,94.44444444444444,347,12.392857142857142,0,0,0,0,3,0,0,0,0,0,5.6586,4.0208,2282,562053,49,22,7,0.017947537965945698,0,0.156038,0.047043,61,2.254,5.545,6.113,1,0.013,0.013,0,0,0,0,0,0,
K4_R0.90_T1_H1_N1_S8006_CENTRAL_FOG_inprocess,8006,4,0.9,1,1,N1,0.98,3.0,,CENTRAL_FOG,inprocess,2c88dd3a8b0e4f9d32baa635ae0a7a6db2e5d3f848a211181577a196f9c641b4,f13036968049ea1e082e8a1074a9e045f10676dcfff853404879bcc74b4c517d,0.239,0,31,28,0,28,3,90.3225806451613,91.66666666666667,90.0,100.0,90.47619047619048,94.44444444444444,347,12.392857142857142,0,0,0,0,3,0,0,0,0,0,5.6586,4.0208,2282,562053,49,22,7,0.017947537965945698,0,0.158462,0.046057,61,2.14,5.588,6.333,0,0.0,0.0,0,0,0,0,0,0,
K4_R0.90_T1_H1_N1_S8006_HYBRID_inprocess,8006,4,0.9,1,1,N1,0.98,3.0,,HYBRID,inprocess,2c88dd3a8b0e4f9d32baa635ae0a7a6db2e5d3f848a211181577a196f9c641b4,16a6fb6e713c78a140c53faae4ea64e8c662371419415f13ae98e65c7ad92bfd,0.197,0,31,28,0,28,3,90.3225806451613,91.66666666666667,90.0,100.0,90.47619047619048,94.44444444444444,347,12.392857142857142,0,0,0,0,3,0,0,0,0,0,5.6586,4.0208,2282,562053,49,22,7,0.017947537965945698,0,0.130275,0.038334999999999994,61,1.752,4.7010000000000005,5.169,1,0.009000000000000001,0.009000000000000001,0,0,0,0,0,0,
K4_R0.90_T1_H1_N1_S8006_HYBRID_EAGER_inprocess,8006,4,0.9,1,1,N1,0.98,3.0,,HYBRID_EAGER,inprocess,2c88dd3a8b0e4f9d32baa635ae0a7a6db2e5d3f848a211181577a196f9c641b4,0773bd1f848a981b637ba49341dcb859169a75fb9503a77db1280a615ec78f24,0.199,0,31,28,0,28,3,90.3225806451613,91.66666666666667,90.0,100.0,90.47619047619048,94.44444444444444,347,12.392857142857142,0,0,0,0,3,0,0,0,0,0,5.6586,4.0208,2282,562045,49,22,7,0.017947537965945698,0,0.130897,0.040082999999999994,61,1.822,4.609,8.194999999999999,8,0.34900000000000003,0.34900000000000003,0,0,0,0,0,0,
K4_R0.90_T1_H1_N1_S8006_EDGE_MARKET_inprocess,8006,4,0.9,1,1,N1,0.98,3.0,,EDGE_MARKET,inprocess,2c88dd3a8b0e4f9d32baa635ae0a7a6db2e5d3f848a211181577a196f9c641b4,3b92c5fe1636f6db4ce07c5d59eecc70ca63a07713cabf9bcf47a4e3cb131980,0.109,0,31,27,0,27,4,87.09677419354838,87.5,80.0,100.0,90.47619047619048,83.33333333333333,382,14.148148148148149,0,0,0,0,4,0,0,0,0,0,5.6601,4.0208,2113,565688,47,12,6,0.011005502751375688,0,0.014534,0.064247,56,0.030000000000000002,0.073,0.085,206,0.357,2.183,0,7,0,0,0,0,
K8_R1.05_T1_H1_N1_S8006_HYBRID_EAGER_inprocess,8006,8,1.05,1,1,N1,0.98,3.0,,HYBRID_EAGER,inprocess,0ce944fc40c9a3a0a322f57a0a6ddf4580d05a8c9837ac19f4f08ebcd5db980f,d39de1f241f23eee4a8c9d0a18df1d836296654b37a45cfde1d04d9966d99ecf,4.082,0,72,52,0,52,20,72.22222222222223,78.37837837837837,83.33333333333333,90.0,68.51851851851852,68.57142857142857,775,14.903846153846153,0,0,0,0,6,0,0,0,0,0,5.6746,3.888,6852,1386178,145,72,7,0.032363907531692764,0,3.76927,0.138717,163,22.325999999999997,47.518,63.89300000000001,18,0.46,2.4250000000000003,0,0,0,0,0,0,
K16_R0.90_T1_H1_N1_S8006_STATIC_inprocess,8006,16,0.9,1,1,N1,0.98,3.0,,STATIC,inprocess,c04185be61076e934af15d9b3ea50c2d6ee2de86a3c4df8dbc7643d6b1853dac,c8c317939c771a0ffce0727c457f4cd3457619e62573720adc1ef834fd65e6c7,0.387,0,123,96,1,97,26,78.86178861788618,74.07407407407408,55.55555555555556,45.45454545454545,85.41666666666667,72.72727272727273,1609,16.587628865979383,0,0,0,0,12,0,0,0,0,0,5.6277,3.8862,7718,2172065,166,68,7,0.0018916362653695446,0,0.075314,0.163851,230,0.01,0.5559999999999999,0.916,0,0.0,0.0,0,2,0,0,0,0,
K16_R0.90_T1_H1_N1_S8006_PERIODIC_inprocess,8006,16,0.9,1,1,N1,0.98,3.0,,PERIODIC,inprocess,c04185be61076e934af15d9b3ea50c2d6ee2de86a3c4df8dbc7643d6b1853dac,31641a33a6a1ff71ec703d1e0cc512ee9afd80d1e48acd223825fbb220a2b89a,1.449,0,123,101,1,102,21,82.92682926829268,86.77248677248677,92.5925925925926,100.0,80.20833333333333,83.63636363636364,1690,16.568627450980394,2,2,0,0,14,0,0,0,0,0,5.6671,3.8862,8852,2307762,162,81,6,0.008159459144422426,0,1.016026,0.22214799999999998,31,27.709,77.22500000000001,129.31,0,0.0,0.0,0,3,0,0,0,0,
K16_R0.90_T1_H1_N1_S8006_CENTRAL_inprocess,8006,16,0.9,1,1,N1,0.98,3.0,,CENTRAL,inprocess,c04185be61076e934af15d9b3ea50c2d6ee2de86a3c4df8dbc7643d6b1853dac,436a40ca9d83c81c06f7664092dd6f49d99a55d727c6b485eef88995bac7c9d5,7.455,0,123,101,1,102,21,82.92682926829268,86.24338624338624,92.5925925925926,90.9090909090909,80.20833333333333,80.0,1688,16.54901960784314,1,1,0,0,14,0,0,0,0,0,5.6476,3.8862,13228,2690472,266,124,7,0.025897949745645136,0,6.808075,0.26049,180,38.594,84.884,104.029,0,0.0,0.0,0,0,0,0,0,0,
K16_R0.90_T1_H1_N1_S8006_CENTRAL_FB_inprocess,8006,16,0.9,1,1,N1,0.98,3.0,,CENTRAL_FB,inprocess,c04185be61076e934af15d9b3ea50c2d6ee2de86a3c4df8dbc7643d6b1853dac,c94867eb2aa565d8e2b9670ac1652c86e988035e44ce1dc814ae398418d0b43d,7.101,0,123,101,1,102,21,82.92682926829268,86.24338624338624,92.5925925925926,90.9090909090909,80.20833333333333,80.0,1688,16.54901960784314,1,1,0,0,14,0,0,0,0,0,5.6476,3.8862,13228,2690472,266,124,7,0.025897949745645136,0,6.513748,0.256015,180,41.867000000000004,75.863,102.607,0,0.0,0.0,0,0,0,0,0,0,
K16_R0.90_T1_H1_N1_S8006_CENTRAL_FOG_inprocess,8006,16,0.9,1,1,N1,0.98,3.0,,CENTRAL_FOG,inprocess,c04185be61076e934af15d9b3ea50c2d6ee2de86a3c4df8dbc7643d6b1853dac,1a1797f5102fdcc94b1a574060794d237c541521ac05c616025485c10d93e28b,6.977,0,123,101,1,102,21,82.92682926829268,86.24338624338624,92.5925925925926,90.9090909090909,80.20833333333333,80.0,1688,16.54901960784314,1,1,0,0,14,0,0,0,0,0,5.6476,3.8862,13228,2690472,266,124,7,0.025897949745645136,0,6.433658,0.239482,180,34.171,77.58,98.967,0,0.0,0.0,0,0,0,0,0,0,
K16_R0.90_T1_H1_N1_S8006_HYBRID_inprocess,8006,16,0.9,1,1,N1,0.98,3.0,,HYBRID,inprocess,c04185be61076e934af15d9b3ea50c2d6ee2de86a3c4df8dbc7643d6b1853dac,7d7ad0b877ca710dceec08686270c0fb2e1ef56c56c408510f28887b59e38a36,7.318,0,123,101,1,102,21,82.92682926829268,86.24338624338624,92.5925925925926,90.9090909090909,80.20833333333333,80.0,1688,16.54901960784314,1,1,0,0,14,0,0,0,0,0,5.6476,3.8862,13228,2690472,266,124,7,0.025897949745645136,0,6.551404,0.24952400000000002,180,35.708999999999996,81.902,125.25800000000001,0,0.0,0.0,0,0,0,0,0,0,
K16_R0.90_T1_H1_N1_S8006_EDGE_MARKET_inprocess,8006,16,0.9,1,1,N1,0.98,3.0,,EDGE_MARKET,inprocess,c04185be61076e934af15d9b3ea50c2d6ee2de86a3c4df8dbc7643d6b1853dac,f50da949ce064c59ca85b2704c2504a24c6c673e5e45b6d82307191eca243d5f,1.082,0,123,97,1,98,25,79.67479674796748,84.12698412698413,96.29629629629629,90.9090909090909,75.0,76.36363636363636,1721,17.56122448979592,0,0,0,0,12,0,0,0,0,0,5.6597,3.8862,11324,2934380,233,103,7,0.019009685887571286,1,0.084021,0.7147560000000001,178,0.135,0.43,0.851,3502,0.464,12.49,0,60,0,0,0,0,
K8_R0.75_T1_H1_N3_S8006_STATIC_inprocess,8006,8,0.75,1,1,N3,0.75,20.0,,STATIC,inprocess,0fadddae2c2f5526450dea0030ff9995e377e2b00a1db305c3f9cf25ea0f64c5,980a3b78c733dba7633e0e146818022775f9cbfd7b0f187fdc3b3e0035258009,0.171,0,51,44,0,44,7,86.27450980392157,80.24691358024691,66.66666666666667,33.333333333333336,96.96969696969697,95.65217391304348,778,17.681818181818183,0,0,0,0,6,0,0,0,0,0,5.6389,3.8768,3844,1011230,265,54,32,0.13956887102667154,4,0.02751,0.080068,279,0.007,0.16699999999999998,0.486,0,0.0,0.0,0,0,0,0,0,0,
K8_R0.75_T1_H1_N3_S8006_PERIODIC_inprocess,8006,8,0.75,1,1,N3,0.75,20.0,,PERIODIC,inprocess,0fadddae2c2f5526450dea0030ff9995e377e2b00a1db305c3f9cf25ea0f64c5,1d308e9fb728ef1671a45b408adcebd8208a9099fdb0136e652803bbb5f35db3,0.268,0,51,45,0,45,6,88.23529411764706,88.88888888888889,83.33333333333333,100.0,90.9090909090909,91.30434782608695,670,14.88888888888889,0,0,0,0,4,0,0,0,0,0,5.632,3.8768,4216,1084431,346,65,47,0.27522639068564037,7,0.127035,0.081276,31,2.383,8.811,23.049,0,0.0,0.0,0,1,0,0,0,0,
K8_R0.75_T1_H1_N3_S8006_CENTRAL_inprocess,8006,8,0.75,1,1,N3,0.75,20.0,,CENTRAL,inprocess,0fadddae2c2f5526450dea0030ff9995e377e2b00a1db305c3f9cf25ea0f64c5,145ca8eef9b0d6d6cdf695acf58bae3aa6b74e3951dedbaeb56a8446ae6b47f2,0.677,0,51,48,0,48,3,94.11764705882354,95.06172839506173,94.44444444444444,100.0,93.93939393939394,100.0,767,15.979166666666666,0,0,0,0,4,0,0,0,0,0,5.6237,3.8768,4979,1124125,438,79,48,0.30813198233307354,7,0.492839,0.10256599999999999,117,2.7720000000000002,11.853000000000002,19.147000000000002,0,0.0,0.0,0,0,0,0,0,0,
K8_R0.75_T1_H1_N3_S8006_CENTRAL_FB_inprocess,8006,8,0.75,1,1,N3,0.75,20.0,,CENTRAL_FB,inprocess,0fadddae2c2f5526450dea0030ff9995e377e2b00a1db305c3f9cf25ea0f64c5,1fc1b3a21919fa8c8337ebdf96e944d48ba25fa7911e3511e4c864d8e1468259,0.677,0,51,50,0,50,1,98.03921568627452,98.76543209876543,100.0,100.0,96.96969696969697,95.65217391304348,720,14.4,0,0,0,0,4,0,0,0,0,0,5.6699,3.8768,5029,1134735,457,75,43,0.3062692702980473,9,0.50414,0.10017799999999999,128,2.6879999999999997,10.946,20.375,27,0.041999999999999996,0.504,0,0,0,0,0,0,
K8_R0.75_T1_H1_N3_S8006_CENTRAL_FOG_inprocess,8006,8,0.75,1,1,N3,0.75,20.0,,CENTRAL_FOG,inprocess,0fadddae2c2f5526450dea0030ff9995e377e2b00a1db305c3f9cf25ea0f64c5,3f6aac8a6472ed9865f903df7a43cf29a12037210442386470034b4f23763584,0.65,0,51,48,0,48,3,94.11764705882354,95.06172839506173,94.44444444444444,100.0,93.93939393939394,100.0,767,15.979166666666666,0,0,0,0,4,0,0,0,0,0,5.6237,3.8768,4979,1124125,438,79,48,0.30813198233307354,7,0.458621,0.105615,117,2.692,10.243,19.514,0,0.0,0.0,0,0,0,0,0,0,
K8_R0.75_T1_H1_N3_S8006_HYBRID_inprocess,8006,8,0.75,1,1,N3,0.75,20.0,,HYBRID,inprocess,0fadddae2c2f5526450dea0030ff9995e377e2b00a1db305c3f9cf25ea0f64c5,0457c7411e4a4a92bdbaf61af8de15ece2e9944b46702a905148412ef0862662,0.747,0,51,50,0,50,1,98.03921568627452,98.76543209876543,100.0,100.0,96.96969696969697,95.65217391304348,720,14.4,0,0,0,0,4,0,0,0,0,0,5.6699,3.8768,5029,1134735,457,75,43,0.3062692702980473,9,0.55977,0.110103,128,3.1580000000000004,11.331000000000001,25.008,27,0.041999999999999996,0.506,0,0,0,0,0,0,
K8_R0.75_T1_H1_N3_S8006_HYBRID_EAGER_inprocess,8006,8,0.75,1,1,N3,0.75,20.0,,HYBRID_EAGER,inprocess,0fadddae2c2f5526450dea0030ff9995e377e2b00a1db305c3f9cf25ea0f64c5,18967af88a15837bbf2c66f300a22877b5202786f6c53f6beb2a4534646eac61,0.721,0,51,49,0,49,2,96.07843137254902,96.29629629629629,94.44444444444444,100.0,96.96969696969697,95.65217391304348,717,14.63265306122449,0,0,0,0,5,0,0,0,0,0,5.6699,3.8768,5059,1135941,463,76,43,0.31289748155685576,7,0.522938,0.109769,132,2.974,11.161000000000001,20.486,43,0.037,0.484,0,0,0,0,0,0,
K8_R0.75_T1_H1_N3_S8006_EDGE_MARKET_inprocess,8006,8,0.75,1,1,N3,0.75,20.0,,EDGE_MARKET,inprocess,0fadddae2c2f5526450dea0030ff9995e377e2b00a1db305c3f9cf25ea0f64c5,302e5aaed7032b331145e158e2e95de41df79b94c815ca7308ae1123f496c30f,0.244,0,51,45,0,45,6,88.23529411764706,88.88888888888889,88.88888888888889,66.66666666666667,87.87878787878788,95.65217391304348,694,15.422222222222222,0,0,0,0,4,0,0,0,0,0,5.6567,3.8768,4295,1083255,312,71,43,0.20450986533041027,4,0.024943,0.156636,73,0.056,0.115,0.305,515,0.5730000000000001,3.35,0,14,0,0,0,0,
K8_R1.05_T1_H1_N3_S8006_STATIC_inprocess,8006,8,1.05,1,1,N3,0.75,20.0,,STATIC,inprocess,f8a1c748356472dce8ef736b73de7750943f5be9da403f652188f1a13780beeb,15828ab6866b928442b8a29144a0bef6250067cfdddcc66d2d0aa73c3f056f67,0.211,0,72,55,0,55,17,76.38888888888889,67.56756756756756,38.888888888888886,20.0,88.88888888888889,68.57142857142857,799,14.527272727272727,0,0,0,0,8,0,0,0,0,0,5.6566,3.888,3871,1124712,290,63,36,0.17113850616388687,4,0.033751,0.09898300000000002,253,0.008,0.217,0.45399999999999996,0,0.0,0.0,0,0,0,0,0,0,
K16_R0.90_T1_H1_N1_S8006_HYBRID_EAGER_inprocess,8006,16,0.9,1,1,N1,0.98,3.0,,HYBRID_EAGER,inprocess,c04185be61076e934af15d9b3ea50c2d6ee2de86a3c4df8dbc7643d6b1853dac,ce36330b9a7f095270398ca9b68f6efeca954867511a3bf65e52145d9435f37d,7.214,0,123,103,1,104,19,84.55284552845528,88.88888888888889,96.29629629629629,100.0,81.25,76.36363636363636,1587,15.259615384615385,14,14,0,0,11,0,0,0,0,0,5.6476,3.8862,13350,2687413,276,136,7,0.028093747614321703,1,6.595267,0.261371,181,39.098,77.27199999999999,119.94000000000001,36,0.095,0.481,0,0,0,0,0,0,
K8_R1.05_T1_H1_N3_S8006_PERIODIC_inprocess,8006,8,1.05,1,1,N3,0.75,20.0,,PERIODIC,inprocess,f8a1c748356472dce8ef736b73de7750943f5be9da403f652188f1a13780beeb,d526a77da752e66f6766d12ec27460d0797f121483acc30eaf4643ecf5d40559,0.534,0,72,52,0,52,20,72.22222222222223,74.77477477477477,77.77777777777777,70.0,70.37037037037037,62.857142857142854,746,14.346153846153847,0,0,0,0,6,0,0,0,0,0,5.6731,3.888,4319,1176392,344,82,47,0.2640977443609023,8,0.369916,0.090895,31,8.958,35.662,37.538000000000004,0,0.0,0.0,0,2,0,0,0,0,
K8_R1.05_T1_H1_N3_S8006_CENTRAL_inprocess,8006,8,1.05,1,1,N3,0.75,20.0,,CENTRAL,inprocess,f8a1c748356472dce8ef736b73de7750943f5be9da403f652188f1a13780beeb,3cddc8eeb5ed57927f7e022d5bca17fd240fbea380e192edade521a9c0b1d5b9,2.37,0,72,53,0,53,19,73.61111111111111,80.18018018018019,88.88888888888889,90.0,68.51851851851852,65.71428571428571,737,13.90566037735849,0,0,0,0,6,0,0,0,0,0,5.671,3.888,6079,1315076,582,98,47,0.42920443101711986,7,2.151381,0.11461199999999999,170,9.828999999999999,30.996,42.961,0,0.0,0.0,0,0,0,0,0,0,
K8_R1.05_T1_H1_N3_S8006_CENTRAL_FB_inprocess,8006,8,1.05,1,1,N3,0.75,20.0,,CENTRAL_FB,inprocess,f8a1c748356472dce8ef736b73de7750943f5be9da403f652188f1a13780beeb,fee3aa42cb0833c9652723d2452804fd64906a7a69f2366e071efe36e831cf48,2.523,0,72,53,0,53,19,73.61111111111111,80.18018018018019,88.88888888888889,90.0,68.51851851851852,65.71428571428571,737,13.90566037735849,0,0,0,0,6,0,0,0,0,0,5.671,3.888,6079,1315076,582,98,47,0.42920443101711986,7,2.254721,0.126007,170,9.677,34.653000000000006,47.022,26,0.46299999999999997,3.034,0,0,0,0,0,0,
K8_R1.05_T1_H1_N3_S8006_CENTRAL_FOG_inprocess,8006,8,1.05,1,1,N3,0.75,20.0,,CENTRAL_FOG,inprocess,f8a1c748356472dce8ef736b73de7750943f5be9da403f652188f1a13780beeb,9c2c48254d31e8606fdb80ba162358b3f49f9290739b02eb7c330705c78bbcd3,2.526,0,72,53,0,53,19,73.61111111111111,80.18018018018019,88.88888888888889,90.0,68.51851851851852,65.71428571428571,737,13.90566037735849,0,0,0,0,6,0,0,0,0,0,5.671,3.888,6079,1315076,582,98,47,0.42920443101711986,7,2.290776,0.116952,170,10.706999999999999,34.160999999999994,40.043,0,0.0,0.0,0,0,0,0,0,0,
K8_R1.05_T1_H1_N3_S8006_HYBRID_inprocess,8006,8,1.05,1,1,N3,0.75,20.0,,HYBRID,inprocess,f8a1c748356472dce8ef736b73de7750943f5be9da403f652188f1a13780beeb,09ee0062c7b72e93ef0ea9c5b334625c4d8a23d6364ef930ba9315e7af0d4a92,2.52,0,72,53,0,53,19,73.61111111111111,80.18018018018019,88.88888888888889,90.0,68.51851851851852,65.71428571428571,737,13.90566037735849,0,0,0,0,6,0,0,0,0,0,5.671,3.888,6079,1315076,582,98,47,0.42920443101711986,7,2.228195,0.12555,170,9.279,33.588,52.051,26,0.386,3.1310000000000002,0,0,0,0,0,0,
K8_R1.05_T1_H1_N3_S8006_EDGE_MARKET_inprocess,8006,8,1.05,1,1,N3,0.75,20.0,,EDGE_MARKET,inprocess,f8a1c748356472dce8ef736b73de7750943f5be9da403f652188f1a13780beeb,61cef90a39a9806457afadc7ffb09d866eaf68d3adc7a3c551d4a13b39abc86b,0.393,0,72,52,0,52,20,72.22222222222223,77.47747747747748,88.88888888888889,90.0,66.66666666666667,71.42857142857143,791,15.211538461538462,0,0,0,0,6,0,0,0,0,0,5.6407,3.888,4842,1354913,408,69,42,0.28671140939597317,4,0.034775,0.265785,141,0.057,0.2,0.287,968,0.516,8.863,0,32,0,0,0,0,
K4_R0.90_T1_H1_N3_S8006_STATIC_inprocess,8006,4,0.9,1,1,N3,0.75,20.0,,STATIC,inprocess,fe90fd975b172b97aea71c92a34e15d586e890e31d58b9d5fa1228cb938bb3aa,4485f3e01d683f0782f717ade86386681180261c58ccd30955c77665701f315a,0.092,0,31,27,0,27,4,87.09677419354838,79.16666666666667,70.0,0.0,95.23809523809524,88.88888888888889,361,13.37037037037037,0,0,0,0,4,0,0,0,0,0,5.649,4.0249,1931,528410,181,22,38,0.2081447963800905,1,0.014162,0.044024,192,0.006,0.097,0.145,0,0.0,0.0,0,0,0,0,0,0,
K4_R0.90_T1_H1_N3_S8006_PERIODIC_inprocess,8006,4,0.9,1,1,N3,0.75,20.0,,PERIODIC,inprocess,fe90fd975b172b97aea71c92a34e15d586e890e31d58b9d5fa1228cb938bb3aa,724022c6c841942c11d41b4251780ce2016239b9287a3e40142a32f0b67f3610,0.164,0,31,28,0,28,3,90.3225806451613,91.66666666666667,90.0,100.0,90.47619047619048,94.44444444444444,345,12.321428571428571,0,0,0,0,4,0,0,0,0,0,5.6584,4.0249,2125,549553,174,30,48,0.32214331826985154,1,0.071017,0.053846,31,1.494,5.225,7.643,0,0.0,0.0,0,0,0,0,0,0,
K4_R0.90_T1_H1_N3_S8006_CENTRAL_inprocess,8006,4,0.9,1,1,N3,0.75,20.0,,CENTRAL,inprocess,fe90fd975b172b97aea71c92a34e15d586e890e31d58b9d5fa1228cb938bb3aa,c383a0b60fbb3a7e143939f04ccaa339921e35c0087732831d911a23cbe0e683,0.257,0,31,28,0,28,3,90.3225806451613,91.66666666666667,90.0,100.0,90.47619047619048,94.44444444444444,320,11.428571428571429,0,0,0,0,3,0,0,0,0,0,5.6566,4.0249,2298,549074,210,26,46,0.4144927536231884,1,0.168032,0.049642000000000006,72,2.106,4.52,8.574,0,0.0,0.0,0,0,0,0,0,0,
K4_R0.90_T1_H1_N3_S8006_CENTRAL_FB_inprocess,8006,4,0.9,1,1,N3,0.75,20.0,,CENTRAL_FB,inprocess,fe90fd975b172b97aea71c92a34e15d586e890e31d58b9d5fa1228cb938bb3aa,9d3cc7ccc4aedc71317071f2965eff86ed5df8bda3abcd810bb92daf28c5316f,0.254,0,31,28,0,28,3,90.3225806451613,91.66666666666667,90.0,100.0,90.47619047619048,94.44444444444444,320,11.428571428571429,0,0,0,0,3,0,0,0,0,0,5.6566,4.0249,2298,549074,210,26,46,0.4144927536231884,1,0.166797,0.047108,72,2.1069999999999998,4.834,6.019,15,0.093,0.098,0,0,0,0,0,0,
K4_R0.90_T1_H1_N3_S8006_CENTRAL_FOG_inprocess,8006,4,0.9,1,1,N3,0.75,20.0,,CENTRAL_FOG,inprocess,fe90fd975b172b97aea71c92a34e15d586e890e31d58b9d5fa1228cb938bb3aa,b2591f35f955e58d31ab36c513ed9b3060a6521d61ba05b45ba08a05e80e5a72,0.231,0,31,28,0,28,3,90.3225806451613,91.66666666666667,90.0,100.0,90.47619047619048,94.44444444444444,320,11.428571428571429,0,0,0,0,3,0,0,0,0,0,5.6566,4.0249,2298,549074,210,26,46,0.4144927536231884,1,0.146923,0.042102,72,1.821,4.595,7.437,0,0.0,0.0,0,0,0,0,0,0,
K4_R0.90_T1_H1_N3_S8006_HYBRID_inprocess,8006,4,0.9,1,1,N3,0.75,20.0,,HYBRID,inprocess,fe90fd975b172b97aea71c92a34e15d586e890e31d58b9d5fa1228cb938bb3aa,7ec8c51a13c454614aa8d1ea20584baa69a7c5c00df253531874c34ea544a0b3,0.26,0,31,28,0,28,3,90.3225806451613,91.66666666666667,90.0,100.0,90.47619047619048,94.44444444444444,320,11.428571428571429,0,0,0,0,3,0,0,0,0,0,5.6566,4.0249,2298,549074,210,26,46,0.4144927536231884,1,0.174003,0.048105999999999996,72,2.085,5.027,8.826,15,0.087,0.092,0,0,0,0,0,0,
K8_R1.05_T1_H1_N3_S8006_HYBRID_EAGER_inprocess,8006,8,1.05,1,1,N3,0.75,20.0,,HYBRID_EAGER,inprocess,f8a1c748356472dce8ef736b73de7750943f5be9da403f652188f1a13780beeb,39edf70ae6aeffbb2bd5395f9697730509c895d3108e0d411eab3fb2d57f8e10,2.496,0,72,55,0,55,17,76.38888888888889,81.08108108108108,88.88888888888889,90.0,72.22222222222223,65.71428571428571,772,14.036363636363637,0,0,0,0,8,0,0,0,0,0,5.6683,3.888,5936,1303676,523,111,42,0.34530443756449947,5,2.246363,0.124797,163,10.891,32.783,50.574,42,0.5419999999999999,3.1020000000000003,0,0,0,0,0,0,
K4_R0.90_T1_H1_N3_S8006_HYBRID_EAGER_inprocess,8006,4,0.9,1,1,N3,0.75,20.0,,HYBRID_EAGER,inprocess,fe90fd975b172b97aea71c92a34e15d586e890e31d58b9d5fa1228cb938bb3aa,532e8d757de17fb115cef3d0b07a4264dd18461eb3b3a709e4278a6c983f2c28,0.256,0,31,28,0,28,3,90.3225806451613,91.66666666666667,90.0,100.0,90.47619047619048,94.44444444444444,320,11.428571428571429,0,0,0,0,3,0,0,0,0,0,5.6566,4.0249,2298,549074,210,26,46,0.4144927536231884,1,0.165635,0.051873,72,2.075,4.37,5.439,24,0.098,0.46,0,0,0,0,0,0,
K4_R0.90_T1_H1_N3_S8006_EDGE_MARKET_inprocess,8006,4,0.9,1,1,N3,0.75,20.0,,EDGE_MARKET,inprocess,fe90fd975b172b97aea71c92a34e15d586e890e31d58b9d5fa1228cb938bb3aa,edc3e9574c75337af63d03a25083dc25a6d3371953b5c16f64bc1051412f0f8f,0.096,0,31,28,0,28,3,90.3225806451613,93.75,100.0,100.0,85.71428571428571,88.88888888888889,347,12.392857142857142,0,0,0,0,4,0,0,0,0,0,5.6635,4.0281,2060,568620,164,32,46,0.29431438127090304,1,0.010917,0.054831000000000005,60,0.022,0.037,0.04,167,0.383,2.1919999999999997,0,6,0,0,0,0,
K16_R0.90_T1_H1_N3_S8006_STATIC_inprocess,8006,16,0.9,1,1,N3,0.75,20.0,,STATIC,inprocess,b888d58f82869557e3a68f0dfd2b6a548e28dcb1cf4847a9a5e61461c8cf19e9,1e186ded19f391b9f002d1ddc76b8676eb6ed287b88689c592272ca8b6f71380,0.469,0,123,97,1,98,25,79.67479674796748,75.66137566137566,62.96296296296296,36.36363636363637,84.375,74.54545454545455,1656,16.897959183673468,0,0,0,0,12,0,0,0,0,0,5.6502,3.8862,7718,2175602,624,105,77,0.22214103032517354,6,0.078003,0.205509,271,0.011,0.605,3.6159999999999997,0,0.0,0.0,0,2,0,0,0,0,
K16_R0.90_T1_H1_N3_S8006_PERIODIC_inprocess,8006,16,0.9,1,1,N3,0.75,20.0,,PERIODIC,inprocess,b888d58f82869557e3a68f0dfd2b6a548e28dcb1cf4847a9a5e61461c8cf19e9,e2a9222ef08181f9284b4c7c619d0b938942cca52431854e906b7da205bfeb2c,1.08,0,123,96,1,97,26,78.86178861788618,83.5978835978836,92.5925925925926,90.9090909090909,75.0,72.72727272727273,1769,18.237113402061855,0,0,0,0,12,0,0,0,0,0,5.674,3.8862,8825,2304314,741,129,77,0.2529518619436876,10,0.744557,0.17793600000000004,31,20.954,61.657,83.52900000000001,0,0.0,0.0,0,2,0,0,0,0,
K16_R0.90_T1_H1_N3_S8006_CENTRAL_FB_inprocess,8006,16,0.9,1,1,N3,0.75,20.0,,CENTRAL_FB,inprocess,b888d58f82869557e3a68f0dfd2b6a548e28dcb1cf4847a9a5e61461c8cf19e9,a7730bac2dfa157ca7b5e7d94a402b7ac6bf377bc09e6c944ef133068743f41d,6.223,0,123,103,1,104,19,84.55284552845528,88.35978835978835,96.29629629629629,100.0,81.25,85.45454545454545,1509,14.509615384615385,0,0,0,0,11,0,0,0,0,0,5.7059,3.8862,13666,2703708,1213,221,77,0.3632519202554587,9,5.619215,0.27189399999999997,234,17.601,60.818,81.883,62,0.5479999999999999,3.3310000000000004,0,0,0,0,0,0,
K16_R0.90_T1_H1_N3_S8006_CENTRAL_inprocess,8006,16,0.9,1,1,N3,0.75,20.0,,CENTRAL,inprocess,b888d58f82869557e3a68f0dfd2b6a548e28dcb1cf4847a9a5e61461c8cf19e9,a1d096d9a708778ece5a83fead18fa1bb3e7421e3f65b49ae397be24a6147bb7,6.923,0,123,102,1,103,20,83.73983739837398,88.35978835978835,100.0,100.0,79.16666666666667,81.81818181818181,1597,15.504854368932039,0,0,0,0,13,0,0,0,0,0,5.6682,3.8862,14391,2767047,1376,251,77,0.35742124066255276,9,6.238199,0.27434000000000003,245,24.844,59.32599999999999,88.20500000000001,0,0.0,0.0,0,0,0,0,0,0,
K16_R0.90_T1_H1_N3_S8006_HYBRID_inprocess,8006,16,0.9,1,1,N3,0.75,20.0,,HYBRID,inprocess,b888d58f82869557e3a68f0dfd2b6a548e28dcb1cf4847a9a5e61461c8cf19e9,f23a408f13c4e67614d0fc4df79bd4c15ccc2c6d22c25e15d91d64ebd335492f,6.321,0,123,103,1,104,19,84.55284552845528,88.35978835978835,96.29629629629629,100.0,81.25,85.45454545454545,1509,14.509615384615385,0,0,0,0,11,0,0,0,0,0,5.7059,3.8862,13666,2703708,1213,221,77,0.3632519202554587,9,5.709216,0.284442,234,20.715999999999998,58.175,79.44500000000001,62,0.5910000000000001,2.913,0,0,0,0,0,0,
K16_R0.90_T1_H1_N3_S8006_CENTRAL_FOG_inprocess,8006,16,0.9,1,1,N3,0.75,20.0,,CENTRAL_FOG,inprocess,b888d58f82869557e3a68f0dfd2b6a548e28dcb1cf4847a9a5e61461c8cf19e9,4494ee60cc76ec976c739f3c414098abd977a46f1f81244e6e9e9061eca3d305,6.484,0,123,102,1,103,20,83.73983739837398,88.35978835978835,100.0,100.0,79.16666666666667,81.81818181818181,1597,15.504854368932039,0,0,0,0,13,0,0,0,0,0,5.6682,3.8862,14391,2767047,1376,251,77,0.35742124066255276,9,5.876409,0.269122,245,21.481,53.331,81.598,0,0.0,0.0,0,0,0,0,0,0,
K16_R0.90_T1_H1_N3_S8006_EDGE_MARKET_inprocess,8006,16,0.9,1,1,N3,0.75,20.0,,EDGE_MARKET,inprocess,b888d58f82869557e3a68f0dfd2b6a548e28dcb1cf4847a9a5e61461c8cf19e9,e3468c3c41b78c2c4a1c2ad8b46fd4e5904c1ab380092f100dbb99f8bf11f46c,0.923,0,123,97,1,98,25,79.67479674796748,83.5978835978836,96.29629629629629,90.9090909090909,75.0,83.63636363636364,1632,16.653061224489797,0,0,0,0,13,0,0,0,0,0,5.6652,3.8755,10371,2741315,868,163,77,0.3084340290491883,8,0.072808,0.643539,175,0.115,0.425,0.68,2606,0.504,4.25,0,57,0,0,0,0,
K8_R0.75_T1_H1_N1_S8007_STATIC_inprocess,8007,8,0.75,1,1,N1,0.98,3.0,,STATIC,inprocess,b10f4a62e1897849760d3b8453f868b4c92eee819d3a26d422deb0923627a66b,6036a5559c34543d6c9348a151aa4d022df78c94e920946143bab116e5c70bec,0.142,0,51,45,1,46,5,90.19607843137256,88.46153846153847,80.0,80.0,92.6829268292683,89.65517241379311,609,13.23913043478261,0,0,0,0,6,0,0,0,0,0,5.6504,3.8867,3845,1041432,62,41,11,0.015809217577706324,0,0.022429,0.068301,82,0.005,0.159,0.199,0,0.0,0.0,0,3,0,0,0,0,
K8_R0.75_T1_H1_N1_S8007_PERIODIC_inprocess,8007,8,0.75,1,1,N1,0.98,3.0,,PERIODIC,inprocess,b10f4a62e1897849760d3b8453f868b4c92eee819d3a26d422deb0923627a66b,c75da086778f328916cccb391f2c78cc578094d0d7619f10e057b83065948a71,0.36,0,51,50,1,51,0,100.0,100.0,100.0,100.0,100.0,100.0,689,13.509803921568627,0,0,0,0,7,0,0,0,0,0,5.6815,3.8867,4172,1092389,83,46,11,0.01732244493937144,1,0.193306,0.094439,31,2.163,18.601,22.995,0,0.0,0.0,0,0,0,0,0,0,
K8_R0.75_T1_H1_N1_S8007_CENTRAL_inprocess,8007,8,0.75,1,1,N1,0.98,3.0,,CENTRAL,inprocess,b10f4a62e1897849760d3b8453f868b4c92eee819d3a26d422deb0923627a66b,545005a3c303a5af0a1bda1f26e287dd2ce68f55c5b5e51d3499db6af35de37b,0.496,0,51,49,1,50,1,98.03921568627452,96.15384615384616,90.0,80.0,100.0,100.0,613,12.26,0,0,0,0,5,0,0,0,0,0,5.6726,3.8867,4485,1097180,76,41,11,0.017840805123513267,0,0.330023,0.09589,61,2.1350000000000002,18.855,41.815,0,0.0,0.0,0,0,0,0,0,0,
K8_R0.75_T1_H1_N1_S8007_CENTRAL_FB_inprocess,8007,8,0.75,1,1,N1,0.98,3.0,,CENTRAL_FB,inprocess,b10f4a62e1897849760d3b8453f868b4c92eee819d3a26d422deb0923627a66b,beaae834047837f72f3a4a43326f4c805b19b513b5ce30f5aa6e53b979ce5ee5,0.426,0,51,49,1,50,1,98.03921568627452,96.15384615384616,90.0,80.0,100.0,100.0,613,12.26,0,0,0,0,5,0,0,0,0,0,5.6726,3.8867,4485,1097180,76,41,11,0.017840805123513267,0,0.290653,0.078268,61,1.506,22.566,30.921,1,0.011,0.011,0,0,0,0,0,0,
K8_R0.75_T1_H1_N1_S8007_CENTRAL_FOG_inprocess,8007,8,0.75,1,1,N1,0.98,3.0,,CENTRAL_FOG,inprocess,b10f4a62e1897849760d3b8453f868b4c92eee819d3a26d422deb0923627a66b,b2b45d86603234d6e654b2da25af1873eeb7cb8bc80915f2529f983c9abd3a0a,0.364,0,51,49,1,50,1,98.03921568627452,96.15384615384616,90.0,80.0,100.0,100.0,613,12.26,0,0,0,0,5,0,0,0,0,0,5.6726,3.8867,4485,1097180,76,41,11,0.017840805123513267,0,0.237665,0.073212,61,1.529,14.306,17.507,0,0.0,0.0,0,0,0,0,0,0,
K8_R0.75_T1_H1_N1_S8007_HYBRID_inprocess,8007,8,0.75,1,1,N1,0.98,3.0,,HYBRID,inprocess,b10f4a62e1897849760d3b8453f868b4c92eee819d3a26d422deb0923627a66b,5e03cf5ae68ef24b4b73f31d29aee9b4fc09a71b6bce4cbc783192445c3e1b19,0.377,0,51,49,1,50,1,98.03921568627452,96.15384615384616,90.0,80.0,100.0,100.0,613,12.26,0,0,0,0,5,0,0,0,0,0,5.6726,3.8867,4485,1097180,76,41,11,0.017840805123513267,0,0.244925,0.076643,61,1.535,14.224,17.576,1,0.009000000000000001,0.009000000000000001,0,0,0,0,0,0,
K8_R0.75_T1_H1_N1_S8007_HYBRID_EAGER_inprocess,8007,8,0.75,1,1,N1,0.98,3.0,,HYBRID_EAGER,inprocess,b10f4a62e1897849760d3b8453f868b4c92eee819d3a26d422deb0923627a66b,6808893854eb46ad74ae32fa4718c34a3162469cbb0af59f413a36b69f91e573,0.393,0,51,49,1,50,1,98.03921568627452,96.15384615384616,90.0,80.0,100.0,100.0,613,12.26,0,0,0,0,5,0,0,0,0,0,5.6726,3.8867,4485,1097180,76,41,11,0.017840805123513267,0,0.250994,0.084933,61,1.6280000000000001,14.222999999999999,19.811,7,0.023,0.023,0,0,0,0,0,0,
K8_R0.75_T1_H1_N1_S8007_EDGE_MARKET_inprocess,8007,8,0.75,1,1,N1,0.98,3.0,,EDGE_MARKET,inprocess,b10f4a62e1897849760d3b8453f868b4c92eee819d3a26d422deb0923627a66b,f544de38684657c200009d1d9612216c235f452afdeac762d0e337866756118c,0.197,0,51,48,1,49,2,96.07843137254902,96.15384615384616,90.0,100.0,97.5609756097561,96.55172413793103,684,13.959183673469388,0,0,0,0,6,0,0,0,0,0,5.687,3.8867,4058,1073857,79,42,11,0.017816238228556883,0,0.027146,0.110917,34,0.027,0.106,0.132,284,0.376,2.3379999999999996,0,6,0,0,0,0,
K8_R1.05_T1_H1_N1_S8007_STATIC_inprocess,8007,8,1.05,1,1,N1,0.98,3.0,,STATIC,inprocess,66fe1d270d0f6959a27b0247d270c8f691592461a6448b7a48cff7e12c981d80,3f3645beee163432dfa91f89eb97c6fe96d7fb9cfb4d05a43f18cbd23a1b3c8f,0.161,0,72,54,2,56,16,77.77777777777777,66.92913385826772,44.0,26.666666666666668,95.74468085106383,76.74418604651163,770,13.75,0,0,0,0,7,0,0,0,0,0,5.7228,3.8829,3869,1079814,78,34,11,0.0213903743315508,0,0.033543,0.071996,251,0.006,0.21000000000000002,0.304,0,0.0,0.0,0,0,0,0,0,0,
K8_R1.05_T1_H1_N1_S8007_PERIODIC_inprocess,8007,8,1.05,1,1,N1,0.98,3.0,,PERIODIC,inprocess,66fe1d270d0f6959a27b0247d270c8f691592461a6448b7a48cff7e12c981d80,6ca2e9b8be0592cc7fec3947babff7a730fbc0493bb1c73bc2099ea895ce0362,0.432,0,72,55,1,56,16,77.77777777777777,83.46456692913385,92.0,100.0,70.2127659574468,72.09302325581395,788,14.071428571428571,0,0,0,0,6,0,0,0,0,0,5.6559,3.8829,4412,1111861,98,34,11,0.024104844371635854,0,0.285012,0.081695,31,8.727,23.143,28.521,0,0.0,0.0,0,0,0,0,0,0,
K16_R0.90_T1_H1_N3_S8006_HYBRID_EAGER_inprocess,8006,16,0.9,1,1,N3,0.75,20.0,,HYBRID_EAGER,inprocess,b888d58f82869557e3a68f0dfd2b6a548e28dcb1cf4847a9a5e61461c8cf19e9,f605959b4ef3b265f5e9b9c969657dd6494a59f3f6dca6aff06b3fbe82356ae4,6.339,0,123,100,1,101,22,82.11382113821138,86.77248677248677,96.29629629629629,100.0,78.125,80.0,1536,15.207920792079207,0,0,0,0,12,0,0,0,0,0,5.7059,3.8862,13670,2702709,1244,212,77,0.37627617234815713,13,5.643033,0.29316500000000006,232,22.299,57.122,79.167,98,0.47600000000000003,3.542,0,0,0,0,0,0,
K8_R1.05_T1_H1_N1_S8007_CENTRAL_inprocess,8007,8,1.05,1,1,N1,0.98,3.0,,CENTRAL,inprocess,66fe1d270d0f6959a27b0247d270c8f691592461a6448b7a48cff7e12c981d80,1e43188913ffaa91b7147555969c597f55ca2afbc4c788f252fc21273eafb9ec,1.366,0,72,57,2,59,13,81.94444444444444,85.8267716535433,88.0,100.0,78.72340425531915,83.72093023255815,756,12.813559322033898,0,0,0,0,8,0,0,0,0,0,5.678,3.8829,5442,1193411,121,46,14,0.03305164319248826,0,1.204504,0.090764,111,9.943,23.229,27.653000000000002,0,0.0,0.0,0,0,0,0,0,0,
K8_R1.05_T1_H1_N1_S8007_CENTRAL_FB_inprocess,8007,8,1.05,1,1,N1,0.98,3.0,,CENTRAL_FB,inprocess,66fe1d270d0f6959a27b0247d270c8f691592461a6448b7a48cff7e12c981d80,f73fc154407c5b30e9e22fe77e10c95fec3b13180d5f54329c80dc1d0aa068db,1.587,0,72,55,2,57,15,79.16666666666667,82.67716535433071,80.0,100.0,78.72340425531915,74.4186046511628,730,12.807017543859649,0,0,0,0,6,0,0,0,0,0,5.7028,3.8829,5628,1224607,120,48,14,0.034220532319391636,1,1.36666,0.11083000000000001,117,10.224,26.521,32.945,2,0.05,0.05,0,0,0,0,0,0,
K8_R1.05_T1_H1_N1_S8007_CENTRAL_FOG_inprocess,8007,8,1.05,1,1,N1,0.98,3.0,,CENTRAL_FOG,inprocess,66fe1d270d0f6959a27b0247d270c8f691592461a6448b7a48cff7e12c981d80,985974abca5637f5a04e9e4832e9b16a8f32f5ee347f9362ede21e8ba971a63a,1.441,0,72,57,2,59,13,81.94444444444444,85.8267716535433,88.0,100.0,78.72340425531915,83.72093023255815,756,12.813559322033898,0,0,0,0,8,0,0,0,0,0,5.678,3.8829,5442,1193411,121,46,14,0.03305164319248826,0,1.270853,0.096194,111,10.267,25.26,32.093999999999994,0,0.0,0.0,0,0,0,0,0,0,
K8_R1.05_T1_H1_N1_S8007_HYBRID_inprocess,8007,8,1.05,1,1,N1,0.98,3.0,,HYBRID,inprocess,66fe1d270d0f6959a27b0247d270c8f691592461a6448b7a48cff7e12c981d80,de6b35d76723703f53a9c46ab2e1a592b6dfa2be71026c6dff2771b040d1092c,1.583,0,72,55,2,57,15,79.16666666666667,82.67716535433071,80.0,100.0,78.72340425531915,74.4186046511628,730,12.807017543859649,0,0,0,0,6,0,0,0,0,0,5.7028,3.8829,5628,1224607,120,48,14,0.034220532319391636,1,1.358318,0.104514,117,9.422,29.483999999999998,40.003,2,0.05,0.05,0,0,0,0,0,0,
K8_R1.05_T1_H1_N1_S8007_HYBRID_EAGER_inprocess,8007,8,1.05,1,1,N1,0.98,3.0,,HYBRID_EAGER,inprocess,66fe1d270d0f6959a27b0247d270c8f691592461a6448b7a48cff7e12c981d80,0b838ed918173d820afa27b6dc39ea600503803f069885e96dc6e3fbcac1bf2d,1.582,0,72,55,2,57,15,79.16666666666667,81.88976377952756,76.0,93.33333333333333,80.85106382978724,74.4186046511628,727,12.75438596491228,0,0,0,0,6,0,0,0,0,0,5.7028,3.8829,5563,1218604,129,51,14,0.03250091810503122,0,1.380378,0.11318500000000001,111,11.808000000000002,26.636,36.838,12,0.05,0.11900000000000001,0,0,0,0,0,0,
K4_R0.90_T1_H1_N1_S8007_STATIC_inprocess,8007,4,0.9,1,1,N1,0.98,3.0,,STATIC,inprocess,5d186deba303e2a219840d0cab05f80ba20164249531988167d8956ba74a45b6,cb8c436045cb45373985ec581e03150d2d25608cd19580df137a3bbfc37d49d8,0.113,0,31,24,1,25,6,80.64516129032258,75.0,54.54545454545455,50.0,95.0,75.0,334,13.36,0,0,0,0,4,0,0,0,0,0,5.6678,3.9182,1926,534859,38,19,1,0.001072961373390558,0,0.021981,0.051313,218,0.006,0.097,0.19699999999999998,0,0.0,0.0,0,0,0,0,0,0,
K8_R1.05_T1_H1_N1_S8007_EDGE_MARKET_inprocess,8007,8,1.05,1,1,N1,0.98,3.0,,EDGE_MARKET,inprocess,66fe1d270d0f6959a27b0247d270c8f691592461a6448b7a48cff7e12c981d80,131621a98ea867df52c2d4c09a54c94362187b0d5ac56dc5cd985fe284056980,0.336,0,72,56,2,58,14,80.55555555555556,81.88976377952756,76.0,80.0,82.97872340425532,79.06976744186046,807,13.913793103448276,0,0,0,0,7,0,0,0,0,0,5.6624,3.8829,4949,1296918,93,48,14,0.03491735537190083,0,0.036004,0.21493700000000002,121,0.066,0.21000000000000002,0.324,1042,0.412,2.519,0,24,0,0,0,0,
K4_R0.90_T1_H1_N1_S8007_PERIODIC_inprocess,8007,4,0.9,1,1,N1,0.98,3.0,,PERIODIC,inprocess,5d186deba303e2a219840d0cab05f80ba20164249531988167d8956ba74a45b6,330b4c0aa5847657c7426e729859ce65ddd3f5d5925e8fbfc0cf0f83f0ba18c8,0.184,0,31,24,0,24,7,77.41935483870968,80.35714285714286,81.81818181818181,83.33333333333333,75.0,85.0,354,14.75,0,0,0,0,4,0,0,0,0,0,5.6724,3.9182,2125,565599,41,22,2,0.00484027105517909,1,0.107091,0.043844,31,3.043,6.706,9.514,0,0.0,0.0,0,0,0,0,0,0,
K4_R0.90_T1_H1_N1_S8007_CENTRAL_inprocess,8007,4,0.9,1,1,N1,0.98,3.0,,CENTRAL,inprocess,5d186deba303e2a219840d0cab05f80ba20164249531988167d8956ba74a45b6,0e0af3a57c7d8e2cc2a41a3bd98b1e1c51cf5793d4b5194b9c783fa61bf32315,0.313,0,31,27,0,27,4,87.09677419354838,92.85714285714286,100.0,100.0,80.0,90.0,358,13.25925925925926,0,0,0,0,4,0,0,0,0,0,5.6752,3.9182,2347,593795,48,28,14,0.011378555798687089,0,0.217031,0.053786999999999995,64,3.0599999999999996,6.338,8.695,0,0.0,0.0,0,0,0,0,0,0,
K4_R0.90_T1_H1_N1_S8007_CENTRAL_FB_inprocess,8007,4,0.9,1,1,N1,0.98,3.0,,CENTRAL_FB,inprocess,5d186deba303e2a219840d0cab05f80ba20164249531988167d8956ba74a45b6,b298e9f70d76039349ee755de44b78eee2fe0d4b18d64373f259c040a855d2cd,0.244,0,31,27,0,27,4,87.09677419354838,92.85714285714286,100.0,100.0,80.0,90.0,358,13.25925925925926,0,0,0,0,4,0,0,0,0,0,5.6752,3.9182,2347,593795,48,28,14,0.011378555798687089,0,0.16769,0.041971999999999995,64,2.322,4.973,7.132000000000001,0,0.0,0.0,0,0,0,0,0,0,
K4_R0.90_T1_H1_N1_S8007_CENTRAL_FOG_inprocess,8007,4,0.9,1,1,N1,0.98,3.0,,CENTRAL_FOG,inprocess,5d186deba303e2a219840d0cab05f80ba20164249531988167d8956ba74a45b6,bc25b084b72d98c4eadcbede76cd9fd7dbacf6c2675d7e8fccc6fe6e8b855133,0.306,0,31,27,0,27,4,87.09677419354838,92.85714285714286,100.0,100.0,80.0,90.0,358,13.25925925925926,0,0,0,0,4,0,0,0,0,0,5.6752,3.9182,2347,593795,48,28,14,0.011378555798687089,0,0.212724,0.052859,64,2.904,7.0200000000000005,8.689,0,0.0,0.0,0,0,0,0,0,0,
K4_R0.90_T1_H1_N1_S8007_HYBRID_inprocess,8007,4,0.9,1,1,N1,0.98,3.0,,HYBRID,inprocess,5d186deba303e2a219840d0cab05f80ba20164249531988167d8956ba74a45b6,9cb3e0851caac9de9e588375f54d6d4518a99f1d8c70a6076ed4e8dfb30a7c4b,0.255,0,31,27,0,27,4,87.09677419354838,92.85714285714286,100.0,100.0,80.0,90.0,358,13.25925925925926,0,0,0,0,4,0,0,0,0,0,5.6752,3.9182,2347,593795,48,28,14,0.011378555798687089,0,0.179536,0.043451000000000004,64,2.437,5.78,10.219000000000001,0,0.0,0.0,0,0,0,0,0,0,
K4_R0.90_T1_H1_N1_S8007_EDGE_MARKET_inprocess,8007,4,0.9,1,1,N1,0.98,3.0,,EDGE_MARKET,inprocess,5d186deba303e2a219840d0cab05f80ba20164249531988167d8956ba74a45b6,69706f306c6cbef95b2938a8a9a52924773910d5b53a16ed2d5c7ce0c966317a,0.114,0,31,24,0,24,7,77.41935483870968,82.14285714285714,81.81818181818181,100.0,75.0,75.0,359,14.958333333333334,0,0,0,0,4,0,0,0,0,0,5.6678,3.9182,2206,607510,44,26,1,0.00558659217877095,1,0.015202,0.069296,64,0.034,0.116,0.161,274,0.404,2.415,0,18,0,0,0,0,
K4_R0.90_T1_H1_N1_S8007_HYBRID_EAGER_inprocess,8007,4,0.9,1,1,N1,0.98,3.0,,HYBRID_EAGER,inprocess,5d186deba303e2a219840d0cab05f80ba20164249531988167d8956ba74a45b6,6f33c52021deff8aa465e42df3673297663b40e8a8774278983aa052d50fa47b,0.304,0,31,26,1,27,4,87.09677419354838,89.28571428571429,90.9090909090909,83.33333333333333,85.0,85.0,359,13.296296296296296,0,0,0,0,4,0,0,0,0,0,5.6752,3.9182,2371,610103,51,32,14,0.012987012987012988,0,0.21017,0.05568,67,2.886,6.31,8.844,8,0.052,0.052,0,0,0,0,0,0,
K16_R0.90_T1_H1_N1_S8007_STATIC_inprocess,8007,16,0.9,1,1,N1,0.98,3.0,,STATIC,inprocess,fda797b57ffbd1077e4c3c1e1245c62d620c713905469ee4742e565a6e309907,d51006c08d4c9bb2a0c5d85402eb650aeba40766f132d39b8be9c9d442230e1f,0.37,0,123,101,3,104,19,84.55284552845528,82.92682926829268,76.3157894736842,75.0,88.23529411764706,87.87878787878788,1589,15.278846153846153,0,0,0,0,13,0,0,0,0,0,5.6607,3.8593,7741,2193232,159,65,12,0.015654268129515654,1,0.06828,0.156491,266,0.007,0.40900000000000003,0.767,0,0.0,0.0,0,3,0,0,0,0,
K16_R0.90_T1_H1_N1_S8007_PERIODIC_inprocess,8007,16,0.9,1,1,N1,0.98,3.0,,PERIODIC,inprocess,fda797b57ffbd1077e4c3c1e1245c62d620c713905469ee4742e565a6e309907,e02647f32b26a11c1dc7425057ad2c6234e452f7d2d8e4fecea33bc4614368cb,1.243,0,123,101,3,104,19,84.55284552845528,88.29268292682927,92.10526315789474,87.5,81.17647058823529,90.9090909090909,1783,17.14423076923077,2,2,0,0,14,0,0,0,0,0,5.6325,3.8593,8920,2322787,181,74,12,0.020754064337599448,1,0.860755,0.19167800000000002,31,22.431,68.915,72.707,0,0.0,0.0,0,1,0,0,0,0,
K16_R0.90_T1_H1_N1_S8007_CENTRAL_inprocess,8007,16,0.9,1,1,N1,0.98,3.0,,CENTRAL,inprocess,fda797b57ffbd1077e4c3c1e1245c62d620c713905469ee4742e565a6e309907,5714d98ae797c3c86cf95faf51cc00197b0f4b80d129144cb46d29f5acccaeff,6.52,0,123,106,4,110,13,89.4308943089431,93.17073170731707,97.36842105263158,100.0,85.88235294117646,92.42424242424242,1773,16.118181818181817,5,5,0,0,15,0,0,0,0,0,6.2826,3.8593,12761,2702538,259,138,15,0.030288538179499443,2,5.951889,0.259678,176,30.713,66.861,133.563,0,0.0,0.0,0,0,0,0,0,0,
K16_R0.90_T1_H1_N1_S8007_CENTRAL_FB_inprocess,8007,16,0.9,1,1,N1,0.98,3.0,,CENTRAL_FB,inprocess,fda797b57ffbd1077e4c3c1e1245c62d620c713905469ee4742e565a6e309907,c3ab6c8594fe16ce0456f3a4f436de7a559b8f7ac2e7c5d97fe764e4701eab22,6.833,0,123,106,4,110,13,89.4308943089431,93.17073170731707,97.36842105263158,100.0,85.88235294117646,92.42424242424242,1773,16.118181818181817,5,5,0,0,15,0,0,0,0,0,6.2826,3.8593,12761,2702538,259,138,15,0.030288538179499443,2,6.255113,0.269888,176,35.405,69.981,102.862,1,0.012,0.012,0,0,0,0,0,0,
K16_R0.90_T1_H1_N1_S8007_CENTRAL_FOG_inprocess,8007,16,0.9,1,1,N1,0.98,3.0,,CENTRAL_FOG,inprocess,fda797b57ffbd1077e4c3c1e1245c62d620c713905469ee4742e565a6e309907,c3e48ef683319e07050c758f75f746cdf675594de59d1d01f65ca661d3274378,6.683,0,123,106,4,110,13,89.4308943089431,93.17073170731707,97.36842105263158,100.0,85.88235294117646,92.42424242424242,1773,16.118181818181817,5,5,0,0,15,0,0,0,0,0,6.2826,3.8593,12761,2702538,259,138,15,0.030288538179499443,2,6.128202,0.250905,176,33.992000000000004,71.562,130.633,0,0.0,0.0,0,0,0,0,0,0,
K16_R0.90_T1_H1_N1_S8007_HYBRID_inprocess,8007,16,0.9,1,1,N1,0.98,3.0,,HYBRID,inprocess,fda797b57ffbd1077e4c3c1e1245c62d620c713905469ee4742e565a6e309907,5657c714912ca3e6e983263084c59c3c2995499202529b1e88985f08cadf8268,6.701,0,123,106,4,110,13,89.4308943089431,93.17073170731707,97.36842105263158,100.0,85.88235294117646,92.42424242424242,1773,16.118181818181817,5,5,0,0,15,0,0,0,0,0,6.2826,3.8593,12761,2702538,259,138,15,0.030288538179499443,2,6.112152,0.259204,176,32.661,69.427,85.43,1,0.012,0.012,0,0,0,0,0,0,
K16_R0.90_T1_H1_N1_S8007_EDGE_MARKET_inprocess,8007,16,0.9,1,1,N1,0.98,3.0,,EDGE_MARKET,inprocess,fda797b57ffbd1077e4c3c1e1245c62d620c713905469ee4742e565a6e309907,0b987547559f44619c2fc16635ec38a94a8a505529faab8d14474bbc4074f9ad,1.052,0,123,98,4,102,21,82.92682926829268,84.8780487804878,86.84210526315789,81.25,81.17647058823529,87.87878787878788,1683,16.5,0,0,0,0,12,0,0,0,0,0,5.6383,3.8593,11009,2911328,217,117,14,0.03021596070071369,1,0.090079,0.725475,185,0.14400000000000002,0.482,4.279,3141,0.499,4.2170000000000005,0,48,0,0,0,0,
K8_R0.75_T1_H1_N3_S8007_STATIC_inprocess,8007,8,0.75,1,1,N3,0.75,20.0,,STATIC,inprocess,6f6b7b21709201300e5be6d8051238e3a30939e430c9b25679a05140fc218bd2,4517a13e72d361b7488c0cf14acceb61ef149bccd7f0e7fef49c507e8e04642c,0.172,0,51,45,1,46,5,90.19607843137256,88.46153846153847,80.0,80.0,92.6829268292683,89.65517241379311,609,13.23913043478261,0,0,0,0,6,0,0,0,0,0,5.6504,3.8867,3845,1041761,273,66,40,0.06357569371268001,2,0.022653,0.085757,97,0.007,0.152,0.185,0,0.0,0.0,0,3,0,0,0,0,
K8_R0.75_T1_H1_N3_S8007_PERIODIC_inprocess,8007,8,0.75,1,1,N3,0.75,20.0,,PERIODIC,inprocess,6f6b7b21709201300e5be6d8051238e3a30939e430c9b25679a05140fc218bd2,ff0b725bcbbb1385b57b15b78297bc5822811733e42920dc329901a8327a778d,0.267,0,51,48,1,49,2,96.07843137254902,97.43589743589743,100.0,100.0,95.1219512195122,93.10344827586206,664,13.551020408163266,0,0,0,0,7,0,0,0,0,0,5.6524,3.8867,4138,1070005,333,61,69,0.10890454836643178,3,0.113984,0.09020600000000001,31,2.281,7.894,14.411,0,0.0,0.0,0,0,0,0,0,0,
K8_R0.75_T1_H1_N3_S8007_CENTRAL_inprocess,8007,8,0.75,1,1,N3,0.75,20.0,,CENTRAL,inprocess,6f6b7b21709201300e5be6d8051238e3a30939e430c9b25679a05140fc218bd2,bfecc0cd1d0c7ade82b75772f9c6f105a153eb42b62c1c0318891c4175946dd4,0.52,0,51,47,1,48,3,94.11764705882354,91.02564102564102,80.0,60.0,97.5609756097561,93.10344827586206,609,12.6875,0,0,0,0,6,0,0,0,0,0,5.6039,3.8867,4654,1112519,376,75,68,0.2260536398467433,4,0.346118,0.09771700000000001,94,2.088,12.411,17.387,0,0.0,0.0,0,0,0,0,0,0,
K8_R0.75_T1_H1_N3_S8007_CENTRAL_FB_inprocess,8007,8,0.75,1,1,N3,0.75,20.0,,CENTRAL_FB,inprocess,6f6b7b21709201300e5be6d8051238e3a30939e430c9b25679a05140fc218bd2,4521cb6f732a2b3553fd5820b8e53effe5d27ea28b6226c43b6c58173c126efe,0.535,0,51,47,1,48,3,94.11764705882354,91.02564102564102,80.0,60.0,97.5609756097561,93.10344827586206,609,12.6875,0,0,0,0,6,0,0,0,0,0,5.6039,3.8867,4654,1112474,376,75,68,0.2260536398467433,4,0.352832,0.104391,94,2.121,9.708,20.239,25,2.664,3.161,0,0,0,0,0,0,
K8_R0.75_T1_H1_N3_S8007_CENTRAL_FOG_inprocess,8007,8,0.75,1,1,N3,0.75,20.0,,CENTRAL_FOG,inprocess,6f6b7b21709201300e5be6d8051238e3a30939e430c9b25679a05140fc218bd2,3f22eedc0f13bc112a382ae2f92e051a5b5b10eb392242ead6c28d152c796f23,0.446,0,51,47,1,48,3,94.11764705882354,91.02564102564102,80.0,60.0,97.5609756097561,93.10344827586206,609,12.6875,0,0,0,0,6,0,0,0,0,0,5.6039,3.8867,4654,1112519,376,75,68,0.2260536398467433,4,0.303335,0.08190700000000001,94,1.689,8.687000000000001,26.012,0,0.0,0.0,0,0,0,0,0,0,
K8_R0.75_T1_H1_N3_S8007_HYBRID_inprocess,8007,8,0.75,1,1,N3,0.75,20.0,,HYBRID,inprocess,6f6b7b21709201300e5be6d8051238e3a30939e430c9b25679a05140fc218bd2,3cb4a41cccf21441828e902dda1e66b88b6b060cded14f3ea7437d37c146cb0c,0.626,0,51,47,1,48,3,94.11764705882354,91.02564102564102,80.0,60.0,97.5609756097561,93.10344827586206,609,12.6875,0,0,0,0,6,0,0,0,0,0,5.6039,3.8867,4654,1112474,376,75,68,0.2260536398467433,4,0.396408,0.129308,94,2.2169999999999996,11.449000000000002,20.788999999999998,25,2.921,2.971,0,0,0,0,0,0,
K8_R0.75_T1_H1_N3_S8007_HYBRID_EAGER_inprocess,8007,8,0.75,1,1,N3,0.75,20.0,,HYBRID_EAGER,inprocess,6f6b7b21709201300e5be6d8051238e3a30939e430c9b25679a05140fc218bd2,8af96147ac0617d4a753475c3c557e1efe8e943701f96e02b95c518eca16bb93,0.492,0,51,47,1,48,3,94.11764705882354,91.02564102564102,80.0,60.0,97.5609756097561,93.10344827586206,609,12.6875,0,0,0,0,6,0,0,0,0,0,5.6039,3.8867,4654,1112474,376,75,68,0.2260536398467433,4,0.31074,0.099358,94,1.745,11.562,18.9,36,0.075,3.333,0,0,0,0,0,0,
K8_R0.75_T1_H1_N3_S8007_EDGE_MARKET_inprocess,8007,8,0.75,1,1,N3,0.75,20.0,,EDGE_MARKET,inprocess,6f6b7b21709201300e5be6d8051238e3a30939e430c9b25679a05140fc218bd2,87da97e161d6c92fe8ba6b950bbde026043acfb3372a6a1de73151741610eb0b,0.16,0,51,48,1,49,2,96.07843137254902,96.15384615384616,100.0,100.0,95.1219512195122,96.55172413793103,619,12.63265306122449,0,0,0,0,5,0,0,0,0,0,5.6556,3.8867,4031,1074742,320,61,50,0.10834990059642147,2,0.018675,0.092028,38,0.019,0.064,0.085,276,0.368,2.427,0,5,0,0,0,0,
K8_R1.05_T1_H1_N3_S8007_STATIC_inprocess,8007,8,1.05,1,1,N3,0.75,20.0,,STATIC,inprocess,35484cb2e61362e583742bc4f08bb3680f60e64de1530b79b2a4dd655fe371f2,954edfe17faca15ad86b9538dc73afc4ea3431268bc64d77aa065831019cdd92,0.166,0,72,54,2,56,16,77.77777777777777,67.71653543307086,40.0,40.0,97.87234042553192,74.4186046511628,790,14.107142857142858,0,0,0,0,8,0,0,0,0,0,5.676,3.8829,3878,1093548,292,66,89,0.16509598603839443,3,0.029347,0.075954,273,0.006,0.147,1.824,0,0.0,0.0,0,1,0,0,0,0,
K8_R1.05_T1_H1_N3_S8007_PERIODIC_inprocess,8007,8,1.05,1,1,N3,0.75,20.0,,PERIODIC,inprocess,35484cb2e61362e583742bc4f08bb3680f60e64de1530b79b2a4dd655fe371f2,c371f7c28b5601f7eced800fbe0a263b962c571004c0e9d0243f7c109a854094,0.371,0,72,55,2,57,15,79.16666666666667,84.25196850393701,88.0,100.0,74.46808510638297,72.09302325581395,786,13.789473684210526,0,0,0,0,7,0,0,0,0,0,5.6667,3.8829,4316,1093707,353,75,61,0.18848484848484848,4,0.228306,0.081625,31,6.808,13.32,34.393,0,0.0,0.0,0,1,0,0,0,0,
K16_R0.90_T1_H1_N1_S8007_HYBRID_EAGER_inprocess,8007,16,0.9,1,1,N1,0.98,3.0,,HYBRID_EAGER,inprocess,fda797b57ffbd1077e4c3c1e1245c62d620c713905469ee4742e565a6e309907,13a8e79077e881d57176c297a56c289c89086b5cfbe00cf50dec9319d7ec1324,6.642,0,123,104,4,108,15,87.8048780487805,91.70731707317073,97.36842105263158,100.0,83.52941176470588,90.9090909090909,1646,15.24074074074074,0,0,0,0,14,0,0,0,0,0,6.2826,3.8593,12753,2712570,247,123,15,0.029257015306122448,1,6.066771,0.289105,176,35.725,63.132999999999996,85.805,36,0.103,0.114,0,1,0,0,0,0,
K8_R1.05_T1_H1_N3_S8007_CENTRAL_inprocess,8007,8,1.05,1,1,N3,0.75,20.0,,CENTRAL,inprocess,35484cb2e61362e583742bc4f08bb3680f60e64de1530b79b2a4dd655fe371f2,88b1f9810698378e46f293678ac56f0e8ccaafead535ac63f37daac588b37a70,1.691,0,72,53,2,55,17,76.38888888888889,81.10236220472441,84.0,93.33333333333333,72.34042553191489,69.76744186046511,827,15.036363636363637,0,0,0,0,7,0,0,0,0,0,5.676,3.8829,6276,1284914,592,94,97,0.24634932675896073,3,1.444663,0.112958,169,8.113999999999999,20.092,28.436,0,0.0,0.0,0,0,0,0,0,0,
K8_R1.05_T1_H1_N3_S8007_CENTRAL_FB_inprocess,8007,8,1.05,1,1,N3,0.75,20.0,,CENTRAL_FB,inprocess,35484cb2e61362e583742bc4f08bb3680f60e64de1530b79b2a4dd655fe371f2,29d9e9e6aae2e4bd807bbf06b42fc7d45eea72ea8221faf426501be64c8a0f51,1.705,0,72,53,2,55,17,76.38888888888889,78.74015748031496,80.0,86.66666666666667,74.46808510638297,76.74418604651163,800,14.545454545454545,0,0,0,0,8,0,0,0,0,0,5.6773,3.8829,6384,1292304,562,95,97,0.28928836174944406,4,1.468413,0.123696,169,8.164,22.020000000000003,37.525999999999996,26,0.388,3.699,0,0,0,0,0,0,
K8_R1.05_T1_H1_N3_S8007_CENTRAL_FOG_inprocess,8007,8,1.05,1,1,N3,0.75,20.0,,CENTRAL_FOG,inprocess,35484cb2e61362e583742bc4f08bb3680f60e64de1530b79b2a4dd655fe371f2,a618c410eacb921b28df2928d1a7453ea46d1c069d4ee6f5c855184cb13fd260,1.637,0,72,53,2,55,17,76.38888888888889,81.10236220472441,84.0,93.33333333333333,72.34042553191489,69.76744186046511,827,15.036363636363637,0,0,0,0,7,0,0,0,0,0,5.676,3.8829,6276,1284914,592,94,97,0.24634932675896073,3,1.43357,0.10432699999999999,169,7.972999999999999,22.273999999999997,29.002,0,0.0,0.0,0,0,0,0,0,0,
K8_R1.05_T1_H1_N3_S8007_HYBRID_inprocess,8007,8,1.05,1,1,N3,0.75,20.0,,HYBRID,inprocess,35484cb2e61362e583742bc4f08bb3680f60e64de1530b79b2a4dd655fe371f2,15f38ad1a73ce468fd0a62af531d8546fc2e9569cb826915f500184f1a6a6f3f,1.727,0,72,53,2,55,17,76.38888888888889,78.74015748031496,80.0,86.66666666666667,74.46808510638297,76.74418604651163,800,14.545454545454545,0,0,0,0,8,0,0,0,0,0,5.6773,3.8829,6384,1292304,562,95,97,0.28928836174944406,4,1.499428,0.115971,169,8.175,25.503999999999998,37.189,26,0.381,2.402,0,0,0,0,0,0,
K8_R1.05_T1_H1_N3_S8007_EDGE_MARKET_inprocess,8007,8,1.05,1,1,N3,0.75,20.0,,EDGE_MARKET,inprocess,35484cb2e61362e583742bc4f08bb3680f60e64de1530b79b2a4dd655fe371f2,8d890cdf9dee9523b1ca0123abbdf69f970d40214bab69bf8bddc916cee4e8c6,0.395,0,72,51,2,53,19,73.61111111111111,78.74015748031496,84.0,86.66666666666667,68.08510638297872,74.4186046511628,825,15.566037735849056,0,0,0,0,7,0,0,0,0,0,5.7021,3.8829,4955,1282909,454,72,96,0.28694988552531164,4,0.036752,0.280222,157,0.068,0.183,0.321,1061,0.521,3.013,0,28,0,0,0,0,
K4_R0.90_T1_H1_N3_S8007_STATIC_inprocess,8007,4,0.9,1,1,N3,0.75,20.0,,STATIC,inprocess,fd6c68d3b06c038e60b21fd137965e091964bd30559d7f218f5d8ed81bd82ab6,ebece7e81f0fbc2d751a5041856944daa3e4932b2605377c236daa91e81a3f8a,0.094,0,31,25,1,26,5,83.87096774193549,80.35714285714286,63.63636363636363,66.66666666666667,95.0,80.0,373,14.346153846153847,0,0,0,0,4,0,0,0,0,0,5.6337,3.9182,1932,537600,148,25,92,0.13478260869565217,1,0.015156,0.045513,179,0.006,0.089,0.195,0,0.0,0.0,0,0,0,0,0,0,
K4_R0.90_T1_H1_N3_S8007_PERIODIC_inprocess,8007,4,0.9,1,1,N3,0.75,20.0,,PERIODIC,inprocess,fd6c68d3b06c038e60b21fd137965e091964bd30559d7f218f5d8ed81bd82ab6,e67f29794b0fd4f0dc72ea3ec60e7215bcd7fb028b351bc02ea5df01b32d6821,0.154,0,31,24,0,24,7,77.41935483870968,80.35714285714286,81.81818181818181,83.33333333333333,75.0,90.0,366,15.25,0,0,0,0,4,0,0,0,0,0,5.6363,3.9182,2112,573559,159,29,62,0.15605095541401273,1,0.073412,0.047445,31,1.6800000000000002,4.348,6.854,0,0.0,0.0,0,2,0,0,0,0,
K4_R0.90_T1_H1_N3_S8007_CENTRAL_inprocess,8007,4,0.9,1,1,N3,0.75,20.0,,CENTRAL,inprocess,fd6c68d3b06c038e60b21fd137965e091964bd30559d7f218f5d8ed81bd82ab6,da278d5e89b13d0b005b9321549e52d9ea960aeb667c21a83fe11ebc93c2c389,0.218,0,31,26,1,27,4,87.09677419354838,92.85714285714286,100.0,100.0,80.0,90.0,342,12.666666666666666,0,0,0,0,4,0,0,0,0,0,5.6616,3.9182,2229,575049,170,38,95,0.18982850384387936,2,0.140321,0.042277999999999996,62,2.024,5.894,8.757,0,0.0,0.0,0,0,0,0,0,0,
K4_R0.90_T1_H1_N3_S8007_CENTRAL_FB_inprocess,8007,4,0.9,1,1,N3,0.75,20.0,,CENTRAL_FB,inprocess,fd6c68d3b06c038e60b21fd137965e091964bd30559d7f218f5d8ed81bd82ab6,a09274cfcea6e999c0cf3687f56c855bea6b92ef2e55d816132637cfaf4e6caf,0.292,0,31,26,1,27,4,87.09677419354838,92.85714285714286,100.0,100.0,80.0,90.0,342,12.666666666666666,0,0,0,0,4,0,0,0,0,0,5.6616,3.9182,2229,575049,170,38,95,0.18982850384387936,2,0.192524,0.057397000000000004,62,2.791,6.7749999999999995,11.431999999999999,9,0.695,0.695,0,0,0,0,0,0,
K8_R1.05_T1_H1_N3_S8007_HYBRID_EAGER_inprocess,8007,8,1.05,1,1,N3,0.75,20.0,,HYBRID_EAGER,inprocess,35484cb2e61362e583742bc4f08bb3680f60e64de1530b79b2a4dd655fe371f2,c10132fc4a80b766c0a9a99edd5e747bb7f3c87a3f34eaba044fe1fbd8d6a552,1.574,0,72,53,2,55,17,76.38888888888889,78.74015748031496,80.0,86.66666666666667,74.46808510638297,76.74418604651163,800,14.545454545454545,0,0,0,0,8,0,0,0,0,0,5.6773,3.8829,6384,1292075,562,95,97,0.28928836174944406,4,1.367667,0.114135,169,7.849,18.654,29.763,39,0.273,2.3939999999999997,0,0,0,0,0,0,
K4_R0.90_T1_H1_N3_S8007_CENTRAL_FOG_inprocess,8007,4,0.9,1,1,N3,0.75,20.0,,CENTRAL_FOG,inprocess,fd6c68d3b06c038e60b21fd137965e091964bd30559d7f218f5d8ed81bd82ab6,b35643b441c490fbf3f9916a48306e8b35e56badbb519fc2cb837f689d339327,0.284,0,31,26,1,27,4,87.09677419354838,92.85714285714286,100.0,100.0,80.0,90.0,342,12.666666666666666,0,0,0,0,4,0,0,0,0,0,5.6616,3.9182,2229,575049,170,38,95,0.18982850384387936,2,0.168257,0.053385999999999996,62,2.711,6.571,8.878,0,0.0,0.0,0,0,0,0,0,0,
K4_R0.90_T1_H1_N3_S8007_HYBRID_inprocess,8007,4,0.9,1,1,N3,0.75,20.0,,HYBRID,inprocess,fd6c68d3b06c038e60b21fd137965e091964bd30559d7f218f5d8ed81bd82ab6,7ae08d845f1ec751b601485483d103d684878f6981d1f6b41f1ac4361a0d8885,0.222,0,31,26,1,27,4,87.09677419354838,92.85714285714286,100.0,100.0,80.0,90.0,342,12.666666666666666,0,0,0,0,4,0,0,0,0,0,5.6616,3.9182,2229,575049,170,38,95,0.18982850384387936,2,0.13758,0.04708899999999999,62,2.105,5.202,8.227,9,0.41,0.41,0,0,0,0,0,0,
K4_R0.90_T1_H1_N3_S8007_EDGE_MARKET_inprocess,8007,4,0.9,1,1,N3,0.75,20.0,,EDGE_MARKET,inprocess,fd6c68d3b06c038e60b21fd137965e091964bd30559d7f218f5d8ed81bd82ab6,de242b980e7e3b14104c48c4c910f73de477b69ec170557ac40445c3a8b4ae87,0.12,0,31,26,0,26,5,83.87096774193549,89.28571428571429,90.9090909090909,100.0,80.0,85.0,374,14.384615384615385,0,0,0,0,4,0,0,0,0,0,5.6755,3.9182,2124,571682,164,32,92,0.1521876981610653,1,0.014593,0.071838,62,0.034999999999999996,0.08,0.13699999999999998,220,0.532,3.0860000000000003,0,11,0,0,0,0,
K4_R0.90_T1_H1_N3_S8007_HYBRID_EAGER_inprocess,8007,4,0.9,1,1,N3,0.75,20.0,,HYBRID_EAGER,inprocess,fd6c68d3b06c038e60b21fd137965e091964bd30559d7f218f5d8ed81bd82ab6,e9c39fb5ac6c3f17049180374af78e7d5a8eedc2266f4571065b81dc6e94547b,0.227,0,31,26,1,27,4,87.09677419354838,92.85714285714286,100.0,100.0,80.0,90.0,342,12.666666666666666,0,0,0,0,4,0,0,0,0,0,5.6616,3.9182,2226,574752,172,45,95,0.20356083086053411,3,0.148863,0.046951,62,2.342,4.917000000000001,9.536,20,0.509,0.5509999999999999,0,0,0,0,0,0,
K16_R0.90_T1_H1_N3_S8007_STATIC_inprocess,8007,16,0.9,1,1,N3,0.75,20.0,,STATIC,inprocess,8683e6b2b1429b5e0a992a1af950434df7e107eeebf83473cd5925e19ad6ce92,83c9bdc0beafc8d0a86e41425d3ca8e6207e988731900a23baba4844dfcb46c4,0.45,0,123,100,3,103,20,83.73983739837398,80.0,68.42105263157895,50.0,90.58823529411765,83.33333333333333,1747,16.961165048543688,10,10,0,0,15,1,1,0,8,19,9.9084,3.8593,7732,2205181,606,120,67,0.1172093023255814,6,0.069217,0.19127700000000003,268,0.01,0.448,0.764,0,0.0,0.0,0,3,0,0,0,0,
K16_R0.90_T1_H1_N3_S8007_PERIODIC_inprocess,8007,16,0.9,1,1,N3,0.75,20.0,,PERIODIC,inprocess,8683e6b2b1429b5e0a992a1af950434df7e107eeebf83473cd5925e19ad6ce92,74894fb132fa509fccc602b1cf3d0821f4d36465f92f70987446995a827ee516,1.001,0,123,99,4,103,20,83.73983739837398,89.26829268292683,97.36842105263158,93.75,77.6470588235294,90.9090909090909,1797,17.446601941747574,11,11,0,0,15,0,0,0,0,0,5.6378,3.8593,8582,2335385,710,104,90,0.20965406275140788,5,0.675451,0.179892,31,18.194,48.639,53.733999999999995,0,0.0,0.0,0,0,0,0,0,0,
K16_R0.90_T1_H1_N3_S8007_CENTRAL_inprocess,8007,16,0.9,1,1,N3,0.75,20.0,,CENTRAL,inprocess,8683e6b2b1429b5e0a992a1af950434df7e107eeebf83473cd5925e19ad6ce92,489683f3b9b77e58aa316b02faf4cf34796350d5f814862cc5c0f1649431f38c,6.487,0,123,98,3,101,22,82.11382113821138,86.34146341463415,89.47368421052632,93.75,78.82352941176471,80.3030303030303,1636,16.198019801980198,0,0,0,0,13,0,0,0,0,0,5.6397,3.8593,15505,2864545,1454,275,96,0.5125149880095923,10,5.812557,0.28786699999999993,259,21.888,54.426,75.112,0,0.0,0.0,0,4,0,0,0,0,
K16_R0.90_T1_H1_N3_S8007_CENTRAL_FB_inprocess,8007,16,0.9,1,1,N3,0.75,20.0,,CENTRAL_FB,inprocess,8683e6b2b1429b5e0a992a1af950434df7e107eeebf83473cd5925e19ad6ce92,2302ca55cfcd17208c8a4c85abd51d0daefcec4a0c2f526be2e395a55dd1c85b,6.657,0,123,99,3,102,21,82.92682926829268,85.85365853658537,89.47368421052632,87.5,80.0,83.33333333333333,1564,15.333333333333334,0,0,0,0,15,0,0,0,0,0,5.669,3.8593,15264,2846037,1413,275,69,0.507934086054318,8,6.056933,0.285833,249,23.308,55.117,73.708,65,0.054,0.456,0,2,0,0,0,0,
K16_R0.90_T1_H1_N3_S8007_CENTRAL_FOG_inprocess,8007,16,0.9,1,1,N3,0.75,20.0,,CENTRAL_FOG,inprocess,8683e6b2b1429b5e0a992a1af950434df7e107eeebf83473cd5925e19ad6ce92,18fd2c6fea50f550c0df70460f6e3b05f426e9422b1c194291aeb9f0c2143b67,6.745,0,123,98,3,101,22,82.11382113821138,86.34146341463415,89.47368421052632,93.75,78.82352941176471,80.3030303030303,1636,16.198019801980198,0,0,0,0,13,0,0,0,0,0,5.6397,3.8593,15505,2864545,1454,275,96,0.5125149880095923,10,6.089307,0.28851799999999994,259,23.081,55.934,73.56899999999999,0,0.0,0.0,0,4,0,0,0,0,
K16_R0.90_T1_H1_N3_S8007_HYBRID_inprocess,8007,16,0.9,1,1,N3,0.75,20.0,,HYBRID,inprocess,8683e6b2b1429b5e0a992a1af950434df7e107eeebf83473cd5925e19ad6ce92,d6ebc1db1685e16c0522df6c82ea5e4ec50505eaa1ae5476e5956e123cef9583,6.61,0,123,99,3,102,21,82.92682926829268,85.85365853658537,89.47368421052632,87.5,80.0,83.33333333333333,1564,15.333333333333334,0,0,0,0,15,0,0,0,0,0,5.669,3.8593,15264,2846037,1413,275,69,0.507934086054318,8,5.959803,0.28581,249,24.065,55.454,78.202,65,0.060000000000000005,0.437,0,2,0,0,0,0,
K16_R0.90_T1_H1_N3_S8007_EDGE_MARKET_inprocess,8007,16,0.9,1,1,N3,0.75,20.0,,EDGE_MARKET,inprocess,8683e6b2b1429b5e0a992a1af950434df7e107eeebf83473cd5925e19ad6ce92,8a16b3df2b4b7e0e407755558c556876ea7959b5806f37d44c284b1271a6672d,0.957,0,123,97,4,101,22,82.11382113821138,86.82926829268293,89.47368421052632,93.75,78.82352941176471,84.84848484848484,1672,16.554455445544555,0,0,0,0,12,0,0,0,0,0,6.9345,3.8593,10489,2749690,896,162,96,0.29332030772988155,5,0.074557,0.693586,189,0.11299999999999999,0.371,0.804,2720,0.518,4.011,0,46,0,0,0,0,
K8_R0.75_T1_H1_N1_S8008_STATIC_inprocess,8008,8,0.75,1,1,N1,0.98,3.0,,STATIC,inprocess,001219af2cf563b190e6790cf4a47ce85341782fc454242c95d92aa57512f5ec,635d21d9fc1bc046c0276ee6f991ef4ee6e14def4471ef97421251b54a876f69,0.143,0,51,50,0,50,1,98.03921568627452,97.53086419753086,93.33333333333333,100.0,100.0,100.0,730,14.6,0,0,0,0,6,0,0,0,0,0,6.3877,3.8956,3850,1092634,87,44,1,0.0008099352051835853,0,0.023936,0.069555,123,0.005,0.127,0.283,0,0.0,0.0,0,0,0,0,0,0,
K8_R0.75_T1_H1_N1_S8008_PERIODIC_inprocess,8008,8,0.75,1,1,N1,0.98,3.0,,PERIODIC,inprocess,001219af2cf563b190e6790cf4a47ce85341782fc454242c95d92aa57512f5ec,5798d7c5f9c34a94d93b4183e47d5fe832bc56aaa3a0a68a4d5df8d2dfc7a321,0.275,0,51,49,0,49,2,96.07843137254902,97.53086419753086,100.0,100.0,94.44444444444444,95.0,719,14.673469387755102,0,0,0,0,7,0,0,0,0,0,5.6485,3.8956,4265,1129245,91,42,3,0.006532784902008227,2,0.148487,0.073737,31,2.879,10.612,14.13,0,0.0,0.0,0,0,0,0,0,0,
K8_R0.75_T1_H1_N1_S8008_CENTRAL_inprocess,8008,8,0.75,1,1,N1,0.98,3.0,,CENTRAL,inprocess,001219af2cf563b190e6790cf4a47ce85341782fc454242c95d92aa57512f5ec,4dce8967f6dfd72259b0cdd46d938fc980fd920e104331eeb3c463679c5543ab,0.68,0,51,49,0,49,2,96.07843137254902,93.82716049382717,86.66666666666667,87.5,100.0,100.0,689,14.061224489795919,8,8,0,0,7,0,0,0,0,0,5.7042,3.8956,5046,1198972,112,54,12,0.016092890609085354,1,0.518314,0.09075500000000002,98,3.9699999999999998,13.065999999999999,21.538,0,0.0,0.0,0,0,0,0,0,0,
K8_R0.75_T1_H1_N1_S8008_CENTRAL_FB_inprocess,8008,8,0.75,1,1,N1,0.98,3.0,,CENTRAL_FB,inprocess,001219af2cf563b190e6790cf4a47ce85341782fc454242c95d92aa57512f5ec,0d3d28dc90d411e578a28d16f0b60145c546fed071d8fcd342fa6305a14cf775,0.716,0,51,49,0,49,2,96.07843137254902,93.82716049382717,86.66666666666667,87.5,100.0,100.0,689,14.061224489795919,8,8,0,0,7,0,0,0,0,0,5.7042,3.8956,5046,1198972,112,54,12,0.016092890609085354,1,0.539592,0.101583,98,4.002999999999999,15.04,18.401,1,0.025,0.025,0,0,0,0,0,0,
K8_R0.75_T1_H1_N1_S8008_CENTRAL_FOG_inprocess,8008,8,0.75,1,1,N1,0.98,3.0,,CENTRAL_FOG,inprocess,001219af2cf563b190e6790cf4a47ce85341782fc454242c95d92aa57512f5ec,658bae5ea3ca5224cb1a59184e55dfe486f25e2baecd2d8d8506a76e93113a8c,0.723,0,51,49,0,49,2,96.07843137254902,93.82716049382717,86.66666666666667,87.5,100.0,100.0,689,14.061224489795919,8,8,0,0,7,0,0,0,0,0,5.7042,3.8956,5046,1198972,112,54,12,0.016092890609085354,1,0.543545,0.10146800000000002,98,3.9119999999999995,13.484,20.683,0,0.0,0.0,0,0,0,0,0,0,
K8_R0.75_T1_H1_N1_S8008_HYBRID_inprocess,8008,8,0.75,1,1,N1,0.98,3.0,,HYBRID,inprocess,001219af2cf563b190e6790cf4a47ce85341782fc454242c95d92aa57512f5ec,b8cbda55879d0607d6643dafb05c441bed6c72b5dd755d2169839d38f81dab0a,0.759,0,51,49,0,49,2,96.07843137254902,93.82716049382717,86.66666666666667,87.5,100.0,100.0,689,14.061224489795919,8,8,0,0,7,0,0,0,0,0,5.7042,3.8956,5046,1198972,112,54,12,0.016092890609085354,1,0.574777,0.099791,98,3.73,18.085,20.532,1,0.017,0.017,0,0,0,0,0,0,
K8_R0.75_T1_H1_N1_S8008_HYBRID_EAGER_inprocess,8008,8,0.75,1,1,N1,0.98,3.0,,HYBRID_EAGER,inprocess,001219af2cf563b190e6790cf4a47ce85341782fc454242c95d92aa57512f5ec,cb8d07ecf4e6aeac82e1d13d8447f1159964e846a820cbbd8d3e2d0d4a32232d,0.66,0,51,49,0,49,2,96.07843137254902,93.82716049382717,86.66666666666667,87.5,100.0,100.0,689,14.061224489795919,8,8,0,0,7,0,0,0,0,0,5.7042,3.8956,5046,1198969,112,54,12,0.016092890609085354,1,0.482098,0.09225200000000001,98,3.075,13.880999999999998,16.404,17,0.02,0.032,0,0,0,0,0,0,
K16_R0.90_T1_H1_N3_S8007_HYBRID_EAGER_inprocess,8007,16,0.9,1,1,N3,0.75,20.0,,HYBRID_EAGER,inprocess,8683e6b2b1429b5e0a992a1af950434df7e107eeebf83473cd5925e19ad6ce92,99b59c5c770bd56134205ce78cf72bf14f98a419681bfb10e43d254869ea09ff,6.091,0,123,98,3,101,22,82.11382113821138,83.90243902439025,86.84210526315789,87.5,80.0,74.24242424242425,1802,17.84158415841584,29,23,0,0,14,1,1,0,6,4,8.3588,3.8593,14572,2808997,1334,234,96,0.5108765710602643,8,5.444222,0.282248,245,20.842,55.306000000000004,79.246,90,0.45,2.822,0,1,0,0,0,0,
K8_R0.75_T1_H1_N1_S8008_EDGE_MARKET_inprocess,8008,8,0.75,1,1,N1,0.98,3.0,,EDGE_MARKET,inprocess,001219af2cf563b190e6790cf4a47ce85341782fc454242c95d92aa57512f5ec,10a86796d3aa7d15166c181010fc2a6c05372ad95d0039f75a14a13d3f8fcc31,0.172,0,51,49,0,49,2,96.07843137254902,93.82716049382717,86.66666666666667,87.5,100.0,95.0,705,14.387755102040817,0,0,0,0,4,0,0,0,0,0,5.6601,3.8956,4130,1147250,89,43,2,0.0025075225677031092,0,0.023605,0.09786399999999999,40,0.058,0.08600000000000001,0.11699999999999999,333,0.368,2.3890000000000002,0,4,0,0,0,0,
K8_R1.05_T1_H1_N1_S8008_STATIC_inprocess,8008,8,1.05,1,1,N1,0.98,3.0,,STATIC,inprocess,9a6530d03651ffe2378d60a30dfe85f56388e0d64445775a13456e8ab0d6f944,dfda57b51923cfcca43522a0cd8b959cdb4fc843441262b6d426ca073f1a883f,0.176,0,72,56,2,58,14,80.55555555555556,70.0,47.36842105263158,12.5,92.45283018867924,73.6842105263158,832,14.344827586206897,0,0,0,0,7,0,0,0,0,0,5.6466,3.8627,3875,1149915,71,49,5,0.002934898612593383,0,0.035883,0.07759400000000001,255,0.007,0.23399999999999999,0.417,0,0.0,0.0,0,1,0,0,0,0,
K8_R1.05_T1_H1_N1_S8008_PERIODIC_inprocess,8008,8,1.05,1,1,N1,0.98,3.0,,PERIODIC,inprocess,9a6530d03651ffe2378d60a30dfe85f56388e0d64445775a13456e8ab0d6f944,1c2343da307d3260510a767bdee9ca5da90defe2c311775b9be0b2921fd0ac27,0.557,0,72,54,2,56,16,77.77777777777777,85.45454545454545,100.0,100.0,69.81132075471699,76.3157894736842,867,15.482142857142858,0,0,0,0,7,0,0,0,0,0,5.6474,3.8627,4482,1181813,90,50,5,0.007351252010107972,0,0.392563,0.083115,31,8.261,29.939,34.075,0,0.0,0.0,0,0,0,0,0,0,
K8_R1.05_T1_H1_N1_S8008_CENTRAL_FB_inprocess,8008,8,1.05,1,1,N1,0.98,3.0,,CENTRAL_FB,inprocess,9a6530d03651ffe2378d60a30dfe85f56388e0d64445775a13456e8ab0d6f944,a7fec216d075bce7b3a60d3669a1eaf56e3a7c4ee9033671761d258f53dbc56f,2.866,0,72,56,2,58,14,80.55555555555556,87.27272727272727,100.0,100.0,73.58490566037736,78.94736842105263,769,13.258620689655173,0,0,0,0,6,0,0,0,0,0,5.6566,3.8627,6462,1352756,130,65,12,0.02468553459119497,0,2.6524,0.114736,143,20.826,34.132999999999996,42.323,1,0.020999999999999998,0.020999999999999998,0,0,0,0,0,0,
K8_R1.05_T1_H1_N1_S8008_CENTRAL_inprocess,8008,8,1.05,1,1,N1,0.98,3.0,,CENTRAL,inprocess,9a6530d03651ffe2378d60a30dfe85f56388e0d64445775a13456e8ab0d6f944,fc95694f1149446fa88ee7bda67c93894eb43c6db969d3517a5625f93274f9c5,3.26,0,72,56,2,58,14,80.55555555555556,87.27272727272727,100.0,100.0,73.58490566037736,78.94736842105263,769,13.258620689655173,0,0,0,0,6,0,0,0,0,0,5.6566,3.8627,6462,1352756,130,65,12,0.02468553459119497,0,2.975602,0.121717,143,21.964000000000002,43.65,55.814,0,0.0,0.0,0,0,0,0,0,0,
K8_R1.05_T1_H1_N1_S8008_CENTRAL_FOG_inprocess,8008,8,1.05,1,1,N1,0.98,3.0,,CENTRAL_FOG,inprocess,9a6530d03651ffe2378d60a30dfe85f56388e0d64445775a13456e8ab0d6f944,65d18c262f032326ff3d6d0265f4993accf758e350e34692f78ec5dda7b8abdc,3.107,0,72,56,2,58,14,80.55555555555556,87.27272727272727,100.0,100.0,73.58490566037736,78.94736842105263,769,13.258620689655173,0,0,0,0,6,0,0,0,0,0,5.6566,3.8627,6462,1352756,130,65,12,0.02468553459119497,0,2.87326,0.121058,143,19.566,39.811,54.769,0,0.0,0.0,0,0,0,0,0,0,
K8_R1.05_T1_H1_N1_S8008_HYBRID_inprocess,8008,8,1.05,1,1,N1,0.98,3.0,,HYBRID,inprocess,9a6530d03651ffe2378d60a30dfe85f56388e0d64445775a13456e8ab0d6f944,e88315282b4be51e8b07127bfbb0b4f4e767a2126dcd791cce99cb5fd7525f12,3.474,0,72,56,2,58,14,80.55555555555556,87.27272727272727,100.0,100.0,73.58490566037736,78.94736842105263,769,13.258620689655173,0,0,0,0,6,0,0,0,0,0,5.6566,3.8627,6462,1352756,130,65,12,0.02468553459119497,0,3.157517,0.129658,143,24.384,44.248999999999995,55.324999999999996,1,0.022,0.022,0,0,0,0,0,0,
K8_R1.05_T1_H1_N1_S8008_EDGE_MARKET_inprocess,8008,8,1.05,1,1,N1,0.98,3.0,,EDGE_MARKET,inprocess,9a6530d03651ffe2378d60a30dfe85f56388e0d64445775a13456e8ab0d6f944,fc8125ecfdca0a2ee972d6448d99a9ef4ff1880b690464f39e91aa0270d776c4,0.46,0,72,56,2,58,14,80.55555555555556,85.45454545454545,89.47368421052632,100.0,77.35849056603773,81.57894736842105,809,13.948275862068966,0,0,0,0,8,0,0,0,0,0,5.6768,3.8627,5306,1421346,96,48,13,0.021534320323014805,1,0.041816,0.340598,165,0.073,0.219,0.381,1409,0.482,3.105,0,31,0,0,0,0,
K4_R0.90_T1_H1_N1_S8008_STATIC_inprocess,8008,4,0.9,1,1,N1,0.98,3.0,,STATIC,inprocess,bbea74ef9bfcd63feaf33ab6ec51fce7b865904a14d034c9673e025001b4c993,fa15b8e5b6c9d39df015aefb89d483178d282c5ef2b3f69b995489cf54678907,0.082,0,31,27,1,28,3,90.3225806451613,87.27272727272727,83.33333333333333,75.0,94.73684210526316,88.88888888888889,287,10.25,0,0,0,0,4,0,0,0,0,0,5.6704,3.9022,1939,572361,38,21,1,0.0005305039787798408,0,0.015117,0.039015,110,0.005,0.10900000000000001,0.162,0,0.0,0.0,0,1,0,0,0,0,
K4_R0.90_T1_H1_N1_S8008_PERIODIC_inprocess,8008,4,0.9,1,1,N1,0.98,3.0,,PERIODIC,inprocess,bbea74ef9bfcd63feaf33ab6ec51fce7b865904a14d034c9673e025001b4c993,62fe352630e298adbb2dab5197331e1708917adf901d8cfbca168ee5834aab11,0.136,0,31,28,1,29,2,93.54838709677419,90.9090909090909,91.66666666666667,75.0,94.73684210526316,77.77777777777777,322,11.10344827586207,0,0,0,0,3,0,0,0,0,0,5.6689,3.9022,2104,591978,36,22,1,0.004371053909664886,1,0.061443,0.039807,31,1.328,4.254,5.691,0,0.0,0.0,0,2,0,0,0,0,
K4_R0.90_T1_H1_N1_S8008_CENTRAL_inprocess,8008,4,0.9,1,1,N1,0.98,3.0,,CENTRAL,inprocess,bbea74ef9bfcd63feaf33ab6ec51fce7b865904a14d034c9673e025001b4c993,69b964ecc68e1dbb39aab970627f0de0639b73a74d1ffc03eaf4caaacb0c4214,0.227,0,31,27,0,27,4,87.09677419354838,87.27272727272727,91.66666666666667,75.0,84.21052631578948,77.77777777777777,321,11.88888888888889,0,0,0,0,3,0,0,0,0,0,5.645,3.9022,2299,608035,35,24,2,0.00619743249225321,0,0.152724,0.041671,65,2.2300000000000004,4.207,4.929,0,0.0,0.0,0,0,0,0,0,0,
K4_R0.90_T1_H1_N1_S8008_CENTRAL_FB_inprocess,8008,4,0.9,1,1,N1,0.98,3.0,,CENTRAL_FB,inprocess,bbea74ef9bfcd63feaf33ab6ec51fce7b865904a14d034c9673e025001b4c993,a2ea93e3ce52288ff4ef048024f9502ad049988dc981df17d4771201c2c9f565,0.247,0,31,27,0,27,4,87.09677419354838,87.27272727272727,91.66666666666667,75.0,84.21052631578948,77.77777777777777,321,11.88888888888889,0,0,0,0,3,0,0,0,0,0,5.645,3.9022,2299,608035,35,24,2,0.00619743249225321,0,0.158328,0.04883,65,2.437,3.934,4.3839999999999995,0,0.0,0.0,0,0,0,0,0,0,
K4_R0.90_T1_H1_N1_S8008_CENTRAL_FOG_inprocess,8008,4,0.9,1,1,N1,0.98,3.0,,CENTRAL_FOG,inprocess,bbea74ef9bfcd63feaf33ab6ec51fce7b865904a14d034c9673e025001b4c993,ea974e1e7f5dd8818d21674e7ab1e479e7da345ca8058d5e3eb0761df60c5bfc,0.264,0,31,27,0,27,4,87.09677419354838,87.27272727272727,91.66666666666667,75.0,84.21052631578948,77.77777777777777,321,11.88888888888889,0,0,0,0,3,0,0,0,0,0,5.645,3.9022,2299,608035,35,24,2,0.00619743249225321,0,0.174693,0.04958499999999999,65,2.628,4.953,6.1770000000000005,0,0.0,0.0,0,0,0,0,0,0,
K4_R0.90_T1_H1_N1_S8008_HYBRID_inprocess,8008,4,0.9,1,1,N1,0.98,3.0,,HYBRID,inprocess,bbea74ef9bfcd63feaf33ab6ec51fce7b865904a14d034c9673e025001b4c993,bffd438ecb4a2c9ed196cb887f9b2c64245ff74cd726706adea0ea401cf59a16,0.238,0,31,27,0,27,4,87.09677419354838,87.27272727272727,91.66666666666667,75.0,84.21052631578948,77.77777777777777,321,11.88888888888889,0,0,0,0,3,0,0,0,0,0,5.645,3.9022,2299,608035,35,24,2,0.00619743249225321,0,0.155688,0.04252,65,2.269,4.135,9.413,0,0.0,0.0,0,0,0,0,0,0,
K4_R0.90_T1_H1_N1_S8008_HYBRID_EAGER_inprocess,8008,4,0.9,1,1,N1,0.98,3.0,,HYBRID_EAGER,inprocess,bbea74ef9bfcd63feaf33ab6ec51fce7b865904a14d034c9673e025001b4c993,403bdf8c970a87463ccc588fea68f4346112ec5e2232726be8541300982a4989,0.227,0,31,27,0,27,4,87.09677419354838,87.27272727272727,91.66666666666667,75.0,84.21052631578948,77.77777777777777,312,11.555555555555555,0,0,0,0,2,0,0,0,0,0,5.645,3.9022,2287,607035,38,23,1,0.00490414623272403,1,0.144574,0.045268,62,2.2,4.09,5.646,6,0.082,0.082,0,0,0,0,0,0,
K4_R0.90_T1_H1_N1_S8008_EDGE_MARKET_inprocess,8008,4,0.9,1,1,N1,0.98,3.0,,EDGE_MARKET,inprocess,bbea74ef9bfcd63feaf33ab6ec51fce7b865904a14d034c9673e025001b4c993,c55abba1f9b43204cc9881bd82541f146075f1e28d2022d808ea87c0bbe63b42,0.112,0,31,26,1,27,4,87.09677419354838,87.27272727272727,75.0,100.0,94.73684210526316,100.0,325,12.037037037037036,0,0,0,0,4,0,0,0,0,0,5.6706,3.9022,2132,608638,35,25,1,0.003355704697986577,0,0.015446,0.06235,60,0.034,0.064,0.079,229,0.368,2.2520000000000002,0,6,0,0,0,0,
K8_R1.05_T1_H1_N1_S8008_HYBRID_EAGER_inprocess,8008,8,1.05,1,1,N1,0.98,3.0,,HYBRID_EAGER,inprocess,9a6530d03651ffe2378d60a30dfe85f56388e0d64445775a13456e8ab0d6f944,e2ca3f2a0463111b23dc802f4c2809039087e4781049d05fb2165619e30cee02,3.275,0,72,56,2,58,14,80.55555555555556,87.27272727272727,100.0,100.0,73.58490566037736,78.94736842105263,769,13.258620689655173,0,0,0,0,6,0,0,0,0,0,5.6566,3.8627,6462,1352739,130,65,12,0.02468553459119497,0,2.976776,0.132232,143,22.084,40.122,53.178999999999995,16,0.052,0.48899999999999993,0,0,0,0,0,0,
K16_R0.90_T1_H1_N1_S8008_STATIC_inprocess,8008,16,0.9,1,1,N1,0.98,3.0,,STATIC,inprocess,a7eaf49d0188bfcccbbb93a28f9a2ec28c0fd73315a5bf93ac98c4c050582464,32ff1ebbc641ad3bcf0c8aa5d584aa1cfb79447f59ba333d8773fb86a74766cb,0.41,0,123,97,4,101,22,82.11382113821138,76.53061224489795,57.57575757575758,50.0,91.11111111111111,80.35714285714286,1373,13.594059405940595,0,0,0,0,15,0,0,0,0,0,5.6597,3.8751,7718,2169518,145,66,9,0.0025668738178870575,0,0.082059,0.172258,276,0.01,0.465,2.078,0,0.0,0.0,0,5,0,0,0,0,
K16_R0.90_T1_H1_N1_S8008_PERIODIC_inprocess,8008,16,0.9,1,1,N1,0.98,3.0,,PERIODIC,inprocess,a7eaf49d0188bfcccbbb93a28f9a2ec28c0fd73315a5bf93ac98c4c050582464,f0112bb5a4dccd437ae0f74dc49c0121698d2dc6363af36dbdbf203f8f22a4fb,1.196,0,123,99,4,103,20,83.73983739837398,86.73469387755102,87.87878787878788,83.33333333333333,82.22222222222223,82.14285714285714,1611,15.640776699029127,0,0,0,0,14,0,0,0,0,0,5.6718,3.8751,8667,2254530,167,87,9,0.010044242496711707,1,0.802921,0.20543999999999998,31,27.463,55.309,57.352,0,0.0,0.0,0,0,0,0,0,0,
K16_R0.90_T1_H1_N1_S8008_CENTRAL_inprocess,8008,16,0.9,1,1,N1,0.98,3.0,,CENTRAL,inprocess,a7eaf49d0188bfcccbbb93a28f9a2ec28c0fd73315a5bf93ac98c4c050582464,bdebafa6e62480191905503254d1a9a2c89b70a20d3565cfbba4c36bc00d174b,5.783,0,123,100,5,105,18,85.36585365853658,89.28571428571429,96.96969696969697,91.66666666666667,81.11111111111111,85.71428571428571,1572,14.971428571428572,0,0,0,0,14,0,0,0,0,0,5.6657,3.8751,12927,2643329,252,107,14,0.04354010272619518,1,5.194733,0.26762600000000003,177,28.704,56.453,73.947,0,0.0,0.0,0,0,0,0,0,0,
K16_R0.90_T1_H1_N1_S8008_CENTRAL_FB_inprocess,8008,16,0.9,1,1,N1,0.98,3.0,,CENTRAL_FB,inprocess,a7eaf49d0188bfcccbbb93a28f9a2ec28c0fd73315a5bf93ac98c4c050582464,5204f747073a39c1ca8eac7e4ac205eee48a880634d41bd0be08f5dca6b3352c,5.878,0,123,100,5,105,18,85.36585365853658,89.28571428571429,96.96969696969697,91.66666666666667,81.11111111111111,85.71428571428571,1572,14.971428571428572,0,0,0,0,14,0,0,0,0,0,5.6657,3.8751,12927,2643329,252,107,14,0.04354010272619518,1,5.310135,0.267276,177,26.165,65.511,99.716,3,0.016,0.016,0,0,0,0,0,0,
K16_R0.90_T1_H1_N1_S8008_CENTRAL_FOG_inprocess,8008,16,0.9,1,1,N1,0.98,3.0,,CENTRAL_FOG,inprocess,a7eaf49d0188bfcccbbb93a28f9a2ec28c0fd73315a5bf93ac98c4c050582464,46221dcb999eccd7425f3dd809f2b530fe38c969eee51628151d23094bf3171a,6.177,0,123,100,5,105,18,85.36585365853658,89.28571428571429,96.96969696969697,91.66666666666667,81.11111111111111,85.71428571428571,1572,14.971428571428572,0,0,0,0,14,0,0,0,0,0,5.6657,3.8751,12927,2643329,252,107,14,0.04354010272619518,1,5.493699,0.265996,177,29.137,63.397999999999996,86.26599999999999,0,0.0,0.0,0,0,0,0,0,0,
K16_R0.90_T1_H1_N1_S8008_HYBRID_inprocess,8008,16,0.9,1,1,N1,0.98,3.0,,HYBRID,inprocess,a7eaf49d0188bfcccbbb93a28f9a2ec28c0fd73315a5bf93ac98c4c050582464,806ce0a0e3c98a4ca0fbfd8dba066bad0972b672c79eba72c20570be896555c0,5.897,0,123,100,5,105,18,85.36585365853658,89.28571428571429,96.96969696969697,91.66666666666667,81.11111111111111,85.71428571428571,1572,14.971428571428572,0,0,0,0,14,0,0,0,0,0,5.6657,3.8751,12927,2643329,252,107,14,0.04354010272619518,1,5.292883,0.269141,177,29.428,58.996,93.402,3,0.015000000000000001,0.015000000000000001,0,0,0,0,0,0,
K16_R0.90_T1_H1_N1_S8008_EDGE_MARKET_inprocess,8008,16,0.9,1,1,N1,0.98,3.0,,EDGE_MARKET,inprocess,a7eaf49d0188bfcccbbb93a28f9a2ec28c0fd73315a5bf93ac98c4c050582464,4056e81273b1543dc4b1e2c1db14c8abd53899f5b4848c42e6bbfaaed897d993,0.947,0,123,100,6,106,17,86.17886178861788,88.77551020408163,90.9090909090909,100.0,84.44444444444444,91.07142857142857,1528,14.415094339622641,0,0,0,0,14,0,0,0,0,0,5.6609,3.8643,10669,2764887,189,89,12,0.01775376302585874,0,0.089763,0.6366180000000001,153,0.147,0.507,0.722,2858,0.47300000000000003,6.255,0,48,0,0,0,0,
K8_R0.75_T1_H1_N3_S8008_STATIC_inprocess,8008,8,0.75,1,1,N3,0.75,20.0,,STATIC,inprocess,fa212eeeccdd13eba85fe7ed3b0ad8489a54019f8d472009b4b12a0749b37c61,0d2eaed8644a72027fdb7d88b154fca5a2ab7e12281493256b9fa137639aed7e,0.176,0,51,48,0,48,3,94.11764705882354,95.06172839506173,93.33333333333333,100.0,94.44444444444444,95.0,744,15.5,0,0,0,0,7,0,0,0,0,0,5.661,3.8956,3850,1115246,317,47,29,0.15319476520400307,3,0.024431,0.09108400000000001,138,0.006,0.146,0.391,0,0.0,0.0,0,0,0,0,0,0,
K8_R0.75_T1_H1_N3_S8008_PERIODIC_inprocess,8008,8,0.75,1,1,N3,0.75,20.0,,PERIODIC,inprocess,fa212eeeccdd13eba85fe7ed3b0ad8489a54019f8d472009b4b12a0749b37c61,588681b915175711d0be277da6beb3d14de872d9624f3018182e80b7db20984d,0.214,0,51,48,0,48,3,94.11764705882354,91.35802469135803,86.66666666666667,75.0,97.22222222222223,95.0,784,16.333333333333332,0,0,0,0,7,0,0,0,0,0,5.6496,3.8956,4166,1120935,349,54,29,0.16035482770385534,3,0.086782,0.07317,31,1.9,6.3759999999999994,9.443999999999999,0,0.0,0.0,0,0,0,0,0,0,
K8_R0.75_T1_H1_N3_S8008_CENTRAL_inprocess,8008,8,0.75,1,1,N3,0.75,20.0,,CENTRAL,inprocess,fa212eeeccdd13eba85fe7ed3b0ad8489a54019f8d472009b4b12a0749b37c61,9d89d909380a618261546016bc4f4d453847603dd8ea24e5348e006e00d84271,0.655,0,51,46,0,46,5,90.19607843137256,90.12345679012346,86.66666666666667,87.5,91.66666666666667,90.0,695,15.108695652173912,0,0,0,0,5,0,0,0,0,0,5.6545,3.8956,5096,1172985,479,82,58,0.24266043128085216,7,0.471866,0.10298799999999998,126,3.592,8.586,13.228,0,0.0,0.0,0,0,0,0,0,0,
K8_R0.75_T1_H1_N3_S8008_CENTRAL_FB_inprocess,8008,8,0.75,1,1,N3,0.75,20.0,,CENTRAL_FB,inprocess,fa212eeeccdd13eba85fe7ed3b0ad8489a54019f8d472009b4b12a0749b37c61,6730cee6e975379123a5d6fbf1aaeaeafe000bb51599312eb5810e85acabcb4c,0.659,0,51,46,0,46,5,90.19607843137256,90.12345679012346,86.66666666666667,87.5,91.66666666666667,90.0,695,15.108695652173912,0,0,0,0,5,0,0,0,0,0,5.6545,3.8956,5096,1172985,479,82,58,0.24266043128085216,7,0.471201,0.108001,126,3.589,8.504,11.662,35,0.131,2.745,0,0,0,0,0,0,
K8_R0.75_T1_H1_N3_S8008_CENTRAL_FOG_inprocess,8008,8,0.75,1,1,N3,0.75,20.0,,CENTRAL_FOG,inprocess,fa212eeeccdd13eba85fe7ed3b0ad8489a54019f8d472009b4b12a0749b37c61,6783cb3939a70e3aee4b04d2fd8541553398ca1f9bb0a1e9c2009d31011a691b,0.669,0,51,46,0,46,5,90.19607843137256,90.12345679012346,86.66666666666667,87.5,91.66666666666667,90.0,695,15.108695652173912,0,0,0,0,5,0,0,0,0,0,5.6545,3.8956,5096,1172985,479,82,58,0.24266043128085216,7,0.477501,0.10651600000000001,126,3.731,8.413,13.779,0,0.0,0.0,0,0,0,0,0,0,
K8_R0.75_T1_H1_N3_S8008_HYBRID_inprocess,8008,8,0.75,1,1,N3,0.75,20.0,,HYBRID,inprocess,fa212eeeccdd13eba85fe7ed3b0ad8489a54019f8d472009b4b12a0749b37c61,c3f1cd26347fae487d0b5d69658cc4f874862471c1701a84beb6490144a79ecc,0.644,0,51,46,0,46,5,90.19607843137256,90.12345679012346,86.66666666666667,87.5,91.66666666666667,90.0,695,15.108695652173912,0,0,0,0,5,0,0,0,0,0,5.6545,3.8956,5096,1172985,479,82,58,0.24266043128085216,7,0.45643,0.10559199999999999,126,3.545,8.743,15.321,35,0.09899999999999999,2.238,0,0,0,0,0,0,
K8_R0.75_T1_H1_N3_S8008_HYBRID_EAGER_inprocess,8008,8,0.75,1,1,N3,0.75,20.0,,HYBRID_EAGER,inprocess,fa212eeeccdd13eba85fe7ed3b0ad8489a54019f8d472009b4b12a0749b37c61,8c5069b028f52d5eaea09ae09b2d7ca9f866fa70b3b114a33bdeaeebf0068896,0.59,0,51,48,0,48,3,94.11764705882354,93.82716049382717,93.33333333333333,87.5,94.44444444444444,95.0,746,15.541666666666666,0,0,0,0,5,0,0,0,0,0,6.5553,3.8956,4767,1178872,396,68,67,0.2853938884216428,6,0.383543,0.11711999999999999,107,3.413,9.469,12.775,54,0.115,2.7230000000000003,0,0,0,0,0,0,
K16_R0.90_T1_H1_N1_S8008_HYBRID_EAGER_inprocess,8008,16,0.9,1,1,N1,0.98,3.0,,HYBRID_EAGER,inprocess,a7eaf49d0188bfcccbbb93a28f9a2ec28c0fd73315a5bf93ac98c4c050582464,9f9f6d16474f3f531d291237bf2820300d1277e443b21e435fdb78787fb08f5a,6.166,0,123,99,5,104,19,84.55284552845528,89.79591836734694,96.96969696969697,100.0,80.0,82.14285714285714,1591,15.298076923076923,0,0,0,0,13,0,0,0,0,0,5.6576,3.8751,13357,2678915,251,141,14,0.03607382550335571,2,5.606977,0.264495,181,29.782,63.68699999999999,80.701,34,0.47100000000000003,0.482,0,0,0,0,0,0,
K8_R1.05_T1_H1_N3_S8008_STATIC_inprocess,8008,8,1.05,1,1,N3,0.75,20.0,,STATIC,inprocess,981ede82f7e010a3d413dfc5d73bc44e486da5f7c68962da34ad0590fdc7d0bb,c749e476f115eba429bcedcd5e940a6b055bc130046d08ae157a89d9aba9f40e,0.166,0,72,52,2,54,18,75.0,63.63636363636363,26.31578947368421,12.5,92.45283018867924,76.3157894736842,772,14.296296296296296,0,0,0,0,6,0,0,0,0,0,5.6466,3.8984,3863,1143310,304,63,51,0.25990853658536583,3,0.032061,0.07871099999999999,270,0.008,0.213,0.40700000000000003,0,0.0,0.0,0,2,0,0,0,0,
K8_R0.75_T1_H1_N3_S8008_EDGE_MARKET_inprocess,8008,8,0.75,1,1,N3,0.75,20.0,,EDGE_MARKET,inprocess,fa212eeeccdd13eba85fe7ed3b0ad8489a54019f8d472009b4b12a0749b37c61,3c0c8a1d7954618ab8982ad4803fe78d7adbfb43dfa3c763387f2b8401ce7548,0.219,0,51,48,0,48,3,94.11764705882354,95.06172839506173,93.33333333333333,100.0,94.44444444444444,90.0,714,14.875,0,0,0,0,4,0,0,0,0,0,5.6676,3.8956,4079,1148495,295,54,29,0.1737465181058496,3,0.024916,0.12675999999999998,37,0.049,0.131,0.157,303,0.49299999999999994,3.282,0,4,0,0,0,0,
K8_R1.05_T1_H1_N3_S8008_PERIODIC_inprocess,8008,8,1.05,1,1,N3,0.75,20.0,,PERIODIC,inprocess,981ede82f7e010a3d413dfc5d73bc44e486da5f7c68962da34ad0590fdc7d0bb,5872a59685336f8c98f51abe0b7ed9481a43e55bc33d7641daf363aca64a68e5,0.499,0,72,55,2,57,15,79.16666666666667,82.72727272727273,84.21052631578948,87.5,77.35849056603773,76.3157894736842,804,14.105263157894736,0,0,0,0,7,0,0,0,0,0,5.6958,3.8984,4310,1189527,347,74,60,0.24491771539206195,3,0.318953,0.105922,31,6.305,30.839,35.696,0,0.0,0.0,0,0,0,0,0,0,
K8_R1.05_T1_H1_N3_S8008_CENTRAL_inprocess,8008,8,1.05,1,1,N3,0.75,20.0,,CENTRAL,inprocess,981ede82f7e010a3d413dfc5d73bc44e486da5f7c68962da34ad0590fdc7d0bb,fcc06c3eafd4823833b0e2aec806b7ed7b9ed0e47f116c5068601fd7e17f2632,2.719,0,72,52,2,54,18,75.0,77.27272727272727,78.94736842105263,75.0,73.58490566037736,71.05263157894737,844,15.62962962962963,0,0,0,0,7,0,0,0,0,0,5.6735,3.8984,6309,1349781,544,112,104,0.4171850699844479,8,2.398148,0.1255,168,13.442,31.444,46.275,0,0.0,0.0,0,0,0,0,0,0,
K8_R1.05_T1_H1_N3_S8008_CENTRAL_FB_inprocess,8008,8,1.05,1,1,N3,0.75,20.0,,CENTRAL_FB,inprocess,981ede82f7e010a3d413dfc5d73bc44e486da5f7c68962da34ad0590fdc7d0bb,4865fd2f6ee48526e02d0dc54691e97a2b6b18ee41ff3f5ec9258bed7f528251,2.368,0,72,52,2,54,18,75.0,77.27272727272727,78.94736842105263,75.0,73.58490566037736,71.05263157894737,839,15.537037037037036,0,0,0,0,7,0,0,0,0,0,5.6727,3.8984,6326,1351563,543,107,104,0.4013948082138706,6,2.15983,0.12227099999999999,172,11.334,26.75,37.538000000000004,34,0.097,3.163,0,0,0,0,0,0,
K8_R1.05_T1_H1_N3_S8008_CENTRAL_FOG_inprocess,8008,8,1.05,1,1,N3,0.75,20.0,,CENTRAL_FOG,inprocess,981ede82f7e010a3d413dfc5d73bc44e486da5f7c68962da34ad0590fdc7d0bb,d995548d0131b89afba17323e0e9bd69b7156302cb2199bf08cb432963a46cdc,2.639,0,72,52,2,54,18,75.0,77.27272727272727,78.94736842105263,75.0,73.58490566037736,71.05263157894737,844,15.62962962962963,0,0,0,0,7,0,0,0,0,0,5.6735,3.8984,6309,1349781,544,112,104,0.4171850699844479,8,2.369977,0.125322,168,11.83,30.805,41.479,0,0.0,0.0,0,0,0,0,0,0,
K8_R1.05_T1_H1_N3_S8008_HYBRID_inprocess,8008,8,1.05,1,1,N3,0.75,20.0,,HYBRID,inprocess,981ede82f7e010a3d413dfc5d73bc44e486da5f7c68962da34ad0590fdc7d0bb,ba4f3416596680afb07c825e45c831a327ff68adfc12b1c2d38bb9493509a281,2.535,0,72,52,2,54,18,75.0,77.27272727272727,78.94736842105263,75.0,73.58490566037736,71.05263157894737,839,15.537037037037036,0,0,0,0,7,0,0,0,0,0,5.6727,3.8984,6326,1351563,543,107,104,0.4013948082138706,6,2.243282,0.13953100000000002,172,12.508999999999999,27.542,46.958,34,0.1,4.453,0,0,0,0,0,0,
K8_R1.05_T1_H1_N3_S8008_EDGE_MARKET_inprocess,8008,8,1.05,1,1,N3,0.75,20.0,,EDGE_MARKET,inprocess,981ede82f7e010a3d413dfc5d73bc44e486da5f7c68962da34ad0590fdc7d0bb,224bb11a5f29a3f9854499e91306952a9898e297954c61f6ed3ffc3882dd0666,0.418,0,72,54,2,56,16,77.77777777777777,81.81818181818181,89.47368421052632,100.0,73.58490566037736,76.3157894736842,849,15.160714285714286,0,0,0,0,7,0,0,0,0,0,5.661,3.8984,4833,1347110,388,73,104,0.28602920914852575,3,0.035419,0.30114199999999997,136,0.06899999999999999,0.175,0.28600000000000003,949,0.5640000000000001,3.218,0,32,0,0,0,0,
K4_R0.90_T1_H1_N3_S8008_STATIC_inprocess,8008,4,0.9,1,1,N3,0.75,20.0,,STATIC,inprocess,68d85cb0ba5953c6540a978b7a82f37697d38eb7960727bd99bbef38273a4642,a8335fc64f51a0940056eb4cd3a410d3698173ca867397e6397e200f0305041f,0.092,0,31,24,1,25,6,80.64516129032258,78.18181818181819,75.0,50.0,84.21052631578948,77.77777777777777,320,12.8,0,0,0,0,4,0,0,0,0,0,5.6704,3.9022,1936,570405,111,35,47,0.1526479750778816,2,0.013793,0.042701,130,0.006,0.093,0.148,0,0.0,0.0,0,1,0,0,0,0,
K4_R0.90_T1_H1_N3_S8008_PERIODIC_inprocess,8008,4,0.9,1,1,N3,0.75,20.0,,PERIODIC,inprocess,68d85cb0ba5953c6540a978b7a82f37697d38eb7960727bd99bbef38273a4642,b13c1e8cfbc3c20168fc70fa10be5318d6afa7d9aa73b5897f71666a43cf9288,0.129,0,31,26,0,26,5,83.87096774193549,85.45454545454545,91.66666666666667,75.0,78.94736842105263,77.77777777777777,354,13.615384615384615,0,0,0,0,4,0,0,0,0,0,5.6555,3.9022,2090,587595,151,31,59,0.24788732394366197,2,0.062111,0.038639,31,1.4400000000000002,4.647,6.446999999999999,0,0.0,0.0,0,1,0,0,0,0,
K4_R0.90_T1_H1_N3_S8008_CENTRAL_inprocess,8008,4,0.9,1,1,N3,0.75,20.0,,CENTRAL,inprocess,68d85cb0ba5953c6540a978b7a82f37697d38eb7960727bd99bbef38273a4642,ec5cdde5b6257fb36394d7a74521dc1786ab60413d7ddd58c57350a9978fa1b5,0.175,0,31,26,1,27,4,87.09677419354838,85.45454545454545,91.66666666666667,75.0,84.21052631578948,77.77777777777777,265,9.814814814814815,0,0,0,0,1,0,0,0,0,0,5.6552,3.9022,2266,606866,167,35,47,0.14875,3,0.108282,0.03966,72,1.375,3.282,3.973,0,0.0,0.0,0,0,0,0,0,0,
K4_R0.90_T1_H1_N3_S8008_CENTRAL_FB_inprocess,8008,4,0.9,1,1,N3,0.75,20.0,,CENTRAL_FB,inprocess,68d85cb0ba5953c6540a978b7a82f37697d38eb7960727bd99bbef38273a4642,8c081b4fa0c3c221cbdcc435dc65b715a88c46319bfd8b0b7a15922200f5481b,0.189,0,31,26,1,27,4,87.09677419354838,85.45454545454545,91.66666666666667,75.0,84.21052631578948,77.77777777777777,265,9.814814814814815,0,0,0,0,1,0,0,0,0,0,5.6552,3.9022,2266,606866,167,35,47,0.14875,3,0.109788,0.044152,72,1.411,3.4749999999999996,3.9389999999999996,24,0.077,0.311,0,0,0,0,0,0,
K4_R0.90_T1_H1_N3_S8008_CENTRAL_FOG_inprocess,8008,4,0.9,1,1,N3,0.75,20.0,,CENTRAL_FOG,inprocess,68d85cb0ba5953c6540a978b7a82f37697d38eb7960727bd99bbef38273a4642,8b53a0ca1ab27938be9dc265885126a021dde509d436e6c0cb50bb9c5fb27933,0.206,0,31,26,1,27,4,87.09677419354838,85.45454545454545,91.66666666666667,75.0,84.21052631578948,77.77777777777777,265,9.814814814814815,0,0,0,0,1,0,0,0,0,0,5.6552,3.9022,2266,606866,167,35,47,0.14875,3,0.120276,0.044273,72,1.4649999999999999,3.761,4.997,0,0.0,0.0,0,0,0,0,0,0,
K4_R0.90_T1_H1_N3_S8008_HYBRID_inprocess,8008,4,0.9,1,1,N3,0.75,20.0,,HYBRID,inprocess,68d85cb0ba5953c6540a978b7a82f37697d38eb7960727bd99bbef38273a4642,e22716f7a04f06854517040fe50cc4d15b987816c9a747122690422c864a19f7,0.187,0,31,26,1,27,4,87.09677419354838,85.45454545454545,91.66666666666667,75.0,84.21052631578948,77.77777777777777,265,9.814814814814815,0,0,0,0,1,0,0,0,0,0,5.6552,3.9022,2266,606866,167,35,47,0.14875,3,0.111176,0.042072000000000005,72,1.374,3.467,4.6690000000000005,24,0.096,0.34900000000000003,0,0,0,0,0,0,
K4_R0.90_T1_H1_N3_S8008_HYBRID_EAGER_inprocess,8008,4,0.9,1,1,N3,0.75,20.0,,HYBRID_EAGER,inprocess,68d85cb0ba5953c6540a978b7a82f37697d38eb7960727bd99bbef38273a4642,b3e41509b864eed4a4fe71b9f43ab49b33b0cbd8618e97b863177b93e7fbea2e,0.295,0,31,26,1,27,4,87.09677419354838,85.45454545454545,91.66666666666667,75.0,84.21052631578948,77.77777777777777,265,9.814814814814815,0,0,0,0,1,0,0,0,0,0,5.6552,3.9022,2266,606866,167,35,47,0.14875,3,0.145093,0.06829099999999999,72,2.075,3.8440000000000003,5.859,29,0.106,0.318,0,0,0,0,0,0,
K4_R0.90_T1_H1_N3_S8008_EDGE_MARKET_inprocess,8008,4,0.9,1,1,N3,0.75,20.0,,EDGE_MARKET,inprocess,68d85cb0ba5953c6540a978b7a82f37697d38eb7960727bd99bbef38273a4642,2514aa60d59e7060a638e0515f923a52df82f282a6988f975cbf921682a16e9a,0.13,0,31,24,0,24,7,77.41935483870968,78.18181818181819,83.33333333333333,75.0,73.6842105263158,88.88888888888889,332,13.833333333333334,0,0,0,0,3,0,0,0,0,0,5.611,3.9022,2150,620497,136,30,47,0.20201342281879195,2,0.01436,0.07827900000000002,63,0.027,0.11699999999999999,0.13999999999999999,251,0.5109999999999999,3.423,0,13,0,0,0,0,
K16_R0.90_T1_H1_N3_S8008_STATIC_inprocess,8008,16,0.9,1,1,N3,0.75,20.0,,STATIC,inprocess,f9de56fb0adc5b907f0d9193cafc318003053573ff9cdc91a25974995fc16765,effd6f0ce7765fcc98f022a6f11cf25ad29c84fa8eb46f1467733007ed69a6b9,0.401,0,123,97,4,101,22,82.11382113821138,77.04081632653062,60.60606060606061,41.666666666666664,90.0,83.92857142857143,1413,13.990099009900991,0,0,0,0,14,0,0,0,0,0,5.6841,3.8751,7724,2146831,582,110,66,0.1632920884889389,7,0.060523,0.17629299999999998,271,0.01,0.297,5.484,0,0.0,0.0,0,5,0,0,0,0,
K8_R1.05_T1_H1_N3_S8008_HYBRID_EAGER_inprocess,8008,8,1.05,1,1,N3,0.75,20.0,,HYBRID_EAGER,inprocess,981ede82f7e010a3d413dfc5d73bc44e486da5f7c68962da34ad0590fdc7d0bb,1c860fd5b6c77fa8348908fb6333467c5df19bfa7eeaf46915cd315a7ab897b3,2.676,0,72,53,2,55,17,76.38888888888889,79.0909090909091,84.21052631578948,75.0,73.58490566037736,73.6842105263158,814,14.8,0,0,0,0,5,0,0,0,0,0,5.6758,3.8984,6268,1342495,540,118,104,0.416421135336869,6,2.379289,0.139676,163,13.492,32.916000000000004,52.093,50,2.873,3.276,0,0,0,0,0,0,
K16_R0.90_T1_H1_N3_S8008_PERIODIC_inprocess,8008,16,0.9,1,1,N3,0.75,20.0,,PERIODIC,inprocess,f9de56fb0adc5b907f0d9193cafc318003053573ff9cdc91a25974995fc16765,3ae2c8cdda4b280ddca083ff1788b4c19e2ef5d6aaf8fe07f234b69b7a6abe89,1.028,0,123,100,4,104,19,84.55284552845528,88.26530612244898,96.96969696969697,91.66666666666667,80.0,85.71428571428571,1568,15.076923076923077,0,0,0,0,13,0,0,0,0,0,5.7059,3.8751,8505,2213884,693,114,58,0.18551294657489348,8,0.626296,0.206499,31,20.903000000000002,42.077999999999996,67.41,0,0.0,0.0,0,0,0,0,0,0,
K16_R0.90_T1_H1_N3_S8008_CENTRAL_inprocess,8008,16,0.9,1,1,N3,0.75,20.0,,CENTRAL,inprocess,f9de56fb0adc5b907f0d9193cafc318003053573ff9cdc91a25974995fc16765,797681383ed01d8e02320d1a6050f264daf7f7ea175bd463e796cfbdff2403bf,5.751,0,123,95,5,100,23,81.30081300813008,83.6734693877551,81.81818181818181,91.66666666666667,81.11111111111111,78.57142857142857,1657,16.57,0,0,0,0,15,0,0,0,0,0,5.6732,3.8751,13273,2630922,1123,240,105,0.4263664427092791,15,5.182221,0.24577900000000003,239,23.828,47.204,64.939,0,0.0,0.0,0,1,0,0,0,0,
K16_R0.90_T1_H1_N3_S8008_CENTRAL_FB_inprocess,8008,16,0.9,1,1,N3,0.75,20.0,,CENTRAL_FB,inprocess,f9de56fb0adc5b907f0d9193cafc318003053573ff9cdc91a25974995fc16765,214f6e97739cabfea508f2cf3b2c2bb244fccf0d186ce8efee88f4c13bbc09d2,5.422,0,123,95,4,99,24,80.48780487804878,83.16326530612245,87.87878787878788,75.0,77.77777777777777,83.92857142857143,1642,16.585858585858585,0,0,0,0,13,0,0,0,0,0,6.5369,3.8751,13197,2632116,1155,239,105,0.4004402458039072,15,4.919285,0.2681239999999999,239,22.031,43.552,66.806,65,0.391,2.5709999999999997,0,0,0,0,0,0,
K16_R0.90_T1_H1_N3_S8008_CENTRAL_FOG_inprocess,8008,16,0.9,1,1,N3,0.75,20.0,,CENTRAL_FOG,inprocess,f9de56fb0adc5b907f0d9193cafc318003053573ff9cdc91a25974995fc16765,70f2a518ca21837847fd3362183f4d462e9f1194e703e7f9d34794078828f352,5.714,0,123,95,5,100,23,81.30081300813008,83.6734693877551,81.81818181818181,91.66666666666667,81.11111111111111,78.57142857142857,1657,16.57,0,0,0,0,15,0,0,0,0,0,5.6732,3.8751,13273,2630922,1123,240,105,0.4263664427092791,15,5.117375,0.241953,239,24.216,42.361999999999995,55.299,0,0.0,0.0,0,1,0,0,0,0,
K16_R0.90_T1_H1_N3_S8008_HYBRID_inprocess,8008,16,0.9,1,1,N3,0.75,20.0,,HYBRID,inprocess,f9de56fb0adc5b907f0d9193cafc318003053573ff9cdc91a25974995fc16765,e1f7698f92b14a8206d5ef28f64e06678d68820cc1e33e5b1ce903ed4982e1a9,6.111,0,123,95,4,99,24,80.48780487804878,83.16326530612245,87.87878787878788,75.0,77.77777777777777,83.92857142857143,1642,16.585858585858585,0,0,0,0,13,0,0,0,0,0,6.5369,3.8751,13197,2632116,1155,239,105,0.4004402458039072,15,5.46281,0.279103,239,25.057,49.762,74.448,65,0.467,2.799,0,0,0,0,0,0,
K16_R0.90_T1_H1_N3_S8008_EDGE_MARKET_inprocess,8008,16,0.9,1,1,N3,0.75,20.0,,EDGE_MARKET,inprocess,f9de56fb0adc5b907f0d9193cafc318003053573ff9cdc91a25974995fc16765,264516925575f9fb55570136a30af44d02b60a9542bf3fc982ea377d1853cf64,0.774,0,123,99,4,103,20,83.73983739837398,86.73469387755102,93.93939393939394,100.0,80.0,85.71428571428571,1614,15.669902912621358,0,0,0,0,14,0,0,0,0,0,5.656,3.8751,9862,2607940,816,169,103,0.2832778147901399,7,0.062333,0.5145050000000001,160,0.104,0.322,1.1219999999999999,2184,0.501,8.709,0,38,0,0,0,0,
K8_R0.75_T1_H1_N1_S8009_STATIC_inprocess,8009,8,0.75,1,1,N1,0.98,3.0,,STATIC,inprocess,4c766b9a4e9c24272a5a41dfe8455304ffe630485591f78d6d0049e6ecf9a628,28091321c96a2bebe1410b5c2425da89cb4f6e11e0a38ec8e7120ce053e3d7db,0.18,0,51,49,0,49,2,96.07843137254902,96.20253164556962,100.0,100.0,94.5945945945946,95.83333333333333,654,13.346938775510203,0,0,0,0,4,0,0,0,0,0,5.6632,3.8681,3852,1019831,71,39,2,0.0021534320323014803,0,0.026955,0.082372,33,0.008,0.21800000000000003,1.295,0,0.0,0.0,0,1,0,0,0,0,
K8_R0.75_T1_H1_N1_S8009_PERIODIC_inprocess,8009,8,0.75,1,1,N1,0.98,3.0,,PERIODIC,inprocess,4c766b9a4e9c24272a5a41dfe8455304ffe630485591f78d6d0049e6ecf9a628,8f4dff56b681760a8f71cba7355187a9837642fdf8d88ce42842fc3a10cb1901,0.342,0,51,51,0,51,0,100.0,100.0,100.0,100.0,100.0,100.0,663,13.0,0,0,0,0,3,0,0,0,0,0,5.6583,3.8681,4162,1049526,67,44,2,0.004458756502353232,1,0.156815,0.094962,31,1.659,14.628,21.127,0,0.0,0.0,0,0,0,0,0,0,
K8_R0.75_T1_H1_N1_S8009_CENTRAL_inprocess,8009,8,0.75,1,1,N1,0.98,3.0,,CENTRAL,inprocess,4c766b9a4e9c24272a5a41dfe8455304ffe630485591f78d6d0049e6ecf9a628,5b57745fe894b838958a070d15e0289abbfcc3342ed0d9122ff284cce51f8824,0.548,0,51,51,0,51,0,100.0,100.0,100.0,100.0,100.0,100.0,657,12.882352941176471,0,0,0,0,2,0,0,0,0,0,5.5866,3.8681,4522,1099195,97,50,10,0.013933302878026497,0,0.370692,0.094316,75,2.8579999999999997,15.751000000000001,20.136000000000003,0,0.0,0.0,0,0,0,0,0,0,
K8_R0.75_T1_H1_N1_S8009_CENTRAL_FB_inprocess,8009,8,0.75,1,1,N1,0.98,3.0,,CENTRAL_FB,inprocess,4c766b9a4e9c24272a5a41dfe8455304ffe630485591f78d6d0049e6ecf9a628,1f42c7d8e3dcaf8f55550a12caf7cfee02e4e4c52b79e8ee204e70df9134a2fc,0.619,0,51,51,0,51,0,100.0,100.0,100.0,100.0,100.0,100.0,657,12.882352941176471,0,0,0,0,2,0,0,0,0,0,5.5866,3.8681,4522,1099195,97,50,10,0.013933302878026497,0,0.411921,0.10434500000000001,75,2.1159999999999997,17.090999999999998,24.948999999999998,1,0.013,0.013,0,0,0,0,0,0,
K8_R0.75_T1_H1_N1_S8009_CENTRAL_FOG_inprocess,8009,8,0.75,1,1,N1,0.98,3.0,,CENTRAL_FOG,inprocess,4c766b9a4e9c24272a5a41dfe8455304ffe630485591f78d6d0049e6ecf9a628,3b534e3f82244bee0b017b445d050b6eebecffe0f85f5ef0c135df143f244288,0.537,0,51,51,0,51,0,100.0,100.0,100.0,100.0,100.0,100.0,657,12.882352941176471,0,0,0,0,2,0,0,0,0,0,5.5866,3.8681,4522,1099195,97,50,10,0.013933302878026497,0,0.343727,0.083736,75,2.2030000000000003,14.796,24.99,0,0.0,0.0,0,0,0,0,0,0,
K8_R0.75_T1_H1_N1_S8009_HYBRID_inprocess,8009,8,0.75,1,1,N1,0.98,3.0,,HYBRID,inprocess,4c766b9a4e9c24272a5a41dfe8455304ffe630485591f78d6d0049e6ecf9a628,1d30d04e24be790ca1b3d126545362a76f331fba7f724ddcb9605b7f1ae7878e,0.508,0,51,51,0,51,0,100.0,100.0,100.0,100.0,100.0,100.0,657,12.882352941176471,0,0,0,0,2,0,0,0,0,0,5.5866,3.8681,4522,1099195,97,50,10,0.013933302878026497,0,0.363431,0.08239099999999999,75,1.789,15.69,23.456999999999997,1,0.011,0.011,0,0,0,0,0,0,
K8_R0.75_T1_H1_N1_S8009_HYBRID_EAGER_inprocess,8009,8,0.75,1,1,N1,0.98,3.0,,HYBRID_EAGER,inprocess,4c766b9a4e9c24272a5a41dfe8455304ffe630485591f78d6d0049e6ecf9a628,7df2eb36aa0acb9484825edc958d2815c30cea3f678ec393c835f412cabc80ae,0.536,0,51,51,0,51,0,100.0,100.0,100.0,100.0,100.0,100.0,657,12.882352941176471,0,0,0,0,2,0,0,0,0,0,5.5866,3.8681,4522,1099195,97,50,10,0.013933302878026497,0,0.357058,0.09827699999999999,75,2.33,13.972,21.195999999999998,15,0.027,0.041999999999999996,0,0,0,0,0,0,
K16_R0.90_T1_H1_N3_S8008_HYBRID_EAGER_inprocess,8008,16,0.9,1,1,N3,0.75,20.0,,HYBRID_EAGER,inprocess,f9de56fb0adc5b907f0d9193cafc318003053573ff9cdc91a25974995fc16765,d377496b2439f7ddcdd7ae17a79fd3c9f417ed88cd652522796577662762171a,5.393,0,123,96,4,100,23,81.30081300813008,85.20408163265306,93.93939393939394,91.66666666666667,76.66666666666667,83.92857142857143,1593,15.93,0,0,0,0,12,0,0,0,0,0,5.6698,3.8751,12917,2593358,1154,228,105,0.41063529411764704,11,4.825507,0.27376100000000003,230,21.992,44.892,64.625,100,0.404,3.013,0,0,0,0,0,0,
K8_R0.75_T1_H1_N1_S8009_EDGE_MARKET_inprocess,8009,8,0.75,1,1,N1,0.98,3.0,,EDGE_MARKET,inprocess,4c766b9a4e9c24272a5a41dfe8455304ffe630485591f78d6d0049e6ecf9a628,9b402e8a03726e4d3878db94ee58f7f899a809bc107f34a69a5facf3d6dbd746,0.26,0,51,48,0,48,3,94.11764705882354,94.9367088607595,100.0,100.0,91.89189189189189,91.66666666666667,701,14.604166666666666,0,0,0,0,4,0,0,0,0,0,5.6522,3.8681,4255,1131364,75,44,10,0.013100436681222707,0,0.034392,0.148392,50,0.066,0.14400000000000002,0.501,425,0.449,3.233,0,14,0,0,0,0,
K8_R1.05_T1_H1_N1_S8009_STATIC_inprocess,8009,8,1.05,1,1,N1,0.98,3.0,,STATIC,inprocess,6f0bab2a2d446f832bd4ab47dacddeac590953438b23357517f8a2a8b07de0cc,a15e58722f823b3f9610a9e986ab2a99a4fee3cab4942551a6b2efbcd02d7d80,0.196,0,72,50,3,53,19,73.61111111111111,69.92481203007519,58.62068965517241,30.0,83.72093023255815,75.0,787,14.849056603773585,0,0,0,0,8,0,0,0,0,0,5.6472,3.8875,3882,1080463,83,44,6,0.004020369874028411,0,0.04036,0.084339,235,0.007,0.23900000000000002,0.628,0,0.0,0.0,0,1,0,0,0,0,
K8_R1.05_T1_H1_N1_S8009_PERIODIC_inprocess,8009,8,1.05,1,1,N1,0.98,3.0,,PERIODIC,inprocess,6f0bab2a2d446f832bd4ab47dacddeac590953438b23357517f8a2a8b07de0cc,0c7f94714bb352dcd35970811e8a3567d14e4536bf5eccdd82114fae2dd3055d,0.569,0,72,50,2,52,20,72.22222222222223,78.19548872180451,82.75862068965517,100.0,65.11627906976744,75.0,720,13.846153846153847,0,0,0,0,6,0,0,0,0,0,5.7727,3.8875,4527,1154202,98,52,2,0.008432087511394713,0,0.381413,0.09674800000000001,31,11.096,30.479,35.067,0,0.0,0.0,0,0,0,0,0,0,
K8_R1.05_T1_H1_N1_S8009_CENTRAL_inprocess,8009,8,1.05,1,1,N1,0.98,3.0,,CENTRAL,inprocess,6f0bab2a2d446f832bd4ab47dacddeac590953438b23357517f8a2a8b07de0cc,54e82ee584ed5308c158bc54713cf386039b6b065de44b9c4119c513b0d2b997,2.796,0,72,51,2,53,19,73.61111111111111,78.19548872180451,75.86206896551724,90.0,72.09302325581395,69.44444444444444,751,14.169811320754716,1,1,0,0,8,0,0,0,0,0,5.6728,3.8875,6484,1319854,138,64,6,0.03857613297788929,1,2.559104,0.120088,146,16.552999999999997,35.406,55.646,0,0.0,0.0,0,0,0,0,0,0,
K8_R1.05_T1_H1_N1_S8009_CENTRAL_FB_inprocess,8009,8,1.05,1,1,N1,0.98,3.0,,CENTRAL_FB,inprocess,6f0bab2a2d446f832bd4ab47dacddeac590953438b23357517f8a2a8b07de0cc,ad247e91998cb503e4ee7d63c82ddaf0541c2f46e75ea63deabb464492a23c2c,2.764,0,72,51,2,53,19,73.61111111111111,78.19548872180451,75.86206896551724,90.0,72.09302325581395,69.44444444444444,751,14.169811320754716,1,1,0,0,8,0,0,0,0,0,5.6728,3.8875,6484,1319854,138,64,6,0.03857613297788929,1,2.49431,0.11937799999999998,146,16.436,34.755,42.384,0,0.0,0.0,0,0,0,0,0,0,
K8_R1.05_T1_H1_N1_S8009_CENTRAL_FOG_inprocess,8009,8,1.05,1,1,N1,0.98,3.0,,CENTRAL_FOG,inprocess,6f0bab2a2d446f832bd4ab47dacddeac590953438b23357517f8a2a8b07de0cc,ae50f6c25529abe0c9f69d8541a44bd1c181f011c7eabc5d93d62e80ef415754,2.609,0,72,51,2,53,19,73.61111111111111,78.19548872180451,75.86206896551724,90.0,72.09302325581395,69.44444444444444,751,14.169811320754716,1,1,0,0,8,0,0,0,0,0,5.6728,3.8875,6484,1319854,138,64,6,0.03857613297788929,1,2.372428,0.119775,146,16.641,28.724,39.77,0,0.0,0.0,0,0,0,0,0,0,
K8_R1.05_T1_H1_N1_S8009_HYBRID_inprocess,8009,8,1.05,1,1,N1,0.98,3.0,,HYBRID,inprocess,6f0bab2a2d446f832bd4ab47dacddeac590953438b23357517f8a2a8b07de0cc,3b95bfc85ffe2d4cdd4381ae0cc551b8e58b20b84ff408a7e00b9b2d01696f16,2.638,0,72,51,2,53,19,73.61111111111111,78.19548872180451,75.86206896551724,90.0,72.09302325581395,69.44444444444444,751,14.169811320754716,1,1,0,0,8,0,0,0,0,0,5.6728,3.8875,6484,1319854,138,64,6,0.03857613297788929,1,2.379024,0.117353,146,16.062,32.245999999999995,47.297,0,0.0,0.0,0,0,0,0,0,0,
K8_R1.05_T1_H1_N1_S8009_EDGE_MARKET_inprocess,8009,8,1.05,1,1,N1,0.98,3.0,,EDGE_MARKET,inprocess,6f0bab2a2d446f832bd4ab47dacddeac590953438b23357517f8a2a8b07de0cc,b940bb8336a7e21c38389bb73f878d7457b6fcb5dbdbcf1a6208229e955baa32,0.356,0,72,51,3,54,18,75.0,77.44360902255639,75.86206896551724,100.0,74.4186046511628,75.0,702,13.0,0,0,0,0,7,0,0,0,0,0,5.6652,3.8875,5237,1356086,104,50,10,0.016842929886408148,0,0.03761,0.24417200000000003,162,0.067,0.16899999999999998,0.27599999999999997,1285,0.40700000000000003,2.56,0,36,0,0,0,0,
K4_R0.90_T1_H1_N1_S8009_STATIC_inprocess,8009,4,0.9,1,1,N1,0.98,3.0,,STATIC,inprocess,b4608c23038ea191e3920f9d9c3dc569d5f56e05dce2806fd31db8f3198c35ca,89f8481c299ade2fe774556000e450c53575684ef6d655ca28a2f6ff761dbb47,0.089,0,31,28,0,28,3,90.3225806451613,88.88888888888889,66.66666666666667,,96.0,84.21052631578948,351,12.535714285714286,0,0,0,0,4,0,0,0,0,0,5.6949,3.982,1933,566207,33,22,2,0.0021493820526598604,0,0.015973,0.042470999999999995,182,0.005,0.08,0.19,0,0.0,0.0,0,0,0,0,0,0,
K4_R0.90_T1_H1_N1_S8009_PERIODIC_inprocess,8009,4,0.9,1,1,N1,0.98,3.0,,PERIODIC,inprocess,b4608c23038ea191e3920f9d9c3dc569d5f56e05dce2806fd31db8f3198c35ca,5545230e50d3b6846b69e2390d16c1126a708e565773781b6e7ca625c046a14f,0.162,0,31,28,0,28,3,90.3225806451613,93.33333333333333,100.0,,88.0,94.73684210526316,371,13.25,0,0,0,0,4,0,0,0,0,0,5.6389,3.9344,2142,582163,38,23,3,0.007714561234329798,0,0.089613,0.041729,31,1.542,8.248,8.569,0,0.0,0.0,0,0,0,0,0,0,
K4_R0.90_T1_H1_N1_S8009_CENTRAL_inprocess,8009,4,0.9,1,1,N1,0.98,3.0,,CENTRAL,inprocess,b4608c23038ea191e3920f9d9c3dc569d5f56e05dce2806fd31db8f3198c35ca,b5027868a5f6056ee5445e687913e9e91355d907ae44211dcb182bc64ed6e808,0.379,0,31,28,0,28,3,90.3225806451613,91.11111111111111,83.33333333333333,,92.0,89.47368421052632,368,13.142857142857142,0,0,0,0,4,0,0,0,0,0,5.6998,3.9344,2456,608549,48,34,6,0.018456375838926176,2,0.265626,0.053798,70,2.404,10.485,13.0,0,0.0,0.0,0,0,0,0,0,0,
K4_R0.90_T1_H1_N1_S8009_CENTRAL_FB_inprocess,8009,4,0.9,1,1,N1,0.98,3.0,,CENTRAL_FB,inprocess,b4608c23038ea191e3920f9d9c3dc569d5f56e05dce2806fd31db8f3198c35ca,aeaabcb95acced23e36d867a5b25ce0337c09253cfc02d01eb0e95893ab27b49,0.375,0,31,28,0,28,3,90.3225806451613,91.11111111111111,83.33333333333333,,92.0,89.47368421052632,368,13.142857142857142,0,0,0,0,4,0,0,0,0,0,5.6998,3.9344,2456,608549,48,34,6,0.018456375838926176,2,0.274089,0.053319,70,2.404,11.832,14.644,0,0.0,0.0,0,0,0,0,0,0,
K4_R0.90_T1_H1_N1_S8009_CENTRAL_FOG_inprocess,8009,4,0.9,1,1,N1,0.98,3.0,,CENTRAL_FOG,inprocess,b4608c23038ea191e3920f9d9c3dc569d5f56e05dce2806fd31db8f3198c35ca,7d5430b0c9beb91dc1191385db929464e813a544cbc8faedbc22124185195340,0.353,0,31,28,0,28,3,90.3225806451613,91.11111111111111,83.33333333333333,,92.0,89.47368421052632,368,13.142857142857142,0,0,0,0,4,0,0,0,0,0,5.6998,3.9344,2456,608549,48,34,6,0.018456375838926176,2,0.259256,0.052189,70,2.442,9.917,12.465,0,0.0,0.0,0,0,0,0,0,0,
K4_R0.90_T1_H1_N1_S8009_HYBRID_inprocess,8009,4,0.9,1,1,N1,0.98,3.0,,HYBRID,inprocess,b4608c23038ea191e3920f9d9c3dc569d5f56e05dce2806fd31db8f3198c35ca,cf0315a0973cab14ef899e0d6faee739946c8803cf2a2181424b7f522037bf6f,0.341,0,31,28,0,28,3,90.3225806451613,91.11111111111111,83.33333333333333,,92.0,89.47368421052632,368,13.142857142857142,0,0,0,0,4,0,0,0,0,0,5.6998,3.9344,2456,608549,48,34,6,0.018456375838926176,2,0.246541,0.04663,70,2.1220000000000003,10.379,13.712,0,0.0,0.0,0,0,0,0,0,0,
K8_R1.05_T1_H1_N1_S8009_HYBRID_EAGER_inprocess,8009,8,1.05,1,1,N1,0.98,3.0,,HYBRID_EAGER,inprocess,6f0bab2a2d446f832bd4ab47dacddeac590953438b23357517f8a2a8b07de0cc,8560491ffa22fa2f1c5d3f97d40f305d78c85aa8c39ceb7866fd3ceb1ba4c434,2.713,0,72,52,3,55,17,76.38888888888889,78.94736842105263,72.41379310344827,80.0,79.06976744186046,77.77777777777777,770,14.0,0,0,0,0,8,0,0,0,0,0,5.6719,3.8875,6633,1362962,124,60,9,0.034953242373141194,0,2.448257,0.131607,152,14.854,30.543,43.046,18,0.11,2.78,0,0,0,0,0,0,
K4_R0.90_T1_H1_N1_S8009_EDGE_MARKET_inprocess,8009,4,0.9,1,1,N1,0.98,3.0,,EDGE_MARKET,inprocess,b4608c23038ea191e3920f9d9c3dc569d5f56e05dce2806fd31db8f3198c35ca,0e44d952643f0d500b7a3ad169ae32b3517a88f4afc828b40d20e26b1e2873d8,0.122,0,31,28,0,28,3,90.3225806451613,93.33333333333333,100.0,,88.0,89.47368421052632,328,11.714285714285714,0,0,0,0,4,0,0,0,0,0,5.7076,3.982,2068,591877,44,24,5,0.007042253521126761,0,0.016449,0.07213399999999999,44,0.043000000000000003,0.08,0.098,186,0.491,2.833,0,6,0,0,0,0,
K4_R0.90_T1_H1_N1_S8009_HYBRID_EAGER_inprocess,8009,4,0.9,1,1,N1,0.98,3.0,,HYBRID_EAGER,inprocess,b4608c23038ea191e3920f9d9c3dc569d5f56e05dce2806fd31db8f3198c35ca,19aec6601708162a0a73e47bb28e0b874dd54f8dade271b87cd56182e87bd487,0.28,0,31,27,0,27,4,87.09677419354838,88.88888888888889,83.33333333333333,,88.0,84.21052631578948,350,12.962962962962964,0,0,0,0,4,0,0,0,0,0,5.6594,3.9344,2400,602381,48,26,6,0.014617368873602751,1,0.199258,0.04746399999999999,66,1.849,7.837000000000001,14.985,6,0.017,0.017,0,0,0,0,0,0,
K16_R0.90_T1_H1_N1_S8009_STATIC_inprocess,8009,16,0.9,1,1,N1,0.98,3.0,,STATIC,inprocess,3af6550fdf8a4562c33fdcb5bfbfd27dfd32b23b07b4681b9c53c2ef8fc50e08,466f3c134abdb21808fd09c0f1b937dca1f4c45c82fa548a2883897e8f6f4902,0.51,0,123,102,4,106,17,86.17886178861788,83.50515463917526,82.75862068965517,66.66666666666667,87.23404255319149,84.61538461538461,1475,13.915094339622641,0,0,0,0,14,0,0,0,0,0,7.1271,3.8779,7735,2204244,163,72,7,0.0040551500405515,0,0.085656,0.23430800000000004,218,0.01,0.703,0.987,0,0.0,0.0,0,2,0,0,0,0,
K16_R0.90_T1_H1_N1_S8009_PERIODIC_inprocess,8009,16,0.9,1,1,N1,0.98,3.0,,PERIODIC,inprocess,3af6550fdf8a4562c33fdcb5bfbfd27dfd32b23b07b4681b9c53c2ef8fc50e08,8227dd5629303410df3e8ce45bf55bc0457f6902b11193b8098442bb5e4fcb2a,1.133,0,123,103,3,106,17,86.17886178861788,90.20618556701031,93.10344827586206,100.0,84.04255319148936,86.15384615384616,1676,15.81132075471698,0,0,0,0,14,0,0,0,0,0,7.1271,3.8779,8602,2275370,164,90,19,0.0077229395438638835,0,0.72144,0.207372,31,19.064,60.791,66.99900000000001,0,0.0,0.0,0,1,0,0,0,0,
K16_R0.90_T1_H1_N1_S8009_CENTRAL_inprocess,8009,16,0.9,1,1,N1,0.98,3.0,,CENTRAL,inprocess,3af6550fdf8a4562c33fdcb5bfbfd27dfd32b23b07b4681b9c53c2ef8fc50e08,e67478e574eb5b0f2307ea364588989d3bfcbf149949609cd4b6f0bcff4df02c,4.275,0,123,106,5,111,12,90.2439024390244,90.20618556701031,89.65517241379311,86.66666666666667,90.42553191489361,87.6923076923077,1558,14.036036036036036,0,0,0,0,14,0,0,0,0,0,5.6718,3.8779,12605,2647956,234,128,20,0.036955993192317044,2,3.80392,0.229948,166,19.868,47.477,72.64,0,0.0,0.0,0,0,0,0,0,0,
K16_R0.90_T1_H1_N1_S8009_CENTRAL_FB_inprocess,8009,16,0.9,1,1,N1,0.98,3.0,,CENTRAL_FB,inprocess,3af6550fdf8a4562c33fdcb5bfbfd27dfd32b23b07b4681b9c53c2ef8fc50e08,734cd712d0ac137575cf30fc77bfd67f297e5a16c15b370b6e5dd67de3f08a8a,4.471,0,123,106,5,111,12,90.2439024390244,90.20618556701031,89.65517241379311,86.66666666666667,90.42553191489361,87.6923076923077,1558,14.036036036036036,0,0,0,0,14,0,0,0,0,0,5.6718,3.8779,12605,2647956,234,128,20,0.036955993192317044,2,3.957599,0.236586,166,19.830000000000002,56.762,83.97200000000001,1,0.020999999999999998,0.020999999999999998,0,0,0,0,0,0,
K16_R0.90_T1_H1_N1_S8009_CENTRAL_FOG_inprocess,8009,16,0.9,1,1,N1,0.98,3.0,,CENTRAL_FOG,inprocess,3af6550fdf8a4562c33fdcb5bfbfd27dfd32b23b07b4681b9c53c2ef8fc50e08,acb9665677036e55f5e97e7e50a187500412394e8076ea94f112373137b44a02,4.21,0,123,106,5,111,12,90.2439024390244,90.20618556701031,89.65517241379311,86.66666666666667,90.42553191489361,87.6923076923077,1558,14.036036036036036,0,0,0,0,14,0,0,0,0,0,5.6718,3.8779,12605,2647956,234,128,20,0.036955993192317044,2,3.719302,0.23187000000000005,166,18.912000000000003,53.206,67.54599999999999,0,0.0,0.0,0,0,0,0,0,0,
K16_R0.90_T1_H1_N1_S8009_HYBRID_inprocess,8009,16,0.9,1,1,N1,0.98,3.0,,HYBRID,inprocess,3af6550fdf8a4562c33fdcb5bfbfd27dfd32b23b07b4681b9c53c2ef8fc50e08,89a7adad2796fc9a01e0ef219433c534d8370fbcadb6c3696363665c13fe8e27,4.247,0,123,106,5,111,12,90.2439024390244,90.20618556701031,89.65517241379311,86.66666666666667,90.42553191489361,87.6923076923077,1558,14.036036036036036,0,0,0,0,14,0,0,0,0,0,5.6718,3.8779,12605,2647956,234,128,20,0.036955993192317044,2,3.715286,0.229319,166,19.203000000000003,52.89,65.163,1,0.017,0.017,0,0,0,0,0,0,
K16_R0.90_T1_H1_N1_S8009_EDGE_MARKET_inprocess,8009,16,0.9,1,1,N1,0.98,3.0,,EDGE_MARKET,inprocess,3af6550fdf8a4562c33fdcb5bfbfd27dfd32b23b07b4681b9c53c2ef8fc50e08,d92b7ac842ea84aa49d2e18c2d758051a429a14c70e707650beb5b87db59172e,0.725,0,123,104,4,108,15,87.8048780487805,89.69072164948453,96.55172413793103,93.33333333333333,85.1063829787234,89.23076923076923,1498,13.87037037037037,0,0,0,0,12,0,0,0,0,0,5.6492,3.8779,9718,2578335,212,80,20,0.014471164077463291,0,0.069819,0.477335,137,0.115,0.3,4.312,1916,0.491,3.528,0,36,0,0,0,0,
K8_R0.75_T1_H1_N3_S8009_STATIC_inprocess,8009,8,0.75,1,1,N3,0.75,20.0,,STATIC,inprocess,8ff287f6460ce3d8dfadf3d73c785e5c29e62c53e945a6d410b6a2a65da6f41f,34ee9ce3348124484881879648f36bf7ddba5a160c20d7a53f13e258010dbc73,0.137,0,51,48,0,48,3,94.11764705882354,92.40506329113924,85.71428571428571,83.33333333333333,97.29729729729729,95.83333333333333,707,14.729166666666666,0,0,0,0,4,0,0,0,0,0,5.6522,3.887,3852,1046312,280,53,65,0.158983666061706,2,0.018069,0.068956,12,0.131,0.177,0.232,0,0.0,0.0,0,0,0,0,0,0,
K8_R0.75_T1_H1_N3_S8009_PERIODIC_inprocess,8009,8,0.75,1,1,N3,0.75,20.0,,PERIODIC,inprocess,8ff287f6460ce3d8dfadf3d73c785e5c29e62c53e945a6d410b6a2a65da6f41f,108950998488ac6b4ac955628a211f9acedb64c1a50e637154a6d90e1d113ddd,0.221,0,51,47,0,47,4,92.15686274509804,86.07594936708861,71.42857142857143,50.0,100.0,91.66666666666667,646,13.74468085106383,0,0,0,0,1,0,0,0,0,0,5.6135,3.887,4118,1066469,336,68,45,0.17878585723815876,5,0.096745,0.07327,31,1.119,9.233,14.645999999999999,0,0.0,0.0,0,0,0,0,0,0,
K8_R0.75_T1_H1_N3_S8009_CENTRAL_inprocess,8009,8,0.75,1,1,N3,0.75,20.0,,CENTRAL,inprocess,8ff287f6460ce3d8dfadf3d73c785e5c29e62c53e945a6d410b6a2a65da6f41f,41d72fd76c8ea5b89ffabf2f1ab6eaabf94cc244b5331f1f6e0102ab1e69c4ae,0.572,0,51,49,0,49,2,96.07843137254902,97.46835443037975,100.0,100.0,94.5945945945946,91.66666666666667,705,14.387755102040817,0,0,0,0,4,0,0,0,0,0,5.608,3.887,4993,1167656,424,75,59,0.268924813959456,4,0.380911,0.094218,119,2.0509999999999997,8.416,33.757000000000005,0,0.0,0.0,0,0,0,0,0,0,
K8_R0.75_T1_H1_N3_S8009_CENTRAL_FB_inprocess,8009,8,0.75,1,1,N3,0.75,20.0,,CENTRAL_FB,inprocess,8ff287f6460ce3d8dfadf3d73c785e5c29e62c53e945a6d410b6a2a65da6f41f,6ddfe3104fc0e2b4cc252111504a62c719d057ac308ad908b3fd6f1c8432f9f6,0.624,0,51,47,0,47,4,92.15686274509804,92.40506329113924,92.85714285714286,83.33333333333333,91.89189189189189,91.66666666666667,659,14.02127659574468,0,0,0,0,3,0,0,0,0,0,5.6541,3.887,5062,1170764,467,66,64,0.36635419305801875,5,0.460069,0.093383,126,1.889,13.131,26.488,31,0.016,0.034,0,0,0,0,0,0,
K16_R0.90_T1_H1_N1_S8009_HYBRID_EAGER_inprocess,8009,16,0.9,1,1,N1,0.98,3.0,,HYBRID_EAGER,inprocess,3af6550fdf8a4562c33fdcb5bfbfd27dfd32b23b07b4681b9c53c2ef8fc50e08,caf881949a4f23ce796f55e6d44e9db424370681cd5d0c088191221bcf0e77f4,3.618,0,123,105,3,108,15,87.8048780487805,87.62886597938144,86.20689655172414,80.0,88.29787234042553,84.61538461538461,1551,14.36111111111111,3,3,0,0,13,0,0,0,0,0,5.7613,3.8779,11755,2585358,218,118,13,0.02795680195087964,2,3.125951,0.253419,145,17.54,53.53,78.258,39,0.04,0.159,0,2,0,0,0,0,
K8_R0.75_T1_H1_N3_S8009_CENTRAL_FOG_inprocess,8009,8,0.75,1,1,N3,0.75,20.0,,CENTRAL_FOG,inprocess,8ff287f6460ce3d8dfadf3d73c785e5c29e62c53e945a6d410b6a2a65da6f41f,ce68af1d154a4e89dd676b014869b466491593978f7dcc68b9349333497d3fc5,0.61,0,51,49,0,49,2,96.07843137254902,97.46835443037975,100.0,100.0,94.5945945945946,91.66666666666667,705,14.387755102040817,0,0,0,0,4,0,0,0,0,0,5.608,3.887,4993,1167656,424,75,59,0.268924813959456,4,0.427324,0.10314799999999999,119,2.2729999999999997,8.966999999999999,21.297,0,0.0,0.0,0,0,0,0,0,0,
K8_R0.75_T1_H1_N3_S8009_HYBRID_inprocess,8009,8,0.75,1,1,N3,0.75,20.0,,HYBRID,inprocess,8ff287f6460ce3d8dfadf3d73c785e5c29e62c53e945a6d410b6a2a65da6f41f,649ca56b0f071b1d3f3290a1e2e04e8c669e3e645c0afd5005873e77512cd02b,0.592,0,51,47,0,47,4,92.15686274509804,92.40506329113924,92.85714285714286,83.33333333333333,91.89189189189189,91.66666666666667,659,14.02127659574468,0,0,0,0,3,0,0,0,0,0,5.6541,3.887,5062,1170764,467,66,64,0.36635419305801875,5,0.417768,0.10110899999999999,126,2.251,9.812,17.340999999999998,31,0.026,0.043000000000000003,0,0,0,0,0,0,
K8_R0.75_T1_H1_N3_S8009_HYBRID_EAGER_inprocess,8009,8,0.75,1,1,N3,0.75,20.0,,HYBRID_EAGER,inprocess,8ff287f6460ce3d8dfadf3d73c785e5c29e62c53e945a6d410b6a2a65da6f41f,3faf03d4bc23858e9f9414e6028f872b2778b5973d9dc1449bb0588f7e479345,0.605,0,51,46,0,46,5,90.19607843137256,91.13924050632912,92.85714285714286,83.33333333333333,89.1891891891892,87.5,674,14.652173913043478,0,0,0,0,3,0,0,0,0,0,5.6533,3.887,4961,1163474,408,64,48,0.2936936936936937,4,0.424392,0.10221400000000001,114,2.235,11.697000000000001,18.371,43,0.038,0.047,0,0,0,0,0,0,
K8_R0.75_T1_H1_N3_S8009_EDGE_MARKET_inprocess,8009,8,0.75,1,1,N3,0.75,20.0,,EDGE_MARKET,inprocess,8ff287f6460ce3d8dfadf3d73c785e5c29e62c53e945a6d410b6a2a65da6f41f,7db6e08d9446e00170403d54b7b212038fad0b8b0109cb9c004e2f70e8d168e5,0.216,0,51,46,0,46,5,90.19607843137256,88.60759493670886,85.71428571428571,83.33333333333333,91.89189189189189,87.5,754,16.391304347826086,0,0,0,0,4,0,0,0,0,0,5.6522,3.887,4122,1110291,328,48,48,0.2283909574468085,3,0.024421,0.13038,51,0.051,0.115,0.14300000000000002,357,0.47100000000000003,2.779,0,11,0,0,0,0,
K8_R1.05_T1_H1_N3_S8009_STATIC_inprocess,8009,8,1.05,1,1,N3,0.75,20.0,,STATIC,inprocess,707fcff9608afd5904c7e2168570a5132af8a526f6b64b514d7ea1dd8b13e4db,e701c4cce0de01bddfd844c968b8a5b49e62a3c5cba466a5b9912abf837c2fd1,0.184,0,72,48,3,51,21,70.83333333333333,65.41353383458646,51.724137931034484,10.0,83.72093023255815,72.22222222222223,760,14.901960784313726,0,0,0,0,8,0,0,0,0,0,5.67,3.9234,3879,1081712,300,50,50,0.2559739319333816,3,0.034368,0.08703899999999999,252,0.008,0.196,0.342,0,0.0,0.0,0,1,0,0,0,0,
K8_R1.05_T1_H1_N3_S8009_PERIODIC_inprocess,8009,8,1.05,1,1,N3,0.75,20.0,,PERIODIC,inprocess,707fcff9608afd5904c7e2168570a5132af8a526f6b64b514d7ea1dd8b13e4db,f55d5edf1381439e3e08d3b0ae0c93ea9dff88c06588318b1fd168bddeedbd02,0.492,0,72,50,2,52,20,72.22222222222223,76.69172932330827,68.96551724137932,90.0,74.4186046511628,72.22222222222223,696,13.384615384615385,0,0,0,0,6,0,0,0,0,0,5.6689,3.9234,4390,1133467,358,66,50,0.19565881993274228,3,0.320133,0.098883,31,9.416,24.514,35.332,0,0.0,0.0,0,0,0,0,0,0,
K8_R1.05_T1_H1_N3_S8009_CENTRAL_inprocess,8009,8,1.05,1,1,N3,0.75,20.0,,CENTRAL,inprocess,707fcff9608afd5904c7e2168570a5132af8a526f6b64b514d7ea1dd8b13e4db,91b6a6b247d94246b60dcadd54086a3ccbdb07255c47d53d989c8e9673df0879,1.829,0,72,50,2,52,20,72.22222222222223,76.69172932330827,75.86206896551724,90.0,69.76744186046511,77.77777777777777,732,14.076923076923077,0,0,0,0,7,0,0,0,0,0,5.6515,3.9208,6062,1263221,508,84,59,0.2903225806451613,5,1.615842,0.10586200000000001,153,9.894,22.113,36.757999999999996,0,0.0,0.0,0,0,0,0,0,0,
K8_R1.05_T1_H1_N3_S8009_CENTRAL_FB_inprocess,8009,8,1.05,1,1,N3,0.75,20.0,,CENTRAL_FB,inprocess,707fcff9608afd5904c7e2168570a5132af8a526f6b64b514d7ea1dd8b13e4db,2fa10c6847027ff253325332372169f59b75b41b0deed32e996ba501165d5d26,1.983,0,72,50,2,52,20,72.22222222222223,76.69172932330827,75.86206896551724,90.0,69.76744186046511,77.77777777777777,732,14.076923076923077,0,0,0,0,7,0,0,0,0,0,5.6515,3.9208,6062,1263221,508,84,59,0.2903225806451613,5,1.747376,0.12163799999999998,153,11.34,21.862,27.480999999999998,33,0.09000000000000001,0.479,0,0,0,0,0,0,
K8_R1.05_T1_H1_N3_S8009_CENTRAL_FOG_inprocess,8009,8,1.05,1,1,N3,0.75,20.0,,CENTRAL_FOG,inprocess,707fcff9608afd5904c7e2168570a5132af8a526f6b64b514d7ea1dd8b13e4db,0306e01b5bb1a730455ee1b8f8494e77f74fab96113c76b908a772616e18c7ef,1.933,0,72,50,2,52,20,72.22222222222223,76.69172932330827,75.86206896551724,90.0,69.76744186046511,77.77777777777777,732,14.076923076923077,0,0,0,0,7,0,0,0,0,0,5.6515,3.9208,6062,1263221,508,84,59,0.2903225806451613,5,1.698387,0.11235300000000001,153,11.31,22.488,29.436,0,0.0,0.0,0,0,0,0,0,0,
K8_R1.05_T1_H1_N3_S8009_HYBRID_inprocess,8009,8,1.05,1,1,N3,0.75,20.0,,HYBRID,inprocess,707fcff9608afd5904c7e2168570a5132af8a526f6b64b514d7ea1dd8b13e4db,4066f972ce642f53c051f9acc684c53b9aa7cd4185376c98ea08c87542bf9f80,1.924,0,72,50,2,52,20,72.22222222222223,76.69172932330827,75.86206896551724,90.0,69.76744186046511,77.77777777777777,732,14.076923076923077,0,0,0,0,7,0,0,0,0,0,5.6515,3.9208,6062,1263221,508,84,59,0.2903225806451613,5,1.709944,0.112242,153,10.649000000000001,22.396,37.186,33,0.114,0.444,0,0,0,0,0,0,
K8_R1.05_T1_H1_N3_S8009_EDGE_MARKET_inprocess,8009,8,1.05,1,1,N3,0.75,20.0,,EDGE_MARKET,inprocess,707fcff9608afd5904c7e2168570a5132af8a526f6b64b514d7ea1dd8b13e4db,3e21a1e6df1fa0e30a92d45e1a2809864d3b74c9d0ab6455c970e144d39919b4,0.409,0,72,46,3,49,23,68.05555555555556,69.17293233082707,62.06896551724138,70.0,72.09302325581395,72.22222222222223,723,14.755102040816327,0,0,0,0,6,0,0,0,0,0,5.6308,3.9208,5056,1338770,425,88,50,0.2742340532395781,4,0.035826,0.281236,149,0.06499999999999999,0.205,0.412,1169,0.502,3.126,0,36,0,0,0,0,
K4_R0.90_T1_H1_N3_S8009_STATIC_inprocess,8009,4,0.9,1,1,N3,0.75,20.0,,STATIC,inprocess,8b457abe081d27eeab7b819581539c481ba1ac2d9379777dc89790b1c719bf9b,bdfe8427dd684de4802b3c3b65ace3758482a13e93c18614001ac3d5b08780cc,0.091,0,31,28,0,28,3,90.3225806451613,88.88888888888889,66.66666666666667,,96.0,84.21052631578948,351,12.535714285714286,0,0,0,0,4,0,0,0,0,0,5.6949,3.982,1933,566183,122,28,47,0.11727912431587177,1,0.013785,0.045888,197,0.005,0.064,0.18100000000000002,0,0.0,0.0,0,0,0,0,0,0,
K4_R0.90_T1_H1_N3_S8009_PERIODIC_inprocess,8009,4,0.9,1,1,N3,0.75,20.0,,PERIODIC,inprocess,8b457abe081d27eeab7b819581539c481ba1ac2d9379777dc89790b1c719bf9b,d88516338ac5a2ad6639e12807a2820dafa41449dd869f4bfd5848e0d2f32d86,0.171,0,31,28,0,28,3,90.3225806451613,93.33333333333333,100.0,,88.0,94.73684210526316,354,12.642857142857142,0,0,0,0,4,0,0,0,0,0,5.6502,3.9344,2080,574722,163,33,50,0.18972895863052783,0,0.088874,0.04791000000000001,31,1.441,9.103,11.554,0,0.0,0.0,0,0,0,0,0,0,
K4_R0.90_T1_H1_N3_S8009_CENTRAL_inprocess,8009,4,0.9,1,1,N3,0.75,20.0,,CENTRAL,inprocess,8b457abe081d27eeab7b819581539c481ba1ac2d9379777dc89790b1c719bf9b,5dac5bd2ac06bda2816996010584fe446d3234281750c3c0bf7d5a33d0c9f188,0.319,0,31,28,0,28,3,90.3225806451613,91.11111111111111,100.0,,88.0,89.47368421052632,334,11.928571428571429,0,0,0,0,3,0,0,0,0,0,5.6998,3.9344,2322,594539,186,29,38,0.17654171704957677,0,0.232111,0.048056,76,2.1020000000000003,8.677000000000001,12.4,0,0.0,0.0,0,0,0,0,0,0,
K4_R0.90_T1_H1_N3_S8009_CENTRAL_FB_inprocess,8009,4,0.9,1,1,N3,0.75,20.0,,CENTRAL_FB,inprocess,8b457abe081d27eeab7b819581539c481ba1ac2d9379777dc89790b1c719bf9b,80a0226060250831a85960ff76790c7186222f59ae9db4c2b9b75994f561cfef,0.304,0,31,28,0,28,3,90.3225806451613,91.11111111111111,100.0,,88.0,89.47368421052632,334,11.928571428571429,0,0,0,0,3,0,0,0,0,0,5.6998,3.9344,2322,594539,186,29,38,0.17654171704957677,0,0.213927,0.049923999999999996,76,2.0509999999999997,8.013,12.153,24,0.033,2.543,0,0,0,0,0,0,
K8_R1.05_T1_H1_N3_S8009_HYBRID_EAGER_inprocess,8009,8,1.05,1,1,N3,0.75,20.0,,HYBRID_EAGER,inprocess,707fcff9608afd5904c7e2168570a5132af8a526f6b64b514d7ea1dd8b13e4db,1cb44c564ee5e4312e96b20fe651716e942f651338176c71f6016a0039851f76,2.05,0,72,50,2,52,20,72.22222222222223,76.69172932330827,75.86206896551724,90.0,69.76744186046511,77.77777777777777,732,14.076923076923077,0,0,0,0,7,0,0,0,0,0,5.6515,3.9208,6062,1262947,508,84,59,0.2903225806451613,5,1.782846,0.13073200000000001,153,10.898,22.959,40.483,47,0.11,2.885,0,0,0,0,0,0,
K4_R0.90_T1_H1_N3_S8009_CENTRAL_FOG_inprocess,8009,4,0.9,1,1,N3,0.75,20.0,,CENTRAL_FOG,inprocess,8b457abe081d27eeab7b819581539c481ba1ac2d9379777dc89790b1c719bf9b,a82b90b78610d29587f4736f58d51a854ac2f216ca5026711e9a7f5a2a9f080f,0.323,0,31,28,0,28,3,90.3225806451613,91.11111111111111,100.0,,88.0,89.47368421052632,334,11.928571428571429,0,0,0,0,3,0,0,0,0,0,5.6998,3.9344,2322,594539,186,29,38,0.17654171704957677,0,0.236899,0.050143999999999994,76,2.1310000000000002,8.652,12.934,0,0.0,0.0,0,0,0,0,0,0,
K4_R0.90_T1_H1_N3_S8009_HYBRID_inprocess,8009,4,0.9,1,1,N3,0.75,20.0,,HYBRID,inprocess,8b457abe081d27eeab7b819581539c481ba1ac2d9379777dc89790b1c719bf9b,0314cdcada4d5e7a8d05147b4b7bd7a08c5cc52bb377722a69126ef4937c70f0,0.355,0,31,28,0,28,3,90.3225806451613,91.11111111111111,100.0,,88.0,89.47368421052632,334,11.928571428571429,0,0,0,0,3,0,0,0,0,0,5.6998,3.9344,2322,594539,186,29,38,0.17654171704957677,0,0.247086,0.057583,76,2.354,9.804,12.347999999999999,24,0.043000000000000003,2.878,0,0,0,0,0,0,
K4_R0.90_T1_H1_N3_S8009_HYBRID_EAGER_inprocess,8009,4,0.9,1,1,N3,0.75,20.0,,HYBRID_EAGER,inprocess,8b457abe081d27eeab7b819581539c481ba1ac2d9379777dc89790b1c719bf9b,43225cebd51e51dc64d0d6330714fe1a9a379ef56b3a3fb76ba12b6e00970d3e,0.339,0,31,28,0,28,3,90.3225806451613,91.11111111111111,100.0,,88.0,89.47368421052632,334,11.928571428571429,0,0,0,0,3,0,0,0,0,0,5.6998,3.9344,2322,594452,186,29,38,0.17654171704957677,0,0.240674,0.05596999999999999,76,2.235,8.616,12.588999999999999,32,0.438,2.868,0,0,0,0,0,0,
K4_R0.90_T1_H1_N3_S8009_EDGE_MARKET_inprocess,8009,4,0.9,1,1,N3,0.75,20.0,,EDGE_MARKET,inprocess,8b457abe081d27eeab7b819581539c481ba1ac2d9379777dc89790b1c719bf9b,e6127893d7efc87f167ba5e8b0ccd70999c66ec1720aa9c98d3c2d3d603a9938,0.131,0,31,28,0,28,3,90.3225806451613,93.33333333333333,100.0,,88.0,89.47368421052632,375,13.392857142857142,0,0,0,0,4,0,0,0,0,0,5.6918,3.982,2022,579002,159,30,48,0.14592592592592593,2,0.01302,0.075062,43,0.029,0.052,0.067,146,0.578,3.1,0,4,0,0,0,0,
K16_R0.90_T1_H1_N3_S8009_STATIC_inprocess,8009,16,0.9,1,1,N3,0.75,20.0,,STATIC,inprocess,ed656cd1bec6986d38fe42edbef9ad0475d84de6ca38bbf5f279c5c7f3ead261,a7e03578daae7c605193b70573e56e58438ca349668cb3b8b7c150011bd32f24,0.397,0,123,99,4,103,20,83.73983739837398,79.38144329896907,68.96551724137932,60.0,88.29787234042553,84.61538461538461,1481,14.37864077669903,0,0,0,0,14,0,0,0,0,0,5.6377,3.8779,7729,2177311,600,110,76,0.25985401459854013,7,0.051528,0.169493,149,0.008,0.404,0.597,0,0.0,0.0,0,3,0,0,0,0,
K16_R0.90_T1_H1_N3_S8009_PERIODIC_inprocess,8009,16,0.9,1,1,N3,0.75,20.0,,PERIODIC,inprocess,ed656cd1bec6986d38fe42edbef9ad0475d84de6ca38bbf5f279c5c7f3ead261,e50736eb3cef5ab131b80dd679fb9c64f0362a15ca8a6da1141a1cb64ccb9283,0.972,0,123,100,4,104,19,84.55284552845528,85.56701030927834,82.75862068965517,86.66666666666667,85.1063829787234,84.61538461538461,1655,15.913461538461538,0,0,0,0,12,0,0,0,0,0,6.0591,3.8779,8495,2260178,698,142,63,0.2671780121444551,10,0.556407,0.20950499999999997,31,14.854,42.876999999999995,58.656,0,0.0,0.0,0,3,0,0,0,0,
K16_R0.90_T1_H1_N3_S8009_CENTRAL_inprocess,8009,16,0.9,1,1,N3,0.75,20.0,,CENTRAL,inprocess,ed656cd1bec6986d38fe42edbef9ad0475d84de6ca38bbf5f279c5c7f3ead261,6dd0d891a8ad5596bdf15ef1fe15f85ef3428e1608266d08faa53f0e22d83066,4.469,0,123,103,4,107,16,86.99186991869918,89.17525773195877,89.65517241379311,93.33333333333333,86.17021276595744,83.07692307692308,1479,13.822429906542055,0,0,0,0,13,0,0,0,0,0,5.6477,3.8779,13031,2662381,1181,222,85,0.3274800036774846,10,3.959859,0.269003,212,17.538999999999998,42.183,64.751,0,0.0,0.0,0,0,0,0,0,0,
K16_R0.90_T1_H1_N3_S8009_CENTRAL_FB_inprocess,8009,16,0.9,1,1,N3,0.75,20.0,,CENTRAL_FB,inprocess,ed656cd1bec6986d38fe42edbef9ad0475d84de6ca38bbf5f279c5c7f3ead261,33f2c52bce4ed821ee98e8be117e22e500e8b4651ef936f028a9dad556c96137,4.529,0,123,100,4,104,19,84.55284552845528,86.5979381443299,93.10344827586206,93.33333333333333,81.91489361702128,80.0,1603,15.413461538461538,0,0,0,0,13,0,0,0,0,0,5.6577,3.8779,12684,2626016,1111,228,86,0.36188943581976524,11,4.022769,0.239801,206,16.96,46.613,83.258,66,0.107,0.421,0,1,0,0,0,0,
K16_R0.90_T1_H1_N3_S8009_CENTRAL_FOG_inprocess,8009,16,0.9,1,1,N3,0.75,20.0,,CENTRAL_FOG,inprocess,ed656cd1bec6986d38fe42edbef9ad0475d84de6ca38bbf5f279c5c7f3ead261,3b816ed2f69449c018847a6e2331c6ba303f525fe55db6afa6ce5a9c457392d2,4.762,0,123,103,4,107,16,86.99186991869918,89.17525773195877,89.65517241379311,93.33333333333333,86.17021276595744,83.07692307692308,1479,13.822429906542055,0,0,0,0,13,0,0,0,0,0,5.6477,3.8779,13031,2662381,1181,222,85,0.3274800036774846,10,4.255751,0.262976,212,17.644,49.286,65.982,0,0.0,0.0,0,0,0,0,0,0,
K16_R0.90_T1_H1_N3_S8009_HYBRID_inprocess,8009,16,0.9,1,1,N3,0.75,20.0,,HYBRID,inprocess,ed656cd1bec6986d38fe42edbef9ad0475d84de6ca38bbf5f279c5c7f3ead261,38d08bb3f8867e67c7c9331fdc5dca8f60595ac983190426c0d5d7a8a12ebf56,4.475,0,123,100,4,104,19,84.55284552845528,86.5979381443299,93.10344827586206,93.33333333333333,81.91489361702128,80.0,1603,15.413461538461538,0,0,0,0,13,0,0,0,0,0,5.6577,3.8779,12684,2626016,1111,228,86,0.36188943581976524,11,3.951339,0.251859,206,19.425,41.288,62.29,66,0.085,0.579,0,1,0,0,0,0,
K16_R0.90_T1_H1_N3_S8009_EDGE_MARKET_inprocess,8009,16,0.9,1,1,N3,0.75,20.0,,EDGE_MARKET,inprocess,ed656cd1bec6986d38fe42edbef9ad0475d84de6ca38bbf5f279c5c7f3ead261,aa7401e62cb8f2e8a9abe35a4f7da1e68a567f7d82b5a0146c7c16b0e5e9ea34,0.749,0,123,97,4,101,22,82.11382113821138,85.05154639175258,86.20689655172414,86.66666666666667,80.85106382978724,83.07692307692308,1567,15.514851485148515,0,0,0,0,12,0,0,0,0,0,5.6492,3.8779,9666,2622394,801,141,85,0.3412112259970458,10,0.065939,0.49510099999999996,148,0.116,0.365,0.504,2006,0.477,9.854,0,35,0,0,0,0,
K8_R0.75_T1_H1_N1_S8010_STATIC_inprocess,8010,8,0.75,1,1,N1,0.98,3.0,,STATIC,inprocess,81cbd955bdb2efe1b10c6ff8936a4b4cc418c383fd075000dda7976e250313a8,ed50eb38e557c3121c6e51ed9491ec1522546e60447d11905d573f0a82b53cdd,0.155,0,51,48,1,49,2,96.07843137254902,96.20253164556962,92.3076923076923,100.0,97.36842105263158,92.85714285714286,624,12.73469387755102,0,0,0,0,3,0,0,0,0,0,5.6353,3.9061,3851,1068745,65,33,1,0.0013426423200859291,0,0.023493,0.073326,21,0.129,0.23,0.255,0,0.0,0.0,0,1,0,0,0,0,
K8_R0.75_T1_H1_N1_S8010_PERIODIC_inprocess,8010,8,0.75,1,1,N1,0.98,3.0,,PERIODIC,inprocess,81cbd955bdb2efe1b10c6ff8936a4b4cc418c383fd075000dda7976e250313a8,c232361f7d419fdc86e3db372ca073b095c7ec1422836671700458058d6f49f7,0.381,0,51,50,1,51,0,100.0,100.0,100.0,100.0,100.0,100.0,646,12.666666666666666,0,0,0,0,5,0,0,0,0,0,5.6266,3.9061,4157,1111155,91,37,12,0.009231536926147704,0,0.195425,0.10638500000000001,31,1.942,20.836000000000002,24.0,0,0.0,0.0,0,1,0,0,0,0,
K8_R0.75_T1_H1_N1_S8010_CENTRAL_inprocess,8010,8,0.75,1,1,N1,0.98,3.0,,CENTRAL,inprocess,81cbd955bdb2efe1b10c6ff8936a4b4cc418c383fd075000dda7976e250313a8,a4cbf0e70701446d7d033019bbcfaed06b2caf5885d8c85b983e008d34deb062,0.668,0,51,50,1,51,0,100.0,100.0,100.0,100.0,100.0,100.0,644,12.627450980392156,0,0,0,0,3,0,0,0,0,0,5.6385,3.9061,4625,1131810,98,42,5,0.006699419383653417,0,0.475827,0.10217299999999999,80,3.9189999999999996,17.643,25.023,0,0.0,0.0,0,0,0,0,0,0,
K8_R0.75_T1_H1_N1_S8010_CENTRAL_FB_inprocess,8010,8,0.75,1,1,N1,0.98,3.0,,CENTRAL_FB,inprocess,81cbd955bdb2efe1b10c6ff8936a4b4cc418c383fd075000dda7976e250313a8,82aa05939b1e2e1ddf1ffa7cdf246a1deb2a6252a9bfebfcc63173800ce38701,0.617,0,51,50,1,51,0,100.0,100.0,100.0,100.0,100.0,100.0,644,12.627450980392156,0,0,0,0,3,0,0,0,0,0,5.6385,3.9061,4625,1131810,98,42,5,0.006699419383653417,0,0.453008,0.092224,80,3.479,16.538,29.142999999999997,2,0.018000000000000002,0.018000000000000002,0,0,0,0,0,0,
K8_R0.75_T1_H1_N1_S8010_CENTRAL_FOG_inprocess,8010,8,0.75,1,1,N1,0.98,3.0,,CENTRAL_FOG,inprocess,81cbd955bdb2efe1b10c6ff8936a4b4cc418c383fd075000dda7976e250313a8,84cc04ffd3c22f63b91bcca9f85765f2d624849061088371713ce4fd5f828878,0.538,0,51,50,1,51,0,100.0,100.0,100.0,100.0,100.0,100.0,644,12.627450980392156,0,0,0,0,3,0,0,0,0,0,5.6385,3.9061,4625,1131810,98,42,5,0.006699419383653417,0,0.389408,0.08193399999999999,80,3.164,16.586,21.525,0,0.0,0.0,0,0,0,0,0,0,
K8_R0.75_T1_H1_N1_S8010_HYBRID_inprocess,8010,8,0.75,1,1,N1,0.98,3.0,,HYBRID,inprocess,81cbd955bdb2efe1b10c6ff8936a4b4cc418c383fd075000dda7976e250313a8,07366054e799953c47dfbc507d7a42cbd8cdb083e115e66026e3a46b9a71b7c5,0.553,0,51,50,1,51,0,100.0,100.0,100.0,100.0,100.0,100.0,644,12.627450980392156,0,0,0,0,3,0,0,0,0,0,5.6385,3.9061,4625,1131810,98,42,5,0.006699419383653417,0,0.391947,0.08336,80,4.009,12.654,21.564,2,0.017,0.017,0,0,0,0,0,0,
K16_R0.90_T1_H1_N3_S8009_HYBRID_EAGER_inprocess,8009,16,0.9,1,1,N3,0.75,20.0,,HYBRID_EAGER,inprocess,ed656cd1bec6986d38fe42edbef9ad0475d84de6ca38bbf5f279c5c7f3ead261,62714678dac20c14323ae7f1d2ff9eaaa758b17b3ed31c8acc15307093ee171a,4.763,0,123,100,4,104,19,84.55284552845528,86.08247422680412,93.10344827586206,86.66666666666667,81.91489361702128,80.0,1592,15.307692307692308,0,0,0,0,11,1,1,0,6,4,8.3237,3.8779,12571,2615561,1129,230,64,0.34901132655020156,11,4.201932,0.27537,200,19.949,48.643,72.578,100,0.052,0.47300000000000003,0,2,0,0,0,0,
K8_R0.75_T1_H1_N1_S8010_EDGE_MARKET_inprocess,8010,8,0.75,1,1,N1,0.98,3.0,,EDGE_MARKET,inprocess,81cbd955bdb2efe1b10c6ff8936a4b4cc418c383fd075000dda7976e250313a8,9d9b43222a78d48305580e340fb20a4614283358707333466da33bd33e7d8e0c,0.234,0,51,49,1,50,1,98.03921568627452,98.73417721518987,100.0,100.0,97.36842105263158,96.42857142857143,742,14.84,0,0,0,0,4,0,0,0,0,0,5.6168,3.9061,4088,1126678,77,36,6,0.004302708175145533,0,0.029521,0.140116,34,0.026,0.083,0.122,304,0.504,2.955,0,4,0,0,0,0,
K8_R0.75_T1_H1_N1_S8010_HYBRID_EAGER_inprocess,8010,8,0.75,1,1,N1,0.98,3.0,,HYBRID_EAGER,inprocess,81cbd955bdb2efe1b10c6ff8936a4b4cc418c383fd075000dda7976e250313a8,f226547a9df76a3a0c7bd16ede854d5699f05896e4bdb1c3e3a9c06708453958,0.623,0,51,50,1,51,0,100.0,100.0,100.0,100.0,100.0,100.0,644,12.627450980392156,0,0,0,0,3,0,0,0,0,0,5.6385,3.9061,4625,1131810,98,42,5,0.006699419383653417,0,0.461044,0.092748,80,3.366,15.617,25.645999999999997,10,0.027,0.027,0,0,0,0,0,0,
K8_R1.05_T1_H1_N1_S8010_STATIC_inprocess,8010,8,1.05,1,1,N1,0.98,3.0,,STATIC,inprocess,2e70e6f3b8bd2a235785f364dc29ec05b24264eaac63632c3c315c50edecf413,fda599b9271887ab0af527743535b9c731a873b5ef72e456a5553b3d0129c577,0.217,0,72,56,1,57,15,79.16666666666667,70.94017094017094,50.0,16.666666666666668,92.0,82.3529411764706,729,12.789473684210526,0,0,0,0,8,0,0,0,0,0,5.6564,3.8788,3881,1133856,72,31,1,0.0018671645772205922,0,0.044687,0.098178,258,0.008,0.268,0.527,0,0.0,0.0,0,2,0,0,0,0,
K8_R1.05_T1_H1_N1_S8010_PERIODIC_inprocess,8010,8,1.05,1,1,N1,0.98,3.0,,PERIODIC,inprocess,2e70e6f3b8bd2a235785f364dc29ec05b24264eaac63632c3c315c50edecf413,fa8be341c84b8ede98bcea677d59930409c6febcbda27c6730ef3b6df4140a73,0.522,0,72,58,2,60,12,83.33333333333333,88.03418803418803,90.9090909090909,100.0,80.0,85.29411764705883,706,11.766666666666667,0,0,0,0,7,0,0,0,0,0,5.6799,3.8788,4483,1174814,75,41,9,0.012144821264894592,0,0.330494,0.09759600000000002,31,7.861,26.539,28.257,0,0.0,0.0,0,2,0,0,0,0,
K8_R1.05_T1_H1_N1_S8010_CENTRAL_inprocess,8010,8,1.05,1,1,N1,0.98,3.0,,CENTRAL,inprocess,2e70e6f3b8bd2a235785f364dc29ec05b24264eaac63632c3c315c50edecf413,13414de5a56d3f9df054d89f1f947a86d97fd21fc25028d42ea6cccb731ea995,1.99,0,72,57,2,59,13,81.94444444444444,82.90598290598291,81.81818181818181,66.66666666666667,82.0,88.23529411764706,716,12.135593220338983,0,0,0,0,8,0,0,0,0,0,5.6545,3.8788,6020,1325698,116,55,17,0.02677058624195188,0,1.783875,0.11707699999999999,123,10.84,34.389,45.723,0,0.0,0.0,0,0,0,0,0,0,
K8_R1.05_T1_H1_N1_S8010_CENTRAL_FB_inprocess,8010,8,1.05,1,1,N1,0.98,3.0,,CENTRAL_FB,inprocess,2e70e6f3b8bd2a235785f364dc29ec05b24264eaac63632c3c315c50edecf413,2ef2921ecfdd5d21b39a70e33d2b82f9bbafae69093c89c3bc40839306165ca0,2.068,0,72,57,2,59,13,81.94444444444444,82.90598290598291,81.81818181818181,66.66666666666667,82.0,88.23529411764706,716,12.135593220338983,0,0,0,0,8,0,0,0,0,0,5.6545,3.8788,6020,1325698,116,55,17,0.02677058624195188,0,1.773408,0.125067,123,12.333,32.723,40.25,0,0.0,0.0,0,0,0,0,0,0,
K8_R1.05_T1_H1_N1_S8010_CENTRAL_FOG_inprocess,8010,8,1.05,1,1,N1,0.98,3.0,,CENTRAL_FOG,inprocess,2e70e6f3b8bd2a235785f364dc29ec05b24264eaac63632c3c315c50edecf413,4269a3619b7fc6ca88665c7eda07d4112b0e9953c0b648398d77d91f5a2349ef,1.856,0,72,57,2,59,13,81.94444444444444,82.90598290598291,81.81818181818181,66.66666666666667,82.0,88.23529411764706,716,12.135593220338983,0,0,0,0,8,0,0,0,0,0,5.6545,3.8788,6020,1325698,116,55,17,0.02677058624195188,0,1.625775,0.11248100000000001,123,11.309,29.541999999999998,39.932,0,0.0,0.0,0,0,0,0,0,0,
K8_R1.05_T1_H1_N1_S8010_HYBRID_inprocess,8010,8,1.05,1,1,N1,0.98,3.0,,HYBRID,inprocess,2e70e6f3b8bd2a235785f364dc29ec05b24264eaac63632c3c315c50edecf413,677557fcc39c24c8fd3a02dbaf68831d10e4b71ec73b9a59d85d774cd08c0ca8,1.773,0,72,57,2,59,13,81.94444444444444,82.90598290598291,81.81818181818181,66.66666666666667,82.0,88.23529411764706,716,12.135593220338983,0,0,0,0,8,0,0,0,0,0,5.6545,3.8788,6020,1325698,116,55,17,0.02677058624195188,0,1.539095,0.103497,123,9.462,31.235,47.544999999999995,0,0.0,0.0,0,0,0,0,0,0,
K8_R1.05_T1_H1_N1_S8010_EDGE_MARKET_inprocess,8010,8,1.05,1,1,N1,0.98,3.0,,EDGE_MARKET,inprocess,2e70e6f3b8bd2a235785f364dc29ec05b24264eaac63632c3c315c50edecf413,4a1ecae9a815ca18dba3fb2e9a7bc19664e068cb02ed2a48cbfa077fc6d7a898,0.348,0,72,58,2,60,12,83.33333333333333,84.61538461538461,81.81818181818181,66.66666666666667,84.0,85.29411764705883,700,11.666666666666666,0,0,0,0,8,0,0,0,0,0,5.6701,3.8788,4685,1284555,97,44,9,0.012958488908412035,0,0.033943,0.23784499999999997,110,0.06499999999999999,0.154,0.27799999999999997,806,0.57,3.057,0,21,0,0,0,0,
K4_R0.90_T1_H1_N1_S8010_STATIC_inprocess,8010,4,0.9,1,1,N1,0.98,3.0,,STATIC,inprocess,29e4cbf3b066646a47a23a1c81f04dd306b9c2bada134f628286099bf396b779,6c4c9630c4ace252c59bfa28ee9168e888915e29de0fd9490a5e081a8b5ce32a,0.072,0,31,27,0,27,4,87.09677419354838,76.19047619047619,20.0,0.0,100.0,92.3076923076923,299,11.074074074074074,0,0,0,0,4,0,0,0,0,0,5.6449,3.9598,1932,519829,44,16,12,0.008620689655172414,1,0.011756,0.034360999999999996,78,0.005,0.048,0.11900000000000001,0,0.0,0.0,0,2,0,0,0,0,
K4_R0.90_T1_H1_N1_S8010_PERIODIC_inprocess,8010,4,0.9,1,1,N1,0.98,3.0,,PERIODIC,inprocess,29e4cbf3b066646a47a23a1c81f04dd306b9c2bada134f628286099bf396b779,0630e501fc2f685344d5153289a544290675935668b896d0ea6601016410847e,0.157,0,31,29,0,29,2,93.54838709677419,95.23809523809524,100.0,100.0,92.3076923076923,92.3076923076923,373,12.862068965517242,0,0,0,0,4,0,0,0,0,0,5.6323,3.9598,2098,535131,31,14,12,0.013718765311121999,0,0.081966,0.039187,31,1.1460000000000001,7.0280000000000005,9.253,0,0.0,0.0,0,0,0,0,0,0,
K4_R0.90_T1_H1_N1_S8010_CENTRAL_inprocess,8010,4,0.9,1,1,N1,0.98,3.0,,CENTRAL,inprocess,29e4cbf3b066646a47a23a1c81f04dd306b9c2bada134f628286099bf396b779,ba485ff5bdbbbeadc307a1da6d2799e67c3fd852e29ab45364b323e8d41f8525,0.176,0,31,29,0,29,2,93.54838709677419,95.23809523809524,100.0,100.0,92.3076923076923,84.61538461538461,355,12.241379310344827,0,0,0,0,4,0,0,0,0,0,5.6312,3.9598,2220,560775,39,19,12,0.011136890951276101,0,0.108248,0.038341,46,1.3470000000000002,5.793,7.49,0,0.0,0.0,0,0,0,0,0,0,
K4_R0.90_T1_H1_N1_S8010_CENTRAL_FB_inprocess,8010,4,0.9,1,1,N1,0.98,3.0,,CENTRAL_FB,inprocess,29e4cbf3b066646a47a23a1c81f04dd306b9c2bada134f628286099bf396b779,8d04185fc31c0c27d89b417e9db3301e15e6fa490143d2e6efa040424ade9362,0.203,0,31,29,0,29,2,93.54838709677419,95.23809523809524,100.0,100.0,92.3076923076923,84.61538461538461,364,12.551724137931034,0,0,0,0,4,0,0,0,0,0,5.6004,3.9598,2193,558071,40,18,12,0.011283497884344146,0,0.122515,0.045256,43,1.77,6.6160000000000005,7.5009999999999994,1,0.034,0.034,0,0,0,0,0,0,
K4_R0.90_T1_H1_N1_S8010_CENTRAL_FOG_inprocess,8010,4,0.9,1,1,N1,0.98,3.0,,CENTRAL_FOG,inprocess,29e4cbf3b066646a47a23a1c81f04dd306b9c2bada134f628286099bf396b779,ee2f48daf963f5eda72ad32a16f9556471a79cd679627b3e3fe700af843dc33d,0.217,0,31,29,0,29,2,93.54838709677419,95.23809523809524,100.0,100.0,92.3076923076923,84.61538461538461,355,12.241379310344827,0,0,0,0,4,0,0,0,0,0,5.6312,3.9598,2220,560775,39,19,12,0.011136890951276101,0,0.132309,0.047975000000000004,46,1.677,7.09,8.583,0,0.0,0.0,0,0,0,0,0,0,
K4_R0.90_T1_H1_N1_S8010_HYBRID_inprocess,8010,4,0.9,1,1,N1,0.98,3.0,,HYBRID,inprocess,29e4cbf3b066646a47a23a1c81f04dd306b9c2bada134f628286099bf396b779,08395f74e2e867968d6eb36fc5383416492e7c9c2e0fac3d76b5f8d9f0ce9e47,0.206,0,31,29,0,29,2,93.54838709677419,95.23809523809524,100.0,100.0,92.3076923076923,84.61538461538461,364,12.551724137931034,0,0,0,0,4,0,0,0,0,0,5.6004,3.9598,2193,558071,40,18,12,0.011283497884344146,0,0.128985,0.043449999999999996,43,1.472,7.683,15.102,1,0.028,0.028,0,0,0,0,0,0,
K4_R0.90_T1_H1_N1_S8010_HYBRID_EAGER_inprocess,8010,4,0.9,1,1,N1,0.98,3.0,,HYBRID_EAGER,inprocess,29e4cbf3b066646a47a23a1c81f04dd306b9c2bada134f628286099bf396b779,da60060ee236e1c9200e3dd8649e920bae0a2140940af5eb9964e4c09700c454,0.176,0,31,28,0,28,3,90.3225806451613,88.0952380952381,80.0,50.0,92.3076923076923,76.92307692307692,358,12.785714285714286,0,0,0,0,4,0,0,0,0,0,5.5727,3.9598,2190,556540,32,16,12,0.012664165103189493,0,0.103605,0.043033999999999996,50,1.192,6.153,6.2620000000000005,5,2.236,2.236,0,0,0,0,0,0,
K8_R1.05_T1_H1_N1_S8010_HYBRID_EAGER_inprocess,8010,8,1.05,1,1,N1,0.98,3.0,,HYBRID_EAGER,inprocess,2e70e6f3b8bd2a235785f364dc29ec05b24264eaac63632c3c315c50edecf413,29a9c9934fa20a16b2014a952c02261d080d07fc1f8e02de766eba92d0c87124,2.068,0,72,56,2,58,14,80.55555555555556,82.05128205128206,81.81818181818181,66.66666666666667,80.0,88.23529411764706,696,12.0,0,0,0,0,7,0,0,0,0,0,5.6545,3.8788,5973,1320110,119,52,17,0.027331738981892725,0,1.785026,0.12665300000000002,121,11.440999999999999,37.545,41.774,10,0.104,0.104,0,0,0,0,0,0,
K4_R0.90_T1_H1_N1_S8010_EDGE_MARKET_inprocess,8010,4,0.9,1,1,N1,0.98,3.0,,EDGE_MARKET,inprocess,29e4cbf3b066646a47a23a1c81f04dd306b9c2bada134f628286099bf396b779,f34c5d813a934b215f954aa8a57ce4ef20f5a2bbd4cf11230b22eb995fe7f92a,0.093,0,31,29,0,29,2,93.54838709677419,95.23809523809524,100.0,100.0,92.3076923076923,84.61538461538461,392,13.517241379310345,0,0,0,0,4,0,0,0,0,0,5.6571,3.9032,2014,534603,30,15,12,0.010245901639344262,1,0.012686,0.052979,30,0.028,0.041999999999999996,0.046,134,0.352,2.6809999999999996,0,3,0,0,0,0,
K16_R0.90_T1_H1_N1_S8010_STATIC_inprocess,8010,16,0.9,1,1,N1,0.98,3.0,,STATIC,inprocess,cc7b2b53d15f6252e2439a75db52448d8666e06b3a464ce353f83fc411a9a77e,19a2d05bc25542d0139cdf1cfe61245e2e2ddcb6c429ef64c17523a2ef1b91ca,0.441,0,123,100,3,103,20,83.73983739837398,77.89473684210526,59.375,30.0,92.3076923076923,89.65517241379311,1695,16.45631067961165,0,0,0,0,14,0,0,0,0,0,6.8806,3.8768,7729,2150893,121,87,7,0.003350308228357009,1,0.077984,0.18500500000000003,245,0.009000000000000001,0.456,1.1969999999999998,0,0.0,0.0,0,3,0,0,0,0,
K16_R0.90_T1_H1_N1_S8010_PERIODIC_inprocess,8010,16,0.9,1,1,N1,0.98,3.0,,PERIODIC,inprocess,cc7b2b53d15f6252e2439a75db52448d8666e06b3a464ce353f83fc411a9a77e,446e38927a4f816b454d05062af484cc9fc7432d832138f40a3c0e67af173ca4,1.0,0,123,99,2,101,22,82.11382113821138,84.21052631578948,81.25,80.0,82.41758241758242,86.20689655172414,1652,16.356435643564357,0,0,0,0,15,0,0,0,0,0,7.0864,3.8768,8961,2275190,177,96,7,0.017986855759252855,2,0.667801,0.175619,31,23.077,46.458,50.035999999999994,0,0.0,0.0,0,3,0,0,0,0,
K16_R0.90_T1_H1_N1_S8010_CENTRAL_inprocess,8010,16,0.9,1,1,N1,0.98,3.0,,CENTRAL,inprocess,cc7b2b53d15f6252e2439a75db52448d8666e06b3a464ce353f83fc411a9a77e,fd6dde4bd6024a7e45d80105cac9e3aa5b2aaed9e4a9a079963e05a01377cd8e,5.042,0,123,106,3,109,14,88.6178861788618,91.57894736842105,93.75,100.0,86.81318681318682,87.93103448275862,1547,14.192660550458715,0,0,0,0,12,0,0,0,0,0,7.5086,3.8768,12631,2598799,253,134,17,0.025427833387148855,0,4.50185,0.24546399999999996,160,28.341,50.975,59.565,0,0.0,0.0,0,0,0,0,0,0,
K16_R0.90_T1_H1_N1_S8010_CENTRAL_FB_inprocess,8010,16,0.9,1,1,N1,0.98,3.0,,CENTRAL_FB,inprocess,cc7b2b53d15f6252e2439a75db52448d8666e06b3a464ce353f83fc411a9a77e,9d0e7517c0fc59f580935fec6806e3503ae2dba2c61b86a8f62c73bf028c3e13,4.952,0,123,104,3,107,16,86.99186991869918,90.0,90.625,100.0,85.71428571428571,82.75862068965517,1589,14.850467289719626,0,0,0,0,13,0,0,0,0,0,7.0864,3.8768,12656,2599618,274,117,17,0.024388274246951464,1,4.440147,0.245825,162,28.215,51.48,88.97,2,0.028,0.028,0,0,0,0,0,0,
K16_R0.90_T1_H1_N1_S8010_CENTRAL_FOG_inprocess,8010,16,0.9,1,1,N1,0.98,3.0,,CENTRAL_FOG,inprocess,cc7b2b53d15f6252e2439a75db52448d8666e06b3a464ce353f83fc411a9a77e,821340d5d084758483c7a88f851fbb634cf2da44ff09fc81fa75d59b0cf71926,5.344,0,123,106,3,109,14,88.6178861788618,91.57894736842105,93.75,100.0,86.81318681318682,87.93103448275862,1547,14.192660550458715,0,0,0,0,12,0,0,0,0,0,7.5086,3.8768,12631,2598799,253,134,17,0.025427833387148855,0,4.77344,0.24119600000000002,160,31.627000000000002,61.111,79.315,0,0.0,0.0,0,0,0,0,0,0,
K16_R0.90_T1_H1_N1_S8010_HYBRID_inprocess,8010,16,0.9,1,1,N1,0.98,3.0,,HYBRID,inprocess,cc7b2b53d15f6252e2439a75db52448d8666e06b3a464ce353f83fc411a9a77e,a91d5c08cbecba4fdac64150f34aef4c754003a87c842cb24aefb80719e361a2,5.227,0,123,104,3,107,16,86.99186991869918,90.0,90.625,100.0,85.71428571428571,82.75862068965517,1589,14.850467289719626,0,0,0,0,13,0,0,0,0,0,7.0864,3.8768,12656,2599618,274,117,17,0.024388274246951464,1,4.702708,0.25367399999999996,162,27.485,58.489,76.89,3,0.031,0.031,0,0,0,0,0,0,
K16_R0.90_T1_H1_N1_S8010_EDGE_MARKET_inprocess,8010,16,0.9,1,1,N1,0.98,3.0,,EDGE_MARKET,inprocess,cc7b2b53d15f6252e2439a75db52448d8666e06b3a464ce353f83fc411a9a77e,f25986485f4a940594492c2c0d228ec2031d9e0e40a37f162feeded3a93f6329,0.74,0,123,100,3,103,20,83.73983739837398,86.84210526315789,87.5,90.0,82.41758241758242,86.20689655172414,1613,15.660194174757281,0,0,0,0,11,0,0,0,0,0,5.671,3.8768,10467,2694208,224,89,17,0.02506635210852256,1,0.07109,0.476953,142,0.121,0.45899999999999996,0.776,2636,0.42000000000000004,3.6069999999999998,0,36,0,0,0,0,
K8_R0.75_T1_H1_N3_S8010_STATIC_inprocess,8010,8,0.75,1,1,N3,0.75,20.0,,STATIC,inprocess,5f12247dbc65de103317fdccae9bf5a2c2fb5d14b325485bfc97b64a470c8765,2a8e105cb11d6306a786627be58e0e161fbaeb7a19db225dfbc611e71955fa83,0.197,0,51,45,1,46,5,90.19607843137256,91.13924050632912,92.3076923076923,100.0,89.47368421052632,85.71428571428571,624,13.565217391304348,0,0,0,0,3,0,0,0,0,0,5.6377,3.9061,3851,1039354,318,44,62,0.3287569573283859,2,0.025949,0.099347,29,0.064,0.331,0.36200000000000004,0,0.0,0.0,0,2,0,0,0,0,
K8_R0.75_T1_H1_N3_S8010_PERIODIC_inprocess,8010,8,0.75,1,1,N3,0.75,20.0,,PERIODIC,inprocess,5f12247dbc65de103317fdccae9bf5a2c2fb5d14b325485bfc97b64a470c8765,530a4d6d2705f7734bae4949c0167af77655a42bfe03008c2c262d5627135259,0.262,0,51,46,1,47,4,92.15686274509804,91.13924050632912,92.3076923076923,100.0,92.10526315789474,92.85714285714286,644,13.702127659574469,0,0,0,0,4,0,0,0,0,0,5.6762,3.9061,4114,1097916,349,63,62,0.33130493576741044,2,0.114461,0.080196,31,1.1280000000000001,10.413,15.07,0,0.0,0.0,0,3,0,0,0,0,
K8_R0.75_T1_H1_N3_S8010_CENTRAL_inprocess,8010,8,0.75,1,1,N3,0.75,20.0,,CENTRAL,inprocess,5f12247dbc65de103317fdccae9bf5a2c2fb5d14b325485bfc97b64a470c8765,64b7fefa653ff4f2bd47f58f9c77ee7af1c171c894674f9b8363bfca5d3660d6,0.653,0,51,48,1,49,2,96.07843137254902,93.67088607594937,92.3076923076923,80.0,97.36842105263158,96.42857142857143,640,13.061224489795919,0,0,0,0,3,0,0,0,0,0,5.7365,3.9061,4820,1130689,387,69,62,0.41032535627856953,4,0.450047,0.093912,110,2.8739999999999997,12.605,23.932,0,0.0,0.0,0,1,0,0,0,0,
K8_R0.75_T1_H1_N3_S8010_CENTRAL_FB_inprocess,8010,8,0.75,1,1,N3,0.75,20.0,,CENTRAL_FB,inprocess,5f12247dbc65de103317fdccae9bf5a2c2fb5d14b325485bfc97b64a470c8765,7f8b6e0dc59494019930a16e73df1b73210df8e2b1c6f3ef1dcd43bcefd01bc8,0.549,0,51,48,1,49,2,96.07843137254902,93.67088607594937,92.3076923076923,80.0,97.36842105263158,96.42857142857143,640,13.061224489795919,0,0,0,0,3,0,0,0,0,0,5.7365,3.9061,4820,1130788,387,69,62,0.41032535627856953,4,0.403607,0.086605,110,2.722,10.391,13.084,38,0.031,2.457,0,1,0,0,0,0,
K8_R0.75_T1_H1_N3_S8010_CENTRAL_FOG_inprocess,8010,8,0.75,1,1,N3,0.75,20.0,,CENTRAL_FOG,inprocess,5f12247dbc65de103317fdccae9bf5a2c2fb5d14b325485bfc97b64a470c8765,1b56e84a39d97d22bc2f2d17bc555a434858b62027b7c46f371532e5b9bd1fbc,0.535,0,51,48,1,49,2,96.07843137254902,93.67088607594937,92.3076923076923,80.0,97.36842105263158,96.42857142857143,640,13.061224489795919,0,0,0,0,3,0,0,0,0,0,5.7365,3.9061,4820,1130689,387,69,62,0.41032535627856953,4,0.380754,0.090868,110,2.714,9.617,10.792,0,0.0,0.0,0,1,0,0,0,0,
K8_R0.75_T1_H1_N3_S8010_HYBRID_inprocess,8010,8,0.75,1,1,N3,0.75,20.0,,HYBRID,inprocess,5f12247dbc65de103317fdccae9bf5a2c2fb5d14b325485bfc97b64a470c8765,a5ead8042514fb7b1f637e6117973538bca8db15025d3e58313e92917890cc67,0.684,0,51,48,1,49,2,96.07843137254902,93.67088607594937,92.3076923076923,80.0,97.36842105263158,96.42857142857143,640,13.061224489795919,0,0,0,0,3,0,0,0,0,0,5.7365,3.9061,4820,1130788,387,69,62,0.41032535627856953,4,0.489496,0.113582,110,3.42,12.003,13.77,38,0.032,2.8040000000000003,0,1,0,0,0,0,
K16_R0.90_T1_H1_N1_S8010_HYBRID_EAGER_inprocess,8010,16,0.9,1,1,N1,0.98,3.0,,HYBRID_EAGER,inprocess,cc7b2b53d15f6252e2439a75db52448d8666e06b3a464ce353f83fc411a9a77e,2488dadab46db1482a276591f25a71aedcadd5d666ee7a7534fd37ec187aca0e,4.594,0,123,105,3,108,15,87.8048780487805,90.0,93.75,100.0,85.71428571428571,86.20689655172414,1458,13.5,0,0,0,0,13,0,0,0,0,0,7.0864,3.8768,12025,2538175,236,119,17,0.026852481305234533,2,4.06394,0.246048,149,27.844,51.262,70.88600000000001,20,0.038,0.039,0,1,0,0,0,0,
K8_R0.75_T1_H1_N3_S8010_HYBRID_EAGER_inprocess,8010,8,0.75,1,1,N3,0.75,20.0,,HYBRID_EAGER,inprocess,5f12247dbc65de103317fdccae9bf5a2c2fb5d14b325485bfc97b64a470c8765,230d71462b68bc8f06f55dd23187a20aa29201d075d1083225756f497bbd10e7,0.643,0,51,48,1,49,2,96.07843137254902,93.67088607594937,92.3076923076923,80.0,97.36842105263158,96.42857142857143,640,13.061224489795919,0,0,0,0,3,0,0,0,0,0,5.7365,3.9061,4839,1132093,409,66,62,0.4232733136253695,1,0.466438,0.10874099999999999,113,3.156,11.875,15.907000000000002,48,0.048,2.76,0,0,0,0,0,0,
K8_R0.75_T1_H1_N3_S8010_EDGE_MARKET_inprocess,8010,8,0.75,1,1,N3,0.75,20.0,,EDGE_MARKET,inprocess,5f12247dbc65de103317fdccae9bf5a2c2fb5d14b325485bfc97b64a470c8765,36b3763495e421d01ffea8a6c9f058bb2f64d062c66a5221f361e33c1441ecf6,0.253,0,51,46,1,47,4,92.15686274509804,93.67088607594937,100.0,100.0,89.47368421052632,92.85714285714286,702,14.936170212765957,0,0,0,0,3,0,0,0,0,0,5.6754,3.9061,4135,1115752,311,39,72,0.3798938287989383,2,0.025665,0.154621,56,0.045000000000000005,0.094,0.121,370,0.518,3.27,0,9,0,0,0,0,
K8_R1.05_T1_H1_N3_S8010_STATIC_inprocess,8010,8,1.05,1,1,N3,0.75,20.0,,STATIC,inprocess,e33f97fde00973022926e040ab26b4dc4529b799cd1277825092ae523604f936,335067c144da1951d6bb201ad09530271d2cc6defcd2cb08de25fb549bcee132,0.205,0,72,57,0,57,15,79.16666666666667,73.5042735042735,45.45454545454545,50.0,94.0,85.29411764705883,672,11.789473684210526,0,0,0,0,6,0,0,0,0,0,5.6564,3.8695,3869,1096069,332,59,61,0.38475767665556787,0,0.036428,0.095855,228,0.009000000000000001,0.256,4.684,0,0.0,0.0,0,0,0,0,0,0,
K8_R1.05_T1_H1_N3_S8010_PERIODIC_inprocess,8010,8,1.05,1,1,N3,0.75,20.0,,PERIODIC,inprocess,e33f97fde00973022926e040ab26b4dc4529b799cd1277825092ae523604f936,7b350ba30afb93b876bdd01b7920318446c168fbd7e9aea9ce935637018b9cb0,0.48,0,72,54,2,56,16,77.77777777777777,82.05128205128206,86.36363636363636,83.33333333333333,74.0,79.41176470588235,714,12.75,0,0,0,0,5,0,0,0,0,0,5.6636,3.8695,4393,1160524,366,54,77,0.4373267631659994,3,0.309273,0.09532600000000001,31,4.422,29.303,36.503,0,0.0,0.0,0,0,0,0,0,0,
K8_R1.05_T1_H1_N3_S8010_CENTRAL_inprocess,8010,8,1.05,1,1,N3,0.75,20.0,,CENTRAL,inprocess,e33f97fde00973022926e040ab26b4dc4529b799cd1277825092ae523604f936,a35ddff9ca73e1f0466439d5dcc0664443627e5719762ef2f208cedacca30650,1.657,0,72,57,2,59,13,81.94444444444444,85.47008547008546,81.81818181818181,100.0,82.0,76.47058823529412,658,11.152542372881356,0,0,0,0,6,0,0,0,0,0,5.6509,3.8695,5667,1281671,508,92,61,0.5125848106806741,5,1.433045,0.11747,145,7.621,29.549,45.568999999999996,0,0.0,0.0,0,0,0,0,0,0,
K8_R1.05_T1_H1_N3_S8010_CENTRAL_FB_inprocess,8010,8,1.05,1,1,N3,0.75,20.0,,CENTRAL_FB,inprocess,e33f97fde00973022926e040ab26b4dc4529b799cd1277825092ae523604f936,badaea4f62d555f4334ace77af17a7dcb27978cfd2bce9abacbfa11f0cdbd6bf,2.045,0,72,52,2,54,18,75.0,76.92307692307692,77.27272727272727,50.0,74.0,70.58823529411765,688,12.74074074074074,0,0,0,0,5,0,0,0,0,0,5.6513,3.8695,6143,1311387,579,109,76,0.5645449137418204,2,1.823367,0.11855500000000001,160,10.024999999999999,27.476,40.363,39,0.104,0.752,0,0,0,0,0,0,
K8_R1.05_T1_H1_N3_S8010_CENTRAL_FOG_inprocess,8010,8,1.05,1,1,N3,0.75,20.0,,CENTRAL_FOG,inprocess,e33f97fde00973022926e040ab26b4dc4529b799cd1277825092ae523604f936,e7a37b2576173895133c77d08fb8c690107dc317ca5e1480c08ab4dbb55e2519,1.623,0,72,57,2,59,13,81.94444444444444,85.47008547008546,81.81818181818181,100.0,82.0,76.47058823529412,658,11.152542372881356,0,0,0,0,6,0,0,0,0,0,5.6509,3.8695,5667,1281671,508,92,61,0.5125848106806741,5,1.367818,0.11220500000000001,145,7.339,27.107,38.800000000000004,0,0.0,0.0,0,0,0,0,0,0,
K8_R1.05_T1_H1_N3_S8010_HYBRID_inprocess,8010,8,1.05,1,1,N3,0.75,20.0,,HYBRID,inprocess,e33f97fde00973022926e040ab26b4dc4529b799cd1277825092ae523604f936,6f7dd6538b46b38d03b8be27f00d8b271f39d5807985cf1cf241ebe6659edffb,2.139,0,72,52,2,54,18,75.0,76.92307692307692,77.27272727272727,50.0,74.0,70.58823529411765,688,12.74074074074074,0,0,0,0,5,0,0,0,0,0,5.6513,3.8695,6143,1311387,579,109,76,0.5645449137418204,2,1.898084,0.119411,160,10.278,28.749,40.522000000000006,39,0.093,0.375,0,0,0,0,0,0,
K8_R1.05_T1_H1_N3_S8010_EDGE_MARKET_inprocess,8010,8,1.05,1,1,N3,0.75,20.0,,EDGE_MARKET,inprocess,e33f97fde00973022926e040ab26b4dc4529b799cd1277825092ae523604f936,a984b9bfb6fe27b873c8a343a48e215c8570f8962d18b45c678c646845783196,0.283,0,72,58,1,59,13,81.94444444444444,85.47008547008546,86.36363636363636,100.0,80.0,79.41176470588235,718,12.169491525423728,0,0,0,0,6,0,0,0,0,0,5.6983,3.8695,4548,1231233,382,66,77,0.5319460726846424,3,0.02554,0.196002,130,0.044,0.104,0.188,712,0.42000000000000004,2.532,0,15,0,0,0,0,
K4_R0.90_T1_H1_N3_S8010_STATIC_inprocess,8010,4,0.9,1,1,N3,0.75,20.0,,STATIC,inprocess,07b17dace211511518e3526b8aaf6d61642d395ba16ede1663b42f83bfdc4ec3,b07869e47b156bc5ad99bdebdb5d08cda306b98c680fe403664b2d8f9afab55f,0.076,0,31,27,0,27,4,87.09677419354838,80.95238095238095,60.0,0.0,92.3076923076923,84.61538461538461,329,12.185185185185185,0,0,0,0,3,0,0,0,0,0,5.5727,3.986,1929,518317,160,27,62,0.33858267716535434,1,0.011156,0.037201,118,0.004,0.041999999999999996,0.171,0,0.0,0.0,0,0,0,0,0,0,
K4_R0.90_T1_H1_N3_S8010_PERIODIC_inprocess,8010,4,0.9,1,1,N3,0.75,20.0,,PERIODIC,inprocess,07b17dace211511518e3526b8aaf6d61642d395ba16ede1663b42f83bfdc4ec3,c47a04f0d1b06056bc497e7d45c60eb555f3c126ecce537dfe58d362f2d9628c,0.125,0,31,28,0,28,3,90.3225806451613,90.47619047619048,80.0,100.0,92.3076923076923,92.3076923076923,318,11.357142857142858,0,0,0,0,2,0,0,0,0,0,5.6323,3.986,2057,528409,166,40,75,0.37037037037037035,0,0.064402,0.035009,31,1.124,5.863,7.413,0,0.0,0.0,0,0,0,0,0,0,
K4_R0.90_T1_H1_N3_S8010_CENTRAL_inprocess,8010,4,0.9,1,1,N3,0.75,20.0,,CENTRAL,inprocess,07b17dace211511518e3526b8aaf6d61642d395ba16ede1663b42f83bfdc4ec3,f0c00782dcd44f9e6c75871b0e5a1e8a3e642cf79ac69fd59830e089a17f8bb8,0.252,0,31,28,0,28,3,90.3225806451613,90.47619047619048,80.0,100.0,92.3076923076923,84.61538461538461,350,12.5,0,0,0,0,3,0,0,0,0,0,5.6312,3.986,2180,554203,189,40,54,0.32933413317336535,0,0.159533,0.048019,63,1.538,9.2,11.796,0,0.0,0.0,0,0,0,0,0,0,
K8_R1.05_T1_H1_N3_S8010_HYBRID_EAGER_inprocess,8010,8,1.05,1,1,N3,0.75,20.0,,HYBRID_EAGER,inprocess,e33f97fde00973022926e040ab26b4dc4529b799cd1277825092ae523604f936,a22f021cb92062c17b2d162bb13e9defb3eb0176843d01ac55c883c02d5e462e,2.149,0,72,52,2,54,18,75.0,77.77777777777777,72.72727272727273,66.66666666666667,76.0,73.52941176470588,678,12.555555555555555,0,0,0,0,5,0,0,0,0,0,5.6636,3.8695,6131,1309446,620,110,75,0.5645579724605867,1,1.905145,0.12261,168,10.682,28.628,39.764,47,0.12300000000000001,0.55,0,0,0,0,0,0,
K4_R0.90_T1_H1_N3_S8010_CENTRAL_FB_inprocess,8010,4,0.9,1,1,N3,0.75,20.0,,CENTRAL_FB,inprocess,07b17dace211511518e3526b8aaf6d61642d395ba16ede1663b42f83bfdc4ec3,417de37154679ac7dfe9fc5bad2416fa9a07ccee15a34c8e83f71ffcdcb0807e,0.255,0,31,28,0,28,3,90.3225806451613,90.47619047619048,80.0,100.0,92.3076923076923,84.61538461538461,371,13.25,0,0,0,0,3,0,0,0,0,0,5.6307,3.986,2201,541187,212,36,54,0.31666666666666665,0,0.16702,0.049202,68,1.4649999999999999,9.502,11.896,13,0.038,0.1,0,0,0,0,0,0,
K4_R0.90_T1_H1_N3_S8010_CENTRAL_FOG_inprocess,8010,4,0.9,1,1,N3,0.75,20.0,,CENTRAL_FOG,inprocess,07b17dace211511518e3526b8aaf6d61642d395ba16ede1663b42f83bfdc4ec3,7f64ee4500bba51164db6df89a2bc09c16e651d10d65b35447bd25b678a04955,0.191,0,31,28,0,28,3,90.3225806451613,90.47619047619048,80.0,100.0,92.3076923076923,84.61538461538461,350,12.5,0,0,0,0,3,0,0,0,0,0,5.6312,3.986,2180,554203,189,40,54,0.32933413317336535,0,0.122361,0.039185,63,1.161,6.528,8.693,0,0.0,0.0,0,0,0,0,0,0,
K4_R0.90_T1_H1_N3_S8010_HYBRID_EAGER_inprocess,8010,4,0.9,1,1,N3,0.75,20.0,,HYBRID_EAGER,inprocess,07b17dace211511518e3526b8aaf6d61642d395ba16ede1663b42f83bfdc4ec3,b2f52ccaa547e3c8e59f83764339527e8005569375de9799ef3a2a0f5a63a92d,0.203,0,31,28,0,28,3,90.3225806451613,90.47619047619048,80.0,100.0,92.3076923076923,84.61538461538461,371,13.25,0,0,0,0,3,0,0,0,0,0,5.6307,3.986,2201,541187,212,36,54,0.31666666666666665,0,0.127472,0.040729,68,1.192,7.8469999999999995,8.969,15,0.030000000000000002,0.08,0,0,0,0,0,0,
K4_R0.90_T1_H1_N3_S8010_HYBRID_inprocess,8010,4,0.9,1,1,N3,0.75,20.0,,HYBRID,inprocess,07b17dace211511518e3526b8aaf6d61642d395ba16ede1663b42f83bfdc4ec3,95abadf3a89ee5347dda3fa9c64dc82e553307ba675b857aa74106bad53a0273,0.262,0,31,28,0,28,3,90.3225806451613,90.47619047619048,80.0,100.0,92.3076923076923,84.61538461538461,371,13.25,0,0,0,0,3,0,0,0,0,0,5.6307,3.986,2201,541187,212,36,54,0.31666666666666665,0,0.168755,0.049488000000000004,68,1.435,8.795,16.416,13,0.067,0.129,0,0,0,0,0,0,
K4_R0.90_T1_H1_N3_S8010_EDGE_MARKET_inprocess,8010,4,0.9,1,1,N3,0.75,20.0,,EDGE_MARKET,inprocess,07b17dace211511518e3526b8aaf6d61642d395ba16ede1663b42f83bfdc4ec3,7c7adad027a04e07c213b1175d0c3e7783944ad7079a379f3eb88b8666ae5f2b,0.091,0,31,27,0,27,4,87.09677419354838,88.0952380952381,80.0,100.0,88.46153846153847,76.92307692307692,292,10.814814814814815,0,0,0,0,1,0,0,0,0,0,5.6571,3.9716,2050,538757,140,26,75,0.42755956213779783,0,0.010866,0.053756,52,0.022,0.038,0.052,164,0.36000000000000004,3.068,0,8,0,0,0,0,
K16_R0.90_T1_H1_N3_S8010_STATIC_inprocess,8010,16,0.9,1,1,N3,0.75,20.0,,STATIC,inprocess,408f0fe006e0ec1a0d03b6e906467f78b003d281abf11a4b5273b2121d50a8e0,24e26c97fd4e3a03efd386a900957f6ce7364317df1c8dd06195bdee6f663021,0.404,0,123,98,3,101,22,82.11382113821138,77.89473684210526,68.75,40.0,86.81318681318682,86.20689655172414,1543,15.277227722772277,0,0,0,0,13,0,0,0,0,0,6.8806,3.8768,7738,2141061,581,122,68,0.35102803738317756,3,0.054702,0.173666,257,0.008,0.304,0.7020000000000001,0,0.0,0.0,0,2,0,0,0,0,
K16_R0.90_T1_H1_N3_S8010_PERIODIC_inprocess,8010,16,0.9,1,1,N3,0.75,20.0,,PERIODIC,inprocess,408f0fe006e0ec1a0d03b6e906467f78b003d281abf11a4b5273b2121d50a8e0,7a0c22b4d6222e8fc1cea2de6a5bba52ee482c883157282ab7b589cb33eeeaf5,0.993,0,123,100,1,101,22,82.11382113821138,85.78947368421052,90.625,80.0,79.12087912087912,82.75862068965517,1736,17.18811881188119,0,0,0,0,12,0,0,0,0,0,7.0864,3.8768,8738,2266048,718,122,75,0.37639303092136245,5,0.612892,0.19947999999999996,31,19.264,42.759,56.202000000000005,0,0.0,0.0,0,1,0,0,0,0,
K16_R0.90_T1_H1_N3_S8010_CENTRAL_inprocess,8010,16,0.9,1,1,N3,0.75,20.0,,CENTRAL,inprocess,408f0fe006e0ec1a0d03b6e906467f78b003d281abf11a4b5273b2121d50a8e0,bd836385e721e7bb98a5dccc39322a6baeda5b1144e0316e973ed4ec1c832d65,4.48,0,123,105,2,107,16,86.99186991869918,90.0,96.875,100.0,83.51648351648352,82.75862068965517,1577,14.738317757009346,0,0,0,0,13,0,0,0,0,0,5.6565,3.8768,13092,2685459,1209,212,87,0.49364505056127655,6,3.955569,0.24877300000000002,218,16.357,39.155,48.493,0,0.0,0.0,0,2,0,0,0,0,
K16_R0.90_T1_H1_N3_S8010_CENTRAL_FB_inprocess,8010,16,0.9,1,1,N3,0.75,20.0,,CENTRAL_FB,inprocess,408f0fe006e0ec1a0d03b6e906467f78b003d281abf11a4b5273b2121d50a8e0,31aa5259713011b36b87a6a6782ca99af1be4860ddb2e435ef62feb2b5d9c596,4.486,0,123,103,2,105,18,85.36585365853658,88.94736842105263,93.75,100.0,82.41758241758242,82.75862068965517,1638,15.6,0,0,0,0,10,0,0,0,0,0,6.1828,3.8768,13145,2688967,1218,200,87,0.49685243473430846,5,3.956374,0.23371799999999998,214,20.406,39.798,49.355000000000004,69,0.063,0.40299999999999997,0,0,0,0,0,0,
K16_R0.90_T1_H1_N3_S8010_CENTRAL_FOG_inprocess,8010,16,0.9,1,1,N3,0.75,20.0,,CENTRAL_FOG,inprocess,408f0fe006e0ec1a0d03b6e906467f78b003d281abf11a4b5273b2121d50a8e0,bd9352082aa623a3ba20683a96480401031143396fc6f9af159e376fc5507d1a,4.734,0,123,105,2,107,16,86.99186991869918,90.0,96.875,100.0,83.51648351648352,82.75862068965517,1577,14.738317757009346,0,0,0,0,13,0,0,0,0,0,5.6565,3.8768,13092,2685459,1209,212,87,0.49364505056127655,6,4.226473,0.238901,218,17.355,44.421,58.48,0,0.0,0.0,0,2,0,0,0,0,
K16_R0.90_T1_H1_N3_S8010_HYBRID_inprocess,8010,16,0.9,1,1,N3,0.75,20.0,,HYBRID,inprocess,408f0fe006e0ec1a0d03b6e906467f78b003d281abf11a4b5273b2121d50a8e0,360b1d14fdf4cba85a1a2f0cc8034c587b085dbf4617c02fba2a3c1e73f7c5fe,4.848,0,123,103,2,105,18,85.36585365853658,88.94736842105263,93.75,100.0,82.41758241758242,82.75862068965517,1638,15.6,0,0,0,0,10,0,0,0,0,0,6.1828,3.8768,13145,2688967,1218,200,87,0.49685243473430846,5,4.319534,0.25537600000000005,214,20.208000000000002,43.516,66.956,69,0.1,0.426,0,0,0,0,0,0,
K16_R0.90_T1_H1_N3_S8010_EDGE_MARKET_inprocess,8010,16,0.9,1,1,N3,0.75,20.0,,EDGE_MARKET,inprocess,408f0fe006e0ec1a0d03b6e906467f78b003d281abf11a4b5273b2121d50a8e0,91fbca58859f4abff539a50b8a2f5b122697672a25533952a2076de1c091c564,0.827,0,123,94,3,97,26,78.86178861788618,81.05263157894737,81.25,80.0,78.02197802197803,82.75862068965517,1565,16.1340206185567,0,0,0,0,10,0,0,0,0,0,7.2554,3.8768,9939,2591930,811,161,88,0.5599474720945502,4,0.067294,0.5551740000000001,164,0.106,0.285,0.588,2204,0.527,10.471,0,44,0,0,0,0,
K8_R0.75_T1_H1_N1_S8011_STATIC_inprocess,8011,8,0.75,1,1,N1,0.98,3.0,,STATIC,inprocess,63ca4b28a6380d36586541b50c4a01a6ba74e8e873a38ea47eed8f2610d08458,4ec21802a45133563278ac1a5e263d47faefde3eb91df5cd1dc954c989c57a12,0.156,0,51,49,0,49,2,96.07843137254902,93.97590361445783,84.61538461538461,83.33333333333333,100.0,94.44444444444444,652,13.306122448979592,0,0,0,0,6,0,0,0,0,0,5.6439,3.8965,3851,1062628,73,37,2,0.0010689470871191875,2,0.023869,0.071685,57,0.006,0.152,0.237,0,0.0,0.0,0,1,0,0,0,0,
K8_R0.75_T1_H1_N1_S8011_PERIODIC_inprocess,8011,8,0.75,1,1,N1,0.98,3.0,,PERIODIC,inprocess,63ca4b28a6380d36586541b50c4a01a6ba74e8e873a38ea47eed8f2610d08458,f2efff5fa11a5759b80c0666afc4003ca6c027bf84a0c2d55035747369b81b42,0.348,0,51,47,1,48,3,94.11764705882354,90.36144578313252,76.92307692307692,66.66666666666667,100.0,88.88888888888889,648,13.5,0,0,0,0,4,0,0,0,0,0,5.6412,3.8965,4172,1078163,96,47,2,0.0066650209824734635,3,0.165704,0.10582200000000001,31,2.62,12.491999999999999,14.794,0,0.0,0.0,0,1,0,0,0,0,
K8_R0.75_T1_H1_N1_S8011_CENTRAL_inprocess,8011,8,0.75,1,1,N1,0.98,3.0,,CENTRAL,inprocess,63ca4b28a6380d36586541b50c4a01a6ba74e8e873a38ea47eed8f2610d08458,990cb595808bdb341356d09b0d853c969b44d9e27426fb667305001dc1ebe972,0.562,0,51,49,1,50,1,98.03921568627452,98.79518072289157,100.0,100.0,97.36842105263158,100.0,721,14.42,0,0,0,0,6,0,0,0,0,0,5.6654,3.8965,4604,1103208,115,30,3,0.008482142857142856,2,0.373298,0.097887,78,3.469,13.296000000000001,16.32,0,0.0,0.0,0,0,0,0,0,0,
K8_R0.75_T1_H1_N1_S8011_CENTRAL_FB_inprocess,8011,8,0.75,1,1,N1,0.98,3.0,,CENTRAL_FB,inprocess,63ca4b28a6380d36586541b50c4a01a6ba74e8e873a38ea47eed8f2610d08458,3ce9a2af99fc8da64dcd5e624041b33d9545ac048cbb9696f513821b168b3c00,0.613,0,51,49,1,50,1,98.03921568627452,98.79518072289157,100.0,100.0,97.36842105263158,100.0,721,14.42,0,0,0,0,6,0,0,0,0,0,5.6654,3.8965,4604,1103208,115,30,3,0.008482142857142856,2,0.415729,0.105279,78,3.637,16.958000000000002,21.898,0,0.0,0.0,0,0,0,0,0,0,
K8_R0.75_T1_H1_N1_S8011_CENTRAL_FOG_inprocess,8011,8,0.75,1,1,N1,0.98,3.0,,CENTRAL_FOG,inprocess,63ca4b28a6380d36586541b50c4a01a6ba74e8e873a38ea47eed8f2610d08458,664e5c85be9ad00439526e4962fc97aa174a3771864af7e10ba189983f324944,0.616,0,51,49,1,50,1,98.03921568627452,98.79518072289157,100.0,100.0,97.36842105263158,100.0,721,14.42,0,0,0,0,6,0,0,0,0,0,5.6654,3.8965,4604,1103208,115,30,3,0.008482142857142856,2,0.416274,0.10516099999999999,78,3.431,16.895,32.163,0,0.0,0.0,0,0,0,0,0,0,
K8_R0.75_T1_H1_N1_S8011_HYBRID_inprocess,8011,8,0.75,1,1,N1,0.98,3.0,,HYBRID,inprocess,63ca4b28a6380d36586541b50c4a01a6ba74e8e873a38ea47eed8f2610d08458,9ab8855b8229237d006baf39e82379ba2d03a621a82fc9b8734a03839def245f,0.608,0,51,49,1,50,1,98.03921568627452,98.79518072289157,100.0,100.0,97.36842105263158,100.0,721,14.42,0,0,0,0,6,0,0,0,0,0,5.6654,3.8965,4604,1103208,115,30,3,0.008482142857142856,2,0.427782,0.10111599999999998,78,3.298,18.061,26.311999999999998,0,0.0,0.0,0,0,0,0,0,0,
K16_R0.90_T1_H1_N3_S8010_HYBRID_EAGER_inprocess,8010,16,0.9,1,1,N3,0.75,20.0,,HYBRID_EAGER,inprocess,408f0fe006e0ec1a0d03b6e906467f78b003d281abf11a4b5273b2121d50a8e0,fa4bc8fba66f78c4150d023c7fc3099918554428eb904cb208c965c5baf514f7,5.05,0,123,105,3,108,15,87.8048780487805,92.10526315789474,100.0,100.0,83.51648351648352,86.20689655172414,1556,14.407407407407407,0,0,0,0,12,0,0,0,0,0,6.0566,3.8768,13395,2711742,1306,224,87,0.5077757685352622,5,4.478173,0.270608,224,20.264999999999997,45.693999999999996,78.807,101,0.076,0.474,0,0,0,0,0,0,
K8_R0.75_T1_H1_N1_S8011_EDGE_MARKET_inprocess,8011,8,0.75,1,1,N1,0.98,3.0,,EDGE_MARKET,inprocess,63ca4b28a6380d36586541b50c4a01a6ba74e8e873a38ea47eed8f2610d08458,7e9c4bd73b4b0040f7ab0af9f9966db32692cc91ff790ac28425121bd8dd4cd2,0.219,0,51,47,1,48,3,94.11764705882354,92.7710843373494,84.61538461538461,83.33333333333333,97.36842105263158,88.88888888888889,701,14.604166666666666,0,0,0,0,5,0,0,0,0,0,5.6404,3.8965,4081,1089992,86,39,4,0.0055373772967530835,2,0.029106,0.12287000000000001,36,0.06499999999999999,0.1,0.125,300,0.433,2.654,0,5,0,0,0,0,
K8_R0.75_T1_H1_N1_S8011_HYBRID_EAGER_inprocess,8011,8,0.75,1,1,N1,0.98,3.0,,HYBRID_EAGER,inprocess,63ca4b28a6380d36586541b50c4a01a6ba74e8e873a38ea47eed8f2610d08458,eaf319f1357bb42e78d2aea5d27ca271373f2f91602fd425b3cf1f0b5e2d3f19,0.631,0,51,49,1,50,1,98.03921568627452,98.79518072289157,100.0,100.0,97.36842105263158,100.0,690,13.8,2,2,0,0,5,0,0,0,0,0,5.6469,3.8965,4735,1111985,118,41,2,0.005868289502282112,3,0.430442,0.10608400000000001,83,2.493,22.729,28.205000000000002,14,0.027,0.041,0,0,0,0,0,0,
K8_R1.05_T1_H1_N1_S8011_STATIC_inprocess,8011,8,1.05,1,1,N1,0.98,3.0,,STATIC,inprocess,bc32246d713a2a127642ce1aeee804d2f126b2a830fcad8fdb50f750052c5296,7a7a768b08938f79f4490b08e48601478c791fe7e70d338c4b6f57a11e3fb610,0.209,0,72,54,2,56,16,77.77777777777777,69.49152542372882,46.15384615384615,0.0,95.65217391304348,78.78787878787878,798,14.25,0,0,0,0,8,0,0,0,0,0,5.6609,3.9197,3870,1069302,87,24,1,0.00026695141484249865,2,0.043048,0.089946,227,0.009000000000000001,0.212,0.404,0,0.0,0.0,0,0,0,0,0,0,
K8_R1.05_T1_H1_N1_S8011_PERIODIC_inprocess,8011,8,1.05,1,1,N1,0.98,3.0,,PERIODIC,inprocess,bc32246d713a2a127642ce1aeee804d2f126b2a830fcad8fdb50f750052c5296,88becda86ce1c700e8c303f63524294e61442b2675c46373233d63ccfd7a06d6,0.532,0,72,53,2,55,17,76.38888888888889,81.35593220338983,84.61538461538461,100.0,71.73913043478261,81.81818181818181,766,13.927272727272728,0,0,0,0,8,0,0,0,0,0,5.6322,3.9197,4464,1103700,109,43,2,0.007608946276227807,4,0.356503,0.09295800000000001,31,11.354,30.882,34.321999999999996,0,0.0,0.0,0,0,0,0,0,0,
K8_R1.05_T1_H1_N1_S8011_CENTRAL_inprocess,8011,8,1.05,1,1,N1,0.98,3.0,,CENTRAL,inprocess,bc32246d713a2a127642ce1aeee804d2f126b2a830fcad8fdb50f750052c5296,5fda04d5eafc34b1552f2e988c4f346826e182afa837d20f22796dbd3313268b,2.034,0,72,52,2,54,18,75.0,77.96610169491525,84.61538461538461,80.0,69.56521739130434,75.75757575757575,849,15.722222222222221,0,0,0,0,8,0,0,0,0,0,5.6416,3.9197,6101,1250047,139,50,4,0.02266666666666667,2,1.78636,0.11407,131,13.256,27.206999999999997,43.807,0,0.0,0.0,0,1,0,0,0,0,
K8_R1.05_T1_H1_N1_S8011_CENTRAL_FB_inprocess,8011,8,1.05,1,1,N1,0.98,3.0,,CENTRAL_FB,inprocess,bc32246d713a2a127642ce1aeee804d2f126b2a830fcad8fdb50f750052c5296,db056f7efc3c1eeed39cccedd5697aae4e9ce734903958b70c771a0cb4a22b8a,1.888,0,72,52,2,54,18,75.0,77.96610169491525,84.61538461538461,80.0,69.56521739130434,75.75757575757575,849,15.722222222222221,0,0,0,0,8,0,0,0,0,0,5.6416,3.9197,6101,1250047,139,50,4,0.02266666666666667,2,1.637768,0.11249999999999999,131,11.514,25.497,40.980000000000004,0,0.0,0.0,0,1,0,0,0,0,
K8_R1.05_T1_H1_N1_S8011_CENTRAL_FOG_inprocess,8011,8,1.05,1,1,N1,0.98,3.0,,CENTRAL_FOG,inprocess,bc32246d713a2a127642ce1aeee804d2f126b2a830fcad8fdb50f750052c5296,00042509a3ced9a6460e5aac14c97fa969d7c2665bc99f0961fee6df10440533,2.048,0,72,52,2,54,18,75.0,77.96610169491525,84.61538461538461,80.0,69.56521739130434,75.75757575757575,849,15.722222222222221,0,0,0,0,8,0,0,0,0,0,5.6416,3.9197,6101,1250047,139,50,4,0.02266666666666667,2,1.798463,0.11036500000000002,131,13.431000000000001,30.047,46.93,0,0.0,0.0,0,1,0,0,0,0,
K8_R1.05_T1_H1_N1_S8011_HYBRID_inprocess,8011,8,1.05,1,1,N1,0.98,3.0,,HYBRID,inprocess,bc32246d713a2a127642ce1aeee804d2f126b2a830fcad8fdb50f750052c5296,da9a40cd17b20eda085060c185e3b57c501bdd3ee71323a17d3ab3a5ef584817,1.998,0,72,52,2,54,18,75.0,77.96610169491525,84.61538461538461,80.0,69.56521739130434,75.75757575757575,849,15.722222222222221,0,0,0,0,8,0,0,0,0,0,5.6416,3.9197,6101,1250047,139,50,4,0.02266666666666667,2,1.752058,0.11479700000000001,131,11.662,30.62,45.141,0,0.0,0.0,0,1,0,0,0,0,
K8_R1.05_T1_H1_N1_S8011_EDGE_MARKET_inprocess,8011,8,1.05,1,1,N1,0.98,3.0,,EDGE_MARKET,inprocess,bc32246d713a2a127642ce1aeee804d2f126b2a830fcad8fdb50f750052c5296,340151f1ec36a6667ff520a8fca6ac6175836184bc565892728351f53e1989b2,0.367,0,72,55,3,58,14,80.55555555555556,82.20338983050847,76.92307692307692,100.0,82.6086956521739,78.78787878787878,775,13.362068965517242,0,0,0,0,7,0,0,0,0,0,5.6587,3.9197,4982,1295339,104,38,2,0.008618920582803202,2,0.040396,0.24151299999999998,126,0.082,0.219,0.314,1079,0.508,3.7680000000000002,0,25,0,0,0,0,
K4_R0.90_T1_H1_N1_S8011_STATIC_inprocess,8011,4,0.9,1,1,N1,0.98,3.0,,STATIC,inprocess,9ca75a9453f5b409dc3d6850636c108b056af15529e9a2c8c39abfcb7856cfe1,b48b45ffd0fe2a906ee5287b7bef7e6126b682412715b56b6f372c890112a21b,0.08,0,31,27,0,27,4,87.09677419354838,86.36363636363636,80.0,50.0,88.46153846153847,77.77777777777777,324,12.0,0,0,0,0,4,0,0,0,0,0,5.6703,3.8971,1932,569422,39,14,0,0.0,1,0.013798,0.038134999999999995,126,0.005,0.092,0.156,0,0.0,0.0,0,0,0,0,0,0,
K4_R0.90_T1_H1_N1_S8011_PERIODIC_inprocess,8011,4,0.9,1,1,N1,0.98,3.0,,PERIODIC,inprocess,9ca75a9453f5b409dc3d6850636c108b056af15529e9a2c8c39abfcb7856cfe1,51ac184c621858a7426c3a528f96547ee1384b19475090d0136bbcdd8a1cc91c,0.188,0,31,26,0,26,5,83.87096774193549,88.63636363636364,100.0,100.0,80.76923076923077,88.88888888888889,302,11.615384615384615,0,0,0,0,3,0,0,0,0,0,5.6455,3.8971,2223,600094,48,20,2,0.008771929824561403,1,0.109636,0.044551,31,1.85,8.225,9.726,0,0.0,0.0,0,0,0,0,0,0,
K4_R0.90_T1_H1_N1_S8011_CENTRAL_inprocess,8011,4,0.9,1,1,N1,0.98,3.0,,CENTRAL,inprocess,9ca75a9453f5b409dc3d6850636c108b056af15529e9a2c8c39abfcb7856cfe1,4f1b18842fa8dd0388dcdd84adc9d5f41fc387e0ccb82825b9304b0adf1f307f,0.335,0,31,28,0,28,3,90.3225806451613,93.18181818181819,100.0,100.0,88.46153846153847,94.44444444444444,337,12.035714285714286,0,0,0,0,3,0,0,0,0,0,5.6952,3.8971,2480,635644,52,22,2,0.009484536082474227,1,0.255274,0.043934,71,2.791,7.835999999999999,9.718,0,0.0,0.0,0,0,0,0,0,0,
K4_R0.90_T1_H1_N1_S8011_CENTRAL_FB_inprocess,8011,4,0.9,1,1,N1,0.98,3.0,,CENTRAL_FB,inprocess,9ca75a9453f5b409dc3d6850636c108b056af15529e9a2c8c39abfcb7856cfe1,b89de45d93b599e6c462a599c536988092a026a8ed181661ad2832ee414b65f6,0.426,0,31,28,0,28,3,90.3225806451613,93.18181818181819,100.0,100.0,88.46153846153847,94.44444444444444,337,12.035714285714286,0,0,0,0,3,0,0,0,0,0,5.6952,3.8971,2480,635644,52,22,2,0.009484536082474227,1,0.328773,0.056250999999999995,71,3.419,10.061,15.859000000000002,0,0.0,0.0,0,0,0,0,0,0,
K8_R1.05_T1_H1_N1_S8011_HYBRID_EAGER_inprocess,8011,8,1.05,1,1,N1,0.98,3.0,,HYBRID_EAGER,inprocess,bc32246d713a2a127642ce1aeee804d2f126b2a830fcad8fdb50f750052c5296,27e7a75d846ce4825fab2fb55863a524c3246def2925e89a1e1fa2aa659fe60e,2.008,0,72,52,2,54,18,75.0,77.96610169491525,84.61538461538461,80.0,69.56521739130434,75.75757575757575,849,15.722222222222221,0,0,0,0,8,0,0,0,0,0,5.6416,3.9197,6101,1250007,139,50,4,0.02266666666666667,2,1.766319,0.114966,131,12.472000000000001,27.011,41.539,11,0.045000000000000005,0.045000000000000005,0,1,0,0,0,0,
K4_R0.90_T1_H1_N1_S8011_CENTRAL_FOG_inprocess,8011,4,0.9,1,1,N1,0.98,3.0,,CENTRAL_FOG,inprocess,9ca75a9453f5b409dc3d6850636c108b056af15529e9a2c8c39abfcb7856cfe1,7d441e64b05193ab1634c5bf161129ad92f7aebec1a133863a493e1b1ce637a2,0.394,0,31,28,0,28,3,90.3225806451613,93.18181818181819,100.0,100.0,88.46153846153847,94.44444444444444,337,12.035714285714286,0,0,0,0,3,0,0,0,0,0,5.6952,3.8971,2480,635644,52,22,2,0.009484536082474227,1,0.307824,0.049097,71,2.7520000000000002,12.388,17.551000000000002,0,0.0,0.0,0,0,0,0,0,0,
K4_R0.90_T1_H1_N1_S8011_HYBRID_inprocess,8011,4,0.9,1,1,N1,0.98,3.0,,HYBRID,inprocess,9ca75a9453f5b409dc3d6850636c108b056af15529e9a2c8c39abfcb7856cfe1,f4c49e8fa4804b7edbd5f15b2599f0737ab83701aeb61c4d70dc544d0399c732,0.326,0,31,28,0,28,3,90.3225806451613,93.18181818181819,100.0,100.0,88.46153846153847,94.44444444444444,337,12.035714285714286,0,0,0,0,3,0,0,0,0,0,5.6952,3.8971,2480,635644,52,22,2,0.009484536082474227,1,0.247605,0.042126000000000004,71,2.625,7.332,10.770999999999999,0,0.0,0.0,0,0,0,0,0,0,
K4_R0.90_T1_H1_N1_S8011_EDGE_MARKET_inprocess,8011,4,0.9,1,1,N1,0.98,3.0,,EDGE_MARKET,inprocess,9ca75a9453f5b409dc3d6850636c108b056af15529e9a2c8c39abfcb7856cfe1,ed79ac1a2ac9aee13101914e30dde6aa8d7e2b8c32c6c8f1eeefcb8b99c80918,0.114,0,31,28,0,28,3,90.3225806451613,93.18181818181819,100.0,100.0,88.46153846153847,94.44444444444444,340,12.142857142857142,0,0,0,0,4,0,0,0,0,0,5.6703,3.8971,2154,621021,50,23,2,0.007149666348903718,1,0.01471,0.070295,84,0.034999999999999996,0.046,0.066,267,0.398,2.341,0,7,0,0,0,0,
K4_R0.90_T1_H1_N1_S8011_HYBRID_EAGER_inprocess,8011,4,0.9,1,1,N1,0.98,3.0,,HYBRID_EAGER,inprocess,9ca75a9453f5b409dc3d6850636c108b056af15529e9a2c8c39abfcb7856cfe1,fc1dc8930d768ccd18372ebd91fb18f997e5109473e773082569a8d19b8f6ad7,0.336,0,31,28,0,28,3,90.3225806451613,93.18181818181819,100.0,100.0,88.46153846153847,94.44444444444444,337,12.035714285714286,0,0,0,0,3,0,0,0,0,0,5.6952,3.8971,2480,635638,52,22,2,0.009484536082474227,1,0.257191,0.045774,71,2.684,7.399,10.205,9,0.051,0.051,0,0,0,0,0,0,
K16_R0.90_T1_H1_N1_S8011_STATIC_inprocess,8011,16,0.9,1,1,N1,0.98,3.0,,STATIC,inprocess,922925f0ef071d41227193219b723771bfe814a0815ed2784310712cea4e5765,52e2e657a3a2cd4581fc1f383cd7649de290cf6f9507f04dbc0ec32a8f8286de,0.452,0,123,103,5,108,15,87.8048780487805,84.57446808510639,68.0,66.66666666666667,92.85714285714286,85.96491228070175,1490,13.796296296296296,0,0,0,0,13,0,0,0,0,0,5.6436,3.8571,7725,2157681,150,70,1,0.0016025641025641025,2,0.076006,0.19368000000000002,214,0.01,0.48700000000000004,2.553,0,0.0,0.0,0,5,0,0,0,0,
K16_R0.90_T1_H1_N1_S8011_PERIODIC_inprocess,8011,16,0.9,1,1,N1,0.98,3.0,,PERIODIC,inprocess,922925f0ef071d41227193219b723771bfe814a0815ed2784310712cea4e5765,f4bfd1eb52baf19611d54211fee998ec9d3869cadbd727da841d84af3cd59966,1.169,0,123,102,4,106,17,86.17886178861788,88.29787234042553,92.0,100.0,84.6938775510204,87.71929824561404,1577,14.877358490566039,0,0,0,0,12,0,0,0,0,0,5.6915,3.8571,8579,2245433,183,92,3,0.0058823529411764705,5,0.749186,0.21051999999999998,31,24.511000000000003,55.204,77.004,0,0.0,0.0,0,2,0,0,0,0,
K16_R0.90_T1_H1_N1_S8011_CENTRAL_inprocess,8011,16,0.9,1,1,N1,0.98,3.0,,CENTRAL,inprocess,922925f0ef071d41227193219b723771bfe814a0815ed2784310712cea4e5765,afa0b85197170b750df38bb7ff68db543670679a720f4dca8651b16fa0b02062,4.372,0,123,105,4,109,14,88.6178861788618,90.95744680851064,92.0,100.0,87.75510204081633,91.2280701754386,1650,15.137614678899082,0,0,0,0,15,0,0,0,0,0,5.658,3.8571,12561,2613824,248,118,5,0.018687808429738693,2,3.85876,0.241677,156,24.153000000000002,58.744,86.34100000000001,0,0.0,0.0,0,0,0,0,0,0,
K16_R0.90_T1_H1_N1_S8011_CENTRAL_FB_inprocess,8011,16,0.9,1,1,N1,0.98,3.0,,CENTRAL_FB,inprocess,922925f0ef071d41227193219b723771bfe814a0815ed2784310712cea4e5765,2d1f4b33f3c199fd51050284e61f2f9f9cd5aebfed5f040435137ea0642f7d91,4.39,0,123,105,4,109,14,88.6178861788618,90.95744680851064,92.0,100.0,87.75510204081633,91.2280701754386,1650,15.137614678899082,0,0,0,0,15,0,0,0,0,0,5.658,3.8571,12561,2613824,248,118,5,0.018687808429738693,2,3.821286,0.24158999999999994,156,22.908,64.97,89.046,2,0.011,0.011,0,0,0,0,0,0,
K16_R0.90_T1_H1_N1_S8011_CENTRAL_FOG_inprocess,8011,16,0.9,1,1,N1,0.98,3.0,,CENTRAL_FOG,inprocess,922925f0ef071d41227193219b723771bfe814a0815ed2784310712cea4e5765,fad117fd0a01c3f100d3c894a6aadef12974208634f9e2ff79460ad6e1c14244,4.042,0,123,105,4,109,14,88.6178861788618,90.95744680851064,92.0,100.0,87.75510204081633,91.2280701754386,1650,15.137614678899082,0,0,0,0,15,0,0,0,0,0,5.658,3.8571,12561,2613824,248,118,5,0.018687808429738693,2,3.5887,0.222,156,23.116,49.635,100.982,0,0.0,0.0,0,0,0,0,0,0,
K16_R0.90_T1_H1_N1_S8011_HYBRID_inprocess,8011,16,0.9,1,1,N1,0.98,3.0,,HYBRID,inprocess,922925f0ef071d41227193219b723771bfe814a0815ed2784310712cea4e5765,22c14b785beeb69945836cd4a0d167294754a696530c714ac972382da17200ce,4.172,0,123,105,4,109,14,88.6178861788618,90.95744680851064,92.0,100.0,87.75510204081633,91.2280701754386,1650,15.137614678899082,0,0,0,0,15,0,0,0,0,0,5.658,3.8571,12561,2613824,248,118,5,0.018687808429738693,2,3.668139,0.24351699999999993,156,22.666,52.293,69.76400000000001,2,0.013,0.013,0,0,0,0,0,0,
K16_R0.90_T1_H1_N1_S8011_EDGE_MARKET_inprocess,8011,16,0.9,1,1,N1,0.98,3.0,,EDGE_MARKET,inprocess,922925f0ef071d41227193219b723771bfe814a0815ed2784310712cea4e5765,0df4e284bb13ce94f1ec8bb9064b7486fd6206a65ffde3b56932adeec9bac8fa,0.643,0,123,105,5,110,13,89.4308943089431,90.42553191489361,88.0,91.66666666666667,89.79591836734694,98.24561403508773,1605,14.590909090909092,0,0,0,0,14,0,0,0,0,0,5.6413,3.8571,9558,2521547,172,98,5,0.009402713965167219,2,0.063831,0.39992799999999995,121,0.12300000000000001,0.33599999999999997,0.504,1869,0.415,5.107,0,26,0,0,0,0,
K8_R0.75_T1_H1_N3_S8011_STATIC_inprocess,8011,8,0.75,1,1,N3,0.75,20.0,,STATIC,inprocess,571771ed23c38ab723b9b1fba527b70e1e5c1a2a5ceb567649fde4ff9c2e8a7f,ffee28267af4ec01d856f7d6b0dd8e024b8f276ab6ca6ea9cd3f80c42a1bd047,0.191,0,51,48,0,48,3,94.11764705882354,91.56626506024097,76.92307692307692,83.33333333333333,100.0,94.44444444444444,678,14.125,0,0,0,0,6,0,0,0,0,0,5.6439,3.8965,3851,1077114,316,61,34,0.06402002861230328,3,0.026258,0.094394,107,0.007,0.17200000000000001,0.258,0,0.0,0.0,0,2,0,0,0,0,
K8_R0.75_T1_H1_N3_S8011_PERIODIC_inprocess,8011,8,0.75,1,1,N3,0.75,20.0,,PERIODIC,inprocess,571771ed23c38ab723b9b1fba527b70e1e5c1a2a5ceb567649fde4ff9c2e8a7f,e9f8d12a16d0c3b6277b5490642b6ab905c2cc7fda225f93bb72e510e7fa63c0,0.294,0,51,48,1,49,2,96.07843137254902,95.18072289156626,92.3076923076923,83.33333333333333,97.36842105263158,94.44444444444444,733,14.959183673469388,0,0,0,0,5,0,0,0,0,0,5.6408,3.8965,4111,1072879,319,66,46,0.13116883116883116,6,0.123953,0.09577599999999999,31,1.923,9.341999999999999,18.209,0,0.0,0.0,0,0,0,0,0,0,
K8_R0.75_T1_H1_N3_S8011_CENTRAL_inprocess,8011,8,0.75,1,1,N3,0.75,20.0,,CENTRAL,inprocess,571771ed23c38ab723b9b1fba527b70e1e5c1a2a5ceb567649fde4ff9c2e8a7f,ee25f901b7bbc7d7c675f4cab0d1968e844ad2ec77ab0f2f3854ca513470a152,0.625,0,51,50,1,51,0,100.0,100.0,100.0,100.0,100.0,100.0,736,14.431372549019608,4,4,0,0,7,0,0,0,0,0,5.6654,3.8965,4730,1133379,418,74,58,0.1801460643765215,4,0.410236,0.104268,106,2.3800000000000003,14.307,50.986,0,0.0,0.0,0,0,0,0,0,0,
K8_R0.75_T1_H1_N3_S8011_CENTRAL_FB_inprocess,8011,8,0.75,1,1,N3,0.75,20.0,,CENTRAL_FB,inprocess,571771ed23c38ab723b9b1fba527b70e1e5c1a2a5ceb567649fde4ff9c2e8a7f,722199fa219685b6c31286274a5b29d7c5202bb27bd70a0d8f14ff9812a42817,0.637,0,51,50,1,51,0,100.0,100.0,100.0,100.0,100.0,100.0,736,14.431372549019608,4,4,0,0,7,0,0,0,0,0,5.6654,3.8965,4730,1133247,418,74,58,0.1801460643765215,4,0.433931,0.109792,106,2.075,17.54,39.862,27,0.521,3.139,0,0,0,0,0,0,
K8_R0.75_T1_H1_N3_S8011_CENTRAL_FOG_inprocess,8011,8,0.75,1,1,N3,0.75,20.0,,CENTRAL_FOG,inprocess,571771ed23c38ab723b9b1fba527b70e1e5c1a2a5ceb567649fde4ff9c2e8a7f,5f176cd7c62a9b6897e75accd0044ca711a2fffafc05403cfffae9b48e190b93,0.57,0,51,50,1,51,0,100.0,100.0,100.0,100.0,100.0,100.0,736,14.431372549019608,4,4,0,0,7,0,0,0,0,0,5.6654,3.8965,4730,1133379,418,74,58,0.1801460643765215,4,0.394,0.09797499999999999,106,1.97,11.268,34.696999999999996,0,0.0,0.0,0,0,0,0,0,0,
K16_R0.90_T1_H1_N1_S8011_HYBRID_EAGER_inprocess,8011,16,0.9,1,1,N1,0.98,3.0,,HYBRID_EAGER,inprocess,922925f0ef071d41227193219b723771bfe814a0815ed2784310712cea4e5765,2b50ac41b83b9cae79a7111fb072b335c3b3d1ecc1adc525b58325a3e424f46c,4.403,0,123,107,3,110,13,89.4308943089431,92.02127659574468,96.0,100.0,87.75510204081633,92.98245614035088,1658,15.072727272727272,0,0,0,0,14,1,1,0,8,9,9.007,3.8571,12547,2610775,275,105,5,0.018753044325377496,2,3.867452,0.249463,157,23.698,57.387,126.01100000000001,27,0.054,0.337,0,0,0,0,0,0,
K8_R0.75_T1_H1_N3_S8011_HYBRID_inprocess,8011,8,0.75,1,1,N3,0.75,20.0,,HYBRID,inprocess,571771ed23c38ab723b9b1fba527b70e1e5c1a2a5ceb567649fde4ff9c2e8a7f,a314caacd48c555b50db418e8477f36a5af351c55876a8dd70e234f402f6d6d2,0.57,0,51,50,1,51,0,100.0,100.0,100.0,100.0,100.0,100.0,736,14.431372549019608,4,4,0,0,7,0,0,0,0,0,5.6654,3.8965,4730,1133247,418,74,58,0.1801460643765215,4,0.39052,0.103385,106,1.967,12.151,25.898,27,0.47,2.954,0,0,0,0,0,0,
K8_R0.75_T1_H1_N3_S8011_EDGE_MARKET_inprocess,8011,8,0.75,1,1,N3,0.75,20.0,,EDGE_MARKET,inprocess,571771ed23c38ab723b9b1fba527b70e1e5c1a2a5ceb567649fde4ff9c2e8a7f,80bf1cd91ee4ebffcf8c50be9af429b228a403bb7249e60806dc1f47395242cb,0.254,0,51,47,1,48,3,94.11764705882354,93.97590361445783,100.0,100.0,92.10526315789474,94.44444444444444,767,15.979166666666666,0,0,0,0,7,0,0,0,0,0,5.6439,3.8965,4091,1106433,324,56,58,0.14903373730756633,4,0.027649,0.15082399999999999,42,0.058,0.121,0.20900000000000002,316,0.596,4.025,0,8,0,0,0,0,
K8_R0.75_T1_H1_N3_S8011_HYBRID_EAGER_inprocess,8011,8,0.75,1,1,N3,0.75,20.0,,HYBRID_EAGER,inprocess,571771ed23c38ab723b9b1fba527b70e1e5c1a2a5ceb567649fde4ff9c2e8a7f,3b6ba212500a6df16e4dd2e10d9350ad7b8db308077b9982a69831cb4ff83c1b,0.584,0,51,48,1,49,2,96.07843137254902,95.18072289156626,92.3076923076923,83.33333333333333,97.36842105263158,100.0,632,12.89795918367347,0,0,0,0,5,0,0,0,0,0,5.6638,3.8965,4864,1116436,407,86,58,0.17520145567975046,3,0.392349,0.114084,112,2.226,10.308,19.102999999999998,46,0.437,2.67,0,0,0,0,0,0,
K8_R1.05_T1_H1_N3_S8011_STATIC_inprocess,8011,8,1.05,1,1,N3,0.75,20.0,,STATIC,inprocess,82b0cb03b4f6d4c1926ca01716d59af460d0925411ec3892bda2c0b0f08f7e54,0030fad3934436d2bf359e36ec904565479979bcdcf278addabf2c8519598676,0.173,0,72,51,3,54,18,75.0,65.2542372881356,38.46153846153846,0.0,95.65217391304348,75.75757575757575,789,14.61111111111111,0,0,0,0,8,0,0,0,0,0,5.6342,3.9197,3867,1065361,301,60,36,0.07403471484236628,3,0.028922,0.07491800000000001,236,0.008,0.148,0.244,0,0.0,0.0,0,2,0,0,0,0,
K8_R1.05_T1_H1_N3_S8011_PERIODIC_inprocess,8011,8,1.05,1,1,N3,0.75,20.0,,PERIODIC,inprocess,82b0cb03b4f6d4c1926ca01716d59af460d0925411ec3892bda2c0b0f08f7e54,322f088870f96e6624f2ad170f3ebde2a8729138d1379d2ec590d110372ad476,0.44,0,72,54,3,57,15,79.16666666666667,83.05084745762711,80.76923076923077,100.0,78.26086956521739,84.84848484848484,828,14.526315789473685,0,0,0,0,8,0,0,0,0,0,5.6621,3.9197,4296,1112868,360,71,46,0.12964669738863288,4,0.267797,0.09393499999999999,31,6.15,20.879,40.747,0,0.0,0.0,0,1,0,0,0,0,
K8_R1.05_T1_H1_N3_S8011_CENTRAL_inprocess,8011,8,1.05,1,1,N3,0.75,20.0,,CENTRAL,inprocess,82b0cb03b4f6d4c1926ca01716d59af460d0925411ec3892bda2c0b0f08f7e54,2ac3e80a1dc8a569c9360aeed5f92c984ba94a34258c8a90466f2d3ad67d824d,1.362,0,72,55,2,57,15,79.16666666666667,82.20338983050847,80.76923076923077,100.0,78.26086956521739,84.84848484848484,779,13.666666666666666,0,0,0,0,8,0,0,0,0,0,5.6617,3.9197,5792,1220793,497,89,46,0.28905597326649957,4,1.164188,0.1064,154,6.680000000000001,20.543,28.111,0,0.0,0.0,0,0,0,0,0,0,
K8_R1.05_T1_H1_N3_S8011_CENTRAL_FB_inprocess,8011,8,1.05,1,1,N3,0.75,20.0,,CENTRAL_FB,inprocess,82b0cb03b4f6d4c1926ca01716d59af460d0925411ec3892bda2c0b0f08f7e54,e47b9e82b5ba9a585cc2038bb4e58212334ae577657cdeb1751ca74a629a101f,1.593,0,72,53,3,56,16,77.77777777777777,78.8135593220339,76.92307692307692,100.0,78.26086956521739,81.81818181818181,767,13.696428571428571,0,0,0,0,8,0,0,0,0,0,5.6617,3.9197,6055,1245325,559,102,46,0.32751091703056767,3,1.349493,0.127969,162,6.824,21.133,37.6,27,0.5109999999999999,2.611,0,0,0,0,0,0,
K8_R1.05_T1_H1_N3_S8011_CENTRAL_FOG_inprocess,8011,8,1.05,1,1,N3,0.75,20.0,,CENTRAL_FOG,inprocess,82b0cb03b4f6d4c1926ca01716d59af460d0925411ec3892bda2c0b0f08f7e54,aeddbf4760e30b62f152df94532e205514ddec442a195dd83bbd03ff231f23cb,1.518,0,72,55,2,57,15,79.16666666666667,82.20338983050847,80.76923076923077,100.0,78.26086956521739,84.84848484848484,779,13.666666666666666,0,0,0,0,8,0,0,0,0,0,5.6617,3.9197,5792,1220793,497,89,46,0.28905597326649957,4,1.302164,0.11362,154,7.234,23.861,29.425,0,0.0,0.0,0,0,0,0,0,0,
K8_R1.05_T1_H1_N3_S8011_HYBRID_inprocess,8011,8,1.05,1,1,N3,0.75,20.0,,HYBRID,inprocess,82b0cb03b4f6d4c1926ca01716d59af460d0925411ec3892bda2c0b0f08f7e54,feee7bd23ab0c7e8fd4c0428a4f3a9ccdecc0d8b74f763bfa80c506f572b87de,1.506,0,72,53,3,56,16,77.77777777777777,78.8135593220339,76.92307692307692,100.0,78.26086956521739,81.81818181818181,767,13.696428571428571,0,0,0,0,8,0,0,0,0,0,5.6617,3.9197,6055,1245325,559,102,46,0.32751091703056767,3,1.276206,0.120287,162,6.437,20.403000000000002,35.433,27,0.398,3.263,0,0,0,0,0,0,
K8_R1.05_T1_H1_N3_S8011_EDGE_MARKET_inprocess,8011,8,1.05,1,1,N3,0.75,20.0,,EDGE_MARKET,inprocess,82b0cb03b4f6d4c1926ca01716d59af460d0925411ec3892bda2c0b0f08f7e54,30f79cd59fd56e4b2df1aa6f2d2f6112a4c55084892745a7eb5a8a50d3c3ae0e,0.321,0,72,55,3,58,14,80.55555555555556,82.20338983050847,73.07692307692308,100.0,84.78260869565217,81.81818181818181,813,14.017241379310345,0,0,0,0,7,0,0,0,0,0,5.6539,3.9197,4849,1272383,417,85,47,0.17247658688865763,3,0.035049,0.207754,117,0.063,0.248,0.404,1004,0.44499999999999995,3.6350000000000002,0,23,0,0,0,0,
K4_R0.90_T1_H1_N3_S8011_STATIC_inprocess,8011,4,0.9,1,1,N3,0.75,20.0,,STATIC,inprocess,e84702ca91f69768e3f96efc2e00f7db622d97a1960184aa36d1d3f0800cfc93,23ea20eb8398d7ffe07f720eb80a59d119afdf45f29c8ae3b393b1bac2c965f2,0.085,0,31,27,0,27,4,87.09677419354838,86.36363636363636,80.0,50.0,88.46153846153847,77.77777777777777,324,12.0,0,0,0,0,4,0,0,0,0,0,5.6703,3.8971,1932,569413,146,25,23,0.03765690376569038,2,0.013828,0.042284,216,0.005,0.062,0.158,0,0.0,0.0,0,0,0,0,0,0,
K4_R0.90_T1_H1_N3_S8011_PERIODIC_inprocess,8011,4,0.9,1,1,N3,0.75,20.0,,PERIODIC,inprocess,e84702ca91f69768e3f96efc2e00f7db622d97a1960184aa36d1d3f0800cfc93,dcf8862f85763cba98007eba902de0fbf663e4a7c02632fa0cb12efb2cba2c11,0.178,0,31,28,0,28,3,90.3225806451613,88.63636363636364,80.0,50.0,92.3076923076923,94.44444444444444,366,13.071428571428571,0,0,0,0,4,0,0,0,0,0,5.6777,3.8971,2146,596330,191,30,58,0.3187960687960688,2,0.082291,0.055449,31,1.2329999999999999,7.21,8.655,0,0.0,0.0,0,2,0,0,0,0,
K4_R0.90_T1_H1_N3_S8011_CENTRAL_inprocess,8011,4,0.9,1,1,N3,0.75,20.0,,CENTRAL,inprocess,e84702ca91f69768e3f96efc2e00f7db622d97a1960184aa36d1d3f0800cfc93,d74713d345e65e9e14c638adaaeb35c80632336020738bb5fd75c33b0fb22358,0.388,0,31,27,0,27,4,87.09677419354838,86.36363636363636,80.0,50.0,88.46153846153847,88.88888888888889,328,12.148148148148149,0,0,0,0,4,0,0,0,0,0,5.6383,3.8971,2475,626849,211,34,35,0.09178498985801217,4,0.283089,0.053217,78,2.022,10.481,24.072,0,0.0,0.0,0,1,0,0,0,0,
K8_R1.05_T1_H1_N3_S8011_HYBRID_EAGER_inprocess,8011,8,1.05,1,1,N3,0.75,20.0,,HYBRID_EAGER,inprocess,82b0cb03b4f6d4c1926ca01716d59af460d0925411ec3892bda2c0b0f08f7e54,7ed011d4fc40cd2a4bd4da54409f4a9847e6b14f79d4eaf65024dd4b9f310692,1.681,0,72,53,3,56,16,77.77777777777777,78.8135593220339,76.92307692307692,100.0,78.26086956521739,81.81818181818181,767,13.696428571428571,0,0,0,0,8,0,0,0,0,0,5.6617,3.9197,6055,1244844,559,102,46,0.32751091703056767,3,1.410207,0.13545700000000002,162,7.131,22.294,42.853,44,0.416,3.5309999999999997,0,0,0,0,0,0,
K4_R0.90_T1_H1_N3_S8011_CENTRAL_FB_inprocess,8011,4,0.9,1,1,N3,0.75,20.0,,CENTRAL_FB,inprocess,e84702ca91f69768e3f96efc2e00f7db622d97a1960184aa36d1d3f0800cfc93,b01c8f19632dc65a886f2786caf4d97b2589bb81d4e915ac484ab10467317a7e,0.29,0,31,27,0,27,4,87.09677419354838,86.36363636363636,80.0,50.0,88.46153846153847,88.88888888888889,328,12.148148148148149,0,0,0,0,4,0,0,0,0,0,5.6383,3.8971,2475,626849,211,34,35,0.09178498985801217,4,0.210434,0.045197999999999995,78,1.356,8.040000000000001,11.274,11,0.763,0.763,0,1,0,0,0,0,
K4_R0.90_T1_H1_N3_S8011_CENTRAL_FOG_inprocess,8011,4,0.9,1,1,N3,0.75,20.0,,CENTRAL_FOG,inprocess,e84702ca91f69768e3f96efc2e00f7db622d97a1960184aa36d1d3f0800cfc93,146abb8489a5afa601930b18191b48761f7b26937fa6c8d7c9477dd7cefd6f81,0.288,0,31,27,0,27,4,87.09677419354838,86.36363636363636,80.0,50.0,88.46153846153847,88.88888888888889,328,12.148148148148149,0,0,0,0,4,0,0,0,0,0,5.6383,3.8971,2475,626849,211,34,35,0.09178498985801217,4,0.208299,0.045703,78,1.482,7.321000000000001,9.773,0,0.0,0.0,0,1,0,0,0,0,
K4_R0.90_T1_H1_N3_S8011_HYBRID_inprocess,8011,4,0.9,1,1,N3,0.75,20.0,,HYBRID,inprocess,e84702ca91f69768e3f96efc2e00f7db622d97a1960184aa36d1d3f0800cfc93,a45fcb61dde8a549915483689dba01e13cac010dbd523907bd38d5e7d094e04a,0.353,0,31,27,0,27,4,87.09677419354838,86.36363636363636,80.0,50.0,88.46153846153847,88.88888888888889,328,12.148148148148149,0,0,0,0,4,0,0,0,0,0,5.6383,3.8971,2475,626849,211,34,35,0.09178498985801217,4,0.240529,0.054391999999999996,78,1.701,8.346,10.793000000000001,11,0.47100000000000003,0.47100000000000003,0,1,0,0,0,0,
K4_R0.90_T1_H1_N3_S8011_EDGE_MARKET_inprocess,8011,4,0.9,1,1,N3,0.75,20.0,,EDGE_MARKET,inprocess,e84702ca91f69768e3f96efc2e00f7db622d97a1960184aa36d1d3f0800cfc93,96aa9a9d6f5b23c4ce47722f6fa0722ff1274fd3cfca3f00c773805256d32f3e,0.123,0,31,26,0,26,5,83.87096774193549,84.0909090909091,80.0,50.0,84.61538461538461,83.33333333333333,313,12.038461538461538,0,0,0,0,4,0,0,0,0,0,5.6703,3.8971,2117,606215,166,34,23,0.06815365551425032,3,0.014067,0.078103,70,0.028,0.07100000000000001,0.103,235,0.453,2.953,0,9,0,0,0,0,
K4_R0.90_T1_H1_N3_S8011_HYBRID_EAGER_inprocess,8011,4,0.9,1,1,N3,0.75,20.0,,HYBRID_EAGER,inprocess,e84702ca91f69768e3f96efc2e00f7db622d97a1960184aa36d1d3f0800cfc93,5c3a8262a1a847099e05916c99193cafd95d0485b71dc6768c5f8a3ab5a72621,0.388,0,31,27,0,27,4,87.09677419354838,86.36363636363636,80.0,50.0,88.46153846153847,88.88888888888889,324,12.0,0,0,0,0,4,0,0,0,0,0,5.6694,3.8971,2428,622327,205,38,35,0.09024896265560166,3,0.276547,0.06190899999999999,76,2.2569999999999997,10.770999999999999,12.575,22,0.467,0.5,0,0,0,0,0,0,
K16_R0.90_T1_H1_N3_S8011_STATIC_inprocess,8011,16,0.9,1,1,N3,0.75,20.0,,STATIC,inprocess,49f05c40c40a031400cbad54d3064f540b85a635e0c2b2b52c7ecbfd54368943,d4b4118873a1e5d62e69056820acf36504f4edd8fb07933e8d9f04e0b6afffee,0.47,0,123,100,4,104,19,84.55284552845528,80.85106382978724,68.0,58.333333333333336,88.77551020408163,85.96491228070175,1533,14.740384615384615,0,0,0,0,12,0,0,0,0,0,5.6676,3.8644,7722,2172358,561,101,88,0.15229423317264773,6,0.06364,0.204106,214,0.01,0.425,0.754,0,0.0,0.0,0,1,0,0,0,0,
K16_R0.90_T1_H1_N3_S8011_PERIODIC_inprocess,8011,16,0.9,1,1,N3,0.75,20.0,,PERIODIC,inprocess,49f05c40c40a031400cbad54d3064f540b85a635e0c2b2b52c7ecbfd54368943,4c3d052632d75ddfe8091b7ecac93e88b5abb8b28120bdf21e921a695d68a792,1.122,0,123,101,3,104,19,84.55284552845528,87.23404255319149,96.0,100.0,81.63265306122449,92.98245614035088,1620,15.576923076923077,0,0,0,0,15,0,0,0,0,0,5.6515,3.8644,8757,2237559,765,116,80,0.31851400730816076,10,0.704512,0.21865099999999998,31,18.125,59.028,82.193,0,0.0,0.0,0,1,0,0,0,0,
K16_R0.90_T1_H1_N3_S8011_CENTRAL_inprocess,8011,16,0.9,1,1,N3,0.75,20.0,,CENTRAL,inprocess,49f05c40c40a031400cbad54d3064f540b85a635e0c2b2b52c7ecbfd54368943,4acc073cee43a34231ded524cdeda64e367c868e9c29e2f7193aec18d6de4def,4.781,0,123,99,5,104,19,84.55284552845528,86.70212765957447,96.0,91.66666666666667,81.63265306122449,84.21052631578948,1718,16.51923076923077,0,0,0,0,15,0,0,0,0,0,5.6408,3.8644,14083,2753508,1235,234,94,0.452134272689598,8,4.156599,0.25970699999999997,228,14.033,53.975,86.177,0,0.0,0.0,0,1,0,0,0,0,
K16_R0.90_T1_H1_N3_S8011_CENTRAL_FB_inprocess,8011,16,0.9,1,1,N3,0.75,20.0,,CENTRAL_FB,inprocess,49f05c40c40a031400cbad54d3064f540b85a635e0c2b2b52c7ecbfd54368943,f4e4c4cbb4fb3ed6a1e123e66472a8e7c0d47e8e5c2f1617bb0b4ff671f13868,5.625,0,123,99,3,102,21,82.92682926829268,87.23404255319149,92.0,100.0,80.61224489795919,80.70175438596492,1684,16.50980392156863,0,0,0,0,14,0,0,0,0,0,5.6777,3.8644,14003,2749173,1297,227,94,0.35987581809028363,7,5.021968,0.2879910000000001,234,17.357,62.422,85.101,58,2.938,3.202,0,1,0,0,0,0,
K16_R0.90_T1_H1_N3_S8011_CENTRAL_FOG_inprocess,8011,16,0.9,1,1,N3,0.75,20.0,,CENTRAL_FOG,inprocess,49f05c40c40a031400cbad54d3064f540b85a635e0c2b2b52c7ecbfd54368943,7c5d4ca816c0601f5ddbcf08c6c395777552d58e53df8479e32575cd2981c381,4.79,0,123,99,5,104,19,84.55284552845528,86.70212765957447,96.0,91.66666666666667,81.63265306122449,84.21052631578948,1718,16.51923076923077,0,0,0,0,15,0,0,0,0,0,5.6408,3.8644,14083,2753508,1235,234,94,0.452134272689598,8,4.163263,0.26002,228,13.873999999999999,56.861000000000004,83.334,0,0.0,0.0,0,1,0,0,0,0,
K16_R0.90_T1_H1_N3_S8011_HYBRID_inprocess,8011,16,0.9,1,1,N3,0.75,20.0,,HYBRID,inprocess,49f05c40c40a031400cbad54d3064f540b85a635e0c2b2b52c7ecbfd54368943,bc1d3010adb1d2b53560babc8190202d69c661619c99921b038ca01dc9d5a190,5.688,0,123,99,3,102,21,82.92682926829268,87.23404255319149,92.0,100.0,80.61224489795919,80.70175438596492,1684,16.50980392156863,0,0,0,0,14,0,0,0,0,0,5.6777,3.8644,14003,2749173,1297,227,94,0.35987581809028363,7,5.097878,0.29672899999999997,234,17.767000000000003,57.859,90.755,58,2.624,3.23,0,1,0,0,0,0,
K16_R0.90_T1_H1_N3_S8011_EDGE_MARKET_inprocess,8011,16,0.9,1,1,N3,0.75,20.0,,EDGE_MARKET,inprocess,49f05c40c40a031400cbad54d3064f540b85a635e0c2b2b52c7ecbfd54368943,dff369f737f7f92bc49963115b4adc8bf7982c934d89ccec5a3e0f7d54c637a4,0.835,0,123,98,3,101,22,82.11382113821138,85.1063829787234,84.0,91.66666666666667,81.63265306122449,89.47368421052632,1450,14.356435643564357,0,0,0,0,11,0,0,0,0,0,5.6451,3.8644,9959,2613095,912,135,95,0.2383093525179856,5,0.071301,0.5191959999999999,129,0.133,0.523,1.228,2333,0.49200000000000005,4.412,0,41,0,0,0,0,
K8_R0.75_T1_H1_N1_S8012_STATIC_inprocess,8012,8,0.75,1,1,N1,0.98,3.0,,STATIC,inprocess,e6d9b1d1872ebfb1da692d544b2f11c3442cbf3c29e89adec5052c361ec42654,da129ca957f51f09af818d121acaf75817a25f946b59bab6a3acffddbd2738fb,0.187,0,51,46,0,46,5,90.19607843137256,85.5421686746988,75.0,50.0,97.14285714285714,96.0,688,14.956521739130435,0,0,0,0,6,0,0,0,0,0,7.6562,3.8705,3848,1090813,76,34,1,0.0010890280424720937,0,0.031182,0.091521,153,0.007,0.136,0.29500000000000004,0,0.0,0.0,0,2,0,0,0,0,
K8_R0.75_T1_H1_N1_S8012_PERIODIC_inprocess,8012,8,0.75,1,1,N1,0.98,3.0,,PERIODIC,inprocess,e6d9b1d1872ebfb1da692d544b2f11c3442cbf3c29e89adec5052c361ec42654,8a6a818ca77c98b9ec1466078abaee00b5909920a75e3c9afdf39428b8ea5d01,0.279,0,51,50,0,50,1,98.03921568627452,98.79518072289157,100.0,100.0,97.14285714285714,100.0,679,13.58,0,0,0,0,5,0,0,0,0,0,5.6568,3.8705,4188,1133957,84,34,2,0.003986048829098156,0,0.13823,0.079898,31,1.724,13.392,18.988000000000003,0,0.0,0.0,0,0,0,0,0,0,
K8_R0.75_T1_H1_N1_S8012_CENTRAL_inprocess,8012,8,0.75,1,1,N1,0.98,3.0,,CENTRAL,inprocess,e6d9b1d1872ebfb1da692d544b2f11c3442cbf3c29e89adec5052c361ec42654,f26c66538332178bf0e49258d008879320d8d8dcb6ad1bd57403d0557155b882,0.751,0,51,48,0,48,3,94.11764705882354,96.3855421686747,100.0,100.0,91.42857142857143,96.0,688,14.333333333333334,0,0,0,0,5,0,0,0,0,0,5.6568,3.8705,4823,1125251,78,49,7,0.018170158187259512,0,0.562066,0.10170300000000002,91,3.165,27.178,44.207,0,0.0,0.0,0,0,0,0,0,0,
K16_R0.90_T1_H1_N3_S8011_HYBRID_EAGER_inprocess,8011,16,0.9,1,1,N3,0.75,20.0,,HYBRID_EAGER,inprocess,49f05c40c40a031400cbad54d3064f540b85a635e0c2b2b52c7ecbfd54368943,0bc401108bde7b2d9c655a187c5e6729db7c702bcd405b5fc4e4b5fd92ca008e,5.243,0,123,99,4,103,20,83.73983739837398,87.23404255319149,92.0,83.33333333333333,81.63265306122449,78.94736842105263,1717,16.66990291262136,6,5,0,0,13,0,0,0,0,0,5.755,3.8644,14279,2727030,1337,236,94,0.46047576228235104,5,4.627552,0.27303200000000005,229,19.637999999999998,52.138999999999996,63.943,88,0.442,2.985,0,0,0,0,0,0,
K8_R0.75_T1_H1_N1_S8012_CENTRAL_FB_inprocess,8012,8,0.75,1,1,N1,0.98,3.0,,CENTRAL_FB,inprocess,e6d9b1d1872ebfb1da692d544b2f11c3442cbf3c29e89adec5052c361ec42654,820e516b6f62f92217cfdca2dd0faccc11880d0b54fd2b71628d9206bea88320,0.668,0,51,48,0,48,3,94.11764705882354,96.3855421686747,100.0,100.0,91.42857142857143,96.0,688,14.333333333333334,0,0,0,0,5,0,0,0,0,0,5.6568,3.8705,4823,1125251,78,49,7,0.018170158187259512,0,0.48424,0.10223399999999999,91,3.337,17.834,24.424,3,0.013,0.013,0,0,0,0,0,0,
K8_R0.75_T1_H1_N1_S8012_CENTRAL_FOG_inprocess,8012,8,0.75,1,1,N1,0.98,3.0,,CENTRAL_FOG,inprocess,e6d9b1d1872ebfb1da692d544b2f11c3442cbf3c29e89adec5052c361ec42654,bead6da03ff137fc590879c0ad2ab9f78e0066ecc381020e318d8c3086796367,0.578,0,51,48,0,48,3,94.11764705882354,96.3855421686747,100.0,100.0,91.42857142857143,96.0,688,14.333333333333334,0,0,0,0,5,0,0,0,0,0,5.6568,3.8705,4823,1125251,78,49,7,0.018170158187259512,0,0.423103,0.086037,91,3.069,15.056999999999999,21.698999999999998,0,0.0,0.0,0,0,0,0,0,0,
K8_R0.75_T1_H1_N1_S8012_HYBRID_inprocess,8012,8,0.75,1,1,N1,0.98,3.0,,HYBRID,inprocess,e6d9b1d1872ebfb1da692d544b2f11c3442cbf3c29e89adec5052c361ec42654,9044fd4206cdd8aa86b998becce4fc2919a0441cdc9a2c1ee29ff51bc84e656b,0.57,0,51,48,0,48,3,94.11764705882354,96.3855421686747,100.0,100.0,91.42857142857143,96.0,688,14.333333333333334,0,0,0,0,5,0,0,0,0,0,5.6568,3.8705,4823,1125251,78,49,7,0.018170158187259512,0,0.419327,0.085553,91,2.8960000000000004,16.096,22.195,3,0.012,0.012,0,0,0,0,0,0,
K8_R0.75_T1_H1_N1_S8012_EDGE_MARKET_inprocess,8012,8,0.75,1,1,N1,0.98,3.0,,EDGE_MARKET,inprocess,e6d9b1d1872ebfb1da692d544b2f11c3442cbf3c29e89adec5052c361ec42654,cfc367ef563af9abf32651568d2ce67802fafde91b5bf4cc8995e9288a9ec20e,0.204,0,51,46,0,46,5,90.19607843137256,92.7710843373494,100.0,100.0,85.71428571428571,96.0,699,15.195652173913043,0,0,0,0,5,0,0,0,0,0,5.6612,3.8705,4329,1174922,69,54,5,0.011483253588516746,0,0.027582,0.117672,74,0.064,0.092,0.175,521,0.378,2.455,0,10,0,0,0,0,
K8_R0.75_T1_H1_N1_S8012_HYBRID_EAGER_inprocess,8012,8,0.75,1,1,N1,0.98,3.0,,HYBRID_EAGER,inprocess,e6d9b1d1872ebfb1da692d544b2f11c3442cbf3c29e89adec5052c361ec42654,fad39a57f28357c944fae968612a43d11c14a5362abf275c29d0ddc06e93c6d2,0.567,0,51,48,0,48,3,94.11764705882354,96.3855421686747,100.0,100.0,91.42857142857143,96.0,667,13.895833333333334,0,0,0,0,4,0,0,0,0,0,5.6568,3.8705,4783,1121340,77,47,7,0.01639697950377562,0,0.399918,0.096651,88,3.033,14.18,20.322,16,0.034,0.034999999999999996,0,0,0,0,0,0,
K8_R1.05_T1_H1_N1_S8012_STATIC_inprocess,8012,8,1.05,1,1,N1,0.98,3.0,,STATIC,inprocess,444c5ed0f74cec23e1218876bbf2f511f54c86068e5340ca463f0d2a5e228970,8804e472d3a48dbf64f700287c85c29dc5e23243e5ea43f031ed8c1c288ad8b1,0.186,0,72,55,0,55,17,76.38888888888889,68.46846846846847,36.8421052631579,28.571428571428573,90.56603773584905,78.37837837837837,801,14.563636363636364,0,0,0,0,8,0,0,0,0,0,5.6283,3.942,3869,1129615,84,55,4,0.0032537960954446853,0,0.037863,0.084172,281,0.007,0.216,0.456,0,0.0,0.0,0,2,0,0,0,0,
K8_R1.05_T1_H1_N1_S8012_PERIODIC_inprocess,8012,8,1.05,1,1,N1,0.98,3.0,,PERIODIC,inprocess,444c5ed0f74cec23e1218876bbf2f511f54c86068e5340ca463f0d2a5e228970,b1e913d6adc9101807cc25941b2588d4caa1cbc432ac4b53c6158e63baa4d38a,0.631,0,72,55,1,56,16,77.77777777777777,81.98198198198199,84.21052631578948,100.0,75.47169811320755,75.67567567567568,830,14.821428571428571,0,0,0,0,8,0,0,0,0,0,5.6356,3.942,4521,1186242,92,46,5,0.012649494020239191,1,0.461955,0.090457,31,10.566,50.971000000000004,55.798,0,0.0,0.0,0,0,0,0,0,0,
K8_R1.05_T1_H1_N1_S8012_CENTRAL_inprocess,8012,8,1.05,1,1,N1,0.98,3.0,,CENTRAL,inprocess,444c5ed0f74cec23e1218876bbf2f511f54c86068e5340ca463f0d2a5e228970,be713c28f7f3197c70cb17ca5840a440d2ce178d7a7da4e85c99341517ac8bd3,3.191,0,72,56,0,56,16,77.77777777777777,82.88288288288288,89.47368421052632,100.0,73.58490566037736,75.67567567567568,858,15.321428571428571,0,0,0,0,7,0,0,0,0,0,5.6364,3.942,6725,1399744,142,52,7,0.03319628445256586,0,2.931808,0.115709,150,16.045,42.308,61.596,0,0.0,0.0,0,0,0,0,0,0,
K8_R1.05_T1_H1_N1_S8012_CENTRAL_FB_inprocess,8012,8,1.05,1,1,N1,0.98,3.0,,CENTRAL_FB,inprocess,444c5ed0f74cec23e1218876bbf2f511f54c86068e5340ca463f0d2a5e228970,6cd5c47ad4e54f609ed48c1478ce4378583fe28e3a9356c8a023fbd5ff1cad98,3.167,0,72,56,0,56,16,77.77777777777777,82.88288288288288,89.47368421052632,100.0,73.58490566037736,75.67567567567568,858,15.321428571428571,0,0,0,0,7,0,0,0,0,0,5.6364,3.942,6725,1399744,142,52,7,0.03319628445256586,0,2.908816,0.11720200000000001,150,15.76,43.598,56.649,2,0.012,0.012,0,0,0,0,0,0,
K8_R1.05_T1_H1_N1_S8012_CENTRAL_FOG_inprocess,8012,8,1.05,1,1,N1,0.98,3.0,,CENTRAL_FOG,inprocess,444c5ed0f74cec23e1218876bbf2f511f54c86068e5340ca463f0d2a5e228970,925e4395217f5fbfb43aa4d8b1ae15b449ede88216b7acf23574567a605f5eb9,3.424,0,72,56,0,56,16,77.77777777777777,82.88288288288288,89.47368421052632,100.0,73.58490566037736,75.67567567567568,858,15.321428571428571,0,0,0,0,7,0,0,0,0,0,5.6364,3.942,6725,1399744,142,52,7,0.03319628445256586,0,3.157972,0.12971200000000002,150,18.685,44.028999999999996,57.309,0,0.0,0.0,0,0,0,0,0,0,
K8_R1.05_T1_H1_N1_S8012_HYBRID_inprocess,8012,8,1.05,1,1,N1,0.98,3.0,,HYBRID,inprocess,444c5ed0f74cec23e1218876bbf2f511f54c86068e5340ca463f0d2a5e228970,1a6bb8b737994739ad8c51e124c795c3e75b3f9e5aa0a8c73a812dd358025c64,3.552,0,72,56,0,56,16,77.77777777777777,82.88288288288288,89.47368421052632,100.0,73.58490566037736,75.67567567567568,858,15.321428571428571,0,0,0,0,7,0,0,0,0,0,5.6364,3.942,6725,1399744,142,52,7,0.03319628445256586,0,3.250948,0.132769,150,20.904,42.605,55.565999999999995,2,0.013,0.013,0,0,0,0,0,0,
K8_R1.05_T1_H1_N1_S8012_EDGE_MARKET_inprocess,8012,8,1.05,1,1,N1,0.98,3.0,,EDGE_MARKET,inprocess,444c5ed0f74cec23e1218876bbf2f511f54c86068e5340ca463f0d2a5e228970,e5264d26076ad76111a0eec66ec21d7777885acb322c1f119c43453b1d113104,0.525,0,72,54,0,54,18,75.0,79.27927927927928,78.94736842105263,100.0,73.58490566037736,75.67567567567568,826,15.296296296296296,0,0,0,0,7,0,0,0,0,0,5.6376,3.942,5451,1481017,117,49,6,0.020833333333333332,0,0.047728,0.375504,178,0.08,0.231,1.879,1525,0.525,4.417,0,48,0,0,0,0,
K4_R0.90_T1_H1_N1_S8012_STATIC_inprocess,8012,4,0.9,1,1,N1,0.98,3.0,,STATIC,inprocess,0757d06914fe4d1dbab4e34984423d486f953b18dd286068d57dede5a0d4322e,6ef5257e6a2a07e3993cd4e96b1330a6fe29736b9ba1920e54bf3c6c0c0c6f69,0.096,0,31,25,1,26,5,83.87096774193549,84.0,75.0,100.0,89.47368421052632,86.66666666666667,330,12.692307692307692,0,0,0,0,4,0,0,0,0,0,5.6094,3.8549,1933,517065,27,20,1,0.0016034206306787815,0,0.018203,0.043487,169,0.006,0.114,0.18000000000000002,0,0.0,0.0,0,0,0,0,0,0,
K4_R0.90_T1_H1_N1_S8012_PERIODIC_inprocess,8012,4,0.9,1,1,N1,0.98,3.0,,PERIODIC,inprocess,0757d06914fe4d1dbab4e34984423d486f953b18dd286068d57dede5a0d4322e,b14aba931f18e274b0a8c065d9af2a8a62723535a32ff38c5756623be84b3e48,0.201,0,31,25,1,26,5,83.87096774193549,86.0,91.66666666666667,66.66666666666667,78.94736842105263,80.0,331,12.73076923076923,0,0,0,0,3,0,0,0,0,0,5.6207,3.8549,2108,530328,35,19,6,0.00930460333006856,0,0.10675,0.046776,31,2.693,6.396,8.479000000000001,0,0.0,0.0,0,0,0,0,0,0,
K4_R0.90_T1_H1_N1_S8012_CENTRAL_inprocess,8012,4,0.9,1,1,N1,0.98,3.0,,CENTRAL,inprocess,0757d06914fe4d1dbab4e34984423d486f953b18dd286068d57dede5a0d4322e,53901ca615d18bc833a15bd02b99b9b17e998aa7b2f4b7940f85bba322e3b9ec,0.25,0,31,25,1,26,5,83.87096774193549,90.0,100.0,100.0,73.6842105263158,86.66666666666667,360,13.846153846153847,0,0,0,0,4,0,0,0,0,0,5.585,3.8549,2241,541380,44,36,3,0.011483693155718878,0,0.175504,0.038218,56,3.0829999999999997,5.649,8.893,0,0.0,0.0,0,0,0,0,0,0,
K4_R0.90_T1_H1_N1_S8012_CENTRAL_FB_inprocess,8012,4,0.9,1,1,N1,0.98,3.0,,CENTRAL_FB,inprocess,0757d06914fe4d1dbab4e34984423d486f953b18dd286068d57dede5a0d4322e,9f2d8517b8218c7c77af91f29021caba6175e557bdabeaefbd095e60899fa3cd,0.292,0,31,25,1,26,5,83.87096774193549,90.0,100.0,100.0,73.6842105263158,86.66666666666667,360,13.846153846153847,0,0,0,0,4,0,0,0,0,0,5.585,3.8549,2241,541380,44,36,3,0.011483693155718878,0,0.203305,0.04501,56,3.7279999999999998,6.643,9.744,0,0.0,0.0,0,0,0,0,0,0,
K4_R0.90_T1_H1_N1_S8012_CENTRAL_FOG_inprocess,8012,4,0.9,1,1,N1,0.98,3.0,,CENTRAL_FOG,inprocess,0757d06914fe4d1dbab4e34984423d486f953b18dd286068d57dede5a0d4322e,885a42e5aab0f611fc3405368b7326f2362fe76b3c2ae47f9126b17c04f6ff19,0.302,0,31,25,1,26,5,83.87096774193549,90.0,100.0,100.0,73.6842105263158,86.66666666666667,360,13.846153846153847,0,0,0,0,4,0,0,0,0,0,5.585,3.8549,2241,541380,44,36,3,0.011483693155718878,0,0.214034,0.047352,56,3.987,6.997,8.218,0,0.0,0.0,0,0,0,0,0,0,
K4_R0.90_T1_H1_N1_S8012_HYBRID_inprocess,8012,4,0.9,1,1,N1,0.98,3.0,,HYBRID,inprocess,0757d06914fe4d1dbab4e34984423d486f953b18dd286068d57dede5a0d4322e,a4bb3a4b3875fb27238581fc31a840ea7d94e46301eea6b0aec54286409bccdf,0.3,0,31,25,1,26,5,83.87096774193549,90.0,100.0,100.0,73.6842105263158,86.66666666666667,360,13.846153846153847,0,0,0,0,4,0,0,0,0,0,5.585,3.8549,2241,541380,44,36,3,0.011483693155718878,0,0.214874,0.047556,56,3.82,6.662000000000001,10.054,0,0.0,0.0,0,0,0,0,0,0,
K4_R0.90_T1_H1_N1_S8012_HYBRID_EAGER_inprocess,8012,4,0.9,1,1,N1,0.98,3.0,,HYBRID_EAGER,inprocess,0757d06914fe4d1dbab4e34984423d486f953b18dd286068d57dede5a0d4322e,8fed7c613c98b838b271e5841dd9f9910222bb42d93f742df52db67ba70336c1,0.313,0,31,25,1,26,5,83.87096774193549,90.0,100.0,100.0,73.6842105263158,86.66666666666667,360,13.846153846153847,0,0,0,0,4,0,0,0,0,0,5.585,3.8549,2241,541380,44,36,3,0.011483693155718878,0,0.215359,0.051337,56,3.887,6.9030000000000005,9.994,6,0.041,0.041,0,0,0,0,0,0,
K4_R0.90_T1_H1_N1_S8012_EDGE_MARKET_inprocess,8012,4,0.9,1,1,N1,0.98,3.0,,EDGE_MARKET,inprocess,0757d06914fe4d1dbab4e34984423d486f953b18dd286068d57dede5a0d4322e,ac18808b96745ba09ec01df09abbaeb815e7cb1e11140171d1a85984aaf13944,0.173,0,31,25,1,26,5,83.87096774193549,86.0,91.66666666666667,66.66666666666667,78.94736842105263,80.0,363,13.961538461538462,0,0,0,0,4,0,0,0,0,0,5.6106,3.8549,2198,568154,41,28,5,0.010318949343339587,0,0.020508,0.109727,85,0.043000000000000003,0.08,0.096,300,0.768,4.731,0,6,0,0,0,0,
K8_R1.05_T1_H1_N1_S8012_HYBRID_EAGER_inprocess,8012,8,1.05,1,1,N1,0.98,3.0,,HYBRID_EAGER,inprocess,444c5ed0f74cec23e1218876bbf2f511f54c86068e5340ca463f0d2a5e228970,9586cdca706888328f069ebddf7dec44eed4b8cda3ff8963b997073537bb465e,3.401,0,72,54,1,55,17,76.38888888888889,82.88288288288288,89.47368421052632,100.0,71.69811320754717,75.67567567567568,822,14.945454545454545,0,0,0,0,5,1,1,0,8,9,8.9003,3.942,6816,1402003,151,61,7,0.035398230088495575,0,3.111242,0.12995400000000001,151,16.79,46.241,61.643,20,0.46599999999999997,2.913,0,0,0,0,0,0,
K16_R0.90_T1_H1_N1_S8012_STATIC_inprocess,8012,16,0.9,1,1,N1,0.98,3.0,,STATIC,inprocess,62f9a4fe8f88f69396650f4510c3a4da3d135beec39881ac95689c642fc19d13,11b3062011ce00f8d6f25ab0834b387d4f36bb1c130bd4f4e5056a22efff96e5,0.432,0,123,98,2,100,23,81.30081300813008,75.3623188405797,55.26315789473684,47.36842105263158,92.94117647058823,81.9672131147541,1690,16.9,0,0,0,0,15,0,0,0,0,0,5.6591,3.8817,7729,2191017,141,72,6,0.002562373567093729,0,0.08028,0.18360300000000002,186,0.01,0.516,1.213,0,0.0,0.0,0,3,0,0,0,0,
K16_R0.90_T1_H1_N1_S8012_PERIODIC_inprocess,8012,16,0.9,1,1,N1,0.98,3.0,,PERIODIC,inprocess,62f9a4fe8f88f69396650f4510c3a4da3d135beec39881ac95689c642fc19d13,ca0ab65976b47f4248963228b7dd9ff1947cf6f6eff944eae9c5be703e007a48,1.283,0,123,92,3,95,28,77.23577235772358,84.05797101449275,92.10526315789474,94.73684210526316,70.58823529411765,77.04918032786885,1878,19.768421052631577,1,1,0,0,14,0,0,0,0,0,5.6764,3.8817,8766,2317958,167,88,10,0.01264924932025062,1,0.880312,0.211414,31,36.792,62.313,65.483,0,0.0,0.0,0,2,0,0,0,0,
K16_R0.90_T1_H1_N1_S8012_CENTRAL_inprocess,8012,16,0.9,1,1,N1,0.98,3.0,,CENTRAL,inprocess,62f9a4fe8f88f69396650f4510c3a4da3d135beec39881ac95689c642fc19d13,efe83bc9cdc808a3462ac51b656828c639210c827d27fc9ebb69cc21193228e3,5.913,0,123,97,2,99,24,80.48780487804878,83.57487922705315,86.84210526315789,84.21052631578948,77.6470588235294,80.32786885245902,1605,16.21212121212121,0,0,0,0,13,0,0,0,0,0,5.6715,3.8817,12481,2608441,251,119,9,0.02747478061182646,0,5.3729,0.239891,175,32.75,54.076,71.688,0,0.0,0.0,0,0,0,0,0,0,
K16_R0.90_T1_H1_N1_S8012_CENTRAL_FB_inprocess,8012,16,0.9,1,1,N1,0.98,3.0,,CENTRAL_FB,inprocess,62f9a4fe8f88f69396650f4510c3a4da3d135beec39881ac95689c642fc19d13,441f09394b5f1b99aacd19c40d71e72f4ce36e412a46c272e48f7162dfcffc16,6.263,0,123,97,2,99,24,80.48780487804878,83.57487922705315,86.84210526315789,84.21052631578948,77.6470588235294,80.32786885245902,1605,16.21212121212121,0,0,0,0,13,0,0,0,0,0,5.6715,3.8817,12481,2608441,251,119,9,0.02747478061182646,0,5.640659,0.268353,175,32.79,56.137,71.547,3,0.015000000000000001,0.015000000000000001,0,0,0,0,0,0,
K16_R0.90_T1_H1_N1_S8012_CENTRAL_FOG_inprocess,8012,16,0.9,1,1,N1,0.98,3.0,,CENTRAL_FOG,inprocess,62f9a4fe8f88f69396650f4510c3a4da3d135beec39881ac95689c642fc19d13,1cd26fa47e68141ff0fc8977ab19c491004717f7655dd77f62197aa82fca2ebe,5.995,0,123,97,2,99,24,80.48780487804878,83.57487922705315,86.84210526315789,84.21052631578948,77.6470588235294,80.32786885245902,1605,16.21212121212121,0,0,0,0,13,0,0,0,0,0,5.6715,3.8817,12481,2608441,251,119,9,0.02747478061182646,0,5.393097,0.23850600000000002,175,32.794,54.062,80.286,0,0.0,0.0,0,0,0,0,0,0,
K16_R0.90_T1_H1_N1_S8012_HYBRID_inprocess,8012,16,0.9,1,1,N1,0.98,3.0,,HYBRID,inprocess,62f9a4fe8f88f69396650f4510c3a4da3d135beec39881ac95689c642fc19d13,69cea16b51f83c6f4a0ab6f9db2a052c89759c73aec0a80f5a3dd13d563b2740,5.649,0,123,97,2,99,24,80.48780487804878,83.57487922705315,86.84210526315789,84.21052631578948,77.6470588235294,80.32786885245902,1605,16.21212121212121,0,0,0,0,13,0,0,0,0,0,5.6715,3.8817,12481,2608441,251,119,9,0.02747478061182646,0,5.125291,0.23611699999999997,175,28.41,50.977000000000004,96.875,3,0.012,0.012,0,0,0,0,0,0,
K16_R0.90_T1_H1_N1_S8012_EDGE_MARKET_inprocess,8012,16,0.9,1,1,N1,0.98,3.0,,EDGE_MARKET,inprocess,62f9a4fe8f88f69396650f4510c3a4da3d135beec39881ac95689c642fc19d13,2b10855318d18761f1191ef579cafe29a148a5a8bec156132528c7b883bfec0f,0.866,0,123,97,2,99,24,80.48780487804878,83.09178743961353,81.57894736842105,84.21052631578948,80.0,80.32786885245902,1632,16.484848484848484,0,0,0,0,10,0,0,0,0,0,5.6564,3.8817,11116,2910769,218,107,8,0.02023655516540381,2,0.085766,0.575288,166,0.145,0.44,0.579,3253,0.402,3.15,0,45,0,0,0,0,
K8_R0.75_T1_H1_N3_S8012_STATIC_inprocess,8012,8,0.75,1,1,N3,0.75,20.0,,STATIC,inprocess,c16b826e5e340ab8cfbdaf204943ce27541e390f85462a01c780970d40a36fb4,ed5ef4f98a756aaee77340910b7ec693befbcca33cd2aee4c40442bff8513ce1,0.176,0,51,46,0,46,5,90.19607843137256,87.95180722891567,81.25,66.66666666666667,94.28571428571429,88.0,657,14.282608695652174,0,0,0,0,5,0,0,0,0,0,5.6396,3.8705,3848,1077952,299,63,64,0.3317883352645809,2,0.024618,0.09178800000000001,158,0.007,0.132,0.27099999999999996,0,0.0,0.0,0,2,0,0,0,0,
K8_R0.75_T1_H1_N3_S8012_PERIODIC_inprocess,8012,8,0.75,1,1,N3,0.75,20.0,,PERIODIC,inprocess,c16b826e5e340ab8cfbdaf204943ce27541e390f85462a01c780970d40a36fb4,86caefd63fdc41702db1dcba0b079aba2e22642848f02901fe116a28ab3b754b,0.314,0,51,48,0,48,3,94.11764705882354,92.7710843373494,87.5,83.33333333333333,97.14285714285714,96.0,690,14.375,0,0,0,0,6,0,0,0,0,0,5.7614,3.8705,4142,1107998,305,51,62,0.29120879120879123,3,0.153681,0.095227,31,1.774,15.899,28.820999999999998,0,0.0,0.0,0,1,0,0,0,0,
K8_R0.75_T1_H1_N3_S8012_CENTRAL_inprocess,8012,8,0.75,1,1,N3,0.75,20.0,,CENTRAL,inprocess,c16b826e5e340ab8cfbdaf204943ce27541e390f85462a01c780970d40a36fb4,6bbdd9944aff21198d1f13e1806f0ec80c6cce897fb203b650a52889f36b2f1d,0.696,0,51,50,0,50,1,98.03921568627452,98.79518072289157,100.0,100.0,97.14285714285714,96.0,670,13.4,0,0,0,0,5,0,0,0,0,0,7.6562,3.8705,4816,1140163,367,83,71,0.3510373443983402,3,0.507125,0.104291,115,2.417,13.001000000000001,18.791999999999998,0,0.0,0.0,0,0,0,0,0,0,
K8_R0.75_T1_H1_N3_S8012_CENTRAL_FB_inprocess,8012,8,0.75,1,1,N3,0.75,20.0,,CENTRAL_FB,inprocess,c16b826e5e340ab8cfbdaf204943ce27541e390f85462a01c780970d40a36fb4,88516bb1f9a4d390c7cec1942e8f582be7e970f9a02f4edef9369f8958b079e3,0.735,0,51,50,0,50,1,98.03921568627452,98.79518072289157,100.0,100.0,97.14285714285714,96.0,670,13.4,0,0,0,0,5,0,0,0,0,0,7.6562,3.8705,4816,1140163,367,83,71,0.3510373443983402,3,0.530177,0.111989,115,2.924,12.138,17.974,32,0.041,0.07200000000000001,0,0,0,0,0,0,
K8_R0.75_T1_H1_N3_S8012_CENTRAL_FOG_inprocess,8012,8,0.75,1,1,N3,0.75,20.0,,CENTRAL_FOG,inprocess,c16b826e5e340ab8cfbdaf204943ce27541e390f85462a01c780970d40a36fb4,bccccb174f6d1dc5d19c0ee70089be820fc88bf889768863a84095f63b00debf,0.663,0,51,50,0,50,1,98.03921568627452,98.79518072289157,100.0,100.0,97.14285714285714,96.0,670,13.4,0,0,0,0,5,0,0,0,0,0,7.6562,3.8705,4816,1140163,367,83,71,0.3510373443983402,3,0.486763,0.093414,115,1.966,13.609,23.512999999999998,0,0.0,0.0,0,0,0,0,0,0,
K8_R0.75_T1_H1_N3_S8012_HYBRID_inprocess,8012,8,0.75,1,1,N3,0.75,20.0,,HYBRID,inprocess,c16b826e5e340ab8cfbdaf204943ce27541e390f85462a01c780970d40a36fb4,bd9afed4b6950161db274144189dcdf621482100942798cace2b604f0d5cd84b,0.676,0,51,50,0,50,1,98.03921568627452,98.79518072289157,100.0,100.0,97.14285714285714,96.0,670,13.4,0,0,0,0,5,0,0,0,0,0,7.6562,3.8705,4816,1140163,367,83,71,0.3510373443983402,3,0.499185,0.10041600000000002,115,2.385,12.697,21.428,32,0.023,0.039,0,0,0,0,0,0,
K8_R0.75_T1_H1_N3_S8012_HYBRID_EAGER_inprocess,8012,8,0.75,1,1,N3,0.75,20.0,,HYBRID_EAGER,inprocess,c16b826e5e340ab8cfbdaf204943ce27541e390f85462a01c780970d40a36fb4,6a2bed7efb464116438bcfb60e8984460e20d542d25fc882bb91e6721b5f4893,0.637,0,51,50,0,50,1,98.03921568627452,98.79518072289157,100.0,100.0,97.14285714285714,96.0,670,13.4,0,0,0,0,5,0,0,0,0,0,7.6562,3.8705,4816,1140163,367,83,71,0.3510373443983402,3,0.482572,0.093194,115,1.9220000000000002,12.535,21.741,47,0.036000000000000004,0.12300000000000001,0,0,0,0,0,0,
K8_R0.75_T1_H1_N3_S8012_EDGE_MARKET_inprocess,8012,8,0.75,1,1,N3,0.75,20.0,,EDGE_MARKET,inprocess,c16b826e5e340ab8cfbdaf204943ce27541e390f85462a01c780970d40a36fb4,f278132b6604cc81ae2962a6fd94740ccc2070f0dec42ef70f9e25223a6fc501,0.207,0,51,46,0,46,5,90.19607843137256,92.7710843373494,93.75,100.0,88.57142857142857,88.0,756,16.434782608695652,7,7,0,0,6,0,0,0,0,0,5.6568,3.8705,4167,1117412,327,59,72,0.3596851471594798,2,0.022626,0.124191,66,0.030000000000000002,0.11,0.164,389,0.383,2.428,0,11,0,0,0,0,
K16_R0.90_T1_H1_N1_S8012_HYBRID_EAGER_inprocess,8012,16,0.9,1,1,N1,0.98,3.0,,HYBRID_EAGER,inprocess,62f9a4fe8f88f69396650f4510c3a4da3d135beec39881ac95689c642fc19d13,094090830509e85f1a1122444311dfefb08ff838bd41a2fd866cb45d937be350,6.327,0,123,99,2,101,22,82.11382113821138,85.5072463768116,86.84210526315789,89.47368421052632,80.0,80.32786885245902,1713,16.96039603960396,0,0,0,0,13,0,0,0,0,0,5.6423,3.8817,12447,2595270,236,112,9,0.02728243898430438,3,5.761224,0.27905800000000003,186,33.6,54.339999999999996,61.82,26,0.093,0.292,0,1,0,0,0,0,
K8_R1.05_T1_H1_N3_S8012_STATIC_inprocess,8012,8,1.05,1,1,N3,0.75,20.0,,STATIC,inprocess,34a789349e55f8225b0fcc4b981d8dc4cb2ce52bb2f394fb7eaf84d03bd18cbd,bcec3833adeac6f748fd9715259e189f9f00278cc56fd5c35c5cc6a37ad12373,0.205,0,72,52,0,52,20,72.22222222222223,64.86486486486487,36.8421052631579,28.571428571428573,84.90566037735849,72.97297297297297,758,14.576923076923077,0,0,0,0,7,0,0,0,0,0,5.6283,3.942,3866,1125139,267,46,43,0.33573323228495644,3,0.036293,0.09895799999999999,281,0.008,0.206,0.527,0,0.0,0.0,0,3,0,0,0,0,
K8_R1.05_T1_H1_N3_S8012_PERIODIC_inprocess,8012,8,1.05,1,1,N3,0.75,20.0,,PERIODIC,inprocess,34a789349e55f8225b0fcc4b981d8dc4cb2ce52bb2f394fb7eaf84d03bd18cbd,b3519c085baedd0e41cf56cd1ddb46fe36dd67a5700b4ea7ca84eea8911436d1,0.612,0,72,54,0,54,18,75.0,81.98198198198199,89.47368421052632,100.0,69.81132075471699,81.08108108108108,825,15.277777777777779,0,0,0,0,7,0,0,0,0,0,5.6517,3.942,4430,1134917,337,71,63,0.3692596063730084,4,0.432076,0.09930800000000001,31,9.267,49.115,58.087,0,0.0,0.0,0,0,0,0,0,0,
K8_R1.05_T1_H1_N3_S8012_CENTRAL_inprocess,8012,8,1.05,1,1,N3,0.75,20.0,,CENTRAL,inprocess,34a789349e55f8225b0fcc4b981d8dc4cb2ce52bb2f394fb7eaf84d03bd18cbd,1394068f24c2cd5c43f4112a8d2bfe3d031155196f5d58c6959cb8cafc424aa1,2.741,0,72,53,1,54,18,75.0,81.98198198198199,94.73684210526316,100.0,67.9245283018868,75.67567567567568,837,15.5,0,0,0,0,6,0,0,0,0,0,5.6419,3.942,6326,1339666,562,96,57,0.40601797577178583,5,2.42279,0.120324,183,10.049000000000001,36.416,59.958999999999996,0,0.0,0.0,0,0,0,0,0,0,
K8_R1.05_T1_H1_N3_S8012_CENTRAL_FB_inprocess,8012,8,1.05,1,1,N3,0.75,20.0,,CENTRAL_FB,inprocess,34a789349e55f8225b0fcc4b981d8dc4cb2ce52bb2f394fb7eaf84d03bd18cbd,1d953f8ff3dcd7336f193a60b8d1880cddabaacffc41ce7c644b29a1c4ae7073,2.683,0,72,53,1,54,18,75.0,81.08108108108108,89.47368421052632,100.0,69.81132075471699,83.78378378378379,822,15.222222222222221,0,0,0,0,7,0,0,0,0,0,5.6238,3.942,6055,1314243,548,94,72,0.4756399669694467,4,2.398815,0.120468,167,9.853000000000002,46.047,51.186,37,0.4,2.562,0,6,0,0,0,0,
K8_R1.05_T1_H1_N3_S8012_CENTRAL_FOG_inprocess,8012,8,1.05,1,1,N3,0.75,20.0,,CENTRAL_FOG,inprocess,34a789349e55f8225b0fcc4b981d8dc4cb2ce52bb2f394fb7eaf84d03bd18cbd,de9627dee2e5b16c780affd9e842efe34dcaee06d5c84b90be51b225efd281cc,2.836,0,72,53,1,54,18,75.0,81.98198198198199,94.73684210526316,100.0,67.9245283018868,75.67567567567568,837,15.5,0,0,0,0,6,0,0,0,0,0,5.6419,3.942,6326,1339666,562,96,57,0.40601797577178583,5,2.570527,0.11829300000000001,183,10.255,42.964,55.079,0,0.0,0.0,0,0,0,0,0,0,
K8_R1.05_T1_H1_N3_S8012_HYBRID_inprocess,8012,8,1.05,1,1,N3,0.75,20.0,,HYBRID,inprocess,34a789349e55f8225b0fcc4b981d8dc4cb2ce52bb2f394fb7eaf84d03bd18cbd,3d278e36495a2937f70962fac102a035aabd4e525ea6294c0574cc646bc498c0,2.38,0,72,53,1,54,18,75.0,81.08108108108108,89.47368421052632,100.0,69.81132075471699,83.78378378378379,822,15.222222222222221,0,0,0,0,7,0,0,0,0,0,5.6238,3.942,6055,1314243,548,94,72,0.4756399669694467,4,2.15885,0.11761900000000002,167,9.382,36.434000000000005,55.788,37,0.379,3.823,0,6,0,0,0,0,
K8_R1.05_T1_H1_N3_S8012_EDGE_MARKET_inprocess,8012,8,1.05,1,1,N3,0.75,20.0,,EDGE_MARKET,inprocess,34a789349e55f8225b0fcc4b981d8dc4cb2ce52bb2f394fb7eaf84d03bd18cbd,183a8e6304df9834abd2ff607900090b546d4f430cf958ecd1606c859226891b,0.456,0,72,49,1,50,22,69.44444444444444,74.77477477477477,73.6842105263158,100.0,67.9245283018868,72.97297297297297,804,16.08,0,0,0,0,5,0,0,0,0,0,5.6526,3.942,5222,1413396,473,95,72,0.5331325301204819,2,0.038497,0.33435800000000004,201,0.068,0.174,0.325,1391,0.514,3.219,0,36,0,0,0,0,
K4_R0.90_T1_H1_N3_S8012_STATIC_inprocess,8012,4,0.9,1,1,N3,0.75,20.0,,STATIC,inprocess,eeaff6ba48dfbf5d8320d750a20b5fd752c5ff300bd12b503a444abb344c0aa1,7241fddf4dcd2725d090b30be80bbbdd9f9a706b438983b323ad6db80104eb61,0.082,0,31,25,1,26,5,83.87096774193549,84.0,75.0,100.0,89.47368421052632,80.0,303,11.653846153846153,0,0,0,0,3,0,0,0,0,0,5.6094,3.9084,1936,516672,171,25,43,0.3723554301833568,2,0.013117,0.039413,120,0.005,0.124,0.178,0,0.0,0.0,0,0,0,0,0,0,
K4_R0.90_T1_H1_N3_S8012_PERIODIC_inprocess,8012,4,0.9,1,1,N3,0.75,20.0,,PERIODIC,inprocess,eeaff6ba48dfbf5d8320d750a20b5fd752c5ff300bd12b503a444abb344c0aa1,6e04cc473134eacf996b3890f89870152fb5094acac5f37144982e800ff17bd4,0.144,0,31,24,1,25,6,80.64516129032258,84.0,91.66666666666667,66.66666666666667,73.6842105263158,80.0,326,13.04,0,0,0,0,3,0,0,0,0,0,5.6106,3.9084,2112,527794,190,30,43,0.28213166144200624,2,0.07987,0.036381000000000004,31,1.8079999999999998,5.851,6.651,0,0.0,0.0,0,0,0,0,0,0,
K4_R0.90_T1_H1_N3_S8012_CENTRAL_inprocess,8012,4,0.9,1,1,N3,0.75,20.0,,CENTRAL,inprocess,eeaff6ba48dfbf5d8320d750a20b5fd752c5ff300bd12b503a444abb344c0aa1,730ad6e96793cc556086d0fc32b730ae3e307b438d7d41a0d3a1e45322a23c84,0.339,0,31,23,1,24,7,77.41935483870968,82.0,91.66666666666667,66.66666666666667,68.42105263157895,80.0,339,14.125,0,0,0,0,3,0,0,0,0,0,5.6537,3.9084,2429,557368,207,41,48,0.42886492039034413,2,0.251383,0.0462,80,3.064,6.902,10.023000000000001,0,0.0,0.0,0,0,0,0,0,0,
K4_R0.90_T1_H1_N3_S8012_CENTRAL_FB_inprocess,8012,4,0.9,1,1,N3,0.75,20.0,,CENTRAL_FB,inprocess,eeaff6ba48dfbf5d8320d750a20b5fd752c5ff300bd12b503a444abb344c0aa1,46851a7ef6b0aaa32bb1f8d506968ff0a9cf65dc25ca9b26c83eb8d47b570cfd,0.346,0,31,23,1,24,7,77.41935483870968,82.0,91.66666666666667,66.66666666666667,68.42105263157895,80.0,339,14.125,0,0,0,0,3,0,0,0,0,0,5.6537,3.9084,2429,557329,207,41,48,0.42886492039034413,2,0.259404,0.045144000000000004,80,2.7009999999999996,7.086,10.201,15,0.027,0.038,0,0,0,0,0,0,
K4_R0.90_T1_H1_N3_S8012_CENTRAL_FOG_inprocess,8012,4,0.9,1,1,N3,0.75,20.0,,CENTRAL_FOG,inprocess,eeaff6ba48dfbf5d8320d750a20b5fd752c5ff300bd12b503a444abb344c0aa1,2be2123f2fe76695e98ae31e80fa9a1d6eaf79cb8a0912b8f008f950113f2c10,0.298,0,31,23,1,24,7,77.41935483870968,82.0,91.66666666666667,66.66666666666667,68.42105263157895,80.0,339,14.125,0,0,0,0,3,0,0,0,0,0,5.6537,3.9084,2429,557368,207,41,48,0.42886492039034413,2,0.226454,0.040617,80,2.485,5.702999999999999,13.119,0,0.0,0.0,0,0,0,0,0,0,
K4_R0.90_T1_H1_N3_S8012_HYBRID_inprocess,8012,4,0.9,1,1,N3,0.75,20.0,,HYBRID,inprocess,eeaff6ba48dfbf5d8320d750a20b5fd752c5ff300bd12b503a444abb344c0aa1,aa82c10890c69572b2468b2f8b9eff7b374a673bdaee1526293af98a6d576952,0.425,0,31,23,1,24,7,77.41935483870968,82.0,91.66666666666667,66.66666666666667,68.42105263157895,80.0,339,14.125,0,0,0,0,3,0,0,0,0,0,5.6537,3.9084,2429,557329,207,41,48,0.42886492039034413,2,0.320894,0.056288000000000005,80,4.5,7.8919999999999995,11.367,15,0.034999999999999996,0.06899999999999999,0,0,0,0,0,0,
K4_R0.90_T1_H1_N3_S8012_HYBRID_EAGER_inprocess,8012,4,0.9,1,1,N3,0.75,20.0,,HYBRID_EAGER,inprocess,eeaff6ba48dfbf5d8320d750a20b5fd752c5ff300bd12b503a444abb344c0aa1,0591d5e0b9391e8d6aaf6fdd85f6863c0c16b291c3234ab8fe18db568e760d14,0.361,0,31,23,1,24,7,77.41935483870968,82.0,91.66666666666667,66.66666666666667,68.42105263157895,80.0,339,14.125,0,0,0,0,3,0,0,0,0,0,5.6537,3.9084,2429,557242,207,41,48,0.42886492039034413,2,0.270478,0.052301,80,3.13,6.936,9.769,21,0.024,0.052,0,0,0,0,0,0,
K4_R0.90_T1_H1_N3_S8012_EDGE_MARKET_inprocess,8012,4,0.9,1,1,N3,0.75,20.0,,EDGE_MARKET,inprocess,eeaff6ba48dfbf5d8320d750a20b5fd752c5ff300bd12b503a444abb344c0aa1,03d02eac876fe369d8502b157a023495cc46bd40762c438307935e6b45778f8f,0.145,0,31,23,1,24,7,77.41935483870968,82.0,83.33333333333333,100.0,73.6842105263158,73.33333333333333,383,15.958333333333334,0,0,0,0,3,0,0,0,0,0,5.6684,3.9084,2192,581222,175,34,43,0.3582793164407778,2,0.015916,0.089421,93,0.028,0.082,0.122,290,0.514,2.9859999999999998,0,12,0,0,0,0,
K8_R1.05_T1_H1_N3_S8012_HYBRID_EAGER_inprocess,8012,8,1.05,1,1,N3,0.75,20.0,,HYBRID_EAGER,inprocess,34a789349e55f8225b0fcc4b981d8dc4cb2ce52bb2f394fb7eaf84d03bd18cbd,1ccd99d1752d68c49abb70150cde125b6c2a49e0320d827f94f3805cf7582e93,2.981,0,72,53,1,54,18,75.0,82.88288288288288,94.73684210526316,100.0,67.9245283018868,75.67567567567568,795,14.722222222222221,0,0,0,0,5,0,0,0,0,0,5.7858,3.942,6326,1356469,563,102,71,0.4291307752545027,5,2.706128,0.140266,176,11.539000000000001,39.519999999999996,65.785,59,0.373,4.094,0,0,0,0,0,0,
K16_R0.90_T1_H1_N3_S8012_STATIC_inprocess,8012,16,0.9,1,1,N3,0.75,20.0,,STATIC,inprocess,958f701b09a91a6823844f85436a4ff31e572c53b9b6c706e81b87f5902e170d,d29512a77680622453c23911b077b3bfcfd0255ff1ea7b5df39a425dcf177e33,0.452,0,123,95,2,97,26,78.86178861788618,71.98067632850241,52.63157894736842,36.8421052631579,90.58823529411765,85.24590163934427,1568,16.164948453608247,3,3,0,0,12,0,0,0,0,0,5.6814,3.8982,7735,2206961,565,104,47,0.23195677344654572,7,0.067014,0.19727899999999998,214,0.01,0.446,0.7879999999999999,0,0.0,0.0,0,5,0,0,0,0,
K16_R0.90_T1_H1_N3_S8012_PERIODIC_inprocess,8012,16,0.9,1,1,N3,0.75,20.0,,PERIODIC,inprocess,958f701b09a91a6823844f85436a4ff31e572c53b9b6c706e81b87f5902e170d,2f97a066ae324a9d99fccc4aa6d35a7cb847c42e58841e36193d11b5169ba1d9,1.075,0,123,99,2,101,22,82.11382113821138,84.54106280193237,86.84210526315789,84.21052631578948,80.0,83.60655737704919,1683,16.663366336633665,11,11,0,0,11,0,0,0,0,0,5.6596,3.8982,8566,2225907,683,108,49,0.2718333333333333,8,0.637323,0.21181499999999998,31,20.377,41.101,64.991,0,0.0,0.0,0,0,0,0,0,0,
K16_R0.90_T1_H1_N3_S8012_CENTRAL_inprocess,8012,16,0.9,1,1,N3,0.75,20.0,,CENTRAL,inprocess,958f701b09a91a6823844f85436a4ff31e572c53b9b6c706e81b87f5902e170d,be3c84f4dba58b83581e8b1a5b1e048bc48383417aa4b23f24f638b7c09ab17b,5.594,0,123,96,2,98,25,79.67479674796748,81.64251207729468,78.94736842105263,73.6842105263158,80.0,80.32786885245902,1538,15.693877551020408,0,0,0,0,12,0,0,0,0,0,5.6509,3.8982,13281,2710220,1166,206,71,0.42738589211618255,9,5.078882,0.249137,234,23.134999999999998,45.371,57.022999999999996,0,0.0,0.0,0,0,0,0,0,0,
K16_R0.90_T1_H1_N3_S8012_CENTRAL_FB_inprocess,8012,16,0.9,1,1,N3,0.75,20.0,,CENTRAL_FB,inprocess,958f701b09a91a6823844f85436a4ff31e572c53b9b6c706e81b87f5902e170d,7ceb015c1dd51f07065c67e54e014ffdb16c2b4f56032d57ee64884f112a298b,5.55,0,123,94,3,97,26,78.86178861788618,84.05797101449275,86.84210526315789,94.73684210526316,75.29411764705883,80.32786885245902,1768,18.22680412371134,0,0,0,0,14,0,0,0,0,0,5.6559,3.8982,13408,2739177,1180,202,73,0.49300795174115714,7,4.928012,0.283001,234,20.921,44.202999999999996,66.634,69,0.05,0.421,0,0,0,0,0,0,
K16_R0.90_T1_H1_N3_S8012_CENTRAL_FOG_inprocess,8012,16,0.9,1,1,N3,0.75,20.0,,CENTRAL_FOG,inprocess,958f701b09a91a6823844f85436a4ff31e572c53b9b6c706e81b87f5902e170d,6f7b47e5ede654542e674826d5c864de498b39c4f0ff98e6b2735d759b1d1fc9,6.064,0,123,96,2,98,25,79.67479674796748,81.64251207729468,78.94736842105263,73.6842105263158,80.0,80.32786885245902,1538,15.693877551020408,0,0,0,0,12,0,0,0,0,0,5.6509,3.8982,13281,2710220,1166,206,71,0.42738589211618255,9,5.484763,0.298431,234,23.778000000000002,49.067,72.73,0,0.0,0.0,0,0,0,0,0,0,
K16_R0.90_T1_H1_N3_S8012_HYBRID_inprocess,8012,16,0.9,1,1,N3,0.75,20.0,,HYBRID,inprocess,958f701b09a91a6823844f85436a4ff31e572c53b9b6c706e81b87f5902e170d,bbe8e2deefff11b1ac6a557fdbe34e86bdacacd56656425a864dcdbb98333ce7,5.587,0,123,94,3,97,26,78.86178861788618,84.05797101449275,86.84210526315789,94.73684210526316,75.29411764705883,80.32786885245902,1768,18.22680412371134,0,0,0,0,14,0,0,0,0,0,5.6559,3.8982,13408,2739177,1180,202,73,0.49300795174115714,7,4.987125,0.280574,234,19.401999999999997,46.697,55.905,69,0.045000000000000005,0.5419999999999999,0,0,0,0,0,0,
K16_R0.90_T1_H1_N3_S8012_EDGE_MARKET_inprocess,8012,16,0.9,1,1,N3,0.75,20.0,,EDGE_MARKET,inprocess,958f701b09a91a6823844f85436a4ff31e572c53b9b6c706e81b87f5902e170d,f8211b865ddd28af189559930b438ef7bc7247a57fd1b3e7d3a95e0c195fbaac,0.875,0,123,99,3,102,21,82.92682926829268,85.99033816425121,78.94736842105263,100.0,84.70588235294117,83.60655737704919,1679,16.46078431372549,0,0,0,0,12,0,0,0,0,0,5.6377,3.8982,10156,2742502,866,164,69,0.376341271918346,7,0.071798,0.5642929999999999,161,0.11900000000000001,0.36900000000000005,2.049,2435,0.49,8.482999999999999,0,40,0,0,0,0,
K8_R0.75_T1_H1_N1_S8013_STATIC_inprocess,8013,8,0.75,1,1,N1,0.98,3.0,,STATIC,inprocess,ae72615756d09d020916129351764ff93422e6f9084d7469c049c70101dc094b,f3139fbd8b3b4429070eab79ac2045485c0e411d3e3a5f7b2e755fdf23ab05fd,0.19,0,51,44,3,47,4,92.15686274509804,89.53488372093024,89.47368421052632,75.0,93.75,93.54838709677419,811,17.25531914893617,0,0,0,0,3,0,0,0,0,0,5.6344,3.8865,3854,1084059,75,25,1,0.0013509862199405566,0,0.032684,0.092238,103,0.007,0.247,0.363,0,0.0,0.0,0,1,0,0,0,0,
K8_R0.75_T1_H1_N1_S8013_PERIODIC_inprocess,8013,8,0.75,1,1,N1,0.98,3.0,,PERIODIC,inprocess,ae72615756d09d020916129351764ff93422e6f9084d7469c049c70101dc094b,edcb03a1485a7da269570e4767050c7a63fe14112fe994fa88bb113f01dd2d1b,0.334,0,51,45,3,48,3,94.11764705882354,94.18604651162791,94.73684210526316,87.5,93.75,96.7741935483871,673,14.020833333333334,0,0,0,0,2,0,0,0,0,0,5.6419,3.8865,4197,1094494,86,40,3,0.004451038575667656,0,0.156807,0.09602799999999999,31,1.9580000000000002,15.252,16.766,0,0.0,0.0,0,1,0,0,0,0,
K8_R0.75_T1_H1_N1_S8013_CENTRAL_inprocess,8013,8,0.75,1,1,N1,0.98,3.0,,CENTRAL,inprocess,ae72615756d09d020916129351764ff93422e6f9084d7469c049c70101dc094b,e003787803129880d134e7aa110196f8c051a6e4dc3e0ede8823bf8ad641a556,0.701,0,51,47,3,50,1,98.03921568627452,96.51162790697674,94.73684210526316,87.5,100.0,96.7741935483871,710,14.2,0,0,0,0,4,0,0,0,0,0,5.6378,3.8865,4783,1136780,99,42,15,0.017062634989200864,1,0.492563,0.10152,88,3.084,16.102,30.531,0,0.0,0.0,0,0,0,0,0,0,
K8_R0.75_T1_H1_N1_S8013_CENTRAL_FB_inprocess,8013,8,0.75,1,1,N1,0.98,3.0,,CENTRAL_FB,inprocess,ae72615756d09d020916129351764ff93422e6f9084d7469c049c70101dc094b,953232cd1f1f304edb661e282adcedbf5224bed3edd2099a2e99a7e771e01a87,0.67,0,51,47,3,50,1,98.03921568627452,96.51162790697674,94.73684210526316,87.5,100.0,96.7741935483871,710,14.2,0,0,0,0,4,0,0,0,0,0,5.6378,3.8865,4783,1136780,99,42,15,0.017062634989200864,1,0.488171,0.098541,88,3.352,15.318,20.843,2,0.014,0.014,0,0,0,0,0,0,
K8_R0.75_T1_H1_N1_S8013_CENTRAL_FOG_inprocess,8013,8,0.75,1,1,N1,0.98,3.0,,CENTRAL_FOG,inprocess,ae72615756d09d020916129351764ff93422e6f9084d7469c049c70101dc094b,ffe01a99747d7d7c047dd006046a554ba4146f91b057c05a481418909e9c6868,0.579,0,51,47,3,50,1,98.03921568627452,96.51162790697674,94.73684210526316,87.5,100.0,96.7741935483871,710,14.2,0,0,0,0,4,0,0,0,0,0,5.6378,3.8865,4783,1136780,99,42,15,0.017062634989200864,1,0.423491,0.08393199999999999,88,2.5100000000000002,12.616,17.503,0,0.0,0.0,0,0,0,0,0,0,
K8_R0.75_T1_H1_N1_S8013_HYBRID_inprocess,8013,8,0.75,1,1,N1,0.98,3.0,,HYBRID,inprocess,ae72615756d09d020916129351764ff93422e6f9084d7469c049c70101dc094b,7d23b1e0a097c7e588d9f41efcaca3a3b57930521789ed1b5cc7b181349be77d,0.628,0,51,47,3,50,1,98.03921568627452,96.51162790697674,94.73684210526316,87.5,100.0,96.7741935483871,710,14.2,0,0,0,0,4,0,0,0,0,0,5.6378,3.8865,4783,1136780,99,42,15,0.017062634989200864,1,0.466727,0.08783099999999999,88,2.447,13.424999999999999,19.265,2,0.01,0.01,0,0,0,0,0,0,
K8_R0.75_T1_H1_N1_S8013_HYBRID_EAGER_inprocess,8013,8,0.75,1,1,N1,0.98,3.0,,HYBRID_EAGER,inprocess,ae72615756d09d020916129351764ff93422e6f9084d7469c049c70101dc094b,ea076b4f60f295a479df93190e1718fd0fb6511d7950afed752928db7fc65ea3,0.565,0,51,47,3,50,1,98.03921568627452,96.51162790697674,94.73684210526316,87.5,100.0,96.7741935483871,710,14.2,0,0,0,0,4,0,0,0,0,0,5.6378,3.8865,4783,1136780,99,42,15,0.017062634989200864,1,0.401033,0.087763,88,2.477,11.437,16.171000000000003,19,0.025,0.031,0,0,0,0,0,0,
K8_R0.75_T1_H1_N1_S8013_EDGE_MARKET_inprocess,8013,8,0.75,1,1,N1,0.98,3.0,,EDGE_MARKET,inprocess,ae72615756d09d020916129351764ff93422e6f9084d7469c049c70101dc094b,a6dba55b73a9e9669cc4fe907ac75f7ec478c1d929fb27958e208953712f7d56,0.239,0,51,46,3,49,2,96.07843137254902,97.67441860465117,100.0,100.0,93.75,93.54838709677419,735,15.0,0,0,0,0,2,0,0,0,0,0,5.6278,3.8865,4269,1147639,81,40,4,0.007520621057738962,1,0.029417,0.147288,53,0.061,0.115,0.174,423,0.416,2.418,0,10,0,0,0,0,
K16_R0.90_T1_H1_N3_S8012_HYBRID_EAGER_inprocess,8012,16,0.9,1,1,N3,0.75,20.0,,HYBRID_EAGER,inprocess,958f701b09a91a6823844f85436a4ff31e572c53b9b6c706e81b87f5902e170d,75be2d79d529b1c4c7ae4f8c5bd0a09aec2f43cffaf499076ae34cf1dd158fd4,6.111,0,123,96,3,99,24,80.48780487804878,85.5072463768116,92.10526315789474,89.47368421052632,75.29411764705883,81.9672131147541,1724,17.414141414141415,2,2,0,0,12,0,0,0,0,0,5.6439,3.8982,13108,2676320,1171,207,72,0.3703355578531817,11,5.486433,0.296771,228,25.336000000000002,46.186,63.333,96,0.10500000000000001,0.491,0,0,0,0,0,0,
K8_R1.05_T1_H1_N1_S8013_STATIC_inprocess,8013,8,1.05,1,1,N1,0.98,3.0,,STATIC,inprocess,a41d11ada0a3ae2f3997498632f887fec356904f8331a8f5c7b83ac18b56f576,958d5d39888aa167187e184bf241622983fc647bd6082fa291b9053ef67f7e18,0.234,0,72,55,2,57,15,79.16666666666667,71.68141592920354,52.38095238095238,16.666666666666668,90.19607843137256,84.375,826,14.491228070175438,0,0,0,0,8,0,0,0,0,0,5.6432,3.8908,3874,1083011,79,43,1,0.0008073196986006459,0,0.050434,0.104314,237,0.01,0.277,0.453,0,0.0,0.0,0,1,0,0,0,0,
K8_R1.05_T1_H1_N1_S8013_PERIODIC_inprocess,8013,8,1.05,1,1,N1,0.98,3.0,,PERIODIC,inprocess,a41d11ada0a3ae2f3997498632f887fec356904f8331a8f5c7b83ac18b56f576,afca154afdb212a6b0f9c8e1f2e12497c90f36979031326e1f289d0e7e0d5edd,0.802,0,72,57,1,58,14,80.55555555555556,84.95575221238938,90.47619047619048,100.0,76.47058823529412,81.25,759,13.086206896551724,0,0,0,0,6,0,0,0,0,0,5.6529,3.8908,4512,1132944,90,31,4,0.005731315910132966,1,0.604398,0.097082,31,10.639,47.730000000000004,67.267,0,0.0,0.0,0,0,0,0,0,0,
K8_R1.05_T1_H1_N1_S8013_CENTRAL_inprocess,8013,8,1.05,1,1,N1,0.98,3.0,,CENTRAL,inprocess,a41d11ada0a3ae2f3997498632f887fec356904f8331a8f5c7b83ac18b56f576,ee06b4df0849d060bea6200231eae90cf830c902252bfe0429d37f6343d6da8a,3.05,0,72,56,1,57,15,79.16666666666667,84.070796460177,90.47619047619048,83.33333333333333,74.50980392156863,81.25,794,13.929824561403509,0,0,0,0,7,0,0,0,0,0,5.6555,3.8908,6618,1342426,131,71,16,0.025404157043879907,0,2.763433,0.12331,132,19.605999999999998,44.535,60.706,0,0.0,0.0,0,0,0,0,0,0,
K8_R1.05_T1_H1_N1_S8013_CENTRAL_FB_inprocess,8013,8,1.05,1,1,N1,0.98,3.0,,CENTRAL_FB,inprocess,a41d11ada0a3ae2f3997498632f887fec356904f8331a8f5c7b83ac18b56f576,aa262ef6303410faa19b0c0841023136f5b1e4d7aadc4a5f772ee6d66dd2b271,3.293,0,72,56,1,57,15,79.16666666666667,84.070796460177,90.47619047619048,83.33333333333333,74.50980392156863,81.25,794,13.929824561403509,0,0,0,0,7,0,0,0,0,0,5.6555,3.8908,6618,1342426,131,71,16,0.025404157043879907,0,2.99856,0.134605,132,21.821,41.024,100.98,2,0.053,0.053,0,0,0,0,0,0,
K8_R1.05_T1_H1_N1_S8013_CENTRAL_FOG_inprocess,8013,8,1.05,1,1,N1,0.98,3.0,,CENTRAL_FOG,inprocess,a41d11ada0a3ae2f3997498632f887fec356904f8331a8f5c7b83ac18b56f576,8c879b4f435f147ea92b1628ef0b04af1d4a6f8854fa15ef6b21444915f12676,3.353,0,72,56,1,57,15,79.16666666666667,84.070796460177,90.47619047619048,83.33333333333333,74.50980392156863,81.25,794,13.929824561403509,0,0,0,0,7,0,0,0,0,0,5.6555,3.8908,6618,1342426,131,71,16,0.025404157043879907,0,3.029484,0.12148199999999999,132,19.544999999999998,45.940000000000005,163.448,0,0.0,0.0,0,0,0,0,0,0,
K8_R1.05_T1_H1_N1_S8013_HYBRID_inprocess,8013,8,1.05,1,1,N1,0.98,3.0,,HYBRID,inprocess,a41d11ada0a3ae2f3997498632f887fec356904f8331a8f5c7b83ac18b56f576,d519e217fe24a4c0545786c3d8a209658fb87cb35cc8903c3dfad2d55b771e82,3.211,0,72,56,1,57,15,79.16666666666667,84.070796460177,90.47619047619048,83.33333333333333,74.50980392156863,81.25,794,13.929824561403509,0,0,0,0,7,0,0,0,0,0,5.6555,3.8908,6618,1342426,131,71,16,0.025404157043879907,0,2.923763,0.125197,132,23.302,40.421,50.83,2,0.013,0.013,0,0,0,0,0,0,
K8_R1.05_T1_H1_N1_S8013_EDGE_MARKET_inprocess,8013,8,1.05,1,1,N1,0.98,3.0,,EDGE_MARKET,inprocess,a41d11ada0a3ae2f3997498632f887fec356904f8331a8f5c7b83ac18b56f576,cd272f57d74ae3729fc29328e4410fb790475eb9986c6a21a8c5fd1a8664b119,0.42,0,72,56,2,58,14,80.55555555555556,86.72566371681415,100.0,100.0,72.54901960784314,84.375,822,14.172413793103448,0,0,0,0,7,0,0,0,0,0,5.6454,3.8908,5321,1396165,95,57,7,0.015817901234567902,0,0.043533,0.299449,150,0.081,0.251,0.40900000000000003,1409,0.5,2.989,0,31,0,0,0,0,
K4_R0.90_T1_H1_N1_S8013_STATIC_inprocess,8013,4,0.9,1,1,N1,0.98,3.0,,STATIC,inprocess,f2c1b2bffcd0da12f40f3986c002005d8deb91b506bac71bded4c548dc6536f1,cdd10a4af30e473bf9ad84693581d5a2cb6fb6c84bc0ef36f33ce2c22043af76,0.088,0,31,27,0,27,4,87.09677419354838,80.3921568627451,50.0,40.0,96.0,93.33333333333333,273,10.11111111111111,0,0,0,0,3,0,0,0,0,0,5.6466,3.97,1936,513793,40,26,1,0.0010770059235325794,0,0.014582,0.04122,86,0.005,0.075,0.187,0,0.0,0.0,0,1,0,0,0,0,
K4_R0.90_T1_H1_N1_S8013_PERIODIC_inprocess,8013,4,0.9,1,1,N1,0.98,3.0,,PERIODIC,inprocess,f2c1b2bffcd0da12f40f3986c002005d8deb91b506bac71bded4c548dc6536f1,d6b72ec889d3a81432731cc2c8c6b544df2e43a1f13317139164530bb99149f0,0.149,0,31,29,0,29,2,93.54838709677419,96.07843137254902,100.0,100.0,92.0,100.0,337,11.620689655172415,0,0,0,0,3,0,0,0,0,0,5.6141,3.97,2128,531336,54,29,1,0.009259259259259259,0,0.08142,0.037883,31,1.443,6.909,10.059000000000001,0,0.0,0.0,0,0,0,0,0,0,
K4_R0.90_T1_H1_N1_S8013_CENTRAL_inprocess,8013,4,0.9,1,1,N1,0.98,3.0,,CENTRAL,inprocess,f2c1b2bffcd0da12f40f3986c002005d8deb91b506bac71bded4c548dc6536f1,846bd59572f0b3857d4b129237abd58d5665ad15bc7ff8b42326dc2319d8b878,0.215,0,31,29,0,29,2,93.54838709677419,88.23529411764706,66.66666666666667,60.0,100.0,93.33333333333333,326,11.241379310344827,0,0,0,0,3,0,0,0,0,0,5.6498,3.97,2309,547249,60,28,15,0.014824797843665768,0,0.125233,0.047027,59,1.758,4.992,8.683,0,0.0,0.0,0,0,0,0,0,0,
K4_R0.90_T1_H1_N1_S8013_CENTRAL_FB_inprocess,8013,4,0.9,1,1,N1,0.98,3.0,,CENTRAL_FB,inprocess,f2c1b2bffcd0da12f40f3986c002005d8deb91b506bac71bded4c548dc6536f1,916ae5112ac33f57fc17c761f2d463797c16b752dc903718494e0d0e7744fdc6,0.24,0,31,29,0,29,2,93.54838709677419,88.23529411764706,66.66666666666667,60.0,100.0,93.33333333333333,326,11.241379310344827,0,0,0,0,3,0,0,0,0,0,5.6498,3.97,2309,547249,60,28,15,0.014824797843665768,0,0.146467,0.050642,59,1.825,7.386,10.945,2,0.014,0.014,0,0,0,0,0,0,
K4_R0.90_T1_H1_N1_S8013_CENTRAL_FOG_inprocess,8013,4,0.9,1,1,N1,0.98,3.0,,CENTRAL_FOG,inprocess,f2c1b2bffcd0da12f40f3986c002005d8deb91b506bac71bded4c548dc6536f1,51e8988db0f8d2d8a9228993c2dbbedbfe4a7d2dda03bd9da5cc3058fba5bab7,0.225,0,31,29,0,29,2,93.54838709677419,88.23529411764706,66.66666666666667,60.0,100.0,93.33333333333333,326,11.241379310344827,0,0,0,0,3,0,0,0,0,0,5.6498,3.97,2309,547249,60,28,15,0.014824797843665768,0,0.13791,0.048967000000000004,59,1.665,6.883,11.396999999999998,0,0.0,0.0,0,0,0,0,0,0,
K4_R0.90_T1_H1_N1_S8013_HYBRID_inprocess,8013,4,0.9,1,1,N1,0.98,3.0,,HYBRID,inprocess,f2c1b2bffcd0da12f40f3986c002005d8deb91b506bac71bded4c548dc6536f1,7864baf66072f87c742c64279a7863745804a9a277381add50df50fee1292bda,0.213,0,31,29,0,29,2,93.54838709677419,88.23529411764706,66.66666666666667,60.0,100.0,93.33333333333333,326,11.241379310344827,0,0,0,0,3,0,0,0,0,0,5.6498,3.97,2309,547249,60,28,15,0.014824797843665768,0,0.130974,0.04493,59,1.27,5.914,10.436,2,0.011,0.011,0,0,0,0,0,0,
K4_R0.90_T1_H1_N1_S8013_HYBRID_EAGER_inprocess,8013,4,0.9,1,1,N1,0.98,3.0,,HYBRID_EAGER,inprocess,f2c1b2bffcd0da12f40f3986c002005d8deb91b506bac71bded4c548dc6536f1,9b0bfc4d6eb2fc8914dfe2af8283aac8bcfab61517d128d9dc1712f794d9a262,0.226,0,31,29,0,29,2,93.54838709677419,88.23529411764706,66.66666666666667,60.0,100.0,93.33333333333333,326,11.241379310344827,0,0,0,0,3,0,0,0,0,0,5.6498,3.97,2309,547249,60,28,15,0.014824797843665768,0,0.137377,0.05142000000000001,59,1.681,5.938,10.708,9,0.033,0.033,0,0,0,0,0,0,
K4_R0.90_T1_H1_N1_S8013_EDGE_MARKET_inprocess,8013,4,0.9,1,1,N1,0.98,3.0,,EDGE_MARKET,inprocess,f2c1b2bffcd0da12f40f3986c002005d8deb91b506bac71bded4c548dc6536f1,196fb1df9a8caeafac2984b613e438eab04f4ff3caf1b90cb72b3f9642bdb8cc,0.116,0,31,26,0,26,5,83.87096774193549,82.3529411764706,66.66666666666667,60.0,88.0,93.33333333333333,286,11.0,0,0,0,0,2,0,0,0,0,0,5.6471,3.97,2033,530064,42,13,1,0.004594180704441042,0,0.016242,0.064138,35,0.044,0.052,0.077,154,0.48700000000000004,2.977,0,3,0,0,0,0,
K8_R1.05_T1_H1_N1_S8013_HYBRID_EAGER_inprocess,8013,8,1.05,1,1,N1,0.98,3.0,,HYBRID_EAGER,inprocess,a41d11ada0a3ae2f3997498632f887fec356904f8331a8f5c7b83ac18b56f576,b364bafc71b51820e9744998a168fb1980e20349aa3144a2d030b2730bc65603,3.046,0,72,57,1,58,14,80.55555555555556,85.84070796460178,90.47619047619048,100.0,76.47058823529412,75.0,783,13.5,0,0,0,0,7,0,0,0,0,0,5.6588,3.8908,6254,1293403,115,72,15,0.029531734377549357,0,2.759763,0.128643,125,18.628,51.795,76.296,12,0.088,0.22599999999999998,0,0,0,0,0,0,
K16_R0.90_T1_H1_N1_S8013_STATIC_inprocess,8013,16,0.9,1,1,N1,0.98,3.0,,STATIC,inprocess,2a79d04b4a511e9fadb46975a40c98e0866b286c1bb8b8694f361c75660262be,fdde157ffe7a2fef65b6421207c2d930c92d150fd0733d1a0936428c37197efc,0.423,0,123,103,2,105,18,85.36585365853658,81.21827411167513,69.44444444444444,57.142857142857146,91.95402298850574,84.21052631578948,1584,15.085714285714285,0,0,0,0,14,0,0,0,0,0,6.8768,3.8683,7730,2120352,156,81,6,0.0018870467718021297,1,0.071822,0.173989,187,0.01,0.433,0.9319999999999999,0,0.0,0.0,0,5,0,0,0,0,
K16_R0.90_T1_H1_N1_S8013_PERIODIC_inprocess,8013,16,0.9,1,1,N1,0.98,3.0,,PERIODIC,inprocess,2a79d04b4a511e9fadb46975a40c98e0866b286c1bb8b8694f361c75660262be,9a91a954008aa9279c0a64e4dcf5866a382610b61f2f45940cd06f1dee7044a3,1.112,0,123,103,2,105,18,85.36585365853658,87.30964467005076,86.11111111111111,100.0,85.05747126436782,82.45614035087719,1708,16.266666666666666,0,0,0,0,14,0,0,0,0,0,5.6639,3.8683,8604,2192614,155,95,6,0.008537758537758539,2,0.716503,0.197448,31,19.032,50.153000000000006,71.044,0,0.0,0.0,0,1,0,0,0,0,
K16_R0.90_T1_H1_N1_S8013_CENTRAL_inprocess,8013,16,0.9,1,1,N1,0.98,3.0,,CENTRAL,inprocess,2a79d04b4a511e9fadb46975a40c98e0866b286c1bb8b8694f361c75660262be,9cb9462213a5062bbe0e3818d110b69f34e2a52ec681b25e6f4b2d77dbe7292a,4.73,0,123,103,2,105,18,85.36585365853658,86.80203045685279,86.11111111111111,85.71428571428571,85.05747126436782,87.71929824561404,1631,15.533333333333333,0,0,0,0,13,0,0,0,0,0,5.6655,3.8683,12040,2504573,250,110,15,0.02533151989119347,1,4.20755,0.24975500000000006,161,25.013,53.525999999999996,89.47099999999999,0,0.0,0.0,0,0,0,0,0,0,
K16_R0.90_T1_H1_N1_S8013_CENTRAL_FB_inprocess,8013,16,0.9,1,1,N1,0.98,3.0,,CENTRAL_FB,inprocess,2a79d04b4a511e9fadb46975a40c98e0866b286c1bb8b8694f361c75660262be,9f3258179d742f67c50b53a46d728c62b512eb140bfbf30d424640d46b6e4cea,4.828,0,123,103,2,105,18,85.36585365853658,86.80203045685279,86.11111111111111,85.71428571428571,85.05747126436782,87.71929824561404,1631,15.533333333333333,0,0,0,0,13,0,0,0,0,0,5.6655,3.8683,12040,2504573,250,110,15,0.02533151989119347,1,4.253407,0.25889500000000004,161,26.581,49.499,78.609,2,0.016,0.016,0,0,0,0,0,0,
K16_R0.90_T1_H1_N1_S8013_CENTRAL_FOG_inprocess,8013,16,0.9,1,1,N1,0.98,3.0,,CENTRAL_FOG,inprocess,2a79d04b4a511e9fadb46975a40c98e0866b286c1bb8b8694f361c75660262be,33da68f750d091b36c62d1b616ebdfbc1ee63ec7f6e66c34a5f604bf55d59b0b,4.471,0,123,103,2,105,18,85.36585365853658,86.80203045685279,86.11111111111111,85.71428571428571,85.05747126436782,87.71929824561404,1631,15.533333333333333,0,0,0,0,13,0,0,0,0,0,5.6655,3.8683,12040,2504573,250,110,15,0.02533151989119347,1,3.950324,0.24703099999999997,161,24.032,48.199,84.798,0,0.0,0.0,0,0,0,0,0,0,
K16_R0.90_T1_H1_N1_S8013_HYBRID_inprocess,8013,16,0.9,1,1,N1,0.98,3.0,,HYBRID,inprocess,2a79d04b4a511e9fadb46975a40c98e0866b286c1bb8b8694f361c75660262be,9ff91057a08b7500f33d004add2f50e31bff9de7fa94af6f77929f77024a883f,4.694,0,123,103,2,105,18,85.36585365853658,86.80203045685279,86.11111111111111,85.71428571428571,85.05747126436782,87.71929824561404,1631,15.533333333333333,0,0,0,0,13,0,0,0,0,0,5.6655,3.8683,12040,2504573,250,110,15,0.02533151989119347,1,4.141331,0.251553,161,25.558999999999997,55.182,82.028,2,0.014,0.014,0,0,0,0,0,0,
K16_R0.90_T1_H1_N1_S8013_EDGE_MARKET_inprocess,8013,16,0.9,1,1,N1,0.98,3.0,,EDGE_MARKET,inprocess,2a79d04b4a511e9fadb46975a40c98e0866b286c1bb8b8694f361c75660262be,a458d4e456979bf14efde1ad1f73374da2d3280eba44192957a43700e3acf86e,0.864,0,123,105,2,107,16,86.99186991869918,88.83248730964468,86.11111111111111,92.85714285714286,87.35632183908046,91.2280701754386,1695,15.841121495327103,0,0,0,0,15,0,0,0,0,0,5.6525,3.8627,10113,2583551,207,100,14,0.01639845182318191,0,0.082367,0.5575479999999999,149,0.146,0.375,0.536,2248,0.488,3.1220000000000003,0,31,0,0,0,0,
K8_R0.75_T1_H1_N3_S8013_STATIC_inprocess,8013,8,0.75,1,1,N3,0.75,20.0,,STATIC,inprocess,670e1816eb234faf5838bb31ef2ac9414cacabd7a9d8749198c417e2c116bea1,37afa765acba7489dbf920eb941bc185ac58308bb73665e0718e7d873464c50d,0.162,0,51,43,2,45,6,88.23529411764706,84.88372093023256,84.21052631578948,62.5,90.625,90.3225806451613,785,17.444444444444443,0,0,0,0,3,0,0,0,0,0,5.6436,3.8865,3854,1060597,284,49,41,0.14719101123595504,3,0.023677,0.08360700000000001,103,0.007,0.208,0.36200000000000004,0,0.0,0.0,0,1,0,0,0,0,
K8_R0.75_T1_H1_N3_S8013_PERIODIC_inprocess,8013,8,0.75,1,1,N3,0.75,20.0,,PERIODIC,inprocess,670e1816eb234faf5838bb31ef2ac9414cacabd7a9d8749198c417e2c116bea1,12cb45ab110627eec37e88dbab38e65d879d4b54118c7c707799d094533a916f,0.275,0,51,47,3,50,1,98.03921568627452,97.67441860465117,100.0,100.0,96.875,100.0,802,16.04,0,0,0,0,5,0,0,0,0,0,5.6345,3.8865,4076,1109788,307,62,55,0.18563080096253007,3,0.116498,0.09074499999999999,31,1.403,13.265,14.057,0,0.0,0.0,0,0,0,0,0,0,
K8_R0.75_T1_H1_N3_S8013_CENTRAL_inprocess,8013,8,0.75,1,1,N3,0.75,20.0,,CENTRAL,inprocess,670e1816eb234faf5838bb31ef2ac9414cacabd7a9d8749198c417e2c116bea1,6f2dbe12ab080d13b6ad682915ca2c5d86404e4b9c2f48c6a9157fab96b81088,0.671,0,51,46,3,49,2,96.07843137254902,93.02325581395348,89.47368421052632,75.0,100.0,93.54838709677419,660,13.46938775510204,0,0,0,0,1,0,0,0,0,0,5.6049,3.8865,4715,1128321,396,64,77,0.4022046353872244,3,0.498008,0.10012400000000002,111,1.7129999999999999,14.181,17.951999999999998,0,0.0,0.0,0,0,0,0,0,0,
K8_R0.75_T1_H1_N3_S8013_CENTRAL_FB_inprocess,8013,8,0.75,1,1,N3,0.75,20.0,,CENTRAL_FB,inprocess,670e1816eb234faf5838bb31ef2ac9414cacabd7a9d8749198c417e2c116bea1,69c9054f5fd682d9bc397f99d5a019fffff939aa43f45c322eddb2084e18b0ac,0.691,0,51,46,3,49,2,96.07843137254902,93.02325581395348,89.47368421052632,75.0,100.0,93.54838709677419,649,13.244897959183673,0,0,0,0,1,0,0,0,0,0,5.618,3.8865,4754,1131433,406,64,77,0.4085810431856422,2,0.513873,0.098532,115,1.745,14.621,21.860999999999997,40,0.061,0.495,0,0,0,0,0,0,
K8_R0.75_T1_H1_N3_S8013_CENTRAL_FOG_inprocess,8013,8,0.75,1,1,N3,0.75,20.0,,CENTRAL_FOG,inprocess,670e1816eb234faf5838bb31ef2ac9414cacabd7a9d8749198c417e2c116bea1,ac3e22f5ee999a89cd984a18645314ab83e30494df9e03aac5fc521ede200ab1,0.639,0,51,46,3,49,2,96.07843137254902,93.02325581395348,89.47368421052632,75.0,100.0,93.54838709677419,660,13.46938775510204,0,0,0,0,1,0,0,0,0,0,5.6049,3.8865,4715,1128321,396,64,77,0.4022046353872244,3,0.449587,0.09737400000000002,111,1.787,12.655,21.351,0,0.0,0.0,0,0,0,0,0,0,
K16_R0.90_T1_H1_N1_S8013_HYBRID_EAGER_inprocess,8013,16,0.9,1,1,N1,0.98,3.0,,HYBRID_EAGER,inprocess,2a79d04b4a511e9fadb46975a40c98e0866b286c1bb8b8694f361c75660262be,b0ab3b57a7720af2f1cb7e75761307c2dca0e352862dae0220e74c7877f125ae,4.928,0,123,104,2,106,17,86.17886178861788,86.29441624365482,80.55555555555556,78.57142857142857,88.50574712643679,85.96491228070175,1608,15.169811320754716,0,0,0,0,13,0,0,0,0,0,5.6697,3.8683,12322,2507385,238,99,15,0.028159681961239025,0,4.370988,0.26330599999999993,175,26.074,51.989,75.42500000000001,31,0.078,2.6519999999999997,0,0,0,0,0,0,
K8_R0.75_T1_H1_N3_S8013_HYBRID_inprocess,8013,8,0.75,1,1,N3,0.75,20.0,,HYBRID,inprocess,670e1816eb234faf5838bb31ef2ac9414cacabd7a9d8749198c417e2c116bea1,9061126ab0f62f734fb4ae416284c3bdb67a9b3ce4c460a30f4b620d5a1a5043,0.721,0,51,46,3,49,2,96.07843137254902,93.02325581395348,89.47368421052632,75.0,100.0,93.54838709677419,649,13.244897959183673,0,0,0,0,1,0,0,0,0,0,5.618,3.8865,4754,1131433,406,64,77,0.4085810431856422,2,0.531004,0.103167,115,1.609,16.532,22.081,40,0.043000000000000003,0.513,0,0,0,0,0,0,
K8_R0.75_T1_H1_N3_S8013_HYBRID_EAGER_inprocess,8013,8,0.75,1,1,N3,0.75,20.0,,HYBRID_EAGER,inprocess,670e1816eb234faf5838bb31ef2ac9414cacabd7a9d8749198c417e2c116bea1,53e1c89d40803d21aa45944df0e09c2d0a94faa9d28bdad5d87207eba22aa6c5,0.564,0,51,46,3,49,2,96.07843137254902,93.02325581395348,89.47368421052632,75.0,100.0,93.54838709677419,649,13.244897959183673,0,0,0,0,1,0,0,0,0,0,5.618,3.8865,4754,1131215,406,64,77,0.4085810431856422,2,0.408481,0.09174,115,1.28,11.084,16.102,54,0.033,0.355,0,0,0,0,0,0,
K8_R0.75_T1_H1_N3_S8013_EDGE_MARKET_inprocess,8013,8,0.75,1,1,N3,0.75,20.0,,EDGE_MARKET,inprocess,670e1816eb234faf5838bb31ef2ac9414cacabd7a9d8749198c417e2c116bea1,e88bdb16fa1ba675720b761ee6a7a014518c1fa7985c4b7130254f9bbdc2cf06,0.205,0,51,46,3,49,2,96.07843137254902,97.67441860465117,100.0,100.0,93.75,93.54838709677419,833,17.0,0,0,0,0,2,0,0,0,0,0,5.6278,3.8865,4128,1119198,326,68,48,0.21348314606741572,3,0.020061,0.12653799999999998,46,0.037,0.073,0.13999999999999999,336,0.612,4.289000000000001,0,6,0,0,0,0,
K8_R1.05_T1_H1_N3_S8013_STATIC_inprocess,8013,8,1.05,1,1,N3,0.75,20.0,,STATIC,inprocess,02a761940848686d256844606f7097c8ace71271cc9be438b9e651715b2cd7b4,9f0e313a3a181dca8591178c3bdca16613c047cf898fddb9207a3e28fe3e6aa9,0.204,0,72,55,2,57,15,79.16666666666667,73.45132743362832,47.61904761904762,50.0,92.15686274509804,75.0,800,14.035087719298245,0,0,0,0,8,0,0,0,0,0,5.6485,3.8908,3871,1079541,309,54,65,0.25851103628881406,2,0.036391,0.09435600000000001,229,0.009000000000000001,0.25999999999999995,0.433,0,0.0,0.0,0,1,0,0,0,0,
K8_R1.05_T1_H1_N3_S8013_PERIODIC_inprocess,8013,8,1.05,1,1,N3,0.75,20.0,,PERIODIC,inprocess,02a761940848686d256844606f7097c8ace71271cc9be438b9e651715b2cd7b4,6b2e8880db8dc5bcee3fea71d4360f7e401020b1b2ed8fef14ea24cebe12c734,0.605,0,72,54,1,55,17,76.38888888888889,79.64601769911505,76.19047619047619,83.33333333333333,76.47058823529412,81.25,736,13.381818181818181,0,0,0,0,7,0,0,0,0,0,5.6756,3.8908,4405,1115794,368,63,64,0.21254681647940074,5,0.426021,0.10048699999999999,31,7.799,42.304,49.815,0,0.0,0.0,0,1,0,0,0,0,
K8_R1.05_T1_H1_N3_S8013_CENTRAL_inprocess,8013,8,1.05,1,1,N3,0.75,20.0,,CENTRAL,inprocess,02a761940848686d256844606f7097c8ace71271cc9be438b9e651715b2cd7b4,4cc2ddf6e18d412e60df59e4e360aac2c7c7edb06fefb52a0408522155f82b71,2.448,0,72,56,0,56,16,77.77777777777777,84.070796460177,95.23809523809524,100.0,70.58823529411765,81.25,717,12.803571428571429,0,0,0,0,6,0,0,0,0,0,5.7192,3.8908,6061,1281222,561,99,74,0.42403767403767406,6,2.222852,0.10689,149,10.19,42.964,65.964,0,0.0,0.0,0,0,0,0,0,0,
K8_R1.05_T1_H1_N3_S8013_CENTRAL_FB_inprocess,8013,8,1.05,1,1,N3,0.75,20.0,,CENTRAL_FB,inprocess,02a761940848686d256844606f7097c8ace71271cc9be438b9e651715b2cd7b4,67b466e10b45bb0f7dddaacb463359d292ea7625dd424efcfbc54e805fa0dd3d,2.554,0,72,55,2,57,15,79.16666666666667,85.84070796460178,95.23809523809524,100.0,72.54901960784314,87.5,743,13.035087719298245,0,0,0,0,6,0,0,0,0,0,5.651,3.8908,6168,1276840,541,100,74,0.418646436414454,2,2.274094,0.10706100000000002,154,10.479000000000001,40.223,50.465,36,0.09899999999999999,0.14300000000000002,0,0,0,0,0,0,
K8_R1.05_T1_H1_N3_S8013_CENTRAL_FOG_inprocess,8013,8,1.05,1,1,N3,0.75,20.0,,CENTRAL_FOG,inprocess,02a761940848686d256844606f7097c8ace71271cc9be438b9e651715b2cd7b4,6036d4ab65bd1bceb687393518d913d4c4b954b7bde59937f63fbfef040c29e9,2.313,0,72,56,0,56,16,77.77777777777777,84.070796460177,95.23809523809524,100.0,70.58823529411765,81.25,717,12.803571428571429,0,0,0,0,6,0,0,0,0,0,5.7192,3.8908,6061,1281222,561,99,74,0.42403767403767406,6,2.116979,0.10047,149,8.845,35.604,57.993,0,0.0,0.0,0,0,0,0,0,0,
K8_R1.05_T1_H1_N3_S8013_HYBRID_inprocess,8013,8,1.05,1,1,N3,0.75,20.0,,HYBRID,inprocess,02a761940848686d256844606f7097c8ace71271cc9be438b9e651715b2cd7b4,8c4e75a854fde5c56b70b3ede9d8db055db8950d57b5f3b508f466ba693a8822,2.858,0,72,55,2,57,15,79.16666666666667,85.84070796460178,95.23809523809524,100.0,72.54901960784314,87.5,743,13.035087719298245,0,0,0,0,6,0,0,0,0,0,5.651,3.8908,6168,1276840,541,100,74,0.418646436414454,2,2.512687,0.114291,154,12.16,46.048,64.374,36,0.1,0.12000000000000001,0,0,0,0,0,0,
K8_R1.05_T1_H1_N3_S8013_EDGE_MARKET_inprocess,8013,8,1.05,1,1,N3,0.75,20.0,,EDGE_MARKET,inprocess,02a761940848686d256844606f7097c8ace71271cc9be438b9e651715b2cd7b4,132a6209425cfe812bb3d0508ea08d166edfb4a3afd7711b85f6d1fa494d56f7,0.348,0,72,55,2,57,15,79.16666666666667,81.41592920353982,85.71428571428571,66.66666666666667,76.47058823529412,78.125,725,12.719298245614034,0,0,0,0,7,0,0,0,0,0,5.6688,3.8908,4651,1238328,404,80,65,0.3968668407310705,2,0.030279,0.24628899999999998,145,0.058,0.12000000000000001,0.179,807,0.524,4.577,0,22,0,0,0,0,
K4_R0.90_T1_H1_N3_S8013_STATIC_inprocess,8013,4,0.9,1,1,N3,0.75,20.0,,STATIC,inprocess,9c1eb2162d263bd31e31b16dda3eaa31b14336e5c96076cd30d0fe5f5ba9b842,bb6eebff4af33d106c4666350c139a220ed3f47e27c205723c6bd09d34f31098,0.085,0,31,27,0,27,4,87.09677419354838,76.47058823529412,33.333333333333336,20.0,100.0,93.33333333333333,255,9.444444444444445,0,0,0,0,2,0,0,0,0,0,5.6026,3.97,1930,509208,162,29,43,0.08431085043988269,2,0.012212,0.041736999999999996,141,0.006,0.05,0.17200000000000001,0,0.0,0.0,0,1,0,0,0,0,
K4_R0.90_T1_H1_N3_S8013_PERIODIC_inprocess,8013,4,0.9,1,1,N3,0.75,20.0,,PERIODIC,inprocess,9c1eb2162d263bd31e31b16dda3eaa31b14336e5c96076cd30d0fe5f5ba9b842,88feb88007666c3efaf9a55a04942dc69d81a2566dcb4f41177faf6d7f9a67ef,0.15,0,31,27,0,27,4,87.09677419354838,88.23529411764706,83.33333333333333,80.0,88.0,100.0,332,12.296296296296296,0,0,0,0,4,0,0,0,0,0,5.6415,3.97,2083,525678,181,28,42,0.13570487483530963,2,0.074137,0.043768,31,1.143,5.433000000000001,13.041,0,0.0,0.0,0,2,0,0,0,0,
K4_R0.90_T1_H1_N3_S8013_CENTRAL_inprocess,8013,4,0.9,1,1,N3,0.75,20.0,,CENTRAL,inprocess,9c1eb2162d263bd31e31b16dda3eaa31b14336e5c96076cd30d0fe5f5ba9b842,c26ee2b6a5e357794a73319f3a61d270d4a4291abeb3c80dab49509f7f0d4961,0.202,0,31,30,0,30,1,96.7741935483871,94.11764705882354,83.33333333333333,80.0,100.0,100.0,331,11.033333333333333,0,0,0,0,4,0,0,0,0,0,5.6732,3.97,2162,534584,169,27,46,0.21641791044776118,3,0.114484,0.045624000000000005,56,1.277,6.901,9.216000000000001,0,0.0,0.0,0,0,0,0,0,0,
K4_R0.90_T1_H1_N3_S8013_CENTRAL_FB_inprocess,8013,4,0.9,1,1,N3,0.75,20.0,,CENTRAL_FB,inprocess,9c1eb2162d263bd31e31b16dda3eaa31b14336e5c96076cd30d0fe5f5ba9b842,45b5204614f8b8fd8b7065f4cd7fd75a130da346b6bc898de62e1b5f5eb18d4f,0.217,0,31,30,0,30,1,96.7741935483871,98.03921568627452,100.0,100.0,96.0,100.0,355,11.833333333333334,0,0,0,0,3,0,0,0,0,0,5.6385,3.97,2236,542441,220,32,36,0.20714718352513628,3,0.131179,0.049272,67,1.181,6.248,7.447,15,0.038,2.644,0,0,0,0,0,0,
K4_R0.90_T1_H1_N3_S8013_CENTRAL_FOG_inprocess,8013,4,0.9,1,1,N3,0.75,20.0,,CENTRAL_FOG,inprocess,9c1eb2162d263bd31e31b16dda3eaa31b14336e5c96076cd30d0fe5f5ba9b842,6e4a1703b7fbaa57fea085e78f9a0d8d85ab131c5e7d40711d233ede22deaa5a,0.21,0,31,30,0,30,1,96.7741935483871,94.11764705882354,83.33333333333333,80.0,100.0,100.0,331,11.033333333333333,0,0,0,0,4,0,0,0,0,0,5.6732,3.97,2162,534584,169,27,46,0.21641791044776118,3,0.120156,0.048160999999999995,56,1.317,7.798,9.773,0,0.0,0.0,0,0,0,0,0,0,
K8_R1.05_T1_H1_N3_S8013_HYBRID_EAGER_inprocess,8013,8,1.05,1,1,N3,0.75,20.0,,HYBRID_EAGER,inprocess,02a761940848686d256844606f7097c8ace71271cc9be438b9e651715b2cd7b4,16f36b1c00cf0fbdc4db9e0605d5d8cc8699eb888bf3c86f6c26ab5a42d384d5,2.608,0,72,56,1,57,15,79.16666666666667,83.1858407079646,95.23809523809524,100.0,72.54901960784314,84.375,763,13.385964912280702,0,0,0,0,7,0,0,0,0,0,5.6511,3.8908,6149,1291807,527,98,74,0.4343051118210863,2,2.365084,0.115616,151,10.040000000000001,43.018,55.152,44,0.108,0.147,0,0,0,0,0,0,
K4_R0.90_T1_H1_N3_S8013_HYBRID_inprocess,8013,4,0.9,1,1,N3,0.75,20.0,,HYBRID,inprocess,9c1eb2162d263bd31e31b16dda3eaa31b14336e5c96076cd30d0fe5f5ba9b842,ce1d88e85fff55f2ea8172fa4778fb9569d8ee29684828de1e17bb308feab67c,0.222,0,31,30,0,30,1,96.7741935483871,98.03921568627452,100.0,100.0,96.0,100.0,355,11.833333333333334,0,0,0,0,3,0,0,0,0,0,5.6385,3.97,2236,542441,220,32,36,0.20714718352513628,3,0.136762,0.046601,67,1.038,7.394,8.596,15,0.115,2.8240000000000003,0,0,0,0,0,0,
K4_R0.90_T1_H1_N3_S8013_HYBRID_EAGER_inprocess,8013,4,0.9,1,1,N3,0.75,20.0,,HYBRID_EAGER,inprocess,9c1eb2162d263bd31e31b16dda3eaa31b14336e5c96076cd30d0fe5f5ba9b842,e6d1992bde69c4c238ca0d7b1a5ec85c24c02341ab4636c868dfba42693307ab,0.241,0,31,31,0,31,0,100.0,100.0,100.0,100.0,100.0,100.0,361,11.64516129032258,0,0,0,0,4,0,0,0,0,0,5.6866,3.97,2232,563448,197,39,36,0.17973462002412546,3,0.145804,0.054099999999999995,66,1.195,7.621,8.123999999999999,18,0.04,2.903,0,0,0,0,0,0,
K4_R0.90_T1_H1_N3_S8013_EDGE_MARKET_inprocess,8013,4,0.9,1,1,N3,0.75,20.0,,EDGE_MARKET,inprocess,9c1eb2162d263bd31e31b16dda3eaa31b14336e5c96076cd30d0fe5f5ba9b842,a8c7b1e32b20b4e0deb3dca3d5c9f34d8b688d1df8f976c2f246ef82bcd9f5a7,0.11,0,31,27,0,27,4,87.09677419354838,80.3921568627451,50.0,40.0,96.0,86.66666666666667,332,12.296296296296296,0,0,0,0,3,0,0,0,0,0,5.6808,3.97,1988,521643,177,31,42,0.20577871740662437,2,0.01273,0.062894,17,0.031,0.081,0.124,111,0.532,2.9949999999999997,0,3,0,0,0,0,
K16_R0.90_T1_H1_N3_S8013_STATIC_inprocess,8013,16,0.9,1,1,N3,0.75,20.0,,STATIC,inprocess,aae6fab77c55fcb546ca1deebeb6fcbdfec4000330831d852dd9c4aae8515ece,1720122584abc4f5dc04f69cc16c9c661fb15e6cfbd72904dd12710e3bff18de,0.433,0,123,104,2,106,17,86.17886178861788,80.20304568527919,61.111111111111114,50.0,96.55172413793103,85.96491228070175,1629,15.367924528301886,0,0,0,0,14,0,0,0,0,0,6.8768,3.8851,7721,2125140,656,115,71,0.10759956156375594,4,0.06361,0.187693,187,0.11,0.419,1.9040000000000001,0,0.0,0.0,0,1,0,0,0,0,
K16_R0.90_T1_H1_N3_S8013_PERIODIC_inprocess,8013,16,0.9,1,1,N3,0.75,20.0,,PERIODIC,inprocess,aae6fab77c55fcb546ca1deebeb6fcbdfec4000330831d852dd9c4aae8515ece,6b0fc61fbfca7c6c30f5305e08b2fc8343d9951fea81daf072be15cad27bf151,0.989,0,123,101,2,103,20,83.73983739837398,84.77157360406092,83.33333333333333,85.71428571428571,83.9080459770115,82.45614035087719,1618,15.70873786407767,0,0,0,0,13,0,0,0,0,0,5.6273,3.8851,8477,2179380,701,123,71,0.1527689369828135,7,0.586555,0.20595000000000002,31,11.938,52.995,62.5,0,0.0,0.0,0,1,0,0,0,0,
K16_R0.90_T1_H1_N3_S8013_CENTRAL_inprocess,8013,16,0.9,1,1,N3,0.75,20.0,,CENTRAL,inprocess,aae6fab77c55fcb546ca1deebeb6fcbdfec4000330831d852dd9c4aae8515ece,e98800b670c45e5d8379a930af91d641b2e92955a19bb015fce27b180950160d,4.058,0,123,106,2,108,15,87.8048780487805,90.35532994923858,88.88888888888889,100.0,87.35632183908046,85.96491228070175,1607,14.87962962962963,0,0,0,0,14,0,0,0,0,0,5.7149,3.879,11554,2439620,1011,203,74,0.3423166349608962,6,3.566993,0.24359600000000006,204,11.292,51.535,69.035,0,0.0,0.0,0,0,0,0,0,0,
K16_R0.90_T1_H1_N3_S8013_CENTRAL_FB_inprocess,8013,16,0.9,1,1,N3,0.75,20.0,,CENTRAL_FB,inprocess,aae6fab77c55fcb546ca1deebeb6fcbdfec4000330831d852dd9c4aae8515ece,e1645104f4e6f7f1e15d7687f571080fa8f1d75ac28dc3fc979dc3ed54602f50,4.022,0,123,106,2,108,15,87.8048780487805,90.86294416243655,97.22222222222223,100.0,83.9080459770115,85.96491228070175,1673,15.49074074074074,0,0,0,0,14,0,0,0,0,0,5.7149,3.879,11570,2461027,1089,184,74,0.35699883264353177,9,3.488805,0.249018,203,10.755,55.705,84.76100000000001,64,0.399,2.3600000000000003,0,0,0,0,0,0,
K16_R0.90_T1_H1_N3_S8013_CENTRAL_FOG_inprocess,8013,16,0.9,1,1,N3,0.75,20.0,,CENTRAL_FOG,inprocess,aae6fab77c55fcb546ca1deebeb6fcbdfec4000330831d852dd9c4aae8515ece,7a445a3af07f08eab8ebb7d7675556ba99e07f7fd8bdd30270a5cbafac2d3cc7,3.734,0,123,106,2,108,15,87.8048780487805,90.35532994923858,88.88888888888889,100.0,87.35632183908046,85.96491228070175,1607,14.87962962962963,0,0,0,0,14,0,0,0,0,0,5.7149,3.879,11554,2439620,1011,203,74,0.3423166349608962,6,3.274558,0.22742400000000002,204,9.771,47.921,67.468,0,0.0,0.0,0,0,0,0,0,0,
K16_R0.90_T1_H1_N3_S8013_HYBRID_inprocess,8013,16,0.9,1,1,N3,0.75,20.0,,HYBRID,inprocess,aae6fab77c55fcb546ca1deebeb6fcbdfec4000330831d852dd9c4aae8515ece,6c68fb6eb5526fd31e0340e396dd7351b98d337000594aedcbbd16088e0a72e8,3.623,0,123,106,2,108,15,87.8048780487805,90.86294416243655,97.22222222222223,100.0,83.9080459770115,85.96491228070175,1673,15.49074074074074,0,0,0,0,14,0,0,0,0,0,5.7149,3.879,11570,2461027,1089,184,74,0.35699883264353177,9,3.151553,0.2389499999999999,203,11.147,42.722,59.145,64,0.36900000000000005,2.402,0,0,0,0,0,0,
K16_R0.90_T1_H1_N3_S8013_EDGE_MARKET_inprocess,8013,16,0.9,1,1,N3,0.75,20.0,,EDGE_MARKET,inprocess,aae6fab77c55fcb546ca1deebeb6fcbdfec4000330831d852dd9c4aae8515ece,fad261903ac54ed350ae9050d12d786caa77ddfcbdf5110c5affd71f035801ca,0.617,0,123,102,2,104,19,84.55284552845528,84.26395939086295,80.55555555555556,78.57142857142857,86.20689655172414,91.2280701754386,1646,15.826923076923077,4,4,0,0,14,0,0,0,0,0,5.6529,3.879,9840,2543647,899,155,74,0.3414442700156986,3,0.053003,0.407674,140,0.101,0.301,0.388,2107,0.375,4.159000000000001,0,33,0,0,0,0,
K8_R0.75_T1_H1_N1_S8014_STATIC_inprocess,8014,8,0.75,1,1,N1,0.98,3.0,,STATIC,inprocess,f5cdf98facc56ca4c354ae685d54ccdb98fd9216c818109083057e6a903bbd0b,903c3e4dd67e132ab44fce1a145c944912b152aa6588143e84ac18cdd796495e,0.185,0,51,43,1,44,7,86.27450980392157,81.81818181818181,70.58823529411765,70.0,94.11764705882354,91.66666666666667,689,15.659090909090908,0,0,0,0,2,0,0,0,0,0,5.6233,3.8968,3852,1041954,71,39,3,0.0018873011593421407,1,0.030022,0.086603,117,0.007,0.161,0.786,0,0.0,0.0,0,2,0,0,0,0,
K8_R0.75_T1_H1_N1_S8014_PERIODIC_inprocess,8014,8,0.75,1,1,N1,0.98,3.0,,PERIODIC,inprocess,f5cdf98facc56ca4c354ae685d54ccdb98fd9216c818109083057e6a903bbd0b,3f6ac10b7f05d881bc414f6fc13ec9c7828139e1e008b246d238d310d29eb514,0.309,0,51,48,0,48,3,94.11764705882354,95.45454545454545,94.11764705882354,100.0,94.11764705882354,95.83333333333333,785,16.354166666666668,0,0,0,0,5,0,0,0,0,0,5.6578,3.8968,4221,1081440,93,60,3,0.004918839153959666,0,0.126056,0.09091199999999999,31,2.343,11.02,14.355,0,0.0,0.0,0,1,0,0,0,0,
K8_R0.75_T1_H1_N1_S8014_CENTRAL_inprocess,8014,8,0.75,1,1,N1,0.98,3.0,,CENTRAL,inprocess,f5cdf98facc56ca4c354ae685d54ccdb98fd9216c818109083057e6a903bbd0b,6512fb06435029bab524ac4f08994257afb3112f326c99118f032ad6a67e0583,0.609,0,51,47,0,47,4,92.15686274509804,92.04545454545455,88.23529411764706,90.0,94.11764705882354,91.66666666666667,785,16.70212765957447,0,0,0,0,4,0,0,0,0,0,5.6349,3.8968,4982,1184335,107,39,6,0.012210264900662252,1,0.418948,0.10581,100,3.0469999999999997,12.547,18.035,0,0.0,0.0,0,1,0,0,0,0,
K8_R0.75_T1_H1_N1_S8014_CENTRAL_FB_inprocess,8014,8,0.75,1,1,N1,0.98,3.0,,CENTRAL_FB,inprocess,f5cdf98facc56ca4c354ae685d54ccdb98fd9216c818109083057e6a903bbd0b,86b169f93eec2e0cc3617abdf38548e80a0cdfa3ec2a7242d096d8b018f63a7e,0.618,0,51,47,0,47,4,92.15686274509804,92.04545454545455,88.23529411764706,90.0,94.11764705882354,91.66666666666667,785,16.70212765957447,0,0,0,0,4,0,0,0,0,0,5.6349,3.8968,4982,1184335,107,39,6,0.012210264900662252,1,0.41846,0.10618100000000001,100,3.3,12.552000000000001,18.672,1,0.02,0.02,0,1,0,0,0,0,
K16_R0.90_T1_H1_N3_S8013_HYBRID_EAGER_inprocess,8013,16,0.9,1,1,N3,0.75,20.0,,HYBRID_EAGER,inprocess,aae6fab77c55fcb546ca1deebeb6fcbdfec4000330831d852dd9c4aae8515ece,c880248f30efae653a2244434e58075cf2098c74bb47a79c930df16f19a9e69d,3.464,0,123,103,2,105,18,85.36585365853658,86.29441624365482,86.11111111111111,85.71428571428571,85.05747126436782,84.21052631578948,1637,15.59047619047619,0,0,0,0,12,0,0,0,0,0,5.6386,3.879,11717,2497878,1074,185,52,0.3769857859531773,7,2.970895,0.26258499999999996,207,8.906,40.163,66.918,86,0.125,2.4,0,0,0,0,0,0,
K8_R0.75_T1_H1_N1_S8014_CENTRAL_FOG_inprocess,8014,8,0.75,1,1,N1,0.98,3.0,,CENTRAL_FOG,inprocess,f5cdf98facc56ca4c354ae685d54ccdb98fd9216c818109083057e6a903bbd0b,82ae4422cc4d90d6ef34fc8b5ac4e6093584ecedbdfa180578ad873ae098519f,0.576,0,51,47,0,47,4,92.15686274509804,92.04545454545455,88.23529411764706,90.0,94.11764705882354,91.66666666666667,785,16.70212765957447,0,0,0,0,4,0,0,0,0,0,5.6349,3.8968,4982,1184335,107,39,6,0.012210264900662252,1,0.37857,0.09796,100,2.931,12.142999999999999,16.341,0,0.0,0.0,0,1,0,0,0,0,
K8_R0.75_T1_H1_N1_S8014_HYBRID_inprocess,8014,8,0.75,1,1,N1,0.98,3.0,,HYBRID,inprocess,f5cdf98facc56ca4c354ae685d54ccdb98fd9216c818109083057e6a903bbd0b,95d88650458163cc71493d90d3ec3939b7fae6390beef1da95cc1a579b582b28,0.575,0,51,47,0,47,4,92.15686274509804,92.04545454545455,88.23529411764706,90.0,94.11764705882354,91.66666666666667,785,16.70212765957447,0,0,0,0,4,0,0,0,0,0,5.6349,3.8968,4982,1184335,107,39,6,0.012210264900662252,1,0.415668,0.09221000000000001,100,2.787,12.935,25.566,1,0.017,0.017,0,1,0,0,0,0,
K8_R0.75_T1_H1_N1_S8014_EDGE_MARKET_inprocess,8014,8,0.75,1,1,N1,0.98,3.0,,EDGE_MARKET,inprocess,f5cdf98facc56ca4c354ae685d54ccdb98fd9216c818109083057e6a903bbd0b,b615dbb5561e91344e2485f4cca131246ac8c96eb2eb1d00f4a232b13c9cefc1,0.239,0,51,46,1,47,4,92.15686274509804,92.04545454545455,94.11764705882354,90.0,91.17647058823529,95.83333333333333,669,14.23404255319149,0,0,0,0,4,0,0,0,0,0,5.6741,3.8968,4310,1123541,101,33,9,0.01131167268351384,1,0.031675,0.13182,72,0.060000000000000005,0.121,0.28400000000000003,514,0.365,4.798,0,13,0,0,0,0,
K8_R0.75_T1_H1_N1_S8014_HYBRID_EAGER_inprocess,8014,8,0.75,1,1,N1,0.98,3.0,,HYBRID_EAGER,inprocess,f5cdf98facc56ca4c354ae685d54ccdb98fd9216c818109083057e6a903bbd0b,45697053e282f17390ab673be1d233a9757569a2a5c5ec54fff770c08ca078f1,0.658,0,51,48,0,48,3,94.11764705882354,95.45454545454545,94.11764705882354,100.0,94.11764705882354,91.66666666666667,801,16.6875,0,0,0,0,5,0,0,0,0,0,5.6349,3.8968,4954,1182469,108,48,6,0.011453561016243232,0,0.441335,0.12184800000000001,98,3.315,11.843,17.822000000000003,17,0.048,0.068,0,0,0,0,0,0,
K8_R1.05_T1_H1_N1_S8014_STATIC_inprocess,8014,8,1.05,1,1,N1,0.98,3.0,,STATIC,inprocess,840e48667eb096907b7eebd095b9e733c983a7e33d9e1ab549d26d7f210efe55,72a0e70cf8386279afff1017f218ceeaecce3dae0bb5443255cf8c2549a94af2,0.204,0,72,56,3,59,13,81.94444444444444,75.21367521367522,44.44444444444444,44.44444444444444,94.44444444444444,73.6842105263158,824,13.966101694915254,0,0,0,0,8,0,0,0,0,0,5.6353,3.8828,3871,1078456,93,39,1,0.0010790396547073105,0,0.038134,0.09192499999999999,208,0.008,0.23800000000000002,0.416,0,0.0,0.0,0,1,0,0,0,0,
K8_R1.05_T1_H1_N1_S8014_PERIODIC_inprocess,8014,8,1.05,1,1,N1,0.98,3.0,,PERIODIC,inprocess,840e48667eb096907b7eebd095b9e733c983a7e33d9e1ab549d26d7f210efe55,0634a04480eb609989092832b07e9dd0f6e44fcad602576123211003f6a8c0bf,0.507,0,72,53,2,55,17,76.38888888888889,78.63247863247864,77.77777777777777,88.88888888888889,75.92592592592592,76.3157894736842,868,15.781818181818181,0,0,0,0,8,0,0,0,0,0,5.6749,3.8828,4466,1131477,89,53,3,0.006939625260235947,1,0.356758,0.085943,31,8.995,28.209999999999997,38.404,0,0.0,0.0,0,1,0,0,0,0,
K8_R1.05_T1_H1_N1_S8014_CENTRAL_inprocess,8014,8,1.05,1,1,N1,0.98,3.0,,CENTRAL,inprocess,840e48667eb096907b7eebd095b9e733c983a7e33d9e1ab549d26d7f210efe55,13c3a2136dd56e2fdaaff9fa154ae925af1324cb10c4cca0d7f1b7b1d78dd875,2.223,0,72,57,2,59,13,81.94444444444444,87.17948717948718,100.0,100.0,75.92592592592592,76.3157894736842,851,14.423728813559322,0,0,0,0,8,0,0,0,0,0,5.6676,3.8828,5826,1273971,111,62,8,0.020676362362011563,0,1.967148,0.127552,123,14.469,40.974999999999994,51.505,0,0.0,0.0,0,0,0,0,0,0,
K8_R1.05_T1_H1_N1_S8014_CENTRAL_FB_inprocess,8014,8,1.05,1,1,N1,0.98,3.0,,CENTRAL_FB,inprocess,840e48667eb096907b7eebd095b9e733c983a7e33d9e1ab549d26d7f210efe55,f5e083f80fb9663b67df5da9e63e4461a024a4a8cd6b8557e743fe9784c33a7f,2.069,0,72,57,2,59,13,81.94444444444444,87.17948717948718,100.0,100.0,75.92592592592592,76.3157894736842,851,14.423728813559322,0,0,0,0,8,0,0,0,0,0,5.6676,3.8828,5826,1273971,111,62,8,0.020676362362011563,0,1.824915,0.110372,123,13.687,32.705999999999996,53.72,0,0.0,0.0,0,0,0,0,0,0,
K8_R1.05_T1_H1_N1_S8014_CENTRAL_FOG_inprocess,8014,8,1.05,1,1,N1,0.98,3.0,,CENTRAL_FOG,inprocess,840e48667eb096907b7eebd095b9e733c983a7e33d9e1ab549d26d7f210efe55,cb952c45555547fec6d59fd4d8de7ac89e205937e21bd8d9e68816e62e63031a,2.056,0,72,57,2,59,13,81.94444444444444,87.17948717948718,100.0,100.0,75.92592592592592,76.3157894736842,851,14.423728813559322,0,0,0,0,8,0,0,0,0,0,5.6676,3.8828,5826,1273971,111,62,8,0.020676362362011563,0,1.835745,0.104848,123,12.638,37.337,48.031,0,0.0,0.0,0,0,0,0,0,0,
K8_R1.05_T1_H1_N1_S8014_HYBRID_inprocess,8014,8,1.05,1,1,N1,0.98,3.0,,HYBRID,inprocess,840e48667eb096907b7eebd095b9e733c983a7e33d9e1ab549d26d7f210efe55,7deb449304d97de46e4c4cfa0dfc4404c507a3876c65d668c0ba2254ae928375,2.197,0,72,57,2,59,13,81.94444444444444,87.17948717948718,100.0,100.0,75.92592592592592,76.3157894736842,851,14.423728813559322,0,0,0,0,8,0,0,0,0,0,5.6676,3.8828,5826,1273971,111,62,8,0.020676362362011563,0,1.945781,0.11981,123,14.558,39.648,56.19,0,0.0,0.0,0,0,0,0,0,0,
K8_R1.05_T1_H1_N1_S8014_EDGE_MARKET_inprocess,8014,8,1.05,1,1,N1,0.98,3.0,,EDGE_MARKET,inprocess,840e48667eb096907b7eebd095b9e733c983a7e33d9e1ab549d26d7f210efe55,58fc2ab02c2d365eeaedc341b88f1e9cd9748bdbb925771a6aea69fdddde4d27,0.314,0,72,54,2,56,16,77.77777777777777,81.19658119658119,77.77777777777777,100.0,77.77777777777777,76.3157894736842,874,15.607142857142858,0,0,0,0,8,0,0,0,0,0,5.6729,3.8828,4824,1306126,91,55,9,0.018293980004254414,0,0.032455,0.21254299999999998,119,0.061,0.189,0.32899999999999996,952,0.45,3.827,0,26,0,0,0,0,
K4_R0.90_T1_H1_N1_S8014_STATIC_inprocess,8014,4,0.9,1,1,N1,0.98,3.0,,STATIC,inprocess,40ca13c9a23d0316ff1a37bacf9f09b44c773e9e091755f1bcc451514c6bab3a,c42ae6ab525ccf1f0929c7f930f368495cd52932d0a8b52eba2b555af36f2017,0.102,0,31,24,2,26,5,83.87096774193549,81.48148148148148,70.0,60.0,90.47619047619048,80.0,359,13.807692307692308,0,0,0,0,4,0,0,0,0,0,5.6608,3.9216,1937,565009,37,22,7,0.004273504273504274,1,0.018543,0.047944999999999995,142,0.006,0.107,0.313,0,0.0,0.0,0,0,0,0,0,0,
K4_R0.90_T1_H1_N1_S8014_PERIODIC_inprocess,8014,4,0.9,1,1,N1,0.98,3.0,,PERIODIC,inprocess,40ca13c9a23d0316ff1a37bacf9f09b44c773e9e091755f1bcc451514c6bab3a,b69b2cbf5cc3e796c26772da741d039b7144ab8a205b98f854f37a94918ec68f,0.166,0,31,27,1,28,3,90.3225806451613,92.5925925925926,100.0,100.0,85.71428571428571,90.0,361,12.892857142857142,0,0,0,0,4,0,0,0,0,0,5.6684,3.9216,2140,576085,44,26,1,0.002894356005788712,0,0.07722,0.049783,31,1.613,4.919,6.874,0,0.0,0.0,0,0,0,0,0,0,
K4_R0.90_T1_H1_N1_S8014_CENTRAL_inprocess,8014,4,0.9,1,1,N1,0.98,3.0,,CENTRAL,inprocess,40ca13c9a23d0316ff1a37bacf9f09b44c773e9e091755f1bcc451514c6bab3a,24254ecba46619e7debfd8c31abac0a0eec148183a2d1ba80cbc2340e679f891,0.275,0,31,27,2,29,2,93.54838709677419,96.29629629629629,100.0,100.0,90.47619047619048,90.0,341,11.758620689655173,0,0,0,0,4,0,0,0,0,0,5.6903,3.9216,2357,581307,53,30,10,0.012211077191452245,0,0.16439,0.053116,61,2.484,4.869,7.295,0,0.0,0.0,0,0,0,0,0,0,
K4_R0.90_T1_H1_N1_S8014_CENTRAL_FB_inprocess,8014,4,0.9,1,1,N1,0.98,3.0,,CENTRAL_FB,inprocess,40ca13c9a23d0316ff1a37bacf9f09b44c773e9e091755f1bcc451514c6bab3a,632499677f4e5bde9f7583e7027bf22e9d55e16932840cb31d322fa5e6409221,0.292,0,31,27,2,29,2,93.54838709677419,94.44444444444444,90.0,100.0,95.23809523809524,95.0,347,11.96551724137931,0,0,0,0,4,0,0,0,0,0,5.6633,3.9216,2436,588218,40,29,10,0.009663865546218488,0,0.185783,0.05472200000000001,68,2.196,6.771,10.119,1,0.026,0.026,0,0,0,0,0,0,
K4_R0.90_T1_H1_N1_S8014_CENTRAL_FOG_inprocess,8014,4,0.9,1,1,N1,0.98,3.0,,CENTRAL_FOG,inprocess,40ca13c9a23d0316ff1a37bacf9f09b44c773e9e091755f1bcc451514c6bab3a,3742f0a7ea37dd169b0e16f1d8b4e3a7a0dfcdbb1cd8adbe32fccecb9612ce1d,0.246,0,31,27,2,29,2,93.54838709677419,96.29629629629629,100.0,100.0,90.47619047619048,90.0,341,11.758620689655173,0,0,0,0,4,0,0,0,0,0,5.6903,3.9216,2357,581307,53,30,10,0.012211077191452245,0,0.156667,0.050614,61,2.185,5.1419999999999995,8.088,0,0.0,0.0,0,0,0,0,0,0,
K8_R1.05_T1_H1_N1_S8014_HYBRID_EAGER_inprocess,8014,8,1.05,1,1,N1,0.98,3.0,,HYBRID_EAGER,inprocess,840e48667eb096907b7eebd095b9e733c983a7e33d9e1ab549d26d7f210efe55,3659672b274e68c36fd92dc2426975244517112f865aeca0b681f0905d287d01,1.937,0,72,57,1,58,14,80.55555555555556,87.17948717948718,100.0,100.0,74.07407407407408,76.3157894736842,839,14.46551724137931,0,0,0,0,7,0,0,0,0,0,5.6517,3.8828,5635,1237524,107,59,8,0.018162005085361425,0,1.71603,0.11631899999999999,111,13.849,31.973000000000003,41.509,12,0.026,0.034,0,0,0,0,0,0,
K4_R0.90_T1_H1_N1_S8014_HYBRID_EAGER_inprocess,8014,4,0.9,1,1,N1,0.98,3.0,,HYBRID_EAGER,inprocess,40ca13c9a23d0316ff1a37bacf9f09b44c773e9e091755f1bcc451514c6bab3a,ed7f1a2203af6678f7cd7885d3d5202c599fc031c2ea9cfd475c47b992593594,0.273,0,31,27,2,29,2,93.54838709677419,94.44444444444444,90.0,100.0,95.23809523809524,95.0,347,11.96551724137931,0,0,0,0,4,0,0,0,0,0,5.6633,3.9216,2436,588218,40,29,10,0.009663865546218488,0,0.177852,0.054857,68,2.294,6.723,7.3,7,0.043000000000000003,0.043000000000000003,0,0,0,0,0,0,
K4_R0.90_T1_H1_N1_S8014_HYBRID_inprocess,8014,4,0.9,1,1,N1,0.98,3.0,,HYBRID,inprocess,40ca13c9a23d0316ff1a37bacf9f09b44c773e9e091755f1bcc451514c6bab3a,c21b50333ca426773a433a5ba1ec50808ad6a21f871507e9ec5290276517d99a,0.305,0,31,27,2,29,2,93.54838709677419,94.44444444444444,90.0,100.0,95.23809523809524,95.0,347,11.96551724137931,0,0,0,0,4,0,0,0,0,0,5.6633,3.9216,2436,588218,40,29,10,0.009663865546218488,0,0.198879,0.058191999999999994,68,2.111,6.753,8.01,1,0.026,0.026,0,0,0,0,0,0,
K4_R0.90_T1_H1_N1_S8014_EDGE_MARKET_inprocess,8014,4,0.9,1,1,N1,0.98,3.0,,EDGE_MARKET,inprocess,40ca13c9a23d0316ff1a37bacf9f09b44c773e9e091755f1bcc451514c6bab3a,fd3c8054644bd57484f6bb22af0602e42fdaeb2aaae35428dc312b1250bc0282,0.127,0,31,27,1,28,3,90.3225806451613,92.5925925925926,100.0,100.0,85.71428571428571,95.0,395,14.107142857142858,0,0,0,0,4,0,0,0,0,0,5.6867,3.9216,2062,562454,46,28,3,0.004515805318615153,2,0.019322,0.06789099999999999,40,0.044,0.07200000000000001,0.148,164,0.49,4.151,0,5,0,0,0,0,
K16_R0.90_T1_H1_N1_S8014_STATIC_inprocess,8014,16,0.9,1,1,N1,0.98,3.0,,STATIC,inprocess,babd891f14a3945c191dc1b0fc6e83a3c06bbc5065c07c2c95dbea8678b71c31,46d7208e92a01c6b831174b2908cb26e223f3d4b5f4c7ca6ae20e845ec054077,0.382,0,123,100,6,106,17,86.17886178861788,84.61538461538461,81.25,77.77777777777777,87.91208791208791,84.7457627118644,1728,16.30188679245283,24,24,0,0,13,0,0,0,0,0,5.692,3.8689,7735,2253264,150,97,2,0.0024222850222042794,1,0.063281,0.172258,186,0.008,0.404,0.5770000000000001,0,0.0,0.0,0,4,0,0,0,0,
K16_R0.90_T1_H1_N1_S8014_PERIODIC_inprocess,8014,16,0.9,1,1,N1,0.98,3.0,,PERIODIC,inprocess,babd891f14a3945c191dc1b0fc6e83a3c06bbc5065c07c2c95dbea8678b71c31,93ee14e6feb197b362ac83c0e088cd1ed2110b6e246ae6cd31fd7de2642cae25,1.124,0,123,106,6,112,11,91.0569105691057,92.82051282051282,96.875,94.44444444444444,89.01098901098901,88.13559322033899,1762,15.732142857142858,6,6,0,0,14,0,0,0,0,0,7.1857,3.8689,8844,2357590,205,82,8,0.010671983112466284,3,0.716123,0.220833,31,16.977,63.696000000000005,72.36,0,0.0,0.0,0,2,0,0,0,0,
K16_R0.90_T1_H1_N1_S8014_CENTRAL_inprocess,8014,16,0.9,1,1,N1,0.98,3.0,,CENTRAL,inprocess,babd891f14a3945c191dc1b0fc6e83a3c06bbc5065c07c2c95dbea8678b71c31,eb6ad0d4f50902f57489e1befd0bfb17dc99828804ac53788850c8ca3b3b8139,6.24,0,123,105,3,108,15,87.8048780487805,91.28205128205128,96.875,94.44444444444444,84.61538461538461,89.83050847457628,1730,16.01851851851852,0,0,0,0,13,0,0,0,0,0,5.686,3.8689,13256,2755170,265,132,10,0.04245174190571407,1,5.649067,0.26420800000000005,177,31.137999999999998,60.646,69.211,0,0.0,0.0,0,0,0,0,0,0,
K16_R0.90_T1_H1_N1_S8014_CENTRAL_FB_inprocess,8014,16,0.9,1,1,N1,0.98,3.0,,CENTRAL_FB,inprocess,babd891f14a3945c191dc1b0fc6e83a3c06bbc5065c07c2c95dbea8678b71c31,26cfa019624bc4d7b0479249e7bfdf2e52fa47512aa9bf736f8d73516a75abfd,6.397,0,123,105,3,108,15,87.8048780487805,91.28205128205128,96.875,94.44444444444444,84.61538461538461,89.83050847457628,1730,16.01851851851852,0,0,0,0,13,0,0,0,0,0,5.686,3.8689,13256,2755170,265,132,10,0.04245174190571407,1,5.837741,0.265811,177,30.62,68.645,101.04599999999999,2,0.034,0.034,0,0,0,0,0,0,
K16_R0.90_T1_H1_N1_S8014_CENTRAL_FOG_inprocess,8014,16,0.9,1,1,N1,0.98,3.0,,CENTRAL_FOG,inprocess,babd891f14a3945c191dc1b0fc6e83a3c06bbc5065c07c2c95dbea8678b71c31,cf5280e6916b024682c5f53def573d47414cec19d3fe798f903b6dc7f12de535,6.553,0,123,105,3,108,15,87.8048780487805,91.28205128205128,96.875,94.44444444444444,84.61538461538461,89.83050847457628,1730,16.01851851851852,0,0,0,0,13,0,0,0,0,0,5.686,3.8689,13256,2755170,265,132,10,0.04245174190571407,1,5.836239,0.279469,177,30.290000000000003,68.167,103.264,0,0.0,0.0,0,0,0,0,0,0,
K16_R0.90_T1_H1_N1_S8014_HYBRID_inprocess,8014,16,0.9,1,1,N1,0.98,3.0,,HYBRID,inprocess,babd891f14a3945c191dc1b0fc6e83a3c06bbc5065c07c2c95dbea8678b71c31,895e446bb7c08c73f8d7eb437322511052d9c460dac44748c468ed6fdaa95c68,6.475,0,123,105,3,108,15,87.8048780487805,91.28205128205128,96.875,94.44444444444444,84.61538461538461,89.83050847457628,1730,16.01851851851852,0,0,0,0,13,0,0,0,0,0,5.686,3.8689,13256,2755170,265,132,10,0.04245174190571407,1,5.866776,0.25649000000000005,177,28.926000000000002,72.04299999999999,90.075,2,0.041999999999999996,0.041999999999999996,0,0,0,0,0,0,
K16_R0.90_T1_H1_N1_S8014_EDGE_MARKET_inprocess,8014,16,0.9,1,1,N1,0.98,3.0,,EDGE_MARKET,inprocess,babd891f14a3945c191dc1b0fc6e83a3c06bbc5065c07c2c95dbea8678b71c31,6d698819335226f0380b68aa4bddd83a2323644e0219b2786ce1b4add82b0cb5,0.968,0,123,105,3,108,15,87.8048780487805,90.25641025641026,90.625,94.44444444444444,86.81318681318682,86.44067796610169,1887,17.47222222222222,8,8,0,0,13,0,0,0,0,0,5.6403,3.8689,10935,2952624,212,119,10,0.02269317329332333,1,0.096102,0.644853,163,0.145,0.6880000000000001,0.973,2994,0.48000000000000004,3.549,0,64,0,0,0,0,
K8_R0.75_T1_H1_N3_S8014_STATIC_inprocess,8014,8,0.75,1,1,N3,0.75,20.0,,STATIC,inprocess,316156594fe10bbc330f7503156a3940f23a0a4e1bc25a9f8cfb9cef2023f1f8,3f99f1f54583fa5e5efe468389837246b476a1e29fc6f34e28e352c338088265,0.183,0,51,43,1,44,7,86.27450980392157,80.68181818181819,64.70588235294117,60.0,97.05882352941177,91.66666666666667,743,16.886363636363637,0,0,0,0,5,0,0,0,0,0,5.6433,3.8968,3858,1058304,302,36,119,0.1885806192199437,6,0.025182,0.09147200000000001,202,0.006,0.12300000000000001,0.367,0,0.0,0.0,0,5,0,0,0,0,
K8_R0.75_T1_H1_N3_S8014_PERIODIC_inprocess,8014,8,0.75,1,1,N3,0.75,20.0,,PERIODIC,inprocess,316156594fe10bbc330f7503156a3940f23a0a4e1bc25a9f8cfb9cef2023f1f8,c8c198c383a2176d3c6266ded7e1eee49b3748635f7e857d17e5e9cfc98be2eb,0.256,0,51,45,1,46,5,90.19607843137256,86.36363636363636,76.47058823529412,70.0,97.05882352941177,87.5,788,17.130434782608695,0,0,0,0,5,0,0,0,0,0,5.6396,3.8968,4167,1094588,331,60,161,0.402352102637206,5,0.100836,0.090216,31,1.898,6.332,18.178,0,0.0,0.0,0,1,0,0,0,0,
K8_R0.75_T1_H1_N3_S8014_CENTRAL_inprocess,8014,8,0.75,1,1,N3,0.75,20.0,,CENTRAL,inprocess,316156594fe10bbc330f7503156a3940f23a0a4e1bc25a9f8cfb9cef2023f1f8,5951250a0535b275df1d66f63760e476b6c6ab9fa0fc7af9927e44c7197ad4b9,0.484,0,51,47,1,48,3,94.11764705882354,93.18181818181819,94.11764705882354,90.0,94.11764705882354,95.83333333333333,778,16.208333333333332,0,0,0,0,4,0,0,0,0,0,5.6485,3.8968,4713,1154034,375,62,148,0.3524541691306919,4,0.3182,0.088126,109,2.079,9.947,20.797,0,0.0,0.0,0,1,0,0,0,0,
K8_R0.75_T1_H1_N3_S8014_CENTRAL_FB_inprocess,8014,8,0.75,1,1,N3,0.75,20.0,,CENTRAL_FB,inprocess,316156594fe10bbc330f7503156a3940f23a0a4e1bc25a9f8cfb9cef2023f1f8,35d326a5e1c27fa8d6e6570354eea170482bf8d935465191f679a33006822901,0.475,0,51,48,1,49,2,96.07843137254902,95.45454545454545,94.11764705882354,90.0,97.05882352941177,95.83333333333333,820,16.73469387755102,0,0,0,0,6,0,0,0,0,0,5.6299,3.8968,4737,1154464,359,64,158,0.4442493415276558,3,0.295307,0.08752700000000001,113,1.9480000000000002,6.503,16.456,46,0.101,0.388,0,0,0,0,0,0,
K8_R0.75_T1_H1_N3_S8014_CENTRAL_FOG_inprocess,8014,8,0.75,1,1,N3,0.75,20.0,,CENTRAL_FOG,inprocess,316156594fe10bbc330f7503156a3940f23a0a4e1bc25a9f8cfb9cef2023f1f8,048021f79c6446d1efa944e0fafaac3a95e785003e39efed7a77db114234505b,0.429,0,51,47,1,48,3,94.11764705882354,93.18181818181819,94.11764705882354,90.0,94.11764705882354,95.83333333333333,778,16.208333333333332,0,0,0,0,4,0,0,0,0,0,5.6485,3.8968,4713,1154034,375,62,148,0.3524541691306919,4,0.279002,0.084539,109,1.9559999999999997,6.186999999999999,26.193,0,0.0,0.0,0,1,0,0,0,0,
K8_R0.75_T1_H1_N3_S8014_HYBRID_inprocess,8014,8,0.75,1,1,N3,0.75,20.0,,HYBRID,inprocess,316156594fe10bbc330f7503156a3940f23a0a4e1bc25a9f8cfb9cef2023f1f8,4ea5b121512203b8f3ed962f4f60581f43b3be0830f91b8c82e5def6a809dbdf,0.51,0,51,48,1,49,2,96.07843137254902,95.45454545454545,94.11764705882354,90.0,97.05882352941177,95.83333333333333,820,16.73469387755102,0,0,0,0,6,0,0,0,0,0,5.6299,3.8968,4737,1154464,359,64,158,0.4442493415276558,3,0.340453,0.100705,113,2.351,8.606000000000002,17.697,46,0.097,0.467,0,0,0,0,0,0,
K8_R0.75_T1_H1_N3_S8014_HYBRID_EAGER_inprocess,8014,8,0.75,1,1,N3,0.75,20.0,,HYBRID_EAGER,inprocess,316156594fe10bbc330f7503156a3940f23a0a4e1bc25a9f8cfb9cef2023f1f8,47ab7c6d5d63464b19f8e831e28e1bd043f3d8ddc4d2ea05c0fcfa9a614f6012,0.413,0,51,48,1,49,2,96.07843137254902,95.45454545454545,94.11764705882354,90.0,97.05882352941177,95.83333333333333,820,16.73469387755102,0,0,0,0,6,0,0,0,0,0,5.6299,3.8968,4737,1154494,359,64,158,0.4442493415276558,3,0.264322,0.08637,113,1.774,6.335999999999999,18.637999999999998,55,0.045000000000000005,0.35,0,0,0,0,0,0,
K8_R0.75_T1_H1_N3_S8014_EDGE_MARKET_inprocess,8014,8,0.75,1,1,N3,0.75,20.0,,EDGE_MARKET,inprocess,316156594fe10bbc330f7503156a3940f23a0a4e1bc25a9f8cfb9cef2023f1f8,c1b23c8aebf6682d468d94b68828e3d93111f6d026375f792b061d1b3f778a13,0.215,0,51,43,1,44,7,86.27450980392157,87.5,82.3529411764706,90.0,88.23529411764706,91.66666666666667,948,21.545454545454547,0,0,0,0,6,0,0,0,0,0,5.6367,3.8968,4207,1159602,314,46,140,0.3244940683879972,3,0.022722,0.13305899999999998,63,0.053,0.102,0.163,410,0.48700000000000004,3.63,0,16,0,0,0,0,
K8_R1.05_T1_H1_N3_S8014_STATIC_inprocess,8014,8,1.05,1,1,N3,0.75,20.0,,STATIC,inprocess,ca3c15636293fa4cc7ddb586da37d934b6e0e0ddfeb0ef43741ccaccf4e0c359,9903d2a9f28d24a346039a9a3bc387114672704d48f064e3dc9bc4b0a0d4303a,0.148,0,72,56,3,59,13,81.94444444444444,74.35897435897436,44.44444444444444,33.333333333333336,94.44444444444444,71.05263157894737,837,14.186440677966102,0,0,0,0,8,0,0,0,0,0,5.6363,3.8828,3874,1079112,292,50,153,0.25437898089171973,3,0.023745,0.07211799999999999,208,0.006,0.17200000000000001,0.247,0,0.0,0.0,0,1,0,0,0,0,
K8_R1.05_T1_H1_N3_S8014_PERIODIC_inprocess,8014,8,1.05,1,1,N3,0.75,20.0,,PERIODIC,inprocess,ca3c15636293fa4cc7ddb586da37d934b6e0e0ddfeb0ef43741ccaccf4e0c359,88719c2efd64d665979110950049b9bc352941071e24f68b56ea0a4f8a72bf07,0.447,0,72,56,2,58,14,80.55555555555556,84.61538461538461,88.88888888888889,88.88888888888889,77.77777777777777,78.94736842105263,867,14.948275862068966,0,0,0,0,8,0,0,0,0,0,5.6478,3.8828,4322,1104010,323,70,137,0.36612204068022675,4,0.257578,0.08585899999999999,31,7.53,25.808999999999997,31.046,0,0.0,0.0,0,0,0,0,0,0,
K16_R0.90_T1_H1_N1_S8014_HYBRID_EAGER_inprocess,8014,16,0.9,1,1,N1,0.98,3.0,,HYBRID_EAGER,inprocess,babd891f14a3945c191dc1b0fc6e83a3c06bbc5065c07c2c95dbea8678b71c31,479e449517e58c86dd70e68d97c843b55db455c96757231d27cea21f93669fc3,6.358,0,123,104,4,108,15,87.8048780487805,91.28205128205128,96.875,94.44444444444444,84.61538461538461,89.83050847457628,1751,16.212962962962962,0,0,0,0,12,0,0,0,0,0,5.686,3.8689,13210,2737096,274,150,10,0.04390432098765432,1,5.718955,0.28572,176,29.52,71.545,112.598,33,0.043000000000000003,0.088,0,1,0,0,0,0,
K8_R1.05_T1_H1_N3_S8014_CENTRAL_inprocess,8014,8,1.05,1,1,N3,0.75,20.0,,CENTRAL,inprocess,ca3c15636293fa4cc7ddb586da37d934b6e0e0ddfeb0ef43741ccaccf4e0c359,3a59cf31140fa35534c06ac7e36883385d3485346e41637405249cb1f561e766,1.555,0,72,57,3,60,12,83.33333333333333,84.61538461538461,88.88888888888889,88.88888888888889,81.48148148148148,81.57894736842105,854,14.233333333333333,0,0,0,0,8,0,0,0,0,0,5.6513,3.8828,5737,1245405,492,99,158,0.49008115419296666,4,1.322082,0.114587,141,8.171,24.704,42.576,0,0.0,0.0,0,0,0,0,0,0,
K8_R1.05_T1_H1_N3_S8014_CENTRAL_FB_inprocess,8014,8,1.05,1,1,N3,0.75,20.0,,CENTRAL_FB,inprocess,ca3c15636293fa4cc7ddb586da37d934b6e0e0ddfeb0ef43741ccaccf4e0c359,742fab127dbb7ed44be6c3cefad6ee3d7e57ac8fdfa4854e5e958208aadbb799,1.541,0,72,57,3,60,12,83.33333333333333,84.61538461538461,88.88888888888889,88.88888888888889,81.48148148148148,84.21052631578948,864,14.4,0,0,0,0,8,0,0,0,0,0,5.7506,3.8828,5610,1235743,481,97,159,0.4921965991148381,4,1.2758,0.12662900000000002,133,8.177999999999999,26.051000000000002,53.279,47,0.506,3.558,0,1,0,0,0,0,
K8_R1.05_T1_H1_N3_S8014_CENTRAL_FOG_inprocess,8014,8,1.05,1,1,N3,0.75,20.0,,CENTRAL_FOG,inprocess,ca3c15636293fa4cc7ddb586da37d934b6e0e0ddfeb0ef43741ccaccf4e0c359,b874ae4066c70099732b62da39f556d72e1566e8e7f93477701297d3b0e98879,1.616,0,72,57,3,60,12,83.33333333333333,84.61538461538461,88.88888888888889,88.88888888888889,81.48148148148148,81.57894736842105,854,14.233333333333333,0,0,0,0,8,0,0,0,0,0,5.6513,3.8828,5737,1245405,492,99,158,0.49008115419296666,4,1.350289,0.118934,141,8.876,23.779,44.166,0,0.0,0.0,0,0,0,0,0,0,
K8_R1.05_T1_H1_N3_S8014_HYBRID_inprocess,8014,8,1.05,1,1,N3,0.75,20.0,,HYBRID,inprocess,ca3c15636293fa4cc7ddb586da37d934b6e0e0ddfeb0ef43741ccaccf4e0c359,b71a1f96ab6bd1352dadeec61f1ce2039d9b912c472826123d219eb385219699,1.502,0,72,57,3,60,12,83.33333333333333,84.61538461538461,88.88888888888889,88.88888888888889,81.48148148148148,84.21052631578948,864,14.4,0,0,0,0,8,0,0,0,0,0,5.7506,3.8828,5610,1235743,481,97,159,0.4921965991148381,4,1.249559,0.119827,133,8.453000000000001,24.459000000000003,51.846000000000004,47,0.402,2.543,0,1,0,0,0,0,
K8_R1.05_T1_H1_N3_S8014_EDGE_MARKET_inprocess,8014,8,1.05,1,1,N3,0.75,20.0,,EDGE_MARKET,inprocess,ca3c15636293fa4cc7ddb586da37d934b6e0e0ddfeb0ef43741ccaccf4e0c359,0b6018bb239e5b6a103648596854f901851d0ec20c7bea4b0d6454aba2861bb0,0.335,0,72,56,1,57,15,79.16666666666667,82.05128205128206,83.33333333333333,88.88888888888889,77.77777777777777,78.94736842105263,895,15.701754385964913,0,0,0,0,8,0,0,0,0,0,5.7069,3.8828,4577,1241046,359,67,158,0.49876237623762376,4,0.029601,0.22853100000000004,125,0.059,0.155,0.19699999999999998,728,0.5640000000000001,3.928,0,22,0,0,0,0,
K4_R0.90_T1_H1_N3_S8014_STATIC_inprocess,8014,4,0.9,1,1,N3,0.75,20.0,,STATIC,inprocess,7c83dbe34686a8b43bb93d877bd95c38255f83e8e8eaa09e21ea6a4829b9b985,0a78d698de4ea6c6463a4c4093c334cb0f22e56448c7ddaa303184183842f362,0.087,0,31,24,2,26,5,83.87096774193549,77.77777777777777,60.0,40.0,95.23809523809524,75.0,391,15.038461538461538,0,0,0,0,4,0,0,0,0,0,5.6601,3.9216,1937,563809,139,32,61,0.11251980982567353,2,0.012787,0.04430099999999999,125,0.006,0.1,0.192,0,0.0,0.0,0,0,0,0,0,0,
K4_R0.90_T1_H1_N3_S8014_PERIODIC_inprocess,8014,4,0.9,1,1,N3,0.75,20.0,,PERIODIC,inprocess,7c83dbe34686a8b43bb93d877bd95c38255f83e8e8eaa09e21ea6a4829b9b985,255a758db42923213caeb71c39ca8267a4fd396cdfa30de5c3a5bc8b1f05cec0,0.135,0,31,27,1,28,3,90.3225806451613,92.5925925925926,100.0,100.0,85.71428571428571,95.0,393,14.035714285714286,0,0,0,0,4,0,0,0,0,0,5.6455,3.9216,2065,549846,151,29,67,0.1725125268432355,2,0.060318,0.042516,31,1.3470000000000002,4.614,6.841,0,0.0,0.0,0,1,0,0,0,0,
K4_R0.90_T1_H1_N3_S8014_CENTRAL_inprocess,8014,4,0.9,1,1,N3,0.75,20.0,,CENTRAL,inprocess,7c83dbe34686a8b43bb93d877bd95c38255f83e8e8eaa09e21ea6a4829b9b985,387d9c6eecf5d464aebb5ce68459b8f5149bcfe4e89904b2442a34394dd3a143,0.231,0,31,22,2,24,7,77.41935483870968,77.77777777777777,70.0,60.0,80.95238095238095,70.0,359,14.958333333333334,0,0,0,0,4,0,0,0,0,0,5.6544,3.9216,2548,630024,208,41,61,0.1473851030110935,2,0.159412,0.04155,87,1.764,3.589,5.639,0,0.0,0.0,0,0,0,0,0,0,
K8_R1.05_T1_H1_N3_S8014_HYBRID_EAGER_inprocess,8014,8,1.05,1,1,N3,0.75,20.0,,HYBRID_EAGER,inprocess,ca3c15636293fa4cc7ddb586da37d934b6e0e0ddfeb0ef43741ccaccf4e0c359,b76fff4f8c266002187d5b9db3349e3390aca7a6f3d513162dd0cbf544734b83,1.481,0,72,57,3,60,12,83.33333333333333,84.61538461538461,88.88888888888889,88.88888888888889,81.48148148148148,84.21052631578948,864,14.4,0,0,0,0,8,0,0,0,0,0,5.7506,3.8828,5610,1235642,481,97,159,0.4921965991148381,4,1.243583,0.11498100000000001,133,8.651000000000002,27.192,44.725,58,0.375,3.091,0,1,0,0,0,0,
K4_R0.90_T1_H1_N3_S8014_CENTRAL_FB_inprocess,8014,4,0.9,1,1,N3,0.75,20.0,,CENTRAL_FB,inprocess,7c83dbe34686a8b43bb93d877bd95c38255f83e8e8eaa09e21ea6a4829b9b985,ef899c5bcf87f53c1eeb5c49c4a3eaa6548b6fe1ea4a58892c654989753f101c,0.24,0,31,22,2,24,7,77.41935483870968,77.77777777777777,70.0,60.0,80.95238095238095,70.0,359,14.958333333333334,0,0,0,0,4,0,0,0,0,0,5.6544,3.9216,2548,630024,208,41,61,0.1473851030110935,2,0.165677,0.043260999999999994,87,1.766,3.594,8.418,26,0.078,0.08600000000000001,0,0,0,0,0,0,
K4_R0.90_T1_H1_N3_S8014_CENTRAL_FOG_inprocess,8014,4,0.9,1,1,N3,0.75,20.0,,CENTRAL_FOG,inprocess,7c83dbe34686a8b43bb93d877bd95c38255f83e8e8eaa09e21ea6a4829b9b985,421fd42098f8e9a471bf84786c6b729f8acd667385c223affd2baa019b4fb6f9,0.262,0,31,22,2,24,7,77.41935483870968,77.77777777777777,70.0,60.0,80.95238095238095,70.0,359,14.958333333333334,0,0,0,0,4,0,0,0,0,0,5.6544,3.9216,2548,630024,208,41,61,0.1473851030110935,2,0.177108,0.046255,87,2.0370000000000004,3.892,8.133,0,0.0,0.0,0,0,0,0,0,0,
K4_R0.90_T1_H1_N3_S8014_HYBRID_inprocess,8014,4,0.9,1,1,N3,0.75,20.0,,HYBRID,inprocess,7c83dbe34686a8b43bb93d877bd95c38255f83e8e8eaa09e21ea6a4829b9b985,c60bc80b067d182305a8efabb617a2ddb4553f2f0d186bdf0bc030eeac90f091,0.266,0,31,22,2,24,7,77.41935483870968,77.77777777777777,70.0,60.0,80.95238095238095,70.0,359,14.958333333333334,0,0,0,0,4,0,0,0,0,0,5.6544,3.9216,2548,630024,208,41,61,0.1473851030110935,2,0.180051,0.048307,87,1.991,4.117,6.074000000000001,26,0.081,0.083,0,0,0,0,0,0,
K4_R0.90_T1_H1_N3_S8014_EDGE_MARKET_inprocess,8014,4,0.9,1,1,N3,0.75,20.0,,EDGE_MARKET,inprocess,7c83dbe34686a8b43bb93d877bd95c38255f83e8e8eaa09e21ea6a4829b9b985,9c7edfdbbdf25e21a12917e89a102edf684fd35fb754f2e1d914454de3df3b74,0.092,0,31,27,1,28,3,90.3225806451613,88.88888888888889,90.0,80.0,90.47619047619048,95.0,386,13.785714285714286,0,0,0,0,4,0,0,0,0,0,5.7458,3.9216,2077,577299,155,39,62,0.1276595744680851,2,0.011318,0.052382000000000005,47,0.022,0.058,0.09899999999999999,159,0.388,2.4229999999999996,0,10,0,0,0,0,
K4_R0.90_T1_H1_N3_S8014_HYBRID_EAGER_inprocess,8014,4,0.9,1,1,N3,0.75,20.0,,HYBRID_EAGER,inprocess,7c83dbe34686a8b43bb93d877bd95c38255f83e8e8eaa09e21ea6a4829b9b985,c91c352158429f032185886feb20ac5113769b98d59980df12adc2e8a3ee5142,0.259,0,31,25,2,27,4,87.09677419354838,88.88888888888889,90.0,80.0,85.71428571428571,80.0,372,13.777777777777779,0,0,0,0,4,0,0,0,0,0,5.6637,3.9216,2479,588601,219,35,61,0.2097399003873824,2,0.165342,0.050657,85,1.7329999999999999,3.847,6.636,30,0.09000000000000001,0.114,0,0,0,0,0,0,
K16_R0.90_T1_H1_N3_S8014_STATIC_inprocess,8014,16,0.9,1,1,N3,0.75,20.0,,STATIC,inprocess,622c3b02126f48339bcd5d639c99596c2e076412202fb727e2ca96a665401548,828ad5c0fcbaa723426eb266cfed415b323657aafff2ea2c1a1b288b38469ef9,0.413,0,123,97,6,103,20,83.73983739837398,80.51282051282051,75.0,61.111111111111114,86.81318681318682,79.66101694915254,1692,16.42718446601942,24,24,0,0,12,0,0,0,0,0,5.6858,3.8689,7732,2214490,568,96,69,0.15692788743404337,10,0.057014,0.181837,259,0.009000000000000001,0.354,0.691,0,0.0,0.0,0,4,0,0,0,0,
K16_R0.90_T1_H1_N3_S8014_PERIODIC_inprocess,8014,16,0.9,1,1,N3,0.75,20.0,,PERIODIC,inprocess,622c3b02126f48339bcd5d639c99596c2e076412202fb727e2ca96a665401548,623960b9abb91926842076b8c7cf211f3a1c3f4e836719368f37fefba280bd90,1.062,0,123,103,4,107,16,86.99186991869918,91.7948717948718,100.0,100.0,82.41758241758242,88.13559322033899,1826,17.065420560747665,3,3,0,0,14,0,0,0,0,0,5.6447,3.8689,8589,2341858,663,134,106,0.2579193064354785,14,0.614812,0.235123,31,19.881,43.19,63.004000000000005,0,0.0,0.0,0,1,0,0,0,0,
K16_R0.90_T1_H1_N3_S8014_CENTRAL_inprocess,8014,16,0.9,1,1,N3,0.75,20.0,,CENTRAL,inprocess,622c3b02126f48339bcd5d639c99596c2e076412202fb727e2ca96a665401548,09e8fb37c2c2573f6274bd734dd5696dcef6f3db8c1c14cf449be065e3bce3bb,5.127,0,123,98,4,102,21,82.92682926829268,87.17948717948718,93.75,94.44444444444444,79.12087912087912,81.35593220338983,1803,17.676470588235293,18,18,0,0,14,0,0,0,0,0,5.664,3.8689,13438,2715233,1210,201,158,0.5434862385321101,14,4.552443,0.26476900000000003,232,17.872,54.196,78.045,0,0.0,0.0,0,2,0,0,0,0,
K16_R0.90_T1_H1_N3_S8014_CENTRAL_FB_inprocess,8014,16,0.9,1,1,N3,0.75,20.0,,CENTRAL_FB,inprocess,622c3b02126f48339bcd5d639c99596c2e076412202fb727e2ca96a665401548,11a1830f0cd2fa363305d9a4594cc04b114348bbd1195e52e207ff638eacbf45,5.437,0,123,99,4,103,20,83.73983739837398,85.12820512820512,87.5,77.77777777777777,82.41758241758242,81.35593220338983,1737,16.864077669902912,5,5,0,0,14,0,0,0,0,0,5.683,3.8689,13311,2749423,1161,213,159,0.5112447940768163,14,4.860102,0.285991,226,20.749,55.629999999999995,78.273,83,0.13899999999999998,3.084,0,2,0,0,0,0,
K16_R0.90_T1_H1_N3_S8014_CENTRAL_FOG_inprocess,8014,16,0.9,1,1,N3,0.75,20.0,,CENTRAL_FOG,inprocess,622c3b02126f48339bcd5d639c99596c2e076412202fb727e2ca96a665401548,ebc85e172d59f4f350993a499ff119f71a6cf05b301c7301d64e9af8114533b7,5.358,0,123,98,4,102,21,82.92682926829268,87.17948717948718,93.75,94.44444444444444,79.12087912087912,81.35593220338983,1803,17.676470588235293,18,18,0,0,14,0,0,0,0,0,5.664,3.8689,13438,2715233,1210,201,158,0.5434862385321101,14,4.793917,0.2766,232,19.372,49.784,76.208,0,0.0,0.0,0,2,0,0,0,0,
K16_R0.90_T1_H1_N3_S8014_HYBRID_inprocess,8014,16,0.9,1,1,N3,0.75,20.0,,HYBRID,inprocess,622c3b02126f48339bcd5d639c99596c2e076412202fb727e2ca96a665401548,76b48026d82eb598b29c1e48a101075157928a1ffe749f32b2da06065d637f19,5.232,0,123,99,4,103,20,83.73983739837398,85.12820512820512,87.5,77.77777777777777,82.41758241758242,81.35593220338983,1737,16.864077669902912,5,5,0,0,14,0,0,0,0,0,5.683,3.8689,13311,2749423,1161,213,159,0.5112447940768163,14,4.62676,0.278457,226,19.011,50.264,89.684,83,0.152,3.301,0,2,0,0,0,0,
K16_R0.90_T1_H1_N3_S8014_EDGE_MARKET_inprocess,8014,16,0.9,1,1,N3,0.75,20.0,,EDGE_MARKET,inprocess,622c3b02126f48339bcd5d639c99596c2e076412202fb727e2ca96a665401548,e34e6e1def997c3a4dd0ca85866641025a642a31d4171fa54ce0c1174488d733,0.783,0,123,101,6,107,16,86.99186991869918,87.6923076923077,87.5,83.33333333333333,86.81318681318682,81.35593220338983,1882,17.588785046728972,0,0,0,0,11,0,0,0,0,0,5.6554,3.8689,9619,2598274,764,151,159,0.38527954706298656,11,0.064785,0.522755,147,0.10500000000000001,0.375,0.619,1809,0.517,3.2030000000000003,0,45,0,0,0,0,
K8_R0.75_T1_H1_N1_S8015_STATIC_inprocess,8015,8,0.75,1,1,N1,0.98,3.0,,STATIC,inprocess,ef164d9269ebf359e59625bb6e3611cef52b3cc4d720e2a2a4dc411c1f98714c,81c9a3498acf567f7071581367cb90dbfc7593914f6ce344ba021d1dbf836aa3,0.18,0,51,47,0,47,4,92.15686274509804,89.28571428571429,76.92307692307692,85.71428571428571,97.36842105263158,89.65517241379311,727,15.46808510638298,0,0,0,0,7,0,0,0,0,0,5.641,3.8773,3848,1099544,68,37,4,0.0021733224667209996,1,0.030947,0.087632,177,0.006,0.222,0.34900000000000003,0,0.0,0.0,0,1,0,0,0,0,
K8_R0.75_T1_H1_N1_S8015_PERIODIC_inprocess,8015,8,0.75,1,1,N1,0.98,3.0,,PERIODIC,inprocess,ef164d9269ebf359e59625bb6e3611cef52b3cc4d720e2a2a4dc411c1f98714c,b3faefd89108edde4430fbc9eb0f3d1475f440d39788bd37b07e40568f4dcded,0.318,0,51,48,0,48,3,94.11764705882354,92.85714285714286,92.3076923076923,85.71428571428571,94.73684210526316,96.55172413793103,674,14.041666666666666,0,0,0,0,6,0,0,0,0,0,5.6327,3.8773,4189,1128880,71,27,4,0.005463123913583313,1,0.167411,0.08803100000000001,31,1.845,15.594,16.745,0,0.0,0.0,0,2,0,0,0,0,
K8_R0.75_T1_H1_N1_S8015_CENTRAL_inprocess,8015,8,0.75,1,1,N1,0.98,3.0,,CENTRAL,inprocess,ef164d9269ebf359e59625bb6e3611cef52b3cc4d720e2a2a4dc411c1f98714c,08c77870d04c8c49de40678166480e8fcd5fbda715a901b4c0c97b6aa0769f50,0.74,0,51,48,0,48,3,94.11764705882354,94.04761904761905,92.3076923076923,85.71428571428571,94.73684210526316,93.10344827586206,695,14.479166666666666,0,0,0,0,6,0,0,0,0,0,5.6624,3.8773,4952,1194834,93,40,6,0.021054825932874714,1,0.556517,0.10308799999999999,89,2.598,23.852,28.072,0,0.0,0.0,0,0,0,0,0,0,
K8_R0.75_T1_H1_N1_S8015_CENTRAL_FB_inprocess,8015,8,0.75,1,1,N1,0.98,3.0,,CENTRAL_FB,inprocess,ef164d9269ebf359e59625bb6e3611cef52b3cc4d720e2a2a4dc411c1f98714c,b56727572dfd0620e9449000b2bd3d2dbb8c21cae9a4972d58a09f074df33cfa,0.701,0,51,48,0,48,3,94.11764705882354,94.04761904761905,92.3076923076923,85.71428571428571,94.73684210526316,93.10344827586206,695,14.479166666666666,0,0,0,0,6,0,0,0,0,0,5.6624,3.8773,4952,1194834,93,40,6,0.021054825932874714,1,0.517933,0.10422400000000001,89,2.52,17.418,23.435000000000002,1,0.013,0.013,0,0,0,0,0,0,
K8_R0.75_T1_H1_N1_S8015_CENTRAL_FOG_inprocess,8015,8,0.75,1,1,N1,0.98,3.0,,CENTRAL_FOG,inprocess,ef164d9269ebf359e59625bb6e3611cef52b3cc4d720e2a2a4dc411c1f98714c,c06723b96270bff3ea5ad8f81b1516ab9445657ccdbf754970426c8b0bc38ca6,0.69,0,51,48,0,48,3,94.11764705882354,94.04761904761905,92.3076923076923,85.71428571428571,94.73684210526316,93.10344827586206,695,14.479166666666666,0,0,0,0,6,0,0,0,0,0,5.6624,3.8773,4952,1194834,93,40,6,0.021054825932874714,1,0.50953,0.102213,89,2.7369999999999997,16.883,25.063,0,0.0,0.0,0,0,0,0,0,0,
K16_R0.90_T1_H1_N3_S8014_HYBRID_EAGER_inprocess,8014,16,0.9,1,1,N3,0.75,20.0,,HYBRID_EAGER,inprocess,622c3b02126f48339bcd5d639c99596c2e076412202fb727e2ca96a665401548,cc8f120ebb3e063e17b24f2fb58d28d0fa41dfa63d875a3b8802e689ec8b5424,5.473,0,123,98,4,102,21,82.92682926829268,85.12820512820512,87.5,83.33333333333333,81.31868131868131,79.66101694915254,1745,17.107843137254903,5,5,0,0,12,0,0,0,0,0,6.0654,3.8689,13428,2757070,1206,229,159,0.5203483043079743,15,4.875776,0.305642,234,20.244000000000003,46.839,77.83800000000001,114,0.147,3.0860000000000003,0,3,0,0,0,0,
K8_R0.75_T1_H1_N1_S8015_HYBRID_inprocess,8015,8,0.75,1,1,N1,0.98,3.0,,HYBRID,inprocess,ef164d9269ebf359e59625bb6e3611cef52b3cc4d720e2a2a4dc411c1f98714c,303077ff005d858677813f5d3220c5ef0ca4642ca0f4d98dc95df175c07aa743,0.716,0,51,48,0,48,3,94.11764705882354,94.04761904761905,92.3076923076923,85.71428571428571,94.73684210526316,93.10344827586206,695,14.479166666666666,0,0,0,0,6,0,0,0,0,0,5.6624,3.8773,4952,1194834,93,40,6,0.021054825932874714,1,0.521898,0.10759100000000002,89,3.615,17.237,26.447,1,0.011,0.011,0,0,0,0,0,0,
K8_R0.75_T1_H1_N1_S8015_EDGE_MARKET_inprocess,8015,8,0.75,1,1,N1,0.98,3.0,,EDGE_MARKET,inprocess,ef164d9269ebf359e59625bb6e3611cef52b3cc4d720e2a2a4dc411c1f98714c,87372e2ae4aaf4c6ff96a679f4af924053e153f9c67f050df1a3a78456729cf5,0.232,0,51,49,0,49,2,96.07843137254902,96.42857142857143,92.3076923076923,100.0,97.36842105263158,96.55172413793103,766,15.63265306122449,0,0,0,0,7,0,0,0,0,0,5.6345,3.8773,4129,1146049,80,27,1,0.003032600454890068,2,0.02956,0.132544,46,0.026,0.115,0.121,326,0.504,2.891,0,7,0,0,0,0,
K8_R0.75_T1_H1_N1_S8015_HYBRID_EAGER_inprocess,8015,8,0.75,1,1,N1,0.98,3.0,,HYBRID_EAGER,inprocess,ef164d9269ebf359e59625bb6e3611cef52b3cc4d720e2a2a4dc411c1f98714c,ace983ed0726ab19e6bf24fab2e0fae16aed259bcb3368040ba52abc9071ce7b,0.678,0,51,48,0,48,3,94.11764705882354,94.04761904761905,92.3076923076923,85.71428571428571,94.73684210526316,93.10344827586206,695,14.479166666666666,0,0,0,0,6,0,0,0,0,0,5.6624,3.8773,4952,1194800,93,40,6,0.021054825932874714,1,0.501236,0.10567599999999999,89,2.439,17.215999999999998,25.541999999999998,19,0.081,0.112,0,0,0,0,0,0,
K8_R1.05_T1_H1_N1_S8015_STATIC_inprocess,8015,8,1.05,1,1,N1,0.98,3.0,,STATIC,inprocess,0ed05e34e26038ac42b808e82448ba1bec87f76702f2647d389a117d3d5d378b,1644821c85578c60d2ee92de4ee056f330db82ca29c4a183da9d45888cd3b7c0,0.16,0,72,54,1,55,17,76.38888888888889,69.91150442477876,35.294117647058826,0.0,89.0909090909091,84.61538461538461,829,15.072727272727272,1,1,0,0,8,0,0,0,0,0,5.6664,3.878,3864,1083451,57,37,8,0.0037746023186842814,2,0.035479,0.070967,250,0.007,0.202,0.316,0,0.0,0.0,0,1,0,0,0,0,
K8_R1.05_T1_H1_N1_S8015_PERIODIC_inprocess,8015,8,1.05,1,1,N1,0.98,3.0,,PERIODIC,inprocess,0ed05e34e26038ac42b808e82448ba1bec87f76702f2647d389a117d3d5d378b,f3b10291dc337b685d70a3f999f7f0eeac99e8500459a27e0402de704912e707,0.633,0,72,55,1,56,16,77.77777777777777,82.30088495575221,76.47058823529412,100.0,78.18181818181819,79.48717948717949,723,12.910714285714286,0,0,0,0,7,0,0,0,0,0,5.7218,3.878,4477,1129955,71,37,8,0.014784014784014783,2,0.45321,0.08950699999999999,31,10.014000000000001,41.033,45.113,0,0.0,0.0,0,0,0,0,0,0,
K8_R1.05_T1_H1_N1_S8015_CENTRAL_inprocess,8015,8,1.05,1,1,N1,0.98,3.0,,CENTRAL,inprocess,0ed05e34e26038ac42b808e82448ba1bec87f76702f2647d389a117d3d5d378b,262270771c98b610e1aaeb36d9dcf9c5c29ab7dbed429974c476f804b4134569,2.22,0,72,54,1,55,17,76.38888888888889,82.30088495575221,94.11764705882354,100.0,70.9090909090909,82.05128205128206,751,13.654545454545454,0,0,0,0,7,0,0,0,0,0,5.6711,3.878,5519,1227674,101,48,8,0.02252419955323902,1,1.906438,0.106053,108,19.191,40.20399999999999,62.413999999999994,0,0.0,0.0,0,0,0,0,0,0,
K8_R1.05_T1_H1_N1_S8015_CENTRAL_FB_inprocess,8015,8,1.05,1,1,N1,0.98,3.0,,CENTRAL_FB,inprocess,0ed05e34e26038ac42b808e82448ba1bec87f76702f2647d389a117d3d5d378b,0630e679b5d191a4d00ccfad762d9e1b8ed43a6024aa2020e2222aa2ecfd32ea,2.434,0,72,54,1,55,17,76.38888888888889,82.30088495575221,94.11764705882354,100.0,70.9090909090909,82.05128205128206,751,13.654545454545454,0,0,0,0,7,0,0,0,0,0,5.6711,3.878,5519,1227674,101,48,8,0.02252419955323902,1,1.975423,0.118269,108,19.359,39.123,90.95100000000001,1,0.020999999999999998,0.020999999999999998,0,0,0,0,0,0,
K8_R1.05_T1_H1_N1_S8015_CENTRAL_FOG_inprocess,8015,8,1.05,1,1,N1,0.98,3.0,,CENTRAL_FOG,inprocess,0ed05e34e26038ac42b808e82448ba1bec87f76702f2647d389a117d3d5d378b,e2b94ca05f409b12fcf9a80bd2662d82147683be19c9f9c0ab652586570d80aa,2.414,0,72,54,1,55,17,76.38888888888889,82.30088495575221,94.11764705882354,100.0,70.9090909090909,82.05128205128206,751,13.654545454545454,0,0,0,0,7,0,0,0,0,0,5.6711,3.878,5519,1227674,101,48,8,0.02252419955323902,1,2.09546,0.110147,108,21.236,40.300000000000004,57.976,0,0.0,0.0,0,0,0,0,0,0,
K8_R1.05_T1_H1_N1_S8015_HYBRID_inprocess,8015,8,1.05,1,1,N1,0.98,3.0,,HYBRID,inprocess,0ed05e34e26038ac42b808e82448ba1bec87f76702f2647d389a117d3d5d378b,b952d7406f68c1afe06ac79d626315dad17fa014d650d874624f0fb1caafbfb8,2.549,0,72,54,1,55,17,76.38888888888889,82.30088495575221,94.11764705882354,100.0,70.9090909090909,82.05128205128206,751,13.654545454545454,0,0,0,0,7,0,0,0,0,0,5.6711,3.878,5519,1227674,101,48,8,0.02252419955323902,1,2.185394,0.117579,108,21.733,41.974,68.32100000000001,1,0.014,0.014,0,0,0,0,0,0,
K8_R1.05_T1_H1_N1_S8015_EDGE_MARKET_inprocess,8015,8,1.05,1,1,N1,0.98,3.0,,EDGE_MARKET,inprocess,0ed05e34e26038ac42b808e82448ba1bec87f76702f2647d389a117d3d5d378b,a4e50d6ebc7a36f272e464c437e1111977144c9fea5a61016613afe5dc741bec,0.423,0,72,54,1,55,17,76.38888888888889,80.53097345132744,82.3529411764706,100.0,74.54545454545455,79.48717948717949,796,14.472727272727273,0,0,0,0,8,0,0,0,0,0,5.6737,3.878,5231,1353148,84,40,8,0.01967729240456513,1,0.042986,0.29824900000000004,127,0.079,0.289,0.416,1302,0.47800000000000004,3.069,0,40,0,0,0,0,
K4_R0.90_T1_H1_N1_S8015_STATIC_inprocess,8015,4,0.9,1,1,N1,0.98,3.0,,STATIC,inprocess,f583ebaec8f466a2598a973cf9166b5135c0bcd32a63c12ffc337594a808da07,56cdce7f2f4a38a373464316ef0fed845c8ffa65dbbae564b0f25fa08cd1f9d8,0.103,0,31,22,0,22,9,70.96774193548387,56.0,20.0,0.0,95.23809523809524,66.66666666666667,314,14.272727272727273,0,0,0,0,3,0,0,0,0,0,5.6244,3.9239,1919,533713,39,22,0,0.0,0,0.021517,0.046082,277,0.006,0.102,0.236,0,0.0,0.0,0,0,0,0,0,0,
K8_R1.05_T1_H1_N1_S8015_HYBRID_EAGER_inprocess,8015,8,1.05,1,1,N1,0.98,3.0,,HYBRID_EAGER,inprocess,0ed05e34e26038ac42b808e82448ba1bec87f76702f2647d389a117d3d5d378b,c1783e93767c10104288407dda62538480812710cff0a99a707790e1d45fa187,2.159,0,72,57,1,58,14,80.55555555555556,85.84070796460178,94.11764705882354,100.0,76.36363636363636,82.05128205128206,789,13.60344827586207,0,0,0,0,8,0,0,0,0,0,5.6618,3.878,5488,1226090,115,46,8,0.020665038512117227,1,1.915588,0.125435,114,16.391,37.076,45.142,16,0.038,2.805,0,0,0,0,0,0,
K4_R0.90_T1_H1_N1_S8015_PERIODIC_inprocess,8015,4,0.9,1,1,N1,0.98,3.0,,PERIODIC,inprocess,f583ebaec8f466a2598a973cf9166b5135c0bcd32a63c12ffc337594a808da07,ca97f3f793ce091756282e743642e0139729e706e6c3a8cbb350213be19eef9f,0.226,0,31,22,0,22,9,70.96774193548387,74.0,80.0,60.0,66.66666666666667,73.33333333333333,329,14.954545454545455,0,0,0,0,3,0,0,0,0,0,5.6531,3.9239,2154,560565,41,22,4,0.011538461538461539,0,0.133679,0.051248,31,3.022,9.302,11.592,0,0.0,0.0,0,1,0,0,0,0,
K4_R0.90_T1_H1_N1_S8015_CENTRAL_inprocess,8015,4,0.9,1,1,N1,0.98,3.0,,CENTRAL,inprocess,f583ebaec8f466a2598a973cf9166b5135c0bcd32a63c12ffc337594a808da07,a3b8fed9e968868ceb2b61212672554ae72510e4721e226107277c50c882ee00,0.319,0,31,27,0,27,4,87.09677419354838,88.0,90.0,80.0,85.71428571428571,93.33333333333333,360,13.333333333333334,0,0,0,0,4,0,0,0,0,0,5.6531,3.9239,2320,583873,35,17,1,0.005772646536412078,0,0.217434,0.047542,57,2.617,8.695,11.007,0,0.0,0.0,0,0,0,0,0,0,
K4_R0.90_T1_H1_N1_S8015_CENTRAL_FB_inprocess,8015,4,0.9,1,1,N1,0.98,3.0,,CENTRAL_FB,inprocess,f583ebaec8f466a2598a973cf9166b5135c0bcd32a63c12ffc337594a808da07,3444b6ffb3ac4bb7aa442e96929ecf4b975d93f55d56d6e85e3e3f1a75c50c26,0.356,0,31,27,0,27,4,87.09677419354838,88.0,90.0,80.0,85.71428571428571,93.33333333333333,360,13.333333333333334,0,0,0,0,4,0,0,0,0,0,5.6531,3.9239,2320,583873,35,17,1,0.005772646536412078,0,0.24934,0.057714,57,3.538,8.933,11.733,1,0.023,0.023,0,0,0,0,0,0,
K4_R0.90_T1_H1_N1_S8015_CENTRAL_FOG_inprocess,8015,4,0.9,1,1,N1,0.98,3.0,,CENTRAL_FOG,inprocess,f583ebaec8f466a2598a973cf9166b5135c0bcd32a63c12ffc337594a808da07,fb3437e528caa6b421ced74c40d72511069b567b1fc29cc496f868f9a0d3b67f,0.355,0,31,27,0,27,4,87.09677419354838,88.0,90.0,80.0,85.71428571428571,93.33333333333333,360,13.333333333333334,0,0,0,0,4,0,0,0,0,0,5.6531,3.9239,2320,583873,35,17,1,0.005772646536412078,0,0.260377,0.050075,57,3.395,9.867,18.238,0,0.0,0.0,0,0,0,0,0,0,
K4_R0.90_T1_H1_N1_S8015_HYBRID_inprocess,8015,4,0.9,1,1,N1,0.98,3.0,,HYBRID,inprocess,f583ebaec8f466a2598a973cf9166b5135c0bcd32a63c12ffc337594a808da07,a903c994cc4819f5c3a9efce7371deff530d6415d6581ce1330ff24369b7101f,0.347,0,31,27,0,27,4,87.09677419354838,88.0,90.0,80.0,85.71428571428571,93.33333333333333,360,13.333333333333334,0,0,0,0,4,0,0,0,0,0,5.6531,3.9239,2320,583873,35,17,1,0.005772646536412078,0,0.256664,0.052294999999999994,57,3.869,9.575999999999999,11.233,1,0.012,0.012,0,0,0,0,0,0,
K4_R0.90_T1_H1_N1_S8015_EDGE_MARKET_inprocess,8015,4,0.9,1,1,N1,0.98,3.0,,EDGE_MARKET,inprocess,f583ebaec8f466a2598a973cf9166b5135c0bcd32a63c12ffc337594a808da07,6af9d1dbcb6c413cf39a84fb2dd6c6cc3b07a607344b660954233967ff1454d9,0.166,0,31,24,0,24,7,77.41935483870968,82.0,90.0,80.0,71.42857142857143,86.66666666666667,332,13.833333333333334,0,0,0,0,3,0,0,0,0,0,5.6294,3.9239,2178,579988,40,14,9,0.009528346831824679,0,0.018723,0.10591199999999999,84,0.044,0.083,0.124,285,0.661,2.9459999999999997,0,9,0,0,0,0,
K4_R0.90_T1_H1_N1_S8015_HYBRID_EAGER_inprocess,8015,4,0.9,1,1,N1,0.98,3.0,,HYBRID_EAGER,inprocess,f583ebaec8f466a2598a973cf9166b5135c0bcd32a63c12ffc337594a808da07,87c8a963fa6a7907675387065d2e7eb6d21899dc6ef370a890216cd3509ee781,0.355,0,31,27,0,27,4,87.09677419354838,88.0,90.0,80.0,85.71428571428571,93.33333333333333,360,13.333333333333334,0,0,0,0,4,0,0,0,0,0,5.6531,3.9239,2320,583873,35,17,1,0.005772646536412078,0,0.257093,0.054938999999999995,57,3.286,10.495000000000001,12.022,8,0.5109999999999999,0.5109999999999999,0,0,0,0,0,0,
K16_R0.90_T1_H1_N1_S8015_STATIC_inprocess,8015,16,0.9,1,1,N1,0.98,3.0,,STATIC,inprocess,702c8f61299d8e53f6ce4e693867bb07fc5359e33252162ff56fe393a1033237,e8e8865cc02c50c92834c029d958c632feb3dd4137c4b32d0eb3180b9df7245a,0.477,0,123,103,1,104,19,84.55284552845528,80.20304568527919,65.78947368421052,61.53846153846154,92.94117647058823,89.65517241379311,1487,14.298076923076923,0,0,0,0,14,0,0,0,0,0,5.6576,3.9142,7729,2144068,141,78,2,0.0016185594820609657,1,0.087738,0.210227,261,0.011,0.49,0.782,0,0.0,0.0,0,3,0,0,0,0,
K16_R0.90_T1_H1_N1_S8015_PERIODIC_inprocess,8015,16,0.9,1,1,N1,0.98,3.0,,PERIODIC,inprocess,702c8f61299d8e53f6ce4e693867bb07fc5359e33252162ff56fe393a1033237,0226c2c3276a055f349d4253124343bb26a4b691b5fcff81708c6da8fa09312c,1.435,0,123,94,2,96,27,78.04878048780488,80.20304568527919,81.57894736842105,84.61538461538461,76.47058823529412,74.13793103448276,1714,17.854166666666668,0,0,0,0,14,0,0,0,0,0,5.6798,3.9142,8835,2289186,162,80,8,0.012548375747625191,2,0.941021,0.216944,31,41.702000000000005,66.54899999999999,71.843,0,0.0,0.0,0,2,0,0,0,0,
K16_R0.90_T1_H1_N1_S8015_CENTRAL_inprocess,8015,16,0.9,1,1,N1,0.98,3.0,,CENTRAL,inprocess,702c8f61299d8e53f6ce4e693867bb07fc5359e33252162ff56fe393a1033237,cc7800951b3a9d850a492d34a982e4ffea8bbc99d8bbd58c91a46d6ab3e1de68,6.272,0,123,100,2,102,21,82.92682926829268,86.80203045685279,89.47368421052632,100.0,80.0,84.48275862068965,1567,15.362745098039216,0,0,0,0,15,0,0,0,0,0,5.6417,3.9142,12630,2604355,213,125,9,0.02440206851971558,2,5.532592,0.261262,168,36.641,61.013,96.665,0,0.0,0.0,0,0,0,0,0,0,
K16_R0.90_T1_H1_N1_S8015_CENTRAL_FB_inprocess,8015,16,0.9,1,1,N1,0.98,3.0,,CENTRAL_FB,inprocess,702c8f61299d8e53f6ce4e693867bb07fc5359e33252162ff56fe393a1033237,3429c1f362021ddf1c2ce24a1cda38dd72ffc0a585b4a2ae95c1624df1c4db66,6.112,0,123,100,2,102,21,82.92682926829268,86.80203045685279,89.47368421052632,100.0,80.0,84.48275862068965,1567,15.362745098039216,0,0,0,0,15,0,0,0,0,0,5.6417,3.9142,12630,2604355,213,125,9,0.02440206851971558,2,5.506863,0.25945099999999993,168,36.582,57.9,77.85499999999999,4,0.015000000000000001,0.015000000000000001,0,0,0,0,0,0,
K16_R0.90_T1_H1_N1_S8015_CENTRAL_FOG_inprocess,8015,16,0.9,1,1,N1,0.98,3.0,,CENTRAL_FOG,inprocess,702c8f61299d8e53f6ce4e693867bb07fc5359e33252162ff56fe393a1033237,33d547242ae669a0570275f85a1054ccd51e81f723a5222f904f3bff40416349,6.115,0,123,100,2,102,21,82.92682926829268,86.80203045685279,89.47368421052632,100.0,80.0,84.48275862068965,1567,15.362745098039216,0,0,0,0,15,0,0,0,0,0,5.6417,3.9142,12630,2604355,213,125,9,0.02440206851971558,2,5.529231,0.260376,168,36.081,56.959,91.242,0,0.0,0.0,0,0,0,0,0,0,
K16_R0.90_T1_H1_N1_S8015_HYBRID_inprocess,8015,16,0.9,1,1,N1,0.98,3.0,,HYBRID,inprocess,702c8f61299d8e53f6ce4e693867bb07fc5359e33252162ff56fe393a1033237,e44e174487f059463e6cf9deebe7119e8d57abcb1b52654d80ec99fe07a1ae40,6.144,0,123,100,2,102,21,82.92682926829268,86.80203045685279,89.47368421052632,100.0,80.0,84.48275862068965,1567,15.362745098039216,0,0,0,0,15,0,0,0,0,0,5.6417,3.9142,12630,2604355,213,125,9,0.02440206851971558,2,5.528948,0.26000899999999993,168,35.786,59.317,90.671,4,0.013,0.013,0,0,0,0,0,0,
K16_R0.90_T1_H1_N1_S8015_EDGE_MARKET_inprocess,8015,16,0.9,1,1,N1,0.98,3.0,,EDGE_MARKET,inprocess,702c8f61299d8e53f6ce4e693867bb07fc5359e33252162ff56fe393a1033237,7e73d8d8289d8798c812c3d1ffbe4f87fce7fcc8dbe8f968c5d182e2b8af9efe,0.987,0,123,97,3,100,23,81.30081300813008,84.77157360406092,86.84210526315789,92.3076923076923,78.82352941176471,84.48275862068965,1729,17.29,0,0,0,0,13,0,0,0,0,0,5.6573,3.9142,11050,2907493,234,106,8,0.02482104676024914,1,0.089932,0.6872149999999999,160,0.14300000000000002,0.5569999999999999,0.796,3168,0.49,7.078,0,55,0,0,0,0,
K8_R0.75_T1_H1_N3_S8015_STATIC_inprocess,8015,8,0.75,1,1,N3,0.75,20.0,,STATIC,inprocess,e68cb832daf83667153c752c4a58143d16eba89731a522296438923c7e38565a,bf95c2d953ad67db8b384e1537a3c613ab61e1fd3722762d97795ee68a1b22be,0.173,0,51,44,0,44,7,86.27450980392157,85.71428571428571,76.92307692307692,85.71428571428571,89.47368421052632,86.20689655172414,732,16.636363636363637,0,0,0,0,7,0,0,0,0,0,5.641,3.9444,3848,1099289,278,59,38,0.10245464247598719,1,0.025065,0.08550400000000001,136,0.006,0.19799999999999998,0.8019999999999999,0,0.0,0.0,0,3,0,0,0,0,
K8_R0.75_T1_H1_N3_S8015_PERIODIC_inprocess,8015,8,0.75,1,1,N3,0.75,20.0,,PERIODIC,inprocess,e68cb832daf83667153c752c4a58143d16eba89731a522296438923c7e38565a,b3d5635cb525df860647dcaf265ad3469bf0d7dd797de050a0bc76d7e40b430e,0.281,0,51,48,0,48,3,94.11764705882354,94.04761904761905,92.3076923076923,85.71428571428571,94.73684210526316,96.55172413793103,710,14.791666666666666,0,0,0,0,6,0,0,0,0,0,5.7286,3.9326,4186,1128711,321,57,43,0.16204287515762925,3,0.133452,0.08359100000000001,31,1.359,11.9,16.854,0,0.0,0.0,0,2,0,0,0,0,
K8_R0.75_T1_H1_N3_S8015_CENTRAL_inprocess,8015,8,0.75,1,1,N3,0.75,20.0,,CENTRAL,inprocess,e68cb832daf83667153c752c4a58143d16eba89731a522296438923c7e38565a,b2a685dd4244c55fe447ca749c01765ec93dc59214d6a6004e009b31caab31c5,0.741,0,51,51,0,51,0,100.0,100.0,100.0,100.0,100.0,100.0,727,14.254901960784315,0,0,0,0,5,0,0,0,0,0,5.6827,3.9326,4857,1185435,414,55,53,0.24202822791427078,3,0.566663,0.092893,113,2.821,15.94,26.582,0,0.0,0.0,0,0,0,0,0,0,
K8_R0.75_T1_H1_N3_S8015_CENTRAL_FB_inprocess,8015,8,0.75,1,1,N3,0.75,20.0,,CENTRAL_FB,inprocess,e68cb832daf83667153c752c4a58143d16eba89731a522296438923c7e38565a,4bd0572a7f1ac3aeafab54bb481023f7a224d8ca58193f4c771443bd9c8a268b,0.608,0,51,51,0,51,0,100.0,100.0,100.0,100.0,100.0,100.0,727,14.254901960784315,0,0,0,0,5,0,0,0,0,0,5.6827,3.9326,4857,1185435,414,55,53,0.24202822791427078,3,0.459153,0.081825,113,2.225,11.809,18.426000000000002,29,0.022,0.067,0,0,0,0,0,0,
K8_R0.75_T1_H1_N3_S8015_CENTRAL_FOG_inprocess,8015,8,0.75,1,1,N3,0.75,20.0,,CENTRAL_FOG,inprocess,e68cb832daf83667153c752c4a58143d16eba89731a522296438923c7e38565a,72a73f16c6ff1b1acab551eedff58cf00768b3e49049b9ce956ecabc7785e455,0.761,0,51,51,0,51,0,100.0,100.0,100.0,100.0,100.0,100.0,727,14.254901960784315,0,0,0,0,5,0,0,0,0,0,5.6827,3.9326,4857,1185435,414,55,53,0.24202822791427078,3,0.584918,0.102992,113,2.7070000000000003,16.134,20.622,0,0.0,0.0,0,0,0,0,0,0,
K8_R0.75_T1_H1_N3_S8015_HYBRID_inprocess,8015,8,0.75,1,1,N3,0.75,20.0,,HYBRID,inprocess,e68cb832daf83667153c752c4a58143d16eba89731a522296438923c7e38565a,81f4f18bc17afd10c84a85466cc22eae3285a1447bb135e630488e9ad3525573,0.671,0,51,51,0,51,0,100.0,100.0,100.0,100.0,100.0,100.0,727,14.254901960784315,0,0,0,0,5,0,0,0,0,0,5.6827,3.9326,4857,1185435,414,55,53,0.24202822791427078,3,0.510553,0.08626099999999999,113,2.088,15.649,23.819,29,0.022,0.048,0,0,0,0,0,0,
K16_R0.90_T1_H1_N1_S8015_HYBRID_EAGER_inprocess,8015,16,0.9,1,1,N1,0.98,3.0,,HYBRID_EAGER,inprocess,702c8f61299d8e53f6ce4e693867bb07fc5359e33252162ff56fe393a1033237,c86146197e19aa3f0849e35501b2fc8873cf324bf70a29992d175b077479bf30,5.734,0,123,100,2,102,21,82.92682926829268,86.80203045685279,89.47368421052632,100.0,80.0,84.48275862068965,1567,15.362745098039216,0,0,0,0,15,0,0,0,0,0,5.6417,3.9142,12630,2604277,213,125,9,0.02440206851971558,2,5.100869,0.269702,168,33.234,54.466,67.849,30,0.055,0.067,0,0,0,0,0,0,
K8_R0.75_T1_H1_N3_S8015_EDGE_MARKET_inprocess,8015,8,0.75,1,1,N3,0.75,20.0,,EDGE_MARKET,inprocess,e68cb832daf83667153c752c4a58143d16eba89731a522296438923c7e38565a,7b6e53539a2e03a8a294d934ebcbc083923da143661851a4605780b82a2d9c21,0.207,0,51,48,0,48,3,94.11764705882354,94.04761904761905,92.3076923076923,85.71428571428571,94.73684210526316,93.10344827586206,766,15.958333333333334,0,0,0,0,4,0,0,0,0,0,5.6838,3.9444,4105,1159757,307,60,52,0.13302901858493643,3,0.023372,0.125829,50,0.030000000000000002,0.082,0.103,323,0.48500000000000004,2.955,0,9,0,0,0,0,
K8_R0.75_T1_H1_N3_S8015_HYBRID_EAGER_inprocess,8015,8,0.75,1,1,N3,0.75,20.0,,HYBRID_EAGER,inprocess,e68cb832daf83667153c752c4a58143d16eba89731a522296438923c7e38565a,9eeef95f9bfc2ae06cc359715147a431960453e41778fe77825175c12f088ea7,0.675,0,51,51,0,51,0,100.0,100.0,100.0,100.0,100.0,100.0,727,14.254901960784315,0,0,0,0,5,0,0,0,0,0,5.6827,3.9326,4857,1185290,414,55,53,0.24202822791427078,3,0.506903,0.09733900000000001,113,2.4160000000000004,13.543,21.569000000000003,43,0.036000000000000004,0.045000000000000005,0,0,0,0,0,0,
K8_R1.05_T1_H1_N3_S8015_STATIC_inprocess,8015,8,1.05,1,1,N3,0.75,20.0,,STATIC,inprocess,fd87754afda2d3c7df0445b117fa1bea558462cf6132eda302cd906e6b82fd64,1c0e8a5399c645f7fc4423b5740d7323320a4c8061f0d092065ed532e33f5318,0.182,0,72,52,1,53,19,73.61111111111111,67.2566371681416,35.294117647058826,0.0,85.45454545454545,76.92307692307692,815,15.377358490566039,1,1,0,0,8,0,0,0,0,0,5.6664,3.878,3867,1084488,284,56,42,0.14028903771589707,2,0.033795,0.08601400000000001,250,0.008,0.206,0.6920000000000001,0,0.0,0.0,0,1,0,0,0,0,
K8_R1.05_T1_H1_N3_S8015_PERIODIC_inprocess,8015,8,1.05,1,1,N3,0.75,20.0,,PERIODIC,inprocess,fd87754afda2d3c7df0445b117fa1bea558462cf6132eda302cd906e6b82fd64,cd0d0af589dd470e8ce22af1e1d5d096a8648a46a7dc593f545fbd8406c53a60,0.581,0,72,55,1,56,16,77.77777777777777,81.41592920353982,88.23529411764706,100.0,74.54545454545455,84.61538461538461,757,13.517857142857142,0,0,0,0,7,0,0,0,0,0,7.7782,3.878,4423,1126196,377,62,44,0.2496271995228154,5,0.408539,0.09655399999999999,31,10.36,29.253999999999998,39.112,0,0.0,0.0,0,0,0,0,0,0,
K8_R1.05_T1_H1_N3_S8015_CENTRAL_inprocess,8015,8,1.05,1,1,N3,0.75,20.0,,CENTRAL,inprocess,fd87754afda2d3c7df0445b117fa1bea558462cf6132eda302cd906e6b82fd64,0919ca51bad1aa35bfb46c7817f68a3af518c586950f5766d03e653a2ae6891e,2.867,0,72,53,1,54,18,75.0,80.53097345132744,94.11764705882354,80.0,69.0909090909091,79.48717948717949,699,12.944444444444445,0,0,0,0,7,0,0,0,0,0,5.6824,3.878,7135,1377884,709,109,53,0.2512266928361138,4,2.575385,0.12168299999999999,184,12.09,37.013999999999996,46.370000000000005,0,0.0,0.0,0,1,0,0,0,0,
K8_R1.05_T1_H1_N3_S8015_CENTRAL_FB_inprocess,8015,8,1.05,1,1,N3,0.75,20.0,,CENTRAL_FB,inprocess,fd87754afda2d3c7df0445b117fa1bea558462cf6132eda302cd906e6b82fd64,9a657fc8143ac0db69df1a18664d2b9736ffb2b82680a0cb7c5561a91cac7fc4,2.934,0,72,53,1,54,18,75.0,82.30088495575221,100.0,100.0,67.27272727272727,79.48717948717949,711,13.166666666666666,0,0,0,0,6,0,0,0,0,0,5.6684,3.878,7085,1373871,678,106,53,0.23717948717948717,4,2.678821,0.12742799999999999,178,13.33,36.327999999999996,66.244,29,0.039,0.465,0,0,0,0,0,0,
K8_R1.05_T1_H1_N3_S8015_CENTRAL_FOG_inprocess,8015,8,1.05,1,1,N3,0.75,20.0,,CENTRAL_FOG,inprocess,fd87754afda2d3c7df0445b117fa1bea558462cf6132eda302cd906e6b82fd64,4d17ac0cb5a41174caac11dc6b912094f84e2ceb7edf6bec23f7600f67cd89b4,3.024,0,72,53,1,54,18,75.0,80.53097345132744,94.11764705882354,80.0,69.0909090909091,79.48717948717949,699,12.944444444444445,0,0,0,0,7,0,0,0,0,0,5.6824,3.878,7135,1377884,709,109,53,0.2512266928361138,4,2.768069,0.126468,184,13.026,38.065000000000005,48.394,0,0.0,0.0,0,1,0,0,0,0,
K8_R1.05_T1_H1_N3_S8015_HYBRID_inprocess,8015,8,1.05,1,1,N3,0.75,20.0,,HYBRID,inprocess,fd87754afda2d3c7df0445b117fa1bea558462cf6132eda302cd906e6b82fd64,feecef996f430fa5587e5a9513143378fb11b00bb772e6d81b89b61bf02c6e04,2.996,0,72,53,1,54,18,75.0,82.30088495575221,100.0,100.0,67.27272727272727,79.48717948717949,711,13.166666666666666,0,0,0,0,6,0,0,0,0,0,5.6684,3.878,7085,1373871,678,106,53,0.23717948717948717,4,2.704254,0.12790200000000002,178,13.953999999999999,34.011,43.589999999999996,29,0.044,0.38,0,0,0,0,0,0,
K8_R1.05_T1_H1_N3_S8015_EDGE_MARKET_inprocess,8015,8,1.05,1,1,N3,0.75,20.0,,EDGE_MARKET,inprocess,fd87754afda2d3c7df0445b117fa1bea558462cf6132eda302cd906e6b82fd64,f9addc181799bf7e65f34f3aaa7f9590be185a2f9e565f889f4b650f83b941f1,0.505,0,72,52,1,53,19,73.61111111111111,79.64601769911505,76.47058823529412,100.0,72.72727272727273,76.92307692307692,729,13.754716981132075,0,0,0,0,7,0,0,0,0,0,7.5386,3.878,5047,1316485,431,66,54,0.2803995006242197,1,0.038519,0.352908,179,0.073,0.162,0.31,1197,0.549,6.934,0,28,0,0,0,0,
K4_R0.90_T1_H1_N3_S8015_STATIC_inprocess,8015,4,0.9,1,1,N3,0.75,20.0,,STATIC,inprocess,a04e931c22ce5c143ff0ad71f3da7fff65c2e88f3183fb780942e71e3107015a,cf6771f2a5492bf1fac478a23b174f35acc1b50f689acce7df53132dc9feb367,0.093,0,31,25,0,25,6,80.64516129032258,70.0,50.0,20.0,95.23809523809524,80.0,376,15.04,0,0,0,0,3,0,0,0,0,0,5.9558,3.9504,1928,539674,139,31,40,0.1415492957746479,1,0.015815,0.044865999999999996,266,0.005,0.087,0.149,0,0.0,0.0,0,0,0,0,0,0,
K4_R0.90_T1_H1_N3_S8015_PERIODIC_inprocess,8015,4,0.9,1,1,N3,0.75,20.0,,PERIODIC,inprocess,a04e931c22ce5c143ff0ad71f3da7fff65c2e88f3183fb780942e71e3107015a,b94dd2c50682d9577deb58765f1af8869fb9d9a61c0d93d4cf1b2dcf8fec6372,0.196,0,31,24,0,24,7,77.41935483870968,82.0,90.0,80.0,71.42857142857143,93.33333333333333,348,14.5,0,0,0,0,4,0,0,0,0,0,5.6317,3.9504,2166,580194,168,35,44,0.24486094316807738,1,0.106503,0.048739,31,2.17,8.971,16.265,0,0.0,0.0,0,1,0,0,0,0,
K4_R0.90_T1_H1_N3_S8015_CENTRAL_inprocess,8015,4,0.9,1,1,N3,0.75,20.0,,CENTRAL,inprocess,a04e931c22ce5c143ff0ad71f3da7fff65c2e88f3183fb780942e71e3107015a,c985e96b0574a772e40559eeb7c31c9598479e097e4ed01e1c4f8e77dc1a20c7,0.345,0,31,25,0,25,6,80.64516129032258,80.0,70.0,80.0,85.71428571428571,80.0,317,12.68,0,0,0,0,3,0,0,0,0,0,5.6523,3.9504,2354,582804,192,30,39,0.2064864864864865,0,0.248898,0.052395000000000004,81,1.925,7.7780000000000005,12.064,0,0.0,0.0,0,1,0,0,0,0,
K4_R0.90_T1_H1_N3_S8015_CENTRAL_FB_inprocess,8015,4,0.9,1,1,N3,0.75,20.0,,CENTRAL_FB,inprocess,a04e931c22ce5c143ff0ad71f3da7fff65c2e88f3183fb780942e71e3107015a,af3eb6ac887651240637f0f41ed86d06e9d561cb4120b98156384df6c71b1845,0.338,0,31,24,0,24,7,77.41935483870968,80.0,80.0,80.0,76.19047619047619,80.0,322,13.416666666666666,0,0,0,0,3,0,0,0,0,0,5.6131,3.9504,2362,582636,227,29,39,0.19901585565882995,0,0.243421,0.054296,86,1.9220000000000002,7.564,10.182,15,0.447,2.813,0,1,0,0,0,0,
K4_R0.90_T1_H1_N3_S8015_CENTRAL_FOG_inprocess,8015,4,0.9,1,1,N3,0.75,20.0,,CENTRAL_FOG,inprocess,a04e931c22ce5c143ff0ad71f3da7fff65c2e88f3183fb780942e71e3107015a,07af89b08e61c989e1f5a9d372d7034eabffad8c448bce23c30b854596806922,0.336,0,31,25,0,25,6,80.64516129032258,80.0,70.0,80.0,85.71428571428571,80.0,317,12.68,0,0,0,0,3,0,0,0,0,0,5.6523,3.9504,2354,582804,192,30,39,0.2064864864864865,0,0.241271,0.05199000000000001,81,1.9980000000000002,7.675000000000001,11.663,0,0.0,0.0,0,1,0,0,0,0,
K4_R0.90_T1_H1_N3_S8015_HYBRID_inprocess,8015,4,0.9,1,1,N3,0.75,20.0,,HYBRID,inprocess,a04e931c22ce5c143ff0ad71f3da7fff65c2e88f3183fb780942e71e3107015a,1d353f35c38e5724933f122a8909dc16208f8553f965e35f961044e9badd3884,0.354,0,31,24,0,24,7,77.41935483870968,80.0,80.0,80.0,76.19047619047619,80.0,322,13.416666666666666,0,0,0,0,3,0,0,0,0,0,5.6131,3.9504,2362,582636,227,29,39,0.19901585565882995,0,0.253958,0.055811000000000006,86,1.888,7.6899999999999995,9.386999999999999,15,0.467,2.817,0,1,0,0,0,0,
K8_R1.05_T1_H1_N3_S8015_HYBRID_EAGER_inprocess,8015,8,1.05,1,1,N3,0.75,20.0,,HYBRID_EAGER,inprocess,fd87754afda2d3c7df0445b117fa1bea558462cf6132eda302cd906e6b82fd64,161a38726899fa98bb26ccd0c7c52c7d733da5ead84c3e53ae7f4651f0ce7b32,2.828,0,72,54,1,55,17,76.38888888888889,81.41592920353982,82.3529411764706,100.0,74.54545454545455,87.17948717948718,722,13.127272727272727,0,0,0,0,6,0,0,0,0,0,6.4895,3.878,6573,1323204,616,110,53,0.29391710030504214,3,2.591103,0.13116,167,12.626,40.431000000000004,51.124,40,0.095,0.38,0,0,0,0,0,0,
K4_R0.90_T1_H1_N3_S8015_EDGE_MARKET_inprocess,8015,4,0.9,1,1,N3,0.75,20.0,,EDGE_MARKET,inprocess,a04e931c22ce5c143ff0ad71f3da7fff65c2e88f3183fb780942e71e3107015a,922050f88d203d11962eaf0e5060bf19431ba7f52737d150bd14d66ff51f3532,0.138,0,31,24,0,24,7,77.41935483870968,86.0,100.0,100.0,66.66666666666667,73.33333333333333,449,18.708333333333332,0,0,0,0,4,0,0,0,0,0,5.6318,3.9504,2114,598286,167,28,31,0.16074766355140188,1,0.01525,0.088057,74,0.027,0.074,0.082,212,0.505,3.044,0,13,0,0,0,0,
K4_R0.90_T1_H1_N3_S8015_HYBRID_EAGER_inprocess,8015,4,0.9,1,1,N3,0.75,20.0,,HYBRID_EAGER,inprocess,a04e931c22ce5c143ff0ad71f3da7fff65c2e88f3183fb780942e71e3107015a,c6d2325980695afdfd4e0c155fbdeec51c7b5a1e9f0a6a59d4fcf30e7b482a51,0.337,0,31,23,0,23,8,74.19354838709677,78.0,80.0,80.0,71.42857142857143,80.0,338,14.695652173913043,0,0,0,0,3,0,0,0,0,0,5.5229,3.9504,2344,581166,213,27,39,0.19978106185002736,1,0.23745,0.05774699999999999,83,2.1029999999999998,7.191000000000001,12.433,24,0.457,2.879,0,0,0,0,0,0,
K16_R0.90_T1_H1_N3_S8015_STATIC_inprocess,8015,16,0.9,1,1,N3,0.75,20.0,,STATIC,inprocess,137a3fa8e0598393c86ecd147af0caafd02fa604e224c93f0ad07b80d6a68ce4,935eeb16849715902914f0f7ecec7a731eb120fce004be23ee6230587bd66f7f,0.472,0,123,100,1,101,22,82.11382113821138,78.68020304568527,68.42105263157895,61.53846153846154,88.23529411764706,87.93103448275862,1562,15.465346534653465,0,0,0,0,13,0,0,0,0,0,5.6517,3.9142,7729,2146223,576,105,60,0.29483620210993894,4,0.071933,0.20174099999999998,261,0.011,0.432,0.6629999999999999,0,0.0,0.0,0,2,0,0,0,0,
K16_R0.90_T1_H1_N3_S8015_PERIODIC_inprocess,8015,16,0.9,1,1,N3,0.75,20.0,,PERIODIC,inprocess,137a3fa8e0598393c86ecd147af0caafd02fa604e224c93f0ad07b80d6a68ce4,95bd46995b97ef4111473fadccad05d44b82e30e8e4d7f9a7190d535e0c9389b,1.093,0,123,94,3,97,26,78.86178861788618,83.248730964467,92.10526315789474,92.3076923076923,72.94117647058823,77.58620689655173,1661,17.123711340206185,0,0,0,0,13,0,0,0,0,0,5.6671,3.9142,8523,2237207,675,117,56,0.31713637836086817,3,0.657065,0.21218700000000001,31,20.938,46.339,60.289,0,0.0,0.0,0,2,0,0,0,0,
K16_R0.90_T1_H1_N3_S8015_CENTRAL_inprocess,8015,16,0.9,1,1,N3,0.75,20.0,,CENTRAL,inprocess,137a3fa8e0598393c86ecd147af0caafd02fa604e224c93f0ad07b80d6a68ce4,a6b1420ffbda6dc8778d5a5b3702e32a33ea8d2b1d940e65614d88dd47e1b8e1,5.599,0,123,95,2,97,26,78.86178861788618,80.71065989847716,78.94736842105263,84.61538461538461,78.82352941176471,72.41379310344827,1556,16.04123711340206,0,0,0,0,13,0,0,0,0,0,5.7229,3.9142,13375,2656058,1214,224,73,0.3956576350260183,9,5.026177,0.27867700000000006,235,23.273,47.348,76.26299999999999,0,0.0,0.0,0,0,0,0,0,0,
K16_R0.90_T1_H1_N3_S8015_CENTRAL_FB_inprocess,8015,16,0.9,1,1,N3,0.75,20.0,,CENTRAL_FB,inprocess,137a3fa8e0598393c86ecd147af0caafd02fa604e224c93f0ad07b80d6a68ce4,681401dec1908c8eb9b785d9377a70804888e236452533f948be8f2f1af42d13,6.577,0,123,96,2,98,25,79.67479674796748,83.248730964467,84.21052631578948,92.3076923076923,77.6470588235294,81.03448275862068,1455,14.846938775510203,0,0,0,0,11,0,0,0,0,0,5.6469,3.9142,13834,2679609,1206,232,73,0.36721706226350187,7,5.94911,0.262824,239,25.295,54.144999999999996,67.388,74,0.131,2.312,0,1,0,0,0,0,
K16_R0.90_T1_H1_N3_S8015_CENTRAL_FOG_inprocess,8015,16,0.9,1,1,N3,0.75,20.0,,CENTRAL_FOG,inprocess,137a3fa8e0598393c86ecd147af0caafd02fa604e224c93f0ad07b80d6a68ce4,6e263a29fc21cad8c967dc561923dc3a7874a625972faa69387105f12c31a123,5.928,0,123,95,2,97,26,78.86178861788618,80.71065989847716,78.94736842105263,84.61538461538461,78.82352941176471,72.41379310344827,1556,16.04123711340206,0,0,0,0,13,0,0,0,0,0,5.7229,3.9142,13375,2656058,1214,224,73,0.3956576350260183,9,5.276729,0.27425800000000006,235,24.229,47.398999999999994,68.162,0,0.0,0.0,0,0,0,0,0,0,
K16_R0.90_T1_H1_N3_S8015_HYBRID_inprocess,8015,16,0.9,1,1,N3,0.75,20.0,,HYBRID,inprocess,137a3fa8e0598393c86ecd147af0caafd02fa604e224c93f0ad07b80d6a68ce4,33e0299c64677e9e9075caf2b0efdc2a28a6a487f92e78e7b478c1f87c0cdf07,6.074,0,123,96,2,98,25,79.67479674796748,83.248730964467,84.21052631578948,92.3076923076923,77.6470588235294,81.03448275862068,1455,14.846938775510203,0,0,0,0,11,0,0,0,0,0,5.6469,3.9142,13834,2679609,1206,232,73,0.36721706226350187,7,5.503435,0.262532,239,25.19,47.254999999999995,60.602000000000004,74,0.115,0.433,0,1,0,0,0,0,
K16_R0.90_T1_H1_N3_S8015_EDGE_MARKET_inprocess,8015,16,0.9,1,1,N3,0.75,20.0,,EDGE_MARKET,inprocess,137a3fa8e0598393c86ecd147af0caafd02fa604e224c93f0ad07b80d6a68ce4,629507189e0de2bfffaa755f28d1c90fb165e69066e50f33f595f6bc300d46fe,0.715,0,123,99,2,101,22,82.11382113821138,84.26395939086295,84.21052631578948,84.61538461538461,81.17647058823529,86.20689655172414,1569,15.534653465346535,0,0,0,0,12,0,0,0,0,0,5.6573,3.9142,9977,2641160,845,168,114,0.4213607389098478,4,0.058413,0.465787,170,0.095,0.305,0.5820000000000001,2307,0.383,3.007,0,36,0,0,0,0,
K8_R0.75_T1_H1_N1_S8016_STATIC_inprocess,8016,8,0.75,1,1,N1,0.98,3.0,,STATIC,inprocess,61c19fefaa1e41a6cd71bb5f4e2ca7193ac8ba64a0819d6dc79aeb292b4656e9,1d1be65b671bbb9fe5db09356c150f53c386289077d68c9446afec8ff521678c,0.138,0,51,46,2,48,3,94.11764705882354,95.0,92.3076923076923,100.0,94.73684210526316,96.42857142857143,611,12.729166666666666,0,0,0,0,4,0,0,0,0,0,5.6347,3.8751,3851,1052261,50,42,3,0.0024245689655172415,0,0.02241,0.066915,48,0.005,0.154,0.211,0,0.0,0.0,0,1,0,0,0,0,
K8_R0.75_T1_H1_N1_S8016_PERIODIC_inprocess,8016,8,0.75,1,1,N1,0.98,3.0,,PERIODIC,inprocess,61c19fefaa1e41a6cd71bb5f4e2ca7193ac8ba64a0819d6dc79aeb292b4656e9,7df937352bd959855f9050b6ed55df5f7361518c57e36ddc10ea632041ef7c6d,0.262,0,51,47,2,49,2,96.07843137254902,96.25,92.3076923076923,100.0,97.36842105263158,96.42857142857143,661,13.489795918367347,0,0,0,0,7,0,0,0,0,0,5.6723,3.8751,4184,1051921,72,43,4,0.00594500866980431,0,0.133466,0.070751,31,2.115,12.306,13.979999999999999,0,0.0,0.0,0,1,0,0,0,0,
K8_R0.75_T1_H1_N1_S8016_CENTRAL_inprocess,8016,8,0.75,1,1,N1,0.98,3.0,,CENTRAL,inprocess,61c19fefaa1e41a6cd71bb5f4e2ca7193ac8ba64a0819d6dc79aeb292b4656e9,389d530df8f9e46b2c036b4e97e40a76730f8667f62f3aaf05b78b5d92f0915f,0.462,0,51,48,2,50,1,98.03921568627452,98.75,100.0,100.0,97.36842105263158,100.0,658,13.16,0,0,0,0,6,0,0,0,0,0,5.6324,3.8751,4749,1099258,80,54,7,0.014536775873291387,0,0.327114,0.076529,82,2.601,13.592,23.544,0,0.0,0.0,0,0,0,0,0,0,
K8_R0.75_T1_H1_N1_S8016_CENTRAL_FB_inprocess,8016,8,0.75,1,1,N1,0.98,3.0,,CENTRAL_FB,inprocess,61c19fefaa1e41a6cd71bb5f4e2ca7193ac8ba64a0819d6dc79aeb292b4656e9,5ac0463365bd57a4bde5463fecaaf5c4a3babccebe7206559da9180696dfdb24,0.467,0,51,48,2,50,1,98.03921568627452,98.75,100.0,100.0,97.36842105263158,100.0,658,13.16,0,0,0,0,6,0,0,0,0,0,5.6324,3.8751,4749,1099258,80,54,7,0.014536775873291387,0,0.326038,0.077391,82,2.6220000000000003,13.393,17.070999999999998,1,0.012,0.012,0,0,0,0,0,0,
K8_R0.75_T1_H1_N1_S8016_CENTRAL_FOG_inprocess,8016,8,0.75,1,1,N1,0.98,3.0,,CENTRAL_FOG,inprocess,61c19fefaa1e41a6cd71bb5f4e2ca7193ac8ba64a0819d6dc79aeb292b4656e9,5582bdcd69e35fe324fd60fa002afa3e8ffdcc2c607e4baaaffdd792f783a4e2,0.659,0,51,48,2,50,1,98.03921568627452,98.75,100.0,100.0,97.36842105263158,100.0,658,13.16,0,0,0,0,6,0,0,0,0,0,5.6324,3.8751,4749,1099258,80,54,7,0.014536775873291387,0,0.430749,0.100576,82,3.5010000000000003,15.988999999999999,29.266000000000002,0,0.0,0.0,0,0,0,0,0,0,
K8_R0.75_T1_H1_N1_S8016_HYBRID_inprocess,8016,8,0.75,1,1,N1,0.98,3.0,,HYBRID,inprocess,61c19fefaa1e41a6cd71bb5f4e2ca7193ac8ba64a0819d6dc79aeb292b4656e9,2392a99cf0a8b82c616c49c80be55debbe0142354bf7614ef90fe8828c456a2e,0.499,0,51,48,2,50,1,98.03921568627452,98.75,100.0,100.0,97.36842105263158,100.0,658,13.16,0,0,0,0,6,0,0,0,0,0,5.6324,3.8751,4749,1099258,80,54,7,0.014536775873291387,0,0.341973,0.086176,82,2.594,14.815,18.034000000000002,1,0.01,0.01,0,0,0,0,0,0,
K8_R0.75_T1_H1_N1_S8016_HYBRID_EAGER_inprocess,8016,8,0.75,1,1,N1,0.98,3.0,,HYBRID_EAGER,inprocess,61c19fefaa1e41a6cd71bb5f4e2ca7193ac8ba64a0819d6dc79aeb292b4656e9,ddefe17ab867db2158de631b9c2cca8e3f9f55577e35e66c02985a501f803c37,0.658,0,51,48,2,50,1,98.03921568627452,98.75,100.0,100.0,97.36842105263158,100.0,658,13.16,0,0,0,0,6,0,0,0,0,0,5.6324,3.8751,4749,1099234,80,54,7,0.014536775873291387,0,0.44865,0.11418,82,4.535,16.935,21.756999999999998,11,0.15100000000000002,0.15100000000000002,0,0,0,0,0,0,
K16_R0.90_T1_H1_N3_S8015_HYBRID_EAGER_inprocess,8015,16,0.9,1,1,N3,0.75,20.0,,HYBRID_EAGER,inprocess,137a3fa8e0598393c86ecd147af0caafd02fa604e224c93f0ad07b80d6a68ce4,f6a94e1418d108097a92d4a47fc125e78f0b6477bd1e15f0c00ffe1ad63af9c5,6.229,0,123,96,3,99,24,80.48780487804878,84.77157360406092,92.10526315789474,100.0,75.29411764705883,75.86206896551724,1530,15.454545454545455,0,0,0,0,11,0,0,0,0,0,5.6596,3.9142,13844,2693375,1220,213,73,0.36733815426997246,6,5.629369,0.28647500000000004,235,25.669999999999998,47.876000000000005,77.724,98,0.101,0.5199999999999999,0,0,0,0,0,0,
K8_R0.75_T1_H1_N1_S8016_EDGE_MARKET_inprocess,8016,8,0.75,1,1,N1,0.98,3.0,,EDGE_MARKET,inprocess,61c19fefaa1e41a6cd71bb5f4e2ca7193ac8ba64a0819d6dc79aeb292b4656e9,dcc5570b7c51f362e379ac6b392ce3da3a42bbfe610db6f1be28b0d2a1a22e04,0.219,0,51,49,2,51,0,100.0,100.0,100.0,100.0,100.0,100.0,684,13.411764705882353,2,2,0,0,5,0,0,0,0,0,5.6234,3.8751,4076,1069408,49,42,5,0.005576679340937896,0,0.028402,0.12801,33,0.075,0.085,0.132,288,0.504,3.441,0,3,0,0,0,0,
K8_R1.05_T1_H1_N1_S8016_STATIC_inprocess,8016,8,1.05,1,1,N1,0.98,3.0,,STATIC,inprocess,13ce5cf368ee13be0c1117fbc3afd236afac441decb7cd300a8f041f941f447f,812471c3fdc29d39fd8ea53dc24f90b32698f36b6de3a3408c44cbfac9d6de93,0.21,0,72,47,3,50,22,69.44444444444444,61.53846153846154,34.78260869565217,25.0,85.71428571428571,75.0,739,14.78,0,0,0,0,6,0,0,0,0,0,5.6438,3.893,3867,1102165,52,35,5,0.004292997048564529,1,0.046048,0.09494899999999999,273,0.009000000000000001,0.254,0.5569999999999999,0,0.0,0.0,0,1,0,0,0,0,
K8_R1.05_T1_H1_N1_S8016_PERIODIC_inprocess,8016,8,1.05,1,1,N1,0.98,3.0,,PERIODIC,inprocess,13ce5cf368ee13be0c1117fbc3afd236afac441decb7cd300a8f041f941f447f,3677b1073f48c6515274973e529c11a84a6ff3727a9a5ba9cef573286fea2260,0.615,0,72,50,5,55,17,76.38888888888889,79.48717948717949,78.26086956521739,87.5,75.51020408163265,85.71428571428571,916,16.654545454545456,0,0,0,0,7,1,1,0,12,20,10.0471,3.893,4469,1132425,88,42,7,0.015748031496062992,0,0.437253,0.09759999999999999,31,12.233,32.154,43.756,0,0.0,0.0,0,1,0,0,0,0,
K8_R1.05_T1_H1_N1_S8016_CENTRAL_inprocess,8016,8,1.05,1,1,N1,0.98,3.0,,CENTRAL,inprocess,13ce5cf368ee13be0c1117fbc3afd236afac441decb7cd300a8f041f941f447f,083e35dc9414565518666f9aedb3bff4b48c1ddec81d2736dbe82581544c1de2,2.621,0,72,50,3,53,19,73.61111111111111,77.77777777777777,82.6086956521739,87.5,69.38775510204081,67.85714285714286,839,15.830188679245284,6,6,0,0,7,0,0,0,0,0,5.6357,3.893,6411,1328922,125,65,5,0.031006519319446653,0,2.399591,0.115748,151,16.323,29.086000000000002,36.533,0,0.0,0.0,0,0,0,0,0,0,
K8_R1.05_T1_H1_N1_S8016_CENTRAL_FB_inprocess,8016,8,1.05,1,1,N1,0.98,3.0,,CENTRAL_FB,inprocess,13ce5cf368ee13be0c1117fbc3afd236afac441decb7cd300a8f041f941f447f,7bbc27787dd156708611594a23b381f33372a72d2927d51900b5452c8972d3bf,3.011,0,72,50,3,53,19,73.61111111111111,77.77777777777777,82.6086956521739,87.5,69.38775510204081,67.85714285714286,839,15.830188679245284,6,6,0,0,7,0,0,0,0,0,5.6357,3.893,6411,1328922,125,65,5,0.031006519319446653,0,2.69844,0.128309,151,18.857,33.412,46.239000000000004,1,0.013,0.013,0,0,0,0,0,0,
K8_R1.05_T1_H1_N1_S8016_CENTRAL_FOG_inprocess,8016,8,1.05,1,1,N1,0.98,3.0,,CENTRAL_FOG,inprocess,13ce5cf368ee13be0c1117fbc3afd236afac441decb7cd300a8f041f941f447f,f40931af4ad028930e18f1f8855cb3676169933372acdd20e30f2baee9a84aa1,3.137,0,72,50,3,53,19,73.61111111111111,77.77777777777777,82.6086956521739,87.5,69.38775510204081,67.85714285714286,839,15.830188679245284,6,6,0,0,7,0,0,0,0,0,5.6357,3.893,6411,1328922,125,65,5,0.031006519319446653,0,2.874485,0.125283,151,18.874,35.836,46.481,0,0.0,0.0,0,0,0,0,0,0,
K8_R1.05_T1_H1_N1_S8016_HYBRID_inprocess,8016,8,1.05,1,1,N1,0.98,3.0,,HYBRID,inprocess,13ce5cf368ee13be0c1117fbc3afd236afac441decb7cd300a8f041f941f447f,60c8331794597dd36cfbe4c11714c16808dea3a9987b2a5a45695cd87ca14162,3.063,0,72,50,3,53,19,73.61111111111111,77.77777777777777,82.6086956521739,87.5,69.38775510204081,67.85714285714286,839,15.830188679245284,6,6,0,0,7,0,0,0,0,0,5.6357,3.893,6411,1328922,125,65,5,0.031006519319446653,0,2.743284,0.124974,151,18.584,38.43,53.233000000000004,1,0.012,0.012,0,0,0,0,0,0,
K8_R1.05_T1_H1_N1_S8016_EDGE_MARKET_inprocess,8016,8,1.05,1,1,N1,0.98,3.0,,EDGE_MARKET,inprocess,13ce5cf368ee13be0c1117fbc3afd236afac441decb7cd300a8f041f941f447f,d4151f78465583e1fed7c787f05427970efedb79524ce016bd91563700d44eac,0.487,0,72,47,4,51,21,70.83333333333333,69.23076923076923,56.52173913043478,62.5,77.55102040816327,78.57142857142857,746,14.627450980392156,0,0,0,0,6,0,0,0,0,0,5.6105,3.893,5280,1394757,79,50,5,0.016122766122766124,0,0.046757,0.30864699999999995,162,0.077,0.219,0.356,1413,0.578,7.442,0,31,0,0,0,0,
K4_R0.90_T1_H1_N1_S8016_STATIC_inprocess,8016,4,0.9,1,1,N1,0.98,3.0,,STATIC,inprocess,1406e7420dfce66ad532f426ea80ba66e004dc28c59622d82d9be36037b00959,f1852e559b0cbbdbbabfde34aa6935e84e5f6001baf016bfb8cb0cb5e14ac1fa,0.096,0,31,27,1,28,3,90.3225806451613,90.9090909090909,81.81818181818181,100.0,95.0,93.33333333333333,354,12.642857142857142,0,0,0,0,4,0,0,0,0,0,5.6682,4.0103,1935,576651,50,26,1,0.0010775862068965517,0,0.017551,0.045464000000000004,155,0.005,0.11299999999999999,0.16699999999999998,0,0.0,0.0,0,0,0,0,0,0,
K4_R0.90_T1_H1_N1_S8016_PERIODIC_inprocess,8016,4,0.9,1,1,N1,0.98,3.0,,PERIODIC,inprocess,1406e7420dfce66ad532f426ea80ba66e004dc28c59622d82d9be36037b00959,e122f129159293e00ac3a770d73f3fde0a9aca9ee9cd29d0b04a0494c77a9091,0.184,0,31,29,1,30,1,96.7741935483871,98.18181818181819,100.0,100.0,95.0,93.33333333333333,333,11.1,0,0,0,0,4,0,0,0,0,0,5.7037,4.0103,2177,587664,58,20,4,0.016129032258064516,0,0.088273,0.050289,31,2.3440000000000003,5.941,9.669,0,0.0,0.0,0,0,0,0,0,0,
K4_R0.90_T1_H1_N1_S8016_CENTRAL_inprocess,8016,4,0.9,1,1,N1,0.98,3.0,,CENTRAL,inprocess,1406e7420dfce66ad532f426ea80ba66e004dc28c59622d82d9be36037b00959,9dcc30f464b1bff84e56aafeedcd6704f1d623511ef85384dc2aafc04d4f68d6,0.258,0,31,28,1,29,2,93.54838709677419,96.36363636363636,100.0,100.0,90.0,93.33333333333333,326,11.241379310344827,0,0,0,0,4,0,0,0,0,0,5.6633,4.0103,2377,607359,52,31,4,0.016421780466724288,1,0.167505,0.047481,63,2.169,6.4590000000000005,12.448,0,0.0,0.0,0,0,0,0,0,0,
K4_R0.90_T1_H1_N1_S8016_CENTRAL_FB_inprocess,8016,4,0.9,1,1,N1,0.98,3.0,,CENTRAL_FB,inprocess,1406e7420dfce66ad532f426ea80ba66e004dc28c59622d82d9be36037b00959,9fea1e6f95fe89b375848074444619d948e5d7e881b16453c991d74c51fe367b,0.361,0,31,28,1,29,2,93.54838709677419,96.36363636363636,100.0,100.0,90.0,93.33333333333333,326,11.241379310344827,0,0,0,0,4,0,0,0,0,0,5.6633,4.0103,2377,607359,52,31,4,0.016421780466724288,1,0.235567,0.06536,63,3.855,6.671,8.304,0,0.0,0.0,0,0,0,0,0,0,
K4_R0.90_T1_H1_N1_S8016_CENTRAL_FOG_inprocess,8016,4,0.9,1,1,N1,0.98,3.0,,CENTRAL_FOG,inprocess,1406e7420dfce66ad532f426ea80ba66e004dc28c59622d82d9be36037b00959,41545fb69271a0dbdc8160663601503cdf0a724b46515d3ad6f6cf5c190933e1,0.292,0,31,28,1,29,2,93.54838709677419,96.36363636363636,100.0,100.0,90.0,93.33333333333333,326,11.241379310344827,0,0,0,0,4,0,0,0,0,0,5.6633,4.0103,2377,607359,52,31,4,0.016421780466724288,1,0.195634,0.052109,63,2.826,6.523000000000001,9.234,0,0.0,0.0,0,0,0,0,0,0,
K4_R0.90_T1_H1_N1_S8016_HYBRID_inprocess,8016,4,0.9,1,1,N1,0.98,3.0,,HYBRID,inprocess,1406e7420dfce66ad532f426ea80ba66e004dc28c59622d82d9be36037b00959,4e87c064f1d432f606ae9e550c2a417650eb21fc8b709fd4c6893adcde001ec4,0.288,0,31,28,1,29,2,93.54838709677419,96.36363636363636,100.0,100.0,90.0,93.33333333333333,326,11.241379310344827,0,0,0,0,4,0,0,0,0,0,5.6633,4.0103,2377,607359,52,31,4,0.016421780466724288,1,0.182965,0.049659,63,2.637,6.57,7.388999999999999,0,0.0,0.0,0,0,0,0,0,0,
K8_R1.05_T1_H1_N1_S8016_HYBRID_EAGER_inprocess,8016,8,1.05,1,1,N1,0.98,3.0,,HYBRID_EAGER,inprocess,13ce5cf368ee13be0c1117fbc3afd236afac441decb7cd300a8f041f941f447f,966b9bc842acbbadc1d4fe930ef338ba378f36bbc00dc8693e79fa768105bd0e,3.096,0,72,48,4,52,20,72.22222222222223,76.06837606837607,73.91304347826087,87.5,71.42857142857143,75.0,832,16.0,8,8,0,0,6,0,0,0,0,0,5.6151,3.893,6426,1310592,124,63,11,0.02683817690963951,0,2.836661,0.13065,143,21.486,37.545,50.121,9,0.127,0.127,0,0,0,0,0,0,
K4_R0.90_T1_H1_N1_S8016_HYBRID_EAGER_inprocess,8016,4,0.9,1,1,N1,0.98,3.0,,HYBRID_EAGER,inprocess,1406e7420dfce66ad532f426ea80ba66e004dc28c59622d82d9be36037b00959,7ebdd9ecdc4aa13b8efce4dfd35e79a82220f14e2ab6421cff0a614cab3c39a7,0.254,0,31,28,1,29,2,93.54838709677419,96.36363636363636,100.0,100.0,90.0,93.33333333333333,326,11.241379310344827,0,0,0,0,4,0,0,0,0,0,5.6633,4.0103,2377,607342,52,31,4,0.016421780466724288,1,0.16901,0.048508,63,2.235,6.119999999999999,9.852,6,0.08399999999999999,0.08399999999999999,0,0,0,0,0,0,
K4_R0.90_T1_H1_N1_S8016_EDGE_MARKET_inprocess,8016,4,0.9,1,1,N1,0.98,3.0,,EDGE_MARKET,inprocess,1406e7420dfce66ad532f426ea80ba66e004dc28c59622d82d9be36037b00959,f379e4687561a6a4a41fb0edab96025724fe6e56d3b09f0077cf49b2f33d477b,0.125,0,31,25,1,26,5,83.87096774193549,87.27272727272727,90.9090909090909,100.0,80.0,93.33333333333333,351,13.5,0,0,0,0,4,0,0,0,0,0,5.6733,4.0103,2160,623059,59,32,7,0.013902205177372963,0,0.016948,0.07034499999999999,61,0.041,0.077,0.107,258,0.464,2.691,0,8,0,0,0,0,
K16_R0.90_T1_H1_N1_S8016_STATIC_inprocess,8016,16,0.9,1,1,N1,0.98,3.0,,STATIC,inprocess,290c435724f202d3405b380db4632cdd8885884d24c01e1b935c8fdaebd05813,62ac7ca0d9f0df9eb05810f1896077fad856ee176627e8bfa21669379c6d5e0a,0.458,0,123,98,5,103,20,83.73983739837398,79.69543147208122,70.58823529411765,50.0,88.76404494382022,80.70175438596492,1567,15.21359223300971,0,0,0,0,15,0,0,0,0,0,5.6745,3.8595,7731,2146722,170,83,2,0.001886284020479655,1,0.081142,0.19932,223,0.01,0.518,0.95,0,0.0,0.0,0,1,0,0,0,0,
K16_R0.90_T1_H1_N1_S8016_PERIODIC_inprocess,8016,16,0.9,1,1,N1,0.98,3.0,,PERIODIC,inprocess,290c435724f202d3405b380db4632cdd8885884d24c01e1b935c8fdaebd05813,d5515c22e1920987f92e955563595c0df9448a5fad61b5bb8c23b381b2a35fe3,1.241,0,123,100,4,104,19,84.55284552845528,88.83248730964468,94.11764705882354,100.0,80.89887640449439,84.21052631578948,1673,16.08653846153846,0,0,0,0,16,0,0,0,0,0,5.6761,3.8595,8749,2230901,172,82,5,0.011112424636481854,0,0.838075,0.204203,31,28.851000000000003,59.227000000000004,68.738,0,0.0,0.0,0,1,0,0,0,0,
K16_R0.90_T1_H1_N1_S8016_CENTRAL_inprocess,8016,16,0.9,1,1,N1,0.98,3.0,,CENTRAL,inprocess,290c435724f202d3405b380db4632cdd8885884d24c01e1b935c8fdaebd05813,eb7b46729eff871ec198c18fb4a01214a0de8f1ae9257f31bfed9c3ae5a80414,5.925,0,123,102,5,107,16,86.99186991869918,89.84771573604061,94.11764705882354,83.33333333333333,84.26966292134831,87.71929824561404,1582,14.785046728971963,0,0,0,0,15,0,0,0,0,0,5.6599,3.8595,13276,2641765,257,125,12,0.03444043875124645,0,5.236616,0.277492,177,26.833,58.458000000000006,118.624,0,0.0,0.0,0,0,0,0,0,0,
K16_R0.90_T1_H1_N1_S8016_CENTRAL_FB_inprocess,8016,16,0.9,1,1,N1,0.98,3.0,,CENTRAL_FB,inprocess,290c435724f202d3405b380db4632cdd8885884d24c01e1b935c8fdaebd05813,31e69c7cd579783d727a20332f47fde8b52f0b9e6ecff794baada5a0289193a6,5.859,0,123,102,5,107,16,86.99186991869918,89.84771573604061,94.11764705882354,83.33333333333333,84.26966292134831,87.71929824561404,1582,14.785046728971963,0,0,0,0,15,0,0,0,0,0,5.6599,3.8595,13276,2641765,257,125,12,0.03444043875124645,0,5.20728,0.290109,177,28.046000000000003,63.45399999999999,87.313,2,0.025,0.025,0,0,0,0,0,0,
K16_R0.90_T1_H1_N1_S8016_CENTRAL_FOG_inprocess,8016,16,0.9,1,1,N1,0.98,3.0,,CENTRAL_FOG,inprocess,290c435724f202d3405b380db4632cdd8885884d24c01e1b935c8fdaebd05813,48f48c15db867990091533c05d03942647fb6c5980e6a0d9c4d8396532c75f4c,5.659,0,123,102,5,107,16,86.99186991869918,89.84771573604061,94.11764705882354,83.33333333333333,84.26966292134831,87.71929824561404,1582,14.785046728971963,0,0,0,0,15,0,0,0,0,0,5.6599,3.8595,13276,2641765,257,125,12,0.03444043875124645,0,5.075806,0.26435000000000003,177,27.834,57.493,95.685,0,0.0,0.0,0,0,0,0,0,0,
K16_R0.90_T1_H1_N1_S8016_HYBRID_inprocess,8016,16,0.9,1,1,N1,0.98,3.0,,HYBRID,inprocess,290c435724f202d3405b380db4632cdd8885884d24c01e1b935c8fdaebd05813,05d9d5c56390fd1f65d8d16120432953e840e4699a84bb2a792566367c4aef4b,5.009,0,123,102,5,107,16,86.99186991869918,89.84771573604061,94.11764705882354,83.33333333333333,84.26966292134831,87.71929824561404,1582,14.785046728971963,0,0,0,0,15,0,0,0,0,0,5.6599,3.8595,13276,2641765,257,125,12,0.03444043875124645,0,4.502982,0.23466100000000004,177,22.533,57.232,94.141,2,0.011,0.011,0,0,0,0,0,0,
K16_R0.90_T1_H1_N1_S8016_EDGE_MARKET_inprocess,8016,16,0.9,1,1,N1,0.98,3.0,,EDGE_MARKET,inprocess,290c435724f202d3405b380db4632cdd8885884d24c01e1b935c8fdaebd05813,a45eaf8462c828d01a5b7afbeed059c4a6f3ad9c661ef14465f85a04e0c489cc,0.728,0,123,104,4,108,15,87.8048780487805,88.83248730964468,91.17647058823529,75.0,86.51685393258427,87.71929824561404,1581,14.63888888888889,0,0,0,0,14,0,0,0,0,0,5.6827,3.8595,10278,2636509,224,90,5,0.014129672311854895,0,0.071799,0.48235800000000006,124,0.12300000000000001,0.442,1.218,2396,0.383,2.519,0,40,0,0,0,0,
K8_R0.75_T1_H1_N3_S8016_STATIC_inprocess,8016,8,0.75,1,1,N3,0.75,20.0,,STATIC,inprocess,90d6c7a2a334cd21cbca89de52aa7346694f20995f14194263c37233cdf2c35f,eabb30b3072dc5034ee89b0ef401ab4b53744cef5e5c7f5085cc77286e25c30a,0.243,0,51,48,2,50,1,98.03921568627452,98.75,100.0,100.0,97.36842105263158,100.0,685,13.7,0,0,0,0,5,0,0,0,0,0,5.6616,3.8751,3851,1051236,263,58,59,0.1416030534351145,1,0.032566,0.119644,71,0.011,0.237,0.308,0,0.0,0.0,0,0,0,0,0,0,
K8_R0.75_T1_H1_N3_S8016_PERIODIC_inprocess,8016,8,0.75,1,1,N3,0.75,20.0,,PERIODIC,inprocess,90d6c7a2a334cd21cbca89de52aa7346694f20995f14194263c37233cdf2c35f,4861e675606b7afd00776988de24e14a03c342662bdfb6cf79c9422e686391e7,0.298,0,51,46,2,48,3,94.11764705882354,91.25,84.61538461538461,75.0,97.36842105263158,100.0,683,14.229166666666666,0,0,0,0,7,0,0,0,0,0,5.6939,3.8751,4150,1061045,277,59,50,0.12810902896081772,4,0.126707,0.098163,31,2.033,11.377,22.033,0,0.0,0.0,0,1,0,0,0,0,
K8_R0.75_T1_H1_N3_S8016_CENTRAL_inprocess,8016,8,0.75,1,1,N3,0.75,20.0,,CENTRAL,inprocess,90d6c7a2a334cd21cbca89de52aa7346694f20995f14194263c37233cdf2c35f,d001757f678200272240959641a5d100204b1a9a8dd40cec08b0de0adff56111,0.603,0,51,49,2,51,0,100.0,100.0,100.0,100.0,100.0,100.0,651,12.764705882352942,0,0,0,0,5,0,0,0,0,0,5.6881,3.8751,4710,1118063,379,77,88,0.3234532374100719,2,0.417678,0.101772,107,1.981,14.838000000000001,26.102,0,0.0,0.0,0,0,0,0,0,0,
K8_R0.75_T1_H1_N3_S8016_CENTRAL_FB_inprocess,8016,8,0.75,1,1,N3,0.75,20.0,,CENTRAL_FB,inprocess,90d6c7a2a334cd21cbca89de52aa7346694f20995f14194263c37233cdf2c35f,57be49a204f2acf3986f881794e32775b073d8dbb67e6b4b2376a0f2f864e7ae,0.605,0,51,48,2,50,1,98.03921568627452,97.5,92.3076923076923,100.0,100.0,96.42857142857143,680,13.6,0,0,0,0,6,0,0,0,0,0,5.6924,3.8751,4778,1124018,399,78,88,0.34132581100141046,4,0.418175,0.105499,109,2.6029999999999998,13.461,26.354,30,0.13699999999999998,0.455,0,0,0,0,0,0,
K8_R0.75_T1_H1_N3_S8016_CENTRAL_FOG_inprocess,8016,8,0.75,1,1,N3,0.75,20.0,,CENTRAL_FOG,inprocess,90d6c7a2a334cd21cbca89de52aa7346694f20995f14194263c37233cdf2c35f,181a9fc52b6adf29cacc97709288fb96ad919c19d25fc61089ab040a0b5f1993,0.574,0,51,49,2,51,0,100.0,100.0,100.0,100.0,100.0,100.0,651,12.764705882352942,0,0,0,0,5,0,0,0,0,0,5.6881,3.8751,4710,1118063,379,77,88,0.3234532374100719,2,0.401212,0.101052,107,2.005,15.149,20.288,0,0.0,0.0,0,0,0,0,0,0,
K8_R0.75_T1_H1_N3_S8016_HYBRID_inprocess,8016,8,0.75,1,1,N3,0.75,20.0,,HYBRID,inprocess,90d6c7a2a334cd21cbca89de52aa7346694f20995f14194263c37233cdf2c35f,3ee4cb1bb252a405fe7bac9eca7b0748affb795ec966d821dd82eef267c7ba25,0.561,0,51,48,2,50,1,98.03921568627452,97.5,92.3076923076923,100.0,100.0,96.42857142857143,680,13.6,0,0,0,0,6,0,0,0,0,0,5.6924,3.8751,4778,1124018,399,78,88,0.34132581100141046,4,0.400199,0.092684,109,2.441,15.09,20.697,30,0.10500000000000001,0.49200000000000005,0,0,0,0,0,0,
K8_R0.75_T1_H1_N3_S8016_HYBRID_EAGER_inprocess,8016,8,0.75,1,1,N3,0.75,20.0,,HYBRID_EAGER,inprocess,90d6c7a2a334cd21cbca89de52aa7346694f20995f14194263c37233cdf2c35f,239489d66b7a3eec978365b0a266e24b521a413e425b1e7f6a0a347c503db6de,0.471,0,51,48,2,50,1,98.03921568627452,97.5,92.3076923076923,100.0,100.0,96.42857142857143,680,13.6,0,0,0,0,6,0,0,0,0,0,5.6924,3.8751,4778,1124012,399,78,88,0.34132581100141046,4,0.327557,0.08565299999999999,109,2.008,10.923,14.817,45,0.08600000000000001,0.377,0,0,0,0,0,0,
K8_R0.75_T1_H1_N3_S8016_EDGE_MARKET_inprocess,8016,8,0.75,1,1,N3,0.75,20.0,,EDGE_MARKET,inprocess,90d6c7a2a334cd21cbca89de52aa7346694f20995f14194263c37233cdf2c35f,205ad71f7dee5e04056c2fb6f9b9cad0c2791b8d24f8065198e5f4b0fe313fa5,0.212,0,51,47,2,49,2,96.07843137254902,96.25,92.3076923076923,100.0,97.36842105263158,96.42857142857143,707,14.428571428571429,2,2,0,0,5,0,0,0,0,0,5.6475,3.8751,4096,1094368,320,66,58,0.160676532769556,2,0.023022,0.12520199999999998,51,0.046,0.09899999999999999,0.17,321,0.453,3.088,0,10,0,0,0,0,
K8_R1.05_T1_H1_N3_S8016_STATIC_inprocess,8016,8,1.05,1,1,N3,0.75,20.0,,STATIC,inprocess,d788bf7fc7d94618492a5625c9b18296e9010a890c9952018b6cffd0387e9cd4,acb5a7e486f767372299b0f755f4e6781c5791dc99618dd59de965a353d38f51,0.184,0,72,47,4,51,21,70.83333333333333,62.39316239316239,39.130434782608695,12.5,85.71428571428571,78.57142857142857,699,13.705882352941176,0,0,0,0,6,0,0,0,0,0,5.6502,3.893,3864,1105020,303,50,59,0.15641813989239048,2,0.035753,0.085963,273,0.01,0.191,0.449,0,0.0,0.0,0,0,0,0,0,0,
K8_R1.05_T1_H1_N3_S8016_PERIODIC_inprocess,8016,8,1.05,1,1,N3,0.75,20.0,,PERIODIC,inprocess,d788bf7fc7d94618492a5625c9b18296e9010a890c9952018b6cffd0387e9cd4,40a3f5d40894653e9b7f3ab83f0229dab55566fb69c9fdcce45d0be5c5ccf7f4,0.376,0,72,50,4,54,18,75.0,80.34188034188034,86.95652173913044,100.0,69.38775510204081,78.57142857142857,887,16.425925925925927,17,15,0,0,7,0,0,0,0,0,5.6644,3.893,4317,1163013,335,58,62,0.18471544715447155,2,0.234272,0.082245,31,4.4190000000000005,20.436,24.93,0,0.0,0.0,0,0,0,0,0,0,
K16_R0.90_T1_H1_N1_S8016_HYBRID_EAGER_inprocess,8016,16,0.9,1,1,N1,0.98,3.0,,HYBRID_EAGER,inprocess,290c435724f202d3405b380db4632cdd8885884d24c01e1b935c8fdaebd05813,c44cf90597aa505861b99209224085dcfc0fb726e4f9a35b8820caf6d736f221,5.962,0,123,106,4,110,13,89.4308943089431,92.89340101522842,97.05882352941177,100.0,86.51685393258427,85.96491228070175,1502,13.654545454545454,0,0,0,0,15,0,0,0,0,0,5.6781,3.8595,12666,2591763,214,148,12,0.027637181650196834,1,5.332526,0.279067,170,32.726,61.646,71.58399999999999,22,0.118,0.132,0,0,0,0,0,0,
K8_R1.05_T1_H1_N3_S8016_CENTRAL_inprocess,8016,8,1.05,1,1,N3,0.75,20.0,,CENTRAL,inprocess,d788bf7fc7d94618492a5625c9b18296e9010a890c9952018b6cffd0387e9cd4,7a5f6785eed5cb509091683545715f3f217e0f3d87ddd0861617c6c1f6dc6197,1.828,0,72,46,4,50,22,69.44444444444444,70.08547008547009,65.21739130434783,62.5,71.42857142857143,67.85714285714286,899,17.98,0,0,0,0,7,1,1,0,11,3,8.2437,3.893,5782,1274702,498,96,90,0.5947069116360455,2,1.603773,0.11508399999999999,169,7.907000000000001,27.159,36.83,0,0.0,0.0,0,1,0,0,0,0,
K8_R1.05_T1_H1_N3_S8016_CENTRAL_FB_inprocess,8016,8,1.05,1,1,N3,0.75,20.0,,CENTRAL_FB,inprocess,d788bf7fc7d94618492a5625c9b18296e9010a890c9952018b6cffd0387e9cd4,8db42bc0c07fcc552264a64cf3a9d08d3095969d112b851ce988825b4c5505b9,1.936,0,72,47,4,51,21,70.83333333333333,70.94017094017094,65.21739130434783,75.0,73.46938775510205,71.42857142857143,890,17.45098039215686,0,0,0,0,6,1,1,0,11,3,8.2437,3.893,5802,1275255,509,76,90,0.6375574523965857,3,1.67929,0.122894,172,8.24,26.858,39.557,26,0.444,2.655,0,0,0,0,0,0,
K8_R1.05_T1_H1_N3_S8016_CENTRAL_FOG_inprocess,8016,8,1.05,1,1,N3,0.75,20.0,,CENTRAL_FOG,inprocess,d788bf7fc7d94618492a5625c9b18296e9010a890c9952018b6cffd0387e9cd4,887cb94be095ea1450b3748ba0bd8a1b57fcb6cc87357b4dc56c427ec4b46f69,1.721,0,72,46,4,50,22,69.44444444444444,70.08547008547009,65.21739130434783,62.5,71.42857142857143,67.85714285714286,899,17.98,0,0,0,0,7,1,1,0,11,3,8.2437,3.893,5782,1274702,498,96,90,0.5947069116360455,2,1.518734,0.10759899999999999,169,7.452,25.697000000000003,37.245,0,0.0,0.0,0,1,0,0,0,0,
K8_R1.05_T1_H1_N3_S8016_HYBRID_inprocess,8016,8,1.05,1,1,N3,0.75,20.0,,HYBRID,inprocess,d788bf7fc7d94618492a5625c9b18296e9010a890c9952018b6cffd0387e9cd4,1e593039641d741c645ed88a11a65d319268f37b4bc8843651eb55ab9834fdc5,1.852,0,72,47,4,51,21,70.83333333333333,70.94017094017094,65.21739130434783,75.0,73.46938775510205,71.42857142857143,890,17.45098039215686,0,0,0,0,6,1,1,0,11,3,8.2437,3.893,5802,1275255,509,76,90,0.6375574523965857,3,1.602811,0.12081599999999999,172,8.595,24.211,36.344,26,0.47800000000000004,3.039,0,0,0,0,0,0,
K8_R1.05_T1_H1_N3_S8016_EDGE_MARKET_inprocess,8016,8,1.05,1,1,N3,0.75,20.0,,EDGE_MARKET,inprocess,d788bf7fc7d94618492a5625c9b18296e9010a890c9952018b6cffd0387e9cd4,d1238ac44f0286002b5023c55956b6b330f12f9175c628b3cf2d8b4e80fa8392,0.353,0,72,49,4,53,19,73.61111111111111,76.92307692307692,73.91304347826087,87.5,73.46938775510205,78.57142857142857,807,15.226415094339623,0,0,0,0,6,0,0,0,0,0,6.9914,3.893,4871,1313900,401,92,88,0.33434482758620687,1,0.031155,0.243862,140,0.061,0.195,0.255,1056,0.536,4.420999999999999,0,27,0,0,0,0,
K4_R0.90_T1_H1_N3_S8016_STATIC_inprocess,8016,4,0.9,1,1,N3,0.75,20.0,,STATIC,inprocess,31edd48b2a568546548134128987ca4567bfca55397eed6a3970db4f77375a90,cad66a545ab5b509c0d0ceb0880608658228929a25827af34ee32a212c7d77ba,0.073,0,31,26,1,27,4,87.09677419354838,83.63636363636364,72.72727272727273,50.0,95.0,93.33333333333333,318,11.777777777777779,0,0,0,0,4,0,0,0,0,0,5.6563,4.0103,1935,579594,148,24,83,0.18745332337565349,2,0.011792,0.035718,238,0.004,0.058,0.112,0,0.0,0.0,0,0,0,0,0,0,
K8_R1.05_T1_H1_N3_S8016_HYBRID_EAGER_inprocess,8016,8,1.05,1,1,N3,0.75,20.0,,HYBRID_EAGER,inprocess,d788bf7fc7d94618492a5625c9b18296e9010a890c9952018b6cffd0387e9cd4,99fa270825b003bbb2f8e183a1cccafad73ed7caee70aed0422de8b64f1126ec,1.582,0,72,48,3,51,21,70.83333333333333,72.64957264957265,65.21739130434783,87.5,73.46938775510205,78.57142857142857,841,16.49019607843137,20,20,0,0,7,0,0,0,0,0,6.8295,3.893,5621,1259316,489,81,89,0.637599093997735,2,1.371181,0.11219699999999999,157,7.141,21.81,31.876,44,0.114,3.2390000000000003,0,0,0,0,0,0,
K4_R0.90_T1_H1_N3_S8016_PERIODIC_inprocess,8016,4,0.9,1,1,N3,0.75,20.0,,PERIODIC,inprocess,31edd48b2a568546548134128987ca4567bfca55397eed6a3970db4f77375a90,dbef140bc14fc55a5e0a823d5dec8180fff01f3b244548eb415351b84e2a4a52,0.141,0,31,27,1,28,3,90.3225806451613,90.9090909090909,90.9090909090909,75.0,90.0,80.0,360,12.857142857142858,0,0,0,0,4,0,0,0,0,0,5.7488,4.0103,2119,586040,185,31,80,0.2710526315789474,3,0.062263,0.044078,31,1.004,5.509,7.388999999999999,0,0.0,0.0,0,0,0,0,0,0,
K4_R0.90_T1_H1_N3_S8016_CENTRAL_inprocess,8016,4,0.9,1,1,N3,0.75,20.0,,CENTRAL,inprocess,31edd48b2a568546548134128987ca4567bfca55397eed6a3970db4f77375a90,4113af2c81f3e4bba6a0e1c0dea459876a2db174ddec82c24d2563a076514d2b,0.23,0,31,28,0,28,3,90.3225806451613,92.72727272727273,100.0,100.0,85.0,86.66666666666667,316,11.285714285714286,0,0,0,0,4,0,0,0,0,0,5.6718,4.0103,2354,613360,175,35,88,0.3180291153415454,3,0.157405,0.042505999999999995,83,1.321,4.968,5.709,0,0.0,0.0,0,0,0,0,0,0,
K4_R0.90_T1_H1_N3_S8016_CENTRAL_FB_inprocess,8016,4,0.9,1,1,N3,0.75,20.0,,CENTRAL_FB,inprocess,31edd48b2a568546548134128987ca4567bfca55397eed6a3970db4f77375a90,f24e63013b6e2f9b062b11a522df4534d6e57ecd6a300e7530512425569d5296,0.284,0,31,28,0,28,3,90.3225806451613,92.72727272727273,100.0,100.0,85.0,80.0,332,11.857142857142858,0,0,0,0,4,0,0,0,0,0,5.6568,4.0103,2346,610273,180,33,88,0.32577903682719545,1,0.189009,0.051194,82,1.758,6.144,6.949999999999999,14,0.43,0.457,0,0,0,0,0,0,
K4_R0.90_T1_H1_N3_S8016_CENTRAL_FOG_inprocess,8016,4,0.9,1,1,N3,0.75,20.0,,CENTRAL_FOG,inprocess,31edd48b2a568546548134128987ca4567bfca55397eed6a3970db4f77375a90,4ded32b660f1121dd96c9f1a505ea2b0495b4438827998977d8ae539c9d17376,0.324,0,31,28,0,28,3,90.3225806451613,92.72727272727273,100.0,100.0,85.0,86.66666666666667,316,11.285714285714286,0,0,0,0,4,0,0,0,0,0,5.6718,4.0103,2354,613360,175,35,88,0.3180291153415454,3,0.21222,0.064883,83,2.1919999999999997,5.213,6.77,0,0.0,0.0,0,0,0,0,0,0,
K4_R0.90_T1_H1_N3_S8016_HYBRID_inprocess,8016,4,0.9,1,1,N3,0.75,20.0,,HYBRID,inprocess,31edd48b2a568546548134128987ca4567bfca55397eed6a3970db4f77375a90,28e44b4a26fe2681955bf6f6d18b51f8083c191ce880a3f3914e9e15d2cb33d7,0.378,0,31,28,0,28,3,90.3225806451613,92.72727272727273,100.0,100.0,85.0,80.0,332,11.857142857142858,0,0,0,0,4,0,0,0,0,0,5.6568,4.0103,2346,610273,180,33,88,0.32577903682719545,1,0.268164,0.059662999999999994,82,1.828,10.669,14.103,14,0.5469999999999999,0.732,0,0,0,0,0,0,
K4_R0.90_T1_H1_N3_S8016_EDGE_MARKET_inprocess,8016,4,0.9,1,1,N3,0.75,20.0,,EDGE_MARKET,inprocess,31edd48b2a568546548134128987ca4567bfca55397eed6a3970db4f77375a90,7a026544bfef2034e2c4410fd83240bac95456a79d5f0ad8ea64a813838c78fb,0.123,0,31,25,1,26,5,83.87096774193549,87.27272727272727,90.9090909090909,100.0,80.0,80.0,311,11.961538461538462,0,0,0,0,3,0,0,0,0,0,5.6777,4.0103,2127,612035,149,31,70,0.20335700451904454,2,0.014987,0.074902,71,0.027,0.068,0.148,220,0.5339999999999999,2.778,0,12,0,0,0,0,
K4_R0.90_T1_H1_N3_S8016_HYBRID_EAGER_inprocess,8016,4,0.9,1,1,N3,0.75,20.0,,HYBRID_EAGER,inprocess,31edd48b2a568546548134128987ca4567bfca55397eed6a3970db4f77375a90,e23a84b55250a07b5af312d06de5fc9e5d39f4e9ed5c0b1aa70445543ae8cc0c,0.309,0,31,28,0,28,3,90.3225806451613,92.72727272727273,100.0,100.0,85.0,80.0,332,11.857142857142858,0,0,0,0,4,0,0,0,0,0,5.6568,4.0103,2346,610288,180,33,88,0.32577903682719545,1,0.205749,0.060067,82,1.759,6.45,7.969,24,0.474,0.641,0,0,0,0,0,0,
K16_R0.90_T1_H1_N3_S8016_STATIC_inprocess,8016,16,0.9,1,1,N3,0.75,20.0,,STATIC,inprocess,fe30f9cfb58ba7a3cc63b78edc047b7dbb3c92f80b31701ef4369fe328b451a9,7c9200dbe0085e42d53703fab3ad3c2f6d69446eb9a6a3efb809196ab14686e5,0.374,0,123,98,5,103,20,83.73983739837398,78.1725888324873,61.76470588235294,41.666666666666664,92.13483146067416,84.21052631578948,1506,14.62135922330097,0,0,0,0,15,0,0,0,0,0,5.6531,3.8595,7725,2149563,593,99,86,0.17624660018132365,3,0.055972,0.15752700000000003,252,0.008,0.32,0.972,0,0.0,0.0,0,1,0,0,0,0,
K16_R0.90_T1_H1_N3_S8016_PERIODIC_inprocess,8016,16,0.9,1,1,N3,0.75,20.0,,PERIODIC,inprocess,fe30f9cfb58ba7a3cc63b78edc047b7dbb3c92f80b31701ef4369fe328b451a9,548740264f183a1c7c36672229c902ec229c4aad8d3a109b53e48927b42363e0,1.13,0,123,96,4,100,23,81.30081300813008,84.26395939086295,88.23529411764706,83.33333333333333,78.65168539325843,84.21052631578948,1692,16.92,0,0,0,0,15,0,0,0,0,0,5.6729,3.8595,8679,2218162,690,117,76,0.21022551745443313,6,0.699835,0.21897000000000003,31,22.934,50.526,57.024,0,0.0,0.0,0,2,0,0,0,0,
K16_R0.90_T1_H1_N3_S8016_CENTRAL_inprocess,8016,16,0.9,1,1,N3,0.75,20.0,,CENTRAL,inprocess,fe30f9cfb58ba7a3cc63b78edc047b7dbb3c92f80b31701ef4369fe328b451a9,e7c4f2e4c00a61745a94d1ee7dba7ee7a056ae551bc4c62a845d5eeec7843b3c,5.539,0,123,100,3,103,20,83.73983739837398,88.3248730964467,94.11764705882354,100.0,79.7752808988764,85.96491228070175,1424,13.825242718446601,0,0,0,0,11,0,0,0,0,0,5.7123,3.8595,13069,2572299,1072,224,88,0.4788822137265611,6,4.964593,0.24270799999999998,228,21.696,52.814,75.984,0,0.0,0.0,0,1,0,0,0,0,
K16_R0.90_T1_H1_N3_S8016_CENTRAL_FB_inprocess,8016,16,0.9,1,1,N3,0.75,20.0,,CENTRAL_FB,inprocess,fe30f9cfb58ba7a3cc63b78edc047b7dbb3c92f80b31701ef4369fe328b451a9,7d6926be7388842bf10311d2947a9ab652f117bc7367239236701d827257f888,5.186,0,123,102,4,106,17,86.17886178861788,90.86294416243655,100.0,100.0,80.89887640449439,87.71929824561404,1651,15.575471698113208,0,0,0,0,15,0,0,0,0,0,5.6803,3.8595,13326,2608105,1133,199,89,0.5066500044630903,6,4.683881,0.24418300000000004,227,17.442,52.072,84.69200000000001,55,0.115,2.9139999999999997,0,0,0,0,0,0,
K16_R0.90_T1_H1_N3_S8016_CENTRAL_FOG_inprocess,8016,16,0.9,1,1,N3,0.75,20.0,,CENTRAL_FOG,inprocess,fe30f9cfb58ba7a3cc63b78edc047b7dbb3c92f80b31701ef4369fe328b451a9,9d697b8d33b6e484a63fbd4ec7e7f343949b4e4a611496ae4b18e899890d4256,5.853,0,123,100,3,103,20,83.73983739837398,88.3248730964467,94.11764705882354,100.0,79.7752808988764,85.96491228070175,1424,13.825242718446601,0,0,0,0,11,0,0,0,0,0,5.7123,3.8595,13069,2572299,1072,224,88,0.4788822137265611,6,5.206051,0.2640969999999999,228,22.683,52.941,102.302,0,0.0,0.0,0,1,0,0,0,0,
K16_R0.90_T1_H1_N3_S8016_HYBRID_inprocess,8016,16,0.9,1,1,N3,0.75,20.0,,HYBRID,inprocess,fe30f9cfb58ba7a3cc63b78edc047b7dbb3c92f80b31701ef4369fe328b451a9,f93f2b018de77b49c07125e9a4b24d215fc0242c11c183f7e1ee06b320d2ae6c,5.534,0,123,102,4,106,17,86.17886178861788,90.86294416243655,100.0,100.0,80.89887640449439,87.71929824561404,1651,15.575471698113208,0,0,0,0,15,0,0,0,0,0,5.6803,3.8595,13326,2608105,1133,199,89,0.5066500044630903,6,4.945676,0.27455599999999997,227,20.308,54.212,87.655,55,0.154,2.248,0,0,0,0,0,0,
K16_R0.90_T1_H1_N3_S8016_EDGE_MARKET_inprocess,8016,16,0.9,1,1,N3,0.75,20.0,,EDGE_MARKET,inprocess,fe30f9cfb58ba7a3cc63b78edc047b7dbb3c92f80b31701ef4369fe328b451a9,95568c83a6e2652fff447fd29d600d9f8ff667f639493d1fcdd5afe76e92afae,0.777,0,123,99,4,103,20,83.73983739837398,86.80203045685279,91.17647058823529,83.33333333333333,80.89887640449439,85.96491228070175,1532,14.87378640776699,0,0,0,0,15,0,0,0,0,0,5.6531,3.8595,9564,2501746,713,139,80,0.2553564209675246,4,0.060855,0.5036980000000001,143,0.104,0.356,0.562,1829,0.5,4.495,0,37,0,0,0,0,
K8_R0.75_T1_H1_N1_S8017_STATIC_inprocess,8017,8,0.75,1,1,N1,0.98,3.0,,STATIC,inprocess,6e1a4e8887c960ac371bd76f3851629e95f942c3380234145d9be1fc53f0019e,f8649d16839a3c04bc5dc88eeb8b3f0a857fee5f3204673445e9a1a71e00d381,0.19,0,51,46,2,48,3,94.11764705882354,92.6829268292683,80.0,100.0,100.0,95.65217391304348,593,12.354166666666666,0,0,0,0,3,0,0,0,0,0,5.6452,3.8598,3847,1062600,91,26,1,0.00135464643727987,1,0.034219,0.09046499999999999,246,0.008,0.162,0.389,0,0.0,0.0,0,0,0,0,0,0,
K8_R0.75_T1_H1_N1_S8017_PERIODIC_inprocess,8017,8,0.75,1,1,N1,0.98,3.0,,PERIODIC,inprocess,6e1a4e8887c960ac371bd76f3851629e95f942c3380234145d9be1fc53f0019e,d04c07df86c4be23372fe47dccabfb7ac89e1d329fc907f68c0359b646541c83,0.341,0,51,48,1,49,2,96.07843137254902,97.5609756097561,100.0,100.0,94.44444444444444,91.30434782608695,667,13.612244897959183,0,0,0,0,4,0,0,0,0,0,5.6487,3.8598,4230,1110052,86,43,13,0.012717045732452923,1,0.17121,0.093116,31,2.214,13.239,28.759,0,0.0,0.0,0,1,0,0,0,0,
K8_R0.75_T1_H1_N1_S8017_CENTRAL_inprocess,8017,8,0.75,1,1,N1,0.98,3.0,,CENTRAL,inprocess,6e1a4e8887c960ac371bd76f3851629e95f942c3380234145d9be1fc53f0019e,76dafa94924d7b4f0c71f4ef08f742eda6c745181a322ad2ff5ac9c1e760f4df,0.496,0,51,48,2,50,1,98.03921568627452,97.5609756097561,100.0,100.0,97.22222222222223,95.65217391304348,643,12.86,0,0,0,0,3,0,0,0,0,0,5.6497,3.8598,4642,1136474,99,39,10,0.02153163152053274,0,0.338349,0.08817,75,3.664,11.535,17.382,0,0.0,0.0,0,0,0,0,0,0,
K8_R0.75_T1_H1_N1_S8017_CENTRAL_FB_inprocess,8017,8,0.75,1,1,N1,0.98,3.0,,CENTRAL_FB,inprocess,6e1a4e8887c960ac371bd76f3851629e95f942c3380234145d9be1fc53f0019e,42ebd16d6a08d1c3639317da5c2a83d6355f3461ec6e0f40c58587c77b867659,0.529,0,51,48,2,50,1,98.03921568627452,97.5609756097561,100.0,100.0,97.22222222222223,95.65217391304348,643,12.86,0,0,0,0,3,0,0,0,0,0,5.6497,3.8598,4642,1136474,99,39,10,0.02153163152053274,0,0.354708,0.090788,75,3.601,13.398,21.701999999999998,2,0.011,0.011,0,0,0,0,0,0,
K8_R0.75_T1_H1_N1_S8017_CENTRAL_FOG_inprocess,8017,8,0.75,1,1,N1,0.98,3.0,,CENTRAL_FOG,inprocess,6e1a4e8887c960ac371bd76f3851629e95f942c3380234145d9be1fc53f0019e,0193930fb4ead50015fec71b40a1ab5026ecc982b5843aaa84d48cb275c2fc52,0.472,0,51,48,2,50,1,98.03921568627452,97.5609756097561,100.0,100.0,97.22222222222223,95.65217391304348,643,12.86,0,0,0,0,3,0,0,0,0,0,5.6497,3.8598,4642,1136474,99,39,10,0.02153163152053274,0,0.309901,0.086038,75,3.063,9.963,22.509,0,0.0,0.0,0,0,0,0,0,0,
K8_R0.75_T1_H1_N1_S8017_HYBRID_inprocess,8017,8,0.75,1,1,N1,0.98,3.0,,HYBRID,inprocess,6e1a4e8887c960ac371bd76f3851629e95f942c3380234145d9be1fc53f0019e,4d3f71ac0a04ba09c488839b9313f62646c469953d731bf1e829cfebada656fe,0.42,0,51,48,2,50,1,98.03921568627452,97.5609756097561,100.0,100.0,97.22222222222223,95.65217391304348,643,12.86,0,0,0,0,3,0,0,0,0,0,5.6497,3.8598,4642,1136474,99,39,10,0.02153163152053274,0,0.284692,0.07824600000000001,75,2.791,9.918,16.798000000000002,2,0.009000000000000001,0.009000000000000001,0,0,0,0,0,0,
K8_R0.75_T1_H1_N1_S8017_HYBRID_EAGER_inprocess,8017,8,0.75,1,1,N1,0.98,3.0,,HYBRID_EAGER,inprocess,6e1a4e8887c960ac371bd76f3851629e95f942c3380234145d9be1fc53f0019e,274f2af7ee9f5353f9cce5b291ba4cdaea664659a2a5f3dc75bfe1a9a7a2e3f6,0.489,0,51,48,2,50,1,98.03921568627452,97.5609756097561,100.0,100.0,97.22222222222223,95.65217391304348,643,12.86,0,0,0,0,3,0,0,0,0,0,5.6497,3.8598,4642,1136441,99,39,10,0.02153163152053274,0,0.303251,0.101041,75,3.0149999999999997,9.386000000000001,16.652,12,0.023,0.027,0,0,0,0,0,0,
K8_R0.75_T1_H1_N1_S8017_EDGE_MARKET_inprocess,8017,8,0.75,1,1,N1,0.98,3.0,,EDGE_MARKET,inprocess,6e1a4e8887c960ac371bd76f3851629e95f942c3380234145d9be1fc53f0019e,85e8acef287efc28df4d394932a7f861e6b253c05cbb51293066c740f9bb5084,0.201,0,51,46,2,48,3,94.11764705882354,92.6829268292683,86.66666666666667,100.0,97.22222222222223,91.30434782608695,704,14.666666666666666,0,0,0,0,3,0,0,0,0,0,5.6803,3.8598,4161,1143595,83,37,1,0.005218687872763419,0,0.026184,0.114935,50,0.020999999999999998,0.077,0.164,379,0.366,2.2659999999999996,0,8,0,0,0,0,
K8_R1.05_T1_H1_N1_S8017_STATIC_inprocess,8017,8,1.05,1,1,N1,0.98,3.0,,STATIC,inprocess,82eade8eb09da16485be6dcbc83e3d75eb5859910626c416cd645488213a128c,5c377058a4915a8007f33633fd471074b99514a5f03b828ade173f842a595a4c,0.19,0,72,57,3,60,12,83.33333333333333,76.69902912621359,46.666666666666664,20.0,92.98245614035088,84.84848484848484,789,13.15,0,0,0,0,8,0,0,0,0,0,5.6776,3.877,3874,1099383,83,32,1,0.0008055853920515575,0,0.033835,0.08612900000000001,224,0.007,0.208,0.32699999999999996,0,0.0,0.0,0,0,0,0,0,0,
K16_R0.90_T1_H1_N3_S8016_HYBRID_EAGER_inprocess,8016,16,0.9,1,1,N3,0.75,20.0,,HYBRID_EAGER,inprocess,fe30f9cfb58ba7a3cc63b78edc047b7dbb3c92f80b31701ef4369fe328b451a9,c4cfb08630afd632c04b9b934cee6d7e4d937488f0957be2024e21ed3e721c8f,5.421,0,123,99,3,102,21,82.92682926829268,87.81725888324873,94.11764705882354,100.0,78.65168539325843,84.21052631578948,1651,16.186274509803923,0,0,0,0,12,0,0,0,0,0,7.5446,3.8595,13598,2640815,1248,218,88,0.5009571876087713,5,4.832161,0.279705,234,17.866,53.096,70.27799999999999,88,0.14100000000000001,2.9050000000000002,0,0,0,0,0,0,
K8_R1.05_T1_H1_N1_S8017_PERIODIC_inprocess,8017,8,1.05,1,1,N1,0.98,3.0,,PERIODIC,inprocess,82eade8eb09da16485be6dcbc83e3d75eb5859910626c416cd645488213a128c,0e30b07a6f530109a095b369cab01a230044d8e4b3a5e6ae53e69d365ef3dbf1,0.842,0,72,54,0,54,18,75.0,78.64077669902913,86.66666666666667,80.0,71.9298245614035,75.75757575757575,763,14.12962962962963,0,0,0,0,7,0,0,0,0,0,5.6466,3.877,4579,1145137,86,38,13,0.014834794335805798,0,0.606199,0.11111499999999999,31,10.507000000000001,52.132999999999996,54.707,0,0.0,0.0,0,0,0,0,0,0,
K8_R1.05_T1_H1_N1_S8017_CENTRAL_inprocess,8017,8,1.05,1,1,N1,0.98,3.0,,CENTRAL,inprocess,82eade8eb09da16485be6dcbc83e3d75eb5859910626c416cd645488213a128c,43ed895a0356c87a79c8060bc3eb49587e89003811301e69e9e258b30efd5ba9,2.792,0,72,57,1,58,14,80.55555555555556,82.52427184466019,86.66666666666667,60.0,78.94736842105263,75.75757575757575,712,12.275862068965518,0,0,0,0,6,0,0,0,0,0,5.6627,3.877,6125,1282571,142,74,5,0.02282192237214726,3,2.528082,0.114566,130,16.278000000000002,42.897,70.554,0,0.0,0.0,0,0,0,0,0,0,
K8_R1.05_T1_H1_N1_S8017_CENTRAL_FB_inprocess,8017,8,1.05,1,1,N1,0.98,3.0,,CENTRAL_FB,inprocess,82eade8eb09da16485be6dcbc83e3d75eb5859910626c416cd645488213a128c,3084bb9ac00369b20c09fffc56d8bd4f408ba82d13babf4b46631ea18904e60c,2.963,0,72,57,1,58,14,80.55555555555556,82.52427184466019,86.66666666666667,60.0,78.94736842105263,75.75757575757575,712,12.275862068965518,0,0,0,0,6,0,0,0,0,0,5.6627,3.877,6125,1282571,142,74,5,0.02282192237214726,3,2.669786,0.123428,130,20.875999999999998,41.396,56.044,2,0.023,0.023,0,0,0,0,0,0,
K8_R1.05_T1_H1_N1_S8017_CENTRAL_FOG_inprocess,8017,8,1.05,1,1,N1,0.98,3.0,,CENTRAL_FOG,inprocess,82eade8eb09da16485be6dcbc83e3d75eb5859910626c416cd645488213a128c,6a470fcc86811fef5043641933c83c492728cdb5f672b4d09189ec6bbcacf4df,2.984,0,72,57,1,58,14,80.55555555555556,82.52427184466019,86.66666666666667,60.0,78.94736842105263,75.75757575757575,712,12.275862068965518,0,0,0,0,6,0,0,0,0,0,5.6627,3.877,6125,1282571,142,74,5,0.02282192237214726,3,2.674956,0.12942599999999999,130,16.885,53.619,62.394999999999996,0,0.0,0.0,0,0,0,0,0,0,
K8_R1.05_T1_H1_N1_S8017_HYBRID_inprocess,8017,8,1.05,1,1,N1,0.98,3.0,,HYBRID,inprocess,82eade8eb09da16485be6dcbc83e3d75eb5859910626c416cd645488213a128c,e837262d3f8e6e768834d080cb589b9b496b4d5835b47aa31fa12bd617d481b1,2.717,0,72,57,1,58,14,80.55555555555556,82.52427184466019,86.66666666666667,60.0,78.94736842105263,75.75757575757575,712,12.275862068965518,0,0,0,0,6,0,0,0,0,0,5.6627,3.877,6125,1282571,142,74,5,0.02282192237214726,3,2.501288,0.106728,130,19.875,40.260999999999996,54.15,2,0.01,0.01,0,0,0,0,0,0,
K8_R1.05_T1_H1_N1_S8017_EDGE_MARKET_inprocess,8017,8,1.05,1,1,N1,0.98,3.0,,EDGE_MARKET,inprocess,82eade8eb09da16485be6dcbc83e3d75eb5859910626c416cd645488213a128c,8e1b8dbb0854ea96bb3bfeb8f6928247a4d962f73d6c13235b8bbe4a8f4bbf86,0.36,0,72,57,0,57,15,79.16666666666667,85.4368932038835,100.0,100.0,73.6842105263158,66.66666666666667,781,13.701754385964913,0,0,0,0,7,0,0,0,0,0,5.6665,3.877,5200,1348732,120,38,5,0.01881560705090117,0,0.035258,0.25135399999999997,136,0.06499999999999999,0.232,0.398,1302,0.43600000000000005,2.767,0,40,0,0,0,0,
K4_R0.90_T1_H1_N1_S8017_STATIC_inprocess,8017,4,0.9,1,1,N1,0.98,3.0,,STATIC,inprocess,d83e271b2217d656b18ec101e76fb0b72ad5e0e35787170755e944cdc316d96d,f4da12a5466d09bd6754615c78dc9eeca12d20993a49591efa68b0f665fa2643,0.086,0,31,23,1,24,7,77.41935483870968,76.36363636363636,66.66666666666667,100.0,87.5,73.6842105263158,315,13.125,0,0,0,0,4,0,0,0,0,0,5.6174,3.8587,1942,535190,46,18,1,0.001076426264800861,0,0.016018,0.040124,130,0.005,0.112,0.193,0,0.0,0.0,0,2,0,0,0,0,
K4_R0.90_T1_H1_N1_S8017_PERIODIC_inprocess,8017,4,0.9,1,1,N1,0.98,3.0,,PERIODIC,inprocess,d83e271b2217d656b18ec101e76fb0b72ad5e0e35787170755e944cdc316d96d,86d59265cf368de9b7e02db82d18ab0ab2e2925481652eda880d13f96fa49f58,0.206,0,31,23,1,24,7,77.41935483870968,80.0,80.0,100.0,75.0,68.42105263157895,294,12.25,0,0,0,0,4,0,0,0,0,0,5.6173,3.8587,2157,551496,41,15,13,0.01583493282149712,0,0.104184,0.047986,31,3.52,6.01,7.877000000000001,0,0.0,0.0,0,0,0,0,0,0,
K4_R0.90_T1_H1_N1_S8017_CENTRAL_inprocess,8017,4,0.9,1,1,N1,0.98,3.0,,CENTRAL,inprocess,d83e271b2217d656b18ec101e76fb0b72ad5e0e35787170755e944cdc316d96d,fb4fc93de48cbff1f2790ebaa16a9146260858e12c8abad2280969390e9c28a7,0.31,0,31,24,2,26,5,83.87096774193549,87.27272727272727,93.33333333333333,100.0,75.0,73.6842105263158,303,11.653846153846153,0,0,0,0,4,0,0,0,0,0,5.6038,3.8587,2405,570661,54,18,12,0.015444015444015444,0,0.218991,0.049531000000000006,69,3.089,4.816,5.065,0,0.0,0.0,0,0,0,0,0,0,
K4_R0.90_T1_H1_N1_S8017_CENTRAL_FB_inprocess,8017,4,0.9,1,1,N1,0.98,3.0,,CENTRAL_FB,inprocess,d83e271b2217d656b18ec101e76fb0b72ad5e0e35787170755e944cdc316d96d,fa153ddabc677271f1257eaddb7303f16efd8102c8e3f13c5fbd27479a5282a0,0.363,0,31,24,2,26,5,83.87096774193549,87.27272727272727,93.33333333333333,100.0,75.0,73.6842105263158,303,11.653846153846153,0,0,0,0,4,0,0,0,0,0,5.6038,3.8587,2405,570661,54,18,12,0.015444015444015444,0,0.24454,0.054476000000000004,69,4.067,7.873,10.149999999999999,2,0.013,0.013,0,0,0,0,0,0,
K4_R0.90_T1_H1_N1_S8017_CENTRAL_FOG_inprocess,8017,4,0.9,1,1,N1,0.98,3.0,,CENTRAL_FOG,inprocess,d83e271b2217d656b18ec101e76fb0b72ad5e0e35787170755e944cdc316d96d,44d85abf814ba72ec54b2e41a27f9becad10ead4d2f397d34b1070f1d77229cd,0.321,0,31,24,2,26,5,83.87096774193549,87.27272727272727,93.33333333333333,100.0,75.0,73.6842105263158,303,11.653846153846153,0,0,0,0,4,0,0,0,0,0,5.6038,3.8587,2405,570661,54,18,12,0.015444015444015444,0,0.225629,0.050828,69,3.641,5.188,6.46,0,0.0,0.0,0,0,0,0,0,0,
K4_R0.90_T1_H1_N1_S8017_HYBRID_inprocess,8017,4,0.9,1,1,N1,0.98,3.0,,HYBRID,inprocess,d83e271b2217d656b18ec101e76fb0b72ad5e0e35787170755e944cdc316d96d,301636b1960ca3f796881a1c2e5853449fca33a094f939feba536dafdf57bf63,0.337,0,31,24,2,26,5,83.87096774193549,87.27272727272727,93.33333333333333,100.0,75.0,73.6842105263158,303,11.653846153846153,0,0,0,0,4,0,0,0,0,0,5.6038,3.8587,2405,570661,54,18,12,0.015444015444015444,0,0.234907,0.054115,69,3.561,5.574,7.763,2,0.012,0.012,0,0,0,0,0,0,
K8_R1.05_T1_H1_N1_S8017_HYBRID_EAGER_inprocess,8017,8,1.05,1,1,N1,0.98,3.0,,HYBRID_EAGER,inprocess,82eade8eb09da16485be6dcbc83e3d75eb5859910626c416cd645488213a128c,327e69d9a550362ead0a1790790029a86413d26e690f41a92e6a3f284c580d59,2.857,0,72,57,1,58,14,80.55555555555556,82.52427184466019,86.66666666666667,60.0,78.94736842105263,75.75757575757575,707,12.189655172413794,0,0,0,0,5,0,0,0,0,0,5.6627,3.877,6111,1280716,124,73,5,0.020513675783855902,0,2.626018,0.118399,129,18.057,48.157,54.906000000000006,9,0.093,0.093,0,0,0,0,0,0,
K4_R0.90_T1_H1_N1_S8017_HYBRID_EAGER_inprocess,8017,4,0.9,1,1,N1,0.98,3.0,,HYBRID_EAGER,inprocess,d83e271b2217d656b18ec101e76fb0b72ad5e0e35787170755e944cdc316d96d,d1ecf79e7d5124b5bad686c9a5670d6183293b23d5c5535a9fe6d9cc98e14542,0.357,0,31,24,2,26,5,83.87096774193549,87.27272727272727,93.33333333333333,100.0,75.0,73.6842105263158,303,11.653846153846153,0,0,0,0,4,0,0,0,0,0,5.6038,3.8587,2405,570652,54,18,12,0.015444015444015444,0,0.254444,0.056329,69,3.5260000000000002,5.942,11.268,7,0.041999999999999996,0.041999999999999996,0,0,0,0,0,0,
K4_R0.90_T1_H1_N1_S8017_EDGE_MARKET_inprocess,8017,4,0.9,1,1,N1,0.98,3.0,,EDGE_MARKET,inprocess,d83e271b2217d656b18ec101e76fb0b72ad5e0e35787170755e944cdc316d96d,bbe9a9ff2bfa93adb4441a35a1317f49d67f60956019c391de0c166b32aa0ad6,0.114,0,31,22,2,24,7,77.41935483870968,81.81818181818181,86.66666666666667,100.0,68.75,73.6842105263158,297,12.375,0,0,0,0,4,0,0,0,0,0,5.6554,3.8587,2300,599006,49,23,3,0.008992805755395683,0,0.015332,0.07063799999999999,82,0.034999999999999996,0.092,0.15100000000000002,353,0.383,2.578,0,19,0,0,0,0,
K16_R0.90_T1_H1_N1_S8017_STATIC_inprocess,8017,16,0.9,1,1,N1,0.98,3.0,,STATIC,inprocess,b3879db6fb258443cd9e8285559519180be32d14718a3916de3d69badb147572,de85c7fc7cbea3f7c8029c9500d2bf08280aef90e43a11b04e8b1121e23e7883,0.436,0,123,98,4,102,21,82.92682926829268,81.04265402843602,75.60975609756098,73.6842105263158,86.58536585365853,82.45614035087719,1558,15.27450980392157,0,0,0,0,13,0,0,0,0,0,5.6431,3.8531,7744,2109222,181,84,3,0.004042037186742118,1,0.078122,0.18727599999999997,227,0.01,0.45199999999999996,0.8450000000000001,0,0.0,0.0,0,7,0,0,0,0,
K16_R0.90_T1_H1_N1_S8017_PERIODIC_inprocess,8017,16,0.9,1,1,N1,0.98,3.0,,PERIODIC,inprocess,b3879db6fb258443cd9e8285559519180be32d14718a3916de3d69badb147572,e2cfe96c255380e96a10463b54bb844bf239619419ed12bbda63e58455639186,1.117,0,123,103,3,106,17,86.17886178861788,88.15165876777252,85.36585365853658,89.47368421052632,86.58536585365853,85.96491228070175,1849,17.443396226415093,22,22,0,0,13,0,0,0,0,0,6.2105,3.8531,8712,2191877,171,82,13,0.014009260358542087,1,0.740649,0.19998800000000003,31,28.137999999999998,49.647999999999996,59.933,0,0.0,0.0,0,0,0,0,0,0,
K16_R0.90_T1_H1_N1_S8017_CENTRAL_inprocess,8017,16,0.9,1,1,N1,0.98,3.0,,CENTRAL,inprocess,b3879db6fb258443cd9e8285559519180be32d14718a3916de3d69badb147572,59e7810c7b1fd2e79413b5d45767a5089d1214b6fb51257d9eb01691bf991d7f,5.108,0,123,103,4,107,16,86.99186991869918,89.0995260663507,90.2439024390244,84.21052631578948,85.36585365853658,82.45614035087719,1573,14.700934579439252,0,0,0,0,13,0,0,0,0,0,5.7141,3.8531,12555,2545231,255,131,10,0.023236919077023074,1,4.515156,0.24474700000000002,171,26.450000000000003,53.559000000000005,70.195,0,0.0,0.0,0,1,0,0,0,0,
K16_R0.90_T1_H1_N1_S8017_CENTRAL_FB_inprocess,8017,16,0.9,1,1,N1,0.98,3.0,,CENTRAL_FB,inprocess,b3879db6fb258443cd9e8285559519180be32d14718a3916de3d69badb147572,e03091f6700a2d159e56d0a0e8c6d99764184eda851a8bcbcd950497a2cc0668,5.03,0,123,103,4,107,16,86.99186991869918,89.0995260663507,90.2439024390244,84.21052631578948,85.36585365853658,82.45614035087719,1573,14.700934579439252,0,0,0,0,13,0,0,0,0,0,5.7141,3.8531,12555,2545231,255,131,10,0.023236919077023074,1,4.499531,0.246647,171,27.596,51.289,65.766,3,0.014,0.014,0,1,0,0,0,0,
K16_R0.90_T1_H1_N1_S8017_CENTRAL_FOG_inprocess,8017,16,0.9,1,1,N1,0.98,3.0,,CENTRAL_FOG,inprocess,b3879db6fb258443cd9e8285559519180be32d14718a3916de3d69badb147572,aa450eb1ac4560cecba24813a76b40358f10467d29c3c02ccae808a0879ba457,5.091,0,123,103,4,107,16,86.99186991869918,89.0995260663507,90.2439024390244,84.21052631578948,85.36585365853658,82.45614035087719,1573,14.700934579439252,0,0,0,0,13,0,0,0,0,0,5.7141,3.8531,12555,2545231,255,131,10,0.023236919077023074,1,4.421491,0.243752,171,27.033,54.154,75.964,0,0.0,0.0,0,1,0,0,0,0,
K16_R0.90_T1_H1_N1_S8017_HYBRID_inprocess,8017,16,0.9,1,1,N1,0.98,3.0,,HYBRID,inprocess,b3879db6fb258443cd9e8285559519180be32d14718a3916de3d69badb147572,98438ae3b39ad658f851004fb0c05a5396d1e46f59dcf2a90f29f202a0d107b3,5.281,0,123,103,4,107,16,86.99186991869918,89.0995260663507,90.2439024390244,84.21052631578948,85.36585365853658,82.45614035087719,1573,14.700934579439252,0,0,0,0,13,0,0,0,0,0,5.7141,3.8531,12555,2545231,255,131,10,0.023236919077023074,1,4.61175,0.257877,171,24.875,56.515,88.833,3,0.015000000000000001,0.015000000000000001,0,1,0,0,0,0,
K16_R0.90_T1_H1_N1_S8017_EDGE_MARKET_inprocess,8017,16,0.9,1,1,N1,0.98,3.0,,EDGE_MARKET,inprocess,b3879db6fb258443cd9e8285559519180be32d14718a3916de3d69badb147572,0eebab29c850aeece442b3ac36bf7af37c960818ac5233e8f1573d019a327a3b,0.983,0,123,99,4,103,20,83.73983739837398,87.67772511848341,92.6829268292683,100.0,79.26829268292683,84.21052631578948,1567,15.21359223300971,0,0,0,0,10,0,0,0,0,0,6.1461,3.8531,10911,2718500,231,117,9,0.018342583011946197,1,0.083557,0.6871639999999999,163,0.14300000000000002,0.558,0.7240000000000001,2937,0.505,5.025,0,55,0,0,0,0,
K8_R0.75_T1_H1_N3_S8017_STATIC_inprocess,8017,8,0.75,1,1,N3,0.75,20.0,,STATIC,inprocess,3f26d3a4146bf8cbaf4da8e4bf7542e449eceb8726436e8a5eba3f841a22cc8d,126282aeb4d731f3ff25ba5f484d6d61a89d498ebb4fe1143633663cece5fdfd,0.149,0,51,44,2,46,5,90.19607843137256,87.8048780487805,73.33333333333333,75.0,97.22222222222223,95.65217391304348,611,13.282608695652174,0,0,0,0,2,0,0,0,0,0,5.6209,3.8598,3844,1058292,295,51,41,0.17925983037779492,2,0.02234,0.07406899999999998,246,0.006,0.102,0.28600000000000003,0,0.0,0.0,0,0,0,0,0,0,
K8_R0.75_T1_H1_N3_S8017_PERIODIC_inprocess,8017,8,0.75,1,1,N3,0.75,20.0,,PERIODIC,inprocess,3f26d3a4146bf8cbaf4da8e4bf7542e449eceb8726436e8a5eba3f841a22cc8d,fcb38192d22d33a43ab48a256cc5f77cde0383df6fa97703084d37e9d3587fb2,0.37,0,51,48,2,50,1,98.03921568627452,98.78048780487805,100.0,100.0,97.22222222222223,100.0,623,12.46,0,0,0,0,2,0,0,0,0,0,5.669,3.8598,4122,1085705,315,43,48,0.2701009397841977,5,0.167548,0.11905699999999998,31,1.4760000000000002,15.921000000000001,18.918999999999997,0,0.0,0.0,0,0,0,0,0,0,
K8_R0.75_T1_H1_N3_S8017_CENTRAL_inprocess,8017,8,0.75,1,1,N3,0.75,20.0,,CENTRAL,inprocess,3f26d3a4146bf8cbaf4da8e4bf7542e449eceb8726436e8a5eba3f841a22cc8d,c320c85822cf0b5aeaf47fa5b37d5007d019ca574d8f15971c38578ac05ba5a1,0.572,0,51,48,2,50,1,98.03921568627452,97.5609756097561,93.33333333333333,100.0,100.0,95.65217391304348,569,11.38,0,0,0,0,1,0,0,0,0,0,5.6402,3.8598,4735,1118653,393,61,62,0.24805978729519976,2,0.384906,0.10101299999999999,113,3.018,8.841,15.907000000000002,0,0.0,0.0,0,0,0,0,0,0,
K8_R0.75_T1_H1_N3_S8017_CENTRAL_FB_inprocess,8017,8,0.75,1,1,N3,0.75,20.0,,CENTRAL_FB,inprocess,3f26d3a4146bf8cbaf4da8e4bf7542e449eceb8726436e8a5eba3f841a22cc8d,f06609144da6381e7331cd82d02b4d21c479c6544cf200b8fcf7500c6d611bd0,0.548,0,51,48,2,50,1,98.03921568627452,98.78048780487805,100.0,100.0,97.22222222222223,95.65217391304348,588,11.76,0,0,0,0,2,0,0,0,0,0,5.6402,3.8598,4726,1118191,406,57,62,0.27052722558340536,3,0.375943,0.09991999999999998,111,2.76,8.441,11.268,47,0.037,2.796,0,0,0,0,0,0,
K8_R0.75_T1_H1_N3_S8017_CENTRAL_FOG_inprocess,8017,8,0.75,1,1,N3,0.75,20.0,,CENTRAL_FOG,inprocess,3f26d3a4146bf8cbaf4da8e4bf7542e449eceb8726436e8a5eba3f841a22cc8d,39b02937dc07269f0f68dfba481635b22141ac2969ad5cf8d095963ca186cdf4,0.558,0,51,48,2,50,1,98.03921568627452,97.5609756097561,93.33333333333333,100.0,100.0,95.65217391304348,569,11.38,0,0,0,0,1,0,0,0,0,0,5.6402,3.8598,4735,1118653,393,61,62,0.24805978729519976,2,0.377159,0.09719599999999999,113,2.736,8.51,12.455,0,0.0,0.0,0,0,0,0,0,0,
K8_R0.75_T1_H1_N3_S8017_HYBRID_inprocess,8017,8,0.75,1,1,N3,0.75,20.0,,HYBRID,inprocess,3f26d3a4146bf8cbaf4da8e4bf7542e449eceb8726436e8a5eba3f841a22cc8d,49497329e2a35538391f7c04871c306f238bde6050b41f3462a9ebb9446f3e49,0.541,0,51,48,2,50,1,98.03921568627452,98.78048780487805,100.0,100.0,97.22222222222223,95.65217391304348,588,11.76,0,0,0,0,2,0,0,0,0,0,5.6402,3.8598,4726,1118191,406,57,62,0.27052722558340536,3,0.37708,0.092594,111,2.4290000000000003,8.862,15.793999999999999,47,0.034,3.373,0,0,0,0,0,0,
K8_R0.75_T1_H1_N3_S8017_HYBRID_EAGER_inprocess,8017,8,0.75,1,1,N3,0.75,20.0,,HYBRID_EAGER,inprocess,3f26d3a4146bf8cbaf4da8e4bf7542e449eceb8726436e8a5eba3f841a22cc8d,54c75d773790c1fc34401d20dfc88e849dd5d60e528f73f01c7539b105b56497,0.444,0,51,48,2,50,1,98.03921568627452,98.78048780487805,100.0,100.0,97.22222222222223,95.65217391304348,588,11.76,0,0,0,0,2,0,0,0,0,0,5.6402,3.8598,4726,1118191,406,57,62,0.27052722558340536,3,0.300496,0.08571500000000001,111,2.3,6.6819999999999995,8.356,58,0.030000000000000002,2.206,0,0,0,0,0,0,
K16_R0.90_T1_H1_N1_S8017_HYBRID_EAGER_inprocess,8017,16,0.9,1,1,N1,0.98,3.0,,HYBRID_EAGER,inprocess,b3879db6fb258443cd9e8285559519180be32d14718a3916de3d69badb147572,bd34705d321ccd2606d73f4a44066bdc7b44cf41d32ec4456e57d51d9352260a,5.207,0,123,103,4,107,16,86.99186991869918,89.0995260663507,90.2439024390244,84.21052631578948,85.36585365853658,82.45614035087719,1549,14.476635514018692,0,0,0,0,12,1,1,0,9,2,8.1831,3.8531,12597,2547161,264,145,10,0.024848239579117765,0,4.6037,0.272842,174,24.222,55.074999999999996,66.864,29,0.051,0.055,0,0,0,0,0,0,
K8_R0.75_T1_H1_N3_S8017_EDGE_MARKET_inprocess,8017,8,0.75,1,1,N3,0.75,20.0,,EDGE_MARKET,inprocess,3f26d3a4146bf8cbaf4da8e4bf7542e449eceb8726436e8a5eba3f841a22cc8d,73709dc57d9e709d34aa214094ddf770d0435920dcbf4860ce3bd94476e83f8e,0.237,0,51,45,2,47,4,92.15686274509804,93.90243902439025,93.33333333333333,100.0,91.66666666666667,91.30434782608695,626,13.319148936170214,0,0,0,0,2,0,0,0,0,0,5.6527,3.8598,4097,1091793,335,65,43,0.2723762723762724,2,0.025697,0.144078,51,0.044,0.11,0.118,344,0.46299999999999997,3.377,0,7,0,0,0,0,
K8_R1.05_T1_H1_N3_S8017_STATIC_inprocess,8017,8,1.05,1,1,N3,0.75,20.0,,STATIC,inprocess,6a169ff71b715d8640fa318dd52d4c62ac04efa4f2ff2f44611652548df92f6a,164df0b80199afa79bfd164c56fb828fc5d68182cc0b1ec74f1508d56ee00465,0.196,0,72,56,3,59,13,81.94444444444444,79.6116504854369,73.33333333333333,40.0,84.21052631578948,75.75757575757575,782,13.254237288135593,0,0,0,0,7,0,0,0,0,0,5.647,3.877,3883,1093348,286,34,49,0.30385487528344673,1,0.030667,0.09626,239,0.008,0.223,0.371,0,0.0,0.0,0,3,0,0,0,0,
K8_R1.05_T1_H1_N3_S8017_PERIODIC_inprocess,8017,8,1.05,1,1,N3,0.75,20.0,,PERIODIC,inprocess,6a169ff71b715d8640fa318dd52d4c62ac04efa4f2ff2f44611652548df92f6a,36f0b65e8de49acc36e0e9155d5213425b64a3633daba06fbad0c36b426935d6,0.62,0,72,52,2,54,18,75.0,79.6116504854369,93.33333333333333,80.0,70.17543859649123,69.6969696969697,804,14.88888888888889,0,0,0,0,7,0,0,0,0,0,5.644,3.877,4402,1132634,347,56,48,0.34594765058341215,2,0.420766,0.105475,31,9.662,34.074,43.28,0,0.0,0.0,0,1,0,0,0,0,
K8_R1.05_T1_H1_N3_S8017_CENTRAL_inprocess,8017,8,1.05,1,1,N3,0.75,20.0,,CENTRAL,inprocess,6a169ff71b715d8640fa318dd52d4c62ac04efa4f2ff2f44611652548df92f6a,b43bdc9f860538f2c31ac1d2dced784b175938c725c2423bf3b54eafaecd2aba,2.386,0,72,57,2,59,13,81.94444444444444,85.4368932038835,93.33333333333333,100.0,78.94736842105263,78.78787878787878,759,12.864406779661017,0,0,0,0,7,0,0,0,0,0,5.6639,3.877,6006,1281295,536,84,50,0.536697247706422,1,2.136732,0.11171700000000001,162,10.47,36.596,62.338,0,0.0,0.0,0,0,0,0,0,0,
K8_R1.05_T1_H1_N3_S8017_CENTRAL_FB_inprocess,8017,8,1.05,1,1,N3,0.75,20.0,,CENTRAL_FB,inprocess,6a169ff71b715d8640fa318dd52d4c62ac04efa4f2ff2f44611652548df92f6a,a6ed8ba3f37ae6db28f3a4f9d6f2a0b0861f393a2c4e6bc5663b96f32a2e00ed,1.988,0,72,54,2,56,16,77.77777777777777,82.52427184466019,93.33333333333333,100.0,73.6842105263158,66.66666666666667,765,13.660714285714286,7,7,0,0,7,0,0,0,0,0,5.6444,3.877,5841,1250759,484,77,50,0.5097954790096878,5,1.781597,0.102739,149,10.302,29.665,49.744,35,0.359,0.47,0,0,0,0,0,0,
K8_R1.05_T1_H1_N3_S8017_CENTRAL_FOG_inprocess,8017,8,1.05,1,1,N3,0.75,20.0,,CENTRAL_FOG,inprocess,6a169ff71b715d8640fa318dd52d4c62ac04efa4f2ff2f44611652548df92f6a,3d52b628fbb598d4f8e8ff06c044f413129241e452cdc4fb656d44600de4facf,1.988,0,72,57,2,59,13,81.94444444444444,85.4368932038835,93.33333333333333,100.0,78.94736842105263,78.78787878787878,759,12.864406779661017,0,0,0,0,7,0,0,0,0,0,5.6639,3.877,6006,1281295,536,84,50,0.536697247706422,1,1.792979,0.10026600000000001,162,8.985999999999999,29.91,46.032999999999994,0,0.0,0.0,0,0,0,0,0,0,
K8_R1.05_T1_H1_N3_S8017_HYBRID_inprocess,8017,8,1.05,1,1,N3,0.75,20.0,,HYBRID,inprocess,6a169ff71b715d8640fa318dd52d4c62ac04efa4f2ff2f44611652548df92f6a,6839c6d6e9d6dcf25ff785fac3e080e16022dd44f591a17bbd6dc828b3f1848d,2.068,0,72,54,2,56,16,77.77777777777777,82.52427184466019,93.33333333333333,100.0,73.6842105263158,66.66666666666667,765,13.660714285714286,7,7,0,0,7,0,0,0,0,0,5.6444,3.877,5841,1250759,484,77,50,0.5097954790096878,5,1.824019,0.111899,149,10.949,32.093,40.993,35,0.335,0.399,0,0,0,0,0,0,
K8_R1.05_T1_H1_N3_S8017_EDGE_MARKET_inprocess,8017,8,1.05,1,1,N3,0.75,20.0,,EDGE_MARKET,inprocess,6a169ff71b715d8640fa318dd52d4c62ac04efa4f2ff2f44611652548df92f6a,2e9b37b582f5651bcb97787bee84f0d283eda7e19636344e99f96374581fc3b4,0.377,0,72,55,1,56,16,77.77777777777777,82.52427184466019,86.66666666666667,100.0,75.43859649122807,69.6969696969697,779,13.910714285714286,5,5,0,0,6,0,0,0,0,0,5.6359,3.877,4975,1327996,435,84,50,0.4703683929524827,2,0.031309,0.244617,135,0.058,0.19,1.9480000000000002,1138,0.5720000000000001,4.632,0,36,0,0,0,0,
K4_R0.90_T1_H1_N3_S8017_STATIC_inprocess,8017,4,0.9,1,1,N3,0.75,20.0,,STATIC,inprocess,1f9cafd0d35f0e81ee07c2b1dd32d23b8f482381f85f575f8c0f5ad4eaa389bf,b5a1214be62f445ec31c2d4aed1006ac4e463b14aa96207160d92ef9cb4bfa35,0.074,0,31,23,1,24,7,77.41935483870968,76.36363636363636,66.66666666666667,100.0,87.5,68.42105263157895,329,13.708333333333334,0,0,0,0,4,0,0,0,0,0,5.6174,3.8587,1939,534998,154,27,21,0.06681852695520121,1,0.011789,0.03567200000000001,172,0.005,0.075,0.112,0,0.0,0.0,0,2,0,0,0,0,
K4_R0.90_T1_H1_N3_S8017_PERIODIC_inprocess,8017,4,0.9,1,1,N3,0.75,20.0,,PERIODIC,inprocess,1f9cafd0d35f0e81ee07c2b1dd32d23b8f482381f85f575f8c0f5ad4eaa389bf,f8cb4004d0e83b52ae0aca241b42a7e166468fbe9e94200ce37fbbdc021dc684,0.129,0,31,22,2,24,7,77.41935483870968,78.18181818181819,73.33333333333333,75.0,81.25,68.42105263157895,300,12.5,0,0,0,0,4,0,0,0,0,0,5.6511,3.8587,2116,527639,187,31,39,0.17828418230563003,1,0.06348,0.037068000000000004,31,1.6260000000000001,4.359,5.579,0,0.0,0.0,0,0,0,0,0,0,
K4_R0.90_T1_H1_N3_S8017_CENTRAL_inprocess,8017,4,0.9,1,1,N3,0.75,20.0,,CENTRAL,inprocess,1f9cafd0d35f0e81ee07c2b1dd32d23b8f482381f85f575f8c0f5ad4eaa389bf,0155673d48f9d9c40d2b7afdec4352746b5d4d4d98c45c3ef9f010d02cc400dc,0.234,0,31,24,2,26,5,83.87096774193549,87.27272727272727,93.33333333333333,100.0,75.0,73.6842105263158,291,11.192307692307692,0,0,0,0,3,0,0,0,0,0,5.6381,3.8587,2312,560667,192,35,44,0.13756613756613756,0,0.163941,0.037634,81,2.146,4.235,7.181,0,0.0,0.0,0,0,0,0,0,0,
K4_R0.90_T1_H1_N3_S8017_CENTRAL_FB_inprocess,8017,4,0.9,1,1,N3,0.75,20.0,,CENTRAL_FB,inprocess,1f9cafd0d35f0e81ee07c2b1dd32d23b8f482381f85f575f8c0f5ad4eaa389bf,34359c4316d11298702624baabf3a11386d2231e02dd8cdf1367930b52077dc7,0.23,0,31,24,2,26,5,83.87096774193549,89.0909090909091,93.33333333333333,100.0,75.0,78.94736842105263,315,12.115384615384615,0,0,0,0,4,0,0,0,0,0,5.6381,3.8587,2304,560193,189,35,49,0.16390532544378697,1,0.163955,0.03868,79,2.274,3.9,4.364,18,0.076,0.377,0,0,0,0,0,0,
K4_R0.90_T1_H1_N3_S8017_CENTRAL_FOG_inprocess,8017,4,0.9,1,1,N3,0.75,20.0,,CENTRAL_FOG,inprocess,1f9cafd0d35f0e81ee07c2b1dd32d23b8f482381f85f575f8c0f5ad4eaa389bf,bf2f7882c93a9afb1f466cd14497330309601e5ee21d3cd538e5f4473501389c,0.25,0,31,24,2,26,5,83.87096774193549,87.27272727272727,93.33333333333333,100.0,75.0,73.6842105263158,291,11.192307692307692,0,0,0,0,3,0,0,0,0,0,5.6381,3.8587,2312,560667,192,35,44,0.13756613756613756,0,0.170633,0.040983000000000006,81,2.281,4.401999999999999,4.886,0,0.0,0.0,0,0,0,0,0,0,
K4_R0.90_T1_H1_N3_S8017_HYBRID_inprocess,8017,4,0.9,1,1,N3,0.75,20.0,,HYBRID,inprocess,1f9cafd0d35f0e81ee07c2b1dd32d23b8f482381f85f575f8c0f5ad4eaa389bf,ee50da38039ebf4553f905520a4ae232310947fb4b97ca56932d0656daed02e3,0.327,0,31,24,2,26,5,83.87096774193549,89.0909090909091,93.33333333333333,100.0,75.0,78.94736842105263,315,12.115384615384615,0,0,0,0,4,0,0,0,0,0,5.6381,3.8587,2304,560193,189,35,49,0.16390532544378697,1,0.223629,0.050804,79,3.112,5.64,7.953999999999999,18,0.076,0.33399999999999996,0,0,0,0,0,0,
K8_R1.05_T1_H1_N3_S8017_HYBRID_EAGER_inprocess,8017,8,1.05,1,1,N3,0.75,20.0,,HYBRID_EAGER,inprocess,6a169ff71b715d8640fa318dd52d4c62ac04efa4f2ff2f44611652548df92f6a,af7439cbecf6236b13534f5639e69b84573668e875812391280c7b0faab36caa,1.968,0,72,54,2,56,16,77.77777777777777,82.52427184466019,93.33333333333333,100.0,73.6842105263158,66.66666666666667,765,13.660714285714286,7,7,0,0,7,0,0,0,0,0,5.6444,3.877,5841,1250188,485,78,50,0.513356311934511,5,1.771384,0.11085099999999999,150,9.635,29.871000000000002,43.914,42,0.304,0.644,0,0,0,0,0,0,
K4_R0.90_T1_H1_N3_S8017_EDGE_MARKET_inprocess,8017,4,0.9,1,1,N3,0.75,20.0,,EDGE_MARKET,inprocess,1f9cafd0d35f0e81ee07c2b1dd32d23b8f482381f85f575f8c0f5ad4eaa389bf,0638203c9a8b87c4faf3a9b17e4761db2269dc4245098a12572b9a915e2fca72,0.127,0,31,21,2,23,8,74.19354838709677,76.36363636363636,73.33333333333333,100.0,75.0,68.42105263157895,290,12.608695652173912,0,0,0,0,4,0,0,0,0,0,5.6529,3.8587,2233,589494,165,35,23,0.11667684789248625,1,0.01525,0.07901,81,0.032,0.101,0.13799999999999998,319,0.486,2.6879999999999997,0,18,0,0,0,0,
K4_R0.90_T1_H1_N3_S8017_HYBRID_EAGER_inprocess,8017,4,0.9,1,1,N3,0.75,20.0,,HYBRID_EAGER,inprocess,1f9cafd0d35f0e81ee07c2b1dd32d23b8f482381f85f575f8c0f5ad4eaa389bf,7aea368c2485ca97e4405f23ce0de9f90fd49b10d142eb0e79e1393ec57819eb,0.31,0,31,24,2,26,5,83.87096774193549,89.0909090909091,93.33333333333333,100.0,75.0,78.94736842105263,315,12.115384615384615,0,0,0,0,4,0,0,0,0,0,5.6381,3.8587,2304,560190,189,35,49,0.16390532544378697,1,0.21544,0.05543,79,3.048,5.271,6.348000000000001,22,0.098,0.429,0,0,0,0,0,0,
K16_R0.90_T1_H1_N3_S8017_STATIC_inprocess,8017,16,0.9,1,1,N3,0.75,20.0,,STATIC,inprocess,49f4f2516cf2a7330b1ed04a997300ed6c449230c6bfad3e9369b64b93cb8112,810efe85ff0cd516672665cfcd1e57591e154d7bae2ee95fa84b85d9b96bab4f,0.485,0,123,96,4,100,23,81.30081300813008,79.14691943127963,70.73170731707317,73.6842105263158,86.58536585365853,80.70175438596492,1540,15.4,0,0,0,0,11,0,0,0,0,0,5.6396,3.8531,7738,2104249,606,99,83,0.24452003023431595,5,0.073127,0.20764800000000003,227,0.012,0.437,0.9600000000000001,0,0.0,0.0,0,3,0,0,0,0,
K16_R0.90_T1_H1_N3_S8017_PERIODIC_inprocess,8017,16,0.9,1,1,N3,0.75,20.0,,PERIODIC,inprocess,49f4f2516cf2a7330b1ed04a997300ed6c449230c6bfad3e9369b64b93cb8112,6c9673306ae6a5e4c1a69121f607c64153a0556c7bff3b9ba09cf6328db3e66c,1.031,0,123,93,3,96,27,78.04878048780488,80.09478672985782,82.92682926829268,84.21052631578948,75.60975609756098,82.45614035087719,1708,17.791666666666668,0,0,0,0,12,0,0,0,0,0,5.6668,3.8531,8657,2175275,720,123,83,0.30527840360476344,8,0.617227,0.20657099999999998,31,16.698999999999998,49.179,64.24000000000001,0,0.0,0.0,0,3,0,0,0,0,
K16_R0.90_T1_H1_N3_S8017_CENTRAL_inprocess,8017,16,0.9,1,1,N3,0.75,20.0,,CENTRAL,inprocess,49f4f2516cf2a7330b1ed04a997300ed6c449230c6bfad3e9369b64b93cb8112,d51fa2fb74adda22d2f36b54a3e8cb72a892efa7334b6617e3c5d1dfab9a347c,4.139,0,123,104,3,107,16,86.99186991869918,90.99526066350711,95.1219512195122,94.73684210526316,82.92682926829268,87.71929824561404,1612,15.065420560747663,0,0,0,0,13,0,0,0,0,0,5.6841,3.8531,12951,2581555,1157,202,98,0.3357189942555796,4,3.616982,0.252748,205,16.322,37.574000000000005,49.639,0,0.0,0.0,0,0,0,0,0,0,
K16_R0.90_T1_H1_N3_S8017_CENTRAL_FB_inprocess,8017,16,0.9,1,1,N3,0.75,20.0,,CENTRAL_FB,inprocess,49f4f2516cf2a7330b1ed04a997300ed6c449230c6bfad3e9369b64b93cb8112,35980446c6afa91f841c0d31c305c1628c18b5d0d1dcd2a21f9a67fcc8026747,4.213,0,123,104,3,107,16,86.99186991869918,91.94312796208531,97.5609756097561,100.0,81.70731707317073,87.71929824561404,1621,15.149532710280374,0,0,0,0,13,0,0,0,0,0,5.6841,3.8531,12975,2583278,1185,214,98,0.3354996703400207,6,3.647478,0.26053,207,17.14,40.128,62.976000000000006,71,0.365,2.475,0,0,0,0,0,0,
K16_R0.90_T1_H1_N3_S8017_CENTRAL_FOG_inprocess,8017,16,0.9,1,1,N3,0.75,20.0,,CENTRAL_FOG,inprocess,49f4f2516cf2a7330b1ed04a997300ed6c449230c6bfad3e9369b64b93cb8112,f1fc7f46688422778b33d15ce7f6c193187a72127208fced650f204e159793e2,3.673,0,123,104,3,107,16,86.99186991869918,90.99526066350711,95.1219512195122,94.73684210526316,82.92682926829268,87.71929824561404,1612,15.065420560747663,0,0,0,0,13,0,0,0,0,0,5.6841,3.8531,12951,2581555,1157,202,98,0.3357189942555796,4,3.241607,0.2295,205,13.28,36.255,57.512,0,0.0,0.0,0,0,0,0,0,0,
K16_R0.90_T1_H1_N3_S8017_HYBRID_inprocess,8017,16,0.9,1,1,N3,0.75,20.0,,HYBRID,inprocess,49f4f2516cf2a7330b1ed04a997300ed6c449230c6bfad3e9369b64b93cb8112,83f3bd316879e2c7357dbfcc95964b53a7cc1cae3241d2f9ff85f7cfc0fcf634,3.773,0,123,104,3,107,16,86.99186991869918,91.94312796208531,97.5609756097561,100.0,81.70731707317073,87.71929824561404,1621,15.149532710280374,0,0,0,0,13,0,0,0,0,0,5.6841,3.8531,12975,2583278,1185,214,98,0.3354996703400207,6,3.260433,0.237651,207,15.149,35.717999999999996,50.52,71,0.373,3.5820000000000003,0,0,0,0,0,0,
K16_R0.90_T1_H1_N3_S8017_EDGE_MARKET_inprocess,8017,16,0.9,1,1,N3,0.75,20.0,,EDGE_MARKET,inprocess,49f4f2516cf2a7330b1ed04a997300ed6c449230c6bfad3e9369b64b93cb8112,5659ecc653c9ba99e2809e1345ab84d82a6be3d1e5dceb5bb05d75f257b5ba16,0.738,0,123,95,3,98,25,79.67479674796748,80.09478672985782,78.04878048780488,73.6842105263158,80.48780487804878,84.21052631578948,1427,14.561224489795919,0,0,0,0,10,0,0,0,0,0,5.7454,3.8531,10145,2584019,870,170,97,0.3479938271604938,6,0.062147,0.48423799999999995,152,0.1,0.375,0.757,2352,0.397,3.5509999999999997,0,46,0,0,0,0,
K8_R0.75_T1_H1_N1_S8018_STATIC_inprocess,8018,8,0.75,1,1,N1,0.98,3.0,,STATIC,inprocess,bbc57474b2b464577aefc9797cfef1442f0fea4e2c744cc0fbdc5f548784eb13,fa59ce8f176aefcf24c18b72349240d366e9b3c6c64746291e617cd2261c99cf,0.181,0,51,46,2,48,3,94.11764705882354,93.25842696629213,85.0,100.0,100.0,95.83333333333333,628,13.083333333333334,0,0,0,0,6,1,1,0,12,18,9.8865,3.9393,3852,1026098,83,46,1,0.0013480722566729577,1,0.030518,0.085357,116,0.007,0.21000000000000002,0.245,0,0.0,0.0,0,0,0,0,0,0,
K8_R0.75_T1_H1_N1_S8018_PERIODIC_inprocess,8018,8,0.75,1,1,N1,0.98,3.0,,PERIODIC,inprocess,bbc57474b2b464577aefc9797cfef1442f0fea4e2c744cc0fbdc5f548784eb13,0afb6b2a9a8c297876c555a7eecedfadeed95c90a267ff8f69e794aa9e9e7ab0,0.333,0,51,43,2,45,6,88.23529411764706,88.76404494382022,80.0,100.0,93.54838709677419,87.5,554,12.311111111111112,0,0,0,0,4,0,0,0,0,0,5.8493,3.9393,4202,1021101,82,46,4,0.00688298918387414,3,0.169963,0.08882599999999999,31,4.682,10.607999999999999,14.343,0,0.0,0.0,0,0,0,0,0,0,
K8_R0.75_T1_H1_N1_S8018_CENTRAL_inprocess,8018,8,0.75,1,1,N1,0.98,3.0,,CENTRAL,inprocess,bbc57474b2b464577aefc9797cfef1442f0fea4e2c744cc0fbdc5f548784eb13,d33e48f7d19d0af94f651e53aa7cf1decf40c5e52ab0facee36d1670867a38db,0.737,0,51,46,2,48,3,94.11764705882354,94.38202247191012,90.0,100.0,96.7741935483871,95.83333333333333,582,12.125,0,0,0,0,7,0,0,0,0,0,5.6508,3.9393,5034,1093724,95,47,6,0.018311291963377416,2,0.552546,0.098075,99,5.071,11.075,16.672,0,0.0,0.0,0,0,0,0,0,0,
K8_R0.75_T1_H1_N1_S8018_CENTRAL_FB_inprocess,8018,8,0.75,1,1,N1,0.98,3.0,,CENTRAL_FB,inprocess,bbc57474b2b464577aefc9797cfef1442f0fea4e2c744cc0fbdc5f548784eb13,6564ea7c5317d583d763d5884fe638cfeb272e2196706c67d215a9c408ccc342,0.764,0,51,46,2,48,3,94.11764705882354,94.38202247191012,90.0,100.0,96.7741935483871,95.83333333333333,582,12.125,0,0,0,0,7,0,0,0,0,0,5.6508,3.9393,5034,1093724,95,47,6,0.018311291963377416,2,0.56991,0.102447,99,5.644,10.611,16.044,0,0.0,0.0,0,0,0,0,0,0,
K16_R0.90_T1_H1_N3_S8017_HYBRID_EAGER_inprocess,8017,16,0.9,1,1,N3,0.75,20.0,,HYBRID_EAGER,inprocess,49f4f2516cf2a7330b1ed04a997300ed6c449230c6bfad3e9369b64b93cb8112,f5274bd36a013b600654577a2fc57b41e2fcb78cda39b9c5068794ba5e7ebffb,4.403,0,123,101,3,104,19,84.55284552845528,88.15165876777252,90.2439024390244,94.73684210526316,81.70731707317073,89.47368421052632,1632,15.692307692307692,0,0,0,0,14,0,0,0,0,0,5.6696,3.8531,13164,2566371,1212,191,99,0.4234117429153547,6,3.84375,0.275541,225,15.065999999999999,42.429,62.212,97,0.10900000000000001,2.851,0,0,0,0,0,0,
K8_R0.75_T1_H1_N1_S8018_CENTRAL_FOG_inprocess,8018,8,0.75,1,1,N1,0.98,3.0,,CENTRAL_FOG,inprocess,bbc57474b2b464577aefc9797cfef1442f0fea4e2c744cc0fbdc5f548784eb13,cfc1db85673d8e0a3cbf3bc1a5e01750a23bee11375a883acaa3facf51d2e205,0.714,0,51,46,2,48,3,94.11764705882354,94.38202247191012,90.0,100.0,96.7741935483871,95.83333333333333,582,12.125,0,0,0,0,7,0,0,0,0,0,5.6508,3.9393,5034,1093724,95,47,6,0.018311291963377416,2,0.540893,0.09447000000000001,99,4.5729999999999995,11.693999999999999,16.837999999999997,0,0.0,0.0,0,0,0,0,0,0,
K8_R0.75_T1_H1_N1_S8018_HYBRID_inprocess,8018,8,0.75,1,1,N1,0.98,3.0,,HYBRID,inprocess,bbc57474b2b464577aefc9797cfef1442f0fea4e2c744cc0fbdc5f548784eb13,5a83cca7e52abe06c1860dcbbfcd90bc954e4759c35d8d15b5f53335e9f7fb2e,0.759,0,51,46,2,48,3,94.11764705882354,94.38202247191012,90.0,100.0,96.7741935483871,95.83333333333333,582,12.125,0,0,0,0,7,0,0,0,0,0,5.6508,3.9393,5034,1093724,95,47,6,0.018311291963377416,2,0.566417,0.10414500000000002,99,4.832000000000001,10.9,16.781000000000002,0,0.0,0.0,0,0,0,0,0,0,
K8_R0.75_T1_H1_N1_S8018_HYBRID_EAGER_inprocess,8018,8,0.75,1,1,N1,0.98,3.0,,HYBRID_EAGER,inprocess,bbc57474b2b464577aefc9797cfef1442f0fea4e2c744cc0fbdc5f548784eb13,94334696432457051e384eb3018fc032ce1f547ed1f215cd22e90cae262fcf93,0.666,0,51,46,2,48,3,94.11764705882354,94.38202247191012,90.0,100.0,96.7741935483871,95.83333333333333,582,12.125,0,0,0,0,7,0,0,0,0,0,5.6508,3.9393,5034,1093724,95,47,6,0.018311291963377416,2,0.500505,0.090296,99,3.892,10.652,16.502,14,0.018000000000000002,0.036000000000000004,0,0,0,0,0,0,
K8_R0.75_T1_H1_N1_S8018_EDGE_MARKET_inprocess,8018,8,0.75,1,1,N1,0.98,3.0,,EDGE_MARKET,inprocess,bbc57474b2b464577aefc9797cfef1442f0fea4e2c744cc0fbdc5f548784eb13,cc3e3445cef36cc9c81872d03d6fc6bac31737671751d3e5b4bd88bf349b9604,0.257,0,51,43,2,45,6,88.23529411764706,87.64044943820225,85.0,100.0,90.3225806451613,91.66666666666667,572,12.71111111111111,0,0,0,0,5,0,0,0,0,0,5.6656,3.9393,4356,1116995,100,36,3,0.0071309721892084624,1,0.031063,0.154287,86,0.058,0.12000000000000001,0.17300000000000001,538,0.727,5.061000000000001,0,10,0,0,0,0,
K8_R1.05_T1_H1_N1_S8018_STATIC_inprocess,8018,8,1.05,1,1,N1,0.98,3.0,,STATIC,inprocess,1dca46789af673907a45f8240cc114311060f39b2c791439e54ef9dec5a17916,ad8ffc6dac8c36e1260bb19b8f837a38affeb3ffe429ee9c8bec3c72b10eaad5,0.167,0,72,53,2,55,17,76.38888888888889,68.69565217391305,42.857142857142854,37.5,90.19607843137256,78.94736842105263,812,14.763636363636364,0,0,0,0,8,0,0,0,0,0,5.6647,3.864,3868,1067700,84,30,4,0.004025764895330112,2,0.035016,0.071754,273,0.006,0.19799999999999998,2.235,0,0.0,0.0,0,1,0,0,0,0,
K8_R1.05_T1_H1_N1_S8018_PERIODIC_inprocess,8018,8,1.05,1,1,N1,0.98,3.0,,PERIODIC,inprocess,1dca46789af673907a45f8240cc114311060f39b2c791439e54ef9dec5a17916,642e85f44d7cd90777acbb0d2f1fce7cbe37cd7c2d0ea3fe2233c99e5cbb6ad2,0.683,0,72,52,2,54,18,75.0,80.8695652173913,90.47619047619048,100.0,68.62745098039215,73.6842105263158,837,15.5,0,0,0,0,8,0,0,0,0,0,5.6656,3.864,4522,1149222,96,49,4,0.010022779043280182,3,0.497687,0.100546,31,15.396999999999998,36.726,42.152,0,0.0,0.0,0,0,0,0,0,0,
K8_R1.05_T1_H1_N1_S8018_CENTRAL_inprocess,8018,8,1.05,1,1,N1,0.98,3.0,,CENTRAL,inprocess,1dca46789af673907a45f8240cc114311060f39b2c791439e54ef9dec5a17916,9179f7a84d723b0383ddd47e0f359a0f8416ace8174da03cb99d60035369ae19,2.78,0,72,51,2,53,19,73.61111111111111,80.0,85.71428571428571,100.0,68.62745098039215,73.6842105263158,855,16.132075471698112,0,0,0,0,8,0,0,0,0,0,5.6564,3.864,6192,1314542,125,58,6,0.023727137913989126,2,2.507351,0.120646,136,19.926,32.63,46.556,0,0.0,0.0,0,1,0,0,0,0,
K8_R1.05_T1_H1_N1_S8018_CENTRAL_FB_inprocess,8018,8,1.05,1,1,N1,0.98,3.0,,CENTRAL_FB,inprocess,1dca46789af673907a45f8240cc114311060f39b2c791439e54ef9dec5a17916,9b712d67015ddd54c6d0cd60ee6756044b71194488634c882b2d9706f77c9111,2.604,0,72,51,2,53,19,73.61111111111111,80.0,85.71428571428571,100.0,68.62745098039215,73.6842105263158,855,16.132075471698112,0,0,0,0,8,0,0,0,0,0,5.6564,3.864,6192,1314542,125,58,6,0.023727137913989126,2,2.358569,0.11221700000000001,136,19.269000000000002,31.189,37.685,1,0.019,0.019,0,1,0,0,0,0,
K8_R1.05_T1_H1_N1_S8018_CENTRAL_FOG_inprocess,8018,8,1.05,1,1,N1,0.98,3.0,,CENTRAL_FOG,inprocess,1dca46789af673907a45f8240cc114311060f39b2c791439e54ef9dec5a17916,887fa01b5d4cd6171b8154b938d287576c653448692a0a2c58eaf6c1ee6ac147,2.701,0,72,51,2,53,19,73.61111111111111,80.0,85.71428571428571,100.0,68.62745098039215,73.6842105263158,855,16.132075471698112,0,0,0,0,8,0,0,0,0,0,5.6564,3.864,6192,1314542,125,58,6,0.023727137913989126,2,2.433781,0.11916600000000002,136,18.959,32.935,38.178,0,0.0,0.0,0,1,0,0,0,0,
K8_R1.05_T1_H1_N1_S8018_HYBRID_inprocess,8018,8,1.05,1,1,N1,0.98,3.0,,HYBRID,inprocess,1dca46789af673907a45f8240cc114311060f39b2c791439e54ef9dec5a17916,0ca57240c5b1abf79f5d59416484ab7ee7d4cbd6654c910afc6d926568d3ff3c,2.801,0,72,51,2,53,19,73.61111111111111,80.0,85.71428571428571,100.0,68.62745098039215,73.6842105263158,855,16.132075471698112,0,0,0,0,8,0,0,0,0,0,5.6564,3.864,6192,1314542,125,58,6,0.023727137913989126,2,2.498128,0.13391,136,19.463,36.547999999999995,45.821,1,0.017,0.017,0,1,0,0,0,0,
K8_R1.05_T1_H1_N1_S8018_EDGE_MARKET_inprocess,8018,8,1.05,1,1,N1,0.98,3.0,,EDGE_MARKET,inprocess,1dca46789af673907a45f8240cc114311060f39b2c791439e54ef9dec5a17916,ae9c42ab2af0e22fecc401970aab8ab98e553a160b3ec9f18b074dfc28f65531,0.459,0,72,52,2,54,18,75.0,78.26086956521739,85.71428571428571,87.5,70.58823529411765,81.57894736842105,843,15.61111111111111,0,0,0,0,7,0,0,0,0,0,5.6508,3.9034,5127,1359563,103,52,5,0.019768370607028754,1,0.044047,0.32639100000000004,137,0.078,0.27999999999999997,0.41300000000000003,1197,0.606,4.757,0,38,0,0,0,0,
K4_R0.90_T1_H1_N1_S8018_STATIC_inprocess,8018,4,0.9,1,1,N1,0.98,3.0,,STATIC,inprocess,e63ca7007d4dd128442e2ebaf46ce94e741f16316635d4984672c39011edd80e,7bd7679fcb2694598bbcc9ba9b9d2212a9d3b338fbf0befb2543961af1a7eb57,0.087,0,31,20,0,20,11,64.51612903225806,54.90196078431372,18.181818181818183,0.0,90.0,68.75,358,17.9,0,0,0,0,4,0,0,0,0,0,5.659,4.0594,1926,547500,34,20,1,0.0005359056806002144,1,0.017512,0.039356,238,0.006,0.089,0.134,0,0.0,0.0,0,5,0,0,0,0,
K4_R0.90_T1_H1_N1_S8018_PERIODIC_inprocess,8018,4,0.9,1,1,N1,0.98,3.0,,PERIODIC,inprocess,e63ca7007d4dd128442e2ebaf46ce94e741f16316635d4984672c39011edd80e,3f49ed998b34130fa12015a0469bdecfa7eb04f1b1941b350542b07eaab69d4f,0.152,0,31,24,0,24,7,77.41935483870968,84.31372549019608,90.9090909090909,100.0,70.0,68.75,346,14.416666666666666,0,0,0,0,4,0,0,0,0,0,5.6281,4.0594,2160,558954,33,13,2,0.0038022813688212928,2,0.085736,0.037898,31,2.886,5.244999999999999,6.2540000000000004,0,0.0,0.0,0,0,0,0,0,0,
K4_R0.90_T1_H1_N1_S8018_CENTRAL_inprocess,8018,4,0.9,1,1,N1,0.98,3.0,,CENTRAL,inprocess,e63ca7007d4dd128442e2ebaf46ce94e741f16316635d4984672c39011edd80e,5b25b3682960bdd51a9e0eb17bea98da9a89b9022d278dda83d8c6578c5d8a64,0.327,0,31,23,1,24,7,77.41935483870968,84.31372549019608,90.9090909090909,100.0,70.0,62.5,348,14.5,0,0,0,0,4,0,0,0,0,0,5.6276,4.0594,2435,583123,36,20,3,0.012169534200587495,1,0.248843,0.042277,72,3.575,6.181,9.454,0,0.0,0.0,0,0,0,0,0,0,
K4_R0.90_T1_H1_N1_S8018_CENTRAL_FB_inprocess,8018,4,0.9,1,1,N1,0.98,3.0,,CENTRAL_FB,inprocess,e63ca7007d4dd128442e2ebaf46ce94e741f16316635d4984672c39011edd80e,6088beb66d64822b4cab327cab5007a880992716e178ba27ed08a105ebf5fe85,0.383,0,31,23,1,24,7,77.41935483870968,84.31372549019608,90.9090909090909,100.0,70.0,62.5,348,14.5,0,0,0,0,4,0,0,0,0,0,5.6276,4.0594,2435,583123,36,20,3,0.012169534200587495,1,0.28942,0.049849000000000004,72,4.45,7.096,9.013,0,0.0,0.0,0,0,0,0,0,0,
K4_R0.90_T1_H1_N1_S8018_CENTRAL_FOG_inprocess,8018,4,0.9,1,1,N1,0.98,3.0,,CENTRAL_FOG,inprocess,e63ca7007d4dd128442e2ebaf46ce94e741f16316635d4984672c39011edd80e,6510df5dc14318333fec7d417f86b8163579db6ad6b58ce9142bacf20e7dab58,0.41,0,31,23,1,24,7,77.41935483870968,84.31372549019608,90.9090909090909,100.0,70.0,62.5,348,14.5,0,0,0,0,4,0,0,0,0,0,5.6276,4.0594,2435,583123,36,20,3,0.012169534200587495,1,0.29981,0.052054,72,4.473000000000001,7.178,9.709999999999999,0,0.0,0.0,0,0,0,0,0,0,
K8_R1.05_T1_H1_N1_S8018_HYBRID_EAGER_inprocess,8018,8,1.05,1,1,N1,0.98,3.0,,HYBRID_EAGER,inprocess,1dca46789af673907a45f8240cc114311060f39b2c791439e54ef9dec5a17916,80cfa7198b0c258ded305a79ceb8e898c66223e93eb86fe853eb8286eb2be478,2.759,0,72,51,2,53,19,73.61111111111111,80.0,85.71428571428571,100.0,68.62745098039215,73.6842105263158,855,16.132075471698112,0,0,0,0,8,0,0,0,0,0,5.6564,3.864,6192,1314495,125,58,6,0.023727137913989126,2,2.459706,0.122239,136,18.642,35.445,48.887,19,0.037,0.12000000000000001,0,1,0,0,0,0,
K4_R0.90_T1_H1_N1_S8018_HYBRID_inprocess,8018,4,0.9,1,1,N1,0.98,3.0,,HYBRID,inprocess,e63ca7007d4dd128442e2ebaf46ce94e741f16316635d4984672c39011edd80e,2fb6c8d91260d3a974461a83527ad90a5e86ff695619365d92d6a3f98ff660d9,0.341,0,31,23,1,24,7,77.41935483870968,84.31372549019608,90.9090909090909,100.0,70.0,62.5,348,14.5,0,0,0,0,4,0,0,0,0,0,5.6276,4.0594,2435,583123,36,20,3,0.012169534200587495,1,0.256589,0.046466999999999994,72,3.734,6.0169999999999995,7.173,0,0.0,0.0,0,0,0,0,0,0,
K4_R0.90_T1_H1_N1_S8018_EDGE_MARKET_inprocess,8018,4,0.9,1,1,N1,0.98,3.0,,EDGE_MARKET,inprocess,e63ca7007d4dd128442e2ebaf46ce94e741f16316635d4984672c39011edd80e,43c8f4a77f542da2b3402807322f29b3f8400c47fd55b35c1ad617793d0e4259,0.115,0,31,23,0,23,8,74.19354838709677,82.3529411764706,90.9090909090909,100.0,65.0,68.75,364,15.826086956521738,0,0,0,0,4,0,0,0,0,0,5.6542,4.0594,2249,611901,49,22,3,0.013686131386861315,1,0.015885,0.066731,69,0.036000000000000004,0.101,0.12300000000000001,331,0.372,2.462,0,12,0,0,0,0,
K4_R0.90_T1_H1_N1_S8018_HYBRID_EAGER_inprocess,8018,4,0.9,1,1,N1,0.98,3.0,,HYBRID_EAGER,inprocess,e63ca7007d4dd128442e2ebaf46ce94e741f16316635d4984672c39011edd80e,62ff28e348a558e2ce635bffc2519574b755bd4e7fffecb9c17ed12e9bd66744,0.299,0,31,23,1,24,7,77.41935483870968,84.31372549019608,90.9090909090909,100.0,70.0,62.5,348,14.5,0,0,0,0,4,0,0,0,0,0,5.6276,4.0594,2435,583115,36,20,3,0.012169534200587495,1,0.228333,0.041278,72,3.357,5.063,6.021999999999999,8,0.097,0.097,0,0,0,0,0,0,
K16_R0.90_T1_H1_N1_S8018_STATIC_inprocess,8018,16,0.9,1,1,N1,0.98,3.0,,STATIC,inprocess,99b3fbb2273a9217693f119741d7ef364a9b07d43cee82318194e9c390d8f159,61690a48c20d4bc83d43b9604f86bfccda65e1d41e4dd9e31b09cb13749a114c,0.421,0,123,93,6,99,24,80.48780487804878,76.09756097560975,60.46511627906977,50.0,91.25,78.78787878787878,1532,15.474747474747474,0,0,0,0,14,0,0,0,0,0,5.6424,3.8649,7725,2164259,139,79,7,0.004162750100711696,3,0.081832,0.16917300000000002,257,0.01,0.443,0.8450000000000001,0,0.0,0.0,0,2,0,0,0,0,
K16_R0.90_T1_H1_N1_S8018_PERIODIC_inprocess,8018,16,0.9,1,1,N1,0.98,3.0,,PERIODIC,inprocess,99b3fbb2273a9217693f119741d7ef364a9b07d43cee82318194e9c390d8f159,b92d5781112cbcb7685bdbd47a8dc8044cba9d7f0191a9dd2667db08c8a74a8a,1.274,0,123,94,4,98,25,79.67479674796748,85.85365853658537,93.02325581395348,100.0,72.5,75.75757575757575,1585,16.1734693877551,0,0,0,0,14,0,0,0,0,0,5.6553,3.8649,8878,2300822,175,79,7,0.01197674418604651,2,0.857131,0.201265,31,27.552,58.822,87.25099999999999,0,0.0,0.0,0,2,0,0,0,0,
K16_R0.90_T1_H1_N1_S8018_CENTRAL_inprocess,8018,16,0.9,1,1,N1,0.98,3.0,,CENTRAL,inprocess,99b3fbb2273a9217693f119741d7ef364a9b07d43cee82318194e9c390d8f159,72465cc2e76837cffa2638655dd1beefb4bd5d50d5f739792ba4b3036105cd90,5.721,0,123,99,4,103,20,83.73983739837398,87.3170731707317,88.37209302325581,93.75,81.25,87.87878787878788,1443,14.009708737864077,0,0,0,0,12,0,0,0,0,0,5.6723,3.8649,13314,2618724,306,144,10,0.03188228080931944,1,5.245033,0.25151,180,30.192,53.068999999999996,105.692,0,0.0,0.0,0,0,0,0,0,0,
K16_R0.90_T1_H1_N1_S8018_CENTRAL_FB_inprocess,8018,16,0.9,1,1,N1,0.98,3.0,,CENTRAL_FB,inprocess,99b3fbb2273a9217693f119741d7ef364a9b07d43cee82318194e9c390d8f159,24c9057a0332547bc3653ec7824ae1955c2b09692f753e63946c901ce8a5abd4,6.196,0,123,99,4,103,20,83.73983739837398,87.3170731707317,88.37209302325581,93.75,81.25,87.87878787878788,1443,14.009708737864077,0,0,0,0,12,0,0,0,0,0,5.6723,3.8649,13314,2618724,306,144,10,0.03188228080931944,1,5.59596,0.252609,180,33.961999999999996,54.074999999999996,81.635,2,0.04,0.04,0,0,0,0,0,0,
K16_R0.90_T1_H1_N1_S8018_CENTRAL_FOG_inprocess,8018,16,0.9,1,1,N1,0.98,3.0,,CENTRAL_FOG,inprocess,99b3fbb2273a9217693f119741d7ef364a9b07d43cee82318194e9c390d8f159,126337f021e0a9d453905145cb2656f867480321cc224d68ca087ec173b3933d,6.516,0,123,99,4,103,20,83.73983739837398,87.3170731707317,88.37209302325581,93.75,81.25,87.87878787878788,1443,14.009708737864077,0,0,0,0,12,0,0,0,0,0,5.6723,3.8649,13314,2618724,306,144,10,0.03188228080931944,1,5.938789,0.266251,180,35.931,56.324,70.883,0,0.0,0.0,0,0,0,0,0,0,
K16_R0.90_T1_H1_N1_S8018_HYBRID_inprocess,8018,16,0.9,1,1,N1,0.98,3.0,,HYBRID,inprocess,99b3fbb2273a9217693f119741d7ef364a9b07d43cee82318194e9c390d8f159,673956651c2aa66bf21e9e391ec5884619c9afdc5ef9884b9d89ab6594517dbf,6.73,0,123,99,4,103,20,83.73983739837398,87.3170731707317,88.37209302325581,93.75,81.25,87.87878787878788,1443,14.009708737864077,0,0,0,0,12,0,0,0,0,0,5.6723,3.8649,13314,2618724,306,144,10,0.03188228080931944,1,6.08022,0.265998,180,35.263999999999996,62.123999999999995,75.985,2,0.054,0.054,0,0,0,0,0,0,
K16_R0.90_T1_H1_N1_S8018_EDGE_MARKET_inprocess,8018,16,0.9,1,1,N1,0.98,3.0,,EDGE_MARKET,inprocess,99b3fbb2273a9217693f119741d7ef364a9b07d43cee82318194e9c390d8f159,7b002a1a32c9b298d315dcc334017b975f5cb4a73287cc86373ce3bfcf5c3337,0.885,0,123,97,6,103,20,83.73983739837398,88.78048780487805,93.02325581395348,100.0,78.75,83.33333333333333,1632,15.844660194174757,8,8,0,0,12,0,0,0,0,0,5.6663,3.8649,11399,2887139,205,125,10,0.027854903716972683,1,0.076218,0.62975,164,0.124,0.388,0.8069999999999999,3440,0.431,4.12,0,48,0,0,0,0,
K8_R0.75_T1_H1_N3_S8018_STATIC_inprocess,8018,8,0.75,1,1,N3,0.75,20.0,,STATIC,inprocess,2cdb9f873fb99a1d59cd80786643896d075dcac7009880a6353effd2d7e977af,8c6972c00d70607569fa8b53c72f6fc57a6745a1fd07761afa5657455a4687cb,0.135,0,51,44,2,46,5,90.19607843137256,89.88764044943821,85.0,100.0,93.54838709677419,91.66666666666667,587,12.76086956521739,0,0,0,0,6,1,1,0,12,18,9.8865,3.9393,3852,1025554,308,72,33,0.047308878985258825,2,0.020732,0.06764600000000001,143,0.005,0.133,0.21000000000000002,0,0.0,0.0,0,1,0,0,0,0,
K8_R0.75_T1_H1_N3_S8018_PERIODIC_inprocess,8018,8,0.75,1,1,N3,0.75,20.0,,PERIODIC,inprocess,2cdb9f873fb99a1d59cd80786643896d075dcac7009880a6353effd2d7e977af,5d7ee6294033a0c323c32c4b4670d3f6fddb6d7ce096c5ab8ff0c891827353e1,0.295,0,51,44,2,46,5,90.19607843137256,91.01123595505618,95.0,100.0,87.09677419354838,83.33333333333333,614,13.347826086956522,0,0,0,0,6,0,0,0,0,0,5.8047,3.9393,4169,1048120,351,67,36,0.10884353741496598,2,0.13139,0.086965,31,3.866,9.244,9.709999999999999,0,0.0,0.0,0,1,0,0,0,0,
K8_R0.75_T1_H1_N3_S8018_CENTRAL_inprocess,8018,8,0.75,1,1,N3,0.75,20.0,,CENTRAL,inprocess,2cdb9f873fb99a1d59cd80786643896d075dcac7009880a6353effd2d7e977af,5e9a02481192a5ce3b093130a591e24d91c12e213c75944d5fa5630e6d1b5eaf,0.735,0,51,43,2,45,6,88.23529411764706,86.51685393258427,85.0,83.33333333333333,90.3225806451613,79.16666666666667,548,12.177777777777777,0,0,0,0,4,0,0,0,0,0,6.6358,3.9393,5076,1134694,438,76,41,0.15506862509029617,4,0.544953,0.10124799999999999,127,4.473999999999999,8.193999999999999,14.548,0,0.0,0.0,0,0,0,0,0,0,
K8_R0.75_T1_H1_N3_S8018_CENTRAL_FB_inprocess,8018,8,0.75,1,1,N3,0.75,20.0,,CENTRAL_FB,inprocess,2cdb9f873fb99a1d59cd80786643896d075dcac7009880a6353effd2d7e977af,471bda9645dc44f51b0e8ee711d5224c10c0d90950207f9e662e1a57e2babfd1,0.808,0,51,43,2,45,6,88.23529411764706,86.51685393258427,85.0,83.33333333333333,90.3225806451613,79.16666666666667,548,12.177777777777777,0,0,0,0,4,0,0,0,0,0,6.6358,3.9393,5076,1134685,438,76,41,0.15506862509029617,4,0.594921,0.110939,127,4.685,9.818,13.634,26,0.107,0.47300000000000003,0,0,0,0,0,0,
K8_R0.75_T1_H1_N3_S8018_CENTRAL_FOG_inprocess,8018,8,0.75,1,1,N3,0.75,20.0,,CENTRAL_FOG,inprocess,2cdb9f873fb99a1d59cd80786643896d075dcac7009880a6353effd2d7e977af,a0367ebf2c41b5fe29aa73aee8cf0ac8e59744a406d94a51974ab7c475719879,0.738,0,51,43,2,45,6,88.23529411764706,86.51685393258427,85.0,83.33333333333333,90.3225806451613,79.16666666666667,548,12.177777777777777,0,0,0,0,4,0,0,0,0,0,6.6358,3.9393,5076,1134694,438,76,41,0.15506862509029617,4,0.551038,0.103765,127,4.587,8.321,15.305,0,0.0,0.0,0,0,0,0,0,0,
K8_R0.75_T1_H1_N3_S8018_HYBRID_inprocess,8018,8,0.75,1,1,N3,0.75,20.0,,HYBRID,inprocess,2cdb9f873fb99a1d59cd80786643896d075dcac7009880a6353effd2d7e977af,35ce1dc65034168eb4a2f3b53ea41abe4fc553aa4b1788bd9a53c6dea1cb0a0e,0.752,0,51,43,2,45,6,88.23529411764706,86.51685393258427,85.0,83.33333333333333,90.3225806451613,79.16666666666667,548,12.177777777777777,0,0,0,0,4,0,0,0,0,0,6.6358,3.9393,5076,1134685,438,76,41,0.15506862509029617,4,0.557854,0.104078,127,4.462,8.685,12.421,27,0.12000000000000001,0.5519999999999999,0,0,0,0,0,0,
K16_R0.90_T1_H1_N1_S8018_HYBRID_EAGER_inprocess,8018,16,0.9,1,1,N1,0.98,3.0,,HYBRID_EAGER,inprocess,99b3fbb2273a9217693f119741d7ef364a9b07d43cee82318194e9c390d8f159,f91f80da8a9e94661bbd672b18e93623f2b26946b44ddcb5cfb31f8285f8932f,6.482,0,123,99,4,103,20,83.73983739837398,88.29268292682927,93.02325581395348,93.75,78.75,84.84848484848484,1455,14.12621359223301,0,0,0,0,13,0,0,0,0,0,5.6473,3.8649,13374,2640868,289,147,7,0.030930976687490477,2,5.848122,0.2914370000000001,178,36.398,54.455999999999996,77.53200000000001,30,0.114,0.185,0,0,0,0,0,0,
K8_R0.75_T1_H1_N3_S8018_EDGE_MARKET_inprocess,8018,8,0.75,1,1,N3,0.75,20.0,,EDGE_MARKET,inprocess,2cdb9f873fb99a1d59cd80786643896d075dcac7009880a6353effd2d7e977af,fa50ee2755486281dfe09d6a00594487d22cd6816244265a5686d6bba7e76cfe,0.202,0,51,44,2,46,5,90.19607843137256,89.88764044943821,85.0,100.0,93.54838709677419,87.5,555,12.065217391304348,0,0,0,0,5,0,0,0,0,0,5.9322,3.9393,4206,1089833,399,57,43,0.0972437287085785,2,0.023657,0.11789600000000001,66,0.051,0.098,0.14300000000000002,408,0.43,4.869,0,7,0,0,0,0,
K8_R0.75_T1_H1_N3_S8018_HYBRID_EAGER_inprocess,8018,8,0.75,1,1,N3,0.75,20.0,,HYBRID_EAGER,inprocess,2cdb9f873fb99a1d59cd80786643896d075dcac7009880a6353effd2d7e977af,2a47e838af01791c56e11dbcbd67a84adc9bfafd1ba7a85a14b8877a49ed6cd8,0.723,0,51,44,2,46,5,90.19607843137256,89.88764044943821,85.0,83.33333333333333,93.54838709677419,95.83333333333333,582,12.652173913043478,0,0,0,0,6,0,0,0,0,0,7.1896,3.9393,4986,1124674,460,70,41,0.17968363816114682,4,0.52156,0.114596,126,4.136,8.279,10.247,34,0.13999999999999999,0.5,0,0,0,0,0,0,
K8_R1.05_T1_H1_N3_S8018_STATIC_inprocess,8018,8,1.05,1,1,N3,0.75,20.0,,STATIC,inprocess,bc952091e8b80542cf0a15fa9ee83bf4afa42bee0e3e70bdac8b1c5bcb3ee82a,ffb5b35c0441a4b04c7a56b8a75f9842edc76c8b139c0b99bb2f33a464482157,0.168,0,72,54,1,55,17,76.38888888888889,68.69565217391305,42.857142857142854,25.0,90.19607843137256,78.94736842105263,799,14.527272727272727,0,0,0,0,8,1,1,0,9,4,8.3781,3.864,3868,1078730,316,58,46,0.0931422722620266,2,0.03174,0.07930100000000001,273,0.007,0.164,0.45199999999999996,0,0.0,0.0,0,0,0,0,0,0,
K8_R1.05_T1_H1_N3_S8018_PERIODIC_inprocess,8018,8,1.05,1,1,N3,0.75,20.0,,PERIODIC,inprocess,bc952091e8b80542cf0a15fa9ee83bf4afa42bee0e3e70bdac8b1c5bcb3ee82a,b66b1e74c085a6eb8a20ea6cbfb2c46aebd56cabc3c0553ab5e676157b9873af,0.599,0,72,51,1,52,20,72.22222222222223,76.52173913043478,85.71428571428571,87.5,66.66666666666667,78.94736842105263,806,15.5,0,0,0,0,8,0,0,0,0,0,5.6464,3.864,4436,1162974,389,74,46,0.20177956371986222,4,0.400538,0.105207,31,10.363000000000001,35.392,53.91,0,0.0,0.0,0,1,0,0,0,0,
K8_R1.05_T1_H1_N3_S8018_CENTRAL_inprocess,8018,8,1.05,1,1,N3,0.75,20.0,,CENTRAL,inprocess,bc952091e8b80542cf0a15fa9ee83bf4afa42bee0e3e70bdac8b1c5bcb3ee82a,3873e659f97e731a950aa5c96f92195d9120654ca4217de49c5dfccc44eb1af5,2.125,0,72,56,2,58,14,80.55555555555556,85.21739130434783,95.23809523809524,100.0,74.50980392156863,84.21052631578948,758,13.068965517241379,0,0,0,0,8,0,0,0,0,0,5.6564,3.864,6241,1321019,563,109,51,0.2744768310911809,2,1.868746,0.12175500000000002,173,9.336,27.647000000000002,40.695,0,0.0,0.0,0,0,0,0,0,0,
K8_R1.05_T1_H1_N3_S8018_CENTRAL_FB_inprocess,8018,8,1.05,1,1,N3,0.75,20.0,,CENTRAL_FB,inprocess,bc952091e8b80542cf0a15fa9ee83bf4afa42bee0e3e70bdac8b1c5bcb3ee82a,d79e875f46172f3dbf0f7a760192003f75715b27065858f3b307eed8338930b3,2.306,0,72,55,2,57,15,79.16666666666667,85.21739130434783,95.23809523809524,100.0,72.54901960784314,78.94736842105263,717,12.578947368421053,0,0,0,0,7,0,0,0,0,0,5.6535,3.864,6302,1331122,567,115,51,0.28088235294117647,3,2.043615,0.132576,171,10.262,30.703999999999997,46.5,28,0.524,2.8649999999999998,0,0,0,0,0,0,
K8_R1.05_T1_H1_N3_S8018_CENTRAL_FOG_inprocess,8018,8,1.05,1,1,N3,0.75,20.0,,CENTRAL_FOG,inprocess,bc952091e8b80542cf0a15fa9ee83bf4afa42bee0e3e70bdac8b1c5bcb3ee82a,48b1016f892a686d51415aa1c66709de9a5692c535777889b310e4b3b0f5e8e4,2.306,0,72,56,2,58,14,80.55555555555556,85.21739130434783,95.23809523809524,100.0,74.50980392156863,84.21052631578948,758,13.068965517241379,0,0,0,0,8,0,0,0,0,0,5.6564,3.864,6241,1321019,563,109,51,0.2744768310911809,2,2.058501,0.12713000000000002,173,10.731,29.015,42.415,0,0.0,0.0,0,0,0,0,0,0,
K8_R1.05_T1_H1_N3_S8018_HYBRID_inprocess,8018,8,1.05,1,1,N3,0.75,20.0,,HYBRID,inprocess,bc952091e8b80542cf0a15fa9ee83bf4afa42bee0e3e70bdac8b1c5bcb3ee82a,5149a018e34caa035c2efc8bd89e065bf3421da901d92297c88c85ff2d78fb0c,2.358,0,72,55,2,57,15,79.16666666666667,85.21739130434783,95.23809523809524,100.0,72.54901960784314,78.94736842105263,717,12.578947368421053,0,0,0,0,7,0,0,0,0,0,5.6535,3.864,6302,1331122,567,115,51,0.28088235294117647,3,2.063606,0.131448,171,11.413,29.902,36.466,28,0.757,2.439,0,0,0,0,0,0,
K8_R1.05_T1_H1_N3_S8018_EDGE_MARKET_inprocess,8018,8,1.05,1,1,N3,0.75,20.0,,EDGE_MARKET,inprocess,bc952091e8b80542cf0a15fa9ee83bf4afa42bee0e3e70bdac8b1c5bcb3ee82a,fdb5eb3d76512c1016b91c4fa9b550c7e467bde90fa4bcb7a603afc745266de7,0.384,0,72,52,0,52,20,72.22222222222223,74.78260869565217,76.19047619047619,75.0,70.58823529411765,76.3157894736842,775,14.903846153846153,0,0,0,0,7,0,0,0,0,0,5.6643,3.9034,5077,1329989,442,71,44,0.18491834774255522,2,0.03916,0.262729,128,0.07100000000000001,0.325,0.535,1180,0.507,3.3240000000000003,0,40,0,0,0,0,
K4_R0.90_T1_H1_N3_S8018_STATIC_inprocess,8018,4,0.9,1,1,N3,0.75,20.0,,STATIC,inprocess,048a48233463f1d94e61829f51a0b53721a73e63911361e4f3d4287b96840ab7,0bb0164a5631e0c8ad3bcb64e925ce7e5c16e4cfcea18bf6a1525d506466b1a4,0.096,0,31,20,0,20,11,64.51612903225806,54.90196078431372,18.181818181818183,0.0,90.0,68.75,358,17.9,0,0,0,0,4,0,0,0,0,0,5.659,4.0594,1923,532195,122,19,26,0.05263157894736842,0,0.01645,0.04379399999999999,238,0.006,0.07200000000000001,0.176,0,0.0,0.0,0,4,0,0,0,0,
K4_R0.90_T1_H1_N3_S8018_PERIODIC_inprocess,8018,4,0.9,1,1,N3,0.75,20.0,,PERIODIC,inprocess,048a48233463f1d94e61829f51a0b53721a73e63911361e4f3d4287b96840ab7,4742fce82f78cef33859db23b98e1fc0a32a9bf9fb549addd204ead56b3441ef,0.143,0,31,21,0,21,10,67.74193548387096,74.50980392156863,72.72727272727273,100.0,65.0,62.5,329,15.666666666666666,0,0,0,0,3,0,0,0,0,0,5.647,4.0594,2086,567677,149,30,36,0.11548556430446194,0,0.071851,0.039383,31,1.832,4.825,8.26,0,0.0,0.0,0,0,0,0,0,0,
K4_R0.90_T1_H1_N3_S8018_CENTRAL_inprocess,8018,4,0.9,1,1,N3,0.75,20.0,,CENTRAL,inprocess,048a48233463f1d94e61829f51a0b53721a73e63911361e4f3d4287b96840ab7,161e3b53df1da0e0af3a00cf33330fade669560c773e3ccfce46926938b565e9,0.31,0,31,22,1,23,8,74.19354838709677,76.47058823529412,72.72727272727273,100.0,75.0,62.5,310,13.478260869565217,0,0,0,0,2,0,0,0,0,0,5.6542,4.0594,2302,569174,187,41,41,0.17185697808535177,1,0.222939,0.04718399999999999,81,2.5140000000000002,6.799,8.278,0,0.0,0.0,0,0,0,0,0,0,
K4_R0.90_T1_H1_N3_S8018_CENTRAL_FB_inprocess,8018,4,0.9,1,1,N3,0.75,20.0,,CENTRAL_FB,inprocess,048a48233463f1d94e61829f51a0b53721a73e63911361e4f3d4287b96840ab7,3a771193eb8e58a65f8d1612748b6a1b5c4d37ad3bbb0e8823eb05deb9ea2e58,0.366,0,31,22,1,23,8,74.19354838709677,76.47058823529412,72.72727272727273,100.0,75.0,62.5,310,13.478260869565217,0,0,0,0,2,0,0,0,0,0,5.6542,4.0594,2302,569174,187,41,41,0.17185697808535177,1,0.269062,0.055106999999999996,81,3.1510000000000002,7.794,12.104999999999999,14,0.5569999999999999,0.901,0,0,0,0,0,0,
K8_R1.05_T1_H1_N3_S8018_HYBRID_EAGER_inprocess,8018,8,1.05,1,1,N3,0.75,20.0,,HYBRID_EAGER,inprocess,bc952091e8b80542cf0a15fa9ee83bf4afa42bee0e3e70bdac8b1c5bcb3ee82a,8aeb25b02fac085baae972e56ca1706aed3368de28087287a01a1698cd04f17a,2.185,0,72,56,2,58,14,80.55555555555556,85.21739130434783,90.47619047619048,100.0,76.47058823529412,76.3157894736842,768,13.241379310344827,0,0,0,0,8,0,0,0,0,0,5.6858,3.864,6233,1328817,617,108,51,0.3426797139631163,2,1.932343,0.135677,166,10.167,32.502,41.944,40,0.6589999999999999,3.534,0,0,0,0,0,0,
K4_R0.90_T1_H1_N3_S8018_CENTRAL_FOG_inprocess,8018,4,0.9,1,1,N3,0.75,20.0,,CENTRAL_FOG,inprocess,048a48233463f1d94e61829f51a0b53721a73e63911361e4f3d4287b96840ab7,bd670668af8f14164dec45c17e955671268abe1184d275ac29277d1739a08122,0.368,0,31,22,1,23,8,74.19354838709677,76.47058823529412,72.72727272727273,100.0,75.0,62.5,310,13.478260869565217,0,0,0,0,2,0,0,0,0,0,5.6542,4.0594,2302,569174,187,41,41,0.17185697808535177,1,0.270671,0.051224,81,3.042,8.557,12.257,0,0.0,0.0,0,0,0,0,0,0,
K4_R0.90_T1_H1_N3_S8018_HYBRID_inprocess,8018,4,0.9,1,1,N3,0.75,20.0,,HYBRID,inprocess,048a48233463f1d94e61829f51a0b53721a73e63911361e4f3d4287b96840ab7,5c559e170d8d767db454e01b20f40cbd7f5fd7bd6efc2f4011567ab0d3e2a88d,0.379,0,31,22,1,23,8,74.19354838709677,76.47058823529412,72.72727272727273,100.0,75.0,62.5,310,13.478260869565217,0,0,0,0,2,0,0,0,0,0,5.6542,4.0594,2302,569174,187,41,41,0.17185697808535177,1,0.258137,0.051166,81,2.94,9.199,21.769000000000002,14,0.45199999999999996,0.46799999999999997,0,0,0,0,0,0,
K4_R0.90_T1_H1_N3_S8018_EDGE_MARKET_inprocess,8018,4,0.9,1,1,N3,0.75,20.0,,EDGE_MARKET,inprocess,048a48233463f1d94e61829f51a0b53721a73e63911361e4f3d4287b96840ab7,32581bc7276673b5ca08d2ab7e7ee533253bc109b633cffb1fddce9c1fc734fd,0.13,0,31,23,0,23,8,74.19354838709677,84.31372549019608,100.0,100.0,60.0,75.0,377,16.391304347826086,0,0,0,0,4,0,0,0,0,0,5.6394,4.0594,2187,586661,177,31,33,0.18142414860681114,1,0.014422,0.07556800000000001,75,0.034,0.08399999999999999,0.125,286,0.438,2.69,0,11,0,0,0,0,
K4_R0.90_T1_H1_N3_S8018_HYBRID_EAGER_inprocess,8018,4,0.9,1,1,N3,0.75,20.0,,HYBRID_EAGER,inprocess,048a48233463f1d94e61829f51a0b53721a73e63911361e4f3d4287b96840ab7,5bb3aeeb24fc6f13855584f940bb2c9d9cb232344a8d64ccf3c15084f575bb56,0.308,0,31,22,1,23,8,74.19354838709677,76.47058823529412,72.72727272727273,100.0,75.0,62.5,310,13.478260869565217,0,0,0,0,2,0,0,0,0,0,5.6542,4.0594,2302,569174,187,41,41,0.17185697808535177,1,0.225301,0.047086,81,2.736,6.876,8.129000000000001,23,0.414,0.419,0,0,0,0,0,0,
K16_R0.90_T1_H1_N3_S8018_STATIC_inprocess,8018,16,0.9,1,1,N3,0.75,20.0,,STATIC,inprocess,bb3db7f4435e291f7fe65b4c7b1be56a8967e6eb71931439994d008261d7c323,0e24e5bf9f2cd4631ba7a9579b177c8253e30546923078e67198422cd19d1b47,0.451,0,123,93,4,97,26,78.86178861788618,73.65853658536585,58.13953488372093,43.75,90.0,77.27272727272727,1516,15.628865979381443,0,0,0,0,12,0,0,0,0,0,5.6424,3.8649,7722,2139853,640,130,68,0.17673909074310754,4,0.082541,0.20119700000000001,257,0.014,0.449,0.98,0,0.0,0.0,0,2,0,0,0,0,
K16_R0.90_T1_H1_N3_S8018_PERIODIC_inprocess,8018,16,0.9,1,1,N3,0.75,20.0,,PERIODIC,inprocess,bb3db7f4435e291f7fe65b4c7b1be56a8967e6eb71931439994d008261d7c323,f46b936799716a33c0ab93a36a518fa3a009d109a76835c5a7eafd9ccb16d9aa,1.084,0,123,99,4,103,20,83.73983739837398,88.29268292682927,93.02325581395348,93.75,78.75,84.84848484848484,1497,14.533980582524272,0,0,0,0,11,0,0,0,0,0,5.6702,3.8649,8620,2238823,700,133,70,0.24770642201834864,6,0.654708,0.209912,31,16.871000000000002,44.218,66.50399999999999,0,0.0,0.0,0,0,0,0,0,0,
K16_R0.90_T1_H1_N3_S8018_CENTRAL_inprocess,8018,16,0.9,1,1,N3,0.75,20.0,,CENTRAL,inprocess,bb3db7f4435e291f7fe65b4c7b1be56a8967e6eb71931439994d008261d7c323,2fb52264a98ca7314d33d005fe1eb1b253755c19f50764d181ac83baa136abeb,5.385,0,123,95,5,100,23,81.30081300813008,85.85365853658537,86.04651162790698,100.0,78.75,78.78787878787878,1462,14.62,0,0,0,0,13,0,0,0,0,0,5.6772,3.8649,13797,2699367,1261,232,72,0.3978999487792385,4,4.88415,0.24930899999999995,243,18.548,45.981,63.772999999999996,0,0.0,0.0,0,4,0,0,0,0,
K16_R0.90_T1_H1_N3_S8018_CENTRAL_FB_inprocess,8018,16,0.9,1,1,N3,0.75,20.0,,CENTRAL_FB,inprocess,bb3db7f4435e291f7fe65b4c7b1be56a8967e6eb71931439994d008261d7c323,64b0f6c3c3cb6f395447ae3f68256f49d92f9cd8c2dc3c6634a68c90e797fe8b,5.466,0,123,95,3,98,25,79.67479674796748,85.85365853658537,90.69767441860465,100.0,73.75,78.78787878787878,1535,15.66326530612245,0,0,0,0,10,0,0,0,0,0,5.6748,3.8649,13792,2697283,1272,245,71,0.40744853506449136,3,4.885948,0.26178300000000004,237,18.589000000000002,50.675,77.663,67,0.088,2.4290000000000003,0,0,0,0,0,0,
K16_R0.90_T1_H1_N3_S8018_CENTRAL_FOG_inprocess,8018,16,0.9,1,1,N3,0.75,20.0,,CENTRAL_FOG,inprocess,bb3db7f4435e291f7fe65b4c7b1be56a8967e6eb71931439994d008261d7c323,0733255d8ea00669c20e790024bc740f49e2c8741d46123a3369168c7bdf88f2,5.192,0,123,95,5,100,23,81.30081300813008,85.85365853658537,86.04651162790698,100.0,78.75,78.78787878787878,1462,14.62,0,0,0,0,13,0,0,0,0,0,5.6772,3.8649,13797,2699367,1261,232,72,0.3978999487792385,4,4.656147,0.259636,243,17.073999999999998,45.248,62.364000000000004,0,0.0,0.0,0,4,0,0,0,0,
K16_R0.90_T1_H1_N3_S8018_HYBRID_inprocess,8018,16,0.9,1,1,N3,0.75,20.0,,HYBRID,inprocess,bb3db7f4435e291f7fe65b4c7b1be56a8967e6eb71931439994d008261d7c323,1d5d48edb57129d8c08337efe809a900ec1ed14d0e16b43e00bd56fbb7f352cd,5.377,0,123,95,3,98,25,79.67479674796748,85.85365853658537,90.69767441860465,100.0,73.75,78.78787878787878,1535,15.66326530612245,0,0,0,0,10,0,0,0,0,0,5.6748,3.8649,13792,2697283,1272,245,71,0.40744853506449136,3,4.822383,0.26737800000000006,237,17.261,47.969,66.774,67,0.10500000000000001,2.87,0,0,0,0,0,0,
K16_R0.90_T1_H1_N3_S8018_EDGE_MARKET_inprocess,8018,16,0.9,1,1,N3,0.75,20.0,,EDGE_MARKET,inprocess,bb3db7f4435e291f7fe65b4c7b1be56a8967e6eb71931439994d008261d7c323,4a1cc4a038f56ef015806489c7d5fb1f20303176326e0e50fa459873796500fc,0.805,0,123,92,6,98,25,79.67479674796748,81.95121951219512,81.3953488372093,81.25,78.75,77.27272727272727,1515,15.459183673469388,0,0,0,0,11,0,0,0,0,0,6.6522,3.8649,10007,2616377,845,162,71,0.3108194214349433,5,0.063597,0.5569820000000001,145,0.114,0.323,0.704,2099,0.462,3.476,0,52,0,0,0,0,
K8_R0.75_T1_H1_N1_S8019_STATIC_inprocess,8019,8,0.75,1,1,N1,0.98,3.0,,STATIC,inprocess,c4b028e5897c89c94449388dd17346276e0d2e7c99c541d761ae489de23ef749,4b312a459859acc9b98d4c6fcca098b39f9e6c83cf671a9eb17f6b70eefe3e89,0.203,0,51,47,2,49,2,96.07843137254902,96.34146341463415,100.0,100.0,94.28571428571429,100.0,697,14.224489795918368,0,0,0,0,5,0,0,0,0,0,5.6524,3.896,3854,1046741,69,48,1,0.0018873011593421407,0,0.031464,0.093652,28,0.13899999999999998,0.373,0.479,0,0.0,0.0,0,1,0,0,0,0,
K8_R0.75_T1_H1_N1_S8019_PERIODIC_inprocess,8019,8,0.75,1,1,N1,0.98,3.0,,PERIODIC,inprocess,c4b028e5897c89c94449388dd17346276e0d2e7c99c541d761ae489de23ef749,bd48d5522239b0874c59cb99c14101beab3e57557a565b5187a085ddae860c22,0.325,0,51,46,2,48,3,94.11764705882354,91.46341463414635,87.5,66.66666666666667,97.14285714285714,95.83333333333333,707,14.729166666666666,0,0,0,0,7,0,0,0,0,0,5.6788,3.896,4252,1067516,71,45,7,0.00825643516270034,0,0.167888,0.08575300000000001,31,2.853,15.110999999999999,17.361,0,0.0,0.0,0,1,0,0,0,0,
K8_R0.75_T1_H1_N1_S8019_CENTRAL_inprocess,8019,8,0.75,1,1,N1,0.98,3.0,,CENTRAL,inprocess,c4b028e5897c89c94449388dd17346276e0d2e7c99c541d761ae489de23ef749,73564c9162e7ca5bfeb60523b448692ac4f0ec32e55b5734a90d1985630b6337,0.628,0,51,48,2,50,1,98.03921568627452,97.5609756097561,93.75,100.0,100.0,95.83333333333333,673,13.46,1,1,0,0,5,0,0,0,0,0,5.6636,3.896,4778,1090608,93,38,10,0.017259978425026967,0,0.461467,0.093191,87,3.432,14.552000000000001,22.081,0,0.0,0.0,0,0,0,0,0,0,
K8_R0.75_T1_H1_N1_S8019_CENTRAL_FB_inprocess,8019,8,0.75,1,1,N1,0.98,3.0,,CENTRAL_FB,inprocess,c4b028e5897c89c94449388dd17346276e0d2e7c99c541d761ae489de23ef749,03e94009710e75cc4566663fbe4d0e0c1026cb024989d976afb5af1c04d21920,0.646,0,51,48,2,50,1,98.03921568627452,97.5609756097561,93.75,100.0,100.0,95.83333333333333,673,13.46,1,1,0,0,5,0,0,0,0,0,5.6636,3.896,4778,1090608,93,38,10,0.017259978425026967,0,0.471096,0.083595,87,3.2169999999999996,17.409000000000002,23.446,0,0.0,0.0,0,0,0,0,0,0,
K8_R0.75_T1_H1_N1_S8019_CENTRAL_FOG_inprocess,8019,8,0.75,1,1,N1,0.98,3.0,,CENTRAL_FOG,inprocess,c4b028e5897c89c94449388dd17346276e0d2e7c99c541d761ae489de23ef749,26db4c55ffcd1f46869d36ade049d97b9e2ef437ab660ab99942e835c335b4ea,0.571,0,51,48,2,50,1,98.03921568627452,97.5609756097561,93.75,100.0,100.0,95.83333333333333,673,13.46,1,1,0,0,5,0,0,0,0,0,5.6636,3.896,4778,1090608,93,38,10,0.017259978425026967,0,0.417608,0.07941999999999999,87,3.32,12.382000000000001,20.801,0,0.0,0.0,0,0,0,0,0,0,
K8_R0.75_T1_H1_N1_S8019_HYBRID_inprocess,8019,8,0.75,1,1,N1,0.98,3.0,,HYBRID,inprocess,c4b028e5897c89c94449388dd17346276e0d2e7c99c541d761ae489de23ef749,35f69e1d7be7340bc51a33fab0e756fdd9069f1e0c14e082dc786777dc91ed9d,0.697,0,51,48,2,50,1,98.03921568627452,97.5609756097561,93.75,100.0,100.0,95.83333333333333,673,13.46,1,1,0,0,5,0,0,0,0,0,5.6636,3.896,4778,1090608,93,38,10,0.017259978425026967,0,0.523949,0.090726,87,4.149,16.855999999999998,21.406000000000002,0,0.0,0.0,0,0,0,0,0,0,
K16_R0.90_T1_H1_N3_S8018_HYBRID_EAGER_inprocess,8018,16,0.9,1,1,N3,0.75,20.0,,HYBRID_EAGER,inprocess,bb3db7f4435e291f7fe65b4c7b1be56a8967e6eb71931439994d008261d7c323,522c72b713abba62bf390c913c43b97a40c314ce1cfec67a25402ee20d1ecc39,5.519,0,123,98,5,103,20,83.73983739837398,88.29268292682927,90.69767441860465,100.0,80.0,89.39393939393939,1503,14.592233009708737,0,0,0,0,10,0,0,0,0,0,5.6603,3.8649,13207,2643757,1263,230,72,0.41374943464495706,10,4.972036,0.26871700000000004,229,21.874000000000002,47.184,65.84700000000001,101,0.107,2.3609999999999998,0,0,0,0,0,0,
K8_R0.75_T1_H1_N1_S8019_EDGE_MARKET_inprocess,8019,8,0.75,1,1,N1,0.98,3.0,,EDGE_MARKET,inprocess,c4b028e5897c89c94449388dd17346276e0d2e7c99c541d761ae489de23ef749,79577e9af80781b3ba210019f2b7b5f0e507bd88feee98daa8f29ecffd85823b,0.217,0,51,46,2,48,3,94.11764705882354,93.90243902439025,93.75,83.33333333333333,94.28571428571429,95.83333333333333,734,15.291666666666666,0,0,0,0,5,0,0,0,0,0,5.6814,3.896,4171,1099612,83,36,4,0.005479452054794521,0,0.027231,0.129522,41,0.067,0.12300000000000001,0.14400000000000002,355,0.425,2.803,0,7,0,0,0,0,
K8_R0.75_T1_H1_N1_S8019_HYBRID_EAGER_inprocess,8019,8,0.75,1,1,N1,0.98,3.0,,HYBRID_EAGER,inprocess,c4b028e5897c89c94449388dd17346276e0d2e7c99c541d761ae489de23ef749,155eb07230eb34c86ef8d6f915608925cd587bde40b988042637f1cc0cb1b58b,0.672,0,51,48,2,50,1,98.03921568627452,97.5609756097561,93.75,100.0,100.0,95.83333333333333,673,13.46,1,1,0,0,5,0,0,0,0,0,5.6636,3.896,4778,1090608,93,38,10,0.017259978425026967,0,0.47371,0.09938,87,3.588,14.267999999999999,22.929000000000002,13,0.02,0.052,0,0,0,0,0,0,
K8_R1.05_T1_H1_N1_S8019_STATIC_inprocess,8019,8,1.05,1,1,N1,0.98,3.0,,STATIC,inprocess,bf6e802db5bb8e028456114db0eae40c7ab979f41165d206c65d1ae17e95df95,f034b224f8504291357c126e1e06479d84e2c0dd69e23f0c823766588c5817e5,0.211,0,72,52,3,55,17,76.38888888888889,65.8119658119658,45.0,0.0,88.46153846153847,69.44444444444444,843,15.327272727272728,0,0,0,0,8,0,0,0,0,0,5.6312,3.8949,3873,1052948,75,41,10,0.006179473401397098,0,0.040366,0.092776,203,0.009000000000000001,0.231,0.34900000000000003,0,0.0,0.0,0,2,0,0,0,0,
K8_R1.05_T1_H1_N1_S8019_PERIODIC_inprocess,8019,8,1.05,1,1,N1,0.98,3.0,,PERIODIC,inprocess,bf6e802db5bb8e028456114db0eae40c7ab979f41165d206c65d1ae17e95df95,9207f0fd1dccbf29182d7b76d2955628b5f0dfd530d7df4ab4db277b409e43b7,0.604,0,72,54,2,56,16,77.77777777777777,83.76068376068376,90.0,100.0,73.07692307692308,72.22222222222223,866,15.464285714285714,0,0,0,0,8,0,0,0,0,0,5.6515,3.8949,4410,1114656,92,46,7,0.008924377642085486,0,0.421444,0.09076100000000001,31,11.691999999999998,31.08,41.255,0,0.0,0.0,0,0,0,0,0,0,
K8_R1.05_T1_H1_N1_S8019_CENTRAL_inprocess,8019,8,1.05,1,1,N1,0.98,3.0,,CENTRAL,inprocess,bf6e802db5bb8e028456114db0eae40c7ab979f41165d206c65d1ae17e95df95,45d76b10c140b00557d09100fb2d70803b4fc27424c3d7ab53366aa75950da2b,2.229,0,72,51,3,54,18,75.0,78.63247863247864,85.0,77.77777777777777,71.15384615384616,75.0,906,16.77777777777778,0,0,0,0,8,0,0,0,0,0,5.6202,3.8949,5867,1228012,116,48,11,0.027564549895324496,0,2.011314,0.104164,124,15.773,34.407000000000004,41.695,0,0.0,0.0,0,0,0,0,0,0,
K8_R1.05_T1_H1_N1_S8019_CENTRAL_FB_inprocess,8019,8,1.05,1,1,N1,0.98,3.0,,CENTRAL_FB,inprocess,bf6e802db5bb8e028456114db0eae40c7ab979f41165d206c65d1ae17e95df95,8a40f4b48c727d8a7da1fa691709c185cc80b01765a6313cb43fdab540e2e9f9,2.258,0,72,51,3,54,18,75.0,78.63247863247864,85.0,77.77777777777777,71.15384615384616,75.0,906,16.77777777777778,0,0,0,0,8,0,0,0,0,0,5.6202,3.8949,5867,1228012,116,48,11,0.027564549895324496,0,2.002017,0.115469,124,16.692,31.288000000000004,47.762,0,0.0,0.0,0,0,0,0,0,0,
K8_R1.05_T1_H1_N1_S8019_CENTRAL_FOG_inprocess,8019,8,1.05,1,1,N1,0.98,3.0,,CENTRAL_FOG,inprocess,bf6e802db5bb8e028456114db0eae40c7ab979f41165d206c65d1ae17e95df95,76323efd58abf3dc0775b9c6e3b0aafa18e410f6d1d1416225f60c99d319ab3f,2.06,0,72,51,3,54,18,75.0,78.63247863247864,85.0,77.77777777777777,71.15384615384616,75.0,906,16.77777777777778,0,0,0,0,8,0,0,0,0,0,5.6202,3.8949,5867,1228012,116,48,11,0.027564549895324496,0,1.847114,0.10427,124,13.860000000000001,31.038,40.641999999999996,0,0.0,0.0,0,0,0,0,0,0,
K8_R1.05_T1_H1_N1_S8019_HYBRID_inprocess,8019,8,1.05,1,1,N1,0.98,3.0,,HYBRID,inprocess,bf6e802db5bb8e028456114db0eae40c7ab979f41165d206c65d1ae17e95df95,4b806765eee12d29cf7839b379f43cba32531d9299ffacb9171f287e00846e6b,2.164,0,72,51,3,54,18,75.0,78.63247863247864,85.0,77.77777777777777,71.15384615384616,75.0,906,16.77777777777778,0,0,0,0,8,0,0,0,0,0,5.6202,3.8949,5867,1228012,116,48,11,0.027564549895324496,0,1.924518,0.1123,124,13.802,32.802,44.373000000000005,0,0.0,0.0,0,0,0,0,0,0,
K8_R1.05_T1_H1_N1_S8019_EDGE_MARKET_inprocess,8019,8,1.05,1,1,N1,0.98,3.0,,EDGE_MARKET,inprocess,bf6e802db5bb8e028456114db0eae40c7ab979f41165d206c65d1ae17e95df95,f144cd6ddf6e9b3eb911e8d29f2e7a133444690fbe8938b607a43ecbf467eaa8,0.4,0,72,51,3,54,18,75.0,80.34188034188034,85.0,100.0,71.15384615384616,66.66666666666667,849,15.722222222222221,0,0,0,0,6,0,0,0,0,0,5.6507,3.8949,5207,1358542,97,55,11,0.01932938856015779,0,0.041942,0.268384,121,0.068,0.31,0.601,1305,0.509,3.8310000000000004,0,34,0,0,0,0,
K4_R0.90_T1_H1_N1_S8019_STATIC_inprocess,8019,4,0.9,1,1,N1,0.98,3.0,,STATIC,inprocess,973df6e91546aeeb4d72ec54008918d81023ce6fe8c3ddc3e292d69cf853187d,6da0007f3a51f71777ae05512d8eddf6ec6593eea516980e93bfe34920362a64,0.088,0,31,28,0,28,3,90.3225806451613,88.23529411764706,62.5,100.0,100.0,93.75,358,12.785714285714286,0,0,0,0,4,0,0,0,0,0,5.6648,3.9408,1935,542855,34,14,1,0.0010775862068965517,0,0.015505,0.041247,107,0.005,0.07100000000000001,0.152,0,0.0,0.0,0,1,0,0,0,0,
K4_R0.90_T1_H1_N1_S8019_PERIODIC_inprocess,8019,4,0.9,1,1,N1,0.98,3.0,,PERIODIC,inprocess,973df6e91546aeeb4d72ec54008918d81023ce6fe8c3ddc3e292d69cf853187d,2afe9cb35d10b686c98d09d9804cf23938fbe395eac6051cee67382b3050ea03,0.17,0,31,28,1,29,2,93.54838709677419,96.07843137254902,100.0,100.0,91.30434782608695,93.75,387,13.344827586206897,20,20,0,0,4,0,0,0,0,0,5.656,3.9408,2148,559344,44,14,8,0.007263922518159807,0,0.082185,0.048464,31,1.89,5.227,6.758,0,0.0,0.0,0,0,0,0,0,0,
K4_R0.90_T1_H1_N1_S8019_CENTRAL_inprocess,8019,4,0.9,1,1,N1,0.98,3.0,,CENTRAL,inprocess,973df6e91546aeeb4d72ec54008918d81023ce6fe8c3ddc3e292d69cf853187d,1ab5fa86490739df39c445bf97b9ce35d9c3c990c2eb0e975bfb4c4d28594439,0.272,0,31,27,1,28,3,90.3225806451613,90.19607843137256,87.5,100.0,91.30434782608695,87.5,334,11.928571428571429,0,0,0,0,3,0,0,0,0,0,5.6354,3.9408,2314,575474,47,19,9,0.012096774193548387,0,0.16851,0.053459999999999994,62,2.267,6.413,7.173,0,0.0,0.0,0,0,0,0,0,0,
K4_R0.90_T1_H1_N1_S8019_CENTRAL_FB_inprocess,8019,4,0.9,1,1,N1,0.98,3.0,,CENTRAL_FB,inprocess,973df6e91546aeeb4d72ec54008918d81023ce6fe8c3ddc3e292d69cf853187d,a8201e4d8ed62184e72dfc077071539fd1edaa0ab399a3ac537c3049ccb1b5ff,0.263,0,31,27,1,28,3,90.3225806451613,90.19607843137256,87.5,100.0,91.30434782608695,87.5,334,11.928571428571429,0,0,0,0,3,0,0,0,0,0,5.6354,3.9408,2314,575474,47,19,9,0.012096774193548387,0,0.157635,0.0514,62,1.929,6.111,11.129,0,0.0,0.0,0,0,0,0,0,0,
K4_R0.90_T1_H1_N1_S8019_CENTRAL_FOG_inprocess,8019,4,0.9,1,1,N1,0.98,3.0,,CENTRAL_FOG,inprocess,973df6e91546aeeb4d72ec54008918d81023ce6fe8c3ddc3e292d69cf853187d,77e573872538c323ba18f583bd7f6dd0b9c9e1af9bc2cb2ff0fde2889595eb15,0.247,0,31,27,1,28,3,90.3225806451613,90.19607843137256,87.5,100.0,91.30434782608695,87.5,334,11.928571428571429,0,0,0,0,3,0,0,0,0,0,5.6354,3.9408,2314,575474,47,19,9,0.012096774193548387,0,0.159814,0.050035,62,1.9480000000000002,6.132000000000001,7.139,0,0.0,0.0,0,0,0,0,0,0,
K8_R1.05_T1_H1_N1_S8019_HYBRID_EAGER_inprocess,8019,8,1.05,1,1,N1,0.98,3.0,,HYBRID_EAGER,inprocess,bf6e802db5bb8e028456114db0eae40c7ab979f41165d206c65d1ae17e95df95,9ad7048bc77e1ce71e804601bffd2a78d0a0dc3d901c1bd9bab152eab104cdad,2.36,0,72,53,1,54,18,75.0,78.63247863247864,90.0,88.88888888888889,69.23076923076923,77.77777777777777,844,15.62962962962963,10,10,0,0,8,0,0,0,0,0,5.6446,3.8949,6094,1250314,110,52,5,0.022322927156764014,0,2.140585,0.113407,129,16.455000000000002,29.661,38.882,13,0.112,0.118,0,0,0,0,0,0,
K4_R0.90_T1_H1_N1_S8019_HYBRID_inprocess,8019,4,0.9,1,1,N1,0.98,3.0,,HYBRID,inprocess,973df6e91546aeeb4d72ec54008918d81023ce6fe8c3ddc3e292d69cf853187d,69433f6c32b067ed10ade5e88754205b0c5490184e56f749499a83cf74ff22fc,0.271,0,31,27,1,28,3,90.3225806451613,90.19607843137256,87.5,100.0,91.30434782608695,87.5,334,11.928571428571429,0,0,0,0,3,0,0,0,0,0,5.6354,3.9408,2314,575474,47,19,9,0.012096774193548387,0,0.176202,0.052901,62,1.906,7.01,14.87,0,0.0,0.0,0,0,0,0,0,0,
K4_R0.90_T1_H1_N1_S8019_EDGE_MARKET_inprocess,8019,4,0.9,1,1,N1,0.98,3.0,,EDGE_MARKET,inprocess,973df6e91546aeeb4d72ec54008918d81023ce6fe8c3ddc3e292d69cf853187d,b087687801a45c51aece9951e0b1adb5b9936e1edea2a975daee044d27d41438,0.124,0,31,27,0,27,4,87.09677419354838,86.27450980392157,75.0,100.0,91.30434782608695,81.25,346,12.814814814814815,0,0,0,0,3,0,0,0,0,0,5.6648,3.9408,2050,563984,27,26,1,0.0010111223458038423,0,0.016984,0.065639,44,0.036000000000000004,0.062,0.081,167,0.451,3.052,0,4,0,0,0,0,
K4_R0.90_T1_H1_N1_S8019_HYBRID_EAGER_inprocess,8019,4,0.9,1,1,N1,0.98,3.0,,HYBRID_EAGER,inprocess,973df6e91546aeeb4d72ec54008918d81023ce6fe8c3ddc3e292d69cf853187d,96b0f957e7286412f99993ae874712cd54b628a09d386d2ec930cf94249a0a6a,0.24,0,31,27,1,28,3,90.3225806451613,90.19607843137256,87.5,100.0,91.30434782608695,87.5,334,11.928571428571429,0,0,0,0,3,0,0,0,0,0,5.6354,3.9408,2314,575441,47,19,9,0.012096774193548387,0,0.144548,0.05127,62,1.711,5.152,9.201,9,0.083,0.083,0,0,0,0,0,0,
K16_R0.90_T1_H1_N1_S8019_STATIC_inprocess,8019,16,0.9,1,1,N1,0.98,3.0,,STATIC,inprocess,890672b4ac202a8417939078145aade6cd001c32d156e5a9d9e77ffde29676d9,09d8c85928c7e1d21ec6e90b7c76fb2bbfb7838ecc11639e6e9c099b984e6d53,0.505,0,123,94,4,98,25,79.67479674796748,74.75247524752476,63.63636363636363,43.75,88.60759493670886,80.3030303030303,1496,15.26530612244898,0,0,0,0,13,0,0,0,0,0,6.4868,3.8606,7726,2223474,157,85,7,0.0030947255113024756,0,0.091069,0.21118199999999998,198,0.011,0.5569999999999999,0.8899999999999999,0,0.0,0.0,0,1,0,0,0,0,
K16_R0.90_T1_H1_N1_S8019_PERIODIC_inprocess,8019,16,0.9,1,1,N1,0.98,3.0,,PERIODIC,inprocess,890672b4ac202a8417939078145aade6cd001c32d156e5a9d9e77ffde29676d9,2a4048f38295894b487583a04dab43da6177f9c77448b022ab01e8a8f66b5122,1.23,0,123,93,4,97,26,78.86178861788618,81.68316831683168,84.0909090909091,93.75,75.9493670886076,74.24242424242425,1612,16.61855670103093,0,0,0,0,14,0,0,0,0,0,5.6751,3.8606,8821,2339652,156,91,7,0.007472270869819031,2,0.791961,0.21761100000000003,31,28.608,53.48,57.94,0,0.0,0.0,0,0,0,0,0,0,
K16_R0.90_T1_H1_N1_S8019_CENTRAL_inprocess,8019,16,0.9,1,1,N1,0.98,3.0,,CENTRAL,inprocess,890672b4ac202a8417939078145aade6cd001c32d156e5a9d9e77ffde29676d9,af2bb8975f1aa6785dc81600889465ea6ca3e102da58e7d78b80410312938e37,5.716,0,123,92,5,97,26,78.86178861788618,81.18811881188118,84.0909090909091,87.5,75.9493670886076,74.24242424242425,1644,16.948453608247423,0,0,0,0,14,0,0,0,0,0,5.6656,3.8606,12627,2635640,238,145,18,0.024661508704061894,1,5.050217,0.25359800000000005,174,28.877,55.178,74.11099999999999,0,0.0,0.0,0,0,0,0,0,0,
K16_R0.90_T1_H1_N1_S8019_CENTRAL_FB_inprocess,8019,16,0.9,1,1,N1,0.98,3.0,,CENTRAL_FB,inprocess,890672b4ac202a8417939078145aade6cd001c32d156e5a9d9e77ffde29676d9,4ce334b39ca0109d00213a628cf0332671b03481ba6f9a1745e497c7eb32e00d,6.09,0,123,92,5,97,26,78.86178861788618,81.18811881188118,84.0909090909091,87.5,75.9493670886076,74.24242424242425,1644,16.948453608247423,0,0,0,0,14,0,0,0,0,0,5.6656,3.8606,12627,2635640,238,145,18,0.024661508704061894,1,5.526218,0.268198,174,30.851,58.576,75.867,1,0.018000000000000002,0.018000000000000002,0,0,0,0,0,0,
K16_R0.90_T1_H1_N1_S8019_CENTRAL_FOG_inprocess,8019,16,0.9,1,1,N1,0.98,3.0,,CENTRAL_FOG,inprocess,890672b4ac202a8417939078145aade6cd001c32d156e5a9d9e77ffde29676d9,c005485ef53c981181028c67b503f92270a8dbef7e6096b4a0ac6576d5d675b5,5.433,0,123,92,5,97,26,78.86178861788618,81.18811881188118,84.0909090909091,87.5,75.9493670886076,74.24242424242425,1644,16.948453608247423,0,0,0,0,14,0,0,0,0,0,5.6656,3.8606,12627,2635640,238,145,18,0.024661508704061894,1,4.879717,0.235458,174,27.381,51.795,63.37,0,0.0,0.0,0,0,0,0,0,0,
K16_R0.90_T1_H1_N1_S8019_HYBRID_inprocess,8019,16,0.9,1,1,N1,0.98,3.0,,HYBRID,inprocess,890672b4ac202a8417939078145aade6cd001c32d156e5a9d9e77ffde29676d9,4439f06b5c9b5dc6c2417b5c0242b59feb1bac5c3d235cbe702337f22bddf3f7,5.736,0,123,92,5,97,26,78.86178861788618,81.18811881188118,84.0909090909091,87.5,75.9493670886076,74.24242424242425,1644,16.948453608247423,0,0,0,0,14,0,0,0,0,0,5.6656,3.8606,12627,2635640,238,145,18,0.024661508704061894,1,5.167095,0.271654,174,29.673000000000002,53.855,67.995,1,0.014,0.014,0,0,0,0,0,0,
K16_R0.90_T1_H1_N1_S8019_EDGE_MARKET_inprocess,8019,16,0.9,1,1,N1,0.98,3.0,,EDGE_MARKET,inprocess,890672b4ac202a8417939078145aade6cd001c32d156e5a9d9e77ffde29676d9,91daee7e483b20487cfc1497cf26ebc9a3cb2574bb078575ecc1d2af0c59fc52,1.071,0,123,90,5,95,28,77.23577235772358,78.21782178217822,79.54545454545455,75.0,75.9493670886076,72.72727272727273,1641,17.273684210526316,0,0,0,0,14,0,0,0,0,0,5.674,3.8606,11755,3015552,207,107,11,0.0209669034829319,2,0.099249,0.7436109999999999,190,0.15100000000000002,0.525,0.9560000000000001,3717,0.48500000000000004,5.144,0,69,0,0,0,0,
K8_R0.75_T1_H1_N3_S8019_STATIC_inprocess,8019,8,0.75,1,1,N3,0.75,20.0,,STATIC,inprocess,e08307069d715444605083ac01e18b91f2749e9dee5ae3082f94a9a1dec16694,a20f5fc65a362f9b8fa03d1c7744d70ab16a7dbb7a041872b4f982d92c0ae1ce,0.174,0,51,44,2,46,5,90.19607843137256,86.58536585365853,81.25,66.66666666666667,94.28571428571429,100.0,662,14.391304347826088,0,0,0,0,5,0,0,0,0,0,5.6561,3.896,3851,1013338,343,56,45,0.11985559566787003,2,0.024513,0.08829999999999999,99,0.007,0.18100000000000002,0.332,0,0.0,0.0,0,1,0,0,0,0,
K8_R0.75_T1_H1_N3_S8019_PERIODIC_inprocess,8019,8,0.75,1,1,N3,0.75,20.0,,PERIODIC,inprocess,e08307069d715444605083ac01e18b91f2749e9dee5ae3082f94a9a1dec16694,2a2cb7bc448ec4414d36d01c9e817811b6fdcb43aff947c35893508a6fd205ec,0.283,0,51,44,2,46,5,90.19607843137256,87.8048780487805,81.25,66.66666666666667,94.28571428571429,95.83333333333333,671,14.58695652173913,0,0,0,0,3,0,0,0,0,0,5.6768,3.896,4176,1048383,346,61,50,0.14317673378076062,1,0.130057,0.090649,31,2.847,9.287,10.474,0,0.0,0.0,0,0,0,0,0,0,
K8_R0.75_T1_H1_N3_S8019_CENTRAL_inprocess,8019,8,0.75,1,1,N3,0.75,20.0,,CENTRAL,inprocess,e08307069d715444605083ac01e18b91f2749e9dee5ae3082f94a9a1dec16694,29e9b1cb88950d8f21b2187a63edcce92f133d40845a56241d85416e94aafcd3,0.533,0,51,46,2,48,3,94.11764705882354,95.1219512195122,100.0,100.0,91.42857142857143,100.0,654,13.625,0,0,0,0,5,0,0,0,0,0,5.6325,3.896,5038,1109878,442,86,48,0.24073613528972893,4,0.387396,0.082574,123,2.1189999999999998,9.532,13.064,0,0.0,0.0,0,0,0,0,0,0,
K8_R0.75_T1_H1_N3_S8019_CENTRAL_FB_inprocess,8019,8,0.75,1,1,N3,0.75,20.0,,CENTRAL_FB,inprocess,e08307069d715444605083ac01e18b91f2749e9dee5ae3082f94a9a1dec16694,7af4ea35d68bdcef87a0c9fb21bf854b379c3feb5bb2eed752986c4f5ceb68e5,0.631,0,51,46,2,48,3,94.11764705882354,95.1219512195122,100.0,100.0,91.42857142857143,100.0,654,13.625,0,0,0,0,5,0,0,0,0,0,5.6325,3.896,5038,1109878,442,86,48,0.24073613528972893,4,0.43855,0.10167600000000002,123,2.6519999999999997,9.898,12.334,28,0.047,0.102,0,0,0,0,0,0,
K8_R0.75_T1_H1_N3_S8019_CENTRAL_FOG_inprocess,8019,8,0.75,1,1,N3,0.75,20.0,,CENTRAL_FOG,inprocess,e08307069d715444605083ac01e18b91f2749e9dee5ae3082f94a9a1dec16694,49161823f7bd87bfccb203d2cf1dd8c77332290030ae93cfa24601fc3e0506a2,0.555,0,51,46,2,48,3,94.11764705882354,95.1219512195122,100.0,100.0,91.42857142857143,100.0,654,13.625,0,0,0,0,5,0,0,0,0,0,5.6325,3.896,5038,1109878,442,86,48,0.24073613528972893,4,0.394797,0.091685,123,2.2569999999999997,8.691,18.397,0,0.0,0.0,0,0,0,0,0,0,
K8_R0.75_T1_H1_N3_S8019_HYBRID_inprocess,8019,8,0.75,1,1,N3,0.75,20.0,,HYBRID,inprocess,e08307069d715444605083ac01e18b91f2749e9dee5ae3082f94a9a1dec16694,d90b715adb08492453ea162a726ea5df822213e129c72d3f52b511b32d03c91d,0.612,0,51,46,2,48,3,94.11764705882354,95.1219512195122,100.0,100.0,91.42857142857143,100.0,654,13.625,0,0,0,0,5,0,0,0,0,0,5.6325,3.896,5038,1109878,442,86,48,0.24073613528972893,4,0.436833,0.10143199999999998,123,2.529,9.959000000000001,13.831,28,0.041,0.089,0,0,0,0,0,0,
K16_R0.90_T1_H1_N1_S8019_HYBRID_EAGER_inprocess,8019,16,0.9,1,1,N1,0.98,3.0,,HYBRID_EAGER,inprocess,890672b4ac202a8417939078145aade6cd001c32d156e5a9d9e77ffde29676d9,da063e9b6e2563e10a0c26dce2372ca18bc212fb7b2a7a32de32599e4fa85013,5.531,0,123,93,5,98,25,79.67479674796748,82.67326732673267,86.36363636363636,93.75,75.9493670886076,74.24242424242425,1618,16.510204081632654,2,2,0,0,12,0,0,0,0,0,6.9309,3.8606,12476,2635206,250,139,18,0.02443609022556391,0,4.979529,0.256525,173,31.635999999999996,48.696999999999996,71.40599999999999,35,0.052,0.097,0,0,0,0,0,0,
K8_R0.75_T1_H1_N3_S8019_EDGE_MARKET_inprocess,8019,8,0.75,1,1,N3,0.75,20.0,,EDGE_MARKET,inprocess,e08307069d715444605083ac01e18b91f2749e9dee5ae3082f94a9a1dec16694,bd4e89b7d87cf7648285d248a7b24b3669b9cc691adf567e98acbbf03f2272ed,0.215,0,51,45,2,47,4,92.15686274509804,90.2439024390244,87.5,66.66666666666667,94.28571428571429,91.66666666666667,784,16.680851063829788,3,3,0,0,6,0,0,0,0,0,5.6814,3.896,4142,1079295,321,72,46,0.1539452495974235,1,0.024365,0.12936999999999999,51,0.049,0.116,0.158,341,0.434,2.355,0,9,0,0,0,0,
K8_R1.05_T1_H1_N3_S8019_STATIC_inprocess,8019,8,1.05,1,1,N3,0.75,20.0,,STATIC,inprocess,004d2b1fd5e749a5bb5da704bde620cebad9d27049def9cf29748e999d7b00ce,e54fcf6aff37c7a9077b6b0a8e90e4463c6cf2e1e4228fa04a75e968869b4f4e,0.162,0,72,54,1,55,17,76.38888888888889,66.66666666666667,40.0,22.22222222222222,90.38461538461539,63.888888888888886,839,15.254545454545454,0,0,0,0,8,0,0,0,0,0,5.6312,3.8949,3870,1068653,302,66,67,0.1899717514124294,1,0.02906,0.07438899999999998,213,0.007,0.17,0.245,0,0.0,0.0,0,0,0,0,0,0,
K8_R0.75_T1_H1_N3_S8019_HYBRID_EAGER_inprocess,8019,8,0.75,1,1,N3,0.75,20.0,,HYBRID_EAGER,inprocess,e08307069d715444605083ac01e18b91f2749e9dee5ae3082f94a9a1dec16694,9300510b411d807e9381fe3148ed1d8c7773d81084e0c8e251f882f2776babef,0.639,0,51,46,2,48,3,94.11764705882354,95.1219512195122,100.0,100.0,91.42857142857143,100.0,654,13.625,0,0,0,0,5,0,0,0,0,0,5.6325,3.896,5038,1109875,442,86,48,0.24073613528972893,4,0.450207,0.109572,123,2.3939999999999997,11.596,16.145,42,0.043000000000000003,3.4610000000000003,0,0,0,0,0,0,
K8_R1.05_T1_H1_N3_S8019_PERIODIC_inprocess,8019,8,1.05,1,1,N3,0.75,20.0,,PERIODIC,inprocess,004d2b1fd5e749a5bb5da704bde620cebad9d27049def9cf29748e999d7b00ce,4141b36f68c17a85fbe506939f4217b36bc81bac037cab9718de19e051b41d16,0.518,0,72,52,2,54,18,75.0,77.77777777777777,75.0,77.77777777777777,75.0,69.44444444444444,892,16.51851851851852,0,0,0,0,8,0,0,0,0,0,5.6125,3.8949,4304,1113727,413,76,67,0.19510684422421803,1,0.340104,0.093489,31,7.5760000000000005,26.363,41.276,0,0.0,0.0,0,0,0,0,0,0,
K8_R1.05_T1_H1_N3_S8019_CENTRAL_inprocess,8019,8,1.05,1,1,N3,0.75,20.0,,CENTRAL,inprocess,004d2b1fd5e749a5bb5da704bde620cebad9d27049def9cf29748e999d7b00ce,d29596efe343e838c12fc66aef987f9108a56d20e8d0aca6dee2b9ee53b49174,2.085,0,72,53,2,55,17,76.38888888888889,82.05128205128206,85.0,100.0,73.07692307692308,72.22222222222223,856,15.563636363636364,0,0,0,0,7,0,0,0,0,0,5.7133,3.8949,6354,1284567,623,100,74,0.34041353383458645,3,1.861732,0.12104600000000001,155,11.769,28.217,38.726,0,0.0,0.0,0,1,0,0,0,0,
K8_R1.05_T1_H1_N3_S8019_CENTRAL_FB_inprocess,8019,8,1.05,1,1,N3,0.75,20.0,,CENTRAL_FB,inprocess,004d2b1fd5e749a5bb5da704bde620cebad9d27049def9cf29748e999d7b00ce,e98f24e43c2baf1dd4f54ce1160f5346192e733d96f003d9a57db39df9d0d1c8,1.831,0,72,54,3,57,15,79.16666666666667,85.47008547008546,90.0,100.0,75.0,77.77777777777777,865,15.175438596491228,0,0,0,0,6,0,0,0,0,0,6.752,3.8949,6376,1286282,627,89,74,0.33395766997565085,3,1.631937,0.106241,156,9.725,26.065,35.086,27,0.472,2.2439999999999998,0,1,0,0,0,0,
K8_R1.05_T1_H1_N3_S8019_HYBRID_inprocess,8019,8,1.05,1,1,N3,0.75,20.0,,HYBRID,inprocess,004d2b1fd5e749a5bb5da704bde620cebad9d27049def9cf29748e999d7b00ce,c57dabbbd1c6948e100f241b1ad1d702e0c0024def8ef52130121e9eb464a049,1.894,0,72,54,3,57,15,79.16666666666667,85.47008547008546,90.0,100.0,75.0,77.77777777777777,865,15.175438596491228,0,0,0,0,6,0,0,0,0,0,6.752,3.8949,6376,1286282,627,89,74,0.33395766997565085,3,1.668172,0.11263500000000001,156,10.267,24.839,38.862,28,0.562,3.307,0,1,0,0,0,0,
K8_R1.05_T1_H1_N3_S8019_CENTRAL_FOG_inprocess,8019,8,1.05,1,1,N3,0.75,20.0,,CENTRAL_FOG,inprocess,004d2b1fd5e749a5bb5da704bde620cebad9d27049def9cf29748e999d7b00ce,899c330c745ffb2a2354c6dad320e7b318eb2ca1434d26a8d8b78046018e6956,2.019,0,72,53,2,55,17,76.38888888888889,82.05128205128206,85.0,100.0,73.07692307692308,72.22222222222223,856,15.563636363636364,0,0,0,0,7,0,0,0,0,0,5.7133,3.8949,6354,1284567,623,100,74,0.34041353383458645,3,1.801546,0.11001899999999999,155,10.831,27.502,37.763,0,0.0,0.0,0,1,0,0,0,0,
K8_R1.05_T1_H1_N3_S8019_EDGE_MARKET_inprocess,8019,8,1.05,1,1,N3,0.75,20.0,,EDGE_MARKET,inprocess,004d2b1fd5e749a5bb5da704bde620cebad9d27049def9cf29748e999d7b00ce,19dfd3e7b91484817363217a5ce11cbb52c9eec6cf7383b99fb1527dcb99a409,0.403,0,72,53,3,56,16,77.77777777777777,83.76068376068376,90.0,100.0,73.07692307692308,72.22222222222223,869,15.517857142857142,0,0,0,0,8,0,0,0,0,0,5.6512,3.8949,4979,1318523,459,102,67,0.29848101265822785,1,0.040313,0.278658,140,0.059,0.328,0.499,1126,0.507,4.823,0,31,0,0,0,0,
K4_R0.90_T1_H1_N3_S8019_STATIC_inprocess,8019,4,0.9,1,1,N3,0.75,20.0,,STATIC,inprocess,b2f51db4b61e29c414e3eb7c19f760540470f7f409fbf3a235f93edc9a77b673,e073146aad1b146ad261bb44b9b722295ed35a40d7a63f2fe5697c66d00f5d97,0.104,0,31,26,0,26,5,83.87096774193549,78.43137254901961,62.5,0.0,91.30434782608695,87.5,366,14.076923076923077,14,14,0,0,4,0,0,0,0,0,5.6556,3.9028,1932,542401,180,28,54,0.08671328671328671,1,0.015405,0.047848,124,0.006,0.092,0.229,0,0.0,0.0,0,1,0,0,0,0,
K4_R0.90_T1_H1_N3_S8019_PERIODIC_inprocess,8019,4,0.9,1,1,N3,0.75,20.0,,PERIODIC,inprocess,b2f51db4b61e29c414e3eb7c19f760540470f7f409fbf3a235f93edc9a77b673,040782072cf9f248802520290b6fc988b73bb750e358f470fa8febed91020150,0.182,0,31,27,1,28,3,90.3225806451613,88.23529411764706,75.0,100.0,95.65217391304348,93.75,396,14.142857142857142,0,0,0,0,4,0,0,0,0,0,5.6428,3.9028,2128,571639,185,35,54,0.1787878787878788,3,0.078752,0.051329999999999994,31,1.96,5.751,10.471,0,0.0,0.0,0,0,0,0,0,0,
K4_R0.90_T1_H1_N3_S8019_CENTRAL_inprocess,8019,4,0.9,1,1,N3,0.75,20.0,,CENTRAL,inprocess,b2f51db4b61e29c414e3eb7c19f760540470f7f409fbf3a235f93edc9a77b673,a56b899a26102b20754cb59a3d7d739021ec6b6c90106417bc14f95522501c69,0.248,0,31,28,1,29,2,93.54838709677419,94.11764705882354,100.0,100.0,91.30434782608695,87.5,345,11.89655172413793,0,0,0,0,3,0,0,0,0,0,5.63,3.9028,2390,558586,244,40,54,0.16807165437302424,3,0.165205,0.045493,81,1.3179999999999998,4.804,10.281,0,0.0,0.0,0,0,0,0,0,0,
K4_R0.90_T1_H1_N3_S8019_CENTRAL_FB_inprocess,8019,4,0.9,1,1,N3,0.75,20.0,,CENTRAL_FB,inprocess,b2f51db4b61e29c414e3eb7c19f760540470f7f409fbf3a235f93edc9a77b673,450fa8e7f815c2b8a0a2873febd3a969d4a20a3e300cce28b0dcce8e6fa5ad2d,0.208,0,31,28,1,29,2,93.54838709677419,94.11764705882354,100.0,100.0,91.30434782608695,87.5,345,11.89655172413793,0,0,0,0,3,0,0,0,0,0,5.63,3.9028,2390,558586,244,40,54,0.16807165437302424,3,0.13156,0.042257,81,1.3470000000000002,3.649,5.308,12,0.081,0.08600000000000001,0,0,0,0,0,0,
K4_R0.90_T1_H1_N3_S8019_CENTRAL_FOG_inprocess,8019,4,0.9,1,1,N3,0.75,20.0,,CENTRAL_FOG,inprocess,b2f51db4b61e29c414e3eb7c19f760540470f7f409fbf3a235f93edc9a77b673,73bb309a3d8a92622acc5f1a5f6c4ed0000cdda70a0be61f7e137dc7a4e883a7,0.244,0,31,28,1,29,2,93.54838709677419,94.11764705882354,100.0,100.0,91.30434782608695,87.5,345,11.89655172413793,0,0,0,0,3,0,0,0,0,0,5.63,3.9028,2390,558586,244,40,54,0.16807165437302424,3,0.142158,0.046575,81,1.545,5.443,6.79,0,0.0,0.0,0,0,0,0,0,0,
K4_R0.90_T1_H1_N3_S8019_HYBRID_inprocess,8019,4,0.9,1,1,N3,0.75,20.0,,HYBRID,inprocess,b2f51db4b61e29c414e3eb7c19f760540470f7f409fbf3a235f93edc9a77b673,9473084a4c350cbd09de8ed36bf0c17ce8908c9fd647e46d66dc92c041af4efc,0.255,0,31,28,1,29,2,93.54838709677419,94.11764705882354,100.0,100.0,91.30434782608695,87.5,345,11.89655172413793,0,0,0,0,3,0,0,0,0,0,5.63,3.9028,2390,558586,244,40,54,0.16807165437302424,3,0.163498,0.052039999999999996,81,1.719,4.155,6.505000000000001,12,0.1,0.124,0,0,0,0,0,0,
K4_R0.90_T1_H1_N3_S8019_HYBRID_EAGER_inprocess,8019,4,0.9,1,1,N3,0.75,20.0,,HYBRID_EAGER,inprocess,b2f51db4b61e29c414e3eb7c19f760540470f7f409fbf3a235f93edc9a77b673,09b6c27c1d31ebdaa24b44247cfba807ee058ca9e94bd20b826c8b2cfebb4691,0.227,0,31,28,1,29,2,93.54838709677419,94.11764705882354,100.0,100.0,91.30434782608695,87.5,345,11.89655172413793,0,0,0,0,3,0,0,0,0,0,5.63,3.9028,2390,558572,244,40,54,0.16807165437302424,3,0.145207,0.048468,81,1.5150000000000001,3.816,6.9239999999999995,19,0.101,0.132,0,0,0,0,0,0,
K4_R0.90_T1_H1_N3_S8019_EDGE_MARKET_inprocess,8019,4,0.9,1,1,N3,0.75,20.0,,EDGE_MARKET,inprocess,b2f51db4b61e29c414e3eb7c19f760540470f7f409fbf3a235f93edc9a77b673,21dee203d1dc3cc425c6906cbc47e55c366b806dea80d55d80aa30fddb29b430,0.149,0,31,27,0,27,4,87.09677419354838,88.23529411764706,87.5,100.0,86.95652173913044,81.25,330,12.222222222222221,0,0,0,0,3,0,0,0,0,0,5.6566,3.9847,2039,550178,173,29,54,0.1148691767708998,1,0.020452,0.080997,43,0.029,0.075,0.131,155,0.46599999999999997,2.544,0,5,0,0,0,0,
K8_R1.05_T1_H1_N3_S8019_HYBRID_EAGER_inprocess,8019,8,1.05,1,1,N3,0.75,20.0,,HYBRID_EAGER,inprocess,004d2b1fd5e749a5bb5da704bde620cebad9d27049def9cf29748e999d7b00ce,778f157b160aabc90233af8701deb28428b9b1d4dc3f53cd7f160ab46359b51d,2.434,0,72,49,2,51,21,70.83333333333333,76.06837606837607,80.0,88.88888888888889,67.3076923076923,72.22222222222223,847,16.607843137254903,0,0,0,0,7,0,0,0,0,0,5.652,3.8949,6597,1314554,625,128,67,0.255281059792338,5,2.18944,0.123728,167,12.573,33.72,44.467,45,0.121,2.561,0,0,0,0,0,0,
K16_R0.90_T1_H1_N3_S8019_STATIC_inprocess,8019,16,0.9,1,1,N3,0.75,20.0,,STATIC,inprocess,f447671b74ae65f5dbac0d33b1d51b2f64264daaddb339040f5e900504dae7fb,2057e9a6cbb3ea4a9daf47e9a7c471351a8e50556b93f374fc54161bc3cee51d,0.488,0,123,90,4,94,29,76.42276422764228,74.75247524752476,65.9090909090909,62.5,82.27848101265823,78.78787878787878,1700,18.085106382978722,0,0,0,0,15,0,0,0,0,0,5.6551,3.8712,7744,2254638,609,126,59,0.15130242009975983,6,0.069707,0.21461299999999997,233,0.01,0.40099999999999997,0.713,0,0.0,0.0,0,6,0,0,0,0,
K16_R0.90_T1_H1_N3_S8019_PERIODIC_inprocess,8019,16,0.9,1,1,N3,0.75,20.0,,PERIODIC,inprocess,f447671b74ae65f5dbac0d33b1d51b2f64264daaddb339040f5e900504dae7fb,2874e6d2bcebdc7311efb710aedd6b2f7566afb580f78d10fe06677cc591a8a0,1.044,0,123,93,4,97,26,78.86178861788618,81.68316831683168,81.81818181818181,87.5,77.21518987341773,75.75757575757575,1609,16.587628865979383,0,0,0,0,14,0,0,0,0,0,5.6623,3.8712,8502,2279456,693,107,59,0.14211635067250042,7,0.621852,0.20910099999999998,31,19.732,42.238,45.968,0,0.0,0.0,0,1,0,0,0,0,
K16_R0.90_T1_H1_N3_S8019_CENTRAL_inprocess,8019,16,0.9,1,1,N3,0.75,20.0,,CENTRAL,inprocess,f447671b74ae65f5dbac0d33b1d51b2f64264daaddb339040f5e900504dae7fb,f338343e667aa570b1e3d681af94a217c2278678bc31d245ae1e8ef786cea4b8,5.213,0,123,92,4,96,27,78.04878048780488,79.20792079207921,77.27272727272727,81.25,78.48101265822785,77.27272727272727,1585,16.510416666666668,0,0,0,0,14,0,0,0,0,0,5.7138,3.8712,12930,2652293,1175,211,83,0.3301088270858525,8,4.686563,0.26537900000000003,222,22.244,42.69,61.841,0,0.0,0.0,0,0,0,0,0,0,
K16_R0.90_T1_H1_N3_S8019_CENTRAL_FB_inprocess,8019,16,0.9,1,1,N3,0.75,20.0,,CENTRAL_FB,inprocess,f447671b74ae65f5dbac0d33b1d51b2f64264daaddb339040f5e900504dae7fb,a95df29fa920be03952a23fe0c8004124c061e17b4e2891424a3d7f3ad4bf936,4.571,0,123,96,4,100,23,81.30081300813008,82.67326732673267,84.0909090909091,75.0,79.74683544303798,80.3030303030303,1522,15.22,0,0,0,0,12,0,0,0,0,0,5.6645,3.8712,13261,2668343,1214,242,91,0.3871259379802911,6,4.021959,0.249043,238,15.211,39.513,54.853,71,0.092,3.0469999999999997,0,0,0,0,0,0,
K16_R0.90_T1_H1_N3_S8019_HYBRID_inprocess,8019,16,0.9,1,1,N3,0.75,20.0,,HYBRID,inprocess,f447671b74ae65f5dbac0d33b1d51b2f64264daaddb339040f5e900504dae7fb,26c6e592597c76c24310da1024c3e3aa486f36815d02ab62a76709804ffa7f96,4.755,0,123,96,4,100,23,81.30081300813008,82.67326732673267,84.0909090909091,75.0,79.74683544303798,80.3030303030303,1522,15.22,0,0,0,0,12,0,0,0,0,0,5.6645,3.8712,13261,2668343,1214,242,91,0.3871259379802911,6,4.162584,0.26025,238,17.835,40.437,50.23,71,0.082,2.354,0,0,0,0,0,0,
K16_R0.90_T1_H1_N3_S8019_CENTRAL_FOG_inprocess,8019,16,0.9,1,1,N3,0.75,20.0,,CENTRAL_FOG,inprocess,f447671b74ae65f5dbac0d33b1d51b2f64264daaddb339040f5e900504dae7fb,c4b8e0f93177d626d5e47c4f2bf96a1f843feec7acb37d403f178a1a438cda1a,5.439,0,123,92,4,96,27,78.04878048780488,79.20792079207921,77.27272727272727,81.25,78.48101265822785,77.27272727272727,1585,16.510416666666668,0,0,0,0,14,0,0,0,0,0,5.7138,3.8712,12930,2652293,1175,211,83,0.3301088270858525,8,4.887938,0.272657,222,22.13,46.11,61.096,0,0.0,0.0,0,0,0,0,0,0,
K16_R0.90_T1_H1_N3_S8019_EDGE_MARKET_inprocess,8019,16,0.9,1,1,N3,0.75,20.0,,EDGE_MARKET,inprocess,f447671b74ae65f5dbac0d33b1d51b2f64264daaddb339040f5e900504dae7fb,1ff49cf66adc9eb45910d267ea13e378b22faeb0f8974d23793edaf53d8ece7e,0.992,0,123,92,3,95,28,77.23577235772358,78.7128712871287,72.72727272727273,81.25,79.74683544303798,78.78787878787878,1657,17.442105263157895,20,20,0,0,12,0,0,0,0,0,5.6638,3.8712,11277,2948481,987,188,90,0.33447855480438876,6,0.086209,0.701764,197,0.131,0.475,0.8,3337,0.5109999999999999,4.105,0,67,0,0,0,0,
K8_R0.75_T1_H1_N1_S8020_STATIC_inprocess,8020,8,0.75,1,1,N1,0.98,3.0,,STATIC,inprocess,ae3e7d29a3ccb502481dbaf99197e833a62c4d5a6747daee07d94a4239918588,b5b8277a3d611bf4f18ecf2e5d1f18adf144d10797d14da68f42aac2a7cc315b,0.21,0,51,42,0,42,9,82.3529411764706,82.02247191011236,77.77777777777777,75.0,84.84848484848484,85.71428571428571,675,16.071428571428573,0,0,0,0,6,0,0,0,0,0,5.6714,3.9063,3844,1016251,76,43,1,0.0013386880856760374,1,0.038356,0.09815399999999999,159,0.009000000000000001,0.22599999999999998,0.359,0,0.0,0.0,0,2,0,0,0,0,
K8_R0.75_T1_H1_N1_S8020_PERIODIC_inprocess,8020,8,0.75,1,1,N1,0.98,3.0,,PERIODIC,inprocess,ae3e7d29a3ccb502481dbaf99197e833a62c4d5a6747daee07d94a4239918588,e2f199f89190bb310aa0f75a77900d4a16eb95ec50cc87b947434b7595b0c1c9,0.363,0,51,47,0,47,4,92.15686274509804,94.38202247191012,94.44444444444444,100.0,90.9090909090909,85.71428571428571,606,12.893617021276595,0,0,0,0,5,0,0,0,0,0,5.6713,3.9063,4204,1022636,85,41,3,0.007073170731707317,0,0.204524,0.09094000000000001,31,3.366,16.002,19.651,0,0.0,0.0,0,1,0,0,0,0,
K8_R0.75_T1_H1_N1_S8020_CENTRAL_inprocess,8020,8,0.75,1,1,N1,0.98,3.0,,CENTRAL,inprocess,ae3e7d29a3ccb502481dbaf99197e833a62c4d5a6747daee07d94a4239918588,05867b88d7ab156ec4d33f1aa65fa358e7375641ba0892a75235c40a80300da6,0.826,0,51,46,0,46,5,90.19607843137256,93.25842696629213,94.44444444444444,100.0,87.87878787878788,82.14285714285714,633,13.76086956521739,0,0,0,0,6,0,0,0,0,0,5.686,3.9063,5244,1135382,118,59,3,0.014396887159533073,0,0.633518,0.101308,106,4.505999999999999,13.043000000000001,20.603,0,0.0,0.0,0,1,0,0,0,0,
K8_R0.75_T1_H1_N1_S8020_CENTRAL_FB_inprocess,8020,8,0.75,1,1,N1,0.98,3.0,,CENTRAL_FB,inprocess,ae3e7d29a3ccb502481dbaf99197e833a62c4d5a6747daee07d94a4239918588,4fb2e30601c5e5e59c8fe0ca076ec955ce20d7839b87e13e7d09d36b5800c7b8,0.762,0,51,46,0,46,5,90.19607843137256,93.25842696629213,94.44444444444444,100.0,87.87878787878788,82.14285714285714,633,13.76086956521739,0,0,0,0,6,0,0,0,0,0,5.686,3.9063,5244,1135382,118,59,3,0.014396887159533073,0,0.598703,0.094753,106,4.047000000000001,13.916,25.787000000000003,0,0.0,0.0,0,1,0,0,0,0,
K8_R0.75_T1_H1_N1_S8020_CENTRAL_FOG_inprocess,8020,8,0.75,1,1,N1,0.98,3.0,,CENTRAL_FOG,inprocess,ae3e7d29a3ccb502481dbaf99197e833a62c4d5a6747daee07d94a4239918588,f29c41ddf75cf147c0fd9339f423ff42e8bb5bd076cf5bce83c0b77b420d53ff,0.699,0,51,46,0,46,5,90.19607843137256,93.25842696629213,94.44444444444444,100.0,87.87878787878788,82.14285714285714,633,13.76086956521739,0,0,0,0,6,0,0,0,0,0,5.686,3.9063,5244,1135382,118,59,3,0.014396887159533073,0,0.548509,0.08465,106,3.786,13.162999999999998,18.383,0,0.0,0.0,0,1,0,0,0,0,
K16_R0.90_T1_H1_N3_S8019_HYBRID_EAGER_inprocess,8019,16,0.9,1,1,N3,0.75,20.0,,HYBRID_EAGER,inprocess,f447671b74ae65f5dbac0d33b1d51b2f64264daaddb339040f5e900504dae7fb,9f68b35a8e5b441e085b43ad96e2f2e491f6918333aff8fc68b78173346b1715,5.228,0,123,92,4,96,27,78.04878048780488,80.6930693069307,81.81818181818181,81.25,75.9493670886076,75.75757575757575,1699,17.697916666666668,10,10,0,0,13,0,0,0,0,0,5.6684,3.8712,12801,2638776,1120,213,91,0.41831729862290135,9,4.640821,0.267699,238,20.029,40.919,51.776999999999994,105,0.057,2.692,0,0,0,0,0,0,
K8_R0.75_T1_H1_N1_S8020_HYBRID_inprocess,8020,8,0.75,1,1,N1,0.98,3.0,,HYBRID,inprocess,ae3e7d29a3ccb502481dbaf99197e833a62c4d5a6747daee07d94a4239918588,40846fd867f871a691c48ac0ce33034d9df3dfcba4aa0ab73c02c8985b0d50c6,0.71,0,51,46,0,46,5,90.19607843137256,93.25842696629213,94.44444444444444,100.0,87.87878787878788,82.14285714285714,633,13.76086956521739,0,0,0,0,6,0,0,0,0,0,5.686,3.9063,5244,1135382,118,59,3,0.014396887159533073,0,0.544851,0.086294,106,4.128,11.842,13.179,0,0.0,0.0,0,1,0,0,0,0,
K8_R0.75_T1_H1_N1_S8020_EDGE_MARKET_inprocess,8020,8,0.75,1,1,N1,0.98,3.0,,EDGE_MARKET,inprocess,ae3e7d29a3ccb502481dbaf99197e833a62c4d5a6747daee07d94a4239918588,4402295cbe6db80dfa8d28faafcdb122c1e67eb2179c7711a9ece17a0c9ae941,0.198,0,51,43,0,43,8,84.31372549019608,85.3932584269663,77.77777777777777,87.5,87.87878787878788,82.14285714285714,712,16.558139534883722,0,0,0,0,6,0,0,0,0,0,5.6494,3.9063,4438,1126667,72,47,2,0.0064382616693492755,0,0.025418,0.12129200000000001,81,0.060000000000000005,0.11299999999999999,0.279,619,0.384,2.432,0,16,0,0,0,0,
K8_R0.75_T1_H1_N1_S8020_HYBRID_EAGER_inprocess,8020,8,0.75,1,1,N1,0.98,3.0,,HYBRID_EAGER,inprocess,ae3e7d29a3ccb502481dbaf99197e833a62c4d5a6747daee07d94a4239918588,1082f6821b8c27de82660dbce2dbac6b3a78af34817462df84efd22c545e908b,0.675,0,51,47,0,47,4,92.15686274509804,95.50561797752809,100.0,100.0,87.87878787878788,85.71428571428571,638,13.574468085106384,0,0,0,0,5,0,0,0,0,0,5.69,3.9063,5208,1132844,126,40,3,0.013937966234786024,0,0.516522,0.093787,103,3.748,11.620999999999999,15.270000000000001,10,0.026,0.026,0,0,0,0,0,0,
K8_R1.05_T1_H1_N1_S8020_STATIC_inprocess,8020,8,1.05,1,1,N1,0.98,3.0,,STATIC,inprocess,8869413eb8fcb54121cbb94409516ae11f6d5b69aa5461f7aeca6f0f14f53ca5,7751dbc559570abb46ea704a47975cc6214ac4415efb8457f6b7e2635c8648b1,0.206,0,72,56,1,57,15,79.16666666666667,72.95081967213115,50.0,28.571428571428573,90.38461538461539,80.48780487804878,834,14.631578947368421,0,0,0,0,7,0,0,0,0,0,5.645,3.8755,3876,1090779,66,53,1,0.0007947019867549669,0,0.039946,0.086307,262,0.008,0.217,0.399,0,0.0,0.0,0,3,0,0,0,0,
K8_R1.05_T1_H1_N1_S8020_PERIODIC_inprocess,8020,8,1.05,1,1,N1,0.98,3.0,,PERIODIC,inprocess,8869413eb8fcb54121cbb94409516ae11f6d5b69aa5461f7aeca6f0f14f53ca5,b21b4ba41c7f1b00b3609b23f2148bf4a6aa83c647c532c2c01c9f8563fad948,0.543,0,72,56,1,57,15,79.16666666666667,86.88524590163935,100.0,100.0,71.15384615384616,73.17073170731707,858,15.052631578947368,0,0,0,0,8,0,0,0,0,0,5.6414,3.8755,4444,1139950,92,48,3,0.009907834101382488,0,0.39489,0.08439299999999998,31,8.964,32.103,40.28,0,0.0,0.0,0,0,0,0,0,0,
K8_R1.05_T1_H1_N1_S8020_CENTRAL_inprocess,8020,8,1.05,1,1,N1,0.98,3.0,,CENTRAL,inprocess,8869413eb8fcb54121cbb94409516ae11f6d5b69aa5461f7aeca6f0f14f53ca5,b37456b34044e78e442ef4e9f957e61bbb10744b8c161dc89752db5f367d2daf,1.977,0,72,57,1,58,14,80.55555555555556,86.88524590163935,95.0,100.0,75.0,75.60975609756098,821,14.155172413793103,0,0,0,0,7,0,0,0,0,0,5.6346,3.8755,5819,1268303,125,57,5,0.018356643356643356,0,1.74907,0.11718500000000001,118,13.308,30.826,52.773,0,0.0,0.0,0,0,0,0,0,0,
K8_R1.05_T1_H1_N1_S8020_CENTRAL_FB_inprocess,8020,8,1.05,1,1,N1,0.98,3.0,,CENTRAL_FB,inprocess,8869413eb8fcb54121cbb94409516ae11f6d5b69aa5461f7aeca6f0f14f53ca5,c41e6f1c340cf97eb4663970a20c46fe40ec01f164b67f70cc45670767ef1886,2.055,0,72,57,1,58,14,80.55555555555556,86.88524590163935,95.0,100.0,75.0,75.60975609756098,821,14.155172413793103,0,0,0,0,7,0,0,0,0,0,5.6346,3.8755,5819,1268303,125,57,5,0.018356643356643356,0,1.825988,0.122057,118,13.870000000000001,30.631999999999998,40.025,0,0.0,0.0,0,0,0,0,0,0,
K8_R1.05_T1_H1_N1_S8020_CENTRAL_FOG_inprocess,8020,8,1.05,1,1,N1,0.98,3.0,,CENTRAL_FOG,inprocess,8869413eb8fcb54121cbb94409516ae11f6d5b69aa5461f7aeca6f0f14f53ca5,86033a2810ce04307d3961b25379ab71007c518bb3f496cf5edc6a2754c5c662,1.964,0,72,57,1,58,14,80.55555555555556,86.88524590163935,95.0,100.0,75.0,75.60975609756098,821,14.155172413793103,0,0,0,0,7,0,0,0,0,0,5.6346,3.8755,5819,1268303,125,57,5,0.018356643356643356,0,1.732901,0.11622299999999999,118,12.716,32.54,42.266999999999996,0,0.0,0.0,0,0,0,0,0,0,
K8_R1.05_T1_H1_N1_S8020_HYBRID_inprocess,8020,8,1.05,1,1,N1,0.98,3.0,,HYBRID,inprocess,8869413eb8fcb54121cbb94409516ae11f6d5b69aa5461f7aeca6f0f14f53ca5,ac8286156f7f8500d87e624e92365da0ab73d7973f7bffcd8c40680587bb9314,1.973,0,72,57,1,58,14,80.55555555555556,86.88524590163935,95.0,100.0,75.0,75.60975609756098,821,14.155172413793103,0,0,0,0,7,0,0,0,0,0,5.6346,3.8755,5819,1268303,125,57,5,0.018356643356643356,0,1.740833,0.10463,118,13.024000000000001,32.772999999999996,40.228,0,0.0,0.0,0,0,0,0,0,0,
K8_R1.05_T1_H1_N1_S8020_EDGE_MARKET_inprocess,8020,8,1.05,1,1,N1,0.98,3.0,,EDGE_MARKET,inprocess,8869413eb8fcb54121cbb94409516ae11f6d5b69aa5461f7aeca6f0f14f53ca5,97b1277c4ce6ead457072b75e2d05faedbe582a7c0f4e424df9121fdca0e857f,0.321,0,72,56,1,57,15,79.16666666666667,82.78688524590164,75.0,100.0,80.76923076923077,82.92682926829268,805,14.12280701754386,0,0,0,0,8,0,0,0,0,0,5.6452,3.8755,5090,1339489,91,49,4,0.015193922431027589,1,0.033293,0.218178,148,0.062,0.217,0.376,1202,0.384,4.362,0,33,0,0,0,0,
K4_R0.90_T1_H1_N1_S8020_STATIC_inprocess,8020,4,0.9,1,1,N1,0.98,3.0,,STATIC,inprocess,f1e825a14e41e75bd7500b035a9d8c8f9ba4a53dd153873a390e173c5e2db2e2,0c17559f86f585fcff4583bc06582872f87b215220b03b0fb9cc216b3232a08b,0.097,0,31,25,1,26,5,83.87096774193549,77.55102040816327,70.0,33.333333333333336,90.47619047619048,85.71428571428571,355,13.653846153846153,0,0,0,0,4,0,0,0,0,0,5.673,3.9466,1931,556915,42,13,1,0.0005350454788657035,0,0.019735,0.044543,233,0.005,0.10500000000000001,0.163,0,0.0,0.0,0,0,0,0,0,0,
K4_R0.90_T1_H1_N1_S8020_PERIODIC_inprocess,8020,4,0.9,1,1,N1,0.98,3.0,,PERIODIC,inprocess,f1e825a14e41e75bd7500b035a9d8c8f9ba4a53dd153873a390e173c5e2db2e2,f254bc3d53779230f9d452f02250aa9dfabcb50fd0653bf3429b0d9a2268eef2,0.199,0,31,23,1,24,7,77.41935483870968,79.59183673469387,70.0,100.0,80.95238095238095,71.42857142857143,322,13.416666666666666,0,0,0,0,3,0,0,0,0,0,5.6343,3.9466,2109,581830,36,21,1,0.0009737098344693282,0,0.117519,0.04685,31,1.776,9.438,15.880999999999998,0,0.0,0.0,0,2,0,0,0,0,
K4_R0.90_T1_H1_N1_S8020_CENTRAL_inprocess,8020,4,0.9,1,1,N1,0.98,3.0,,CENTRAL,inprocess,f1e825a14e41e75bd7500b035a9d8c8f9ba4a53dd153873a390e173c5e2db2e2,f3e956ab4d0041065fd28d12b21cc5c9876821e9d3de353f3418dc41fb1f2423,0.406,0,31,25,1,26,5,83.87096774193549,87.75510204081633,100.0,100.0,76.19047619047619,90.47619047619048,323,12.423076923076923,0,0,0,0,3,0,0,0,0,0,5.6416,3.9466,2435,582508,47,25,2,0.012557555462536627,0,0.301196,0.051771,75,2.447,8.938,10.319,0,0.0,0.0,0,0,0,0,0,0,
K8_R1.05_T1_H1_N1_S8020_HYBRID_EAGER_inprocess,8020,8,1.05,1,1,N1,0.98,3.0,,HYBRID_EAGER,inprocess,8869413eb8fcb54121cbb94409516ae11f6d5b69aa5461f7aeca6f0f14f53ca5,8f8295b1198e6c9c7d3d823bc644119e92e05e585b39784d644f5a4074c51795,1.989,0,72,56,1,57,15,79.16666666666667,83.60655737704919,90.0,85.71428571428571,75.0,73.17073170731707,803,14.087719298245615,0,0,0,0,7,0,0,0,0,0,5.6334,3.8755,5783,1249309,115,58,5,0.01791044776119403,0,1.737224,0.12129000000000001,115,14.305,33.798,41.846000000000004,17,0.036000000000000004,0.039,0,1,0,0,0,0,
K4_R0.90_T1_H1_N1_S8020_CENTRAL_FB_inprocess,8020,4,0.9,1,1,N1,0.98,3.0,,CENTRAL_FB,inprocess,f1e825a14e41e75bd7500b035a9d8c8f9ba4a53dd153873a390e173c5e2db2e2,2d3db12d8195d6c6b1115991b5b3e09a2ccfe9719342998bf6639e71b1e1e71b,0.395,0,31,25,1,26,5,83.87096774193549,87.75510204081633,100.0,100.0,76.19047619047619,90.47619047619048,323,12.423076923076923,0,0,0,0,3,0,0,0,0,0,5.6416,3.9466,2435,582508,47,25,2,0.012557555462536627,0,0.296615,0.048114,75,2.4520000000000004,9.700000000000001,14.527,0,0.0,0.0,0,0,0,0,0,0,
K4_R0.90_T1_H1_N1_S8020_CENTRAL_FOG_inprocess,8020,4,0.9,1,1,N1,0.98,3.0,,CENTRAL_FOG,inprocess,f1e825a14e41e75bd7500b035a9d8c8f9ba4a53dd153873a390e173c5e2db2e2,b3ef622fc15f7c1b775178e44d505ff82e768a575b605c4e0dc5233168a34d32,0.431,0,31,25,1,26,5,83.87096774193549,87.75510204081633,100.0,100.0,76.19047619047619,90.47619047619048,323,12.423076923076923,0,0,0,0,3,0,0,0,0,0,5.6416,3.9466,2435,582508,47,25,2,0.012557555462536627,0,0.319119,0.060463,75,3.0709999999999997,9.045,10.392999999999999,0,0.0,0.0,0,0,0,0,0,0,
K4_R0.90_T1_H1_N1_S8020_HYBRID_inprocess,8020,4,0.9,1,1,N1,0.98,3.0,,HYBRID,inprocess,f1e825a14e41e75bd7500b035a9d8c8f9ba4a53dd153873a390e173c5e2db2e2,249f3880ac83ad802b02ce47955314324c7136983f4a4da4c5003067c2a4fb7f,0.379,0,31,25,1,26,5,83.87096774193549,87.75510204081633,100.0,100.0,76.19047619047619,90.47619047619048,323,12.423076923076923,0,0,0,0,3,0,0,0,0,0,5.6416,3.9466,2435,582508,47,25,2,0.012557555462536627,0,0.292436,0.044118,75,1.7429999999999999,10.604000000000001,15.009,0,0.0,0.0,0,0,0,0,0,0,
K4_R0.90_T1_H1_N1_S8020_EDGE_MARKET_inprocess,8020,4,0.9,1,1,N1,0.98,3.0,,EDGE_MARKET,inprocess,f1e825a14e41e75bd7500b035a9d8c8f9ba4a53dd153873a390e173c5e2db2e2,528b8ee8161a76be6a6c23c4c0dadf5c77d3dba88d47c6b60b57d5bd6c39ac9a,0.159,0,31,23,1,24,7,77.41935483870968,81.63265306122449,90.0,100.0,71.42857142857143,76.19047619047619,354,14.75,0,0,0,0,3,0,0,0,0,0,5.6721,3.9466,2205,613665,46,24,4,0.010692701069270108,0,0.018741,0.091369,97,0.037,0.07100000000000001,3.0599999999999996,303,0.5199999999999999,6.523000000000001,0,11,0,0,0,0,
K4_R0.90_T1_H1_N1_S8020_HYBRID_EAGER_inprocess,8020,4,0.9,1,1,N1,0.98,3.0,,HYBRID_EAGER,inprocess,f1e825a14e41e75bd7500b035a9d8c8f9ba4a53dd153873a390e173c5e2db2e2,3204f7efe74f36af91ce78f899049b8a5da9f25d904c0aefab0f42b3f897862a,0.344,0,31,25,1,26,5,83.87096774193549,87.75510204081633,100.0,100.0,76.19047619047619,90.47619047619048,323,12.423076923076923,0,0,0,0,3,0,0,0,0,0,5.6416,3.9466,2435,582508,47,25,2,0.012557555462536627,0,0.249065,0.049718,75,1.897,7.841000000000001,8.364,10,0.036000000000000004,0.036000000000000004,0,0,0,0,0,0,
K16_R0.90_T1_H1_N1_S8020_STATIC_inprocess,8020,16,0.9,1,1,N1,0.98,3.0,,STATIC,inprocess,5c0e16e55461b67cd07f166aad746b08c03e5be92556c895c08e034e70759d81,b9c7f33e124189da27703028c1f718ec455ab8e427f655e2f985870d6539ca94,0.506,0,123,100,4,104,19,84.55284552845528,79.22705314009661,61.53846153846154,61.111111111111114,95.23809523809524,85.18518518518519,1624,15.615384615384615,0,0,0,0,11,0,0,0,0,0,5.6528,3.8727,7730,2099197,138,69,1,0.000670870790285791,1,0.092501,0.205977,247,0.011,0.49700000000000005,0.7020000000000001,0,0.0,0.0,0,0,0,0,0,0,
K16_R0.90_T1_H1_N1_S8020_PERIODIC_inprocess,8020,16,0.9,1,1,N1,0.98,3.0,,PERIODIC,inprocess,5c0e16e55461b67cd07f166aad746b08c03e5be92556c895c08e034e70759d81,005bee7bca1d241a713d49e43c864f3d9cc8dec03227d8a59ff6cd57ec441a5c,1.12,0,123,95,3,98,25,79.67479674796748,83.09178743961353,82.05128205128206,100.0,78.57142857142857,81.48148148148148,1654,16.877551020408163,0,0,0,0,12,0,0,0,0,0,5.6491,3.8727,8590,2171954,179,93,4,0.006867469879518072,2,0.718308,0.20807,31,23.967,47.743,48.201,0,0.0,0.0,0,0,0,0,0,0,
K16_R0.90_T1_H1_N1_S8020_CENTRAL_inprocess,8020,16,0.9,1,1,N1,0.98,3.0,,CENTRAL,inprocess,5c0e16e55461b67cd07f166aad746b08c03e5be92556c895c08e034e70759d81,0cc8bd222defeed98acd1566fa9f6a622aff7f6fcd2d353c81292b0c27f955e8,4.546,0,123,98,4,102,21,82.92682926829268,85.5072463768116,87.17948717948718,88.88888888888889,80.95238095238095,83.33333333333333,1740,17.058823529411764,0,0,0,0,13,0,0,0,0,0,5.6605,3.8727,11857,2470480,225,118,6,0.02178968219791577,2,4.005303,0.255039,160,25.511,45.115,67.605,0,0.0,0.0,0,0,0,0,0,0,
K16_R0.90_T1_H1_N1_S8020_CENTRAL_FB_inprocess,8020,16,0.9,1,1,N1,0.98,3.0,,CENTRAL_FB,inprocess,5c0e16e55461b67cd07f166aad746b08c03e5be92556c895c08e034e70759d81,07df437a1d3527b3862a2e2ce9c5d66b4699b6f25daf549fa50a6c49207c887b,4.706,0,123,98,4,102,21,82.92682926829268,85.5072463768116,87.17948717948718,88.88888888888889,80.95238095238095,83.33333333333333,1740,17.058823529411764,0,0,0,0,13,0,0,0,0,0,5.6605,3.8727,11857,2470480,225,118,6,0.02178968219791577,2,4.123117,0.253441,160,26.724,47.829,70.633,0,0.0,0.0,0,0,0,0,0,0,
K16_R0.90_T1_H1_N1_S8020_CENTRAL_FOG_inprocess,8020,16,0.9,1,1,N1,0.98,3.0,,CENTRAL_FOG,inprocess,5c0e16e55461b67cd07f166aad746b08c03e5be92556c895c08e034e70759d81,84d97d0e61740b608f1474287beecff34a2a638e3129985ddd9b45b590ad8e42,4.701,0,123,98,4,102,21,82.92682926829268,85.5072463768116,87.17948717948718,88.88888888888889,80.95238095238095,83.33333333333333,1740,17.058823529411764,0,0,0,0,13,0,0,0,0,0,5.6605,3.8727,11857,2470480,225,118,6,0.02178968219791577,2,4.149559,0.24011699999999997,160,25.682,51.162,87.619,0,0.0,0.0,0,0,0,0,0,0,
K16_R0.90_T1_H1_N1_S8020_HYBRID_inprocess,8020,16,0.9,1,1,N1,0.98,3.0,,HYBRID,inprocess,5c0e16e55461b67cd07f166aad746b08c03e5be92556c895c08e034e70759d81,c3d1a040d18f48f3cbf72d1b6abbe5f4e11c54e82f98f4db8373b1af7faa5eb6,4.421,0,123,98,4,102,21,82.92682926829268,85.5072463768116,87.17948717948718,88.88888888888889,80.95238095238095,83.33333333333333,1740,17.058823529411764,0,0,0,0,13,0,0,0,0,0,5.6605,3.8727,11857,2470480,225,118,6,0.02178968219791577,2,3.905807,0.237758,160,25.308,47.393,74.56500000000001,0,0.0,0.0,0,0,0,0,0,0,
K16_R0.90_T1_H1_N1_S8020_EDGE_MARKET_inprocess,8020,16,0.9,1,1,N1,0.98,3.0,,EDGE_MARKET,inprocess,5c0e16e55461b67cd07f166aad746b08c03e5be92556c895c08e034e70759d81,d1aefe56c3f611d96191eede6a711bd2d03b6e60e22cbe47476959f868923a05,0.859,0,123,92,4,96,27,78.04878048780488,79.22705314009661,76.92307692307692,83.33333333333333,78.57142857142857,77.77777777777777,1829,19.052083333333332,8,8,0,0,12,0,0,0,0,0,5.6413,3.8727,11210,2874419,240,111,7,0.01846772718961419,2,0.080216,0.564747,171,0.124,0.472,0.673,3341,0.402,24.652,0,61,0,0,0,0,
K8_R0.75_T1_H1_N3_S8020_STATIC_inprocess,8020,8,0.75,1,1,N3,0.75,20.0,,STATIC,inprocess,bdee63e310e6af786cad2c5dbf0e6e5caffd7a84e4ede0b776f7a29d0f7d4cb3,e9c096da04b59e9fc24b587a1726e741cc9e3da5878f94f6417514816ba49164,0.145,0,51,42,0,42,9,82.3529411764706,82.02247191011236,72.22222222222223,75.0,87.87878787878788,89.28571428571429,738,17.571428571428573,0,0,0,0,6,0,0,0,0,0,5.6714,3.9063,3841,1013380,285,52,96,0.1882443334613907,3,0.021635,0.07295099999999999,188,0.006,0.13799999999999998,0.237,0,0.0,0.0,0,2,0,0,0,0,
K8_R0.75_T1_H1_N3_S8020_PERIODIC_inprocess,8020,8,0.75,1,1,N3,0.75,20.0,,PERIODIC,inprocess,bdee63e310e6af786cad2c5dbf0e6e5caffd7a84e4ede0b776f7a29d0f7d4cb3,2390f33d5afe2e2ec4f26dcc10b64577edfb7dcf186260f7214b8ee6b48c4c1f,0.224,0,51,44,0,44,7,86.27450980392157,88.76404494382022,88.88888888888889,100.0,84.84848484848484,78.57142857142857,663,15.068181818181818,0,0,0,0,3,0,0,0,0,0,5.6044,3.9063,4148,1015119,332,53,109,0.24656593406593408,7,0.098052,0.074268,31,2.435,6.215,11.025,0,0.0,0.0,0,2,0,0,0,0,
K8_R0.75_T1_H1_N3_S8020_CENTRAL_inprocess,8020,8,0.75,1,1,N3,0.75,20.0,,CENTRAL,inprocess,bdee63e310e6af786cad2c5dbf0e6e5caffd7a84e4ede0b776f7a29d0f7d4cb3,cb05bfac6da4c7d9e24927b833d2327d07a06c319c0bc5090da2e7ed43bae699,0.554,0,51,46,0,46,5,90.19607843137256,91.01123595505618,94.44444444444444,100.0,87.87878787878788,92.85714285714286,719,15.630434782608695,0,0,0,0,5,0,0,0,0,0,5.6319,3.9063,4867,1115550,398,81,127,0.38830954994511524,4,0.407446,0.08636799999999999,114,2.847,8.308,17.927,0,0.0,0.0,0,1,0,0,0,0,
K8_R0.75_T1_H1_N3_S8020_CENTRAL_FB_inprocess,8020,8,0.75,1,1,N3,0.75,20.0,,CENTRAL_FB,inprocess,bdee63e310e6af786cad2c5dbf0e6e5caffd7a84e4ede0b776f7a29d0f7d4cb3,831f5fe4efeb086906c9317a61bd3a9e7e0a54343785aa07937a8732e1455658,0.667,0,51,46,0,46,5,90.19607843137256,92.13483146067416,94.44444444444444,100.0,87.87878787878788,89.28571428571429,717,15.58695652173913,0,0,0,0,5,0,0,0,0,0,5.6319,3.9063,4883,1116128,425,87,127,0.4024623803009576,7,0.467589,0.10443600000000003,119,3.307,9.665,16.907,34,0.045000000000000005,0.481,0,1,0,0,0,0,
K8_R0.75_T1_H1_N3_S8020_CENTRAL_FOG_inprocess,8020,8,0.75,1,1,N3,0.75,20.0,,CENTRAL_FOG,inprocess,bdee63e310e6af786cad2c5dbf0e6e5caffd7a84e4ede0b776f7a29d0f7d4cb3,f43a5f5c90693c88f35c598807949efece1c86ced3b37790081af8cbb06f81b6,0.612,0,51,46,0,46,5,90.19607843137256,91.01123595505618,94.44444444444444,100.0,87.87878787878788,92.85714285714286,719,15.630434782608695,0,0,0,0,5,0,0,0,0,0,5.6319,3.9063,4867,1115550,398,81,127,0.38830954994511524,4,0.435049,0.09708800000000001,114,3.149,9.343,14.094000000000001,0,0.0,0.0,0,1,0,0,0,0,
K8_R0.75_T1_H1_N3_S8020_HYBRID_inprocess,8020,8,0.75,1,1,N3,0.75,20.0,,HYBRID,inprocess,bdee63e310e6af786cad2c5dbf0e6e5caffd7a84e4ede0b776f7a29d0f7d4cb3,70e398ffdf87903145f3e70c14638fcd9a225ad68941108b78caf1c0e870bc71,0.662,0,51,46,0,46,5,90.19607843137256,92.13483146067416,94.44444444444444,100.0,87.87878787878788,89.28571428571429,717,15.58695652173913,0,0,0,0,5,0,0,0,0,0,5.6319,3.9063,4883,1116128,425,87,127,0.4024623803009576,7,0.474355,0.106584,119,3.373,9.965,13.932,34,0.047,0.488,0,1,0,0,0,0,
K16_R0.90_T1_H1_N1_S8020_HYBRID_EAGER_inprocess,8020,16,0.9,1,1,N1,0.98,3.0,,HYBRID_EAGER,inprocess,5c0e16e55461b67cd07f166aad746b08c03e5be92556c895c08e034e70759d81,773b90a42035a778d89fa3c99eb7a4ca914a630a8b9778ccffb299319477d7e5,4.537,0,123,98,4,102,21,82.92682926829268,85.5072463768116,87.17948717948718,88.88888888888889,80.95238095238095,83.33333333333333,1740,17.058823529411764,0,0,0,0,13,0,0,0,0,0,5.6605,3.8727,11857,2470381,225,118,6,0.02178968219791577,2,3.945543,0.266233,160,24.930999999999997,46.819,71.684,28,0.052,0.11900000000000001,0,0,0,0,0,0,
K8_R0.75_T1_H1_N3_S8020_EDGE_MARKET_inprocess,8020,8,0.75,1,1,N3,0.75,20.0,,EDGE_MARKET,inprocess,bdee63e310e6af786cad2c5dbf0e6e5caffd7a84e4ede0b776f7a29d0f7d4cb3,e35634b32ffb09bd757ac1b4c7dc81867231357610465e645a077d400db8f392,0.229,0,51,45,0,45,6,88.23529411764706,89.88764044943821,88.88888888888889,87.5,87.87878787878788,82.14285714285714,760,16.88888888888889,0,0,0,0,6,0,0,0,0,0,5.6853,3.9063,4261,1104053,326,58,108,0.32052545155993434,4,0.023483,0.135665,64,0.047,0.133,0.223,458,0.46599999999999997,4.254,0,20,0,0,0,0,
K8_R1.05_T1_H1_N3_S8020_STATIC_inprocess,8020,8,1.05,1,1,N3,0.75,20.0,,STATIC,inprocess,44de9d44738b9dd1217a8fd45c60bb93cce37bc97e856606c698824fa235932f,35cebd4f96ab12a334911da44b79a7a152fde3a2ceced1c90f3154ac9e08b0a1,0.193,0,72,55,1,56,16,77.77777777777777,71.31147540983606,50.0,42.857142857142854,88.46153846153847,85.36585365853658,801,14.303571428571429,0,0,0,0,8,0,0,0,0,0,5.6473,3.8755,3906,1091906,303,50,84,0.22578213343384848,3,0.031637,0.08573900000000001,221,0.007,0.242,10.602,0,0.0,0.0,0,15,0,0,0,0,
K8_R0.75_T1_H1_N3_S8020_HYBRID_EAGER_inprocess,8020,8,0.75,1,1,N3,0.75,20.0,,HYBRID_EAGER,inprocess,bdee63e310e6af786cad2c5dbf0e6e5caffd7a84e4ede0b776f7a29d0f7d4cb3,a332a70a96b635233bcaadacbf93376bf8a0e0e48039846beb2fb18c90678325,0.638,0,51,46,0,46,5,90.19607843137256,92.13483146067416,94.44444444444444,100.0,87.87878787878788,89.28571428571429,717,15.58695652173913,0,0,0,0,5,0,0,0,0,0,5.6319,3.9063,4883,1116053,425,87,127,0.4024623803009576,7,0.454199,0.10282599999999999,119,3.605,8.74,13.249,46,0.104,2.524,0,1,0,0,0,0,
K8_R1.05_T1_H1_N3_S8020_PERIODIC_inprocess,8020,8,1.05,1,1,N3,0.75,20.0,,PERIODIC,inprocess,44de9d44738b9dd1217a8fd45c60bb93cce37bc97e856606c698824fa235932f,87529a35ce8c7b8f794a5bc36747e8715841eb713f486a8cbad816bb7576077c,0.416,0,72,56,1,57,15,79.16666666666667,82.78688524590164,75.0,85.71428571428571,80.76923076923077,75.60975609756098,866,15.192982456140351,0,0,0,0,6,0,0,0,0,0,5.655,3.8755,4232,1118741,343,65,86,0.3401269629134647,5,0.228826,0.09362599999999999,31,5.84,17.151,29.817,0,0.0,0.0,0,1,0,0,0,0,
K8_R1.05_T1_H1_N3_S8020_CENTRAL_inprocess,8020,8,1.05,1,1,N3,0.75,20.0,,CENTRAL,inprocess,44de9d44738b9dd1217a8fd45c60bb93cce37bc97e856606c698824fa235932f,767748aa783ce27e1052054167ffd997ade844f220a81f2db2764a73f5f6bc69,1.078,0,72,55,1,56,16,77.77777777777777,81.14754098360656,80.0,85.71428571428571,76.92307692307692,78.04878048780488,895,15.982142857142858,0,0,0,0,8,0,0,0,0,0,5.6704,3.8755,5619,1261248,467,87,127,0.6179446818079605,4,0.861434,0.120276,142,5.243,13.046999999999999,23.490000000000002,0,0.0,0.0,0,1,0,0,0,0,
K8_R1.05_T1_H1_N3_S8020_CENTRAL_FB_inprocess,8020,8,1.05,1,1,N3,0.75,20.0,,CENTRAL_FB,inprocess,44de9d44738b9dd1217a8fd45c60bb93cce37bc97e856606c698824fa235932f,7af7d5abb774456281c3a55d3f98a029a5fed778c5bbb90d0f92928e9f8ad696,1.228,0,72,54,1,55,17,76.38888888888889,80.32786885245902,80.0,85.71428571428571,75.0,75.60975609756098,884,16.072727272727274,0,0,0,0,7,0,0,0,0,0,5.6704,3.8755,5632,1260687,468,82,127,0.6412213740458015,4,0.987715,0.12774000000000002,145,5.942,16.85,33.495,35,0.488,4.63,0,1,0,0,0,0,
K8_R1.05_T1_H1_N3_S8020_CENTRAL_FOG_inprocess,8020,8,1.05,1,1,N3,0.75,20.0,,CENTRAL_FOG,inprocess,44de9d44738b9dd1217a8fd45c60bb93cce37bc97e856606c698824fa235932f,9cdf288522f37cf5ea675e319ad632e6d816643336c2a559b8634d049a453759,1.162,0,72,55,1,56,16,77.77777777777777,81.14754098360656,80.0,85.71428571428571,76.92307692307692,78.04878048780488,895,15.982142857142858,0,0,0,0,8,0,0,0,0,0,5.6704,3.8755,5619,1261248,467,87,127,0.6179446818079605,4,0.928909,0.114034,142,6.112,14.325,34.891,0,0.0,0.0,0,1,0,0,0,0,
K8_R1.05_T1_H1_N3_S8020_HYBRID_inprocess,8020,8,1.05,1,1,N3,0.75,20.0,,HYBRID,inprocess,44de9d44738b9dd1217a8fd45c60bb93cce37bc97e856606c698824fa235932f,42c2a95aaa6954c0ed23fdab0530621af5e474ab19c2cfa91f2044acce8cb4a6,1.176,0,72,54,1,55,17,76.38888888888889,80.32786885245902,80.0,85.71428571428571,75.0,75.60975609756098,884,16.072727272727274,0,0,0,0,7,0,0,0,0,0,5.6704,3.8755,5632,1260687,468,82,127,0.6412213740458015,4,0.941102,0.12335199999999999,145,5.919,14.206999999999999,27.355,35,0.504,3.1310000000000002,0,1,0,0,0,0,
K8_R1.05_T1_H1_N3_S8020_EDGE_MARKET_inprocess,8020,8,1.05,1,1,N3,0.75,20.0,,EDGE_MARKET,inprocess,44de9d44738b9dd1217a8fd45c60bb93cce37bc97e856606c698824fa235932f,f7c6facf9b9913cf4643ffa1a8fac248eada5591abfd55b06a7ed87da57228b5,0.379,0,72,56,1,57,15,79.16666666666667,84.42622950819673,85.0,85.71428571428571,76.92307692307692,85.36585365853658,793,13.912280701754385,0,0,0,0,6,0,0,0,0,0,5.6254,3.8755,4736,1280385,390,76,84,0.34755403868031853,4,0.034326,0.256533,136,0.066,0.149,0.292,904,0.549,3.8440000000000003,0,25,0,0,0,0,
K8_R1.05_T1_H1_N3_S8020_HYBRID_EAGER_inprocess,8020,8,1.05,1,1,N3,0.75,20.0,,HYBRID_EAGER,inprocess,44de9d44738b9dd1217a8fd45c60bb93cce37bc97e856606c698824fa235932f,28b499df79277d13106f940954bcffbfea7481409b282dae3a3f37a9d8539956,1.011,0,72,56,1,57,15,79.16666666666667,81.9672131147541,75.0,85.71428571428571,80.76923076923077,82.92682926829268,844,14.807017543859649,0,0,0,0,4,0,0,0,0,0,5.6228,3.8755,5745,1238933,524,82,127,0.6671061305207646,4,0.823924,0.11325299999999999,149,4.226,17.555999999999997,36.259,48,0.451,2.9979999999999998,0,1,0,0,0,0,
K4_R0.90_T1_H1_N3_S8020_STATIC_inprocess,8020,4,0.9,1,1,N3,0.75,20.0,,STATIC,inprocess,7cabe18ab7118c0fb0d95f5c8393fff8c7a9c988b72e6b3d3d671a850e731e21,e35c26e91e2db3783f3fde94fe5e32a8cc8916950eec1110a9069ac3f5000a4c,0.102,0,31,25,1,26,5,83.87096774193549,77.55102040816327,70.0,33.333333333333336,90.47619047619048,90.47619047619048,360,13.846153846153847,0,0,0,0,4,0,0,0,0,0,5.6696,3.9466,1931,555629,143,19,50,0.09527559055118111,2,0.016314,0.045426,254,0.006,0.08,0.154,0,0.0,0.0,0,0,0,0,0,0,
K4_R0.90_T1_H1_N3_S8020_PERIODIC_inprocess,8020,4,0.9,1,1,N3,0.75,20.0,,PERIODIC,inprocess,7cabe18ab7118c0fb0d95f5c8393fff8c7a9c988b72e6b3d3d671a850e731e21,5393b209fdaa8e8c2e8c930744d13664d06cb9a56bff64fd10e974b052a02d3b,0.139,0,31,25,0,25,6,80.64516129032258,81.63265306122449,90.0,66.66666666666667,76.19047619047619,76.19047619047619,363,14.52,0,0,0,0,4,0,0,0,0,0,5.6377,3.9466,2079,570963,156,22,50,0.14898102600140548,4,0.069212,0.039574,31,0.8989999999999999,6.171,7.556,0,0.0,0.0,0,0,0,0,0,0,
K4_R0.90_T1_H1_N3_S8020_CENTRAL_inprocess,8020,4,0.9,1,1,N3,0.75,20.0,,CENTRAL,inprocess,7cabe18ab7118c0fb0d95f5c8393fff8c7a9c988b72e6b3d3d671a850e731e21,cc386720dfd32fce65cb9d06559fae5aefc5ea6c2c1828511a80f705a8281e2e,0.395,0,31,25,1,26,5,83.87096774193549,87.75510204081633,90.0,100.0,80.95238095238095,76.19047619047619,356,13.692307692307692,0,0,0,0,4,0,0,0,0,0,5.6397,3.9466,2403,600096,182,38,50,0.19795221843003413,2,0.290499,0.052538,83,2.749,9.682,11.149,0,0.0,0.0,0,0,0,0,0,0,
K4_R0.90_T1_H1_N3_S8020_CENTRAL_FB_inprocess,8020,4,0.9,1,1,N3,0.75,20.0,,CENTRAL_FB,inprocess,7cabe18ab7118c0fb0d95f5c8393fff8c7a9c988b72e6b3d3d671a850e731e21,779be72b17c312d1a0630a0e30d296836504440b9d7646830b3cf426ee10e01c,0.415,0,31,26,1,27,4,87.09677419354838,89.79591836734694,90.0,100.0,85.71428571428571,80.95238095238095,353,13.074074074074074,0,0,0,0,4,0,0,0,0,0,5.6456,3.9466,2342,593737,168,31,50,0.21504112808460635,2,0.30615,0.054169,83,3.07,8.785,11.828999999999999,18,0.041999999999999996,0.044,0,0,0,0,0,0,
K4_R0.90_T1_H1_N3_S8020_CENTRAL_FOG_inprocess,8020,4,0.9,1,1,N3,0.75,20.0,,CENTRAL_FOG,inprocess,7cabe18ab7118c0fb0d95f5c8393fff8c7a9c988b72e6b3d3d671a850e731e21,db4411e13654296466483bc3bf5a25d4c54b465ab85392c8e0b0e2e8cc80c49a,0.398,0,31,25,1,26,5,83.87096774193549,87.75510204081633,90.0,100.0,80.95238095238095,76.19047619047619,356,13.692307692307692,0,0,0,0,4,0,0,0,0,0,5.6397,3.9466,2403,600096,182,38,50,0.19795221843003413,2,0.287654,0.052201,83,2.7399999999999998,9.903,11.969000000000001,0,0.0,0.0,0,0,0,0,0,0,
K4_R0.90_T1_H1_N3_S8020_HYBRID_inprocess,8020,4,0.9,1,1,N3,0.75,20.0,,HYBRID,inprocess,7cabe18ab7118c0fb0d95f5c8393fff8c7a9c988b72e6b3d3d671a850e731e21,8f36f82a4e650b60aee9a231385d657b84766c6c05d0deb5bdc7cfc0db89cef0,0.417,0,31,26,1,27,4,87.09677419354838,89.79591836734694,90.0,100.0,85.71428571428571,80.95238095238095,353,13.074074074074074,0,0,0,0,4,0,0,0,0,0,5.6456,3.9466,2342,593737,168,31,50,0.21504112808460635,2,0.326665,0.053261,83,2.811,9.608,14.855,18,0.041999999999999996,0.06499999999999999,0,0,0,0,0,0,
K4_R0.90_T1_H1_N3_S8020_EDGE_MARKET_inprocess,8020,4,0.9,1,1,N3,0.75,20.0,,EDGE_MARKET,inprocess,7cabe18ab7118c0fb0d95f5c8393fff8c7a9c988b72e6b3d3d671a850e731e21,ed3c91cc5a85ccce107e77a1de335d9b81cb7f9e67e98d6c81966188327e0e26,0.136,0,31,22,1,23,8,74.19354838709677,79.59183673469387,90.0,66.66666666666667,66.66666666666667,76.19047619047619,384,16.695652173913043,0,0,0,0,4,0,0,0,0,0,5.6678,3.9466,2168,611254,158,30,50,0.19473684210526315,2,0.014477,0.08911300000000001,84,0.029,0.079,0.147,276,0.541,2.991,0,12,0,0,0,0,
K4_R0.90_T1_H1_N3_S8020_HYBRID_EAGER_inprocess,8020,4,0.9,1,1,N3,0.75,20.0,,HYBRID_EAGER,inprocess,7cabe18ab7118c0fb0d95f5c8393fff8c7a9c988b72e6b3d3d671a850e731e21,c0bac9214b9885793916bb6047a8d5e7ab6611a4cb2ae5ffa8cf3e2e9b663a24,0.379,0,31,25,1,26,5,83.87096774193549,87.75510204081633,90.0,100.0,80.95238095238095,76.19047619047619,367,14.115384615384615,0,0,0,0,4,0,0,0,0,0,5.6476,3.9466,2337,593910,160,45,50,0.20398593200468934,2,0.282832,0.052196,80,2.8040000000000003,9.514999999999999,18.797,28,0.041,0.10500000000000001,0,0,0,0,0,0,
K16_R0.90_T1_H1_N3_S8020_STATIC_inprocess,8020,16,0.9,1,1,N3,0.75,20.0,,STATIC,inprocess,a001bfeeb5867844935732fd53d5171a4db1601a8028b1354038867e82d5aee6,ad3b8dc4cf19e877788c33b06b0b3f16425de87fc7f524a588a7fa29d64e3099,0.43,0,123,98,4,102,21,82.92682926829268,77.29468599033817,58.97435897435897,55.55555555555556,94.04761904761905,83.33333333333333,1602,15.705882352941176,3,3,0,0,10,0,0,0,0,0,5.6449,3.8727,7724,2077247,574,116,108,0.16262182304605388,7,0.06678,0.19129000000000002,247,0.011,0.38699999999999996,0.691,0,0.0,0.0,0,0,0,0,0,0,
K16_R0.90_T1_H1_N3_S8020_PERIODIC_inprocess,8020,16,0.9,1,1,N3,0.75,20.0,,PERIODIC,inprocess,a001bfeeb5867844935732fd53d5171a4db1601a8028b1354038867e82d5aee6,0c9fb2d0ce39f54f2217ba7291872bf915a5d5f20948d27a4b9e76b92710b30c,0.839,0,123,96,4,100,23,81.30081300813008,83.57487922705315,79.48717948717949,100.0,82.14285714285714,85.18518518518519,1649,16.49,0,0,0,0,12,0,0,0,0,0,5.6458,3.8727,8346,2160197,642,113,108,0.2385101657269776,11,0.456776,0.199575,31,10.651000000000002,32.824,53.6,0,0.0,0.0,0,0,0,0,0,0,
K16_R0.90_T1_H1_N3_S8020_CENTRAL_inprocess,8020,16,0.9,1,1,N3,0.75,20.0,,CENTRAL,inprocess,a001bfeeb5867844935732fd53d5171a4db1601a8028b1354038867e82d5aee6,e9bf8aa6bb38ce2ce471739c7bef053d2cb407c9a9164fd0acb2df5ce0349644,4.292,0,123,95,5,100,23,81.30081300813008,83.57487922705315,84.61538461538461,94.44444444444444,79.76190476190476,77.77777777777777,1733,17.33,0,0,0,0,12,0,0,0,0,0,5.6484,3.8727,12340,2477044,1106,182,127,0.44494995450409464,15,3.784694,0.2507,237,14.942,37.376,56.243,0,0.0,0.0,0,0,0,0,0,0,
K16_R0.90_T1_H1_N3_S8020_CENTRAL_FB_inprocess,8020,16,0.9,1,1,N3,0.75,20.0,,CENTRAL_FB,inprocess,a001bfeeb5867844935732fd53d5171a4db1601a8028b1354038867e82d5aee6,b2e4f24f7c0ab2cef0d6e71f9a380d236656e4b7871953293b0d20703a62e426,4.164,0,123,96,5,101,22,82.11382113821138,85.02415458937197,87.17948717948718,100.0,79.76190476190476,81.48148148148148,1679,16.623762376237625,0,0,0,0,10,0,0,0,0,0,5.6348,3.8727,12251,2470522,1102,180,127,0.43700987880639575,11,3.59647,0.25115,231,13.100000000000001,41.298,53.907999999999994,73,0.089,2.9589999999999996,0,0,0,0,0,0,
K16_R0.90_T1_H1_N3_S8020_CENTRAL_FOG_inprocess,8020,16,0.9,1,1,N3,0.75,20.0,,CENTRAL_FOG,inprocess,a001bfeeb5867844935732fd53d5171a4db1601a8028b1354038867e82d5aee6,8ddc7289052cc12dcb9778a06844fe611113fe6707bcddcee0a79d4bc4da299e,4.238,0,123,95,5,100,23,81.30081300813008,83.57487922705315,84.61538461538461,94.44444444444444,79.76190476190476,77.77777777777777,1733,17.33,0,0,0,0,12,0,0,0,0,0,5.6484,3.8727,12340,2477044,1106,182,127,0.44494995450409464,15,3.769466,0.235928,237,13.854,38.524,76.924,0,0.0,0.0,0,0,0,0,0,0,
K16_R0.90_T1_H1_N3_S8020_HYBRID_inprocess,8020,16,0.9,1,1,N3,0.75,20.0,,HYBRID,inprocess,a001bfeeb5867844935732fd53d5171a4db1601a8028b1354038867e82d5aee6,2bd25514e7cd33a5def92dc17595feba5b572fad4f1fe96a76b156adc1337a47,4.202,0,123,96,5,101,22,82.11382113821138,85.02415458937197,87.17948717948718,100.0,79.76190476190476,81.48148148148148,1679,16.623762376237625,0,0,0,0,10,0,0,0,0,0,5.6348,3.8727,12251,2470522,1102,180,127,0.43700987880639575,11,3.684695,0.24278299999999997,231,14.612,40.788,68.86,73,0.087,3.3649999999999998,0,0,0,0,0,0,
K16_R0.90_T1_H1_N3_S8020_EDGE_MARKET_inprocess,8020,16,0.9,1,1,N3,0.75,20.0,,EDGE_MARKET,inprocess,a001bfeeb5867844935732fd53d5171a4db1601a8028b1354038867e82d5aee6,177fed96dff4ac62ea44c24f12f0eb4a60ab231290840a5c1b2e819b5c17c700,0.833,0,123,91,5,96,27,78.04878048780488,81.64251207729468,79.48717948717949,94.44444444444444,77.38095238095238,81.48148148148148,1762,18.354166666666668,8,8,0,0,9,0,0,0,0,0,5.6457,3.8727,10368,2643462,862,178,127,0.3919788119561105,6,0.069184,0.5668030000000002,181,0.118,0.36200000000000004,0.502,2630,0.475,6.339,0,53,0,0,0,0,
K16_R0.90_T1_H1_N3_S8020_HYBRID_EAGER_inprocess,8020,16,0.9,1,1,N3,0.75,20.0,,HYBRID_EAGER,inprocess,a001bfeeb5867844935732fd53d5171a4db1601a8028b1354038867e82d5aee6,171e59d259271f3e17d335f8d871f23bb6d804a42afca70f1407210552c9627c,4.085,0,123,96,4,100,23,81.30081300813008,83.09178743961353,84.61538461538461,83.33333333333333,79.76190476190476,79.62962962962963,1680,16.8,0,0,0,0,9,0,0,0,0,0,5.6534,3.8727,12087,2484927,1049,170,126,0.40619817578772804,13,3.600893,0.26513000000000003,222,14.834,40.751000000000005,54.428,103,0.102,2.989,0,1,0,0,0,0,
K8_R0.75_T1_H1_N4_S8001_STATIC_inprocess,8001,8,0.75,1,1,N4,0.98,3.0,,STATIC,inprocess,1515dd241a9158e3f2b0542fe2fbdff7b2014a306c27eda5ebafc47faf4b4ebc,addabf816dd8fedd4149e9c71d4f632e2814b851739fe78292fe652c9d9fc2a3,0.101,0,51,42,2,44,7,86.27450980392157,79.76190476190476,61.111111111111114,57.142857142857146,100.0,95.0,711,16.15909090909091,0,0,0,0,5,0,0,0,0,0,5.6056,3.9318,3847,1040797,53,29,110,0.5241554667635306,0,0.013577,0.048554,76,0.005,0.166,0.49200000000000005,0,0.0,0.0,0,2,0,0,0,0,
K8_R0.75_T1_H1_N4_S8001_PERIODIC_inprocess,8001,8,0.75,1,1,N4,0.98,3.0,,PERIODIC,inprocess,1515dd241a9158e3f2b0542fe2fbdff7b2014a306c27eda5ebafc47faf4b4ebc,d2727dd27c5a0056cdc07b24370ed0efcc3e9d09b3aa2006fc33c2551684b3b9,0.169,0,51,43,2,45,6,88.23529411764706,84.52380952380952,77.77777777777777,57.142857142857146,93.93939393939394,95.0,767,17.044444444444444,0,0,0,0,6,0,0,0,0,0,5.633,3.9318,4100,1036377,54,23,117,0.38984737889847376,1,0.080284,0.048678000000000006,23,0.435,9.997,10.091,0,0.0,0.0,0,0,0,0,0,0,
K8_R0.75_T1_H1_N4_S8001_EDGE_MARKET_inprocess,8001,8,0.75,1,1,N4,0.98,3.0,,EDGE_MARKET,inprocess,1515dd241a9158e3f2b0542fe2fbdff7b2014a306c27eda5ebafc47faf4b4ebc,ec86520203dd2521543874fb5c48c21235a999abdc3ae3d6e46d2b2916cfd641,0.164,0,51,40,2,42,9,82.3529411764706,82.14285714285714,77.77777777777777,85.71428571428571,84.84848484848484,85.0,707,16.833333333333332,0,0,0,0,4,0,0,0,0,0,5.7947,3.9318,4469,1148637,81,40,8,0.018355018587360595,1,0.017583,0.103647,87,0.039,0.083,0.11699999999999999,632,0.41300000000000003,2.6,0,16,0,0,0,0,
K8_R0.75_T1_H1_N4_S8001_CENTRAL_inprocess,8001,8,0.75,1,1,N4,0.98,3.0,,CENTRAL,inprocess,1515dd241a9158e3f2b0542fe2fbdff7b2014a306c27eda5ebafc47faf4b4ebc,e3781c6660eafffe5c8b029d752708cf076220993a82d1d58bcd0766c4932b5d,0.379,0,51,41,1,42,9,82.3529411764706,80.95238095238095,66.66666666666667,85.71428571428571,90.9090909090909,95.0,677,16.11904761904762,0,0,0,0,4,0,0,0,0,0,5.609,3.9318,4550,1061537,65,34,121,0.5437229437229437,0,0.286592,0.05069099999999999,63,2.685,11.476,12.817,0,0.0,0.0,0,1,0,0,0,0,
K8_R0.75_T1_H1_N4_S8001_CENTRAL_FB_inprocess,8001,8,0.75,1,1,N4,0.98,3.0,,CENTRAL_FB,inprocess,1515dd241a9158e3f2b0542fe2fbdff7b2014a306c27eda5ebafc47faf4b4ebc,0164d7de3d5ee6c64a22399898ce9ec38f2fec25ec52f9d421ced65099863b4f,0.384,0,51,42,1,43,8,84.31372549019608,83.33333333333333,77.77777777777777,85.71428571428571,87.87878787878788,90.0,695,16.162790697674417,0,0,0,0,5,0,0,0,0,0,5.6465,3.9318,4574,1092549,72,33,121,0.5422171165996553,0,0.289061,0.052568,65,2.404,11.289,12.933,27,0.027,0.041,0,0,0,0,0,0,
K8_R0.75_T1_H1_N4_S8001_HYBRID_inprocess,8001,8,0.75,1,1,N4,0.98,3.0,,HYBRID,inprocess,1515dd241a9158e3f2b0542fe2fbdff7b2014a306c27eda5ebafc47faf4b4ebc,26f1ce5a05cc09bb10fed23bfa081fa5ef299e829fced80fc2f9af73141f3f22,0.386,0,51,45,2,47,4,92.15686274509804,95.23809523809524,100.0,100.0,87.87878787878788,100.0,785,16.70212765957447,0,0,0,0,7,0,0,0,0,0,5.6195,3.9318,4803,1160756,92,58,9,0.022203061004526837,2,0.268674,0.072301,97,0.07100000000000001,9.631,12.95,240,0.374,0.441,0,7,0,0,0,0,
K8_R0.75_T1_H1_N4_S8001_HYBRID_EAGER_inprocess,8001,8,0.75,1,1,N4,0.98,3.0,,HYBRID_EAGER,inprocess,1515dd241a9158e3f2b0542fe2fbdff7b2014a306c27eda5ebafc47faf4b4ebc,067accea38c84771a13b854b70713f8383582b269527439cb7c0dcf22479d3eb,0.387,0,51,45,2,47,4,92.15686274509804,95.23809523809524,100.0,100.0,87.87878787878788,100.0,785,16.70212765957447,0,0,0,0,7,0,0,0,0,0,5.6195,3.9318,4803,1160756,92,58,9,0.022203061004526837,2,0.266451,0.076125,97,0.073,9.584,14.742999999999999,250,0.39,0.444,0,7,0,0,0,0,
K8_R0.75_T1_H1_N4_S8001_CENTRAL_FOG_inprocess,8001,8,0.75,1,1,N4,0.98,3.0,,CENTRAL_FOG,inprocess,1515dd241a9158e3f2b0542fe2fbdff7b2014a306c27eda5ebafc47faf4b4ebc,077ea0296d7c22c4ba09112888ea96621104274939e9e0c04d4bad3e2be3bcd9,0.616,0,51,44,2,46,5,90.19607843137256,92.85714285714286,100.0,100.0,84.84848484848484,95.0,804,17.47826086956522,0,0,0,0,6,0,0,0,0,0,5.6576,3.9318,5250,1149122,94,50,9,0.026719056974459726,1,0.51247,0.056217,113,4.002000000000001,9.75,13.05,0,0.0,0.0,0,0,0,0,0,0,
K8_R1.05_T1_H1_N4_S8001_STATIC_inprocess,8001,8,1.05,1,1,N4,0.98,3.0,,STATIC,inprocess,db66bfee6abc011066fe760bfbe0d7d493dccff53c3d107c9ece1e9a284b8349,0ce2fe17673a5b6498f8016209809b1254e36f4f692a8878594e9c55a67cf6c0,0.112,0,72,53,3,56,16,77.77777777777777,71.17117117117117,35.294117647058826,16.666666666666668,90.9090909090909,90.2439024390244,805,14.375,0,0,0,0,8,0,0,0,0,0,5.6284,3.8615,3864,1076851,55,25,119,0.6126938333934367,0,0.016622,0.051632,146,0.006,0.196,0.6040000000000001,0,0.0,0.0,0,2,0,0,0,0,
K8_R1.05_T1_H1_N4_S8001_PERIODIC_inprocess,8001,8,1.05,1,1,N4,0.98,3.0,,PERIODIC,inprocess,db66bfee6abc011066fe760bfbe0d7d493dccff53c3d107c9ece1e9a284b8349,80d9bb0d58a06d6e3ed550027dff7e6cf809101d15a2ff592d4ceb1a5de90fd3,0.306,0,72,56,2,58,14,80.55555555555556,81.08108108108108,76.47058823529412,83.33333333333333,81.81818181818181,85.36585365853658,835,14.39655172413793,0,0,0,0,6,0,0,0,0,0,5.6177,3.8615,4168,1104448,53,35,119,0.5195983155166829,1,0.205578,0.054475,23,0.9970000000000001,26.925,31.600999999999996,0,0.0,0.0,0,0,0,0,0,0,
K8_R1.05_T1_H1_N4_S8001_EDGE_MARKET_inprocess,8001,8,1.05,1,1,N4,0.98,3.0,,EDGE_MARKET,inprocess,db66bfee6abc011066fe760bfbe0d7d493dccff53c3d107c9ece1e9a284b8349,6e5ed82589a90f87b0afa9cdda105b8749dbda90f79fa5b0dfb5b55cc3528965,0.282,0,72,55,2,57,15,79.16666666666667,83.78378378378379,88.23529411764706,83.33333333333333,76.36363636363636,78.04878048780488,869,15.24561403508772,0,0,0,0,8,0,0,0,0,0,5.6338,3.8615,4915,1340625,92,38,8,0.015157894736842105,0,0.022473,0.20477800000000002,137,0.041999999999999996,0.08600000000000001,0.237,1039,0.44499999999999995,2.891,0,32,0,0,0,0,
K4_R0.90_T1_H1_N4_S8001_STATIC_inprocess,8001,4,0.9,1,1,N4,0.98,3.0,,STATIC,inprocess,ed24925372e2d8510525cea8f9d79fff64ec28fe978c02d439d5fab68435a448,599cce70c03f71414e3eb702d060b0bdaaa75ca887e990bb688b1e270909baeb,0.051,0,31,25,1,26,5,83.87096774193549,82.45614035087719,80.0,75.0,85.71428571428571,93.75,370,14.23076923076923,0,0,0,0,3,0,0,0,0,0,5.6293,3.9391,1937,552905,29,13,117,0.6743350107836089,0,0.007245,0.024721,84,0.004,0.08399999999999999,0.217,0,0.0,0.0,0,1,0,0,0,0,
K4_R0.90_T1_H1_N4_S8001_PERIODIC_inprocess,8001,4,0.9,1,1,N4,0.98,3.0,,PERIODIC,inprocess,ed24925372e2d8510525cea8f9d79fff64ec28fe978c02d439d5fab68435a448,155550a70be78a16d27fed5ff4c23e3922708ed7352133f3364e8ea137418959,0.074,0,31,25,1,26,5,83.87096774193549,80.70175438596492,70.0,50.0,90.47619047619048,87.5,365,14.038461538461538,0,0,0,0,3,0,0,0,0,0,5.6312,3.9391,2041,549924,33,16,109,0.5160642570281124,0,0.030412,0.024377,23,0.2,3.953,4.585,0,0.0,0.0,0,1,0,0,0,0,
K8_R1.05_T1_H1_N4_S8001_CENTRAL_inprocess,8001,8,1.05,1,1,N4,0.98,3.0,,CENTRAL,inprocess,db66bfee6abc011066fe760bfbe0d7d493dccff53c3d107c9ece1e9a284b8349,c7f2f69018f3f32befe609244e689dfb44450077198b67471ce2aaa0386b31c9,0.838,0,72,56,2,58,14,80.55555555555556,81.98198198198199,82.3529411764706,83.33333333333333,80.0,80.48780487804878,846,14.586206896551724,0,0,0,0,8,0,0,0,0,0,5.6359,3.8615,4918,1218293,67,30,119,0.4468529642204231,0,0.727127,0.06014599999999999,67,6.742,25.108999999999998,33.18,0,0.0,0.0,0,1,0,0,0,0,
K8_R1.05_T1_H1_N4_S8001_CENTRAL_FB_inprocess,8001,8,1.05,1,1,N4,0.98,3.0,,CENTRAL_FB,inprocess,db66bfee6abc011066fe760bfbe0d7d493dccff53c3d107c9ece1e9a284b8349,92125e04f1baa55e4904d32a7e377fb999a545c8b4099977bede26e0fac9bef6,0.855,0,72,58,1,59,13,81.94444444444444,83.78378378378379,82.3529411764706,83.33333333333333,81.81818181818181,80.48780487804878,878,14.88135593220339,0,0,0,0,8,0,0,0,0,0,5.6339,3.8615,4918,1218603,67,34,119,0.4457485654668753,0,0.742314,0.061724,65,7.248,25.61,32.542,29,0.092,0.101,0,0,0,0,0,0,
K4_R0.90_T1_H1_N4_S8001_CENTRAL_inprocess,8001,4,0.9,1,1,N4,0.98,3.0,,CENTRAL,inprocess,ed24925372e2d8510525cea8f9d79fff64ec28fe978c02d439d5fab68435a448,ca77a5d8c4d2d29b5e8f61de1bbecbf4fc0c2500becd419bffdbca9bc2843857,0.127,0,31,27,1,28,3,90.3225806451613,89.47368421052632,80.0,75.0,95.23809523809524,93.75,392,14.0,0,0,0,0,4,0,0,0,0,0,5.643,3.9391,2237,582991,34,16,115,0.3856132075471698,1,0.079493,0.026379,54,1.077,3.139,5.101999999999999,0,0.0,0.0,0,0,0,0,0,0,
K8_R1.05_T1_H1_N4_S8001_HYBRID_EAGER_inprocess,8001,8,1.05,1,1,N4,0.98,3.0,,HYBRID_EAGER,inprocess,db66bfee6abc011066fe760bfbe0d7d493dccff53c3d107c9ece1e9a284b8349,c09554018082fe8ee793b4afac53df551f71ff6bf77dd3167d191ded7296c83a,0.876,0,72,57,1,58,14,80.55555555555556,85.58558558558559,94.11764705882354,100.0,76.36363636363636,78.04878048780488,838,14.448275862068966,0,0,0,0,8,0,0,0,0,0,5.6359,3.8615,5333,1288445,84,46,8,0.015808752650857915,0,0.714591,0.108545,120,0.077,23.828,30.631,408,0.415,2.811,0,15,0,0,0,0,
K4_R0.90_T1_H1_N4_S8001_CENTRAL_FB_inprocess,8001,4,0.9,1,1,N4,0.98,3.0,,CENTRAL_FB,inprocess,ed24925372e2d8510525cea8f9d79fff64ec28fe978c02d439d5fab68435a448,bee11cb131cf26bfbe4be12724ada950ac367697f129dd1172cb645ec9df59af,0.112,0,31,25,1,26,5,83.87096774193549,84.21052631578948,80.0,75.0,85.71428571428571,100.0,377,14.5,0,0,0,0,3,0,0,0,0,0,5.6274,3.9391,2135,559123,38,19,115,0.40934933670246365,0,0.065502,0.025681000000000002,40,1.416,4.195,5.09,12,0.039,0.101,0,0,0,0,0,0,
K4_R0.90_T1_H1_N4_S8001_CENTRAL_FOG_inprocess,8001,4,0.9,1,1,N4,0.98,3.0,,CENTRAL_FOG,inprocess,ed24925372e2d8510525cea8f9d79fff64ec28fe978c02d439d5fab68435a448,a687c4eedc250e3a92d6a3c6c96ac22b2f04d829b4938790a6cf90b4e7dd5699,0.145,0,31,27,1,28,3,90.3225806451613,91.2280701754386,90.0,75.0,90.47619047619048,100.0,384,13.714285714285714,0,0,0,0,4,0,0,0,0,0,5.6657,3.9391,2315,594916,55,27,6,0.012544802867383513,1,0.09557,0.027362,65,1.077,3.144,5.023,0,0.0,0.0,0,0,0,0,0,0,
K4_R0.90_T1_H1_N4_S8001_HYBRID_inprocess,8001,4,0.9,1,1,N4,0.98,3.0,,HYBRID,inprocess,ed24925372e2d8510525cea8f9d79fff64ec28fe978c02d439d5fab68435a448,f2ba37bada56e0866eda4771f425e55ff2348813ca2e78609bce46869d194f88,0.121,0,31,25,1,26,5,83.87096774193549,85.96491228070175,80.0,75.0,85.71428571428571,100.0,403,15.5,0,0,0,0,4,0,0,0,0,0,5.6503,3.9391,2232,591604,48,20,6,0.010232558139534883,0,0.070466,0.028285,59,0.047,3.166,5.118,52,0.031,0.11,0,3,0,0,0,0,
K4_R0.90_T1_H1_N4_S8001_EDGE_MARKET_inprocess,8001,4,0.9,1,1,N4,0.98,3.0,,EDGE_MARKET,inprocess,ed24925372e2d8510525cea8f9d79fff64ec28fe978c02d439d5fab68435a448,68894c6c70cad6d909086f593ca6483c9228b2c478fa2d822078e72a0dbc60e0,0.083,0,31,26,1,27,4,87.09677419354838,91.2280701754386,100.0,100.0,80.95238095238095,93.75,374,13.851851851851851,0,0,0,0,3,0,0,0,0,0,5.6593,3.9502,2081,584340,37,20,6,0.007477567298105683,0,0.009198,0.052342,50,0.022,0.027,0.032,187,0.424,2.837,0,5,0,0,0,0,
K4_R0.90_T1_H1_N4_S8001_HYBRID_EAGER_inprocess,8001,4,0.9,1,1,N4,0.98,3.0,,HYBRID_EAGER,inprocess,ed24925372e2d8510525cea8f9d79fff64ec28fe978c02d439d5fab68435a448,418f4d188e14ed44782b083f2015cbfacd947c6f75c5b3c779c98077c1a2059e,0.122,0,31,25,1,26,5,83.87096774193549,85.96491228070175,80.0,75.0,85.71428571428571,100.0,403,15.5,0,0,0,0,4,0,0,0,0,0,5.6503,3.9391,2232,591604,48,20,6,0.010232558139534883,0,0.070089,0.029962,59,0.05,3.202,4.926,57,0.031,0.11,0,3,0,0,0,0,
K8_R1.05_T1_H1_N4_S8001_HYBRID_inprocess,8001,8,1.05,1,1,N4,0.98,3.0,,HYBRID,inprocess,db66bfee6abc011066fe760bfbe0d7d493dccff53c3d107c9ece1e9a284b8349,4b1951835db166cb1886559e1f9145e088c7fd02a2e22fba02ac086ac8e33afe,0.892,0,72,57,1,58,14,80.55555555555556,85.58558558558559,94.11764705882354,100.0,76.36363636363636,78.04878048780488,838,14.448275862068966,0,0,0,0,8,0,0,0,0,0,5.6359,3.8615,5333,1288457,84,46,8,0.015808752650857915,0,0.734821,0.103926,120,0.076,24.451,32.543,399,0.432,2.7390000000000003,0,15,0,0,0,0,
K8_R1.05_T1_H1_N4_S8001_CENTRAL_FOG_inprocess,8001,8,1.05,1,1,N4,0.98,3.0,,CENTRAL_FOG,inprocess,db66bfee6abc011066fe760bfbe0d7d493dccff53c3d107c9ece1e9a284b8349,c8b4322c8679e848b0e76cc1d1cb1e3452b27b8a84b453885f1a1415361b8fe1,1.49,0,72,56,2,58,14,80.55555555555556,84.68468468468468,82.3529411764706,100.0,80.0,78.04878048780488,796,13.724137931034482,0,0,0,0,7,0,0,0,0,0,5.6263,3.8615,5956,1271651,111,41,8,0.01880607315389924,0,1.369598,0.06384999999999999,129,9.874,23.771,32.632,0,0.0,0.0,0,0,0,0,0,0,
K16_R0.90_T1_H1_N4_S8001_STATIC_inprocess,8001,16,0.9,1,1,N4,0.98,3.0,,STATIC,inprocess,19a2679d4aefe7729334851fd09b5afca7c06b1fd4baf542211b96a5c56f6123,abec25b6bc29938c7d955a42299f8a9932e8084718e488c70fd90020492465f4,0.281,0,123,97,3,100,23,81.30081300813008,74.11167512690355,52.77777777777778,42.857142857142854,93.10344827586206,86.53846153846153,1497,14.97,0,0,0,0,15,0,0,0,0,0,5.6672,3.8601,7709,2135685,119,43,118,0.5847350334599385,1,0.041363,0.114927,146,0.008,0.5810000000000001,2.1519999999999997,0,0.0,0.0,0,3,0,0,0,0,
K16_R0.90_T1_H1_N4_S8001_PERIODIC_inprocess,8001,16,0.9,1,1,N4,0.98,3.0,,PERIODIC,inprocess,19a2679d4aefe7729334851fd09b5afca7c06b1fd4baf542211b96a5c56f6123,bc37dba2b62951225ed341d34a7ecedc8b42dd48808862a10e09089477897077,0.651,0,123,94,3,97,26,78.86178861788618,78.68020304568527,75.0,57.142857142857146,80.45977011494253,80.76923076923077,1615,16.649484536082475,0,0,0,0,13,0,0,0,0,0,5.6962,3.8601,8303,2203705,130,48,118,0.5114118030648842,0,0.402669,0.121114,23,3.1310000000000002,50.861000000000004,51.616,0,0.0,0.0,0,2,0,0,0,0,
K16_R0.90_T1_H1_N4_S8001_EDGE_MARKET_inprocess,8001,16,0.9,1,1,N4,0.98,3.0,,EDGE_MARKET,inprocess,19a2679d4aefe7729334851fd09b5afca7c06b1fd4baf542211b96a5c56f6123,799773f62c12ac3d063ac15f326c223085463ff2a6490ac8b9ea4c6afc42fc99,0.756,0,123,96,2,98,25,79.67479674796748,82.74111675126903,86.11111111111111,85.71428571428571,77.01149425287356,88.46153846153847,1585,16.1734693877551,0,0,0,0,13,0,0,0,0,0,5.6902,3.8601,11164,2889548,243,103,13,0.03618572879165513,0,0.049258,0.567222,187,0.078,0.28400000000000003,0.368,3350,0.417,2.932,0,50,0,0,0,0,
K8_R0.75_T1_H1_N4_S8002_STATIC_inprocess,8002,8,0.75,1,1,N4,0.98,3.0,,STATIC,inprocess,0120dbdc8b6d09d32e102e7d1448612b941af6a58a1cafe6e22d99eac30f5dcb,2aa6b41e9f733f3320076caeafab646668e07bc194006cc7573c99a6ab281a4d,0.098,0,51,48,1,49,2,96.07843137254902,94.5945945945946,90.9090909090909,50.0,97.5,100.0,577,11.775510204081632,0,0,0,0,3,0,0,0,0,0,5.6282,3.9177,3846,1052100,55,25,118,0.6423410404624278,0,0.01172,0.048776,9,0.152,0.262,0.262,0,0.0,0.0,0,1,0,0,0,0,
K8_R0.75_T1_H1_N4_S8002_PERIODIC_inprocess,8002,8,0.75,1,1,N4,0.98,3.0,,PERIODIC,inprocess,0120dbdc8b6d09d32e102e7d1448612b941af6a58a1cafe6e22d99eac30f5dcb,cfc7c8e0c8b75af82d5aff39aeb34b97cf7fe0e19eadb8511422d58e954a0a43,0.173,0,51,48,1,49,2,96.07843137254902,94.5945945945946,90.9090909090909,50.0,97.5,100.0,583,11.89795918367347,0,0,0,0,2,0,0,0,0,0,5.8687,3.9177,4043,1069175,63,22,118,0.5857528696826468,0,0.084865,0.049374,23,0.07200000000000001,11.793,14.58,0,0.0,0.0,0,1,0,0,0,0,
K16_R0.90_T1_H1_N4_S8001_CENTRAL_inprocess,8001,16,0.9,1,1,N4,0.98,3.0,,CENTRAL,inprocess,19a2679d4aefe7729334851fd09b5afca7c06b1fd4baf542211b96a5c56f6123,dbb481fb4106353e2a6f741a4999ea7de18a33ec05a3a23e62c505205a8b368a,2.234,0,123,94,2,96,27,78.04878048780488,78.68020304568527,80.55555555555556,57.142857142857146,77.01149425287356,76.92307692307692,1676,17.458333333333332,14,14,0,0,12,0,0,0,0,0,5.6674,3.8601,10002,2321879,166,86,121,0.7439459597247005,0,1.972504,0.12631299999999998,87,21.845,44.969,52.435,0,0.0,0.0,0,2,0,0,0,0,
K8_R0.75_T1_H1_N4_S8002_CENTRAL_inprocess,8002,8,0.75,1,1,N4,0.98,3.0,,CENTRAL,inprocess,0120dbdc8b6d09d32e102e7d1448612b941af6a58a1cafe6e22d99eac30f5dcb,be8b21f0718ae48fc01e4ea52e020f3a5985a752103c1b3d6666187085c1d4c0,0.348,0,51,49,1,50,1,98.03921568627452,98.64864864864865,100.0,100.0,97.5,100.0,573,11.46,0,0,0,0,3,0,0,0,0,0,5.625,3.9177,4310,1081088,66,37,118,0.5420388050508161,0,0.257463,0.050382,50,1.034,14.519,16.331,0,0.0,0.0,0,1,0,0,0,0,
K16_R0.90_T1_H1_N4_S8001_CENTRAL_FB_inprocess,8001,16,0.9,1,1,N4,0.98,3.0,,CENTRAL_FB,inprocess,19a2679d4aefe7729334851fd09b5afca7c06b1fd4baf542211b96a5c56f6123,3d1a109026732fa8a8d0fa93797d7f739644ef5852651e065d9f0c7efa431a18,2.277,0,123,92,2,94,29,76.42276422764228,75.63451776649747,69.44444444444444,50.0,79.3103448275862,73.07692307692308,1496,15.914893617021276,0,0,0,0,11,0,0,0,0,0,5.6674,3.8601,10079,2322503,164,83,121,0.7384945151935444,0,2.012794,0.128735,92,21.479000000000003,43.241,48.455,55,0.08399999999999999,0.091,0,2,0,0,0,0,
K16_R0.90_T1_H1_N4_S8001_HYBRID_inprocess,8001,16,0.9,1,1,N4,0.98,3.0,,HYBRID,inprocess,19a2679d4aefe7729334851fd09b5afca7c06b1fd4baf542211b96a5c56f6123,60252d98e4d75602de3dfa587be27af3d30f024922b143d684f13d97d3de5e40,2.535,0,123,98,3,101,22,82.11382113821138,84.26395939086295,83.33333333333333,78.57142857142857,81.60919540229885,82.6923076923077,1614,15.98019801980198,8,8,0,0,12,0,0,0,0,0,5.6712,3.8601,12570,2829522,260,128,12,0.043659213318100215,0,1.983825,0.402558,170,0.205,41.924,47.931000000000004,2062,0.415,3.83,0,46,0,0,0,0,
K8_R0.75_T1_H1_N4_S8002_CENTRAL_FB_inprocess,8002,8,0.75,1,1,N4,0.98,3.0,,CENTRAL_FB,inprocess,0120dbdc8b6d09d32e102e7d1448612b941af6a58a1cafe6e22d99eac30f5dcb,fcdf335f29f6af1a2ee9d9242d69820bf8da0895e593c30350ee4fb3b351f7e3,0.352,0,51,49,1,50,1,98.03921568627452,98.64864864864865,100.0,100.0,97.5,100.0,568,11.36,0,0,0,0,3,0,0,0,0,0,5.625,3.9177,4342,1098787,75,30,118,0.5268158136684034,0,0.260843,0.05132899999999999,53,1.0410000000000001,14.18,16.711,27,0.031,0.08399999999999999,0,0,0,0,0,0,
K8_R0.75_T1_H1_N4_S8002_HYBRID_inprocess,8002,8,0.75,1,1,N4,0.98,3.0,,HYBRID,inprocess,0120dbdc8b6d09d32e102e7d1448612b941af6a58a1cafe6e22d99eac30f5dcb,a73384109407bfdfbb9d315a41eecd16911b16456a987ef401f24b21e1868d10,0.365,0,51,50,1,51,0,100.0,100.0,100.0,100.0,100.0,100.0,616,12.07843137254902,0,0,0,0,5,0,0,0,0,0,5.6316,3.9177,4448,1109985,90,43,4,0.014166279609846726,0,0.265925,0.056368,64,0.76,14.328999999999999,16.566000000000003,76,0.087,0.40099999999999997,0,1,0,0,0,0,
K8_R0.75_T1_H1_N4_S8002_CENTRAL_FOG_inprocess,8002,8,0.75,1,1,N4,0.98,3.0,,CENTRAL_FOG,inprocess,0120dbdc8b6d09d32e102e7d1448612b941af6a58a1cafe6e22d99eac30f5dcb,164c09112768b0e277ec2387006c2803406a596f6aae0a938b0eaa641ca4363d,0.462,0,51,49,1,50,1,98.03921568627452,98.64864864864865,100.0,100.0,97.5,100.0,581,11.62,0,0,0,0,4,0,0,0,0,0,5.7039,3.9177,4782,1120735,84,52,4,0.014190496667383359,1,0.364763,0.05381300000000001,85,2.2390000000000003,14.061,16.715,0,0.0,0.0,0,0,0,0,0,0,
K8_R0.75_T1_H1_N4_S8002_EDGE_MARKET_inprocess,8002,8,0.75,1,1,N4,0.98,3.0,,EDGE_MARKET,inprocess,0120dbdc8b6d09d32e102e7d1448612b941af6a58a1cafe6e22d99eac30f5dcb,14abb82da91b8b169a921d6a283ca64eac2aa6c3e269fecca8e9dedbd416c9b2,0.14,0,51,48,1,49,2,96.07843137254902,97.29729729729729,100.0,100.0,95.0,96.15384615384616,647,13.204081632653061,0,0,0,0,4,0,0,0,0,0,5.658,3.9177,4067,1070562,80,33,2,0.004081632653061225,0,0.01566,0.082785,33,0.041,0.047,0.08399999999999999,308,0.428,2.7889999999999997,0,4,0,0,0,0,
K16_R0.90_T1_H1_N4_S8001_HYBRID_EAGER_inprocess,8001,16,0.9,1,1,N4,0.98,3.0,,HYBRID_EAGER,inprocess,19a2679d4aefe7729334851fd09b5afca7c06b1fd4baf542211b96a5c56f6123,f817ebfa2a0b2070726bcbc6c5fec010cdcccb38e5c69895b89db27240c85dd7,2.572,0,123,98,3,101,22,82.11382113821138,84.26395939086295,83.33333333333333,78.57142857142857,81.60919540229885,82.6923076923077,1614,15.98019801980198,8,8,0,0,12,0,0,0,0,0,5.6712,3.8601,12570,2829518,260,128,12,0.043659213318100215,0,2.010615,0.416358,170,0.20900000000000002,41.93,48.402,2078,0.421,3.666,0,46,0,0,0,0,
K8_R0.75_T1_H1_N4_S8002_HYBRID_EAGER_inprocess,8002,8,0.75,1,1,N4,0.98,3.0,,HYBRID_EAGER,inprocess,0120dbdc8b6d09d32e102e7d1448612b941af6a58a1cafe6e22d99eac30f5dcb,2815fca865c69b013ae4f04a8eb64a7744affd77fd1cc4d968b112786f76cc2a,0.371,0,51,50,1,51,0,100.0,100.0,100.0,100.0,100.0,100.0,616,12.07843137254902,0,0,0,0,5,0,0,0,0,0,5.6316,3.9177,4448,1109985,90,43,4,0.014166279609846726,0,0.267829,0.060599,64,0.751,14.264000000000001,18.326999999999998,88,0.087,0.40700000000000003,0,1,0,0,0,0,
K8_R1.05_T1_H1_N4_S8002_STATIC_inprocess,8002,8,1.05,1,1,N4,0.98,3.0,,STATIC,inprocess,f0cf5447bd458f9e6a2745acded9d43c45496112ac0df873530ebacd0ddb431f,1abf352a76e0d0043f0005e9edcc879dad899646e86ca606d330d360a52d4896,0.112,0,72,56,0,56,16,77.77777777777777,71.05263157894737,44.44444444444444,30.0,88.88888888888889,83.33333333333333,754,13.464285714285714,0,0,0,0,6,0,0,0,0,0,5.6465,3.8626,3871,1066301,61,28,120,0.601506456241033,2,0.015771,0.051752000000000006,146,0.005,0.185,0.389,0,0.0,0.0,0,2,0,0,0,0,
K8_R1.05_T1_H1_N4_S8002_PERIODIC_inprocess,8002,8,1.05,1,1,N4,0.98,3.0,,PERIODIC,inprocess,f0cf5447bd458f9e6a2745acded9d43c45496112ac0df873530ebacd0ddb431f,4e1e75af2cb4a9e37edc5166b1bbc528ce1fe03a69c0370fa268e1de2c115741,0.268,0,72,55,0,55,17,76.38888888888889,72.80701754385964,61.111111111111114,50.0,81.48148148148148,75.0,860,15.636363636363637,1,1,0,0,6,0,0,0,0,0,5.6331,3.8626,4148,1125854,78,42,120,0.5716617695070193,0,0.167124,0.055035,23,0.9179999999999999,23.654,26.713,0,0.0,0.0,0,0,0,0,0,0,
K8_R1.05_T1_H1_N4_S8002_CENTRAL_inprocess,8002,8,1.05,1,1,N4,0.98,3.0,,CENTRAL,inprocess,f0cf5447bd458f9e6a2745acded9d43c45496112ac0df873530ebacd0ddb431f,8b86fa2b65ba766a98a2cc1542c3623b30ead517811fd1dec46e2833f9bb0f54,0.833,0,72,57,0,57,15,79.16666666666667,76.3157894736842,66.66666666666667,50.0,83.33333333333333,83.33333333333333,827,14.508771929824562,0,0,0,0,8,0,0,0,0,0,5.6971,3.8626,4935,1154552,82,48,121,0.4599221789883268,2,0.725085,0.057858,73,5.758,26.306,30.977,0,0.0,0.0,0,0,0,0,0,0,
K8_R1.05_T1_H1_N4_S8002_CENTRAL_FB_inprocess,8002,8,1.05,1,1,N4,0.98,3.0,,CENTRAL_FB,inprocess,f0cf5447bd458f9e6a2745acded9d43c45496112ac0df873530ebacd0ddb431f,512bea6aa30fbf69bcc427302a14e83334d068d178009cc2bb2ff56c8d80274f,0.823,0,72,57,0,57,15,79.16666666666667,76.3157894736842,61.111111111111114,50.0,85.18518518518519,83.33333333333333,830,14.56140350877193,0,0,0,0,7,0,0,0,0,0,5.6437,3.8626,4894,1164942,76,46,121,0.47064989517819705,0,0.7148,0.05930399999999999,72,4.681,27.845000000000002,31.376,26,0.092,0.10500000000000001,0,0,0,0,0,0,
K8_R1.05_T1_H1_N4_S8002_HYBRID_inprocess,8002,8,1.05,1,1,N4,0.98,3.0,,HYBRID,inprocess,f0cf5447bd458f9e6a2745acded9d43c45496112ac0df873530ebacd0ddb431f,71342da479faae315d3d7338764895852bce163d9a5d23a885c0a9f8afa57d6e,0.893,0,72,56,0,56,16,77.77777777777777,84.21052631578948,88.88888888888889,100.0,74.07407407407408,79.16666666666667,778,13.892857142857142,0,0,0,0,6,0,0,0,0,0,6.758,3.8626,5546,1280245,121,59,5,0.022419862886788957,0,0.718745,0.120699,138,0.079,19.071,31.029999999999998,563,0.40900000000000003,0.9259999999999999,0,14,0,0,0,0,
K4_R0.90_T1_H1_N4_S8002_STATIC_inprocess,8002,4,0.9,1,1,N4,0.98,3.0,,STATIC,inprocess,078e49eee8f96481421581902805d9e0db6cd1fb0932d73a71938872a0d1c9d3,4c07615219e10dbc15a12bc052a66d25b72505ed1221702a2142ded8c1e3c33c,0.052,0,31,20,0,20,11,64.51612903225806,52.63157894736842,33.333333333333336,0.0,84.21052631578948,84.61538461538461,282,14.1,0,0,0,0,4,0,0,0,0,0,5.6263,3.9372,1933,548158,29,15,115,0.4098939929328622,0,0.007218,0.025281,74,0.005,0.09899999999999999,0.152,0,0.0,0.0,0,5,0,0,0,0,
K4_R0.90_T1_H1_N4_S8002_PERIODIC_inprocess,8002,4,0.9,1,1,N4,0.98,3.0,,PERIODIC,inprocess,078e49eee8f96481421581902805d9e0db6cd1fb0932d73a71938872a0d1c9d3,252c3288ca90b4fd4de02dd1637e646abf0ff369ca043628b04f3d951566a670,0.08,0,31,20,0,20,11,64.51612903225806,59.64912280701754,41.666666666666664,33.333333333333336,78.94736842105263,76.92307692307692,253,12.65,0,0,0,0,2,0,0,0,0,0,5.6085,3.9372,2055,561877,25,17,122,0.39195327709279687,0,0.034601,0.025356,23,0.36900000000000005,3.369,3.378,0,0.0,0.0,0,1,0,0,0,0,
K4_R0.90_T1_H1_N4_S8002_CENTRAL_inprocess,8002,4,0.9,1,1,N4,0.98,3.0,,CENTRAL,inprocess,078e49eee8f96481421581902805d9e0db6cd1fb0932d73a71938872a0d1c9d3,31c46892f2af1dba3bc35b30d333d488bfa48c7c22a9e967c7f5a708a999899f,0.11,0,31,20,0,20,11,64.51612903225806,63.1578947368421,50.0,33.333333333333336,73.6842105263158,84.61538461538461,273,13.65,0,0,0,0,3,0,0,0,0,0,5.6595,3.9372,2129,573596,35,13,116,0.393544382371198,0,0.063317,0.026685999999999998,39,1.413,3.91,4.22,0,0.0,0.0,0,3,0,0,0,0,
K8_R1.05_T1_H1_N4_S8002_EDGE_MARKET_inprocess,8002,8,1.05,1,1,N4,0.98,3.0,,EDGE_MARKET,inprocess,f0cf5447bd458f9e6a2745acded9d43c45496112ac0df873530ebacd0ddb431f,ff2e00b23a3494613293c6236c93ced5515a04e1451abc25aef9b2a0fc94fe03,0.302,0,72,56,0,56,16,77.77777777777777,78.0701754385965,72.22222222222223,70.0,79.62962962962963,91.66666666666667,794,14.178571428571429,0,0,0,0,6,0,0,0,0,0,7.7074,3.8626,5081,1339347,100,59,3,0.014557217953902144,0,0.022145,0.228019,130,0.043000000000000003,0.11699999999999999,0.199,1218,0.424,2.89,0,25,0,0,0,0,
K4_R0.90_T1_H1_N4_S8002_CENTRAL_FB_inprocess,8002,4,0.9,1,1,N4,0.98,3.0,,CENTRAL_FB,inprocess,078e49eee8f96481421581902805d9e0db6cd1fb0932d73a71938872a0d1c9d3,c72267215e70212d1f1aa74bd4f56fed4f001e60934f853ec5c1c52690d3cee2,0.107,0,31,19,0,19,12,61.29032258064516,52.63157894736842,33.333333333333336,0.0,78.94736842105263,69.23076923076923,258,13.578947368421053,0,0,0,0,2,0,0,0,0,0,5.5989,3.9372,2098,569627,35,12,116,0.37817258883248733,1,0.058494,0.027743,37,1.492,3.8089999999999997,3.927,12,0.111,0.443,0,3,0,0,0,0,
K4_R0.90_T1_H1_N4_S8002_HYBRID_inprocess,8002,4,0.9,1,1,N4,0.98,3.0,,HYBRID,inprocess,078e49eee8f96481421581902805d9e0db6cd1fb0932d73a71938872a0d1c9d3,c507eb22070892c4358adebadc72517093ee90f14fae98ee3a4c201d9df4cc69,0.115,0,31,21,0,21,10,67.74193548387096,68.42105263157895,58.333333333333336,66.66666666666667,73.6842105263158,76.92307692307692,292,13.904761904761905,0,0,0,0,4,0,0,0,0,0,5.6387,3.9372,2241,609714,48,16,2,0.01192113709307657,0,0.054311,0.03854,62,0.047,3.747,3.955,108,0.433,0.49200000000000005,0,11,0,0,0,0,
K8_R1.05_T1_H1_N4_S8002_HYBRID_EAGER_inprocess,8002,8,1.05,1,1,N4,0.98,3.0,,HYBRID_EAGER,inprocess,f0cf5447bd458f9e6a2745acded9d43c45496112ac0df873530ebacd0ddb431f,2cd4dba04b3370d72c1f2fa3c087c0a73a0b12f8e5490a15236839a496950028,0.996,0,72,56,0,56,16,77.77777777777777,79.82456140350877,88.88888888888889,80.0,74.07407407407408,83.33333333333333,865,15.446428571428571,0,0,0,0,6,0,0,0,0,0,6.2617,3.8626,5748,1351503,116,60,5,0.022646219686162625,0,0.780326,0.15952,145,0.079,23.965,31.776,608,0.40900000000000003,2.684,0,20,0,0,0,0,
K4_R0.90_T1_H1_N4_S8002_HYBRID_EAGER_inprocess,8002,4,0.9,1,1,N4,0.98,3.0,,HYBRID_EAGER,inprocess,078e49eee8f96481421581902805d9e0db6cd1fb0932d73a71938872a0d1c9d3,10766ce28e6e541655638e0059db99af1ec28d7e05a9444708998243f692acca,0.116,0,31,22,0,22,9,70.96774193548387,73.6842105263158,66.66666666666667,83.33333333333333,73.6842105263158,76.92307692307692,303,13.772727272727273,0,0,0,0,3,0,0,0,0,0,7.7305,3.9372,2237,610171,47,15,2,0.011483693155718878,0,0.054594,0.039730999999999995,61,0.048,3.785,3.98,113,0.42700000000000005,0.49,0,11,0,0,0,0,
K4_R0.90_T1_H1_N4_S8002_EDGE_MARKET_inprocess,8002,4,0.9,1,1,N4,0.98,3.0,,EDGE_MARKET,inprocess,078e49eee8f96481421581902805d9e0db6cd1fb0932d73a71938872a0d1c9d3,f77187c8766afeb3e32052db0c64ce24e163ee2ab331a5458401eaa7fb4d5d1b,0.09,0,31,23,0,23,8,74.19354838709677,80.70175438596492,83.33333333333333,100.0,68.42105263157895,76.92307692307692,294,12.782608695652174,0,0,0,0,4,0,0,0,0,0,5.6652,3.9846,2251,600847,41,34,3,0.008644222020018199,0,0.010092,0.058221999999999996,88,0.022,0.063,0.064,348,0.41100000000000003,2.815,0,12,0,0,0,0,
K4_R0.90_T1_H1_N4_S8002_CENTRAL_FOG_inprocess,8002,4,0.9,1,1,N4,0.98,3.0,,CENTRAL_FOG,inprocess,078e49eee8f96481421581902805d9e0db6cd1fb0932d73a71938872a0d1c9d3,be54607ad48b448420e580daaf19efde958cf5ea5c0a109c39784dcf12093c6a,0.218,0,31,21,0,21,10,67.74193548387096,68.42105263157895,66.66666666666667,50.0,68.42105263157895,69.23076923076923,259,12.333333333333334,0,0,0,0,2,0,0,0,0,0,5.7795,3.9372,2411,591282,33,17,1,0.008449514152936205,0,0.167323,0.028298,69,2.628,4.592,5.825,0,0.0,0.0,0,0,0,0,0,0,
K8_R1.05_T1_H1_N4_S8002_CENTRAL_FOG_inprocess,8002,8,1.05,1,1,N4,0.98,3.0,,CENTRAL_FOG,inprocess,f0cf5447bd458f9e6a2745acded9d43c45496112ac0df873530ebacd0ddb431f,1a4e094a4b045ffd5f458f0ee23dee98570a8f96649dd1a28922c588536a03f1,1.602,0,72,57,0,57,15,79.16666666666667,85.96491228070175,94.44444444444444,100.0,74.07407407407408,87.5,739,12.964912280701755,0,0,0,0,7,0,0,0,0,0,5.6568,3.8626,5947,1246219,123,64,6,0.0182916307161346,0,1.482408,0.063284,135,10.934,20.962999999999997,31.183,0,0.0,0.0,0,0,0,0,0,0,
K16_R0.90_T1_H1_N4_S8001_CENTRAL_FOG_inprocess,8001,16,0.9,1,1,N4,0.98,3.0,,CENTRAL_FOG,inprocess,19a2679d4aefe7729334851fd09b5afca7c06b1fd4baf542211b96a5c56f6123,a670b23c75d8166beb94675cdc0107b5900c0a54d7f477c897e48ef459588e4c,5.14,0,123,101,4,105,18,85.36585365853658,88.3248730964467,91.66666666666667,85.71428571428571,82.75862068965517,88.46153846153847,1501,14.295238095238096,5,5,0,0,12,0,0,0,0,0,5.6694,3.8601,13498,2660505,257,132,12,0.04101089588377724,0,4.839082,0.14829599999999998,184,28.009,44.43,48.955,0,0.0,0.0,0,0,0,0,0,0,
K16_R0.90_T1_H1_N4_S8002_STATIC_inprocess,8002,16,0.9,1,1,N4,0.98,3.0,,STATIC,inprocess,c343b4f25cacd5726dc0f4819fcded2b2fd315447c7efc00ddf6101990848581,62557ba02839e8e0af75ae97bef7535e6889a0a10fb8de5a6ad52eff9cd18c5e,0.273,0,123,99,3,102,21,82.92682926829268,77.61194029850746,63.63636363636363,46.666666666666664,90.0,81.81818181818181,1457,14.284313725490197,0,0,0,0,14,0,0,0,0,0,6.6321,3.8679,7721,2105047,126,49,120,0.5050251256281407,1,0.035529,0.11410200000000001,130,0.007,0.38699999999999996,2.032,0,0.0,0.0,0,4,0,0,0,0,
K16_R0.90_T1_H1_N4_S8002_PERIODIC_inprocess,8002,16,0.9,1,1,N4,0.98,3.0,,PERIODIC,inprocess,c343b4f25cacd5726dc0f4819fcded2b2fd315447c7efc00ddf6101990848581,abcc60d26930f2f1846b300def3d182acedb5a1b4881f4f0d99aa7d8a3672d59,0.592,0,123,92,3,95,28,77.23577235772358,74.12935323383084,63.63636363636363,60.0,82.22222222222223,78.18181818181819,1672,17.6,0,0,0,0,15,0,0,0,0,0,5.6678,3.8679,8356,2177401,131,61,119,0.4436574372182872,1,0.348254,0.11762600000000001,23,2.642,48.619,52.64,0,0.0,0.0,0,5,0,0,0,0,
K16_R0.90_T1_H1_N4_S8002_EDGE_MARKET_inprocess,8002,16,0.9,1,1,N4,0.98,3.0,,EDGE_MARKET,inprocess,c343b4f25cacd5726dc0f4819fcded2b2fd315447c7efc00ddf6101990848581,7cb5730be65b78825f6bb4758ecf0fbc9ad2ff9387be9eeee29c9ac41d494571,0.626,0,123,97,2,99,24,80.48780487804878,82.08955223880596,84.84848484848484,80.0,78.88888888888889,83.63636363636364,1522,15.373737373737374,0,0,0,0,12,0,0,0,0,0,5.6776,3.8679,10562,2695496,235,110,10,0.020642648490749756,2,0.045402,0.442806,173,0.079,0.224,0.448,2784,0.415,2.822,0,44,0,0,0,0,
K8_R0.75_T1_H1_N4_S8003_STATIC_inprocess,8003,8,0.75,1,1,N4,0.98,3.0,,STATIC,inprocess,1ebfcc048d875cf721b7f19b61afc2f3ffc741f2d2b9e5ae358a9d216f3e757a,26051635b6055a57c5427074d9b481a688b73bad310d67d3175e39945c9403ee,0.102,0,51,44,2,46,5,90.19607843137256,85.8974358974359,61.53846153846154,50.0,100.0,92.3076923076923,720,15.652173913043478,0,0,0,0,6,0,0,0,0,0,5.6552,3.9309,3842,1091627,67,28,120,0.4542507204610951,0,0.012917,0.050502000000000005,67,0.005,0.17300000000000001,0.41800000000000004,0,0.0,0.0,0,0,0,0,0,0,
K8_R0.75_T1_H1_N4_S8003_PERIODIC_inprocess,8003,8,0.75,1,1,N4,0.98,3.0,,PERIODIC,inprocess,1ebfcc048d875cf721b7f19b61afc2f3ffc741f2d2b9e5ae358a9d216f3e757a,523b1562a7e0c8a60807cdcfa46bd0b8391394b899bd57263e2a7116011ad7fa,0.173,0,51,45,2,47,4,92.15686274509804,89.74358974358974,69.23076923076923,100.0,100.0,92.3076923076923,658,14.0,0,0,0,0,6,0,0,0,0,0,5.656,3.9309,4078,1082940,79,29,120,0.4259567387687188,1,0.083409,0.050025,23,0.48700000000000004,11.385,12.058,0,0.0,0.0,0,1,0,0,0,0,
K8_R0.75_T1_H1_N4_S8003_CENTRAL_inprocess,8003,8,0.75,1,1,N4,0.98,3.0,,CENTRAL,inprocess,1ebfcc048d875cf721b7f19b61afc2f3ffc741f2d2b9e5ae358a9d216f3e757a,dc45a527a34349319e5db146594e954971e97feef9fd597b7426470eaf14d714,0.235,0,51,46,2,48,3,94.11764705882354,92.3076923076923,76.92307692307692,100.0,100.0,100.0,712,14.833333333333334,0,0,0,0,6,0,0,0,0,0,5.6552,3.9309,4263,1117905,83,32,120,0.43572098842664997,0,0.142923,0.051500000000000004,44,1.346,10.607,12.063,0,0.0,0.0,0,0,0,0,0,0,
K16_R0.90_T1_H1_N4_S8002_CENTRAL_inprocess,8002,16,0.9,1,1,N4,0.98,3.0,,CENTRAL,inprocess,c343b4f25cacd5726dc0f4819fcded2b2fd315447c7efc00ddf6101990848581,8f1ba3589ebb26fa415185aa57199bd107aba4e7a925db13e690b10a7932aab1,1.99,0,123,99,3,102,21,82.92682926829268,82.08955223880596,81.81818181818181,73.33333333333333,83.33333333333333,83.63636363636364,1459,14.303921568627452,0,0,0,0,13,0,0,0,0,0,5.6657,3.8679,9813,2319286,164,74,123,0.6335887777633459,0,1.72455,0.127308,86,12.784,42.694,49.283,0,0.0,0.0,0,5,0,0,0,0,
K16_R0.90_T1_H1_N4_S8002_CENTRAL_FB_inprocess,8002,16,0.9,1,1,N4,0.98,3.0,,CENTRAL_FB,inprocess,c343b4f25cacd5726dc0f4819fcded2b2fd315447c7efc00ddf6101990848581,c0d5c7639964699970547736ad66b4ea2b7f4836c898e94cb7adc5297255dd9f,1.992,0,123,99,3,102,21,82.92682926829268,83.58208955223881,84.84848484848484,73.33333333333333,82.22222222222223,80.0,1558,15.27450980392157,0,0,0,0,12,0,0,0,0,0,5.6588,3.8679,9912,2326187,160,79,123,0.6137471146447807,0,1.722031,0.13423000000000002,89,9.809999999999999,43.229,45.47,53,0.08399999999999999,0.435,0,3,0,0,0,0,
K8_R0.75_T1_H1_N4_S8003_CENTRAL_FB_inprocess,8003,8,0.75,1,1,N4,0.98,3.0,,CENTRAL_FB,inprocess,1ebfcc048d875cf721b7f19b61afc2f3ffc741f2d2b9e5ae358a9d216f3e757a,daa2f2231c11293f2784d0f3b93e13991b666de2d5372da1991edafa9c805c7a,0.238,0,51,45,2,47,4,92.15686274509804,91.02564102564102,76.92307692307692,100.0,97.36842105263158,88.46153846153847,707,15.042553191489361,0,0,0,0,5,0,0,0,0,0,5.6552,3.9309,4350,1123978,88,42,120,0.4180602006688963,2,0.143119,0.053748000000000004,51,1.168,10.229999999999999,12.621,22,0.029,0.037,0,0,0,0,0,0,
K8_R0.75_T1_H1_N4_S8003_HYBRID_inprocess,8003,8,0.75,1,1,N4,0.98,3.0,,HYBRID,inprocess,1ebfcc048d875cf721b7f19b61afc2f3ffc741f2d2b9e5ae358a9d216f3e757a,60778ec74670d616ad79436d901148e6dac2e83dd7e0797f25fc38992f2a3621,0.249,0,51,45,2,47,4,92.15686274509804,92.3076923076923,84.61538461538461,100.0,94.73684210526316,88.46153846153847,709,15.085106382978724,0,0,0,0,5,0,0,0,0,0,5.6552,3.9309,4558,1168448,96,50,6,0.009900990099009901,0,0.143687,0.062303000000000004,79,0.07100000000000001,9.888,12.68,200,0.087,0.388,0,7,0,0,0,0,
K8_R0.75_T1_H1_N4_S8003_CENTRAL_FOG_inprocess,8003,8,0.75,1,1,N4,0.98,3.0,,CENTRAL_FOG,inprocess,1ebfcc048d875cf721b7f19b61afc2f3ffc741f2d2b9e5ae358a9d216f3e757a,5f5a0d0699100a075d4b4e269cc7b1fb421648267f3a704d5f638fd2a7733dbd,0.35,0,51,46,2,48,3,94.11764705882354,94.87179487179488,92.3076923076923,100.0,94.73684210526316,96.15384615384616,696,14.5,0,0,0,0,5,0,0,0,0,0,5.6312,3.9309,4772,1131345,110,60,5,0.009456264775413711,0,0.250699,0.054606,78,1.9689999999999999,9.667,13.950000000000001,0,0.0,0.0,0,0,0,0,0,0,
K16_R0.90_T1_H1_N4_S8002_HYBRID_EAGER_inprocess,8002,16,0.9,1,1,N4,0.98,3.0,,HYBRID_EAGER,inprocess,c343b4f25cacd5726dc0f4819fcded2b2fd315447c7efc00ddf6101990848581,2d74076ce887eb5bf5043ba52b12c3db8d585a9959f105d6b0133e7cdcef6206,2.155,0,123,101,3,104,19,84.55284552845528,87.06467661691542,90.9090909090909,93.33333333333333,82.22222222222223,87.27272727272727,1483,14.259615384615385,0,0,0,0,12,0,0,0,0,0,5.6585,3.8679,11536,2659977,228,119,10,0.02756359124346362,1,1.735667,0.2762,171,0.148,39.868,46.681,1445,0.39599999999999996,2.7680000000000002,0,23,0,0,0,0,
K16_R0.90_T1_H1_N4_S8002_HYBRID_inprocess,8002,16,0.9,1,1,N4,0.98,3.0,,HYBRID,inprocess,c343b4f25cacd5726dc0f4819fcded2b2fd315447c7efc00ddf6101990848581,a9cd7e28008eb94e26d25f032f7f76a50db296e2391d830542bac5f0c303ad8f,2.199,0,123,101,3,104,19,84.55284552845528,87.06467661691542,90.9090909090909,93.33333333333333,82.22222222222223,87.27272727272727,1483,14.259615384615385,0,0,0,0,12,0,0,0,0,0,5.6585,3.8679,11536,2660011,228,119,10,0.02756359124346362,1,1.783704,0.27216,171,0.15,41.363,46.427,1426,0.415,2.9,0,23,0,0,0,0,
K8_R0.75_T1_H1_N4_S8003_HYBRID_EAGER_inprocess,8003,8,0.75,1,1,N4,0.98,3.0,,HYBRID_EAGER,inprocess,1ebfcc048d875cf721b7f19b61afc2f3ffc741f2d2b9e5ae358a9d216f3e757a,511ceb558dacabba0bf4db4c7286bdb532b3d6a6bb4bb7a4b0d96cfc08465b54,0.252,0,51,45,2,47,4,92.15686274509804,92.3076923076923,84.61538461538461,100.0,94.73684210526316,88.46153846153847,709,15.085106382978724,0,0,0,0,5,0,0,0,0,0,5.6552,3.9309,4558,1168448,96,50,6,0.009900990099009901,0,0.142637,0.065933,79,0.07100000000000001,9.747,12.033,211,0.08600000000000001,0.377,0,7,0,0,0,0,
K8_R0.75_T1_H1_N4_S8003_EDGE_MARKET_inprocess,8003,8,0.75,1,1,N4,0.98,3.0,,EDGE_MARKET,inprocess,1ebfcc048d875cf721b7f19b61afc2f3ffc741f2d2b9e5ae358a9d216f3e757a,749ecd3bd08519aceef0f5bc8c0b09a19b9770fd10322835d98fbe022806ab43,0.15,0,51,45,2,47,4,92.15686274509804,94.87179487179488,100.0,100.0,89.47368421052632,100.0,738,15.702127659574469,0,0,0,0,5,0,0,0,0,0,5.7012,3.9309,4276,1170683,85,37,2,0.005282112845138055,0,0.017413,0.090312,60,0.043000000000000003,0.082,0.08399999999999999,486,0.41,2.854,0,8,0,0,0,0,
K8_R1.05_T1_H1_N4_S8003_STATIC_inprocess,8003,8,1.05,1,1,N4,0.98,3.0,,STATIC,inprocess,a5433da56e349284e5c6ded9075bddea74b281e6208473273a57aedec24a4234,5ce1f09c13ca97e7bef74603c3531e75f2ff44f760588dd90c6e10c3e0de22ee,0.117,0,72,52,4,56,16,77.77777777777777,72.56637168141593,52.38095238095238,37.5,88.23529411764706,80.48780487804878,806,14.392857142857142,0,0,0,0,7,0,0,0,0,0,5.6515,3.8788,3874,1129998,59,34,115,0.4529641462548811,0,0.017248,0.054459,126,0.006,0.208,0.8059999999999999,0,0.0,0.0,0,2,0,0,0,0,
K8_R1.05_T1_H1_N4_S8003_PERIODIC_inprocess,8003,8,1.05,1,1,N4,0.98,3.0,,PERIODIC,inprocess,a5433da56e349284e5c6ded9075bddea74b281e6208473273a57aedec24a4234,2611566c872247bb2bdc819b56b71b0d5f71d1efde4dfea687c93565a325ce40,0.279,0,72,54,4,58,14,80.55555555555556,78.76106194690266,71.42857142857143,62.5,84.31372549019608,75.60975609756098,855,14.741379310344827,0,0,0,0,8,0,0,0,0,0,5.652,3.8788,4253,1153270,59,37,119,0.42277691107644305,0,0.176751,0.05658,23,0.777,23.203000000000003,24.804,0,0.0,0.0,0,1,0,0,0,0,
K8_R1.05_T1_H1_N4_S8003_CENTRAL_FB_inprocess,8003,8,1.05,1,1,N4,0.98,3.0,,CENTRAL_FB,inprocess,a5433da56e349284e5c6ded9075bddea74b281e6208473273a57aedec24a4234,6ec9264deff0b4897540c692d93342fff463275c5bafb1cc8b83edc335eae9ec,0.976,0,72,56,3,59,13,81.94444444444444,79.64601769911505,71.42857142857143,62.5,86.27450980392157,85.36585365853658,778,13.186440677966102,0,0,0,0,7,0,0,0,0,0,5.641,3.8788,5206,1229120,94,50,120,0.4229476716274604,1,0.864581,0.061406999999999996,73,13.655000000000001,24.75,28.785,28,0.08600000000000001,0.09000000000000001,0,0,0,0,0,0,
K8_R1.05_T1_H1_N4_S8003_CENTRAL_inprocess,8003,8,1.05,1,1,N4,0.98,3.0,,CENTRAL,inprocess,a5433da56e349284e5c6ded9075bddea74b281e6208473273a57aedec24a4234,c8d3b000373c02b01dadfdecdeae754ce958997574b022b0ccfd8f4a02d53878,1.008,0,72,55,3,58,14,80.55555555555556,77.87610619469027,66.66666666666667,62.5,86.27450980392157,78.04878048780488,769,13.258620689655173,0,0,0,0,8,0,0,0,0,0,5.6631,3.8788,5223,1226395,83,56,120,0.4328001909763667,0,0.897464,0.060608999999999996,76,11.537,25.862,32.249,0,0.0,0.0,0,1,0,0,0,0,
K4_R0.90_T1_H1_N4_S8003_STATIC_inprocess,8003,4,0.9,1,1,N4,0.98,3.0,,STATIC,inprocess,b247606cc347867527c392d275935660cee2d2f8fd833c460a45fc25ffd4df80,3006308eb6202e6e600acd5a4a9cd8e835ff823400dfab73a59eba9b6933b164,0.052,0,31,24,2,26,5,83.87096774193549,78.0,66.66666666666667,60.0,90.9090909090909,77.77777777777777,355,13.653846153846153,0,0,0,0,2,0,0,0,0,0,6.4538,3.8922,1933,566968,28,11,116,0.5826827537260468,0,0.00699,0.02649,33,0.004,0.121,0.128,0,0.0,0.0,0,0,0,0,0,0,
K8_R1.05_T1_H1_N4_S8003_HYBRID_inprocess,8003,8,1.05,1,1,N4,0.98,3.0,,HYBRID,inprocess,a5433da56e349284e5c6ded9075bddea74b281e6208473273a57aedec24a4234,271eba85b1fe07bac6d624085b647c289c96ef278cfef8da76aa94a9689b9fbc,1.037,0,72,54,3,57,15,79.16666666666667,82.30088495575221,85.71428571428571,100.0,76.47058823529412,78.04878048780488,804,14.105263157894736,0,0,0,0,8,0,0,0,0,0,5.6432,3.8788,5804,1337245,123,64,5,0.013506402385546396,0,0.876232,0.10691200000000001,122,0.155,23.788,29.163,444,0.42700000000000005,2.786,0,15,0,0,0,0,
K4_R0.90_T1_H1_N4_S8003_PERIODIC_inprocess,8003,4,0.9,1,1,N4,0.98,3.0,,PERIODIC,inprocess,b247606cc347867527c392d275935660cee2d2f8fd833c460a45fc25ffd4df80,e6cc469bc15ec78cea6cde53417a27038f19c56b5b0137f4951dea9bc057acd4,0.093,0,31,24,3,27,4,87.09677419354838,86.0,77.77777777777777,80.0,90.9090909090909,77.77777777777777,427,15.814814814814815,0,0,0,0,4,0,0,0,0,0,5.6069,3.8922,2111,599356,39,13,120,0.5410353535353535,0,0.046253,0.026639,23,0.056,5.752,6.976000000000001,0,0.0,0.0,0,1,0,0,0,0,
K8_R1.05_T1_H1_N4_S8003_EDGE_MARKET_inprocess,8003,8,1.05,1,1,N4,0.98,3.0,,EDGE_MARKET,inprocess,a5433da56e349284e5c6ded9075bddea74b281e6208473273a57aedec24a4234,68adae89c595a2c9e4995070ace97034e2a8cd1dd9c5e7fd9a46c581084a28d1,0.299,0,72,56,4,60,12,83.33333333333333,86.72566371681415,90.47619047619048,100.0,80.3921568627451,73.17073170731707,833,13.883333333333333,0,0,0,0,8,0,0,0,0,0,5.6568,3.8788,4915,1305369,102,39,2,0.008128386827844935,0,0.021526,0.226226,140,0.041999999999999996,0.082,0.12000000000000001,1007,0.438,2.776,0,27,0,0,0,0,
K8_R1.05_T1_H1_N4_S8003_HYBRID_EAGER_inprocess,8003,8,1.05,1,1,N4,0.98,3.0,,HYBRID_EAGER,inprocess,a5433da56e349284e5c6ded9075bddea74b281e6208473273a57aedec24a4234,c0fe4575d687a3b822bd6b9fe45a72e854538b7ac3da43eb90dc04696b671cc3,1.039,0,72,54,3,57,15,79.16666666666667,82.30088495575221,85.71428571428571,100.0,76.47058823529412,78.04878048780488,804,14.105263157894736,0,0,0,0,8,0,0,0,0,0,5.6432,3.8788,5804,1337245,123,64,5,0.013506402385546396,0,0.873258,0.10971199999999999,122,0.156,24.043,31.65,451,0.423,2.642,0,15,0,0,0,0,
K4_R0.90_T1_H1_N4_S8003_CENTRAL_inprocess,8003,4,0.9,1,1,N4,0.98,3.0,,CENTRAL,inprocess,b247606cc347867527c392d275935660cee2d2f8fd833c460a45fc25ffd4df80,6dd496529e95e65e73293c8304040611cad4d3529ad22c87a860f05c292e334d,0.188,0,31,25,3,28,3,90.3225806451613,94.0,100.0,100.0,86.36363636363636,88.88888888888889,364,13.0,0,0,0,0,4,0,0,0,0,0,5.6078,3.8922,2354,601569,39,22,120,0.4762942779291553,0,0.139475,0.027385,50,3.277,5.966,6.056,0,0.0,0.0,0,0,0,0,0,0,
K4_R0.90_T1_H1_N4_S8003_CENTRAL_FB_inprocess,8003,4,0.9,1,1,N4,0.98,3.0,,CENTRAL_FB,inprocess,b247606cc347867527c392d275935660cee2d2f8fd833c460a45fc25ffd4df80,eea819d942682d6c9333923f40f5473014969bac0e0e335ab8b9a772d3be65e1,0.192,0,31,26,3,29,2,93.54838709677419,96.0,100.0,100.0,90.9090909090909,88.88888888888889,379,13.068965517241379,0,0,0,0,4,0,0,0,0,0,5.5888,3.8922,2344,598013,37,23,120,0.4783798576902025,0,0.142585,0.028155000000000003,49,3.614,6.1209999999999996,6.34,12,0.09000000000000001,0.112,0,0,0,0,0,0,
K4_R0.90_T1_H1_N4_S8003_HYBRID_inprocess,8003,4,0.9,1,1,N4,0.98,3.0,,HYBRID,inprocess,b247606cc347867527c392d275935660cee2d2f8fd833c460a45fc25ffd4df80,b0dcec5b9fa3451df6648ebb23feef436d5c38b33b0e74f284c7809531ba804f,0.198,0,31,26,3,29,2,93.54838709677419,96.0,100.0,100.0,90.9090909090909,94.44444444444444,376,12.96551724137931,0,0,0,0,4,0,0,0,0,0,5.6403,3.8922,2427,609671,46,23,2,0.007148864592094197,0,0.145059,0.030668,73,0.625,5.6610000000000005,6.814,53,0.089,0.426,0,2,0,0,0,0,
K4_R0.90_T1_H1_N4_S8003_EDGE_MARKET_inprocess,8003,4,0.9,1,1,N4,0.98,3.0,,EDGE_MARKET,inprocess,b247606cc347867527c392d275935660cee2d2f8fd833c460a45fc25ffd4df80,d6f01c90319c5c3d82f8aebc194364af7566bc5f3567b3d760e856a68b6b0cc5,0.087,0,31,26,3,29,2,93.54838709677419,92.0,88.88888888888889,80.0,95.45454545454545,94.44444444444444,406,14.0,0,0,0,0,4,0,0,0,0,0,5.6284,3.8922,2048,588257,42,19,3,0.004018081366147665,0,0.009186,0.057017000000000005,33,0.023,0.028,0.054,148,0.45399999999999996,2.918,0,4,0,0,0,0,
K4_R0.90_T1_H1_N4_S8003_CENTRAL_FOG_inprocess,8003,4,0.9,1,1,N4,0.98,3.0,,CENTRAL_FOG,inprocess,b247606cc347867527c392d275935660cee2d2f8fd833c460a45fc25ffd4df80,8cc60bdd3c85d023377618e10764a49fa43916a3e0976ecfc8bf797c5e17ad2c,0.231,0,31,26,3,29,2,93.54838709677419,96.0,100.0,100.0,90.9090909090909,88.88888888888889,371,12.793103448275861,0,0,0,0,3,0,0,0,0,0,5.6267,3.8922,2514,598477,49,30,2,0.010922330097087379,0,0.179614,0.028169,69,2.094,5.6530000000000005,7.841000000000001,0,0.0,0.0,0,0,0,0,0,0,
K4_R0.90_T1_H1_N4_S8003_HYBRID_EAGER_inprocess,8003,4,0.9,1,1,N4,0.98,3.0,,HYBRID_EAGER,inprocess,b247606cc347867527c392d275935660cee2d2f8fd833c460a45fc25ffd4df80,75afc6871bda521fd6ca65b319d46763d2e62485fe6ea2f97a7b95ec92034916,0.202,0,31,26,3,29,2,93.54838709677419,96.0,100.0,100.0,90.9090909090909,94.44444444444444,376,12.96551724137931,0,0,0,0,4,0,0,0,0,0,5.6403,3.8922,2427,609670,46,23,2,0.007148864592094197,0,0.145116,0.033534999999999995,73,0.6539999999999999,5.71,6.79,61,0.108,0.48000000000000004,0,2,0,0,0,0,
K8_R1.05_T1_H1_N4_S8003_CENTRAL_FOG_inprocess,8003,8,1.05,1,1,N4,0.98,3.0,,CENTRAL_FOG,inprocess,a5433da56e349284e5c6ded9075bddea74b281e6208473273a57aedec24a4234,9e71323d32d5cb3f660c8dc404104fa6b9927a6f3517d9d36b41412f0b36480e,1.553,0,72,55,3,58,14,80.55555555555556,85.84070796460178,95.23809523809524,100.0,74.50980392156863,78.04878048780488,814,14.03448275862069,0,0,0,0,7,0,0,0,0,0,5.6308,3.8788,6228,1297906,133,57,2,0.014674710582096854,0,1.43072,0.066372,127,9.708,25.081,29.393,0,0.0,0.0,0,0,0,0,0,0,
K16_R0.90_T1_H1_N4_S8002_CENTRAL_FOG_inprocess,8002,16,0.9,1,1,N4,0.98,3.0,,CENTRAL_FOG,inprocess,c343b4f25cacd5726dc0f4819fcded2b2fd315447c7efc00ddf6101990848581,f0304ee68cee39d91c55495c71c1bf91ffceb5ca7a6f8dbd202236cdb5d9054f,4.159,0,123,100,3,103,20,83.73983739837398,86.06965174129353,87.87878787878788,86.66666666666667,82.22222222222223,85.45454545454545,1508,14.640776699029127,0,0,0,0,13,0,0,0,0,0,5.6717,3.8679,13470,2661594,265,123,10,0.030529736265397112,0,3.860751,0.147412,183,22.73,39.370000000000005,45.579,0,0.0,0.0,0,1,0,0,0,0,
K16_R0.90_T1_H1_N4_S8003_STATIC_inprocess,8003,16,0.9,1,1,N4,0.98,3.0,,STATIC,inprocess,efc19c9d46cee06efd8049457ce5e751287f18a22ec4fb8ca602368ec3562b73,e1afe84c9a361362d492a7b6bcfbed7eaed1814afe7c88195ddb2f8226d8da92,0.278,0,123,102,3,105,18,85.36585365853658,78.8659793814433,58.8235294117647,41.666666666666664,95.50561797752809,89.23076923076923,1747,16.63809523809524,1,1,0,0,16,0,0,0,0,0,5.6578,3.8668,7716,2164945,105,47,120,0.5134024303073624,1,0.036936,0.116679,137,0.007,0.38,2.196,0,0.0,0.0,0,2,0,0,0,0,
K16_R0.90_T1_H1_N4_S8003_PERIODIC_inprocess,8003,16,0.9,1,1,N4,0.98,3.0,,PERIODIC,inprocess,efc19c9d46cee06efd8049457ce5e751287f18a22ec4fb8ca602368ec3562b73,82794e1bd79e7181bc7e22612cf13a47bcd5d05dab20a3215245d55ab0235e8e,0.574,0,123,104,3,107,16,86.99186991869918,85.56701030927834,76.47058823529412,75.0,91.01123595505618,92.3076923076923,1682,15.719626168224298,0,0,0,0,16,0,0,0,0,0,5.6566,3.8668,8328,2174397,142,53,120,0.4577612663543854,1,0.331346,0.11637499999999998,23,1.7930000000000001,43.504,46.221,0,0.0,0.0,0,2,0,0,0,0,
K16_R0.90_T1_H1_N4_S8003_EDGE_MARKET_inprocess,8003,16,0.9,1,1,N4,0.98,3.0,,EDGE_MARKET,inprocess,efc19c9d46cee06efd8049457ce5e751287f18a22ec4fb8ca602368ec3562b73,2f9a96e8eb5b770074d50cb16f8840ef422e8973a5a4953328ac8933f0c9f90a,0.631,0,123,102,3,105,18,85.36585365853658,87.62886597938144,91.17647058823529,91.66666666666667,83.14606741573034,90.76923076923077,1697,16.16190476190476,0,0,0,0,14,0,0,0,0,0,5.6578,3.8668,10579,2795531,201,91,6,0.013123612853420823,0,0.047426,0.44404,157,0.081,0.22599999999999998,0.47600000000000003,2744,0.435,3.218,0,47,0,0,0,0,
K8_R0.75_T1_H1_N4_S8004_STATIC_inprocess,8004,8,0.75,1,1,N4,0.98,3.0,,STATIC,inprocess,09b7e74cae9562606dce77f2ed9a8fe13a4e03acb9f16dc8deb68c0c13a65cc1,94f6a192779691e46c36bdbece5a97d7cf122083aa366b56f6818f62a0459612,0.101,0,51,46,1,47,4,92.15686274509804,90.47619047619048,85.71428571428571,85.71428571428571,94.5945945945946,95.23809523809524,670,14.25531914893617,0,0,0,0,4,0,0,0,0,0,5.6614,3.8811,3849,1078641,43,22,115,0.5138240574506283,0,0.013052,0.050176000000000005,46,0.004,0.174,0.34900000000000003,0,0.0,0.0,0,1,0,0,0,0,
K8_R0.75_T1_H1_N4_S8004_PERIODIC_inprocess,8004,8,0.75,1,1,N4,0.98,3.0,,PERIODIC,inprocess,09b7e74cae9562606dce77f2ed9a8fe13a4e03acb9f16dc8deb68c0c13a65cc1,142d0d840e9813d79c0c75f51d08492ca4ab9d7c2d56b0f3c367b130a8b7fdee,0.163,0,51,47,1,48,3,94.11764705882354,91.66666666666667,85.71428571428571,71.42857142857143,97.29729729729729,90.47619047619048,653,13.604166666666666,0,0,0,0,3,0,0,0,0,0,5.6114,3.8811,4045,1088377,58,29,109,0.4181266846361186,2,0.073618,0.050185999999999995,23,0.085,9.266,13.753,0,0.0,0.0,0,1,0,0,0,0,
K16_R0.90_T1_H1_N4_S8003_CENTRAL_inprocess,8003,16,0.9,1,1,N4,0.98,3.0,,CENTRAL,inprocess,efc19c9d46cee06efd8049457ce5e751287f18a22ec4fb8ca602368ec3562b73,8816773ef5977efb9d00d0e910603545c88f47a6674dd88c17723680ea5a85fc,1.773,0,123,110,3,113,10,91.869918699187,91.23711340206185,85.29411764705883,83.33333333333333,94.38202247191012,95.38461538461539,1696,15.008849557522124,0,0,0,0,15,0,0,0,0,0,5.6769,3.8668,10017,2350709,142,75,116,0.3771464646464647,2,1.512128,0.127365,93,6.958,43.893,46.154,0,0.0,0.0,0,10,0,0,0,0,
K16_R0.90_T1_H1_N4_S8003_CENTRAL_FB_inprocess,8003,16,0.9,1,1,N4,0.98,3.0,,CENTRAL_FB,inprocess,efc19c9d46cee06efd8049457ce5e751287f18a22ec4fb8ca602368ec3562b73,37ee25c4b055ff46babd4a7e3ef8c419c3f0b4c2f6d48b128fb86f64f20932b9,1.82,0,123,111,3,114,9,92.6829268292683,92.26804123711341,88.23529411764706,83.33333333333333,94.38202247191012,93.84615384615384,1717,15.06140350877193,0,0,0,0,15,0,0,0,0,0,5.6769,3.8668,10075,2356554,147,90,116,0.37630094043887147,1,1.552577,0.13241599999999998,93,8.144,42.991,46.787,52,0.089,0.438,0,10,0,0,0,0,
K8_R0.75_T1_H1_N4_S8004_CENTRAL_inprocess,8004,8,0.75,1,1,N4,0.98,3.0,,CENTRAL,inprocess,09b7e74cae9562606dce77f2ed9a8fe13a4e03acb9f16dc8deb68c0c13a65cc1,7ccb468977892642cc9e0b4d994b82eb759927648e77848a1c9852c284ea0014,0.319,0,51,47,1,48,3,94.11764705882354,91.66666666666667,85.71428571428571,85.71428571428571,97.29729729729729,95.23809523809524,689,14.354166666666666,0,0,0,0,5,0,0,0,0,0,5.6062,3.8811,4508,1134404,72,25,115,0.35095874491574663,0,0.224463,0.052990999999999996,61,1.653,8.837,12.359,0,0.0,0.0,0,0,0,0,0,0,
K8_R0.75_T1_H1_N4_S8004_CENTRAL_FB_inprocess,8004,8,0.75,1,1,N4,0.98,3.0,,CENTRAL_FB,inprocess,09b7e74cae9562606dce77f2ed9a8fe13a4e03acb9f16dc8deb68c0c13a65cc1,8beee63835acf1fab0b815287e39b1eb55f33f2278f31449ce4809241efa3463,0.315,0,51,47,1,48,3,94.11764705882354,91.66666666666667,85.71428571428571,85.71428571428571,97.29729729729729,95.23809523809524,689,14.354166666666666,0,0,0,0,5,0,0,0,0,0,5.6062,3.8811,4508,1134404,72,25,115,0.35095874491574663,0,0.219499,0.054167999999999994,61,1.592,8.469000000000001,12.121,20,0.08399999999999999,0.41,0,0,0,0,0,0,
K16_R0.90_T1_H1_N4_S8003_HYBRID_EAGER_inprocess,8003,16,0.9,1,1,N4,0.98,3.0,,HYBRID_EAGER,inprocess,efc19c9d46cee06efd8049457ce5e751287f18a22ec4fb8ca602368ec3562b73,233e0b60bba17d55b1495c5a895ef3a656c418d996195e22236ac82a417918e1,1.855,0,123,110,3,113,10,91.869918699187,94.3298969072165,97.05882352941177,100.0,89.88764044943821,93.84615384615384,1591,14.079646017699115,0,0,0,0,13,0,0,0,0,0,6.7671,3.8668,10867,2534315,235,106,5,0.01234684260131951,0,1.505692,0.21094200000000002,141,0.136,41.393,45.705000000000005,867,0.34400000000000003,2.476,0,19,0,0,0,0,
K16_R0.90_T1_H1_N4_S8003_HYBRID_inprocess,8003,16,0.9,1,1,N4,0.98,3.0,,HYBRID,inprocess,efc19c9d46cee06efd8049457ce5e751287f18a22ec4fb8ca602368ec3562b73,14a7ee5166fbca88f989e10303bc2fc0c3953cd4b37e40b18a64ff3fff8abb47,1.85,0,123,110,3,113,10,91.869918699187,94.3298969072165,97.05882352941177,100.0,89.88764044943821,93.84615384615384,1591,14.079646017699115,0,0,0,0,13,0,0,0,0,0,6.7671,3.8668,10867,2534315,235,106,5,0.01234684260131951,0,1.505955,0.203187,141,0.134,41.281,48.554,845,0.352,2.419,0,19,0,0,0,0,
K8_R0.75_T1_H1_N4_S8004_CENTRAL_FOG_inprocess,8004,8,0.75,1,1,N4,0.98,3.0,,CENTRAL_FOG,inprocess,09b7e74cae9562606dce77f2ed9a8fe13a4e03acb9f16dc8deb68c0c13a65cc1,e2d658bf558958e725a4f99d5819443d6bf6584566267ffd713bd7820b2bb30f,0.38,0,51,48,1,49,2,96.07843137254902,96.42857142857143,100.0,100.0,94.5945945945946,95.23809523809524,736,15.020408163265307,0,0,0,0,6,0,0,0,0,0,5.6326,3.8811,4822,1155911,98,44,9,0.021576586199530016,0,0.279767,0.055287,93,1.438,8.212,12.158999999999999,0,0.0,0.0,0,1,0,0,0,0,
K8_R0.75_T1_H1_N4_S8004_EDGE_MARKET_inprocess,8004,8,0.75,1,1,N4,0.98,3.0,,EDGE_MARKET,inprocess,09b7e74cae9562606dce77f2ed9a8fe13a4e03acb9f16dc8deb68c0c13a65cc1,2f50968b3d1b4757a33b68ad534f1b84cdb3cac4b0ca88e95a249b807a733386,0.15,0,51,48,1,49,2,96.07843137254902,94.04761904761905,92.85714285714286,85.71428571428571,97.29729729729729,95.23809523809524,729,14.877551020408163,0,0,0,0,5,0,0,0,0,0,5.6614,3.8811,4069,1114904,66,42,9,0.008384146341463415,0,0.01629,0.092119,35,0.038,0.046,0.052,301,0.422,2.7590000000000003,0,1,0,0,0,0,
K8_R0.75_T1_H1_N4_S8004_HYBRID_inprocess,8004,8,0.75,1,1,N4,0.98,3.0,,HYBRID,inprocess,09b7e74cae9562606dce77f2ed9a8fe13a4e03acb9f16dc8deb68c0c13a65cc1,81d026a705670751157afef9a6f68d996d954a19d7b543f6441e033cd270402a,0.334,0,51,48,1,49,2,96.07843137254902,95.23809523809524,100.0,100.0,94.5945945945946,95.23809523809524,702,14.326530612244898,0,0,0,0,7,0,0,0,0,0,5.6387,3.8811,4625,1147350,94,38,9,0.01830765795936593,0,0.230531,0.059781,76,1.017,8.354000000000001,12.472000000000001,76,0.415,0.446,0,1,0,0,0,0,
K8_R0.75_T1_H1_N4_S8004_HYBRID_EAGER_inprocess,8004,8,0.75,1,1,N4,0.98,3.0,,HYBRID_EAGER,inprocess,09b7e74cae9562606dce77f2ed9a8fe13a4e03acb9f16dc8deb68c0c13a65cc1,cfe3ee8369716e3a7844051ee14dee940c32f7221ba357da2f46f7a8a8bfe15a,0.33,0,51,48,1,49,2,96.07843137254902,95.23809523809524,100.0,100.0,94.5945945945946,95.23809523809524,698,14.244897959183673,0,0,0,0,6,0,0,0,0,0,5.6387,3.8811,4615,1146544,89,52,9,0.016987036209208762,0,0.222553,0.06389500000000001,76,0.9859999999999999,7.960999999999999,12.029,82,0.397,0.425,0,1,0,0,0,0,
K8_R1.05_T1_H1_N4_S8004_STATIC_inprocess,8004,8,1.05,1,1,N4,0.98,3.0,,STATIC,inprocess,b5b14930f57c2b32243aa7f61dd3cc53063698b6a6105b666605d868b584cb7b,420ef75be5cec72ca76bccb7eb92c562b43c49de4eca92f280da8c3a3f8089e2,0.118,0,72,54,3,57,15,79.16666666666667,71.7948717948718,47.61904761904762,33.333333333333336,92.15686274509804,76.19047619047619,870,15.263157894736842,0,0,0,0,8,0,0,0,0,0,5.6523,3.8575,3874,1119180,68,28,108,0.5426829268292683,0,0.019259,0.05412,156,0.005,0.199,0.6669999999999999,0,0.0,0.0,0,1,0,0,0,0,
K8_R1.05_T1_H1_N4_S8004_PERIODIC_inprocess,8004,8,1.05,1,1,N4,0.98,3.0,,PERIODIC,inprocess,b5b14930f57c2b32243aa7f61dd3cc53063698b6a6105b666605d868b584cb7b,16ca3369e81f30bb75e50b5e1518fcf3023ef848fc3669c535d68b6e8ce24dd3,0.298,0,72,57,2,59,13,81.94444444444444,84.61538461538461,90.47619047619048,77.77777777777777,78.43137254901961,76.19047619047619,854,14.474576271186441,0,0,0,0,8,0,0,0,0,0,5.6281,3.8575,4225,1163686,59,18,120,0.5673534072900158,1,0.194037,0.056913,23,0.777,28.68,28.683,0,0.0,0.0,0,0,0,0,0,0,
K16_R0.90_T1_H1_N4_S8003_CENTRAL_FOG_inprocess,8003,16,0.9,1,1,N4,0.98,3.0,,CENTRAL_FOG,inprocess,efc19c9d46cee06efd8049457ce5e751287f18a22ec4fb8ca602368ec3562b73,a36f25f15a6eb4a41b7c8f32a440b4ecabe10ae0dd1124b6e464dddb9ef0a9c6,2.848,0,123,110,3,113,10,91.869918699187,91.75257731958763,88.23529411764706,83.33333333333333,93.25842696629213,92.3076923076923,1735,15.353982300884956,0,0,0,0,15,0,0,0,0,0,5.6551,3.8668,12395,2575070,260,116,5,0.017915844838921762,1,2.557361,0.142754,171,12.297,40.598,49.497,0,0.0,0.0,0,0,0,0,0,0,
K8_R1.05_T1_H1_N4_S8004_EDGE_MARKET_inprocess,8004,8,1.05,1,1,N4,0.98,3.0,,EDGE_MARKET,inprocess,b5b14930f57c2b32243aa7f61dd3cc53063698b6a6105b666605d868b584cb7b,b337bed031be2376ccfc462c632979c469114f90b02955e81e52274ba8a2452e,0.334,0,72,54,3,57,15,79.16666666666667,82.90598290598291,85.71428571428571,88.88888888888889,76.47058823529412,80.95238095238095,823,14.43859649122807,0,0,0,0,8,0,0,0,0,0,5.6576,3.8575,5108,1389204,122,39,6,0.016959418534221685,1,0.02279,0.25967999999999997,149,0.041,0.114,0.2,1162,0.5900000000000001,2.936,0,36,0,0,0,0,
K4_R0.90_T1_H1_N4_S8004_STATIC_inprocess,8004,4,0.9,1,1,N4,0.98,3.0,,STATIC,inprocess,55ace4125c0ee7353ca7814fe33845b1b9d265054b867c488ae31927b1ce3dd0,da881f9c7e3263fffbaa057156d2235c69423f2cb02f4081d3eabf00b523cb71,0.052,0,31,26,1,27,4,87.09677419354838,81.13207547169812,75.0,60.0,91.30434782608695,85.71428571428571,319,11.814814814814815,0,0,0,0,3,0,0,0,0,0,5.6476,3.9059,1950,584625,29,7,108,0.5333333333333333,0,0.007046,0.025727999999999997,46,0.003,0.106,0.164,0,0.0,0.0,0,6,0,0,0,0,
K4_R0.90_T1_H1_N4_S8004_PERIODIC_inprocess,8004,4,0.9,1,1,N4,0.98,3.0,,PERIODIC,inprocess,55ace4125c0ee7353ca7814fe33845b1b9d265054b867c488ae31927b1ce3dd0,3e09fbda0c06d587e65417745726f24d965adf49baa104536d90f3d782ee7caa,0.079,0,31,26,1,27,4,87.09677419354838,84.90566037735849,75.0,80.0,91.30434782608695,92.85714285714286,328,12.148148148148149,0,0,0,0,3,0,0,0,0,0,5.6745,3.9059,2049,591974,29,13,109,0.4248194353250164,0,0.033298,0.025703000000000004,23,0.23900000000000002,4.460999999999999,5.087000000000001,0,0.0,0.0,0,3,0,0,0,0,
K4_R0.90_T1_H1_N4_S8004_CENTRAL_inprocess,8004,4,0.9,1,1,N4,0.98,3.0,,CENTRAL,inprocess,55ace4125c0ee7353ca7814fe33845b1b9d265054b867c488ae31927b1ce3dd0,febbba44e198efe72de7a0f8b928a0634f1792dbb0e065d92f0affbe4cd353ae,0.109,0,31,28,1,29,2,93.54838709677419,88.67924528301887,75.0,60.0,100.0,92.85714285714286,359,12.379310344827585,0,0,0,0,3,0,0,0,0,0,5.6758,3.9059,2203,610393,39,11,105,0.4212410501193317,0,0.062342,0.026319000000000002,40,0.782,4.377,4.827999999999999,0,0.0,0.0,0,0,0,0,0,0,
K4_R0.90_T1_H1_N4_S8004_CENTRAL_FB_inprocess,8004,4,0.9,1,1,N4,0.98,3.0,,CENTRAL_FB,inprocess,55ace4125c0ee7353ca7814fe33845b1b9d265054b867c488ae31927b1ce3dd0,9c633e8fd00f0b5f7d6371cb3d7ad0fa23c39cdab33466fabc00b6d5f4332248,0.109,0,31,28,1,29,2,93.54838709677419,92.45283018867924,87.5,80.0,95.65217391304348,100.0,336,11.586206896551724,0,0,0,0,3,0,0,0,0,0,5.7468,3.9059,2198,609513,34,11,105,0.4212410501193317,0,0.061191,0.026972000000000003,38,0.8630000000000001,4.362,4.822,14,0.027,0.09000000000000001,0,0,0,0,0,0,
K4_R0.90_T1_H1_N4_S8004_CENTRAL_FOG_inprocess,8004,4,0.9,1,1,N4,0.98,3.0,,CENTRAL_FOG,inprocess,55ace4125c0ee7353ca7814fe33845b1b9d265054b867c488ae31927b1ce3dd0,cd33357b380b719be7e73fb9ba2f394404466263eb7e147697ef5fdda81d4f82,0.148,0,31,28,1,29,2,93.54838709677419,96.22641509433963,100.0,100.0,91.30434782608695,100.0,354,12.206896551724139,0,0,0,0,3,0,0,0,0,0,5.6514,3.9059,2353,622740,64,12,5,0.009674582233948988,0,0.097512,0.028173999999999998,64,1.288,4.26,4.876,0,0.0,0.0,0,0,0,0,0,0,
K4_R0.90_T1_H1_N4_S8004_HYBRID_inprocess,8004,4,0.9,1,1,N4,0.98,3.0,,HYBRID,inprocess,55ace4125c0ee7353ca7814fe33845b1b9d265054b867c488ae31927b1ce3dd0,71f2127d81b3680440505510d5a878b71403728e5a4b8322117f2fdaa747d390,0.113,0,31,28,1,29,2,93.54838709677419,92.45283018867924,87.5,80.0,95.65217391304348,100.0,356,12.275862068965518,0,0,0,0,4,0,0,0,0,0,5.7468,3.9059,2260,622066,47,12,5,0.007751937984496124,0,0.061366,0.029876,58,0.046,4.193,4.889,67,0.085,0.089,0,3,0,0,0,0,
K8_R1.05_T1_H1_N4_S8004_CENTRAL_inprocess,8004,8,1.05,1,1,N4,0.98,3.0,,CENTRAL,inprocess,b5b14930f57c2b32243aa7f61dd3cc53063698b6a6105b666605d868b584cb7b,d7326b26416f4a3937c0aebe9c46ae1d4ab731e2fe4d417f75ef6f82f2957b8a,1.343,0,72,59,2,61,11,84.72222222222223,87.17948717948718,85.71428571428571,88.88888888888889,84.31372549019608,83.33333333333333,808,13.245901639344263,0,0,0,0,8,0,0,0,0,0,5.6616,3.8575,5814,1286068,97,40,120,0.3991172761664565,0,1.226037,0.063617,92,14.164,27.979,29.566,0,0.0,0.0,0,0,0,0,0,0,
K8_R1.05_T1_H1_N4_S8004_HYBRID_inprocess,8004,8,1.05,1,1,N4,0.98,3.0,,HYBRID,inprocess,b5b14930f57c2b32243aa7f61dd3cc53063698b6a6105b666605d868b584cb7b,6a63fdfbdece316ee3d94eec8e4e2f300cb7aefc39541e8e518d3236f234a23f,1.345,0,72,58,1,59,13,81.94444444444444,86.32478632478633,90.47619047619048,88.88888888888889,78.43137254901961,78.57142857142857,812,13.76271186440678,0,0,0,0,8,0,0,0,0,0,5.6681,3.8575,6125,1346089,133,51,7,0.03625125292348814,0,1.203229,0.08559699999999999,127,2.75,26.814,28.776,283,0.38699999999999996,0.45899999999999996,0,8,0,0,0,0,
K4_R0.90_T1_H1_N4_S8004_EDGE_MARKET_inprocess,8004,4,0.9,1,1,N4,0.98,3.0,,EDGE_MARKET,inprocess,55ace4125c0ee7353ca7814fe33845b1b9d265054b867c488ae31927b1ce3dd0,45ca99925d39664751a0df1cdd4381eb17fd38dca73e4f05dc0ac7efd089d3ae,0.084,0,31,26,1,27,4,87.09677419354838,88.67924528301887,87.5,80.0,86.95652173913044,92.85714285714286,337,12.481481481481481,0,0,0,0,3,0,0,0,0,0,5.7195,3.9059,2142,623072,32,12,1,0.0028804608737397984,0,0.009594,0.052819000000000005,67,0.023,0.031,0.063,246,0.402,2.654,0,9,0,0,0,0,
K4_R0.90_T1_H1_N4_S8004_HYBRID_EAGER_inprocess,8004,4,0.9,1,1,N4,0.98,3.0,,HYBRID_EAGER,inprocess,55ace4125c0ee7353ca7814fe33845b1b9d265054b867c488ae31927b1ce3dd0,fb75564bd98c8320909179889e7b01b45ec79fde04b543d5ad450e35c988c879,0.115,0,31,28,1,29,2,93.54838709677419,92.45283018867924,87.5,80.0,95.65217391304348,100.0,356,12.275862068965518,0,0,0,0,4,0,0,0,0,0,5.7468,3.9059,2260,622066,47,12,5,0.007751937984496124,0,0.061258,0.031731,58,0.045000000000000005,4.2940000000000005,4.831,71,0.077,0.093,0,3,0,0,0,0,
K8_R1.05_T1_H1_N4_S8004_CENTRAL_FB_inprocess,8004,8,1.05,1,1,N4,0.98,3.0,,CENTRAL_FB,inprocess,b5b14930f57c2b32243aa7f61dd3cc53063698b6a6105b666605d868b584cb7b,84c6dec568aa8002e2a0948651c6cff753304bedafeb8e38da72514dec7b73e2,1.363,0,72,60,2,62,10,86.11111111111111,88.88888888888889,95.23809523809524,88.88888888888889,82.3529411764706,85.71428571428571,778,12.548387096774194,0,0,0,0,8,0,0,0,0,0,5.6669,3.8575,5719,1278615,100,36,120,0.39308716187204806,1,1.245116,0.065425,84,18.732,28.012999999999998,29.818,30,0.09000000000000001,0.093,0,0,0,0,0,0,
K8_R1.05_T1_H1_N4_S8004_HYBRID_EAGER_inprocess,8004,8,1.05,1,1,N4,0.98,3.0,,HYBRID_EAGER,inprocess,b5b14930f57c2b32243aa7f61dd3cc53063698b6a6105b666605d868b584cb7b,c852f93b48fb456f7116ebe779409c996296604edd2012a053e124f5dff0dd17,1.37,0,72,59,1,60,12,83.33333333333333,88.03418803418803,95.23809523809524,100.0,78.43137254901961,85.71428571428571,804,13.4,0,0,0,0,7,1,1,0,9,9,8.932,3.8575,6150,1364550,129,57,7,0.03722785441249792,0,1.222523,0.091337,129,2.5730000000000004,27.298,29.464000000000002,290,0.398,0.453,0,8,0,0,0,0,
K8_R1.05_T1_H1_N4_S8004_CENTRAL_FOG_inprocess,8004,8,1.05,1,1,N4,0.98,3.0,,CENTRAL_FOG,inprocess,b5b14930f57c2b32243aa7f61dd3cc53063698b6a6105b666605d868b584cb7b,ee98274cd191505e1965abaddfd6777e1af90fadb25c0a4dff50b2da8760181b,1.978,0,72,58,2,60,12,83.33333333333333,87.17948717948718,90.47619047619048,100.0,80.3921568627451,85.71428571428571,780,13.0,0,0,0,0,8,0,0,0,0,0,5.6712,3.8575,6533,1353717,136,46,7,0.028928850664581705,1,1.850037,0.06994300000000002,139,13.359,26.367,29.116,0,0.0,0.0,0,0,0,0,0,0,
K16_R0.90_T1_H1_N4_S8004_STATIC_inprocess,8004,16,0.9,1,1,N4,0.98,3.0,,STATIC,inprocess,59bc6a06e8836b0cd65291b0617188d1a5d718924bd85c72742ea4d770d45aaf,b37b1c4ba7d5b32df6dd01695903d0098e6aa4168f0919510df6573f0528be61,0.279,0,123,100,3,103,20,83.73983739837398,76.6839378238342,56.41025641025641,50.0,96.42857142857143,86.76470588235294,1478,14.349514563106796,0,0,0,0,13,0,0,0,0,0,6.5242,3.8726,7715,2135878,107,41,119,0.5649059982094897,4,0.038153,0.11458399999999999,114,0.009000000000000001,0.644,3.0100000000000002,0,0.0,0.0,0,1,0,0,0,0,
K16_R0.90_T1_H1_N4_S8004_PERIODIC_inprocess,8004,16,0.9,1,1,N4,0.98,3.0,,PERIODIC,inprocess,59bc6a06e8836b0cd65291b0617188d1a5d718924bd85c72742ea4d770d45aaf,c8e4dc34807383d09e142b92ecd0b76920dc0397cd1614fa2d1ae792994396f0,0.611,0,123,96,3,99,24,80.48780487804878,77.20207253886011,66.66666666666667,64.28571428571429,86.9047619047619,77.94117647058823,1530,15.454545454545455,0,0,0,0,14,0,0,0,0,0,5.7277,3.8726,8322,2192415,115,58,119,0.5258579023682939,4,0.366549,0.11834099999999999,23,2.9290000000000003,44.28,49.65,0,0.0,0.0,0,1,0,0,0,0,
K16_R0.90_T1_H1_N4_S8004_EDGE_MARKET_inprocess,8004,16,0.9,1,1,N4,0.98,3.0,,EDGE_MARKET,inprocess,59bc6a06e8836b0cd65291b0617188d1a5d718924bd85c72742ea4d770d45aaf,0b718168dec30d611effb72091f0653dcffdc9cd7a13d987e8234160134ec07a,0.65,0,123,94,3,97,26,78.86178861788618,81.34715025906736,84.61538461538461,92.85714285714286,76.19047619047619,80.88235294117646,1652,17.030927835051546,4,4,0,0,16,0,0,0,0,0,5.6741,3.8726,11320,2896996,225,106,10,0.029044516829533115,2,0.050542,0.457859,162,0.082,0.232,0.448,3443,0.421,2.98,0,54,0,0,0,0,
K8_R0.75_T1_H1_N4_S8005_STATIC_inprocess,8005,8,0.75,1,1,N4,0.98,3.0,,STATIC,inprocess,f1e44e4137cc36a35190b83a1885d53925569a3b445ef8468aa240dc9d2d45c8,587612cd31d88e8bbbc421be6eb3db21defe8908517efbfc1cf692d4a02a8b0d,0.102,0,51,43,3,46,5,90.19607843137256,87.65432098765432,86.66666666666667,80.0,91.66666666666667,89.65517241379311,663,14.41304347826087,0,0,0,0,5,0,0,0,0,0,5.6343,3.8663,3850,1047323,48,34,116,0.5106609808102346,0,0.013594,0.050048999999999996,39,0.005,0.196,0.265,0,0.0,0.0,0,0,0,0,0,0,
K8_R0.75_T1_H1_N4_S8005_PERIODIC_inprocess,8005,8,0.75,1,1,N4,0.98,3.0,,PERIODIC,inprocess,f1e44e4137cc36a35190b83a1885d53925569a3b445ef8468aa240dc9d2d45c8,d4db0063c34945f731dbcab10fc81a837fda0badd5aaa8a620efbace99fa60b8,0.189,0,51,45,1,46,5,90.19607843137256,88.88888888888889,80.0,80.0,94.44444444444444,93.10344827586206,663,14.41304347826087,0,0,0,0,5,0,0,0,0,0,5.6311,3.8663,4084,1070238,69,35,113,0.4762532981530343,0,0.09804,0.051089,23,0.333,13.003,13.558,0,0.0,0.0,0,1,0,0,0,0,
K8_R0.75_T1_H1_N4_S8005_CENTRAL_inprocess,8005,8,0.75,1,1,N4,0.98,3.0,,CENTRAL,inprocess,f1e44e4137cc36a35190b83a1885d53925569a3b445ef8468aa240dc9d2d45c8,7689d647dae06db34c05e621a92ce75ba81d40ab103b523b99623e1df01c0ac8,0.5,0,51,46,3,49,2,96.07843137254902,95.06172839506173,93.33333333333333,80.0,97.22222222222223,96.55172413793103,651,13.285714285714286,0,0,0,0,7,0,0,0,0,0,5.6281,3.8663,4622,1093153,76,40,121,0.47874720357941836,0,0.406479,0.052208000000000004,63,7.412,14.331999999999999,15.798,0,0.0,0.0,0,1,0,0,0,0,
K16_R0.90_T1_H1_N4_S8004_CENTRAL_inprocess,8004,16,0.9,1,1,N4,0.98,3.0,,CENTRAL,inprocess,59bc6a06e8836b0cd65291b0617188d1a5d718924bd85c72742ea4d770d45aaf,4e4d66c20d2deffd524fa5cf688a527b23c400cd72aae7024aee1427b73d6a4d,2.452,0,123,97,3,100,23,81.30081300813008,80.31088082901555,71.7948717948718,78.57142857142857,85.71428571428571,79.41176470588235,1606,16.06,0,0,0,0,16,0,0,0,0,0,5.6491,3.8726,10195,2417152,160,68,119,0.3910891089108911,2,2.180973,0.13545999999999997,91,26.789,45.870000000000005,51.825,0,0.0,0.0,0,0,0,0,0,0,
K16_R0.90_T1_H1_N4_S8004_CENTRAL_FB_inprocess,8004,16,0.9,1,1,N4,0.98,3.0,,CENTRAL_FB,inprocess,59bc6a06e8836b0cd65291b0617188d1a5d718924bd85c72742ea4d770d45aaf,47aa4c5eb6cadd59625e33aa0a012cc0e668fd8edbcbd8b7d29478ef9888f256,2.522,0,123,99,3,102,21,82.92682926829268,81.86528497409327,79.48717948717949,78.57142857142857,84.52380952380952,82.3529411764706,1608,15.764705882352942,0,0,0,0,15,0,0,0,0,0,5.685,3.8726,10188,2402714,174,70,119,0.3872366790582404,2,2.248132,0.13685100000000003,92,26.955,46.373999999999995,49.104,50,0.107,0.456,0,1,0,0,0,0,
K16_R0.90_T1_H1_N4_S8004_HYBRID_inprocess,8004,16,0.9,1,1,N4,0.98,3.0,,HYBRID,inprocess,59bc6a06e8836b0cd65291b0617188d1a5d718924bd85c72742ea4d770d45aaf,6f187d8e4ef4cb760d75630374e1a53371d5c4d1f39cd908156f5093d4976ddb,2.616,0,123,98,3,101,22,82.11382113821138,85.49222797927462,87.17948717948718,92.85714285714286,79.76190476190476,79.41176470588235,1728,17.10891089108911,12,10,0,0,14,0,0,0,0,0,5.6728,3.8726,11841,2731713,238,109,10,0.031077348066298343,3,2.181478,0.28674999999999995,161,0.23900000000000002,41.730000000000004,47.943,1374,0.39399999999999996,2.8379999999999996,0,31,0,0,0,0,
K8_R0.75_T1_H1_N4_S8005_CENTRAL_FB_inprocess,8005,8,0.75,1,1,N4,0.98,3.0,,CENTRAL_FB,inprocess,f1e44e4137cc36a35190b83a1885d53925569a3b445ef8468aa240dc9d2d45c8,cfee2c4ed72589b71e16b12f669d1feb9fcad8d340aca511359865d68f9e30ab,0.513,0,51,46,3,49,2,96.07843137254902,95.06172839506173,93.33333333333333,80.0,97.22222222222223,96.55172413793103,662,13.510204081632653,0,0,0,0,8,0,0,0,0,0,5.6203,3.8663,4675,1099780,69,39,121,0.45022002200220024,0,0.416598,0.054703,66,2.562,13.801,15.487,23,0.1,0.439,0,1,0,0,0,0,
K16_R0.90_T1_H1_N4_S8004_HYBRID_EAGER_inprocess,8004,16,0.9,1,1,N4,0.98,3.0,,HYBRID_EAGER,inprocess,59bc6a06e8836b0cd65291b0617188d1a5d718924bd85c72742ea4d770d45aaf,4494e3d1a97eec0b43054f26286d68c8331ae66c6473889b39d063e3b29ecce3,2.618,0,123,98,3,101,22,82.11382113821138,85.49222797927462,87.17948717948718,92.85714285714286,79.76190476190476,79.41176470588235,1728,17.10891089108911,12,10,0,0,14,0,0,0,0,0,5.6728,3.8726,11841,2731647,238,109,10,0.031077348066298343,3,2.179276,0.29453100000000004,161,0.23800000000000002,41.811,46.92,1386,0.40099999999999997,2.8579999999999997,0,31,0,0,0,0,
K8_R0.75_T1_H1_N4_S8005_EDGE_MARKET_inprocess,8005,8,0.75,1,1,N4,0.98,3.0,,EDGE_MARKET,inprocess,f1e44e4137cc36a35190b83a1885d53925569a3b445ef8468aa240dc9d2d45c8,5b9c768d62bff8d29c450d188a449186fa044547ae7a4553f312e0f971e5d07c,0.174,0,51,42,2,44,7,86.27450980392157,85.18518518518519,80.0,60.0,88.88888888888889,86.20689655172414,680,15.454545454545455,0,0,0,0,5,0,0,0,0,0,5.6511,3.8663,4398,1154069,89,38,2,0.004908835904628331,0,0.017767,0.11393299999999999,74,0.037,0.088,0.159,559,0.432,2.648,0,15,0,0,0,0,
K8_R0.75_T1_H1_N4_S8005_HYBRID_inprocess,8005,8,0.75,1,1,N4,0.98,3.0,,HYBRID,inprocess,f1e44e4137cc36a35190b83a1885d53925569a3b445ef8468aa240dc9d2d45c8,abe04a7e5c343c156a1617969e759e4af712cd1481ad0a30923d5b6ef5d7501e,0.532,0,51,46,2,48,3,94.11764705882354,96.29629629629629,100.0,100.0,91.66666666666667,89.65517241379311,717,14.9375,0,0,0,0,7,0,0,0,0,0,5.6216,3.8663,4826,1160158,100,50,5,0.010823429541595925,0,0.426025,0.060726,90,0.756,14.471,15.608,130,0.08600000000000001,0.448,0,5,0,0,0,0,
K8_R0.75_T1_H1_N4_S8005_CENTRAL_FOG_inprocess,8005,8,0.75,1,1,N4,0.98,3.0,,CENTRAL_FOG,inprocess,f1e44e4137cc36a35190b83a1885d53925569a3b445ef8468aa240dc9d2d45c8,b8141f7754e8f27571fa18c5b4d98c21c2d3d2668dbb2a0fca5d22cd221cc7e1,0.646,0,51,47,2,49,2,96.07843137254902,96.29629629629629,93.33333333333333,100.0,97.22222222222223,93.10344827586206,692,14.122448979591837,0,0,0,0,7,0,0,0,0,0,7.3251,3.8663,5124,1153479,110,62,6,0.014776357827476038,1,0.541014,0.057685,101,2.402,13.634,15.548,0,0.0,0.0,0,0,0,0,0,0,
K8_R1.05_T1_H1_N4_S8005_STATIC_inprocess,8005,8,1.05,1,1,N4,0.98,3.0,,STATIC,inprocess,509fe33e96a516b04268ddefc45eecc8704314333ea93179e3e22bcc47529942,b953d2b600b0ef9af7bbe223b966a5e5dd8336a252e450a93d27907a9bf62b1a,0.113,0,72,59,2,61,11,84.72222222222223,74.78260869565217,47.61904761904762,22.22222222222222,100.0,78.78787878787878,742,12.163934426229508,0,0,0,0,6,0,0,0,0,0,5.7513,3.8775,3871,1065662,69,25,110,0.531272210376688,0,0.017134,0.050786,142,0.005,0.177,0.5469999999999999,0,0.0,0.0,0,0,0,0,0,0,
K8_R0.75_T1_H1_N4_S8005_HYBRID_EAGER_inprocess,8005,8,0.75,1,1,N4,0.98,3.0,,HYBRID_EAGER,inprocess,f1e44e4137cc36a35190b83a1885d53925569a3b445ef8468aa240dc9d2d45c8,471dae1879675f42ecc9dc6f1360bd9cc60f9c5fa176ee376cc5be07c19f8a78,0.525,0,51,46,2,48,3,94.11764705882354,96.29629629629629,100.0,100.0,91.66666666666667,89.65517241379311,717,14.9375,0,0,0,0,7,0,0,0,0,0,5.6216,3.8663,4826,1160158,100,50,5,0.010823429541595925,0,0.414484,0.06507700000000001,90,0.747,13.75,15.377,140,0.08399999999999999,0.44,0,5,0,0,0,0,
K8_R1.05_T1_H1_N4_S8005_PERIODIC_inprocess,8005,8,1.05,1,1,N4,0.98,3.0,,PERIODIC,inprocess,509fe33e96a516b04268ddefc45eecc8704314333ea93179e3e22bcc47529942,b5fc6702a007b8e2925f95ad4149e38ebd2aa3d773d8003167f2d74c6973705f,0.26,0,72,56,1,57,15,79.16666666666667,76.52173913043478,61.904761904761905,55.55555555555556,86.27450980392157,84.84848484848484,879,15.421052631578947,0,0,0,0,7,0,0,0,0,0,5.6599,3.8775,4287,1127549,73,24,112,0.4583590376310919,1,0.158173,0.05547099999999999,23,0.786,20.82,23.709999999999997,0,0.0,0.0,0,1,0,0,0,0,
K8_R1.05_T1_H1_N4_S8005_CENTRAL_FB_inprocess,8005,8,1.05,1,1,N4,0.98,3.0,,CENTRAL_FB,inprocess,509fe33e96a516b04268ddefc45eecc8704314333ea93179e3e22bcc47529942,2d7d4041f80bca12ce283d550be6056fb7a4aa1ab7ca8417c2bb1531bf6293a9,0.813,0,72,59,2,61,11,84.72222222222223,82.6086956521739,80.95238095238095,55.55555555555556,86.27450980392157,84.84848484848484,803,13.163934426229508,0,0,0,0,7,0,0,0,0,0,6.1509,3.8775,4902,1162643,80,41,120,0.4528057926040859,0,0.704611,0.058335000000000005,67,12.495,22.523999999999997,25.608,26,0.085,0.09000000000000001,0,0,0,0,0,0,
K8_R1.05_T1_H1_N4_S8005_CENTRAL_inprocess,8005,8,1.05,1,1,N4,0.98,3.0,,CENTRAL,inprocess,509fe33e96a516b04268ddefc45eecc8704314333ea93179e3e22bcc47529942,2216b4f66d098ef437d680bd34846fac3744488befced4e1044e6df2b065a057,0.839,0,72,58,2,60,12,83.33333333333333,80.8695652173913,76.19047619047619,55.55555555555556,86.27450980392157,84.84848484848484,778,12.966666666666667,0,0,0,0,7,0,0,0,0,0,5.6681,3.8775,4939,1165118,75,35,120,0.4394676222165344,0,0.732613,0.057255999999999994,70,12.226,22.629,26.288,0,0.0,0.0,0,1,0,0,0,0,
K4_R0.90_T1_H1_N4_S8005_STATIC_inprocess,8005,4,0.9,1,1,N4,0.98,3.0,,STATIC,inprocess,d0799cc2caa6313a3c39cf53dd286b4a15eceb2e1b1460f466b91ad5a295eb96,ff4c660ce463214f24c11557a97f36a51476f1a822cdb56a5a42894200be641f,0.05,0,31,24,0,24,7,77.41935483870968,68.51851851851852,44.44444444444444,20.0,90.9090909090909,88.23529411764706,337,14.041666666666666,0,0,0,0,3,0,0,0,0,0,5.6558,3.9889,1924,520591,26,19,93,0.3561253561253561,1,0.006835,0.023928,95,0.004,0.068,0.13699999999999998,0,0.0,0.0,0,0,0,0,0,0,
K8_R1.05_T1_H1_N4_S8005_HYBRID_inprocess,8005,8,1.05,1,1,N4,0.98,3.0,,HYBRID,inprocess,509fe33e96a516b04268ddefc45eecc8704314333ea93179e3e22bcc47529942,9ca8015bdb4f4a4ad0d40e1255560a0fdc628897da6c52aed3154ce7332db87a,0.854,0,72,59,2,61,11,84.72222222222223,88.69565217391305,95.23809523809524,100.0,80.3921568627451,87.87878787878788,802,13.147540983606557,0,0,0,0,7,0,0,0,0,0,5.6412,3.8775,5415,1271338,108,56,6,0.02128060263653484,2,0.707057,0.094483,109,0.5640000000000001,20.188000000000002,25.683,336,0.404,2.751,0,14,0,0,0,0,
K4_R0.90_T1_H1_N4_S8005_PERIODIC_inprocess,8005,4,0.9,1,1,N4,0.98,3.0,,PERIODIC,inprocess,d0799cc2caa6313a3c39cf53dd286b4a15eceb2e1b1460f466b91ad5a295eb96,79c708947c346c275f9c31006a8c61b91b9d74b3601080b28e7bfc370c898a3b,0.075,0,31,25,0,25,6,80.64516129032258,74.07407407407408,66.66666666666667,40.0,86.36363636363636,94.11764705882354,359,14.36,0,0,0,0,4,0,0,0,0,0,5.6558,3.9889,2028,530167,28,23,93,0.33244857332448574,0,0.030803,0.024524,23,0.22599999999999998,3.315,4.597,0,0.0,0.0,0,0,0,0,0,0,
K4_R0.90_T1_H1_N4_S8005_CENTRAL_inprocess,8005,4,0.9,1,1,N4,0.98,3.0,,CENTRAL,inprocess,d0799cc2caa6313a3c39cf53dd286b4a15eceb2e1b1460f466b91ad5a295eb96,3a12fd0bfeb8db227aab346d3e3289f68961d87b9537ce3ae17d15f26b318525,0.081,0,31,25,0,25,6,80.64516129032258,74.07407407407408,66.66666666666667,40.0,86.36363636363636,94.11764705882354,361,14.44,0,0,0,0,4,0,0,0,0,0,5.6296,3.9889,2075,550221,28,17,93,0.3448940269749518,2,0.035433,0.025266999999999998,31,0.483,2.5500000000000003,5.617,0,0.0,0.0,0,0,0,0,0,0,
K8_R1.05_T1_H1_N4_S8005_EDGE_MARKET_inprocess,8005,8,1.05,1,1,N4,0.98,3.0,,EDGE_MARKET,inprocess,509fe33e96a516b04268ddefc45eecc8704314333ea93179e3e22bcc47529942,a6b90fc4b2cf5a967809124f4274a6cb274979b73302d44130ff56bbff5796c9,0.259,0,72,54,2,56,16,77.77777777777777,78.26086956521739,80.95238095238095,77.77777777777777,76.47058823529412,81.81818181818181,837,14.946428571428571,0,0,0,0,5,0,0,0,0,0,5.6527,3.8775,4741,1265943,94,41,4,0.010592304366623433,0,0.020661,0.18833,109,0.041999999999999996,0.118,0.129,872,0.428,2.892,0,21,0,0,0,0,
K4_R0.90_T1_H1_N4_S8005_CENTRAL_FB_inprocess,8005,4,0.9,1,1,N4,0.98,3.0,,CENTRAL_FB,inprocess,d0799cc2caa6313a3c39cf53dd286b4a15eceb2e1b1460f466b91ad5a295eb96,175ad3e8201fc1fad951d3682141f16f33cc6a7ab17482afd725218ce504ce13,0.08,0,31,25,0,25,6,80.64516129032258,75.92592592592592,66.66666666666667,60.0,86.36363636363636,94.11764705882354,345,13.8,0,0,0,0,3,0,0,0,0,0,5.6565,3.9889,2106,558381,25,20,93,0.3582183186951067,0,0.034195,0.025674,36,0.5730000000000001,2.624,4.212,11,0.08399999999999999,0.08399999999999999,0,1,0,0,0,0,
K4_R0.90_T1_H1_N4_S8005_HYBRID_inprocess,8005,4,0.9,1,1,N4,0.98,3.0,,HYBRID,inprocess,d0799cc2caa6313a3c39cf53dd286b4a15eceb2e1b1460f466b91ad5a295eb96,8c806ddd8f903c624dd506ab7b35e2105f6a650d3e936b6861264f819ece56fe,0.097,0,31,25,0,25,6,80.64516129032258,79.62962962962963,77.77777777777777,60.0,81.81818181818181,88.23529411764706,358,14.32,0,0,0,0,3,0,0,0,0,0,5.637,3.9889,2263,577466,35,24,5,0.009450945094509451,0,0.033723,0.041250999999999996,72,0.044,2.238,4.15,162,0.391,2.606,0,9,0,0,0,0,
K4_R0.90_T1_H1_N4_S8005_HYBRID_EAGER_inprocess,8005,4,0.9,1,1,N4,0.98,3.0,,HYBRID_EAGER,inprocess,d0799cc2caa6313a3c39cf53dd286b4a15eceb2e1b1460f466b91ad5a295eb96,b393db52bc93d7dbe410da206d3a895005b692a343ddec39ddda9ea8d68dfeed,0.1,0,31,25,0,25,6,80.64516129032258,79.62962962962963,77.77777777777777,60.0,81.81818181818181,88.23529411764706,358,14.32,0,0,0,0,3,0,0,0,0,0,5.637,3.9889,2263,577466,35,24,5,0.009450945094509451,0,0.034034,0.044063,72,0.043000000000000003,2.209,4.314,168,0.415,2.7950000000000004,0,9,0,0,0,0,
K8_R1.05_T1_H1_N4_S8005_HYBRID_EAGER_inprocess,8005,8,1.05,1,1,N4,0.98,3.0,,HYBRID_EAGER,inprocess,509fe33e96a516b04268ddefc45eecc8704314333ea93179e3e22bcc47529942,ccb90b4d7922c9ac3fe02022afe99f48c94587937a82c6be3bdce77bfc3b7f95,0.861,0,72,59,2,61,11,84.72222222222223,88.69565217391305,95.23809523809524,100.0,80.3921568627451,87.87878787878788,802,13.147540983606557,0,0,0,0,7,0,0,0,0,0,5.6412,3.8775,5415,1271329,108,56,6,0.02128060263653484,2,0.709373,0.09878900000000002,109,0.55,20.820999999999998,25.641000000000002,343,0.40099999999999997,2.7729999999999997,0,14,0,0,0,0,
K4_R0.90_T1_H1_N4_S8005_CENTRAL_FOG_inprocess,8005,4,0.9,1,1,N4,0.98,3.0,,CENTRAL_FOG,inprocess,d0799cc2caa6313a3c39cf53dd286b4a15eceb2e1b1460f466b91ad5a295eb96,7161f6328fc7f6d71b6c253beeee097235c15bba8b606b9044b70e87e4b4bcaf,0.138,0,31,27,0,27,4,87.09677419354838,88.88888888888889,100.0,100.0,81.81818181818181,100.0,311,11.518518518518519,0,0,0,0,3,0,0,0,0,0,5.6204,3.9889,2311,577725,36,28,3,0.009674582233948988,0,0.088689,0.027307,57,1.575,3.027,4.083,0,0.0,0.0,0,0,0,0,0,0,
K4_R0.90_T1_H1_N4_S8005_EDGE_MARKET_inprocess,8005,4,0.9,1,1,N4,0.98,3.0,,EDGE_MARKET,inprocess,d0799cc2caa6313a3c39cf53dd286b4a15eceb2e1b1460f466b91ad5a295eb96,5063c4539eeccb3f3d1c0fd2ae192e1ced03326a5dcb8bd11c23aae8624ad9b4,0.081,0,31,25,0,25,6,80.64516129032258,83.33333333333333,77.77777777777777,80.0,81.81818181818181,82.3529411764706,342,13.68,0,0,0,0,3,0,0,0,0,0,5.565,3.9889,2181,599322,41,24,5,0.010299625468164793,0,0.009531,0.050529000000000004,60,0.023,0.044,0.07100000000000001,272,0.303,2.881,0,12,0,0,0,0,
K8_R1.05_T1_H1_N4_S8005_CENTRAL_FOG_inprocess,8005,8,1.05,1,1,N4,0.98,3.0,,CENTRAL_FOG,inprocess,509fe33e96a516b04268ddefc45eecc8704314333ea93179e3e22bcc47529942,05e5a50d20e538c68a0d9e7de6087e097c26898b274e55628b01f022fa8dca5f,1.343,0,72,58,2,60,12,83.33333333333333,86.95652173913044,90.47619047619048,100.0,80.3921568627451,84.84848484848484,818,13.633333333333333,0,0,0,0,7,0,0,0,0,0,5.711,3.8775,6181,1265969,120,62,6,0.028046580285386254,0,1.221844,0.064336,134,7.619,19.67,27.673,0,0.0,0.0,0,0,0,0,0,0,
K16_R0.90_T1_H1_N4_S8004_CENTRAL_FOG_inprocess,8004,16,0.9,1,1,N4,0.98,3.0,,CENTRAL_FOG,inprocess,59bc6a06e8836b0cd65291b0617188d1a5d718924bd85c72742ea4d770d45aaf,ad3975a07e081dae544a3c0ad3c3aca43f3472880c379cc015ac4d2a1c35d02d,4.654,0,123,99,3,102,21,82.92682926829268,86.52849740932642,89.74358974358974,92.85714285714286,79.76190476190476,82.3529411764706,1605,15.735294117647058,0,0,0,0,15,0,0,0,0,0,6.6329,3.8726,12936,2626290,283,112,12,0.035905934343434344,2,4.353491,0.14950399999999997,174,25.913,42.111999999999995,51.833,0,0.0,0.0,0,0,0,0,0,0,
K16_R0.90_T1_H1_N4_S8005_STATIC_inprocess,8005,16,0.9,1,1,N4,0.98,3.0,,STATIC,inprocess,b0d6f0357690d3a35dfeb23bc7d4656b5a76507039d4426c175a846c590504fb,ad62459aa832ce5cc39eba70512741271321df24e7de08e7ec31f8736474a605,0.28,0,123,93,3,96,27,78.04878048780488,71.36150234741784,58.333333333333336,45.45454545454545,90.66666666666667,81.25,1616,16.833333333333332,0,0,0,0,14,0,0,0,0,0,6.0703,3.9418,7709,2090873,125,46,120,0.5269932070075081,0,0.042682,0.112334,125,0.009000000000000001,0.596,2.7009999999999996,0,0.0,0.0,0,1,0,0,0,0,
K16_R0.90_T1_H1_N4_S8005_PERIODIC_inprocess,8005,16,0.9,1,1,N4,0.98,3.0,,PERIODIC,inprocess,b0d6f0357690d3a35dfeb23bc7d4656b5a76507039d4426c175a846c590504fb,fe0b66790de3f81071b2e8393e513545de7cb506dc5d81c76d4b174c2ce34804,0.574,0,123,90,5,95,28,77.23577235772358,74.17840375586854,70.83333333333333,54.54545454545455,81.33333333333333,75.0,1557,16.389473684210525,0,0,0,0,14,0,0,0,0,0,5.7098,3.9418,8271,2170413,146,50,120,0.5184703010577706,0,0.329436,0.119288,23,3.2079999999999997,34.967999999999996,37.983999999999995,0,0.0,0.0,0,2,0,0,0,0,
K16_R0.90_T1_H1_N4_S8005_EDGE_MARKET_inprocess,8005,16,0.9,1,1,N4,0.98,3.0,,EDGE_MARKET,inprocess,b0d6f0357690d3a35dfeb23bc7d4656b5a76507039d4426c175a846c590504fb,2427a6e939087837a135b6b7a133d87cdee0f40ae029fa713a9ad03bbca76706,0.754,0,123,95,2,97,26,78.86178861788618,82.15962441314554,85.41666666666667,86.36363636363636,74.66666666666667,76.5625,1610,16.5979381443299,0,0,0,0,14,0,0,0,0,0,5.6753,3.9418,11634,2898592,231,111,6,0.01942257217847769,0,0.053589,0.553322,198,0.082,0.23,0.382,3608,0.426,2.8449999999999998,0,62,0,0,0,0,
K8_R0.75_T1_H1_N4_S8006_STATIC_inprocess,8006,8,0.75,1,1,N4,0.98,3.0,,STATIC,inprocess,25de6fd537536f3d29842aba3809a2427f0b292c7b31b74a8b4953b9a94123dd,cda84369bda93c2eec42601fbf2d6d14070ac92143f0c63c73c87c5f475c3735,0.101,0,51,44,0,44,7,86.27450980392157,80.24691358024691,66.66666666666667,33.333333333333336,96.96969696969697,91.30434782608695,673,15.295454545454545,0,0,0,0,6,0,0,0,0,0,5.6635,3.8768,3838,1005972,48,30,114,0.4728457639391745,0,0.014785,0.048324000000000006,159,0.005,0.133,0.54,0,0.0,0.0,0,0,0,0,0,0,
K8_R0.75_T1_H1_N4_S8006_PERIODIC_inprocess,8006,8,0.75,1,1,N4,0.98,3.0,,PERIODIC,inprocess,25de6fd537536f3d29842aba3809a2427f0b292c7b31b74a8b4953b9a94123dd,c1c0306a07b853573c42eab3b62cb3d65bf1df0be889575110f2004c8b5ecddb,0.179,0,51,43,0,43,8,84.31372549019608,82.71604938271605,66.66666666666667,100.0,93.93939393939394,86.95652173913044,726,16.88372093023256,0,0,0,0,2,0,0,0,0,0,5.6289,3.8768,4166,1097385,69,36,114,0.43855656697009104,0,0.087958,0.051657999999999996,23,0.6679999999999999,11.029,14.216,0,0.0,0.0,0,2,0,0,0,0,
K8_R0.75_T1_H1_N4_S8006_CENTRAL_inprocess,8006,8,0.75,1,1,N4,0.98,3.0,,CENTRAL,inprocess,25de6fd537536f3d29842aba3809a2427f0b292c7b31b74a8b4953b9a94123dd,12d8779c8ea085506c0b1931ddd48a014470fd5ef5cddcabb21004feb7055f9a,0.404,0,51,47,0,47,4,92.15686274509804,90.12345679012346,77.77777777777777,100.0,100.0,91.30434782608695,692,14.72340425531915,0,0,0,0,5,0,0,0,0,0,5.636,3.8768,4646,1092024,75,43,114,0.3768562622583357,1,0.309554,0.052444000000000005,65,2.827,11.287,13.036000000000001,0,0.0,0.0,0,0,0,0,0,0,
K8_R0.75_T1_H1_N4_S8006_CENTRAL_FB_inprocess,8006,8,0.75,1,1,N4,0.98,3.0,,CENTRAL_FB,inprocess,25de6fd537536f3d29842aba3809a2427f0b292c7b31b74a8b4953b9a94123dd,ed6da39decea817cbb46f9f7dabaa8be6f7399ed4f346423158a4970aebe93f5,0.402,0,51,49,0,49,2,96.07843137254902,96.29629629629629,94.44444444444444,100.0,96.96969696969697,95.65217391304348,687,14.020408163265307,0,0,0,0,6,0,0,0,0,0,5.636,3.8768,4690,1097274,72,41,114,0.37133370226895407,0,0.306579,0.05399899999999999,68,2.163,10.964,13.289,25,0.087,0.437,0,1,0,0,0,0,
K16_R0.90_T1_H1_N4_S8005_CENTRAL_inprocess,8005,16,0.9,1,1,N4,0.98,3.0,,CENTRAL,inprocess,b0d6f0357690d3a35dfeb23bc7d4656b5a76507039d4426c175a846c590504fb,3ff2c86eba6fd0ced815483e57d0035c4262753cecc2f9db029d153092d68e2d,2.615,0,123,85,3,88,35,71.54471544715447,73.70892018779342,70.83333333333333,72.72727272727273,72.0,73.4375,1737,19.738636363636363,0,0,0,0,15,0,0,0,0,0,5.731,3.9418,10649,2363522,164,77,120,0.6163712686567164,0,2.346407,0.130829,96,29.023,37.763999999999996,45.206999999999994,0,0.0,0.0,0,1,0,0,0,0,
K16_R0.90_T1_H1_N4_S8005_CENTRAL_FB_inprocess,8005,16,0.9,1,1,N4,0.98,3.0,,CENTRAL_FB,inprocess,b0d6f0357690d3a35dfeb23bc7d4656b5a76507039d4426c175a846c590504fb,3c66fdd461dd2140638aba9f385456b9cf3eaf1a07f6d61fd6c89ba0957e161c,2.622,0,123,85,3,88,35,71.54471544715447,73.2394366197183,68.75,72.72727272727273,73.33333333333333,71.875,1694,19.25,0,0,0,0,13,0,0,0,0,0,5.6725,3.9418,10754,2379560,175,72,120,0.6081439612412043,1,2.352119,0.133414,104,28.504,36.323,41.797000000000004,53,0.031,0.09899999999999999,0,2,0,0,0,0,
K16_R0.90_T1_H1_N4_S8005_HYBRID_inprocess,8005,16,0.9,1,1,N4,0.98,3.0,,HYBRID,inprocess,b0d6f0357690d3a35dfeb23bc7d4656b5a76507039d4426c175a846c590504fb,23ef15527bd5d138e44e1cc586dccb302cdd2c634884ae4e23d13aee0551c5bc,2.814,0,123,89,4,93,30,75.60975609756098,79.34272300469483,83.33333333333333,81.81818181818181,70.66666666666667,73.4375,1570,16.881720430107528,0,0,0,0,12,0,0,0,0,0,5.6921,3.9418,13097,2829776,281,100,8,0.0187111801242236,1,2.32705,0.33626400000000006,192,0.225,34.348,45.823,1840,0.417,2.524,0,42,0,0,0,0,
K8_R0.75_T1_H1_N4_S8006_HYBRID_inprocess,8006,8,0.75,1,1,N4,0.98,3.0,,HYBRID,inprocess,25de6fd537536f3d29842aba3809a2427f0b292c7b31b74a8b4953b9a94123dd,0b0176bf65cea3b763b0c0149b95c655938250a619a66d137a20e6857626295c,0.421,0,51,48,0,48,3,94.11764705882354,96.29629629629629,100.0,100.0,90.9090909090909,95.65217391304348,695,14.479166666666666,0,0,0,0,6,0,0,0,0,0,5.636,3.8768,4939,1141759,98,58,7,0.015683814303638646,3,0.30917,0.06677999999999999,104,0.406,10.151,13.094,201,0.365,0.43600000000000005,0,3,0,0,0,0,
K8_R0.75_T1_H1_N4_S8006_EDGE_MARKET_inprocess,8006,8,0.75,1,1,N4,0.98,3.0,,EDGE_MARKET,inprocess,25de6fd537536f3d29842aba3809a2427f0b292c7b31b74a8b4953b9a94123dd,ebf14896af2b8eb1a8814a89d7573c7c586c2f9d8336dc30b4ddb4049a29d54c,0.182,0,51,45,0,45,6,88.23529411764706,88.88888888888889,88.88888888888889,100.0,87.87878787878788,95.65217391304348,737,16.377777777777776,0,0,0,0,6,0,0,0,0,0,5.6564,3.8768,4394,1119830,85,48,4,0.009933774834437087,0,0.017132,0.12223700000000001,88,0.038,0.052,0.11900000000000001,589,0.443,2.791,0,14,0,0,0,0,
K8_R0.75_T1_H1_N4_S8006_HYBRID_EAGER_inprocess,8006,8,0.75,1,1,N4,0.98,3.0,,HYBRID_EAGER,inprocess,25de6fd537536f3d29842aba3809a2427f0b292c7b31b74a8b4953b9a94123dd,c792f71a25256b526a7dac87ef067b63004e35597545b4b0a6fe7f36e783a47e,0.43,0,51,48,0,48,3,94.11764705882354,96.29629629629629,100.0,100.0,90.9090909090909,95.65217391304348,695,14.479166666666666,0,0,0,0,6,0,0,0,0,0,5.636,3.8768,4939,1141759,98,58,7,0.015683814303638646,3,0.314589,0.070871,104,0.41300000000000003,10.429,12.981,208,0.365,0.439,0,3,0,0,0,0,
K8_R0.75_T1_H1_N4_S8006_CENTRAL_FOG_inprocess,8006,8,0.75,1,1,N4,0.98,3.0,,CENTRAL_FOG,inprocess,25de6fd537536f3d29842aba3809a2427f0b292c7b31b74a8b4953b9a94123dd,46272afecbe63d7686f6c37ddfa3b899005f09b9575f73624b48b860e49a9adf,0.571,0,51,47,0,47,4,92.15686274509804,93.82716049382717,94.44444444444444,100.0,90.9090909090909,86.95652173913044,746,15.872340425531915,0,0,0,0,5,0,0,0,0,0,5.6381,3.8768,5403,1163097,118,57,8,0.02861503243037009,1,0.467416,0.057361999999999996,117,2.64,10.112,13.242,0,0.0,0.0,0,0,0,0,0,0,
K16_R0.90_T1_H1_N4_S8005_HYBRID_EAGER_inprocess,8005,16,0.9,1,1,N4,0.98,3.0,,HYBRID_EAGER,inprocess,b0d6f0357690d3a35dfeb23bc7d4656b5a76507039d4426c175a846c590504fb,cf2204be310ed139dfc56ca9c1b1dc788a1786d829868c0a8667fec06475d5df,2.906,0,123,89,3,92,31,74.79674796747967,78.87323943661971,79.16666666666667,86.36363636363636,72.0,67.1875,1628,17.695652173913043,0,0,0,0,12,0,0,0,0,0,5.6845,3.9418,12629,2763175,248,119,8,0.019121073351008273,1,2.430163,0.329134,182,0.231,35.609,46.824,1646,0.429,2.936,0,41,0,0,0,0,
K8_R1.05_T1_H1_N4_S8006_STATIC_inprocess,8006,8,1.05,1,1,N4,0.98,3.0,,STATIC,inprocess,6ef3d7d2e43981dc6a23fa9a5aa93509afa20065bbb4dab9c00217cb2ef41f58,b3b82bb3c591f4147dde1c289d6be9ca1f635f9fea781004e151b8130131db12,0.118,0,72,55,0,55,17,76.38888888888889,64.86486486486487,22.22222222222222,20.0,94.44444444444444,68.57142857142857,786,14.290909090909091,0,0,0,0,8,0,0,0,0,0,5.6566,3.888,3862,1118189,60,33,116,0.5268468468468468,0,0.018304,0.055009,155,0.005,0.22,0.5479999999999999,0,0.0,0.0,0,1,0,0,0,0,
K8_R1.05_T1_H1_N4_S8006_PERIODIC_inprocess,8006,8,1.05,1,1,N4,0.98,3.0,,PERIODIC,inprocess,6ef3d7d2e43981dc6a23fa9a5aa93509afa20065bbb4dab9c00217cb2ef41f58,953174cb1a10ae07020d921dabd8f112a1de0f1816139e9dc33147208dd7d0f4,0.332,0,72,55,0,55,17,76.38888888888889,74.77477477477477,66.66666666666667,60.0,79.62962962962963,77.14285714285714,774,14.072727272727272,0,0,0,0,7,0,0,0,0,0,5.6666,3.888,4289,1150592,62,29,115,0.4590725178960473,1,0.228093,0.056953000000000004,23,1.1219999999999999,31.64,31.715,0,0.0,0.0,0,1,0,0,0,0,
K8_R1.05_T1_H1_N4_S8006_CENTRAL_inprocess,8006,8,1.05,1,1,N4,0.98,3.0,,CENTRAL,inprocess,6ef3d7d2e43981dc6a23fa9a5aa93509afa20065bbb4dab9c00217cb2ef41f58,22d45190e2d661e3fc4e77bd3593f9123d493bfefb3cbb30cd2af40501a23914,1.544,0,72,49,0,49,23,68.05555555555556,70.27027027027027,72.22222222222223,70.0,66.66666666666667,71.42857142857143,793,16.183673469387756,0,0,0,0,7,0,0,0,0,0,5.6539,3.888,5319,1225339,101,47,120,0.6242924528301886,0,1.430272,0.06266200000000001,90,10.808,33.173,37.595000000000006,0,0.0,0.0,0,0,0,0,0,0,
K8_R1.05_T1_H1_N4_S8006_CENTRAL_FB_inprocess,8006,8,1.05,1,1,N4,0.98,3.0,,CENTRAL_FB,inprocess,6ef3d7d2e43981dc6a23fa9a5aa93509afa20065bbb4dab9c00217cb2ef41f58,be92b29f4c7495a33259717caa2cbe2b76a3add0dd03b69830af0ae1ef70d67c,1.609,0,72,52,0,52,20,72.22222222222223,75.67567567567568,83.33333333333333,90.0,68.51851851851852,74.28571428571429,769,14.788461538461538,0,0,0,0,6,0,0,0,0,0,5.6704,3.888,5346,1232404,89,51,121,0.7728971962616823,0,1.493069,0.064678,86,19.128,34.304,38.498,25,0.04,2.933,0,0,0,0,0,0,
K4_R0.90_T1_H1_N4_S8006_STATIC_inprocess,8006,4,0.9,1,1,N4,0.98,3.0,,STATIC,inprocess,995a1d6b14266476ba4139e0d6fdb686ca5f341485cfea457be2d1f50f966a26,3fcfee0d062b46477f5a7201805d6cfb92782779bf87881e1286a05cba0f4bba,0.051,0,31,26,0,26,5,83.87096774193549,79.16666666666667,70.0,33.333333333333336,90.47619047619048,88.88888888888889,350,13.461538461538462,0,0,0,0,4,0,0,0,0,0,5.6639,4.0208,1931,525956,37,12,113,0.5454545454545454,0,0.007522,0.024272000000000002,149,0.004,0.075,0.185,0,0.0,0.0,0,1,0,0,0,0,
K8_R1.05_T1_H1_N4_S8006_HYBRID_inprocess,8006,8,1.05,1,1,N4,0.98,3.0,,HYBRID,inprocess,6ef3d7d2e43981dc6a23fa9a5aa93509afa20065bbb4dab9c00217cb2ef41f58,1bd02e2f6c1b3b44aee107883161c4c6a7c4f18a23f1cbd8b1259f7f8b1d7427,1.717,0,72,51,0,51,21,70.83333333333333,78.37837837837837,94.44444444444444,90.0,62.96296296296296,68.57142857142857,788,15.450980392156863,0,0,0,0,7,0,0,0,0,0,5.6507,3.888,6396,1436388,124,68,7,0.020003200512081935,3,1.50817,0.15182199999999998,150,0.193,32.955,36.790000000000006,739,0.41100000000000003,2.856,0,26,0,0,0,0,
K4_R0.90_T1_H1_N4_S8006_PERIODIC_inprocess,8006,4,0.9,1,1,N4,0.98,3.0,,PERIODIC,inprocess,995a1d6b14266476ba4139e0d6fdb686ca5f341485cfea457be2d1f50f966a26,bf19931dcae483d6bc32ef6d4427adcb2bc9969abe8587b7184fddc3372b0b60,0.08,0,31,29,0,29,2,93.54838709677419,91.66666666666667,80.0,100.0,100.0,88.88888888888889,332,11.448275862068966,0,0,0,0,3,0,0,0,0,0,5.7036,4.0208,2059,522625,42,12,119,0.5720026791694575,0,0.036482,0.024061,23,0.268,4.548,4.806,0,0.0,0.0,0,0,0,0,0,0,
K8_R1.05_T1_H1_N4_S8006_EDGE_MARKET_inprocess,8006,8,1.05,1,1,N4,0.98,3.0,,EDGE_MARKET,inprocess,6ef3d7d2e43981dc6a23fa9a5aa93509afa20065bbb4dab9c00217cb2ef41f58,aa8a9512df96523721b7d87a641cbb83ab9aaf0e6f6ddf6df1e9aa4f731aceb8,0.307,0,72,54,0,54,18,75.0,79.27927927927928,83.33333333333333,80.0,72.22222222222223,68.57142857142857,771,14.277777777777779,0,0,0,0,7,0,0,0,0,0,5.7031,3.888,5272,1407332,100,59,7,0.02266953292945085,0,0.023665,0.23169299999999998,160,0.043000000000000003,0.09899999999999999,0.21000000000000002,1366,0.447,2.926,0,37,0,0,0,0,
K4_R0.90_T1_H1_N4_S8006_CENTRAL_inprocess,8006,4,0.9,1,1,N4,0.98,3.0,,CENTRAL,inprocess,995a1d6b14266476ba4139e0d6fdb686ca5f341485cfea457be2d1f50f966a26,9883c33dd9eea93148b43dd34a2f47857fdd14c599622401190d9c6d59d2c1d8,0.117,0,31,29,0,29,2,93.54838709677419,91.66666666666667,80.0,100.0,100.0,88.88888888888889,332,11.448275862068966,0,0,0,0,3,0,0,0,0,0,5.6635,4.0208,2165,533827,32,10,119,0.5297766749379652,0,0.071792,0.025051,44,0.9600000000000001,4.229,4.531000000000001,0,0.0,0.0,0,0,0,0,0,0,
K4_R0.90_T1_H1_N4_S8006_CENTRAL_FB_inprocess,8006,4,0.9,1,1,N4,0.98,3.0,,CENTRAL_FB,inprocess,995a1d6b14266476ba4139e0d6fdb686ca5f341485cfea457be2d1f50f966a26,42bfbe3cd0e275b5a2aaf4c677a6dcc1a1391f22627fe0a4cc5dc2ee3fac24fb,0.117,0,31,29,0,29,2,93.54838709677419,91.66666666666667,80.0,100.0,100.0,88.88888888888889,332,11.448275862068966,0,0,0,0,3,0,0,0,0,0,5.6635,4.0208,2165,533554,32,10,119,0.5297766749379652,0,0.07156,0.025515000000000003,44,0.9470000000000001,4.138,4.528,14,0.032,0.089,0,0,0,0,0,0,
K4_R0.90_T1_H1_N4_S8006_CENTRAL_FOG_inprocess,8006,4,0.9,1,1,N4,0.98,3.0,,CENTRAL_FOG,inprocess,995a1d6b14266476ba4139e0d6fdb686ca5f341485cfea457be2d1f50f966a26,4e1f938be42d82ca0da30384502aa250d2d0ae27b32a0b1759a7c86640362aa8,0.152,0,31,28,0,28,3,90.3225806451613,91.66666666666667,90.0,100.0,90.47619047619048,94.44444444444444,347,12.392857142857142,0,0,0,0,3,0,0,0,0,0,5.6586,4.0208,2282,562053,49,22,7,0.017947537965945698,0,0.102781,0.027489,61,1.325,4.045,4.556,0,0.0,0.0,0,0,0,0,0,0,
K8_R1.05_T1_H1_N4_S8006_HYBRID_EAGER_inprocess,8006,8,1.05,1,1,N4,0.98,3.0,,HYBRID_EAGER,inprocess,6ef3d7d2e43981dc6a23fa9a5aa93509afa20065bbb4dab9c00217cb2ef41f58,58d57fb62a0bb77943ec9c46e89d6c8c112e1ebcced416d64aa000eb8648a4dc,1.729,0,72,52,0,52,20,72.22222222222223,78.37837837837837,94.44444444444444,90.0,64.81481481481481,71.42857142857143,756,14.538461538461538,0,0,0,0,7,0,0,0,0,0,5.6494,3.888,6387,1450521,135,76,7,0.02471513400738244,1,1.514719,0.15741599999999997,147,0.259,32.639,38.839999999999996,752,0.42000000000000004,2.964,0,26,0,0,0,0,
K4_R0.90_T1_H1_N4_S8006_HYBRID_inprocess,8006,4,0.9,1,1,N4,0.98,3.0,,HYBRID,inprocess,995a1d6b14266476ba4139e0d6fdb686ca5f341485cfea457be2d1f50f966a26,4ddb7ba5dfd8e16f2d2788358a3b1628956a5febb7889009708d781fc44d7655,0.124,0,31,30,0,30,1,96.7741935483871,97.91666666666667,100.0,100.0,95.23809523809524,100.0,360,12.0,0,0,0,0,4,0,0,0,0,0,5.6977,4.0208,2235,564900,62,15,7,0.014218009478672985,0,0.072566,0.029828,56,0.051,4.119000000000001,4.606,55,0.09000000000000001,0.43600000000000005,0,2,0,0,0,0,
K4_R0.90_T1_H1_N4_S8006_HYBRID_EAGER_inprocess,8006,4,0.9,1,1,N4,0.98,3.0,,HYBRID_EAGER,inprocess,995a1d6b14266476ba4139e0d6fdb686ca5f341485cfea457be2d1f50f966a26,c165ff6913e4c09d5504c3afd1ada70352dc02718383de3a773b4b447716d1eb,0.127,0,31,30,0,30,1,96.7741935483871,97.91666666666667,100.0,100.0,95.23809523809524,100.0,360,12.0,0,0,0,0,4,0,0,0,0,0,5.6977,4.0208,2235,564892,62,15,7,0.014218009478672985,0,0.072774,0.032169,56,0.046,4.143,4.460999999999999,60,0.106,0.444,0,2,0,0,0,0,
K4_R0.90_T1_H1_N4_S8006_EDGE_MARKET_inprocess,8006,4,0.9,1,1,N4,0.98,3.0,,EDGE_MARKET,inprocess,995a1d6b14266476ba4139e0d6fdb686ca5f341485cfea457be2d1f50f966a26,8573409807bdfdb06817053db41f547c633024c644716d8fe6550f52ecd7dd71,0.085,0,31,27,0,27,4,87.09677419354838,87.5,80.0,100.0,90.47619047619048,83.33333333333333,382,14.148148148148149,0,0,0,0,4,0,0,0,0,0,5.6601,4.0208,2113,565688,47,12,6,0.011005502751375688,0,0.009111,0.054519000000000005,56,0.019,0.041999999999999996,0.043000000000000003,206,0.41800000000000004,2.68,0,7,0,0,0,0,
K16_R0.90_T1_H1_N4_S8005_CENTRAL_FOG_inprocess,8005,16,0.9,1,1,N4,0.98,3.0,,CENTRAL_FOG,inprocess,b0d6f0357690d3a35dfeb23bc7d4656b5a76507039d4426c175a846c590504fb,9d0b7e3bb675d5d2ad7341c5eb19d34ed22a42fe0469fdc19f7feee6d1c385cd,5.689,0,123,89,3,92,31,74.79674796747967,78.87323943661971,87.5,81.81818181818181,66.66666666666667,73.4375,1748,19.0,1,1,0,0,14,0,0,0,0,0,5.6677,3.9418,14232,2702591,288,122,8,0.022158888493053083,0,5.377691,0.154252,194,29.278,40.471,50.291000000000004,0,0.0,0.0,0,0,0,0,0,0,
K8_R1.05_T1_H1_N4_S8006_CENTRAL_FOG_inprocess,8006,8,1.05,1,1,N4,0.98,3.0,,CENTRAL_FOG,inprocess,6ef3d7d2e43981dc6a23fa9a5aa93509afa20065bbb4dab9c00217cb2ef41f58,706116b479262ac6f7ca48ddd8c762f8e4fc2d88b8ab214b7b6fb0631ed1a641,2.67,0,72,54,0,54,18,75.0,82.88288288288288,94.44444444444444,100.0,68.51851851851852,74.28571428571429,774,14.333333333333334,0,0,0,0,8,0,0,0,0,0,5.6624,3.888,6660,1377827,149,65,7,0.03011215240436319,0,2.533285,0.07049,152,14.005,33.154999999999994,44.627,0,0.0,0.0,0,0,0,0,0,0,
K16_R0.90_T1_H1_N4_S8006_STATIC_inprocess,8006,16,0.9,1,1,N4,0.98,3.0,,STATIC,inprocess,7b163379a47d1f71dd1423de55b8eb3cbc2e3eccaadacdd7d0b748687a770b83,d0def4ea676c67584e84a5a8abdf53b2003da174b0a107854789a68ae1aca33a,0.286,0,123,96,1,97,26,78.86178861788618,72.48677248677248,51.851851851851855,27.272727272727273,86.45833333333333,72.72727272727273,1614,16.63917525773196,0,0,0,0,13,0,0,0,0,0,7.6381,3.8862,7715,2171640,119,63,110,0.5321942446043165,0,0.037859,0.122608,122,0.008,0.587,1.239,0,0.0,0.0,0,5,0,0,0,0,
K16_R0.90_T1_H1_N4_S8006_PERIODIC_inprocess,8006,16,0.9,1,1,N4,0.98,3.0,,PERIODIC,inprocess,7b163379a47d1f71dd1423de55b8eb3cbc2e3eccaadacdd7d0b748687a770b83,326d84399d9a6f804018818740d4399e9c29f2fb7c05a8296b976b129136d5db,0.664,0,123,99,1,100,23,81.30081300813008,83.5978835978836,85.18518518518519,72.72727272727273,80.20833333333333,80.0,1698,16.98,7,7,0,0,14,0,0,0,0,0,5.6571,3.8862,8350,2272173,124,59,119,0.47812097812097815,0,0.405186,0.12637900000000002,23,2.665,54.760999999999996,55.687,0,0.0,0.0,0,2,0,0,0,0,
K16_R0.90_T1_H1_N4_S8006_EDGE_MARKET_inprocess,8006,16,0.9,1,1,N4,0.98,3.0,,EDGE_MARKET,inprocess,7b163379a47d1f71dd1423de55b8eb3cbc2e3eccaadacdd7d0b748687a770b83,fd950e99ead0bfb2e96b9a1709dad46d874e6cd833c41890b492c14977f19600,0.785,0,123,97,1,98,25,79.67479674796748,84.12698412698413,96.29629629629629,90.9090909090909,75.0,76.36363636363636,1721,17.56122448979592,0,0,0,0,12,0,0,0,0,0,5.6597,3.8862,11324,2934380,233,103,7,0.019009685887571286,1,0.049921,0.591151,178,0.081,0.23900000000000002,0.444,3502,0.425,2.978,0,60,0,0,0,0,
K8_R0.75_T1_H1_N4_S8007_STATIC_inprocess,8007,8,0.75,1,1,N4,0.98,3.0,,STATIC,inprocess,3da8f15347d6340c144f3d08547f21c3b417e97cf4ab5f055641eb627efa7468,87e1cc445dcf9ca2f4d6cbecc24641148989cd70f43b8335ef038b177511f19f,0.1,0,51,45,1,46,5,90.19607843137256,88.46153846153847,80.0,80.0,92.6829268292683,89.65517241379311,592,12.869565217391305,0,0,0,0,6,0,0,0,0,0,5.6504,3.8867,3845,1040541,48,29,117,0.46101815592737627,0,0.012478,0.048905,67,0.005,0.159,0.314,0,0.0,0.0,0,3,0,0,0,0,
K8_R0.75_T1_H1_N4_S8007_PERIODIC_inprocess,8007,8,0.75,1,1,N4,0.98,3.0,,PERIODIC,inprocess,3da8f15347d6340c144f3d08547f21c3b417e97cf4ab5f055641eb627efa7468,6c3e9ae803958c71d4a03a378791428f1e23b2ea8ee51af90ba082beb3118739,0.187,0,51,49,1,50,1,98.03921568627452,97.43589743589743,90.0,100.0,100.0,96.55172413793103,638,12.76,0,0,0,0,7,0,0,0,0,0,5.6776,3.8867,4086,1068785,58,35,117,0.46396841066140176,1,0.096717,0.05032,23,0.337,13.504,13.972,0,0.0,0.0,0,0,0,0,0,0,
K8_R0.75_T1_H1_N4_S8007_CENTRAL_inprocess,8007,8,0.75,1,1,N4,0.98,3.0,,CENTRAL,inprocess,3da8f15347d6340c144f3d08547f21c3b417e97cf4ab5f055641eb627efa7468,bf108566041f6850e4c0435188a30f9bed4e754a9b13fd90d130880f30ea40e1,0.244,0,51,49,1,50,1,98.03921568627452,96.15384615384616,90.0,80.0,100.0,100.0,655,13.1,0,0,0,0,7,0,0,0,0,0,5.6776,3.8867,4247,1112827,53,38,117,0.47077114427860695,0,0.150527,0.052153000000000005,39,0.45199999999999996,13.811,18.53,0,0.0,0.0,0,0,0,0,0,0,
K8_R0.75_T1_H1_N4_S8007_CENTRAL_FB_inprocess,8007,8,0.75,1,1,N4,0.98,3.0,,CENTRAL_FB,inprocess,3da8f15347d6340c144f3d08547f21c3b417e97cf4ab5f055641eb627efa7468,20799ab92c611931d5989a7ac1fab83113817bc1a7d059c139c3fa92b27c0290,0.248,0,51,47,1,48,3,94.11764705882354,92.3076923076923,80.0,80.0,97.5609756097561,96.55172413793103,635,13.229166666666666,0,0,0,0,5,0,0,0,0,0,5.6776,3.8867,4309,1083558,54,39,117,0.4535202682109113,1,0.15542,0.052315,44,0.882,13.628,16.303,22,0.039,0.088,0,0,0,0,0,0,
K8_R0.75_T1_H1_N4_S8007_CENTRAL_FOG_inprocess,8007,8,0.75,1,1,N4,0.98,3.0,,CENTRAL_FOG,inprocess,3da8f15347d6340c144f3d08547f21c3b417e97cf4ab5f055641eb627efa7468,b2b9d6a7706815cfb7abd8a67a8bec915993a172b7372283ed2085ff946d5a89,0.294,0,51,49,1,50,1,98.03921568627452,96.15384615384616,90.0,80.0,100.0,100.0,613,12.26,0,0,0,0,5,0,0,0,0,0,5.6726,3.8867,4485,1097180,76,41,11,0.017840805123513267,0,0.198704,0.052673,61,1.089,13.323,16.761000000000003,0,0.0,0.0,0,0,0,0,0,0,
K16_R0.90_T1_H1_N4_S8006_CENTRAL_inprocess,8006,16,0.9,1,1,N4,0.98,3.0,,CENTRAL,inprocess,7b163379a47d1f71dd1423de55b8eb3cbc2e3eccaadacdd7d0b748687a770b83,2fbd88ca1182cc54384d2e2958a5f454e121abd45c0673c08f38a0c59cd0efd8,2.827,0,123,105,1,106,17,86.17886178861788,88.35978835978835,92.5925925925926,81.81818181818181,84.375,85.45454545454545,1591,15.00943396226415,0,0,0,0,13,0,0,0,0,0,6.2713,3.8862,10643,2434105,185,87,110,0.36872427983539097,1,2.55353,0.136481,95,34.157,58.906,69.82,0,0.0,0.0,0,3,0,0,0,0,
K16_R0.90_T1_H1_N4_S8006_CENTRAL_FB_inprocess,8006,16,0.9,1,1,N4,0.98,3.0,,CENTRAL_FB,inprocess,7b163379a47d1f71dd1423de55b8eb3cbc2e3eccaadacdd7d0b748687a770b83,9b1c5daa63daf0f034d335da69971861b7cea6a1b2c29fe082dd83cfebf0ffde,2.839,0,123,105,1,106,17,86.17886178861788,88.35978835978835,92.5925925925926,81.81818181818181,84.375,81.81818181818181,1591,15.00943396226415,0,0,0,0,11,1,1,0,10,6,8.6776,3.8862,10670,2437022,184,82,110,0.3612933458294283,1,2.561635,0.138042,94,35.03,59.198,72.422,49,0.092,0.09899999999999999,0,1,0,0,0,0,
K8_R0.75_T1_H1_N4_S8007_HYBRID_inprocess,8007,8,0.75,1,1,N4,0.98,3.0,,HYBRID,inprocess,3da8f15347d6340c144f3d08547f21c3b417e97cf4ab5f055641eb627efa7468,415751084d0bb9db919945e4ab4ccc22bc49dd820a8cf4e619a470070b14e307,0.253,0,51,49,1,50,1,98.03921568627452,96.15384615384616,90.0,80.0,100.0,100.0,683,13.66,0,0,0,0,6,0,0,0,0,0,5.6398,3.8867,4379,1119475,70,49,11,0.016404968361846732,0,0.153634,0.05645100000000001,53,0.076,13.642,16.367,86,0.09000000000000001,0.104,0,3,0,0,0,0,
K8_R0.75_T1_H1_N4_S8007_EDGE_MARKET_inprocess,8007,8,0.75,1,1,N4,0.98,3.0,,EDGE_MARKET,inprocess,3da8f15347d6340c144f3d08547f21c3b417e97cf4ab5f055641eb627efa7468,41a5af10bc2aef799af33dd39701887a62b988a2669b575b07a56a35a71fb610,0.136,0,51,48,1,49,2,96.07843137254902,96.15384615384616,90.0,100.0,97.5609756097561,96.55172413793103,684,13.959183673469388,0,0,0,0,6,0,0,0,0,0,5.687,3.8867,4058,1073857,79,42,11,0.017816238228556883,0,0.015739,0.07856900000000001,34,0.012,0.044,0.046,284,0.43,2.811,0,6,0,0,0,0,
K16_R0.90_T1_H1_N4_S8006_HYBRID_inprocess,8006,16,0.9,1,1,N4,0.98,3.0,,HYBRID,inprocess,7b163379a47d1f71dd1423de55b8eb3cbc2e3eccaadacdd7d0b748687a770b83,2ac5cd017625cd4a37daf93659db1e4bf8a8d6c4ab39011156d20307904e9e52,2.99,0,123,103,1,104,19,84.55284552845528,88.88888888888889,100.0,100.0,80.20833333333333,87.27272727272727,1587,15.259615384615385,0,0,0,0,13,0,0,0,0,0,5.7702,3.8862,11481,2596086,255,123,7,0.02197409557838321,2,2.659467,0.184753,149,2.4459999999999997,57.475,71.84100000000001,680,0.237,0.465,0,14,0,0,0,0,
K8_R0.75_T1_H1_N4_S8007_HYBRID_EAGER_inprocess,8007,8,0.75,1,1,N4,0.98,3.0,,HYBRID_EAGER,inprocess,3da8f15347d6340c144f3d08547f21c3b417e97cf4ab5f055641eb627efa7468,9e352a291d04d4843aba4356bad222b1d962913c99a879b8b26360c78dcad4fa,0.257,0,51,49,1,50,1,98.03921568627452,96.15384615384616,90.0,80.0,100.0,100.0,683,13.66,0,0,0,0,6,0,0,0,0,0,5.6398,3.8867,4379,1119475,70,49,11,0.016404968361846732,0,0.154026,0.06025899999999999,53,0.07200000000000001,13.610000000000001,16.738,92,0.08600000000000001,0.104,0,3,0,0,0,0,
K16_R0.90_T1_H1_N4_S8006_HYBRID_EAGER_inprocess,8006,16,0.9,1,1,N4,0.98,3.0,,HYBRID_EAGER,inprocess,7b163379a47d1f71dd1423de55b8eb3cbc2e3eccaadacdd7d0b748687a770b83,7c5cf61e3d038d2f15323bda9c27fcddffedc8ddd7971aad67fa4631d4ca0619,2.914,0,123,103,1,104,19,84.55284552845528,88.88888888888889,100.0,100.0,80.20833333333333,85.45454545454545,1583,15.221153846153847,0,0,0,0,12,0,0,0,0,0,5.7702,3.8862,11395,2587557,252,113,7,0.02016746196092554,0,2.572563,0.19775,146,1.5839999999999999,58.144,66.883,706,0.22699999999999998,0.494,0,14,0,0,0,0,
K8_R1.05_T1_H1_N4_S8007_STATIC_inprocess,8007,8,1.05,1,1,N4,0.98,3.0,,STATIC,inprocess,4702833933af64487d6bd5a014f426d02b67c341ce1f8c77e460ddbbe2305568,b64abd310737369de6b25465b5ee6b49f95d8d0bd42aec84e8043214b4cc84ed,0.115,0,72,54,2,56,16,77.77777777777777,63.77952755905512,36.0,6.666666666666667,100.0,74.4186046511628,794,14.178571428571429,0,0,0,0,7,0,0,0,0,0,5.6708,3.8829,3860,1075427,59,30,108,0.5039145907473309,0,0.017488,0.052328,131,0.006,0.23900000000000002,0.66,0,0.0,0.0,0,0,0,0,0,0,
K8_R1.05_T1_H1_N4_S8007_PERIODIC_inprocess,8007,8,1.05,1,1,N4,0.98,3.0,,PERIODIC,inprocess,4702833933af64487d6bd5a014f426d02b67c341ce1f8c77e460ddbbe2305568,9c7d9607acffec78b76ac351a2593e6d51a9ef67a2b6cd270dedb038f3a2be83,0.271,0,72,55,1,56,16,77.77777777777777,74.01574803149606,64.0,66.66666666666667,85.1063829787234,69.76744186046511,790,14.107142857142858,0,0,0,0,5,0,0,0,0,0,5.6499,3.8829,4196,1088832,69,24,109,0.5358958068614994,1,0.170143,0.054422000000000005,23,1.193,23.677,27.942,0,0.0,0.0,0,1,0,0,0,0,
K8_R1.05_T1_H1_N4_S8007_CENTRAL_inprocess,8007,8,1.05,1,1,N4,0.98,3.0,,CENTRAL,inprocess,4702833933af64487d6bd5a014f426d02b67c341ce1f8c77e460ddbbe2305568,31b6131ac3490bf758a647322dbb4719a279c9b4790e2b3ded4b3fe357107902,0.713,0,72,59,2,61,11,84.72222222222223,83.46456692913385,84.0,80.0,85.1063829787234,76.74418604651163,754,12.360655737704919,0,0,0,0,7,0,0,0,0,0,5.678,3.8829,4712,1144653,81,40,116,0.4314045096441185,0,0.604657,0.058841,59,9.544,23.400000000000002,26.865,0,0.0,0.0,0,0,0,0,0,0,
K8_R1.05_T1_H1_N4_S8007_CENTRAL_FB_inprocess,8007,8,1.05,1,1,N4,0.98,3.0,,CENTRAL_FB,inprocess,4702833933af64487d6bd5a014f426d02b67c341ce1f8c77e460ddbbe2305568,a057bbd9ff84f6d1576f2823e35d45625f43b6710fbf329568a6b6bdb5315479,0.703,0,72,56,2,58,14,80.55555555555556,79.5275590551181,76.0,73.33333333333333,82.97872340425532,72.09302325581395,760,13.10344827586207,0,0,0,0,7,0,0,0,0,0,5.6773,3.8829,4753,1146470,96,31,116,0.4200863930885529,1,0.592224,0.061134999999999995,60,9.562,23.33,26.197000000000003,25,0.095,0.458,0,0,0,0,0,0,
K8_R1.05_T1_H1_N4_S8007_HYBRID_inprocess,8007,8,1.05,1,1,N4,0.98,3.0,,HYBRID,inprocess,4702833933af64487d6bd5a014f426d02b67c341ce1f8c77e460ddbbe2305568,40a6521b6a51ad37fa0029d0eb16ab41b756e009ee4765904faaa16c5ff3ace7,0.782,0,72,57,2,59,13,81.94444444444444,85.8267716535433,88.0,100.0,78.72340425531915,76.74418604651163,771,13.067796610169491,0,0,0,0,8,0,0,0,0,0,5.6773,3.8829,5232,1250964,125,57,14,0.03360687768659633,0,0.625059,0.103853,111,0.087,20.831,25.596,350,0.425,0.829,0,17,0,0,0,0,
K4_R0.90_T1_H1_N4_S8007_STATIC_inprocess,8007,4,0.9,1,1,N4,0.98,3.0,,STATIC,inprocess,30ad558071a372b99e6a7a3c26085d8b579e70457dd21021613a39ca0f881a66,47cfb4bb062da6706c4c046f9db8e7c68e52582c26629905c1c437d7b2f922ab,0.052,0,31,24,1,25,6,80.64516129032258,75.0,54.54545454545455,50.0,95.0,75.0,334,13.36,0,0,0,0,4,0,0,0,0,0,5.6678,3.9182,1926,533744,29,17,117,0.3781869688385269,0,0.007469,0.025043,98,0.004,0.1,0.16799999999999998,0,0.0,0.0,0,0,0,0,0,0,
K8_R1.05_T1_H1_N4_S8007_EDGE_MARKET_inprocess,8007,8,1.05,1,1,N4,0.98,3.0,,EDGE_MARKET,inprocess,4702833933af64487d6bd5a014f426d02b67c341ce1f8c77e460ddbbe2305568,93cad923feb0c2649653d287026f43ee5658614f77c7a9e1df06ffaf714e38bc,0.262,0,72,56,2,58,14,80.55555555555556,81.88976377952756,76.0,80.0,82.97872340425532,79.06976744186046,807,13.913793103448276,0,0,0,0,7,0,0,0,0,0,5.6624,3.8829,4949,1296918,93,48,14,0.03491735537190083,0,0.02214,0.188469,121,0.043000000000000003,0.118,0.16699999999999998,1042,0.46,3.095,0,24,0,0,0,0,
K4_R0.90_T1_H1_N4_S8007_PERIODIC_inprocess,8007,4,0.9,1,1,N4,0.98,3.0,,PERIODIC,inprocess,30ad558071a372b99e6a7a3c26085d8b579e70457dd21021613a39ca0f881a66,091838f7e178cdc5a24cecddda321987794dda8283a4c4b73ffa5e9f6ba893ea,0.092,0,31,24,0,24,7,77.41935483870968,76.78571428571429,63.63636363636363,66.66666666666667,85.0,80.0,341,14.208333333333334,0,0,0,0,4,0,0,0,0,0,5.6571,3.9182,2049,545205,32,14,117,0.36807817589576547,0,0.045467,0.025951000000000002,23,0.382,5.05,6.842,0,0.0,0.0,0,0,0,0,0,0,
K4_R0.90_T1_H1_N4_S8007_CENTRAL_inprocess,8007,4,0.9,1,1,N4,0.98,3.0,,CENTRAL,inprocess,30ad558071a372b99e6a7a3c26085d8b579e70457dd21021613a39ca0f881a66,7d9726ad5dad8f6a2ec51d834b9d24e2df9409ece28fc6a8ac127efae81bfbaa,0.117,0,31,26,1,27,4,87.09677419354838,83.92857142857143,81.81818181818181,83.33333333333333,90.0,85.0,349,12.925925925925926,0,0,0,0,4,0,0,0,0,0,5.6723,3.9182,2149,552577,30,12,117,0.3825503355704698,0,0.071229,0.025613999999999998,35,1.219,4.8500000000000005,6.306,0,0.0,0.0,0,0,0,0,0,0,
K8_R1.05_T1_H1_N4_S8007_HYBRID_EAGER_inprocess,8007,8,1.05,1,1,N4,0.98,3.0,,HYBRID_EAGER,inprocess,4702833933af64487d6bd5a014f426d02b67c341ce1f8c77e460ddbbe2305568,7ded74fae6fefd4de5da4854fc8f2209dec616cebc562a7f3a289f00046c1ab3,0.787,0,72,57,2,59,13,81.94444444444444,86.61417322834646,92.0,100.0,76.59574468085107,74.4186046511628,776,13.152542372881356,0,0,0,0,8,0,0,0,0,0,5.6773,3.8829,5210,1231440,122,57,14,0.03255540302020004,0,0.626593,0.107463,110,0.081,21.55,26.456,356,0.414,0.819,0,17,0,0,0,0,
K4_R0.90_T1_H1_N4_S8007_CENTRAL_FB_inprocess,8007,4,0.9,1,1,N4,0.98,3.0,,CENTRAL_FB,inprocess,30ad558071a372b99e6a7a3c26085d8b579e70457dd21021613a39ca0f881a66,a87acd5f4967a7230d6d6cff191d0079162534d7adcd341ced9cdc37bdac995a,0.127,0,31,26,1,27,4,87.09677419354838,87.5,90.9090909090909,83.33333333333333,85.0,85.0,353,13.074074074074074,0,0,0,0,4,0,0,0,0,0,5.6538,3.9182,2168,554400,38,9,117,0.4047186932849365,1,0.078996,0.027223,39,1.45,5.116,6.672,9,0.446,0.446,0,0,0,0,0,0,
K4_R0.90_T1_H1_N4_S8007_HYBRID_inprocess,8007,4,0.9,1,1,N4,0.98,3.0,,HYBRID,inprocess,30ad558071a372b99e6a7a3c26085d8b579e70457dd21021613a39ca0f881a66,f377ff4511937f0de009f139a6fa6c034f098d1404963e5f22943436a2b7be4e,0.142,0,31,27,0,27,4,87.09677419354838,92.85714285714286,100.0,100.0,80.0,90.0,352,13.037037037037036,0,0,0,0,4,0,0,0,0,0,5.643,3.9182,2294,588694,40,17,4,0.007599463567277604,0,0.089126,0.030873,63,0.045000000000000005,4.436,6.215,69,0.103,0.435,0,5,0,0,0,0,
K4_R0.90_T1_H1_N4_S8007_CENTRAL_FOG_inprocess,8007,4,0.9,1,1,N4,0.98,3.0,,CENTRAL_FOG,inprocess,30ad558071a372b99e6a7a3c26085d8b579e70457dd21021613a39ca0f881a66,eb3a9f682057892c1692b31f08747757d5f39c84be7fe5154cbb1110599b7eef,0.185,0,31,27,0,27,4,87.09677419354838,92.85714285714286,100.0,100.0,80.0,90.0,358,13.25925925925926,0,0,0,0,4,0,0,0,0,0,5.6752,3.9182,2347,593795,48,28,14,0.011378555798687089,0,0.133405,0.028378,64,1.805,4.426,6.234,0,0.0,0.0,0,0,0,0,0,0,
K4_R0.90_T1_H1_N4_S8007_EDGE_MARKET_inprocess,8007,4,0.9,1,1,N4,0.98,3.0,,EDGE_MARKET,inprocess,30ad558071a372b99e6a7a3c26085d8b579e70457dd21021613a39ca0f881a66,e3633aba5e4735793581dabb0a2b9dfd89126cdb85a9c023aa44c585362b82d7,0.093,0,31,24,0,24,7,77.41935483870968,82.14285714285714,81.81818181818181,100.0,75.0,75.0,359,14.958333333333334,0,0,0,0,4,0,0,0,0,0,5.6678,3.9182,2206,607510,44,26,1,0.00558659217877095,1,0.009926,0.061606999999999995,64,0.022,0.079,0.085,274,0.46799999999999997,3.18,0,18,0,0,0,0,
K4_R0.90_T1_H1_N4_S8007_HYBRID_EAGER_inprocess,8007,4,0.9,1,1,N4,0.98,3.0,,HYBRID_EAGER,inprocess,30ad558071a372b99e6a7a3c26085d8b579e70457dd21021613a39ca0f881a66,4923494dfe44646f8300ec0e81c65d1b95c41b7aa26ccfac21a091dd666d716c,0.149,0,31,27,0,27,4,87.09677419354838,92.85714285714286,100.0,100.0,80.0,90.0,352,13.037037037037036,0,0,0,0,4,0,0,0,0,0,5.643,3.9182,2294,588694,40,17,4,0.007599463567277604,0,0.092668,0.033656,63,0.048,4.261,7.09,73,0.09899999999999999,0.45,0,5,0,0,0,0,
K8_R1.05_T1_H1_N4_S8007_CENTRAL_FOG_inprocess,8007,8,1.05,1,1,N4,0.98,3.0,,CENTRAL_FOG,inprocess,4702833933af64487d6bd5a014f426d02b67c341ce1f8c77e460ddbbe2305568,6a2eacfea531f472aad256d3f2a34cba97c1c81db27a30417daf528dca045711,1.148,0,72,57,2,59,13,81.94444444444444,85.8267716535433,88.0,100.0,78.72340425531915,83.72093023255815,756,12.813559322033898,0,0,0,0,8,0,0,0,0,0,5.678,3.8829,5442,1193411,121,46,14,0.03305164319248826,0,1.030929,0.063117,111,8.229000000000001,21.432,25.971,0,0.0,0.0,0,0,0,0,0,0,
K16_R0.90_T1_H1_N4_S8007_STATIC_inprocess,8007,16,0.9,1,1,N4,0.98,3.0,,STATIC,inprocess,fdec4854c1558f070aaa5bd1f968ddd24a9c00fa4f9a88b78a1b96d48d97f902,09a821ac3d2e6d1284d5f13c9d101b34d366a0998419d32a5e1a2328995dc135,0.283,0,123,102,3,105,18,85.36585365853658,80.48780487804878,68.42105263157895,43.75,92.94117647058823,87.87878787878788,1705,16.238095238095237,0,0,0,0,14,0,0,0,0,0,5.6272,3.8593,7729,2198448,132,43,115,0.5204427780753437,2,0.038803,0.12025600000000002,148,0.007,0.40900000000000003,1.608,0,0.0,0.0,0,3,0,0,0,0,
K16_R0.90_T1_H1_N4_S8006_CENTRAL_FOG_inprocess,8006,16,0.9,1,1,N4,0.98,3.0,,CENTRAL_FOG,inprocess,7b163379a47d1f71dd1423de55b8eb3cbc2e3eccaadacdd7d0b748687a770b83,43232dcaad5ffc30cd47e7da1491d31de1a8a2f2b4b42ce746ff37e398bc8aab,5.165,0,123,101,1,102,21,82.92682926829268,86.24338624338624,92.5925925925926,90.9090909090909,80.20833333333333,80.0,1688,16.54901960784314,1,1,0,0,14,0,0,0,0,0,5.6476,3.8862,13228,2690472,266,124,7,0.025897949745645136,0,4.860513,0.151413,180,28.523,57.317,69.48,0,0.0,0.0,0,0,0,0,0,0,
K16_R0.90_T1_H1_N4_S8007_PERIODIC_inprocess,8007,16,0.9,1,1,N4,0.98,3.0,,PERIODIC,inprocess,fdec4854c1558f070aaa5bd1f968ddd24a9c00fa4f9a88b78a1b96d48d97f902,f4016db4e54b25218ed47550d00b7c498fd5d63901fdadc459d82e0513632ec6,0.647,0,123,97,3,100,23,81.30081300813008,79.51219512195122,73.6842105263158,56.25,84.70588235294117,86.36363636363636,1748,17.48,0,0,0,0,14,0,0,0,0,0,5.6368,3.8593,8479,2287329,158,51,120,0.45524739993696817,2,0.393882,0.125272,23,2.2009999999999996,51.234,52.083999999999996,0,0.0,0.0,0,3,0,0,0,0,
K16_R0.90_T1_H1_N4_S8007_EDGE_MARKET_inprocess,8007,16,0.9,1,1,N4,0.98,3.0,,EDGE_MARKET,inprocess,fdec4854c1558f070aaa5bd1f968ddd24a9c00fa4f9a88b78a1b96d48d97f902,2203c5b1b70197ca344d816e5889f69773606267241b8d8e0100f18699fc2674,0.736,0,123,98,4,102,21,82.92682926829268,84.8780487804878,86.84210526315789,81.25,81.17647058823529,87.87878787878788,1683,16.5,0,0,0,0,12,0,0,0,0,0,5.6383,3.8593,11009,2911328,217,117,14,0.03021596070071369,1,0.049695,0.5447599999999999,185,0.081,0.229,0.36900000000000005,3141,0.428,2.934,0,48,0,0,0,0,
K8_R0.75_T1_H1_N4_S8008_STATIC_inprocess,8008,8,0.75,1,1,N4,0.98,3.0,,STATIC,inprocess,026a369ae20d874df71ac33f6b76cc8719d33eec26803733d69e908ee07f7890,a6f428ca4ca8bc90a7658290f5b2991c6b037b681fde90a4496f0c239582e691,0.101,0,51,48,0,48,3,94.11764705882354,90.12345679012346,80.0,75.0,100.0,95.0,760,15.833333333333334,0,0,0,0,5,0,0,0,0,0,6.3877,3.8956,3847,1086899,55,32,102,0.5235019734481521,0,0.012972,0.04968499999999999,67,0.005,0.154,0.539,0,0.0,0.0,0,1,0,0,0,0,
K8_R0.75_T1_H1_N4_S8008_PERIODIC_inprocess,8008,8,0.75,1,1,N4,0.98,3.0,,PERIODIC,inprocess,026a369ae20d874df71ac33f6b76cc8719d33eec26803733d69e908ee07f7890,36021ae6ed4ad0f040c4ea93388465dc0aff0ba33727b63c1ad83a60292a86e8,0.173,0,51,47,0,47,4,92.15686274509804,88.88888888888889,80.0,75.0,97.22222222222223,90.0,696,14.808510638297872,0,0,0,0,5,0,0,0,0,0,5.6465,3.8956,4098,1105852,65,32,113,0.5074183976261127,0,0.082289,0.050981000000000005,23,0.298,9.527000000000001,12.7,0,0.0,0.0,0,0,0,0,0,0,
K8_R0.75_T1_H1_N4_S8008_CENTRAL_inprocess,8008,8,0.75,1,1,N4,0.98,3.0,,CENTRAL,inprocess,026a369ae20d874df71ac33f6b76cc8719d33eec26803733d69e908ee07f7890,1bc17f7edbad3e9a7d61b8f352173b38e60071cdc318f3c7feb2d7cbd60b302c,0.318,0,51,48,0,48,3,94.11764705882354,90.12345679012346,80.0,75.0,100.0,100.0,657,13.6875,0,0,0,0,5,0,0,0,0,0,5.6478,3.8956,4438,1134357,78,46,124,0.5040047463660635,0,0.224439,0.052615999999999996,56,1.264,12.444,13.474,0,0.0,0.0,0,0,0,0,0,0,
K16_R0.90_T1_H1_N4_S8007_CENTRAL_FB_inprocess,8007,16,0.9,1,1,N4,0.98,3.0,,CENTRAL_FB,inprocess,fdec4854c1558f070aaa5bd1f968ddd24a9c00fa4f9a88b78a1b96d48d97f902,38e70a6d635f7abea1b755a1a7b4fb34b9ec3c2b89b13e7e6322543e98c420db,2.44,0,123,104,4,108,15,87.8048780487805,85.85365853658537,81.57894736842105,62.5,90.58823529411765,90.9090909090909,1810,16.75925925925926,0,0,0,0,16,0,0,0,0,0,5.6917,3.8593,10177,2427447,183,88,112,0.41448019801980196,1,2.160191,0.142248,98,12.527,49.488,56.439,55,0.1,0.475,0,1,0,0,0,0,
K8_R0.75_T1_H1_N4_S8008_CENTRAL_FB_inprocess,8008,8,0.75,1,1,N4,0.98,3.0,,CENTRAL_FB,inprocess,026a369ae20d874df71ac33f6b76cc8719d33eec26803733d69e908ee07f7890,a4b303196651d39cab8d23b0eef5b700f97e9738f6f196703c471ed5d08f5ede,0.318,0,51,48,0,48,3,94.11764705882354,90.12345679012346,80.0,75.0,100.0,100.0,678,14.125,0,0,0,0,5,0,0,0,0,0,5.645,3.8956,4448,1134094,71,37,124,0.5004436557231589,0,0.222282,0.054027,56,1.175,11.742,12.755,26,0.028,0.083,0,0,0,0,0,0,
K16_R0.90_T1_H1_N4_S8007_CENTRAL_inprocess,8007,16,0.9,1,1,N4,0.98,3.0,,CENTRAL,inprocess,fdec4854c1558f070aaa5bd1f968ddd24a9c00fa4f9a88b78a1b96d48d97f902,5b4b4eebeee8c2a5d951e4f8b232dfdd3f3bc985d34a79089b034df3130aafee,2.511,0,123,104,4,108,15,87.8048780487805,86.34146341463415,81.57894736842105,68.75,90.58823529411765,90.9090909090909,1733,16.046296296296298,0,0,0,0,16,0,0,0,0,0,5.6515,3.8593,10130,2441618,183,80,112,0.4095890410958904,2,2.23375,0.142972,92,25.808,50.369,55.866,0,0.0,0.0,0,0,0,0,0,0,
K8_R0.75_T1_H1_N4_S8008_HYBRID_inprocess,8008,8,0.75,1,1,N4,0.98,3.0,,HYBRID,inprocess,026a369ae20d874df71ac33f6b76cc8719d33eec26803733d69e908ee07f7890,b1a186da325f942389c2e018520da40fff82e75a822c86eb85b71ccefccea01a,0.321,0,51,49,0,49,2,96.07843137254902,93.82716049382717,86.66666666666667,87.5,100.0,100.0,673,13.73469387755102,0,0,0,0,6,0,0,0,0,0,5.6597,3.8956,4527,1139802,92,55,8,0.009095043201455207,0,0.21883,0.058697000000000006,68,0.304,11.788,12.581,100,0.089,0.426,0,0,0,0,0,0,
K8_R0.75_T1_H1_N4_S8008_HYBRID_EAGER_inprocess,8008,8,0.75,1,1,N4,0.98,3.0,,HYBRID_EAGER,inprocess,026a369ae20d874df71ac33f6b76cc8719d33eec26803733d69e908ee07f7890,b6d6c14e55765f7997a8ff1517cfc859014035e3f5a4ac3ef88140d90fce1585,0.329,0,51,49,0,49,2,96.07843137254902,93.82716049382717,86.66666666666667,87.5,100.0,100.0,673,13.73469387755102,0,0,0,0,6,0,0,0,0,0,5.6597,3.8956,4527,1139802,92,55,8,0.009095043201455207,0,0.222493,0.063502,68,0.312,12.019,13.232000000000001,110,0.087,0.441,0,0,0,0,0,0,
K16_R0.90_T1_H1_N4_S8007_HYBRID_inprocess,8007,16,0.9,1,1,N4,0.98,3.0,,HYBRID,inprocess,fdec4854c1558f070aaa5bd1f968ddd24a9c00fa4f9a88b78a1b96d48d97f902,33f2b73922cc6850e8ead6cf6f5d18aad72ea2ba46975a65499495ebda347c98,2.623,0,123,106,3,109,14,88.6178861788618,90.73170731707317,94.73684210526316,93.75,85.88235294117646,93.93939393939394,1752,16.073394495412845,0,0,0,0,15,0,0,0,0,0,5.6635,3.8593,11853,2737994,246,108,13,0.028188380886902717,1,2.211155,0.267279,181,0.223,45.781,55.432,1444,0.406,2.505,0,27,0,0,0,0,
K8_R0.75_T1_H1_N4_S8008_CENTRAL_FOG_inprocess,8008,8,0.75,1,1,N4,0.98,3.0,,CENTRAL_FOG,inprocess,026a369ae20d874df71ac33f6b76cc8719d33eec26803733d69e908ee07f7890,3729fdec5b8af24e602c244e2a06879f8c23b28116e0761cb47017cc57eebc95,0.466,0,51,49,0,49,2,96.07843137254902,93.82716049382717,86.66666666666667,87.5,100.0,100.0,689,14.061224489795919,8,8,0,0,7,0,0,0,0,0,5.7042,3.8956,5046,1198972,112,54,12,0.016092890609085354,1,0.362513,0.057823,98,2.379,9.678,14.661999999999999,0,0.0,0.0,0,0,0,0,0,0,
K8_R0.75_T1_H1_N4_S8008_EDGE_MARKET_inprocess,8008,8,0.75,1,1,N4,0.98,3.0,,EDGE_MARKET,inprocess,026a369ae20d874df71ac33f6b76cc8719d33eec26803733d69e908ee07f7890,06f173ba59922ed06ec2449aaf3e79a555cc5df5f77f5321bbfa48d34126c028,0.138,0,51,49,0,49,2,96.07843137254902,93.82716049382717,86.66666666666667,87.5,100.0,95.0,705,14.387755102040817,0,0,0,0,4,0,0,0,0,0,5.6601,3.8956,4130,1147250,89,43,2,0.0025075225677031092,0,0.016422,0.079873,40,0.04,0.052,0.081,333,0.41300000000000003,2.6830000000000003,0,4,0,0,0,0,
K16_R0.90_T1_H1_N4_S8007_HYBRID_EAGER_inprocess,8007,16,0.9,1,1,N4,0.98,3.0,,HYBRID_EAGER,inprocess,fdec4854c1558f070aaa5bd1f968ddd24a9c00fa4f9a88b78a1b96d48d97f902,b05dadae492083216a134ac59d9bd04536493d4f13034a691287097d7a25910c,2.637,0,123,106,3,109,14,88.6178861788618,90.73170731707317,94.73684210526316,93.75,85.88235294117646,93.93939393939394,1752,16.073394495412845,0,0,0,0,15,0,0,0,0,0,5.6635,3.8593,11853,2737988,246,108,13,0.028188380886902717,1,2.215648,0.27521399999999996,181,0.221,48.22,52.373000000000005,1467,0.402,2.6470000000000002,0,27,0,0,0,0,
K8_R1.05_T1_H1_N4_S8008_STATIC_inprocess,8008,8,1.05,1,1,N4,0.98,3.0,,STATIC,inprocess,a7b704c51817d44bed336fcfc2d7c0c7bc9477c8894ef11a41c970a32e680a0b,7833adf816ad93da28d32fba2876bc9ef833428fc057beb2017714d58fd76293,0.123,0,72,54,2,56,16,77.77777777777777,66.36363636363636,36.8421052631579,12.5,92.45283018867924,76.3157894736842,797,14.232142857142858,0,0,0,0,7,0,0,0,0,0,5.6466,3.8627,3863,1146444,48,27,115,0.51994301994302,0,0.020101,0.057546999999999994,146,0.005,0.264,0.44,0,0.0,0.0,0,2,0,0,0,0,
K8_R1.05_T1_H1_N4_S8008_PERIODIC_inprocess,8008,8,1.05,1,1,N4,0.98,3.0,,PERIODIC,inprocess,a7b704c51817d44bed336fcfc2d7c0c7bc9477c8894ef11a41c970a32e680a0b,19fd964718efb8f30f55691e7e14877faeb1484cf0d22f8a90742ef1672d5feb,0.321,0,72,56,2,58,14,80.55555555555556,79.0909090909091,68.42105263157895,62.5,84.90566037735849,86.84210526315789,831,14.327586206896552,0,0,0,0,8,0,0,0,0,0,5.7122,3.8627,4265,1152828,70,36,111,0.4716922114482327,2,0.217359,0.057311,23,0.657,27.289,34.552,0,0.0,0.0,0,1,0,0,0,0,
K8_R1.05_T1_H1_N4_S8008_CENTRAL_FB_inprocess,8008,8,1.05,1,1,N4,0.98,3.0,,CENTRAL_FB,inprocess,a7b704c51817d44bed336fcfc2d7c0c7bc9477c8894ef11a41c970a32e680a0b,494d7d368a3c0038e49eba8acdaa06f1379000c97680c948521fd2ea27f8884e,1.472,0,72,55,2,57,15,79.16666666666667,80.0,84.21052631578948,75.0,77.35849056603773,71.05263157894737,778,13.649122807017545,0,0,0,0,7,0,0,0,0,0,5.6434,3.8627,5247,1260627,85,40,124,0.46921241050119333,0,1.355699,0.06508599999999999,82,21.933999999999997,31.406000000000002,40.455999999999996,27,0.094,0.094,0,0,0,0,0,0,
K16_R0.90_T1_H1_N4_S8007_CENTRAL_FOG_inprocess,8007,16,0.9,1,1,N4,0.98,3.0,,CENTRAL_FOG,inprocess,fdec4854c1558f070aaa5bd1f968ddd24a9c00fa4f9a88b78a1b96d48d97f902,29c53c1ff2712aeea6a09063a79dcdb6b1c925133c22099160b13764abd1aac0,4.677,0,123,106,4,110,13,89.4308943089431,93.17073170731707,97.36842105263158,100.0,85.88235294117646,92.42424242424242,1773,16.118181818181817,5,5,0,0,15,0,0,0,0,0,6.2826,3.8593,12761,2702538,259,138,15,0.030288538179499443,2,4.360182,0.16285100000000002,176,24.504,46.986,56.330999999999996,0,0.0,0.0,0,0,0,0,0,0,
K8_R1.05_T1_H1_N4_S8008_CENTRAL_inprocess,8008,8,1.05,1,1,N4,0.98,3.0,,CENTRAL,inprocess,a7b704c51817d44bed336fcfc2d7c0c7bc9477c8894ef11a41c970a32e680a0b,bcd63969243ca42e3713a086347541962202960ac149942cc8465eff59c81ce1,1.513,0,72,55,2,57,15,79.16666666666667,79.0909090909091,73.6842105263158,62.5,81.13207547169812,78.94736842105263,796,13.964912280701755,0,0,0,0,8,0,0,0,0,0,5.6447,3.8627,5308,1261874,88,34,124,0.4619002822201317,0,1.396156,0.06485099999999999,88,21.860999999999997,32.04,39.964,0,0.0,0.0,0,3,0,0,0,0,
K4_R0.90_T1_H1_N4_S8008_STATIC_inprocess,8008,4,0.9,1,1,N4,0.98,3.0,,STATIC,inprocess,96388fbf6da52a33f9f197905e5b694e0e1f15d4dac3bd21c6671471791c8b98,279a81d7bca1abc66d5b15458770841e14b8c144314ae8bb82e7ce6bcfbe0fd5,0.052,0,31,26,1,27,4,87.09677419354838,81.81818181818181,75.0,50.0,94.73684210526316,77.77777777777777,289,10.703703703703704,0,0,0,0,2,0,0,0,0,0,5.6784,3.9022,1933,568216,23,17,110,0.42464788732394365,0,0.007361,0.025580000000000002,67,0.004,0.1,0.202,0,0.0,0.0,0,0,0,0,0,0,
K8_R1.05_T1_H1_N4_S8008_HYBRID_inprocess,8008,8,1.05,1,1,N4,0.98,3.0,,HYBRID,inprocess,a7b704c51817d44bed336fcfc2d7c0c7bc9477c8894ef11a41c970a32e680a0b,6590c8c933a144dd81b6e6fc2688a50279644f791439d0e11dbde0680b2dbac5,1.558,0,72,56,2,58,14,80.55555555555556,86.36363636363636,100.0,100.0,73.58490566037736,78.94736842105263,799,13.775862068965518,0,0,0,0,6,0,0,0,0,0,5.6405,3.8627,5732,1377554,124,43,8,0.019771998574991095,1,1.394286,0.108666,143,0.081,31.59,41.265,415,0.45,2.958,0,17,0,0,0,0,
K4_R0.90_T1_H1_N4_S8008_PERIODIC_inprocess,8008,4,0.9,1,1,N4,0.98,3.0,,PERIODIC,inprocess,96388fbf6da52a33f9f197905e5b694e0e1f15d4dac3bd21c6671471791c8b98,fcd5263b854eccd98648363d8ad67095a41a6e4e24bb2ce2785da8c1c7917aec,0.072,0,31,26,1,27,4,87.09677419354838,80.0,75.0,25.0,94.73684210526316,66.66666666666667,298,11.037037037037036,0,0,0,0,1,0,0,0,0,0,5.6718,3.9022,2020,576134,31,18,111,0.47834776815456365,0,0.027448,0.02534,23,0.058,3.255,3.398,0,0.0,0.0,0,2,0,0,0,0,
K4_R0.90_T1_H1_N4_S8008_CENTRAL_inprocess,8008,4,0.9,1,1,N4,0.98,3.0,,CENTRAL,inprocess,96388fbf6da52a33f9f197905e5b694e0e1f15d4dac3bd21c6671471791c8b98,a0f30bad9a2592b80752d900eccfef2d281c173d01063c4f4410145b50abffc6,0.084,0,31,26,1,27,4,87.09677419354838,80.0,75.0,25.0,94.73684210526316,66.66666666666667,298,11.037037037037036,0,0,0,0,1,0,0,0,0,0,5.6718,3.9022,2079,581437,26,19,111,0.45849297573435505,0,0.037838,0.025845,33,0.34400000000000003,3.2030000000000003,3.497,0,0.0,0.0,0,2,0,0,0,0,
K4_R0.90_T1_H1_N4_S8008_CENTRAL_FB_inprocess,8008,4,0.9,1,1,N4,0.98,3.0,,CENTRAL_FB,inprocess,96388fbf6da52a33f9f197905e5b694e0e1f15d4dac3bd21c6671471791c8b98,d9c5eda987d3f92461e8902067756edfcd4fa242856d79fb2ddd9de071099760,0.086,0,31,26,1,27,4,87.09677419354838,80.0,75.0,25.0,94.73684210526316,66.66666666666667,298,11.037037037037036,0,0,0,0,1,0,0,0,0,0,5.6718,3.9022,2079,583232,26,19,111,0.3933588761174968,0,0.039061,0.026575,33,0.33599999999999997,3.307,3.584,11,0.092,0.092,0,0,0,0,0,0,
K8_R1.05_T1_H1_N4_S8008_HYBRID_EAGER_inprocess,8008,8,1.05,1,1,N4,0.98,3.0,,HYBRID_EAGER,inprocess,a7b704c51817d44bed336fcfc2d7c0c7bc9477c8894ef11a41c970a32e680a0b,ee678b4e1f0d49f6a5616e6ac24a02722eb405a1fccce8121bf54cdce1133a21,1.52,0,72,56,2,58,14,80.55555555555556,86.36363636363636,100.0,100.0,73.58490566037736,78.94736842105263,799,13.775862068965518,0,0,0,0,7,0,0,0,0,0,5.6655,3.8627,5732,1377736,125,45,8,0.01977552111170497,1,1.35344,0.111284,143,0.083,29.713,40.966,428,0.42000000000000004,2.796,0,17,0,0,0,0,
K4_R0.90_T1_H1_N4_S8008_CENTRAL_FOG_inprocess,8008,4,0.9,1,1,N4,0.98,3.0,,CENTRAL_FOG,inprocess,96388fbf6da52a33f9f197905e5b694e0e1f15d4dac3bd21c6671471791c8b98,4c6768bd6d0feddfe5603bd5d8554a3be5a001d33b3743ecad2af6fff2c9e113,0.164,0,31,27,0,27,4,87.09677419354838,87.27272727272727,91.66666666666667,75.0,84.21052631578948,77.77777777777777,321,11.88888888888889,0,0,0,0,3,0,0,0,0,0,5.645,3.9022,2299,608035,35,24,2,0.00619743249225321,0,0.112878,0.028411,65,1.657,3.198,3.479,0,0.0,0.0,0,0,0,0,0,0,
K4_R0.90_T1_H1_N4_S8008_HYBRID_inprocess,8008,4,0.9,1,1,N4,0.98,3.0,,HYBRID,inprocess,96388fbf6da52a33f9f197905e5b694e0e1f15d4dac3bd21c6671471791c8b98,f9f5b90a1c08650265775f6e9a60dc2af79cd248626bb811b93990d1fa8be439,0.103,0,31,28,0,28,3,90.3225806451613,89.0909090909091,91.66666666666667,75.0,89.47368421052632,77.77777777777777,344,12.285714285714286,0,0,0,0,3,0,0,0,0,0,5.6634,3.9022,2224,607039,42,24,1,0.0036815462494247586,0,0.046466,0.034774,65,0.044,3.169,3.508,74,0.42000000000000004,0.441,0,6,0,0,0,0,
K4_R0.90_T1_H1_N4_S8008_HYBRID_EAGER_inprocess,8008,4,0.9,1,1,N4,0.98,3.0,,HYBRID_EAGER,inprocess,96388fbf6da52a33f9f197905e5b694e0e1f15d4dac3bd21c6671471791c8b98,6cd257a6d9ca8f84a0846e3a090b656ec3a56d2608076660576d5e921d5f28dd,0.104,0,31,27,0,27,4,87.09677419354838,85.45454545454545,91.66666666666667,75.0,84.21052631578948,66.66666666666667,326,12.074074074074074,0,0,0,0,2,0,0,0,0,0,5.6708,3.9022,2188,603308,41,25,1,0.0037418147801683817,0,0.044681,0.036993,61,0.046,3.1679999999999997,3.7190000000000003,81,0.448,0.462,0,6,0,0,0,0,
K8_R1.05_T1_H1_N4_S8008_EDGE_MARKET_inprocess,8008,8,1.05,1,1,N4,0.98,3.0,,EDGE_MARKET,inprocess,a7b704c51817d44bed336fcfc2d7c0c7bc9477c8894ef11a41c970a32e680a0b,5406076e5a34e27bdc533fea6fed90c990a165c8fe19796200d74d3f256e781c,0.348,0,72,56,2,58,14,80.55555555555556,85.45454545454545,89.47368421052632,100.0,77.35849056603773,81.57894736842105,809,13.948275862068966,0,0,0,0,8,0,0,0,0,0,5.6768,3.8627,5306,1421346,96,48,13,0.021534320323014805,1,0.023843,0.271112,165,0.043000000000000003,0.12000000000000001,0.228,1409,0.431,2.8800000000000003,0,31,0,0,0,0,
K4_R0.90_T1_H1_N4_S8008_EDGE_MARKET_inprocess,8008,4,0.9,1,1,N4,0.98,3.0,,EDGE_MARKET,inprocess,96388fbf6da52a33f9f197905e5b694e0e1f15d4dac3bd21c6671471791c8b98,c330c0ea8390c7699b2a7801f7780b64d2d661df099557eb149435e59b946f6a,0.081,0,31,26,1,27,4,87.09677419354838,87.27272727272727,75.0,100.0,94.73684210526316,100.0,325,12.037037037037036,0,0,0,0,4,0,0,0,0,0,5.6706,3.9022,2132,608638,35,25,1,0.003355704697986577,0,0.009687,0.050078,60,0.022,0.043000000000000003,0.047,229,0.416,2.552,0,6,0,0,0,0,
K8_R1.05_T1_H1_N4_S8008_CENTRAL_FOG_inprocess,8008,8,1.05,1,1,N4,0.98,3.0,,CENTRAL_FOG,inprocess,a7b704c51817d44bed336fcfc2d7c0c7bc9477c8894ef11a41c970a32e680a0b,84546e3901d7b92af00add294ec597fdf69df3c8adcdef9cd5573e85ae0bd6c8,2.323,0,72,56,2,58,14,80.55555555555556,87.27272727272727,100.0,100.0,73.58490566037736,78.94736842105263,769,13.258620689655173,0,0,0,0,6,0,0,0,0,0,5.6566,3.8627,6462,1352756,130,65,12,0.02468553459119497,0,2.193503,0.06983799999999998,143,16.456,30.985,38.587999999999994,0,0.0,0.0,0,0,0,0,0,0,
K16_R0.90_T1_H1_N4_S8008_STATIC_inprocess,8008,16,0.9,1,1,N4,0.98,3.0,,STATIC,inprocess,edfdbf2161c9c7b689a8c99de5f0d5edf4ac6c586f09b0994926045030fb0f8b,1355afe94b747c7ae7aacf13536000c3b11ff6d61e37935724d7e7e68f08357a,0.286,0,123,97,4,101,22,82.11382113821138,75.51020408163265,54.54545454545455,33.333333333333336,92.22222222222223,78.57142857142857,1470,14.554455445544555,0,0,0,0,16,0,0,0,0,0,5.6597,3.8751,7715,2163679,118,62,118,0.5485384337784194,1,0.039582,0.119627,156,0.007,0.40299999999999997,2.134,0,0.0,0.0,0,6,0,0,0,0,
K16_R0.90_T1_H1_N4_S8008_PERIODIC_inprocess,8008,16,0.9,1,1,N4,0.98,3.0,,PERIODIC,inprocess,edfdbf2161c9c7b689a8c99de5f0d5edf4ac6c586f09b0994926045030fb0f8b,a5b3897f68f6d2ce72e32efc895e8216c1b6d878cbd536201bf912f258fbfb6e,0.619,0,123,96,6,102,21,82.92682926829268,82.14285714285714,69.6969696969697,66.66666666666667,87.77777777777777,82.14285714285714,1547,15.166666666666666,0,0,0,0,13,0,0,0,0,0,5.6325,3.8751,8280,2195275,122,77,120,0.5333115076117204,1,0.366687,0.12435899999999998,23,2.85,43.699000000000005,43.915,0,0.0,0.0,0,1,0,0,0,0,
K16_R0.90_T1_H1_N4_S8008_EDGE_MARKET_inprocess,8008,16,0.9,1,1,N4,0.98,3.0,,EDGE_MARKET,inprocess,edfdbf2161c9c7b689a8c99de5f0d5edf4ac6c586f09b0994926045030fb0f8b,4bcd42bbf40e5d321b5c0054dcef4fd78cd9798a54b3128e82674d630ebfb77a,0.646,0,123,100,6,106,17,86.17886178861788,88.77551020408163,90.9090909090909,100.0,84.44444444444444,91.07142857142857,1528,14.415094339622641,0,0,0,0,14,0,0,0,0,0,5.6609,3.8643,10669,2764887,189,89,12,0.01775376302585874,0,0.047713,0.4527899999999999,153,0.081,0.23299999999999998,0.379,2858,0.42000000000000004,2.8019999999999996,0,48,0,0,0,0,
K8_R0.75_T1_H1_N4_S8009_STATIC_inprocess,8009,8,0.75,1,1,N4,0.98,3.0,,STATIC,inprocess,4b22b4bb7412bbbc43729e3e28d0d5c193b96037fdd394e0251a98ce2c19050f,2c795170c869e339dae8f5b5872e59f6dd2c07b81d7564bae7bde9cef901f54b,0.099,0,51,49,0,49,2,96.07843137254902,96.20253164556962,100.0,100.0,94.5945945945946,95.83333333333333,667,13.612244897959183,0,0,0,0,3,0,0,0,0,0,5.6522,3.8681,3852,1018395,59,35,107,0.4648241206030151,0,0.012132,0.048444999999999995,7,0.16699999999999998,0.47800000000000004,0.47800000000000004,0,0.0,0.0,0,1,0,0,0,0,
K8_R0.75_T1_H1_N4_S8009_PERIODIC_inprocess,8009,8,0.75,1,1,N4,0.98,3.0,,PERIODIC,inprocess,4b22b4bb7412bbbc43729e3e28d0d5c193b96037fdd394e0251a98ce2c19050f,2a2627c6081251d2226104f021cd180ecd2dadaf94c365af76591b7dbfe91b4e,0.168,0,51,49,0,49,2,96.07843137254902,94.9367088607595,92.85714285714286,83.33333333333333,97.29729729729729,91.66666666666667,655,13.36734693877551,0,0,0,0,3,0,0,0,0,0,5.6526,3.8681,4072,1039686,56,29,114,0.4925323597743113,0,0.078568,0.050077,23,0.08,13.056999999999999,13.779,0,0.0,0.0,0,0,0,0,0,0,
K8_R0.75_T1_H1_N4_S8009_CENTRAL_inprocess,8009,8,0.75,1,1,N4,0.98,3.0,,CENTRAL,inprocess,4b22b4bb7412bbbc43729e3e28d0d5c193b96037fdd394e0251a98ce2c19050f,b83934d4d2ee9031d51252562740982fcb4c8fc8074d1404a7846f3001a8311b,0.32,0,51,50,0,50,1,98.03921568627452,98.73417721518987,100.0,100.0,97.29729729729729,100.0,649,12.98,0,0,0,0,3,0,0,0,0,0,5.5866,3.8681,4319,1058795,78,40,109,0.4527027027027027,0,0.229011,0.050768999999999995,53,1.934,13.105,16.774,0,0.0,0.0,0,1,0,0,0,0,
K8_R0.75_T1_H1_N4_S8009_CENTRAL_FB_inprocess,8009,8,0.75,1,1,N4,0.98,3.0,,CENTRAL_FB,inprocess,4b22b4bb7412bbbc43729e3e28d0d5c193b96037fdd394e0251a98ce2c19050f,ac79ec67461de53d9b5ce2d9073054c84f5e03156dec15d9a39daada54a2fd03,0.324,0,51,50,0,50,1,98.03921568627452,98.73417721518987,100.0,100.0,97.29729729729729,100.0,649,12.98,0,0,0,0,3,0,0,0,0,0,5.5866,3.8681,4319,1058795,78,40,109,0.4527027027027027,0,0.23126,0.05179799999999999,53,1.873,13.293,15.247,34,0.029,0.031,0,1,0,0,0,0,
K16_R0.90_T1_H1_N4_S8008_CENTRAL_FB_inprocess,8008,16,0.9,1,1,N4,0.98,3.0,,CENTRAL_FB,inprocess,edfdbf2161c9c7b689a8c99de5f0d5edf4ac6c586f09b0994926045030fb0f8b,126de791cb70122d2dc2a91b047f04375561e04f6df8c96012aa1d6b7cfd41f2,2.462,0,123,90,6,96,27,78.04878048780488,76.0204081632653,69.6969696969697,58.333333333333336,81.11111111111111,76.78571428571429,1530,15.9375,0,0,0,0,9,0,0,0,0,0,5.6527,3.8751,10602,2427650,177,81,124,0.6909005074943939,0,2.182948,0.13832499999999998,105,13.485999999999999,44.193000000000005,50.994,54,0.027,0.42000000000000004,0,12,0,0,0,0,
K16_R0.90_T1_H1_N4_S8008_CENTRAL_inprocess,8008,16,0.9,1,1,N4,0.98,3.0,,CENTRAL,inprocess,edfdbf2161c9c7b689a8c99de5f0d5edf4ac6c586f09b0994926045030fb0f8b,63493d3ca549bcef6c5bce78621c717bc8ee820b6779b536cbf6396e4a7e9441,2.493,0,123,95,5,100,23,81.30081300813008,82.65306122448979,90.9090909090909,83.33333333333333,77.77777777777777,83.92857142857143,1597,15.97,0,0,0,0,14,0,0,0,0,0,5.6442,3.8751,10510,2412390,170,86,124,0.6970855231724797,0,2.21622,0.138394,98,12.411,46.095,50.561,0,0.0,0.0,0,1,0,0,0,0,
K16_R0.90_T1_H1_N4_S8008_HYBRID_inprocess,8008,16,0.9,1,1,N4,0.98,3.0,,HYBRID,inprocess,edfdbf2161c9c7b689a8c99de5f0d5edf4ac6c586f09b0994926045030fb0f8b,81c737883a9962d072661e86fec5380359060848fa513946b5128fbd33afa78d,2.628,0,123,97,5,102,21,82.92682926829268,86.22448979591837,87.87878787878788,83.33333333333333,81.11111111111111,82.14285714285714,1527,14.970588235294118,0,0,0,0,15,0,0,0,0,0,5.6691,3.8751,12709,2836941,273,127,14,0.03857280617164899,0,2.178999,0.299579,173,0.24899999999999997,43.221000000000004,50.585,1700,0.392,2.8609999999999998,0,25,0,0,0,0,
K8_R0.75_T1_H1_N4_S8009_CENTRAL_FOG_inprocess,8009,8,0.75,1,1,N4,0.98,3.0,,CENTRAL_FOG,inprocess,4b22b4bb7412bbbc43729e3e28d0d5c193b96037fdd394e0251a98ce2c19050f,2300fbcaa6b55b391ce7cff339ec41460c684e21283d96666a5ef2d527a9f726,0.366,0,51,51,0,51,0,100.0,100.0,100.0,100.0,100.0,100.0,657,12.882352941176471,0,0,0,0,2,0,0,0,0,0,5.5866,3.8681,4522,1099195,97,50,10,0.013933302878026497,0,0.270009,0.052826000000000005,75,1.278,12.549,15.295,0,0.0,0.0,0,0,0,0,0,0,
K8_R0.75_T1_H1_N4_S8009_HYBRID_inprocess,8009,8,0.75,1,1,N4,0.98,3.0,,HYBRID,inprocess,4b22b4bb7412bbbc43729e3e28d0d5c193b96037fdd394e0251a98ce2c19050f,a988e57f1e42ac2f575366f1d140b3fb4f951aaa1f7829ecb7517b45c234d82b,0.335,0,51,50,0,50,1,98.03921568627452,98.73417721518987,100.0,100.0,97.29729729729729,100.0,694,13.88,0,0,0,0,3,0,0,0,0,0,5.5866,3.8681,4490,1104306,86,52,10,0.016047684548372305,0,0.235093,0.056312,71,0.657,12.493,14.777000000000001,109,0.028,0.039,0,2,0,0,0,0,
K8_R0.75_T1_H1_N4_S8009_EDGE_MARKET_inprocess,8009,8,0.75,1,1,N4,0.98,3.0,,EDGE_MARKET,inprocess,4b22b4bb7412bbbc43729e3e28d0d5c193b96037fdd394e0251a98ce2c19050f,ca2e2b1ab54e2e06cff4f16bff24f09504af54abd2c2ead3df4ada9be856ab1d,0.153,0,51,48,0,48,3,94.11764705882354,94.9367088607595,100.0,100.0,91.89189189189189,91.66666666666667,701,14.604166666666666,0,0,0,0,4,0,0,0,0,0,5.6522,3.8681,4255,1131364,75,44,10,0.013100436681222707,0,0.017267,0.09272,50,0.038,0.083,0.261,425,0.39399999999999996,2.7529999999999997,0,14,0,0,0,0,
K8_R0.75_T1_H1_N4_S8009_HYBRID_EAGER_inprocess,8009,8,0.75,1,1,N4,0.98,3.0,,HYBRID_EAGER,inprocess,4b22b4bb7412bbbc43729e3e28d0d5c193b96037fdd394e0251a98ce2c19050f,70c70e94a36a0f73b85648ca43c1bb91c06206b3f520426afcc79d5e049326cb,0.346,0,51,50,0,50,1,98.03921568627452,98.73417721518987,100.0,100.0,97.29729729729729,100.0,694,13.88,0,0,0,0,3,0,0,0,0,0,5.5866,3.8681,4490,1104306,86,52,10,0.016047684548372305,0,0.239842,0.061856999999999995,71,0.66,12.516,16.02,119,0.029,0.033,0,2,0,0,0,0,
K16_R0.90_T1_H1_N4_S8008_HYBRID_EAGER_inprocess,8008,16,0.9,1,1,N4,0.98,3.0,,HYBRID_EAGER,inprocess,edfdbf2161c9c7b689a8c99de5f0d5edf4ac6c586f09b0994926045030fb0f8b,d1c51b99124c819289aa9919810261e609e6ccfaaec5838758c1eae0ef03298b,2.607,0,123,101,5,106,17,86.17886178861788,88.77551020408163,90.9090909090909,91.66666666666667,84.44444444444444,87.5,1507,14.216981132075471,0,0,0,0,15,0,0,0,0,0,5.662,3.8751,11663,2668446,233,108,14,0.040866438656493906,0,2.195593,0.26539,166,0.16899999999999998,45.088,52.735,1119,0.415,2.81,0,19,0,0,0,0,
K8_R1.05_T1_H1_N4_S8009_STATIC_inprocess,8009,8,1.05,1,1,N4,0.98,3.0,,STATIC,inprocess,d45ade0f1e4d64b5caf880a2e99a8b15804cc003dd3845321f60065b35c77f4c,df938c0821f5b4e2ae9832b245689486b0600419696d6a3267fbe2e8975d46c1,0.118,0,72,50,3,53,19,73.61111111111111,69.92481203007519,51.724137931034484,40.0,88.37209302325581,75.0,751,14.169811320754716,0,0,0,0,7,0,0,0,0,0,5.6558,3.8875,3873,1075696,63,29,120,0.5544837441943551,1,0.019057,0.053843,115,0.006,0.23,0.751,0,0.0,0.0,0,1,0,0,0,0,
K8_R1.05_T1_H1_N4_S8009_PERIODIC_inprocess,8009,8,1.05,1,1,N4,0.98,3.0,,PERIODIC,inprocess,d45ade0f1e4d64b5caf880a2e99a8b15804cc003dd3845321f60065b35c77f4c,a058cb3500c4c2825e0d3c1779ecc31ca03694259999f907bee8a5b30c595290,0.268,0,72,51,2,53,19,73.61111111111111,73.6842105263158,62.06896551724138,70.0,81.3953488372093,80.55555555555556,697,13.150943396226415,0,0,0,0,8,0,0,0,0,0,5.7829,3.8875,4214,1160644,68,39,120,0.4971446700507614,2,0.163852,0.057177,23,1.0579999999999998,19.902,24.22,0,0.0,0.0,0,1,0,0,0,0,
K8_R1.05_T1_H1_N4_S8009_CENTRAL_inprocess,8009,8,1.05,1,1,N4,0.98,3.0,,CENTRAL,inprocess,d45ade0f1e4d64b5caf880a2e99a8b15804cc003dd3845321f60065b35c77f4c,70c216fec3c1c132532551370f34535b95e51a08f3104fa6c0a2cbcc05eba586,0.988,0,72,41,2,43,29,59.72222222222222,58.64661654135338,51.724137931034484,40.0,65.11627906976744,50.0,714,16.6046511627907,0,0,0,0,8,0,0,0,0,0,5.7279,3.8875,5272,1186790,96,33,121,1.0408454048919498,1,0.87629,0.059819,75,13.774,20.858,30.585,0,0.0,0.0,0,0,0,0,0,0,
K16_R0.90_T1_H1_N4_S8008_CENTRAL_FOG_inprocess,8008,16,0.9,1,1,N4,0.98,3.0,,CENTRAL_FOG,inprocess,edfdbf2161c9c7b689a8c99de5f0d5edf4ac6c586f09b0994926045030fb0f8b,cb17424d8a06b7500e93b246de23f9c7936723d7a44e006c6b4d5ee296bb7863,4.056,0,123,100,5,105,18,85.36585365853658,89.28571428571429,96.96969696969697,91.66666666666667,81.11111111111111,85.71428571428571,1572,14.971428571428572,0,0,0,0,14,0,0,0,0,0,5.6657,3.8751,12927,2643329,252,107,14,0.04354010272619518,1,3.754936,0.149704,177,19.366,42.687000000000005,50.333000000000006,0,0.0,0.0,0,0,0,0,0,0,
K8_R1.05_T1_H1_N4_S8009_CENTRAL_FB_inprocess,8009,8,1.05,1,1,N4,0.98,3.0,,CENTRAL_FB,inprocess,d45ade0f1e4d64b5caf880a2e99a8b15804cc003dd3845321f60065b35c77f4c,f618220466adfb4d648441e1a131083177854aaaf9ffd5fbfda90a5ed62ff48a,1.033,0,72,37,2,39,33,54.166666666666664,52.63157894736842,44.827586206896555,40.0,60.46511627906977,50.0,666,17.076923076923077,0,0,0,0,2,0,0,0,0,0,5.6759,3.8875,5309,1153457,92,35,121,1.0319623971797884,0,0.924276,0.058267,82,12.940999999999999,21.895,29.848,38,0.011,0.013,0,0,0,0,0,0,
K8_R1.05_T1_H1_N4_S8009_HYBRID_inprocess,8009,8,1.05,1,1,N4,0.98,3.0,,HYBRID,inprocess,d45ade0f1e4d64b5caf880a2e99a8b15804cc003dd3845321f60065b35c77f4c,f4085f22473e62c6929742775004ed671b5419f454225bd6f1823e781ba66aea,1.099,0,72,51,2,53,19,73.61111111111111,78.19548872180451,79.3103448275862,90.0,69.76744186046511,77.77777777777777,759,14.320754716981131,0,0,0,0,8,0,0,0,0,0,5.6727,3.8875,6333,1420805,135,66,10,0.037335049887351146,0,0.915137,0.126038,143,0.11299999999999999,20.741,28.603,770,0.375,2.891,0,21,0,0,0,0,
K4_R0.90_T1_H1_N4_S8009_STATIC_inprocess,8009,4,0.9,1,1,N4,0.98,3.0,,STATIC,inprocess,74b6e0a4c2f514c207b53de12215a4d7f75416d96c43f8995c87cec852b46c07,50641b3460f575e0b244addf70452c03528330f4d065a7bc254cb1508e4cfaa8,0.053,0,31,28,0,28,3,90.3225806451613,88.88888888888889,66.66666666666667,,96.0,84.21052631578948,354,12.642857142857142,0,0,0,0,4,0,0,0,0,0,5.6998,3.982,1936,566532,28,16,119,0.677626876340243,0,0.00689,0.02679,35,0.004,0.12999999999999998,0.16699999999999998,0,0.0,0.0,0,2,0,0,0,0,
K8_R1.05_T1_H1_N4_S8009_HYBRID_EAGER_inprocess,8009,8,1.05,1,1,N4,0.98,3.0,,HYBRID_EAGER,inprocess,d45ade0f1e4d64b5caf880a2e99a8b15804cc003dd3845321f60065b35c77f4c,4c888f13b237474163d4279cb65c4cbfd8ebd9cf9c00719ae982dd9b6fb8ac68,0.955,0,72,51,3,54,18,75.0,75.93984962406014,65.51724137931035,80.0,81.3953488372093,77.77777777777777,715,13.24074074074074,0,0,0,0,6,0,0,0,0,0,5.7512,3.8875,5710,1349292,99,49,6,0.024543174489430313,0,0.776565,0.12328199999999999,139,0.106,19.008,26.672,550,0.40700000000000003,2.713,0,20,0,0,0,0,
K4_R0.90_T1_H1_N4_S8009_PERIODIC_inprocess,8009,4,0.9,1,1,N4,0.98,3.0,,PERIODIC,inprocess,74b6e0a4c2f514c207b53de12215a4d7f75416d96c43f8995c87cec852b46c07,fbfcf6fe51af5508ad55862205211094b3853bc788fb227b05473f95b5aa2468,0.103,0,31,29,0,29,2,93.54838709677419,95.55555555555556,100.0,,92.0,89.47368421052632,381,13.137931034482758,0,0,0,0,4,0,0,0,0,0,5.7056,3.9344,2107,575549,32,10,113,0.4894971355824316,1,0.055231,0.027292000000000004,23,0.275,8.064,8.272,0,0.0,0.0,0,0,0,0,0,0,
K8_R1.05_T1_H1_N4_S8009_EDGE_MARKET_inprocess,8009,8,1.05,1,1,N4,0.98,3.0,,EDGE_MARKET,inprocess,d45ade0f1e4d64b5caf880a2e99a8b15804cc003dd3845321f60065b35c77f4c,d2e86348e3b69dd740c465e2cdb296356a217a631d69aa2370589e23665443aa,0.29,0,72,51,3,54,18,75.0,77.44360902255639,75.86206896551724,100.0,74.4186046511628,75.0,702,13.0,0,0,0,0,7,0,0,0,0,0,5.6652,3.8875,5237,1356086,104,50,10,0.016842929886408148,0,0.023486,0.21413799999999997,162,0.041999999999999996,0.088,0.176,1285,0.432,2.713,0,36,0,0,0,0,
K4_R0.90_T1_H1_N4_S8009_CENTRAL_inprocess,8009,4,0.9,1,1,N4,0.98,3.0,,CENTRAL,inprocess,74b6e0a4c2f514c207b53de12215a4d7f75416d96c43f8995c87cec852b46c07,2c0fb9d86f42d19798cb2220636256f58fd1cb4594f296041c97cdfd24c43071,0.187,0,31,28,0,28,3,90.3225806451613,93.33333333333333,100.0,,88.0,89.47368421052632,346,12.357142857142858,0,0,0,0,3,0,0,0,0,0,5.6551,3.9344,2266,589124,29,26,112,0.4480183802412407,0,0.138426,0.027753,48,1.367,7.634,8.872,0,0.0,0.0,0,0,0,0,0,0,
K4_R0.90_T1_H1_N4_S8009_CENTRAL_FB_inprocess,8009,4,0.9,1,1,N4,0.98,3.0,,CENTRAL_FB,inprocess,74b6e0a4c2f514c207b53de12215a4d7f75416d96c43f8995c87cec852b46c07,dbebb279c4d8c37a71d21e47362b848790cfec1b8e2a821636b5f782fe5bfb44,0.192,0,31,28,0,28,3,90.3225806451613,93.33333333333333,100.0,,88.0,89.47368421052632,369,13.178571428571429,0,0,0,0,4,0,0,0,0,0,5.6502,3.9344,2266,592342,29,27,112,0.44968372627947095,0,0.142613,0.028422000000000003,47,1.545,7.507,9.136999999999999,12,0.087,0.092,0,0,0,0,0,0,
K4_R0.90_T1_H1_N4_S8009_EDGE_MARKET_inprocess,8009,4,0.9,1,1,N4,0.98,3.0,,EDGE_MARKET,inprocess,74b6e0a4c2f514c207b53de12215a4d7f75416d96c43f8995c87cec852b46c07,bcf1c69d083b25db1fc0031f0080ac097ad2040eefd2a77e2cad5f939a67cd61,0.084,0,31,28,0,28,3,90.3225806451613,93.33333333333333,100.0,,88.0,89.47368421052632,328,11.714285714285714,0,0,0,0,4,0,0,0,0,0,5.7076,3.982,2068,591877,44,24,5,0.007042253521126761,0,0.009194,0.053194000000000005,44,0.023,0.041999999999999996,0.047,186,0.444,3.0170000000000003,0,6,0,0,0,0,
K4_R0.90_T1_H1_N4_S8009_CENTRAL_FOG_inprocess,8009,4,0.9,1,1,N4,0.98,3.0,,CENTRAL_FOG,inprocess,74b6e0a4c2f514c207b53de12215a4d7f75416d96c43f8995c87cec852b46c07,d845479d7feff027efc21b6fac36ab1ea96b9fa35eeb13ef50ea9926453d35d5,0.226,0,31,28,0,28,3,90.3225806451613,91.11111111111111,83.33333333333333,,92.0,89.47368421052632,368,13.142857142857142,0,0,0,0,4,0,0,0,0,0,5.6998,3.9344,2456,608549,48,34,6,0.018456375838926176,2,0.173987,0.029015999999999997,70,1.469,7.43,8.901,0,0.0,0.0,0,0,0,0,0,0,
K4_R0.90_T1_H1_N4_S8009_HYBRID_inprocess,8009,4,0.9,1,1,N4,0.98,3.0,,HYBRID,inprocess,74b6e0a4c2f514c207b53de12215a4d7f75416d96c43f8995c87cec852b46c07,f3ecd60f087b0a5da2068b93ac47f5f5a8d6ca477604331165558ac6a7fca7fd,0.207,0,31,28,0,28,3,90.3225806451613,93.33333333333333,100.0,,88.0,94.73684210526316,363,12.964285714285714,0,0,0,0,4,0,0,0,0,0,5.6594,3.9344,2383,613198,36,20,6,0.02413793103448276,0,0.147338,0.037266,89,0.045000000000000005,7.557,9.187000000000001,101,0.47300000000000003,0.522,0,4,0,0,0,0,
K4_R0.90_T1_H1_N4_S8009_HYBRID_EAGER_inprocess,8009,4,0.9,1,1,N4,0.98,3.0,,HYBRID_EAGER,inprocess,74b6e0a4c2f514c207b53de12215a4d7f75416d96c43f8995c87cec852b46c07,c7d564d24faec77cf33b468d762666513a3c2100038b654141322a6a3cd4d61b,0.195,0,31,28,0,28,3,90.3225806451613,93.33333333333333,100.0,,88.0,94.73684210526316,363,12.964285714285714,0,0,0,0,4,0,0,0,0,0,5.6594,3.9344,2329,608243,41,23,6,0.02036299247454626,0,0.134372,0.037877999999999995,85,0.047,6.92,9.379999999999999,107,0.431,0.481,0,4,0,0,0,0,
K8_R1.05_T1_H1_N4_S8009_CENTRAL_FOG_inprocess,8009,8,1.05,1,1,N4,0.98,3.0,,CENTRAL_FOG,inprocess,d45ade0f1e4d64b5caf880a2e99a8b15804cc003dd3845321f60065b35c77f4c,a987db54e62be217aa43519f3cb290d0811d52f1c2e316e33481b8d1cb18f2aa,1.927,0,72,51,2,53,19,73.61111111111111,78.19548872180451,75.86206896551724,90.0,72.09302325581395,69.44444444444444,751,14.169811320754716,1,1,0,0,8,0,0,0,0,0,5.6728,3.8875,6484,1319854,138,64,6,0.03857613297788929,1,1.795481,0.07162299999999999,146,12.101,22.878,29.686,0,0.0,0.0,0,0,0,0,0,0,
K16_R0.90_T1_H1_N4_S8009_STATIC_inprocess,8009,16,0.9,1,1,N4,0.98,3.0,,STATIC,inprocess,53d037125fd4c39156348788eddbaa5ea921eaa931fe1797e9db6520e39f294d,572f75d7fb223e568752065f848f833adafbbe29f81c2253a56275e61436942a,0.286,0,123,103,4,107,16,86.99186991869918,83.50515463917526,75.86206896551724,60.0,90.42553191489361,86.15384615384616,1495,13.97196261682243,0,0,0,0,15,0,0,0,0,0,6.3837,3.8779,7729,2200066,114,50,117,0.5583108715184187,0,0.034557,0.12535600000000002,98,0.008,0.441,2.16,0,0.0,0.0,0,3,0,0,0,0,
K16_R0.90_T1_H1_N4_S8009_PERIODIC_inprocess,8009,16,0.9,1,1,N4,0.98,3.0,,PERIODIC,inprocess,53d037125fd4c39156348788eddbaa5ea921eaa931fe1797e9db6520e39f294d,e9ff05f5c24aae4d151b291ffff61cd53668a510a1fade3ce0d9eab2769711e0,0.595,0,123,104,4,108,15,87.8048780487805,84.5360824742268,72.41379310344827,60.0,92.55319148936171,90.76923076923077,1469,13.601851851851851,0,0,0,0,14,0,0,0,0,0,6.3837,3.8779,8204,2215855,129,68,117,0.5383977442361917,1,0.342155,0.12228399999999999,23,1.716,45.435,45.723,0,0.0,0.0,0,3,0,0,0,0,
K16_R0.90_T1_H1_N4_S8009_EDGE_MARKET_inprocess,8009,16,0.9,1,1,N4,0.98,3.0,,EDGE_MARKET,inprocess,53d037125fd4c39156348788eddbaa5ea921eaa931fe1797e9db6520e39f294d,5c780a73286a10c57e951fac10fdad00befca7e6b654a126967c2558ef54f52c,0.538,0,123,104,4,108,15,87.8048780487805,89.69072164948453,96.55172413793103,93.33333333333333,85.1063829787234,89.23076923076923,1498,13.87037037037037,0,0,0,0,12,0,0,0,0,0,5.6492,3.8779,9718,2578335,212,80,20,0.014471164077463291,0,0.042401,0.35885700000000004,137,0.077,0.159,0.379,1916,0.435,3.106,0,36,0,0,0,0,
K8_R0.75_T1_H1_N4_S8010_STATIC_inprocess,8010,8,0.75,1,1,N4,0.98,3.0,,STATIC,inprocess,50dfc0685caa92fd43ab83173432fc11315b13c5448c0a1c9833de1a7cb05cf4,01fcefaaeb0fba132b21e7fd02ae2368758d55fae17c471cb8abb82fd087911e,0.1,0,51,45,1,46,5,90.19607843137256,87.34177215189874,69.23076923076923,80.0,97.36842105263158,89.28571428571429,607,13.195652173913043,0,0,0,0,3,0,0,0,0,0,5.6168,3.9061,3848,1056580,62,31,120,0.4625267665952891,0,0.012758,0.049971,26,0.005,0.2,0.337,0,0.0,0.0,0,2,0,0,0,0,
K8_R0.75_T1_H1_N4_S8010_PERIODIC_inprocess,8010,8,0.75,1,1,N4,0.98,3.0,,PERIODIC,inprocess,50dfc0685caa92fd43ab83173432fc11315b13c5448c0a1c9833de1a7cb05cf4,024c502e0005e2688be80ba11d36ae4d9902ae15bb38d9cbcaeae8a113a97e70,0.177,0,51,47,1,48,3,94.11764705882354,88.60759493670886,76.92307692307692,40.0,100.0,96.42857142857143,611,12.729166666666666,0,0,0,0,5,0,0,0,0,0,5.6398,3.9061,4057,1088023,69,22,116,0.3726728723404255,1,0.08599,0.051726999999999995,23,0.076,12.356,14.33,0,0.0,0.0,0,0,0,0,0,0,
K8_R0.75_T1_H1_N4_S8010_CENTRAL_inprocess,8010,8,0.75,1,1,N4,0.98,3.0,,CENTRAL,inprocess,50dfc0685caa92fd43ab83173432fc11315b13c5448c0a1c9833de1a7cb05cf4,fcf72882a2f4e6a3d286ad48bb51c82000712e71ca1007208e0c8bd88a2f8fa9,0.336,0,51,48,1,49,2,96.07843137254902,94.9367088607595,92.3076923076923,80.0,97.36842105263158,96.42857142857143,588,12.0,0,0,0,0,5,0,0,0,0,0,5.6357,3.9061,4366,1097456,84,28,120,0.379372738238842,1,0.241766,0.052605000000000006,57,0.92,14.379,16.167,0,0.0,0.0,0,1,0,0,0,0,
K16_R0.90_T1_H1_N4_S8009_CENTRAL_inprocess,8009,16,0.9,1,1,N4,0.98,3.0,,CENTRAL,inprocess,53d037125fd4c39156348788eddbaa5ea921eaa931fe1797e9db6520e39f294d,65428a60092ac23231c92f65320be16a847c0a470a115c4e2e40c5158d786798,1.995,0,123,103,5,108,15,87.8048780487805,86.5979381443299,86.20689655172414,80.0,88.29787234042553,86.15384615384616,1514,14.018518518518519,0,0,0,0,14,0,0,0,0,0,5.6693,3.8779,9934,2368635,146,74,117,0.4365059004617753,0,1.725405,0.132885,91,13.597,43.663000000000004,48.709,0,0.0,0.0,0,1,0,0,0,0,
K16_R0.90_T1_H1_N4_S8009_CENTRAL_FB_inprocess,8009,16,0.9,1,1,N4,0.98,3.0,,CENTRAL_FB,inprocess,53d037125fd4c39156348788eddbaa5ea921eaa931fe1797e9db6520e39f294d,8e7ecc0be167f600d15117246cb05d2096ee70f9d22904f2656352c4d8c086a6,2.006,0,123,106,5,111,12,90.2439024390244,90.20618556701031,82.75862068965517,93.33333333333333,92.55319148936171,87.6923076923077,1463,13.18018018018018,0,0,0,0,15,0,0,0,0,0,5.656,3.8779,9754,2367904,151,83,117,0.444969792487523,1,1.730518,0.13777900000000004,88,12.189,44.687999999999995,53.198,50,0.108,0.513,0,0,0,0,0,0,
K16_R0.90_T1_H1_N4_S8009_HYBRID_EAGER_inprocess,8009,16,0.9,1,1,N4,0.98,3.0,,HYBRID_EAGER,inprocess,53d037125fd4c39156348788eddbaa5ea921eaa931fe1797e9db6520e39f294d,cff39f71bf46f53f87315891ec8c00636fc4c3e797d24af5931542267e825227,1.84,0,123,105,4,109,14,88.6178861788618,87.11340206185567,82.75862068965517,73.33333333333333,90.42553191489361,86.15384615384616,1673,15.34862385321101,0,0,0,0,13,0,0,0,0,0,5.945,3.8779,10551,2555274,208,111,20,0.021038277977987727,0,1.484157,0.213938,143,0.15,41.437000000000005,47.964,802,0.116,0.48500000000000004,0,34,0,0,0,0,
K8_R0.75_T1_H1_N4_S8010_CENTRAL_FB_inprocess,8010,8,0.75,1,1,N4,0.98,3.0,,CENTRAL_FB,inprocess,50dfc0685caa92fd43ab83173432fc11315b13c5448c0a1c9833de1a7cb05cf4,960a84b27e1a1a0effde32242f4e9998e873bff3a1a7832aaa2cb8e09d6eecb9,0.338,0,51,48,1,49,2,96.07843137254902,94.9367088607595,92.3076923076923,80.0,97.36842105263158,96.42857142857143,601,12.26530612244898,0,0,0,0,5,0,0,0,0,0,5.6398,3.9061,4367,1098314,66,28,120,0.37668969660558727,0,0.241111,0.054502,56,0.9810000000000001,14.333,17.663,29,0.031,0.039,0,1,0,0,0,0,
K8_R0.75_T1_H1_N4_S8010_HYBRID_inprocess,8010,8,0.75,1,1,N4,0.98,3.0,,HYBRID,inprocess,50dfc0685caa92fd43ab83173432fc11315b13c5448c0a1c9833de1a7cb05cf4,204a1deb420293041df8ffe2656d0523a50ec0e3d567c5811f0d017ff0832764,0.349,0,51,49,1,50,1,98.03921568627452,98.73417721518987,100.0,100.0,97.36842105263158,100.0,630,12.6,0,0,0,0,4,0,0,0,0,0,5.6357,3.9061,4403,1142590,95,39,2,0.005632480638347806,1,0.24613,0.059465000000000004,65,0.111,14.153,17.53,89,0.094,0.435,0,2,0,0,0,0,
K8_R0.75_T1_H1_N4_S8010_CENTRAL_FOG_inprocess,8010,8,0.75,1,1,N4,0.98,3.0,,CENTRAL_FOG,inprocess,50dfc0685caa92fd43ab83173432fc11315b13c5448c0a1c9833de1a7cb05cf4,2256cacb0453cf3beb373bf5090f84081a7479fae82309068f99f84da58d1744,0.419,0,51,50,1,51,0,100.0,100.0,100.0,100.0,100.0,100.0,644,12.627450980392156,0,0,0,0,3,0,0,0,0,0,5.6385,3.9061,4625,1131810,98,42,5,0.006699419383653417,0,0.320411,0.054352000000000004,80,2.457,11.902,17.272,0,0.0,0.0,0,0,0,0,0,0,
K8_R0.75_T1_H1_N4_S8010_HYBRID_EAGER_inprocess,8010,8,0.75,1,1,N4,0.98,3.0,,HYBRID_EAGER,inprocess,50dfc0685caa92fd43ab83173432fc11315b13c5448c0a1c9833de1a7cb05cf4,2a61b03344944a42de4ff55b6b56b868a180b7a45be818e4bdb6a7e83b7564d7,0.347,0,51,49,1,50,1,98.03921568627452,98.73417721518987,100.0,100.0,97.36842105263158,100.0,630,12.6,0,0,0,0,4,0,0,0,0,0,5.6357,3.9061,4403,1142590,95,39,2,0.005632480638347806,1,0.240525,0.06407800000000001,65,0.11699999999999999,13.453,16.497,96,0.091,0.41800000000000004,0,2,0,0,0,0,
K8_R0.75_T1_H1_N4_S8010_EDGE_MARKET_inprocess,8010,8,0.75,1,1,N4,0.98,3.0,,EDGE_MARKET,inprocess,50dfc0685caa92fd43ab83173432fc11315b13c5448c0a1c9833de1a7cb05cf4,12188d9b4ce66b81d5e5b1975e943a5cfc3c6979a14c31831aecb4469e5ba6d8,0.158,0,51,49,1,50,1,98.03921568627452,98.73417721518987,100.0,100.0,97.36842105263158,96.42857142857143,742,14.84,0,0,0,0,4,0,0,0,0,0,5.6168,3.9061,4088,1126678,77,36,6,0.004302708175145533,0,0.016532,0.09907099999999999,34,0.012,0.045000000000000005,0.047,304,0.45,2.997,0,4,0,0,0,0,
K16_R0.90_T1_H1_N4_S8009_HYBRID_inprocess,8009,16,0.9,1,1,N4,0.98,3.0,,HYBRID,inprocess,53d037125fd4c39156348788eddbaa5ea921eaa931fe1797e9db6520e39f294d,97fe8f57ac95900646fa45677994e738a8f59024bfc49e2c0dd483c09d7ec549,1.996,0,123,105,5,110,13,89.4308943089431,90.20618556701031,93.10344827586206,93.33333333333333,88.29787234042553,86.15384615384616,1452,13.2,0,0,0,0,14,0,0,0,0,0,5.6749,3.8779,10518,2527513,191,102,20,0.018578273198396403,0,1.648709,0.20546099999999998,142,0.16,42.217,49.68,738,0.40099999999999997,0.503,0,14,0,0,0,0,
K8_R1.05_T1_H1_N4_S8010_STATIC_inprocess,8010,8,1.05,1,1,N4,0.98,3.0,,STATIC,inprocess,fc33e0282588a9a8acbd179e81a7ac5d34f51cc21632b5f7c95adc6b7f56e18c,fb9c9388fcb1796d2b6d7ed14a87669e9e09e92f2cffebff72ada93bfb3452a8,0.122,0,72,57,1,58,14,80.55555555555556,72.64957264957265,50.0,16.666666666666668,94.0,82.3529411764706,758,13.068965517241379,0,0,0,0,7,0,0,0,0,0,6.9055,3.8788,3875,1126463,50,31,118,0.6236370031656701,0,0.018845,0.056568999999999994,138,0.005,0.21000000000000002,0.825,0,0.0,0.0,0,2,0,0,0,0,
K8_R1.05_T1_H1_N4_S8010_PERIODIC_inprocess,8010,8,1.05,1,1,N4,0.98,3.0,,PERIODIC,inprocess,fc33e0282588a9a8acbd179e81a7ac5d34f51cc21632b5f7c95adc6b7f56e18c,31dea595cf559807247ad33555ce69280c4c1fd7da16f13d50d92859df9f6188,0.293,0,72,57,2,59,13,81.94444444444444,80.34188034188034,68.18181818181819,50.0,88.0,85.29411764705883,753,12.76271186440678,0,0,0,0,8,0,0,0,0,0,5.6687,3.8788,4227,1165512,70,22,118,0.5464240903387704,0,0.185918,0.059115999999999995,23,0.823,24.71,27.174,0,0.0,0.0,0,2,0,0,0,0,
K16_R0.90_T1_H1_N4_S8009_CENTRAL_FOG_inprocess,8009,16,0.9,1,1,N4,0.98,3.0,,CENTRAL_FOG,inprocess,53d037125fd4c39156348788eddbaa5ea921eaa931fe1797e9db6520e39f294d,5074bfcd8a53fb029d0e5adca2af0c6a7ce199d2a4af38bd2374a59c60904ae3,3.283,0,123,106,5,111,12,90.2439024390244,90.20618556701031,89.65517241379311,86.66666666666667,90.42553191489361,87.6923076923077,1558,14.036036036036036,0,0,0,0,14,0,0,0,0,0,5.6718,3.8779,12605,2647956,234,128,20,0.036955993192317044,2,2.976016,0.153056,166,15.165,42.168,47.751000000000005,0,0.0,0.0,0,0,0,0,0,0,
K8_R1.05_T1_H1_N4_S8010_EDGE_MARKET_inprocess,8010,8,1.05,1,1,N4,0.98,3.0,,EDGE_MARKET,inprocess,fc33e0282588a9a8acbd179e81a7ac5d34f51cc21632b5f7c95adc6b7f56e18c,1d53357b196af7c64071694fefe0d0c1b5ecf129c4691c3562f1f5af85107723,0.265,0,72,58,2,60,12,83.33333333333333,84.61538461538461,81.81818181818181,66.66666666666667,84.0,85.29411764705883,700,11.666666666666666,0,0,0,0,8,0,0,0,0,0,5.6701,3.8788,4685,1284555,97,44,9,0.012958488908412035,0,0.021119,0.192825,110,0.039,0.08600000000000001,0.186,806,0.47600000000000003,2.8579999999999997,0,21,0,0,0,0,
K8_R1.05_T1_H1_N4_S8010_CENTRAL_inprocess,8010,8,1.05,1,1,N4,0.98,3.0,,CENTRAL,inprocess,fc33e0282588a9a8acbd179e81a7ac5d34f51cc21632b5f7c95adc6b7f56e18c,ad4afc87a0a6fad7d47f445c60e7453f74aaba89f63005f18c10ac1be6bd6df4,0.948,0,72,56,2,58,14,80.55555555555556,79.48717948717949,77.27272727272727,50.0,82.0,85.29411764705883,733,12.637931034482758,0,0,0,0,8,0,0,0,0,0,5.6648,3.8788,5099,1223343,93,27,122,0.635151814366823,0,0.834319,0.062822,68,14.376999999999999,26.029,28.9,0,0.0,0.0,0,1,0,0,0,0,
K8_R1.05_T1_H1_N4_S8010_CENTRAL_FB_inprocess,8010,8,1.05,1,1,N4,0.98,3.0,,CENTRAL_FB,inprocess,fc33e0282588a9a8acbd179e81a7ac5d34f51cc21632b5f7c95adc6b7f56e18c,5c4b4792b4e7b898063c6920c7cd57d2ce92151b892eb0f5a5eac09b6ad7c57a,0.937,0,72,57,2,59,13,81.94444444444444,80.34188034188034,77.27272727272727,50.0,84.0,88.23529411764706,710,12.033898305084746,0,0,0,0,7,0,0,0,0,0,5.9984,3.8788,5053,1216713,82,31,122,0.645273631840796,0,0.82141,0.06398100000000001,65,15.218,26.044999999999998,26.995,24,0.1,0.44,0,0,0,0,0,0,
K4_R0.90_T1_H1_N4_S8010_STATIC_inprocess,8010,4,0.9,1,1,N4,0.98,3.0,,STATIC,inprocess,4e51cb27cdc129fc4302ab4565c7bb3ceeedc0571fd436a64ad41838356ea869,b012a926d536d5cc3b5a3e4a5c3ccbbbd77501a1fc785271078f99bc481d4315,0.051,0,31,28,0,28,3,90.3225806451613,80.95238095238095,40.0,0.0,100.0,92.3076923076923,317,11.321428571428571,0,0,0,0,3,0,0,0,0,0,5.6449,3.9598,1929,519120,25,15,114,0.5514809590973202,0,0.006551,0.024829,63,0.004,0.055,0.155,0,0.0,0.0,0,0,0,0,0,0,
K4_R0.90_T1_H1_N4_S8010_PERIODIC_inprocess,8010,4,0.9,1,1,N4,0.98,3.0,,PERIODIC,inprocess,4e51cb27cdc129fc4302ab4565c7bb3ceeedc0571fd436a64ad41838356ea869,5e8e8452021b2896c74802dd43598fae0265973ab02b83bc47e40740c4e618de,0.095,0,31,27,0,27,4,87.09677419354838,85.71428571428571,60.0,100.0,92.3076923076923,84.61538461538461,329,12.185185185185185,0,0,0,0,3,0,0,0,0,0,5.6571,3.9598,2055,528407,25,21,114,0.5425806451612903,1,0.049661,0.025293,23,0.326,6.632,8.997,0,0.0,0.0,0,0,0,0,0,0,
K4_R0.90_T1_H1_N4_S8010_CENTRAL_inprocess,8010,4,0.9,1,1,N4,0.98,3.0,,CENTRAL,inprocess,4e51cb27cdc129fc4302ab4565c7bb3ceeedc0571fd436a64ad41838356ea869,c66bd7e7123e5d7a3999154a8cb8bbbf467232f8b6807f24bc566a523196a006,0.1,0,31,27,0,27,4,87.09677419354838,85.71428571428571,60.0,100.0,92.3076923076923,84.61538461538461,325,12.037037037037036,0,0,0,0,2,0,0,0,0,0,5.5727,3.9598,2069,529940,23,14,114,0.5035098915124442,0,0.054321,0.025625000000000002,31,0.373,5.274,6.704,0,0.0,0.0,0,0,0,0,0,0,
K4_R0.90_T1_H1_N4_S8010_CENTRAL_FB_inprocess,8010,4,0.9,1,1,N4,0.98,3.0,,CENTRAL_FB,inprocess,4e51cb27cdc129fc4302ab4565c7bb3ceeedc0571fd436a64ad41838356ea869,40fabb66d8bc5a115178a5364c797b2f0b41ab037ed204bb3359ee0f0de394d9,0.101,0,31,27,0,27,4,87.09677419354838,88.0952380952381,80.0,100.0,88.46153846153847,76.92307692307692,342,12.666666666666666,0,0,0,0,3,0,0,0,0,0,5.6333,3.9598,2080,545505,35,17,114,0.49936224489795916,0,0.054183,0.026795,33,0.30200000000000005,5.208,6.502,13,0.087,0.088,0,0,0,0,0,0,
K8_R1.05_T1_H1_N4_S8010_HYBRID_inprocess,8010,8,1.05,1,1,N4,0.98,3.0,,HYBRID,inprocess,fc33e0282588a9a8acbd179e81a7ac5d34f51cc21632b5f7c95adc6b7f56e18c,890b6b5910ab53e2db061f271a99343c6d8f878af36e294b2a0859294eee7551,1.008,0,72,55,2,57,15,79.16666666666667,82.05128205128206,90.9090909090909,66.66666666666667,74.0,82.3529411764706,795,13.947368421052632,0,0,0,0,7,0,0,0,0,0,5.6702,3.8788,5664,1359219,115,53,11,0.016062082656560187,0,0.838607,0.114292,141,0.075,25.762,27.629,514,0.415,1.132,0,12,0,0,0,0,
K4_R0.90_T1_H1_N4_S8010_CENTRAL_FOG_inprocess,8010,4,0.9,1,1,N4,0.98,3.0,,CENTRAL_FOG,inprocess,4e51cb27cdc129fc4302ab4565c7bb3ceeedc0571fd436a64ad41838356ea869,ad0d4594132b6ab7556bdac6ced1f2c883df18109f7a82af90b87a8183bea4ad,0.138,0,31,29,0,29,2,93.54838709677419,95.23809523809524,100.0,100.0,92.3076923076923,84.61538461538461,355,12.241379310344827,0,0,0,0,4,0,0,0,0,0,5.6312,3.9598,2220,560775,39,19,12,0.011136890951276101,0,0.088379,0.027788,46,0.941,5.348000000000001,6.819000000000001,0,0.0,0.0,0,0,0,0,0,0,
K4_R0.90_T1_H1_N4_S8010_HYBRID_inprocess,8010,4,0.9,1,1,N4,0.98,3.0,,HYBRID,inprocess,4e51cb27cdc129fc4302ab4565c7bb3ceeedc0571fd436a64ad41838356ea869,6bb303fbfd83733131db76ea5368a7b08ed7ee6e744c5ab1d9b7d2937d1eba52,0.111,0,31,27,0,27,4,87.09677419354838,83.33333333333333,60.0,50.0,92.3076923076923,76.92307692307692,330,12.222222222222221,0,0,0,0,3,0,0,0,0,0,5.6048,3.9598,2153,562548,34,13,7,0.007177033492822967,0,0.057475,0.031243,55,0.047,5.337,7.162,68,0.095,0.46799999999999997,0,6,0,0,0,0,
K4_R0.90_T1_H1_N4_S8010_EDGE_MARKET_inprocess,8010,4,0.9,1,1,N4,0.98,3.0,,EDGE_MARKET,inprocess,4e51cb27cdc129fc4302ab4565c7bb3ceeedc0571fd436a64ad41838356ea869,44e7cac133adc84e0e82cef2a4715e15ac710ed3915ab1ff4cf54a393bd2c2ba,0.078,0,31,29,0,29,2,93.54838709677419,95.23809523809524,100.0,100.0,92.3076923076923,84.61538461538461,392,13.517241379310345,0,0,0,0,4,0,0,0,0,0,5.6571,3.9032,2014,534603,30,15,12,0.010245901639344262,1,0.008815,0.047567,30,0.019,0.028,0.029,134,0.45399999999999996,3.1069999999999998,0,3,0,0,0,0,
K4_R0.90_T1_H1_N4_S8010_HYBRID_EAGER_inprocess,8010,4,0.9,1,1,N4,0.98,3.0,,HYBRID_EAGER,inprocess,4e51cb27cdc129fc4302ab4565c7bb3ceeedc0571fd436a64ad41838356ea869,54dee2f61e10753b67d8c6ea5615726e4d7ebdd26ecf9f0dd845508d54d6423d,0.115,0,31,29,0,29,2,93.54838709677419,95.23809523809524,100.0,100.0,92.3076923076923,84.61538461538461,376,12.96551724137931,0,0,0,0,4,0,0,0,0,0,5.6323,3.9598,2131,540184,37,23,12,0.01352657004830918,0,0.059849,0.033558,42,0.052,5.542,6.016,39,0.416,2.691,0,2,0,0,0,0,
K8_R1.05_T1_H1_N4_S8010_HYBRID_EAGER_inprocess,8010,8,1.05,1,1,N4,0.98,3.0,,HYBRID_EAGER,inprocess,fc33e0282588a9a8acbd179e81a7ac5d34f51cc21632b5f7c95adc6b7f56e18c,07994743f8da9f390a1273b7902f9efec915c4a0b6b1e500da5d4adcb73fc95b,0.989,0,72,55,2,57,15,79.16666666666667,82.05128205128206,90.9090909090909,66.66666666666667,74.0,82.3529411764706,784,13.75438596491228,0,0,0,0,6,0,0,0,0,0,5.694,3.8788,5664,1358553,118,50,11,0.01660350117307345,0,0.81557,0.11801600000000001,141,0.077,24.621000000000002,27.396,521,0.419,1.1360000000000001,0,12,0,0,0,0,
K8_R1.05_T1_H1_N4_S8010_CENTRAL_FOG_inprocess,8010,8,1.05,1,1,N4,0.98,3.0,,CENTRAL_FOG,inprocess,fc33e0282588a9a8acbd179e81a7ac5d34f51cc21632b5f7c95adc6b7f56e18c,418fcfd9119e55501db05407920a1f784420f787b3a23b8c1cd3e30558d9dda8,1.416,0,72,57,2,59,13,81.94444444444444,82.90598290598291,81.81818181818181,66.66666666666667,82.0,88.23529411764706,716,12.135593220338983,0,0,0,0,8,0,0,0,0,0,5.6545,3.8788,6020,1325698,116,55,17,0.02677058624195188,0,1.288903,0.070235,123,8.152,25.218,29.247,0,0.0,0.0,0,0,0,0,0,0,
K16_R0.90_T1_H1_N4_S8010_STATIC_inprocess,8010,16,0.9,1,1,N4,0.98,3.0,,STATIC,inprocess,cb218bdadb269874905418849c547877f28b17fa3f9e50dd5b94186b19cbee0a,6a7161fb31928f3463b23fe9c25be7becd53495dfec18d3d41162e86c748b407,0.282,0,123,102,3,105,18,85.36585365853658,78.42105263157895,59.375,20.0,94.50549450549451,87.93103448275862,1601,15.247619047619047,0,0,0,0,12,0,0,0,0,0,5.671,3.8768,7720,2142083,92,60,116,0.4592764213152736,1,0.035882,0.12011300000000001,125,0.007,0.382,2.434,0,0.0,0.0,0,1,0,0,0,0,
K16_R0.90_T1_H1_N4_S8010_PERIODIC_inprocess,8010,16,0.9,1,1,N4,0.98,3.0,,PERIODIC,inprocess,cb218bdadb269874905418849c547877f28b17fa3f9e50dd5b94186b19cbee0a,b652672f54bae1e1e043e98461292dcdf95b11a328287a9349e6d95a458cbcc3,0.604,0,123,104,3,107,16,86.99186991869918,86.84210526315789,81.25,70.0,89.01098901098901,86.20689655172414,1613,15.074766355140186,0,0,0,0,13,0,0,0,0,0,5.7126,3.8768,8408,2229349,127,74,116,0.49158997143763883,2,0.350439,0.122675,23,2.093,43.89,44.665000000000006,0,0.0,0.0,0,1,0,0,0,0,
K16_R0.90_T1_H1_N4_S8010_EDGE_MARKET_inprocess,8010,16,0.9,1,1,N4,0.98,3.0,,EDGE_MARKET,inprocess,cb218bdadb269874905418849c547877f28b17fa3f9e50dd5b94186b19cbee0a,a7a33bae860ee18c2cf2e2f17a8bfaa41a627437dbb3bb12350cace8f3111f1d,0.581,0,123,100,3,103,20,83.73983739837398,86.84210526315789,87.5,90.0,82.41758241758242,86.20689655172414,1613,15.660194174757281,0,0,0,0,11,0,0,0,0,0,5.671,3.8768,10467,2694208,224,89,17,0.02506635210852256,1,0.045451,0.3943880000000001,142,0.079,0.311,0.437,2636,0.434,3.0799999999999996,0,36,0,0,0,0,
K8_R0.75_T1_H1_N4_S8011_STATIC_inprocess,8011,8,0.75,1,1,N4,0.98,3.0,,STATIC,inprocess,8a7c41a18b50243fbe4087fbc7efc37dc906878c2e57e9cf8348e2e79e6f1d64,425e2b50f420b91de57882b1f0d1ae344164a1042ac33065e4265ffe86012665,0.102,0,51,48,0,48,3,94.11764705882354,90.36144578313252,76.92307692307692,66.66666666666667,100.0,88.88888888888889,713,14.854166666666666,0,0,0,0,5,0,0,0,0,0,5.6154,3.8965,3842,1086870,67,25,119,0.49534383954154726,2,0.012916,0.05078,66,0.005,0.155,0.41100000000000003,0,0.0,0.0,0,0,0,0,0,0,
K8_R0.75_T1_H1_N4_S8011_PERIODIC_inprocess,8011,8,0.75,1,1,N4,0.98,3.0,,PERIODIC,inprocess,8a7c41a18b50243fbe4087fbc7efc37dc906878c2e57e9cf8348e2e79e6f1d64,0e24363304860733ad1fb12c25193b631a7e042727f3f7de2eef9170a0b352dc,0.184,0,51,48,0,48,3,94.11764705882354,91.56626506024097,84.61538461538461,66.66666666666667,97.36842105263158,88.88888888888889,678,14.125,0,0,0,0,6,0,0,0,0,0,5.6439,3.8965,4041,1078465,78,23,119,0.46014735432016074,3,0.090645,0.052467,23,0.34600000000000003,12.471,13.714,0,0.0,0.0,0,0,0,0,0,0,
K8_R0.75_T1_H1_N4_S8011_CENTRAL_inprocess,8011,8,0.75,1,1,N4,0.98,3.0,,CENTRAL,inprocess,8a7c41a18b50243fbe4087fbc7efc37dc906878c2e57e9cf8348e2e79e6f1d64,bbb1d1a0a7a767727466b97118cb9e09c8c6d639881750f5e80ff342e2b32f5a,0.277,0,51,50,0,50,1,98.03921568627452,96.3855421686747,92.3076923076923,83.33333333333333,100.0,94.44444444444444,750,15.0,2,2,0,0,6,0,0,0,0,0,5.6323,3.8965,4237,1098886,82,24,119,0.45540201005025127,2,0.180636,0.053779999999999994,43,0.923,12.875,15.426,0,0.0,0.0,0,0,0,0,0,0,
K16_R0.90_T1_H1_N4_S8010_CENTRAL_FB_inprocess,8010,16,0.9,1,1,N4,0.98,3.0,,CENTRAL_FB,inprocess,cb218bdadb269874905418849c547877f28b17fa3f9e50dd5b94186b19cbee0a,324891e9a8479e790360fdd3c2ae67b922f50daea44693b7820672b75f25f01e,2.061,0,123,106,3,109,14,88.6178861788618,87.36842105263158,78.125,70.0,92.3076923076923,91.37931034482759,1503,13.788990825688073,0,0,0,0,13,0,0,0,0,0,7.2487,3.8768,9912,2343989,160,81,123,0.4953199128093345,0,1.788015,0.13536700000000002,85,21.755,39.845,51.137,50,0.101,0.111,0,0,0,0,0,0,
K16_R0.90_T1_H1_N4_S8010_CENTRAL_inprocess,8010,16,0.9,1,1,N4,0.98,3.0,,CENTRAL,inprocess,cb218bdadb269874905418849c547877f28b17fa3f9e50dd5b94186b19cbee0a,dd7bb85e59fdb3b0d51b71e876693ab568063c7104c06b12a70e01f04c27cab6,2.094,0,123,107,3,110,13,89.4308943089431,87.89473684210526,75.0,80.0,94.50549450549451,93.10344827586206,1494,13.581818181818182,0,0,0,0,12,0,0,0,0,0,6.1828,3.8768,9804,2335413,173,87,123,0.4946642373763665,0,1.826105,0.130045,81,26.043,42.294,49.675999999999995,0,0.0,0.0,0,0,0,0,0,0,
K8_R0.75_T1_H1_N4_S8011_CENTRAL_FB_inprocess,8011,8,0.75,1,1,N4,0.98,3.0,,CENTRAL_FB,inprocess,8a7c41a18b50243fbe4087fbc7efc37dc906878c2e57e9cf8348e2e79e6f1d64,b06e6502a897a478244c8bc86d082ee2a556fab2b9260bbfb7d1da902c35d866,0.279,0,51,50,0,50,1,98.03921568627452,96.3855421686747,92.3076923076923,83.33333333333333,100.0,94.44444444444444,718,14.36,0,0,0,0,6,0,0,0,0,0,5.671,3.8965,4241,1068212,77,38,119,0.45411838396492327,2,0.183402,0.052839,45,0.968,13.471,16.598000000000003,22,0.027,0.029,0,0,0,0,0,0,
K16_R0.90_T1_H1_N4_S8010_HYBRID_EAGER_inprocess,8010,16,0.9,1,1,N4,0.98,3.0,,HYBRID_EAGER,inprocess,cb218bdadb269874905418849c547877f28b17fa3f9e50dd5b94186b19cbee0a,c0208f321814e7cf79f9b06b90b626ba84a1eedfb4b6642f94502c3e3348371c,2.136,0,123,104,3,107,16,86.99186991869918,91.05263157894737,96.875,100.0,83.51648351648352,89.65517241379311,1603,14.981308411214954,0,0,0,0,14,0,0,0,0,0,7.5007,3.8768,11165,2595708,220,118,14,0.018812517206570616,1,1.741286,0.24804400000000001,151,0.164,38.964,50.837,1090,0.419,0.509,0,21,0,0,0,0,
K8_R0.75_T1_H1_N4_S8011_HYBRID_inprocess,8011,8,0.75,1,1,N4,0.98,3.0,,HYBRID,inprocess,8a7c41a18b50243fbe4087fbc7efc37dc906878c2e57e9cf8348e2e79e6f1d64,1bbdb53713606fd60047cf847dc8858a79e872a62151f6cc0d99c828f6e212f9,0.291,0,51,50,1,51,0,100.0,100.0,100.0,100.0,100.0,100.0,742,14.549019607843137,2,2,0,0,6,0,0,0,0,0,5.671,3.8965,4380,1108284,108,39,2,0.0051752528816749,3,0.187949,0.05862799999999999,63,0.075,13.314,17.192,112,0.089,0.098,0,1,0,0,0,0,
K16_R0.90_T1_H1_N4_S8010_HYBRID_inprocess,8010,16,0.9,1,1,N4,0.98,3.0,,HYBRID,inprocess,cb218bdadb269874905418849c547877f28b17fa3f9e50dd5b94186b19cbee0a,0bc0ad61385ff751515232d79c0342afe549c5aab0d47fcfb95decdcbc216259,2.085,0,123,104,3,107,16,86.99186991869918,90.0,93.75,100.0,84.61538461538461,87.93103448275862,1577,14.738317757009346,0,0,0,0,13,1,1,0,12,4,8.4223,3.8768,10926,2555311,207,130,14,0.019036009002250564,1,1.700575,0.24064300000000002,143,0.157,38.543,53.019999999999996,943,0.425,0.533,0,19,0,0,0,0,
K8_R0.75_T1_H1_N4_S8011_CENTRAL_FOG_inprocess,8011,8,0.75,1,1,N4,0.98,3.0,,CENTRAL_FOG,inprocess,8a7c41a18b50243fbe4087fbc7efc37dc906878c2e57e9cf8348e2e79e6f1d64,55ad6ca2edbab20dbd14069b35b9f0d1865b788691f06236907ba59b245112b2,0.37,0,51,49,1,50,1,98.03921568627452,98.79518072289157,100.0,100.0,97.36842105263158,100.0,721,14.42,0,0,0,0,6,0,0,0,0,0,5.6654,3.8965,4604,1103208,115,30,3,0.008482142857142856,2,0.268369,0.055268,78,2.146,12.370000000000001,15.072000000000001,0,0.0,0.0,0,0,0,0,0,0,
K8_R0.75_T1_H1_N4_S8011_HYBRID_EAGER_inprocess,8011,8,0.75,1,1,N4,0.98,3.0,,HYBRID_EAGER,inprocess,8a7c41a18b50243fbe4087fbc7efc37dc906878c2e57e9cf8348e2e79e6f1d64,17776bc12999b779987fa164e38a28eee49cb1605356c13819c2e7330411237d,0.298,0,51,50,1,51,0,100.0,100.0,100.0,100.0,100.0,100.0,739,14.490196078431373,2,2,0,0,5,0,0,0,0,0,5.6404,3.8965,4395,1108955,110,33,2,0.004689331770222743,2,0.18783,0.064422,64,0.073,12.765,15.465,121,0.092,0.1,0,1,0,0,0,0,
K8_R0.75_T1_H1_N4_S8011_EDGE_MARKET_inprocess,8011,8,0.75,1,1,N4,0.98,3.0,,EDGE_MARKET,inprocess,8a7c41a18b50243fbe4087fbc7efc37dc906878c2e57e9cf8348e2e79e6f1d64,59a685891e524b411716fe5eb49f3a41c73ef67adc1d94a3e586abf3abf6dfce,0.144,0,51,47,1,48,3,94.11764705882354,92.7710843373494,84.61538461538461,83.33333333333333,97.36842105263158,88.88888888888889,701,14.604166666666666,0,0,0,0,5,0,0,0,0,0,5.6404,3.8965,4081,1089992,86,39,4,0.0055373772967530835,2,0.016479,0.085489,36,0.04,0.045000000000000005,0.047,300,0.402,3.044,0,5,0,0,0,0,
K8_R1.05_T1_H1_N4_S8011_STATIC_inprocess,8011,8,1.05,1,1,N4,0.98,3.0,,STATIC,inprocess,74bc7862b007c1a7e17d4e7ae04f4e5501abcce21453936aeeeaa5bd616d93b9,c6b720d595112096390e765e1910715e696bf4a2801616a1e4d489c28f2ad5a8,0.116,0,72,53,2,55,17,76.38888888888889,69.49152542372882,42.30769230769231,40.0,95.65217391304348,69.6969696969697,760,13.818181818181818,0,0,0,0,7,0,0,0,0,0,5.6385,3.9197,3864,1061546,67,24,120,0.5563455385709207,2,0.01819,0.05308500000000001,107,0.007,0.247,0.959,0,0.0,0.0,0,1,0,0,0,0,
K8_R1.05_T1_H1_N4_S8011_PERIODIC_inprocess,8011,8,1.05,1,1,N4,0.98,3.0,,PERIODIC,inprocess,74bc7862b007c1a7e17d4e7ae04f4e5501abcce21453936aeeeaa5bd616d93b9,69546f4d0edb95d7db9c1998a0982058ae5ea82821bebf9397f005d899a99837,0.285,0,72,55,2,57,15,79.16666666666667,79.66101694915254,69.23076923076923,80.0,84.78260869565217,81.81818181818181,778,13.649122807017545,0,0,0,0,7,0,0,0,0,0,5.6625,3.9197,4212,1078158,76,26,120,0.42717219589257505,4,0.182166,0.05583200000000001,23,1.287,24.514999999999997,28.944000000000003,0,0.0,0.0,0,1,0,0,0,0,
K8_R1.05_T1_H1_N4_S8011_CENTRAL_inprocess,8011,8,1.05,1,1,N4,0.98,3.0,,CENTRAL,inprocess,74bc7862b007c1a7e17d4e7ae04f4e5501abcce21453936aeeeaa5bd616d93b9,e23df9bfbaf5ad63b10ad17391b0c268afcdcaf21af910c79a22c8ef686b6b5e,0.786,0,72,54,2,56,16,77.77777777777777,76.27118644067797,61.53846153846154,80.0,86.95652173913044,75.75757575757575,751,13.410714285714286,0,0,0,0,5,0,0,0,0,0,5.6598,3.9197,4700,1144591,91,39,120,0.47633378932968534,3,0.678255,0.058042,61,10.495000000000001,23.834,25.378999999999998,0,0.0,0.0,0,0,0,0,0,0,
K8_R1.05_T1_H1_N4_S8011_CENTRAL_FB_inprocess,8011,8,1.05,1,1,N4,0.98,3.0,,CENTRAL_FB,inprocess,74bc7862b007c1a7e17d4e7ae04f4e5501abcce21453936aeeeaa5bd616d93b9,bbc12f24e86f5d86a6a2d5228afa2837ed2142ca7e8074d9edd873e7c867c1e7,0.792,0,72,53,3,56,16,77.77777777777777,76.27118644067797,61.53846153846154,80.0,86.95652173913044,75.75757575757575,780,13.928571428571429,0,0,0,0,7,0,0,0,0,0,5.6225,3.9197,4699,1121324,88,50,120,0.4885245901639344,2,0.681657,0.059448,61,10.511,23.014,25.555999999999997,27,0.09899999999999999,0.10500000000000001,0,0,0,0,0,0,
K8_R1.05_T1_H1_N4_S8011_HYBRID_inprocess,8011,8,1.05,1,1,N4,0.98,3.0,,HYBRID,inprocess,74bc7862b007c1a7e17d4e7ae04f4e5501abcce21453936aeeeaa5bd616d93b9,b85d35ce54f46af5cf1012433cb44524c7fe65094cbd7e15d258638fafde6e0e,0.869,0,72,55,2,57,15,79.16666666666667,80.50847457627118,73.07692307692308,100.0,82.6086956521739,81.81818181818181,776,13.614035087719298,0,0,0,0,8,0,0,0,0,0,5.659,3.9197,5218,1212842,115,51,4,0.011543729211504598,2,0.703877,0.111329,106,0.081,22.738999999999997,26.415000000000003,349,0.442,2.766,0,18,0,0,0,0,
K4_R0.90_T1_H1_N4_S8011_STATIC_inprocess,8011,4,0.9,1,1,N4,0.98,3.0,,STATIC,inprocess,ac006637c5df1ce18df20c18737690cfa36aed2d3644512bb7a437f15a24fc94,5d76aa49a4eb1b8927e7855793c521d2cb30d9bd1eed58c493d1e44b30554dcd,0.054,0,31,26,0,26,5,83.87096774193549,81.81818181818181,60.0,50.0,88.46153846153847,72.22222222222223,325,12.5,0,0,0,0,4,0,0,0,0,0,5.6703,3.8971,1932,568756,34,12,120,0.5645390070921986,1,0.007583,0.026453,124,0.004,0.078,0.135,0,0.0,0.0,0,1,0,0,0,0,
K8_R1.05_T1_H1_N4_S8011_EDGE_MARKET_inprocess,8011,8,1.05,1,1,N4,0.98,3.0,,EDGE_MARKET,inprocess,74bc7862b007c1a7e17d4e7ae04f4e5501abcce21453936aeeeaa5bd616d93b9,da82ddb52cea176ce91298ecb7b9158f6e59b1e05635b8c79788112eb6feb71f,0.247,0,72,55,3,58,14,80.55555555555556,82.20338983050847,76.92307692307692,100.0,82.6086956521739,78.78787878787878,775,13.362068965517242,0,0,0,0,7,0,0,0,0,0,5.6587,3.9197,4982,1295339,104,38,2,0.008618920582803202,2,0.022456,0.171769,126,0.043000000000000003,0.088,0.16799999999999998,1079,0.434,2.9650000000000003,0,25,0,0,0,0,
K8_R1.05_T1_H1_N4_S8011_HYBRID_EAGER_inprocess,8011,8,1.05,1,1,N4,0.98,3.0,,HYBRID_EAGER,inprocess,74bc7862b007c1a7e17d4e7ae04f4e5501abcce21453936aeeeaa5bd616d93b9,7e395598965e58e126265c94e4b1507ce768c31e405709760d5e2d76b4eb0797,0.852,0,72,55,2,57,15,79.16666666666667,80.50847457627118,73.07692307692308,100.0,82.6086956521739,81.81818181818181,776,13.614035087719298,0,0,0,0,8,0,0,0,0,0,5.659,3.9197,5218,1212842,115,51,4,0.011543729211504598,2,0.686526,0.111788,106,0.083,23.504,25.205000000000002,357,0.42000000000000004,2.5709999999999997,0,18,0,0,0,0,
K16_R0.90_T1_H1_N4_S8010_CENTRAL_FOG_inprocess,8010,16,0.9,1,1,N4,0.98,3.0,,CENTRAL_FOG,inprocess,cb218bdadb269874905418849c547877f28b17fa3f9e50dd5b94186b19cbee0a,dc94f8b38e646e27535877ea87a56c7a4ecd0bd7be4df8baa5a73ccc5369690f,3.733,0,123,106,3,109,14,88.6178861788618,91.57894736842105,93.75,100.0,86.81318681318682,87.93103448275862,1547,14.192660550458715,0,0,0,0,12,0,0,0,0,0,7.5086,3.8768,12631,2598799,253,134,17,0.025427833387148855,0,3.428176,0.14820800000000003,160,22.72,38.839999999999996,50.965999999999994,0,0.0,0.0,0,0,0,0,0,0,
K4_R0.90_T1_H1_N4_S8011_PERIODIC_inprocess,8011,4,0.9,1,1,N4,0.98,3.0,,PERIODIC,inprocess,ac006637c5df1ce18df20c18737690cfa36aed2d3644512bb7a437f15a24fc94,28ccff9755f5f5da3235fd31a90d24bf0f12aa9e1d9e27f95ecfa57c30e2b4d3,0.1,0,31,27,0,27,4,87.09677419354838,88.63636363636364,80.0,100.0,88.46153846153847,94.44444444444444,375,13.88888888888889,0,0,0,0,4,0,0,0,0,0,5.6497,3.8971,2135,592775,39,18,120,0.5718711276332095,2,0.052325,0.027323,23,0.259,6.698,7.258,0,0.0,0.0,0,1,0,0,0,0,
K4_R0.90_T1_H1_N4_S8011_CENTRAL_inprocess,8011,4,0.9,1,1,N4,0.98,3.0,,CENTRAL,inprocess,ac006637c5df1ce18df20c18737690cfa36aed2d3644512bb7a437f15a24fc94,e47743a5d803fd1935ccb3608244166fd48171408d4a5bf55d82c210cac58b7e,0.163,0,31,28,0,28,3,90.3225806451613,90.9090909090909,100.0,100.0,88.46153846153847,88.88888888888889,333,11.892857142857142,0,0,0,0,4,0,0,0,0,0,5.6694,3.8971,2169,607522,28,12,120,0.7524154589371981,2,0.114632,0.02778,36,1.2329999999999999,7.405,8.522,0,0.0,0.0,0,1,0,0,0,0,
K4_R0.90_T1_H1_N4_S8011_CENTRAL_FB_inprocess,8011,4,0.9,1,1,N4,0.98,3.0,,CENTRAL_FB,inprocess,ac006637c5df1ce18df20c18737690cfa36aed2d3644512bb7a437f15a24fc94,2c9f2c9ba3b4681a0003885d250c4bd8350eac0d944706b2cd8d06e124740a49,0.173,0,31,27,0,27,4,87.09677419354838,88.63636363636364,100.0,100.0,84.61538461538461,83.33333333333333,356,13.185185185185185,0,0,0,0,4,0,0,0,0,0,5.642,3.8971,2226,602430,32,10,120,0.7091121495327103,1,0.122694,0.029098000000000002,45,0.662,7.377,10.235,11,0.096,0.096,0,1,0,0,0,0,
K4_R0.90_T1_H1_N4_S8011_EDGE_MARKET_inprocess,8011,4,0.9,1,1,N4,0.98,3.0,,EDGE_MARKET,inprocess,ac006637c5df1ce18df20c18737690cfa36aed2d3644512bb7a437f15a24fc94,02a39db2d2caaf0a2d31654d75f3571b096c460822ce2afa819e5b567dd806a7,0.099,0,31,28,0,28,3,90.3225806451613,93.18181818181819,100.0,100.0,88.46153846153847,94.44444444444444,340,12.142857142857142,0,0,0,0,4,0,0,0,0,0,5.6703,3.8971,2154,621021,50,23,2,0.007149666348903718,1,0.010048,0.066279,84,0.023,0.031,0.043000000000000003,267,0.45899999999999996,2.996,0,7,0,0,0,0,
K4_R0.90_T1_H1_N4_S8011_HYBRID_inprocess,8011,4,0.9,1,1,N4,0.98,3.0,,HYBRID,inprocess,ac006637c5df1ce18df20c18737690cfa36aed2d3644512bb7a437f15a24fc94,d305091a6f6aa1660db84950e656987d648b04364ee05c9ee69a797040a1abc4,0.186,0,31,26,0,26,5,83.87096774193549,81.81818181818181,100.0,100.0,80.76923076923077,77.77777777777777,329,12.653846153846153,0,0,0,0,3,0,0,0,0,0,5.5964,3.8971,2346,635579,43,15,2,0.0078294910830796,1,0.122624,0.040842,87,0.043000000000000003,6.930000000000001,9.438,141,0.39,2.7529999999999997,0,9,0,0,0,0,
K4_R0.90_T1_H1_N4_S8011_HYBRID_EAGER_inprocess,8011,4,0.9,1,1,N4,0.98,3.0,,HYBRID_EAGER,inprocess,ac006637c5df1ce18df20c18737690cfa36aed2d3644512bb7a437f15a24fc94,2208b788525f90dc1dbc889c886134bf0ee6627f8a1bf99a90f9d8dc067b7130,0.193,0,31,26,0,26,5,83.87096774193549,81.81818181818181,100.0,100.0,80.76923076923077,77.77777777777777,329,12.653846153846153,0,0,0,0,3,0,0,0,0,0,5.5964,3.8971,2346,635579,43,15,2,0.0078294910830796,1,0.125945,0.04456600000000001,87,0.044,7.401,9.25,145,0.42700000000000005,3.085,0,9,0,0,0,0,
K4_R0.90_T1_H1_N4_S8011_CENTRAL_FOG_inprocess,8011,4,0.9,1,1,N4,0.98,3.0,,CENTRAL_FOG,inprocess,ac006637c5df1ce18df20c18737690cfa36aed2d3644512bb7a437f15a24fc94,3156dc392cd5cf979350d25af69dbc4d41a8cf44cdbf4fc3a639d4d5b188f4cc,0.274,0,31,28,0,28,3,90.3225806451613,93.18181818181819,100.0,100.0,88.46153846153847,94.44444444444444,337,12.035714285714286,0,0,0,0,3,0,0,0,0,0,5.6952,3.8971,2480,635644,52,22,2,0.009484536082474227,1,0.219609,0.030787,71,2.2439999999999998,7.1240000000000006,8.798,0,0.0,0.0,0,0,0,0,0,0,
K8_R1.05_T1_H1_N4_S8011_CENTRAL_FOG_inprocess,8011,8,1.05,1,1,N4,0.98,3.0,,CENTRAL_FOG,inprocess,74bc7862b007c1a7e17d4e7ae04f4e5501abcce21453936aeeeaa5bd616d93b9,2b05ac1c1f616c0e9c40cd36da1fba20774ff7cb4bb69fa2857bfc38b0fd6f6c,1.426,0,72,52,2,54,18,75.0,77.96610169491525,84.61538461538461,80.0,69.56521739130434,75.75757575757575,849,15.722222222222221,0,0,0,0,8,0,0,0,0,0,5.6416,3.9197,6101,1250047,139,50,4,0.02266666666666667,2,1.302876,0.066731,131,9.100999999999999,22.427,25.71,0,0.0,0.0,0,1,0,0,0,0,
K16_R0.90_T1_H1_N4_S8011_STATIC_inprocess,8011,16,0.9,1,1,N4,0.98,3.0,,STATIC,inprocess,ca1a2759f63232223d7f5b0f41e9b8ae71269bdeb5f7a9d8df5c3a81eef66ea3,eca1ab198bbb3a8c66cb5d99632f180a41548b9499ff223e3ed738d9f3bf8a36,0.284,0,123,103,5,108,15,87.8048780487805,82.44680851063829,60.0,41.666666666666664,94.89795918367346,87.71929824561404,1551,14.36111111111111,0,0,0,0,13,0,0,0,0,0,5.6436,3.8571,7719,2167543,110,65,118,0.5437411095305832,2,0.032234,0.121875,94,0.007,0.434,1.9629999999999999,0,0.0,0.0,0,4,0,0,0,0,
K16_R0.90_T1_H1_N4_S8011_PERIODIC_inprocess,8011,16,0.9,1,1,N4,0.98,3.0,,PERIODIC,inprocess,ca1a2759f63232223d7f5b0f41e9b8ae71269bdeb5f7a9d8df5c3a81eef66ea3,61be3899db82e5ec286dc7c5d1be87421b33fce22dadb18ffffa220441afc99e,0.619,0,123,104,4,108,15,87.8048780487805,85.1063829787234,76.0,50.0,90.81632653061224,85.96491228070175,1583,14.657407407407407,0,0,0,0,11,0,0,0,0,0,5.6354,3.8571,8139,2191431,143,58,118,0.5055601659751038,4,0.365455,0.12153699999999999,23,1.771,51.689,57.175,0,0.0,0.0,0,1,0,0,0,0,
K16_R0.90_T1_H1_N4_S8011_EDGE_MARKET_inprocess,8011,16,0.9,1,1,N4,0.98,3.0,,EDGE_MARKET,inprocess,ca1a2759f63232223d7f5b0f41e9b8ae71269bdeb5f7a9d8df5c3a81eef66ea3,43bbc34bd5954432787cb27d37f2a2418b850464567ba29986e47a5c7f36749e,0.506,0,123,105,5,110,13,89.4308943089431,90.42553191489361,88.0,91.66666666666667,89.79591836734694,98.24561403508773,1605,14.590909090909092,0,0,0,0,14,0,0,0,0,0,5.6413,3.8571,9558,2521547,172,98,5,0.009402713965167219,2,0.041365,0.32349999999999995,121,0.08,0.222,0.29300000000000004,1869,0.433,2.9450000000000003,0,26,0,0,0,0,
K8_R0.75_T1_H1_N4_S8012_STATIC_inprocess,8012,8,0.75,1,1,N4,0.98,3.0,,STATIC,inprocess,63edf2e716563d55f33e77b26b0d743a464e57be7906383f5f525b369f11accd,4a1430a27cb4303abf5b372b61239bcd117bf91c1df4d916b6fefa814f6dde0e,0.102,0,51,45,0,45,6,88.23529411764706,81.92771084337349,68.75,33.333333333333336,97.14285714285714,96.0,675,15.0,0,0,0,0,6,0,0,0,0,0,5.6714,3.8705,3842,1074063,57,36,119,0.4298181818181818,2,0.013118,0.050881,66,0.005,0.19799999999999998,0.541,0,0.0,0.0,0,1,0,0,0,0,
K16_R0.90_T1_H1_N4_S8011_CENTRAL_inprocess,8011,16,0.9,1,1,N4,0.98,3.0,,CENTRAL,inprocess,ca1a2759f63232223d7f5b0f41e9b8ae71269bdeb5f7a9d8df5c3a81eef66ea3,fad6506eda899fd09002ead4b0f8109304a052c939d9ffb14defc7d38e1d01dd,1.431,0,123,107,5,112,11,91.0569105691057,89.36170212765957,80.0,75.0,93.87755102040816,89.47368421052632,1675,14.955357142857142,0,0,0,0,14,0,0,0,0,0,5.6471,3.8571,9308,2318179,160,61,119,0.4520604967392813,4,1.166328,0.128187,66,7.7250000000000005,52.137,61.556,0,0.0,0.0,0,1,0,0,0,0,
K16_R0.90_T1_H1_N4_S8011_CENTRAL_FB_inprocess,8011,16,0.9,1,1,N4,0.98,3.0,,CENTRAL_FB,inprocess,ca1a2759f63232223d7f5b0f41e9b8ae71269bdeb5f7a9d8df5c3a81eef66ea3,79dbed5aa174b0d3442d3c3610bb671ec2338670269628f2a7a2421d61212826,1.462,0,123,105,5,110,13,89.4308943089431,88.29787234042553,80.0,75.0,91.83673469387755,91.2280701754386,1703,15.481818181818182,9,9,0,0,12,0,0,0,0,0,5.6349,3.8571,9263,2321158,145,71,119,0.4552550878171174,2,1.190978,0.13456900000000002,65,6.679,54.742,62.017,57,0.101,0.48000000000000004,0,0,0,0,0,0,
K8_R0.75_T1_H1_N4_S8012_PERIODIC_inprocess,8012,8,0.75,1,1,N4,0.98,3.0,,PERIODIC,inprocess,63edf2e716563d55f33e77b26b0d743a464e57be7906383f5f525b369f11accd,4a2413adbb1123400c7b30b75adf4e82fca646a7967837b901ee607921fa696c,0.178,0,51,47,0,47,4,92.15686274509804,87.95180722891567,75.0,66.66666666666667,100.0,100.0,684,14.553191489361701,0,0,0,0,5,0,0,0,0,0,5.7282,3.8705,4070,1105685,61,33,119,0.44563758389261743,1,0.085941,0.052330999999999996,23,0.421,12.097,14.466,0,0.0,0.0,0,0,0,0,0,0,
K16_R0.90_T1_H1_N4_S8011_HYBRID_EAGER_inprocess,8011,16,0.9,1,1,N4,0.98,3.0,,HYBRID_EAGER,inprocess,ca1a2759f63232223d7f5b0f41e9b8ae71269bdeb5f7a9d8df5c3a81eef66ea3,414f858f6bf6e87341dbb96e1462b865bfdc9e7fdd852fdb2e76bda0abd59be1,1.575,0,123,107,5,112,11,91.0569105691057,93.61702127659575,96.0,100.0,89.79591836734694,94.73684210526316,1659,14.8125,0,0,0,0,16,0,0,0,0,0,5.6638,3.8571,10308,2508129,216,104,5,0.010714285714285714,2,1.22175,0.212258,122,0.14300000000000002,49.556000000000004,64.921,786,0.383,2.5370000000000004,0,14,0,0,0,0,
K8_R0.75_T1_H1_N4_S8012_CENTRAL_inprocess,8012,8,0.75,1,1,N4,0.98,3.0,,CENTRAL,inprocess,63edf2e716563d55f33e77b26b0d743a464e57be7906383f5f525b369f11accd,61e31a7edc6a00088186a7492080989242508a74cb22c7e39bba03bd6dffa0ea,0.329,0,51,47,0,47,4,92.15686274509804,89.1566265060241,81.25,66.66666666666667,97.14285714285714,100.0,707,15.042553191489361,21,19,0,0,6,0,0,0,0,0,5.642,3.8705,4472,1086951,53,44,119,0.3537694338515694,0,0.233264,0.052577,59,1.64,13.153,21.142,0,0.0,0.0,0,0,0,0,0,0,
K16_R0.90_T1_H1_N4_S8011_HYBRID_inprocess,8011,16,0.9,1,1,N4,0.98,3.0,,HYBRID,inprocess,ca1a2759f63232223d7f5b0f41e9b8ae71269bdeb5f7a9d8df5c3a81eef66ea3,4312a23584e49b88f6786e8c3bb437347e11dba99e8ab540f720b734e875da8e,1.561,0,123,107,5,112,11,91.0569105691057,93.61702127659575,96.0,100.0,89.79591836734694,94.73684210526316,1659,14.8125,0,0,0,0,16,0,0,0,0,0,5.6638,3.8571,10308,2508132,216,104,5,0.010714285714285714,2,1.221029,0.200076,122,0.14400000000000002,46.272,66.26899999999999,767,0.38499999999999995,2.527,0,14,0,0,0,0,
K8_R0.75_T1_H1_N4_S8012_CENTRAL_FB_inprocess,8012,8,0.75,1,1,N4,0.98,3.0,,CENTRAL_FB,inprocess,63edf2e716563d55f33e77b26b0d743a464e57be7906383f5f525b369f11accd,5b8260e1adf71f417ec47583847f9cd3fef393beefdde129ac14a18844ddce36,0.336,0,51,47,0,47,4,92.15686274509804,89.1566265060241,81.25,66.66666666666667,97.14285714285714,100.0,707,15.042553191489361,21,19,0,0,6,0,0,0,0,0,5.642,3.8705,4472,1086951,53,44,119,0.3537694338515694,0,0.239262,0.053977,59,1.701,12.952,18.824,24,0.029,0.096,0,0,0,0,0,0,
K8_R0.75_T1_H1_N4_S8012_EDGE_MARKET_inprocess,8012,8,0.75,1,1,N4,0.98,3.0,,EDGE_MARKET,inprocess,63edf2e716563d55f33e77b26b0d743a464e57be7906383f5f525b369f11accd,56a03aba8a19c375bf5a515e8a28816e21f73d2e0c8933553421b80ab3be0fd4,0.154,0,51,46,0,46,5,90.19607843137256,92.7710843373494,100.0,100.0,85.71428571428571,96.0,699,15.195652173913043,0,0,0,0,5,0,0,0,0,0,5.6612,3.8705,4329,1174922,69,54,5,0.011483253588516746,0,0.018226,0.09274299999999999,74,0.04,0.049,0.128,521,0.416,2.9099999999999997,0,10,0,0,0,0,
K8_R0.75_T1_H1_N4_S8012_CENTRAL_FOG_inprocess,8012,8,0.75,1,1,N4,0.98,3.0,,CENTRAL_FOG,inprocess,63edf2e716563d55f33e77b26b0d743a464e57be7906383f5f525b369f11accd,0c58168805e7fc76684f8b958704bf337f87a5a182dfb44fbafa873501922a95,0.426,0,51,48,0,48,3,94.11764705882354,96.3855421686747,100.0,100.0,91.42857142857143,96.0,688,14.333333333333334,0,0,0,0,5,0,0,0,0,0,5.6568,3.8705,4823,1125251,78,49,7,0.018170158187259512,0,0.324155,0.056040999999999994,91,2.114,13.004999999999999,18.601,0,0.0,0.0,0,0,0,0,0,0,
K8_R0.75_T1_H1_N4_S8012_HYBRID_inprocess,8012,8,0.75,1,1,N4,0.98,3.0,,HYBRID,inprocess,63edf2e716563d55f33e77b26b0d743a464e57be7906383f5f525b369f11accd,7ba3ceab0abcd07122e43de868637f5aa0f93c0977f7325113f4686451187c6b,0.339,0,51,47,0,47,4,92.15686274509804,93.97590361445783,93.75,100.0,91.42857142857143,96.0,681,14.48936170212766,0,0,0,0,5,0,0,0,0,0,5.6639,3.8705,4637,1124988,61,49,7,0.016207815275310834,0,0.23027,0.063504,80,0.077,11.921,18.988999999999997,178,0.092,0.49700000000000005,0,3,0,0,0,0,
K8_R0.75_T1_H1_N4_S8012_HYBRID_EAGER_inprocess,8012,8,0.75,1,1,N4,0.98,3.0,,HYBRID_EAGER,inprocess,63edf2e716563d55f33e77b26b0d743a464e57be7906383f5f525b369f11accd,ddd30af0e95a10926716bb6ae3b1f01914d26e564529456dd0bf5c73a1007983,0.345,0,51,47,0,47,4,92.15686274509804,93.97590361445783,93.75,100.0,91.42857142857143,96.0,681,14.48936170212766,0,0,0,0,5,0,0,0,0,0,5.6639,3.8705,4637,1124988,61,49,7,0.016207815275310834,0,0.231484,0.068191,80,0.087,11.818,21.212000000000003,187,0.092,0.502,0,3,0,0,0,0,
K8_R1.05_T1_H1_N4_S8012_STATIC_inprocess,8012,8,1.05,1,1,N4,0.98,3.0,,STATIC,inprocess,cb1601213476de24cf116ea7d97dd1c90235608eee67fe0c2598f7cea6b40f9d,8d30cec971128194d374497d75df7cf2f3c6fd1ae5cdef5183068ad600c1c9fd,0.124,0,72,54,0,54,18,75.0,63.96396396396396,26.31578947368421,0.0,92.45283018867924,78.37837837837837,768,14.222222222222221,0,0,0,0,8,0,0,0,0,0,5.6257,3.942,3857,1123390,61,35,119,0.5117625769091567,0,0.020435,0.056701999999999995,161,0.007,0.27399999999999997,0.64,0,0.0,0.0,0,3,0,0,0,0,
K8_R1.05_T1_H1_N4_S8012_PERIODIC_inprocess,8012,8,1.05,1,1,N4,0.98,3.0,,PERIODIC,inprocess,cb1601213476de24cf116ea7d97dd1c90235608eee67fe0c2598f7cea6b40f9d,fc71086b8a237a72f23b39eed3b602fc9102fb7f1d3a316a25d604999dfd7bc8,0.332,0,72,54,1,55,17,76.38888888888889,76.57657657657657,63.1578947368421,71.42857142857143,81.13207547169812,81.08108108108108,820,14.909090909090908,0,0,0,0,8,0,0,0,0,0,5.6243,3.942,4283,1185304,54,34,117,0.4777327935222672,1,0.227104,0.05869900000000001,23,1.198,32.118,32.304,0,0.0,0.0,0,2,0,0,0,0,
K16_R0.90_T1_H1_N4_S8011_CENTRAL_FOG_inprocess,8011,16,0.9,1,1,N4,0.98,3.0,,CENTRAL_FOG,inprocess,ca1a2759f63232223d7f5b0f41e9b8ae71269bdeb5f7a9d8df5c3a81eef66ea3,f2edf3068a715f8f2dbf6477982b8bcc902418bf42c7fbf5d1e80f48c315fedb,3.136,0,123,105,4,109,14,88.6178861788618,90.95744680851064,92.0,100.0,87.75510204081633,91.2280701754386,1650,15.137614678899082,0,0,0,0,15,0,0,0,0,0,5.658,3.8571,12561,2613824,248,118,5,0.018687808429738693,2,2.834624,0.14981299999999997,156,16.743000000000002,45.384,61.415,0,0.0,0.0,0,0,0,0,0,0,
K8_R1.05_T1_H1_N4_S8012_EDGE_MARKET_inprocess,8012,8,1.05,1,1,N4,0.98,3.0,,EDGE_MARKET,inprocess,cb1601213476de24cf116ea7d97dd1c90235608eee67fe0c2598f7cea6b40f9d,0b24164ad8f1bf49292a3006fa2758d1415c3d8544b4c9770edd948319d4387c,0.371,0,72,54,0,54,18,75.0,79.27927927927928,78.94736842105263,100.0,73.58490566037736,75.67567567567568,826,15.296296296296296,0,0,0,0,7,0,0,0,0,0,5.6376,3.942,5451,1481017,117,49,6,0.020833333333333332,0,0.025433,0.290881,178,0.044,0.124,0.25999999999999995,1525,0.449,3.1380000000000003,0,48,0,0,0,0,
K4_R0.90_T1_H1_N4_S8012_STATIC_inprocess,8012,4,0.9,1,1,N4,0.98,3.0,,STATIC,inprocess,99bfdf5a160213e560e126eefa93783a34011b5db70e03485c82d93c07f97f8e,c35464998de1301401b5e2c06a1e667a6423912494ef5bf4e5690812ab0cb39c,0.053,0,31,25,1,26,5,83.87096774193549,84.0,75.0,100.0,89.47368421052632,80.0,340,13.076923076923077,0,0,0,0,4,0,0,0,0,0,5.5164,3.8549,1933,516675,24,14,93,0.4073811213626686,0,0.007562,0.025625,70,0.004,0.12300000000000001,0.14100000000000001,0,0.0,0.0,0,0,0,0,0,0,
K4_R0.90_T1_H1_N4_S8012_PERIODIC_inprocess,8012,4,0.9,1,1,N4,0.98,3.0,,PERIODIC,inprocess,99bfdf5a160213e560e126eefa93783a34011b5db70e03485c82d93c07f97f8e,183d3e83249c0eca4d66bd481f763332a4607a5717fb334113ee8647b5cb7ad2,0.087,0,31,24,1,25,6,80.64516129032258,74.0,58.333333333333336,33.333333333333336,94.73684210526316,73.33333333333333,331,13.24,0,0,0,0,3,0,0,0,0,0,5.6064,3.8549,2043,521489,34,18,120,0.3555849306014541,0,0.040313,0.025834,23,0.37,4.739,6.157,0,0.0,0.0,0,0,0,0,0,0,
K8_R1.05_T1_H1_N4_S8012_CENTRAL_inprocess,8012,8,1.05,1,1,N4,0.98,3.0,,CENTRAL,inprocess,cb1601213476de24cf116ea7d97dd1c90235608eee67fe0c2598f7cea6b40f9d,74b6ec9e85117e68aa9c14a62ad188c149c9ebf99a89ac37d8b636d5a0c3a5f5,1.465,0,72,53,1,54,18,75.0,75.67567567567568,73.6842105263158,71.42857142857143,75.47169811320755,75.67567567567568,808,14.962962962962964,0,0,0,0,7,0,0,0,0,0,5.6353,3.942,5385,1235563,92,47,123,0.623633403117004,0,1.349198,0.06319500000000002,85,12.407,33.751000000000005,38.733,0,0.0,0.0,0,1,0,0,0,0,
K8_R1.05_T1_H1_N4_S8012_CENTRAL_FB_inprocess,8012,8,1.05,1,1,N4,0.98,3.0,,CENTRAL_FB,inprocess,cb1601213476de24cf116ea7d97dd1c90235608eee67fe0c2598f7cea6b40f9d,f13e2221efdb92032ce4738509b202c81fc1797a1fcfa959bf1d5e4e8389f187,1.46,0,72,55,0,55,17,76.38888888888889,76.57657657657657,73.6842105263158,71.42857142857143,77.35849056603773,75.67567567567568,829,15.072727272727272,0,0,0,0,8,0,0,0,0,0,5.6353,3.942,5381,1248396,65,39,123,0.6127985161140738,0,1.343012,0.06476699999999999,86,11.246,33.263,37.285,26,0.087,0.116,0,0,0,0,0,0,
K4_R0.90_T1_H1_N4_S8012_CENTRAL_inprocess,8012,4,0.9,1,1,N4,0.98,3.0,,CENTRAL,inprocess,99bfdf5a160213e560e126eefa93783a34011b5db70e03485c82d93c07f97f8e,289512b814848a588fde4f364594cd48f349a7116a003a95c2310a04c223d662,0.128,0,31,24,1,25,6,80.64516129032258,84.0,83.33333333333333,100.0,78.94736842105263,86.66666666666667,341,13.64,0,0,0,0,4,0,0,0,0,0,5.6786,3.8549,2164,533102,44,17,122,0.6587155963302752,0,0.080174,0.026397999999999998,43,1.5330000000000001,4.405,5.013,0,0.0,0.0,0,0,0,0,0,0,
K4_R0.90_T1_H1_N4_S8012_CENTRAL_FB_inprocess,8012,4,0.9,1,1,N4,0.98,3.0,,CENTRAL_FB,inprocess,99bfdf5a160213e560e126eefa93783a34011b5db70e03485c82d93c07f97f8e,86c0106e9dc771480bffa70814e784e8e6cba13075f640b0f9c474de07466414,0.128,0,31,25,1,26,5,83.87096774193549,88.0,91.66666666666667,100.0,78.94736842105263,93.33333333333333,364,14.0,0,0,0,0,4,0,0,0,0,0,5.6116,3.8549,2144,532231,33,21,122,0.6604938271604939,0,0.081295,0.026328000000000004,39,1.753,4.575,4.752,9,0.091,0.091,0,0,0,0,0,0,
K8_R1.05_T1_H1_N4_S8012_HYBRID_inprocess,8012,8,1.05,1,1,N4,0.98,3.0,,HYBRID,inprocess,cb1601213476de24cf116ea7d97dd1c90235608eee67fe0c2598f7cea6b40f9d,e5da73392053e954f8f4521fb8d2d6ab694b04f9bcec806bfe5c616589a4c781,1.628,0,72,54,1,55,17,76.38888888888889,81.08108108108108,84.21052631578948,100.0,73.58490566037736,75.67567567567568,899,16.345454545454544,0,0,0,0,8,0,0,0,0,0,5.6453,3.942,6318,1457920,127,55,7,0.023886902827429314,0,1.421476,0.148535,156,0.122,32.647000000000006,39.708,719,0.458,2.7560000000000002,0,37,0,0,0,0,
K4_R0.90_T1_H1_N4_S8012_HYBRID_inprocess,8012,4,0.9,1,1,N4,0.98,3.0,,HYBRID,inprocess,99bfdf5a160213e560e126eefa93783a34011b5db70e03485c82d93c07f97f8e,ec8a56c7fff388168424a7d64b2a2c7dc637643b9e8cd6393befdb34298a479c,0.145,0,31,25,1,26,5,83.87096774193549,90.0,100.0,100.0,73.6842105263158,93.33333333333333,362,13.923076923076923,0,0,0,0,4,0,0,0,0,0,5.6444,3.8549,2285,561382,50,31,6,0.018476791347453808,0,0.082226,0.039683,87,0.023,4.209,5.3309999999999995,130,0.432,3.027,0,5,0,0,0,0,
K4_R0.90_T1_H1_N4_S8012_EDGE_MARKET_inprocess,8012,4,0.9,1,1,N4,0.98,3.0,,EDGE_MARKET,inprocess,99bfdf5a160213e560e126eefa93783a34011b5db70e03485c82d93c07f97f8e,358c700446e87d2fa040ac40ca9c18cf40c642028e09e9a62a75912780a862d8,0.101,0,31,25,1,26,5,83.87096774193549,86.0,91.66666666666667,66.66666666666667,78.94736842105263,80.0,363,13.961538461538462,0,0,0,0,4,0,0,0,0,0,5.6106,3.8549,2198,568154,41,28,5,0.010318949343339587,0,0.010033,0.068529,85,0.023,0.033,0.051,300,0.515,3.146,0,6,0,0,0,0,
K4_R0.90_T1_H1_N4_S8012_CENTRAL_FOG_inprocess,8012,4,0.9,1,1,N4,0.98,3.0,,CENTRAL_FOG,inprocess,99bfdf5a160213e560e126eefa93783a34011b5db70e03485c82d93c07f97f8e,c92b8f0552afcdfd1150290aba4abe630942d2193468c9aeb7b4b7a8561b6cfc,0.19,0,31,25,1,26,5,83.87096774193549,90.0,100.0,100.0,73.6842105263158,86.66666666666667,360,13.846153846153847,0,0,0,0,4,0,0,0,0,0,5.585,3.8549,2241,541380,44,36,3,0.011483693155718878,0,0.139824,0.027284,56,2.478,4.838,5.088,0,0.0,0.0,0,0,0,0,0,0,
K4_R0.90_T1_H1_N4_S8012_HYBRID_EAGER_inprocess,8012,4,0.9,1,1,N4,0.98,3.0,,HYBRID_EAGER,inprocess,99bfdf5a160213e560e126eefa93783a34011b5db70e03485c82d93c07f97f8e,dc5d2293007d78ff6399274933574e8505667a5f1aacc225a93cef119ebe5df7,0.147,0,31,25,1,26,5,83.87096774193549,90.0,100.0,100.0,73.6842105263158,93.33333333333333,362,13.923076923076923,0,0,0,0,4,0,0,0,0,0,5.6444,3.8549,2285,561382,50,31,6,0.018476791347453808,0,0.081577,0.041987000000000003,87,0.025,4.216,5.159999999999999,135,0.432,3.045,0,5,0,0,0,0,
K8_R1.05_T1_H1_N4_S8012_HYBRID_EAGER_inprocess,8012,8,1.05,1,1,N4,0.98,3.0,,HYBRID_EAGER,inprocess,cb1601213476de24cf116ea7d97dd1c90235608eee67fe0c2598f7cea6b40f9d,c46d75700bbaf3674260d81369621e1165d63e0187511c1c7328576f17289ef6,1.666,0,72,53,1,54,18,75.0,81.98198198198199,94.73684210526316,100.0,67.9245283018868,75.67567567567568,880,16.296296296296298,0,0,0,0,7,0,0,0,0,0,5.5964,3.942,6411,1478828,124,57,9,0.03616578652584414,0,1.471172,0.13625600000000002,141,1.8940000000000001,32.179,36.937,617,0.435,2.821,0,24,0,0,0,0,
K8_R1.05_T1_H1_N4_S8012_CENTRAL_FOG_inprocess,8012,8,1.05,1,1,N4,0.98,3.0,,CENTRAL_FOG,inprocess,cb1601213476de24cf116ea7d97dd1c90235608eee67fe0c2598f7cea6b40f9d,27f74bf64f03f2c0e44b75d4eb08f5d473b174af811da5f79cb99f829502514e,2.403,0,72,56,0,56,16,77.77777777777777,82.88288288288288,89.47368421052632,100.0,73.58490566037736,75.67567567567568,858,15.321428571428571,0,0,0,0,7,0,0,0,0,0,5.6364,3.942,6725,1399744,142,52,7,0.03319628445256586,0,2.270639,0.071981,150,12.197,32.351,40.650999999999996,0,0.0,0.0,0,0,0,0,0,0,
K16_R0.90_T1_H1_N4_S8012_STATIC_inprocess,8012,16,0.9,1,1,N4,0.98,3.0,,STATIC,inprocess,a78693167d7445776292930a97392b5b6eab73a95237edeae8b8e1d20de99fad,15a421150dae20c1d5ec098d74b8b5e77688db3b591e335ec8a66231557caeda,0.286,0,123,96,2,98,25,79.67479674796748,72.94685990338164,50.0,42.10526315789474,92.94117647058823,81.9672131147541,1619,16.520408163265305,0,0,0,0,15,0,0,0,0,0,5.6591,3.8817,7720,2184270,118,57,121,0.5422598666426384,0,0.037149,0.122218,77,0.009000000000000001,0.617,2.532,0,0.0,0.0,0,6,0,0,0,0,
K16_R0.90_T1_H1_N4_S8012_PERIODIC_inprocess,8012,16,0.9,1,1,N4,0.98,3.0,,PERIODIC,inprocess,a78693167d7445776292930a97392b5b6eab73a95237edeae8b8e1d20de99fad,13993d7e1bd9a85148da26173fa91c15836db8dea1a795f053b8be982aad5b35,0.594,0,123,97,2,99,24,80.48780487804878,75.84541062801932,60.526315789473685,42.10526315789474,89.41176470588235,80.32786885245902,1649,16.656565656565657,0,0,0,0,13,0,0,0,0,0,5.6734,3.8817,8257,2283784,137,63,118,0.43417596848325674,0,0.335835,0.128183,23,2.359,38.580999999999996,39.708,0,0.0,0.0,0,2,0,0,0,0,
K16_R0.90_T1_H1_N4_S8012_EDGE_MARKET_inprocess,8012,16,0.9,1,1,N4,0.98,3.0,,EDGE_MARKET,inprocess,a78693167d7445776292930a97392b5b6eab73a95237edeae8b8e1d20de99fad,29340d5aa39ac27ee0786e943179c7c329e7ca384946692af4b29f4d38718baf,0.658,0,123,97,2,99,24,80.48780487804878,83.09178743961353,81.57894736842105,84.21052631578948,80.0,80.32786885245902,1632,16.484848484848484,0,0,0,0,10,0,0,0,0,0,5.6564,3.8817,11116,2910769,218,107,8,0.02023655516540381,2,0.051081,0.461512,166,0.08399999999999999,0.23800000000000002,0.39,3253,0.431,3.235,0,45,0,0,0,0,
K8_R0.75_T1_H1_N4_S8013_STATIC_inprocess,8013,8,0.75,1,1,N4,0.98,3.0,,STATIC,inprocess,74c14c55627d05cb1429816f2b9ec90f12cd6bda4098e03bbeb5d24f94f1a9a3,41f2f14c72bca6b26fd0b2754161eac49b86018b5c5e19fb262b964a36588e17,0.103,0,51,43,2,45,6,88.23529411764706,82.55813953488372,78.94736842105263,50.0,93.75,87.09677419354838,771,17.133333333333333,0,0,0,0,6,0,0,0,0,0,5.6436,3.8865,3848,1050096,45,26,118,0.4793684965913168,0,0.014345,0.050164,66,0.005,0.193,0.441,0,0.0,0.0,0,1,0,0,0,0,
K8_R0.75_T1_H1_N4_S8013_PERIODIC_inprocess,8013,8,0.75,1,1,N4,0.98,3.0,,PERIODIC,inprocess,74c14c55627d05cb1429816f2b9ec90f12cd6bda4098e03bbeb5d24f94f1a9a3,520c1b6e01295b63c4ab2c781f2b3fb7b77b25e3a18fef19dffe7b26e1d4846e,0.171,0,51,45,2,47,4,92.15686274509804,88.37209302325581,84.21052631578948,62.5,96.875,90.3225806451613,609,12.957446808510639,0,0,0,0,3,0,0,0,0,0,5.6638,3.8865,4096,1071573,70,33,118,0.47119205298013245,0,0.081919,0.050011,23,0.089,11.313,13.358,0,0.0,0.0,0,1,0,0,0,0,
K8_R0.75_T1_H1_N4_S8013_CENTRAL_inprocess,8013,8,0.75,1,1,N4,0.98,3.0,,CENTRAL,inprocess,74c14c55627d05cb1429816f2b9ec90f12cd6bda4098e03bbeb5d24f94f1a9a3,8d1a54f8281c64f373bf6b45383bd738dbad3f61ba491cbd60dbce96c4171c7c,0.348,0,51,46,2,48,3,94.11764705882354,89.53488372093024,84.21052631578948,62.5,100.0,90.3225806451613,651,13.5625,0,0,0,0,4,0,0,0,0,0,5.6721,3.8865,4414,1098067,65,20,118,0.4531577372044298,0,0.253333,0.052639000000000005,54,1.052,10.681,11.601,0,0.0,0.0,0,1,0,0,0,0,
K8_R0.75_T1_H1_N4_S8013_CENTRAL_FB_inprocess,8013,8,0.75,1,1,N4,0.98,3.0,,CENTRAL_FB,inprocess,74c14c55627d05cb1429816f2b9ec90f12cd6bda4098e03bbeb5d24f94f1a9a3,dcdf2c97f92e2c5f1011362a81bdeb09a21801c5fbd89410aa6f4add16c60b0d,0.347,0,51,46,2,48,3,94.11764705882354,89.53488372093024,84.21052631578948,62.5,100.0,90.3225806451613,651,13.5625,0,0,0,0,4,0,0,0,0,0,5.6721,3.8865,4414,1099169,64,20,118,0.438192158036516,0,0.251816,0.05347300000000001,54,1.09,10.346,11.584999999999999,36,0.028,0.036000000000000004,0,0,0,0,0,0,
K16_R0.90_T1_H1_N4_S8012_CENTRAL_inprocess,8012,16,0.9,1,1,N4,0.98,3.0,,CENTRAL,inprocess,a78693167d7445776292930a97392b5b6eab73a95237edeae8b8e1d20de99fad,b8980c6137b12305747aa85815f9ddb5d919af7d1d9c5104c62596ab33ffb27f,2.501,0,123,97,1,98,25,79.67479674796748,76.81159420289855,63.1578947368421,52.63157894736842,87.05882352941177,83.60655737704919,1623,16.56122448979592,0,0,0,0,15,0,0,0,0,0,5.6509,3.8817,10141,2393632,158,90,118,0.38198175684118457,0,2.220257,0.137404,104,24.646,39.346,47.239000000000004,0,0.0,0.0,0,3,0,0,0,0,
K16_R0.90_T1_H1_N4_S8012_CENTRAL_FB_inprocess,8012,16,0.9,1,1,N4,0.98,3.0,,CENTRAL_FB,inprocess,a78693167d7445776292930a97392b5b6eab73a95237edeae8b8e1d20de99fad,9dca35252716e0956e3c48426bc03c40086762265db371237d28bca9c8f7bd23,2.507,0,123,100,1,101,22,82.11382113821138,80.19323671497584,71.05263157894737,57.89473684210526,87.05882352941177,83.60655737704919,1589,15.732673267326733,0,0,0,0,14,0,0,0,0,0,5.6509,3.8817,10149,2410131,164,103,118,0.38447135189114967,0,2.226158,0.141869,104,24.851000000000003,40.949,45.213,48,0.095,0.45399999999999996,0,4,0,0,0,0,
K8_R0.75_T1_H1_N4_S8013_CENTRAL_FOG_inprocess,8013,8,0.75,1,1,N4,0.98,3.0,,CENTRAL_FOG,inprocess,74c14c55627d05cb1429816f2b9ec90f12cd6bda4098e03bbeb5d24f94f1a9a3,76863b8bb66ad8d5acefce4f260ada1b8959eccfa99685207ac871fab066fb8b,0.433,0,51,47,3,50,1,98.03921568627452,96.51162790697674,94.73684210526316,87.5,100.0,96.7741935483871,710,14.2,0,0,0,0,4,0,0,0,0,0,5.6378,3.8865,4783,1136780,99,42,15,0.017062634989200864,1,0.333434,0.054843,88,1.858,10.014999999999999,10.928,0,0.0,0.0,0,0,0,0,0,0,
K8_R0.75_T1_H1_N4_S8013_HYBRID_inprocess,8013,8,0.75,1,1,N4,0.98,3.0,,HYBRID,inprocess,74c14c55627d05cb1429816f2b9ec90f12cd6bda4098e03bbeb5d24f94f1a9a3,57a4c8cc9e3e77b220625913f9b18f8f4727f4d8630cae384f81ef367572eff5,0.356,0,51,46,3,49,2,96.07843137254902,94.18604651162791,89.47368421052632,87.5,100.0,93.54838709677419,712,14.53061224489796,0,0,0,0,1,0,0,0,0,0,5.6816,3.8865,4605,1137117,94,34,15,0.012581442372500562,0,0.247041,0.06528199999999999,75,0.076,9.974,12.548,141,0.116,2.932,0,4,0,0,0,0,
K16_R0.90_T1_H1_N4_S8012_HYBRID_inprocess,8012,16,0.9,1,1,N4,0.98,3.0,,HYBRID,inprocess,a78693167d7445776292930a97392b5b6eab73a95237edeae8b8e1d20de99fad,95a17cd870e7176b11ee00509eb682a0414184d8c2c667f6f4e4a7db241a3dee,2.677,0,123,99,2,101,22,82.11382113821138,86.95652173913044,89.47368421052632,94.73684210526316,78.82352941176471,83.60655737704919,1707,16.900990099009903,0,0,0,0,14,0,0,0,0,0,5.6493,3.8817,11980,2794213,242,116,9,0.026927679945289794,1,2.259219,0.269306,178,0.22699999999999998,38.032000000000004,46.144999999999996,1508,0.38,2.614,0,30,0,0,0,0,
K8_R0.75_T1_H1_N4_S8013_HYBRID_EAGER_inprocess,8013,8,0.75,1,1,N4,0.98,3.0,,HYBRID_EAGER,inprocess,74c14c55627d05cb1429816f2b9ec90f12cd6bda4098e03bbeb5d24f94f1a9a3,724875e30e0e6593c942adf5ee0f52b6824f4c57fb784b5ead9ff2fbedcb7798,0.367,0,51,46,3,49,2,96.07843137254902,94.18604651162791,89.47368421052632,87.5,100.0,93.54838709677419,712,14.53061224489796,0,0,0,0,1,0,0,0,0,0,5.6816,3.8865,4605,1137117,94,34,15,0.012581442372500562,0,0.249359,0.072719,75,0.077,10.005999999999998,11.123,154,0.10900000000000001,2.799,0,4,0,0,0,0,
K16_R0.90_T1_H1_N4_S8012_HYBRID_EAGER_inprocess,8012,16,0.9,1,1,N4,0.98,3.0,,HYBRID_EAGER,inprocess,a78693167d7445776292930a97392b5b6eab73a95237edeae8b8e1d20de99fad,3d2fab08962dde8c287d6c61ed309e42552d6443f6f2b3ca3f4d3fe24b8cb375,2.693,0,123,99,2,101,22,82.11382113821138,86.95652173913044,89.47368421052632,94.73684210526316,78.82352941176471,83.60655737704919,1707,16.900990099009903,0,0,0,0,14,0,0,0,0,0,5.6493,3.8817,11980,2794213,242,116,9,0.026927679945289794,1,2.263062,0.2804029999999999,178,0.231,39.411,43.57,1528,0.384,2.633,0,30,0,0,0,0,
K8_R0.75_T1_H1_N4_S8013_EDGE_MARKET_inprocess,8013,8,0.75,1,1,N4,0.98,3.0,,EDGE_MARKET,inprocess,74c14c55627d05cb1429816f2b9ec90f12cd6bda4098e03bbeb5d24f94f1a9a3,1f5b1a17ea5767cb0c28f9295a851af998089db7c492a5282cfc322de85a0166,0.178,0,51,46,3,49,2,96.07843137254902,97.67441860465117,100.0,100.0,93.75,93.54838709677419,735,15.0,0,0,0,0,2,0,0,0,0,0,5.6278,3.8865,4269,1147639,81,40,4,0.007520621057738962,1,0.018334,0.11634999999999998,53,0.043000000000000003,0.062,0.128,423,0.49200000000000005,3.144,0,10,0,0,0,0,
K8_R1.05_T1_H1_N4_S8013_STATIC_inprocess,8013,8,1.05,1,1,N4,0.98,3.0,,STATIC,inprocess,2ebc76de0b1ba006c81ec962b80b4eecb894b0cb71f0149eee6120f8b23de7c8,c5cf51f7ab5ae269b7900799feb39ddfd53a9dca663d77f34abf29a102db68c2,0.119,0,72,54,2,56,16,77.77777777777777,68.14159292035399,38.095238095238095,16.666666666666668,94.11764705882354,84.375,837,14.946428571428571,0,0,0,0,8,0,0,0,0,0,5.6432,3.8908,3862,1078040,66,27,109,0.49892086330935254,0,0.017979,0.054526000000000005,117,0.006,0.266,0.634,0,0.0,0.0,0,0,0,0,0,0,
K8_R1.05_T1_H1_N4_S8013_PERIODIC_inprocess,8013,8,1.05,1,1,N4,0.98,3.0,,PERIODIC,inprocess,2ebc76de0b1ba006c81ec962b80b4eecb894b0cb71f0149eee6120f8b23de7c8,f1e2ac23139bed454534560207095b0d3308c44003f82d485b222d71bef9f94e,0.354,0,72,56,1,57,15,79.16666666666667,78.76106194690266,71.42857142857143,66.66666666666667,82.3529411764706,75.0,742,13.017543859649123,0,0,0,0,6,0,0,0,0,0,5.666,3.8908,4318,1094148,73,27,113,0.5206662553979026,1,0.252649,0.054558999999999996,23,1.5510000000000002,35.122,37.223,0,0.0,0.0,0,0,0,0,0,0,
K8_R1.05_T1_H1_N4_S8013_CENTRAL_inprocess,8013,8,1.05,1,1,N4,0.98,3.0,,CENTRAL,inprocess,2ebc76de0b1ba006c81ec962b80b4eecb894b0cb71f0149eee6120f8b23de7c8,36eba62f4f6b93280c3d932c1a8417e5912782140de8ffba2d0cb8d4c9c0fe23,1.149,0,72,56,1,57,15,79.16666666666667,80.53097345132744,76.19047619047619,66.66666666666667,80.3921568627451,78.125,735,12.894736842105264,0,0,0,0,7,0,0,0,0,0,5.6794,3.8908,5103,1198657,83,48,121,0.7228260869565217,0,1.035602,0.061765,67,9.564,35.846999999999994,39.716,0,0.0,0.0,0,1,0,0,0,0,
K8_R1.05_T1_H1_N4_S8013_CENTRAL_FB_inprocess,8013,8,1.05,1,1,N4,0.98,3.0,,CENTRAL_FB,inprocess,2ebc76de0b1ba006c81ec962b80b4eecb894b0cb71f0149eee6120f8b23de7c8,6ab4d9ca53655f5cf5d45f5902cb2582e6b7385fa0ce36038288771bfb7dd49e,1.132,0,72,57,1,58,14,80.55555555555556,82.30088495575221,80.95238095238095,66.66666666666667,80.3921568627451,81.25,756,13.03448275862069,0,0,0,0,7,0,0,0,0,0,5.6794,3.8908,5023,1173461,78,47,121,0.7537802419354839,1,1.019431,0.061475999999999996,65,7.926000000000001,35.812,39.231,27,0.030000000000000002,0.092,0,1,0,0,0,0,
K16_R0.90_T1_H1_N4_S8012_CENTRAL_FOG_inprocess,8012,16,0.9,1,1,N4,0.98,3.0,,CENTRAL_FOG,inprocess,a78693167d7445776292930a97392b5b6eab73a95237edeae8b8e1d20de99fad,8ffd0d7adc51a568cc7c2c9fb86557efd7bd597afc1c83c443ea80f5113a266f,4.36,0,123,97,2,99,24,80.48780487804878,83.57487922705315,86.84210526315789,84.21052631578948,77.6470588235294,80.32786885245902,1605,16.21212121212121,0,0,0,0,13,0,0,0,0,0,5.6715,3.8817,12481,2608441,251,119,9,0.02747478061182646,0,4.054896,0.15261400000000003,175,24.054,37.829,48.423,0,0.0,0.0,0,0,0,0,0,0,
K8_R1.05_T1_H1_N4_S8013_HYBRID_inprocess,8013,8,1.05,1,1,N4,0.98,3.0,,HYBRID,inprocess,2ebc76de0b1ba006c81ec962b80b4eecb894b0cb71f0149eee6120f8b23de7c8,bb742f4f6867945264af21a8259712cedc28b45fbb777880a0b6498cebecd44b,1.173,0,72,57,2,59,13,81.94444444444444,87.61061946902655,95.23809523809524,100.0,76.47058823529412,81.25,779,13.203389830508474,0,0,0,0,8,0,0,0,0,0,5.6708,3.8908,5769,1350125,107,69,15,0.015256342025900302,1,0.969166,0.14843399999999998,127,0.08399999999999999,32.84,40.599000000000004,683,0.437,3.008,0,19,0,0,0,0,
K4_R0.90_T1_H1_N4_S8013_STATIC_inprocess,8013,4,0.9,1,1,N4,0.98,3.0,,STATIC,inprocess,9dc569fafbe9b56607dce5576a23be0eb466f0074dfabaef32d035f0a9557504,70140b2a47ca70aab1ab9aae3aad1a195f21e7380e75ea9b53057b8f5df1ecc0,0.051,0,31,28,0,28,3,90.3225806451613,82.3529411764706,50.0,40.0,100.0,93.33333333333333,274,9.785714285714286,0,0,0,0,1,0,0,0,0,0,5.5911,3.97,1930,510054,30,14,118,0.5483405483405484,0,0.006427,0.024837,46,0.004,0.10900000000000001,0.148,0,0.0,0.0,0,0,0,0,0,0,
K4_R0.90_T1_H1_N4_S8013_CENTRAL_FB_inprocess,8013,4,0.9,1,1,N4,0.98,3.0,,CENTRAL_FB,inprocess,9dc569fafbe9b56607dce5576a23be0eb466f0074dfabaef32d035f0a9557504,cfb038f5df6355506f4595af5384417144e7024d5a191892f16c43e13986fa70,0.087,0,31,25,0,25,6,80.64516129032258,74.50980392156863,66.66666666666667,60.0,84.0,80.0,288,11.52,0,0,0,0,0,0,0,0,0,0,5.5289,3.97,2078,494283,40,11,120,0.7922926192031352,0,0.042457,0.024240000000000005,32,0.048,5.1659999999999995,8.397,15,0.026,0.029,0,1,0,0,0,0,
K4_R0.90_T1_H1_N4_S8013_PERIODIC_inprocess,8013,4,0.9,1,1,N4,0.98,3.0,,PERIODIC,inprocess,9dc569fafbe9b56607dce5576a23be0eb466f0074dfabaef32d035f0a9557504,ae3f6f3afcc18e0e60fc93040ff51ffc2826ba935f0aabba43f4998c9dee8a6f,0.087,0,31,26,0,26,5,83.87096774193549,78.43137254901961,50.0,40.0,92.0,93.33333333333333,281,10.807692307692308,0,0,0,0,1,0,0,0,0,0,5.5933,3.97,2058,539601,39,18,109,0.44884488448844884,1,0.042118,0.025220000000000003,23,0.049,5.723,7.832999999999999,0,0.0,0.0,0,1,0,0,0,0,
K4_R0.90_T1_H1_N4_S8013_CENTRAL_inprocess,8013,4,0.9,1,1,N4,0.98,3.0,,CENTRAL,inprocess,9dc569fafbe9b56607dce5576a23be0eb466f0074dfabaef32d035f0a9557504,444062bb0447ea26469e5e323a3faa407ae707e2ca9c42f6ab3590e24b082704,0.086,0,31,25,0,25,6,80.64516129032258,74.50980392156863,66.66666666666667,60.0,84.0,80.0,288,11.52,0,0,0,0,0,0,0,0,0,0,5.5289,3.97,2078,494370,40,11,120,0.7922926192031352,0,0.042394,0.023667999999999998,32,0.047,5.191999999999999,9.15,0,0.0,0.0,0,1,0,0,0,0,
K8_R1.05_T1_H1_N4_S8013_EDGE_MARKET_inprocess,8013,8,1.05,1,1,N4,0.98,3.0,,EDGE_MARKET,inprocess,2ebc76de0b1ba006c81ec962b80b4eecb894b0cb71f0149eee6120f8b23de7c8,0b68f806902077a1acac2e7386d41221c1d0f520a9953e1485ff7bc2d4996453,0.314,0,72,56,2,58,14,80.55555555555556,86.72566371681415,100.0,100.0,72.54901960784314,84.375,822,14.172413793103448,0,0,0,0,7,0,0,0,0,0,5.6454,3.8908,5321,1396165,95,57,7,0.015817901234567902,0,0.024294,0.234999,150,0.044,0.122,0.187,1409,0.46,3.0469999999999997,0,31,0,0,0,0,
K8_R1.05_T1_H1_N4_S8013_HYBRID_EAGER_inprocess,8013,8,1.05,1,1,N4,0.98,3.0,,HYBRID_EAGER,inprocess,2ebc76de0b1ba006c81ec962b80b4eecb894b0cb71f0149eee6120f8b23de7c8,19cd164ca30eee7a691d432ee17acb75f569a79ccf7745a56258e9b342b03875,1.181,0,72,57,2,59,13,81.94444444444444,87.61061946902655,95.23809523809524,100.0,76.47058823529412,81.25,779,13.203389830508474,0,0,0,0,8,0,0,0,0,0,5.6708,3.8908,5769,1350125,107,69,15,0.015256342025900302,1,0.974293,0.15023799999999998,127,0.079,32.307,41.54,692,0.432,3.1189999999999998,0,19,0,0,0,0,
K4_R0.90_T1_H1_N4_S8013_EDGE_MARKET_inprocess,8013,4,0.9,1,1,N4,0.98,3.0,,EDGE_MARKET,inprocess,9dc569fafbe9b56607dce5576a23be0eb466f0074dfabaef32d035f0a9557504,a73dcadb8fb090e01e519d9ee15200c45a36bc8fe574dd282bc43d6565d5f6a6,0.072,0,31,26,0,26,5,83.87096774193549,82.3529411764706,66.66666666666667,60.0,88.0,93.33333333333333,286,11.0,0,0,0,0,2,0,0,0,0,0,5.6471,3.97,2033,530064,42,13,1,0.004594180704441042,0,0.008519,0.042456,35,0.022,0.027,0.030000000000000002,154,0.42700000000000005,2.787,0,3,0,0,0,0,
K4_R0.90_T1_H1_N4_S8013_HYBRID_inprocess,8013,4,0.9,1,1,N4,0.98,3.0,,HYBRID,inprocess,9dc569fafbe9b56607dce5576a23be0eb466f0074dfabaef32d035f0a9557504,b8e6bc1c7794719ed960b2083691e49bc33e02284a7f38dba151fd7e2d8134bd,0.099,0,31,28,0,28,3,90.3225806451613,88.23529411764706,83.33333333333333,80.0,92.0,100.0,330,11.785714285714286,0,0,0,0,3,0,0,0,0,0,5.6241,3.97,2220,565992,52,24,15,0.016347501167678656,0,0.046554,0.030834,54,0.045000000000000005,4.373,7.802,85,0.087,0.75,0,7,0,0,0,0,
K4_R0.90_T1_H1_N4_S8013_HYBRID_EAGER_inprocess,8013,4,0.9,1,1,N4,0.98,3.0,,HYBRID_EAGER,inprocess,9dc569fafbe9b56607dce5576a23be0eb466f0074dfabaef32d035f0a9557504,41e6cc5830f0fd9b20be74f3a72bd87dda3dddba854e3a2de244cd89de87d992,0.102,0,31,28,0,28,3,90.3225806451613,88.23529411764706,83.33333333333333,80.0,92.0,100.0,330,11.785714285714286,0,0,0,0,3,0,0,0,0,0,5.6241,3.97,2220,565992,52,24,15,0.016347501167678656,0,0.046991,0.033143,54,0.046,4.221,7.586,90,0.089,0.784,0,7,0,0,0,0,
K4_R0.90_T1_H1_N4_S8013_CENTRAL_FOG_inprocess,8013,4,0.9,1,1,N4,0.98,3.0,,CENTRAL_FOG,inprocess,9dc569fafbe9b56607dce5576a23be0eb466f0074dfabaef32d035f0a9557504,40f06c3e514c0dd375f841e9dc454d2d98703c006bb21da947d153846da238a2,0.136,0,31,29,0,29,2,93.54838709677419,88.23529411764706,66.66666666666667,60.0,100.0,93.33333333333333,326,11.241379310344827,0,0,0,0,3,0,0,0,0,0,5.6498,3.97,2309,547249,60,28,15,0.014824797843665768,0,0.085804,0.02739,59,0.9079999999999999,4.148,8.26,0,0.0,0.0,0,0,0,0,0,0,
K16_R0.90_T1_H1_N4_S8013_STATIC_inprocess,8013,16,0.9,1,1,N4,0.98,3.0,,STATIC,inprocess,e38a26f1ce5308288ff69a95289f3fdc831fbd926e6513a08f8897671a233e69,fcf0eea12b046837de50223e33b8665c3fa1d1503d8bbaeaaea6adb3ea96b7b1,0.279,0,123,100,2,102,21,82.92682926829268,76.6497461928934,52.77777777777778,42.857142857142854,95.40229885057471,80.70175438596492,1640,16.07843137254902,2,2,0,0,15,0,0,0,0,0,5.6814,3.8683,7712,2089775,108,52,120,0.5323043790380474,0,0.03612,0.114025,74,0.009000000000000001,0.687,2.6740000000000004,0,0.0,0.0,0,3,0,0,0,0,
K8_R1.05_T1_H1_N4_S8013_CENTRAL_FOG_inprocess,8013,8,1.05,1,1,N4,0.98,3.0,,CENTRAL_FOG,inprocess,2ebc76de0b1ba006c81ec962b80b4eecb894b0cb71f0149eee6120f8b23de7c8,3bebc2287ddfff20b78236540e94a93cf6186698a097258689cf82826839e168,2.358,0,72,56,1,57,15,79.16666666666667,84.070796460177,90.47619047619048,83.33333333333333,74.50980392156863,81.25,794,13.929824561403509,0,0,0,0,7,0,0,0,0,0,5.6555,3.8908,6618,1342426,131,71,16,0.025404157043879907,0,2.225538,0.07145800000000001,132,16.006,33.868,44.992999999999995,0,0.0,0.0,0,0,0,0,0,0,
K16_R0.90_T1_H1_N4_S8013_PERIODIC_inprocess,8013,16,0.9,1,1,N4,0.98,3.0,,PERIODIC,inprocess,e38a26f1ce5308288ff69a95289f3fdc831fbd926e6513a08f8897671a233e69,d7602bb7834ed70bc562d1e33cf74d5007ce39586c6f80ac766f0ed9afa297d4,0.561,0,123,105,2,107,16,86.99186991869918,82.74111675126903,69.44444444444444,50.0,94.25287356321839,84.21052631578948,1556,14.542056074766355,0,0,0,0,13,0,0,0,0,0,5.6446,3.8683,8153,2148840,134,68,117,0.5109294176539296,2,0.312453,0.11878500000000002,23,2.145,37.808,39.885999999999996,0,0.0,0.0,0,2,0,0,0,0,
K16_R0.90_T1_H1_N4_S8013_EDGE_MARKET_inprocess,8013,16,0.9,1,1,N4,0.98,3.0,,EDGE_MARKET,inprocess,e38a26f1ce5308288ff69a95289f3fdc831fbd926e6513a08f8897671a233e69,c66e1c29ad92b58b46ad167e2bdd3b9021117f56bc0ed64c494433bd1ffb2f80,0.574,0,123,105,2,107,16,86.99186991869918,88.83248730964468,86.11111111111111,92.85714285714286,87.35632183908046,91.2280701754386,1695,15.841121495327103,0,0,0,0,15,0,0,0,0,0,5.6525,3.8627,10113,2583551,207,100,14,0.01639845182318191,0,0.044652,0.3858750000000001,149,0.081,0.179,0.27999999999999997,2248,0.429,2.957,0,31,0,0,0,0,
K8_R0.75_T1_H1_N4_S8014_STATIC_inprocess,8014,8,0.75,1,1,N4,0.98,3.0,,STATIC,inprocess,f06e40a05921c1a9b158077418fb928924fd798397e6eef1f715e70c2fb4e9cb,fb4d24ae730130f3b1a14b2589d945698daa15c8c66255556790c9d148810fdf,0.102,0,51,42,1,43,8,84.31372549019608,76.13636363636364,58.8235294117647,40.0,97.05882352941177,91.66666666666667,690,16.046511627906977,0,0,0,0,4,0,0,0,0,0,5.6201,3.8968,3840,1045033,72,30,115,0.41148843930635837,0,0.013582,0.04976,115,0.004,0.112,0.6589999999999999,0,0.0,0.0,0,1,0,0,0,0,
K8_R0.75_T1_H1_N4_S8014_PERIODIC_inprocess,8014,8,0.75,1,1,N4,0.98,3.0,,PERIODIC,inprocess,f06e40a05921c1a9b158077418fb928924fd798397e6eef1f715e70c2fb4e9cb,d25cc4451947e39d1a09a57f5645d4d42b618fa8af2aec18fb85b0399304d00f,0.158,0,51,43,0,43,8,84.31372549019608,79.54545454545455,70.58823529411765,60.0,91.17647058823529,83.33333333333333,784,18.232558139534884,0,0,0,0,4,0,0,0,0,0,5.6345,3.8968,4080,1060373,70,30,119,0.4240212342402123,0,0.068218,0.049758000000000004,23,0.079,7.635000000000001,14.047,0,0.0,0.0,0,2,0,0,0,0,
K16_R0.90_T1_H1_N4_S8013_CENTRAL_FB_inprocess,8013,16,0.9,1,1,N4,0.98,3.0,,CENTRAL_FB,inprocess,e38a26f1ce5308288ff69a95289f3fdc831fbd926e6513a08f8897671a233e69,5f97953705f607e0e342afdafab0810c8883ef046e68323fcdf8898de972ac14,1.695,0,123,106,2,108,15,87.8048780487805,85.78680203045685,77.77777777777777,71.42857142857143,91.95402298850574,91.2280701754386,1554,14.38888888888889,0,0,0,0,15,0,0,0,0,0,5.7124,3.8683,9478,2269482,147,69,118,0.41519434628975266,0,1.426197,0.130876,87,9.385,41.334999999999994,47.656,50,0.08600000000000001,0.092,0,1,0,0,0,0,
K16_R0.90_T1_H1_N4_S8013_CENTRAL_inprocess,8013,16,0.9,1,1,N4,0.98,3.0,,CENTRAL,inprocess,e38a26f1ce5308288ff69a95289f3fdc831fbd926e6513a08f8897671a233e69,04cf87e28d0334b4b9dd65aef24098c233adf69bf259c84b5d332efad1416e1f,1.719,0,123,101,2,103,20,83.73983739837398,78.68020304568527,61.111111111111114,50.0,93.10344827586206,80.70175438596492,1533,14.883495145631068,0,0,0,0,15,0,0,0,0,0,5.6611,3.8683,9406,2257925,165,68,118,0.42180616740088106,0,1.453501,0.127768,86,11.391,42.641999999999996,47.004999999999995,0,0.0,0.0,0,1,0,0,0,0,
K8_R0.75_T1_H1_N4_S8014_CENTRAL_inprocess,8014,8,0.75,1,1,N4,0.98,3.0,,CENTRAL,inprocess,f06e40a05921c1a9b158077418fb928924fd798397e6eef1f715e70c2fb4e9cb,ddc797731c51076d1d7052d55d7005876f859bdf0ea99c8900627c1497fb213c,0.257,0,51,45,0,45,6,88.23529411764706,82.95454545454545,70.58823529411765,60.0,97.05882352941177,87.5,738,16.4,0,0,0,0,4,0,0,0,0,0,5.6391,3.8968,4309,1099479,79,48,115,0.37850323375423467,0,0.163158,0.052206,50,1.038,10.565,13.483,0,0.0,0.0,0,1,0,0,0,0,
K8_R0.75_T1_H1_N4_S8014_CENTRAL_FB_inprocess,8014,8,0.75,1,1,N4,0.98,3.0,,CENTRAL_FB,inprocess,f06e40a05921c1a9b158077418fb928924fd798397e6eef1f715e70c2fb4e9cb,784de281b6e323771889b656a51a6d4bf54af26718f5ee01f3eb688d2ffb0b56,0.257,0,51,45,0,45,6,88.23529411764706,82.95454545454545,70.58823529411765,60.0,97.05882352941177,87.5,749,16.644444444444446,0,0,0,0,4,0,0,0,0,0,5.6391,3.8968,4295,1099621,74,33,115,0.3626509755342211,0,0.160728,0.0544,49,1.0579999999999998,10.383,12.91,32,0.036000000000000004,0.437,0,0,0,0,0,0,
K16_R0.90_T1_H1_N4_S8013_HYBRID_inprocess,8013,16,0.9,1,1,N4,0.98,3.0,,HYBRID,inprocess,e38a26f1ce5308288ff69a95289f3fdc831fbd926e6513a08f8897671a233e69,fe274bac0d146e7c92c0d068714450043da6c16d5ae7dfa954840e8967541269,1.777,0,123,104,2,106,17,86.17886178861788,88.83248730964468,88.88888888888889,92.85714285714286,85.05747126436782,85.96491228070175,1542,14.547169811320755,0,0,0,0,14,0,0,0,0,0,5.6373,3.8683,10642,2530040,240,106,15,0.020372694795790288,1,1.401688,0.231251,153,0.14100000000000001,39.269,48.453,1140,0.406,2.676,0,20,0,0,0,0,
K8_R0.75_T1_H1_N4_S8014_CENTRAL_FOG_inprocess,8014,8,0.75,1,1,N4,0.98,3.0,,CENTRAL_FOG,inprocess,f06e40a05921c1a9b158077418fb928924fd798397e6eef1f715e70c2fb4e9cb,074a69f1aef05a7fe0f80b1b9cc59317305e51f6e8847d3e75bdc504cfc9ae35,0.37,0,51,47,0,47,4,92.15686274509804,92.04545454545455,88.23529411764706,90.0,94.11764705882354,91.66666666666667,785,16.70212765957447,0,0,0,0,4,0,0,0,0,0,5.6349,3.8968,4982,1184335,107,39,6,0.012210264900662252,1,0.267131,0.05723,100,1.971,8.027,12.706999999999999,0,0.0,0.0,0,1,0,0,0,0,
K8_R0.75_T1_H1_N4_S8014_HYBRID_inprocess,8014,8,0.75,1,1,N4,0.98,3.0,,HYBRID,inprocess,f06e40a05921c1a9b158077418fb928924fd798397e6eef1f715e70c2fb4e9cb,2053ab8db778a3d77346b2a94dd0fcf4922b950843e7d71601af31679d47e0c9,0.267,0,51,47,0,47,4,92.15686274509804,92.04545454545455,88.23529411764706,90.0,94.11764705882354,87.5,838,17.829787234042552,0,0,0,0,5,0,0,0,0,0,5.6065,3.8968,4520,1161904,88,39,7,0.011423349326022389,0,0.157792,0.06388100000000001,79,0.07100000000000001,9.247,12.536999999999999,160,0.087,0.41800000000000004,0,4,0,0,0,0,
K8_R0.75_T1_H1_N4_S8014_EDGE_MARKET_inprocess,8014,8,0.75,1,1,N4,0.98,3.0,,EDGE_MARKET,inprocess,f06e40a05921c1a9b158077418fb928924fd798397e6eef1f715e70c2fb4e9cb,6b84450cc4db447458875a8baf3f53d09cb862dd5f61c932c870fefb1f77a2eb,0.156,0,51,46,1,47,4,92.15686274509804,92.04545454545455,94.11764705882354,90.0,91.17647058823529,95.83333333333333,669,14.23404255319149,0,0,0,0,4,0,0,0,0,0,5.6741,3.8968,4310,1123541,101,33,9,0.01131167268351384,1,0.017503,0.09520200000000001,72,0.039,0.055,0.087,514,0.402,2.842,0,13,0,0,0,0,
K8_R0.75_T1_H1_N4_S8014_HYBRID_EAGER_inprocess,8014,8,0.75,1,1,N4,0.98,3.0,,HYBRID_EAGER,inprocess,f06e40a05921c1a9b158077418fb928924fd798397e6eef1f715e70c2fb4e9cb,b333c9e7f2c5e38083beee32bcf44c188b3d739f1f24407064f9e41607ed88b1,0.27,0,51,47,0,47,4,92.15686274509804,92.04545454545455,88.23529411764706,90.0,94.11764705882354,87.5,838,17.829787234042552,0,0,0,0,5,0,0,0,0,0,5.6065,3.8968,4520,1161904,88,39,7,0.011423349326022389,0,0.15841,0.067592,79,0.073,8.914,12.846,168,0.089,0.421,0,4,0,0,0,0,
K16_R0.90_T1_H1_N4_S8013_HYBRID_EAGER_inprocess,8013,16,0.9,1,1,N4,0.98,3.0,,HYBRID_EAGER,inprocess,e38a26f1ce5308288ff69a95289f3fdc831fbd926e6513a08f8897671a233e69,ef8b626711b28950fd91b671dc677709ac66f16f85cf033e309bc36831026f76,1.967,0,123,103,2,105,18,85.36585365853658,86.29441624365482,83.33333333333333,85.71428571428571,86.20689655172414,89.47368421052632,1570,14.952380952380953,0,0,0,0,14,0,0,0,0,0,5.668,3.8683,10849,2525013,201,105,15,0.020028341993386867,3,1.561603,0.257848,157,0.149,40.489999999999995,49.177,1116,0.419,2.821,0,21,0,0,0,0,
K8_R1.05_T1_H1_N4_S8014_STATIC_inprocess,8014,8,1.05,1,1,N4,0.98,3.0,,STATIC,inprocess,1998449188ab07fbe7bb20a8c5d8d17ca2499c9a114cd35a3f5b4ce1e05ff4d7,d3bad651e4437beca4cb16a09a07c9a84b5204290f194cfe8d73e0a4712c0132,0.113,0,72,55,3,58,14,80.55555555555556,71.7948717948718,33.333333333333336,22.22222222222222,96.29629629629629,73.6842105263158,817,14.086206896551724,0,0,0,0,7,0,0,0,0,0,5.6442,3.8828,3865,1069842,61,31,116,0.5992162451015319,0,0.015065,0.053007,88,0.006,0.263,0.718,0,0.0,0.0,0,1,0,0,0,0,
K8_R1.05_T1_H1_N4_S8014_PERIODIC_inprocess,8014,8,1.05,1,1,N4,0.98,3.0,,PERIODIC,inprocess,1998449188ab07fbe7bb20a8c5d8d17ca2499c9a114cd35a3f5b4ce1e05ff4d7,72249a1ad3986fcaf9a099fe69210e150fa5252703e5c6fb889fe89e0266ce4f,0.291,0,72,56,3,59,13,81.94444444444444,76.92307692307692,55.55555555555556,33.333333333333336,90.74074074074075,78.94736842105263,846,14.338983050847459,0,0,0,0,7,0,0,0,0,0,5.6549,3.8828,4213,1106745,64,48,112,0.5675846786957898,0,0.188959,0.055521999999999995,23,0.934,27.948,31.485,0,0.0,0.0,0,0,0,0,0,0,
K16_R0.90_T1_H1_N4_S8013_CENTRAL_FOG_inprocess,8013,16,0.9,1,1,N4,0.98,3.0,,CENTRAL_FOG,inprocess,e38a26f1ce5308288ff69a95289f3fdc831fbd926e6513a08f8897671a233e69,f6dd5e1a67b82228d01ca7b0b4513783018d00499b0bea9c0e5c3d117a482ebb,3.324,0,123,103,2,105,18,85.36585365853658,86.80203045685279,86.11111111111111,85.71428571428571,85.05747126436782,87.71929824561404,1631,15.533333333333333,0,0,0,0,13,0,0,0,0,0,5.6655,3.8683,12040,2504573,250,110,15,0.02533151989119347,1,3.022951,0.14823299999999998,161,18.068,38.827,48.705999999999996,0,0.0,0.0,0,0,0,0,0,0,
K8_R1.05_T1_H1_N4_S8014_CENTRAL_inprocess,8014,8,1.05,1,1,N4,0.98,3.0,,CENTRAL,inprocess,1998449188ab07fbe7bb20a8c5d8d17ca2499c9a114cd35a3f5b4ce1e05ff4d7,6c096af00476adde6fc77028a640632b8f253f5003d6739aa4715927c2cb30ac,0.819,0,72,56,3,59,13,81.94444444444444,76.92307692307692,55.55555555555556,44.44444444444444,90.74074074074075,78.94736842105263,813,13.779661016949152,0,0,0,0,7,0,0,0,0,0,5.645,3.8828,4713,1166623,64,42,112,0.45409970035412695,0,0.708996,0.059482999999999994,61,4.8260000000000005,30.900000000000002,35.625,0,0.0,0.0,0,0,0,0,0,0,
K8_R1.05_T1_H1_N4_S8014_CENTRAL_FB_inprocess,8014,8,1.05,1,1,N4,0.98,3.0,,CENTRAL_FB,inprocess,1998449188ab07fbe7bb20a8c5d8d17ca2499c9a114cd35a3f5b4ce1e05ff4d7,c4a1543f35f8390eb4d610569e2c742458b6e798bd03c75c0b255bc10085f255,0.806,0,72,55,3,58,14,80.55555555555556,77.77777777777777,61.111111111111114,44.44444444444444,87.03703703703704,78.94736842105263,807,13.913793103448276,0,0,0,0,7,0,0,0,0,0,5.6449,3.8828,4680,1165962,65,33,112,0.46686829804784163,0,0.694621,0.061259999999999995,56,5.352,30.801,36.627,28,0.10900000000000001,0.46,0,0,0,0,0,0,
K8_R1.05_T1_H1_N4_S8014_HYBRID_inprocess,8014,8,1.05,1,1,N4,0.98,3.0,,HYBRID,inprocess,1998449188ab07fbe7bb20a8c5d8d17ca2499c9a114cd35a3f5b4ce1e05ff4d7,2145c0dde9a12504c43964306b1846bc6729506529a4408c1d8bafff52d484f5,0.884,0,72,54,1,55,17,76.38888888888889,80.34188034188034,77.77777777777777,100.0,75.92592592592592,73.6842105263158,866,15.745454545454546,0,0,0,0,7,0,0,0,0,0,5.6481,3.8828,5322,1314321,109,48,10,0.019097222222222224,1,0.698919,0.130202,126,0.078,30.37,33.196000000000005,522,0.456,0.6930000000000001,0,18,0,0,0,0,
K4_R0.90_T1_H1_N4_S8014_STATIC_inprocess,8014,4,0.9,1,1,N4,0.98,3.0,,STATIC,inprocess,b82c79f28eb0a27d5c1b7d6cef197159ca733cac49c04f4222409acc6644a881,35298e88932a01d792d9b58d496df863710011d08a63476d23e1e2daab819bb6,0.053,0,31,23,2,25,6,80.64516129032258,77.77777777777777,60.0,60.0,90.47619047619048,75.0,342,13.68,0,0,0,0,4,0,0,0,0,0,5.6275,3.9216,1928,558303,27,10,115,0.44712562100780695,0,0.007438,0.025723000000000003,81,0.004,0.08,0.216,0,0.0,0.0,0,2,0,0,0,0,
K4_R0.90_T1_H1_N4_S8014_PERIODIC_inprocess,8014,4,0.9,1,1,N4,0.98,3.0,,PERIODIC,inprocess,b82c79f28eb0a27d5c1b7d6cef197159ca733cac49c04f4222409acc6644a881,37b7acecf724e2802ccf53cc0ac656cd2e242eeb45cdd4cb0dcc1a89ca357cdc,0.083,0,31,26,2,28,3,90.3225806451613,92.5925925925926,90.0,100.0,90.47619047619048,90.0,357,12.75,0,0,0,0,3,0,0,0,0,0,5.6579,3.9216,2070,551486,25,19,108,0.422508038585209,0,0.035217,0.026619999999999998,23,0.32,3.7190000000000003,4.626,0,0.0,0.0,0,0,0,0,0,0,
K4_R0.90_T1_H1_N4_S8014_CENTRAL_inprocess,8014,4,0.9,1,1,N4,0.98,3.0,,CENTRAL,inprocess,b82c79f28eb0a27d5c1b7d6cef197159ca733cac49c04f4222409acc6644a881,fa7953398e562c6046d1a7a68e5bd8663449daa8ed4423a50a4a3e96b8dfe1d1,0.114,0,31,25,2,27,4,87.09677419354838,87.03703703703704,80.0,80.0,90.47619047619048,90.0,374,13.851851851851851,0,0,0,0,3,0,0,0,0,0,5.659,3.9216,2168,580341,34,18,108,0.403030303030303,0,0.066562,0.026477,39,1.2899999999999998,4.84,5.423,0,0.0,0.0,0,0,0,0,0,0,
K4_R0.90_T1_H1_N4_S8014_CENTRAL_FB_inprocess,8014,4,0.9,1,1,N4,0.98,3.0,,CENTRAL_FB,inprocess,b82c79f28eb0a27d5c1b7d6cef197159ca733cac49c04f4222409acc6644a881,94c9483edfed2fbf5e23cb456adfaf905a6ee93d3eaeddf23fab8478841df279,0.116,0,31,25,2,27,4,87.09677419354838,88.88888888888889,80.0,100.0,90.47619047619048,80.0,364,13.481481481481481,0,0,0,0,3,0,0,0,0,0,5.6435,3.9216,2184,582723,30,16,108,0.43884892086330934,0,0.06722,0.027143999999999998,41,1.093,4.62,5.328,14,0.041,0.10900000000000001,0,0,0,0,0,0,
K8_R1.05_T1_H1_N4_S8014_EDGE_MARKET_inprocess,8014,8,1.05,1,1,N4,0.98,3.0,,EDGE_MARKET,inprocess,1998449188ab07fbe7bb20a8c5d8d17ca2499c9a114cd35a3f5b4ce1e05ff4d7,341b5d22b2ff793f582e18646b5e4ebe6d7083cb74d78788d4972c2d3978d0da,0.263,0,72,54,2,56,16,77.77777777777777,81.19658119658119,77.77777777777777,100.0,77.77777777777777,76.3157894736842,874,15.607142857142858,0,0,0,0,8,0,0,0,0,0,5.6729,3.8828,4824,1306126,91,55,9,0.018293980004254414,0,0.021823,0.18498,119,0.041999999999999996,0.125,0.24600000000000002,952,0.464,6.09,0,26,0,0,0,0,
K8_R1.05_T1_H1_N4_S8014_HYBRID_EAGER_inprocess,8014,8,1.05,1,1,N4,0.98,3.0,,HYBRID_EAGER,inprocess,1998449188ab07fbe7bb20a8c5d8d17ca2499c9a114cd35a3f5b4ce1e05ff4d7,64299c05ad7096875be5cab7070623ee19b6b4ea8b2491d55296cc560082d005,0.898,0,72,55,1,56,16,77.77777777777777,82.05128205128206,83.33333333333333,100.0,75.92592592592592,76.3157894736842,863,15.410714285714286,0,0,0,0,6,0,0,0,0,0,5.6481,3.8828,5303,1312982,92,50,10,0.018529241459177764,0,0.708219,0.135699,124,0.075,30.589000000000002,34.971000000000004,529,0.442,0.726,0,18,0,0,0,0,
K4_R0.90_T1_H1_N4_S8014_HYBRID_inprocess,8014,4,0.9,1,1,N4,0.98,3.0,,HYBRID,inprocess,b82c79f28eb0a27d5c1b7d6cef197159ca733cac49c04f4222409acc6644a881,bf940e67b54a2d28c75f227dbbf2b8a77a846541fcc3c8a1db2b2e1871b0d8b9,0.118,0,31,27,2,29,2,93.54838709677419,92.5925925925926,90.0,80.0,95.23809523809524,95.0,392,13.517241379310345,0,0,0,0,4,0,0,0,0,0,5.6788,3.9216,2247,593802,40,19,3,0.005941499085923218,0,0.063352,0.032617,52,0.047,3.1710000000000003,5.0920000000000005,47,0.437,2.833,0,2,0,0,0,0,
K4_R0.90_T1_H1_N4_S8014_EDGE_MARKET_inprocess,8014,4,0.9,1,1,N4,0.98,3.0,,EDGE_MARKET,inprocess,b82c79f28eb0a27d5c1b7d6cef197159ca733cac49c04f4222409acc6644a881,a375cad0785e6daf14055b197d45de3249fa4ed04ccfa01de48d888aac8de3b9,0.07,0,31,27,1,28,3,90.3225806451613,92.5925925925926,100.0,100.0,85.71428571428571,95.0,395,14.107142857142858,0,0,0,0,4,0,0,0,0,0,5.6867,3.9216,2062,562454,46,28,3,0.004515805318615153,2,0.00915,0.039523,40,0.023,0.030000000000000002,0.046,164,0.424,2.718,0,5,0,0,0,0,
K4_R0.90_T1_H1_N4_S8014_CENTRAL_FOG_inprocess,8014,4,0.9,1,1,N4,0.98,3.0,,CENTRAL_FOG,inprocess,b82c79f28eb0a27d5c1b7d6cef197159ca733cac49c04f4222409acc6644a881,c4d7662ad74a716ac45baf7cc1300efef3efc5592452c730e746649d9dd5d15c,0.151,0,31,27,2,29,2,93.54838709677419,96.29629629629629,100.0,100.0,90.47619047619048,90.0,341,11.758620689655173,0,0,0,0,4,0,0,0,0,0,5.6903,3.9216,2357,581307,53,30,10,0.012211077191452245,0,0.099046,0.028537,61,1.379,3.243,5.113,0,0.0,0.0,0,0,0,0,0,0,
K4_R0.90_T1_H1_N4_S8014_HYBRID_EAGER_inprocess,8014,4,0.9,1,1,N4,0.98,3.0,,HYBRID_EAGER,inprocess,b82c79f28eb0a27d5c1b7d6cef197159ca733cac49c04f4222409acc6644a881,a2a05c59f0f974597cb1a5a3a8e271f4c51435a0a261c864e78523159167c78a,0.122,0,31,27,2,29,2,93.54838709677419,92.5925925925926,90.0,80.0,95.23809523809524,95.0,392,13.517241379310345,0,0,0,0,4,0,0,0,0,0,5.6788,3.9216,2247,593802,40,19,3,0.005941499085923218,0,0.065209,0.034692999999999995,52,0.048,3.423,5.318,53,0.101,2.742,0,2,0,0,0,0,
K8_R1.05_T1_H1_N4_S8014_CENTRAL_FOG_inprocess,8014,8,1.05,1,1,N4,0.98,3.0,,CENTRAL_FOG,inprocess,1998449188ab07fbe7bb20a8c5d8d17ca2499c9a114cd35a3f5b4ce1e05ff4d7,81a42318a94de46363e7a7771b838bbd2f564d76d0e53879bcb5ff666f2ec833,1.556,0,72,57,2,59,13,81.94444444444444,87.17948717948718,100.0,100.0,75.92592592592592,76.3157894736842,851,14.423728813559322,0,0,0,0,8,0,0,0,0,0,5.6676,3.8828,5826,1273971,111,62,8,0.020676362362011563,0,1.430445,0.06747800000000001,123,10.147,31.919000000000004,34.967,0,0.0,0.0,0,0,0,0,0,0,
K16_R0.90_T1_H1_N4_S8014_STATIC_inprocess,8014,16,0.9,1,1,N4,0.98,3.0,,STATIC,inprocess,2fcc0706bed9a821545db0219b5d70b7ccf31616843b788b7d3013ae1d2afab2,81a81d6c39918d3397df7788c2764f5b04749a75da37633341c73637e237bcc2,0.293,0,123,95,5,100,23,81.30081300813008,74.87179487179488,53.125,44.44444444444444,91.20879120879121,79.66101694915254,1710,17.1,27,27,0,0,13,0,0,0,0,0,5.692,3.8689,7732,2250013,130,51,120,0.475,1,0.035571,0.128261,103,0.007,0.432,1.881,0,0.0,0.0,0,10,0,0,0,0,
K16_R0.90_T1_H1_N4_S8014_PERIODIC_inprocess,8014,16,0.9,1,1,N4,0.98,3.0,,PERIODIC,inprocess,2fcc0706bed9a821545db0219b5d70b7ccf31616843b788b7d3013ae1d2afab2,c5b524a7980205070a8aa6e33f9bc44f4fde13c4fdf0f1ee524788995883d46d,0.628,0,123,103,5,108,15,87.8048780487805,82.05128205128206,68.75,50.0,94.50549450549451,81.35593220338983,1744,16.14814814814815,2,2,0,0,14,0,0,0,0,0,5.6295,3.8689,8397,2329545,148,71,120,0.45158717498803636,3,0.367647,0.13011899999999998,23,0.785,49.762,53.689,0,0.0,0.0,0,6,0,0,0,0,
K16_R0.90_T1_H1_N4_S8014_EDGE_MARKET_inprocess,8014,16,0.9,1,1,N4,0.98,3.0,,EDGE_MARKET,inprocess,2fcc0706bed9a821545db0219b5d70b7ccf31616843b788b7d3013ae1d2afab2,790667b2749d81f1254e2b94e49849892406c8f875de357204aee41db676f573,0.672,0,123,105,3,108,15,87.8048780487805,90.25641025641026,90.625,94.44444444444444,86.81318681318682,86.44067796610169,1887,17.47222222222222,8,8,0,0,13,0,0,0,0,0,5.6403,3.8689,10935,2952624,212,119,10,0.02269317329332333,1,0.051418,0.4738130000000001,163,0.081,0.363,0.5339999999999999,2994,0.439,3.092,0,64,0,0,0,0,
K8_R0.75_T1_H1_N4_S8015_STATIC_inprocess,8015,8,0.75,1,1,N4,0.98,3.0,,STATIC,inprocess,f5ad9902a23f5c4ff00f68f4a47708432c1384d2e5ee5ba9104c869bc06538db,a4a24897b36840262bdf7e0c4a2c6c824ee87909b6aa7eabc053b0d220aec256,0.108,0,51,48,0,48,3,94.11764705882354,91.66666666666667,76.92307692307692,85.71428571428571,100.0,89.65517241379311,708,14.75,0,0,0,0,6,0,0,0,0,0,5.6517,3.8773,3848,1099043,51,35,119,0.5294542826165523,1,0.014138,0.053463,56,0.005,0.192,0.292,0,0.0,0.0,0,0,0,0,0,0,
K8_R0.75_T1_H1_N4_S8015_PERIODIC_inprocess,8015,8,0.75,1,1,N4,0.98,3.0,,PERIODIC,inprocess,f5ad9902a23f5c4ff00f68f4a47708432c1384d2e5ee5ba9104c869bc06538db,4bb50dadc7c1eb4e7abd8a9066d680923853e89b30dd481ac6bb57f3b3618c34,0.184,0,51,49,0,49,2,96.07843137254902,95.23809523809524,92.3076923076923,85.71428571428571,97.36842105263158,96.55172413793103,756,15.428571428571429,0,0,0,0,8,0,0,0,0,0,5.6359,3.8773,4079,1133128,61,37,119,0.5702838063439065,1,0.091151,0.052623,23,0.32899999999999996,12.443,13.482,0,0.0,0.0,0,3,0,0,0,0,
K8_R0.75_T1_H1_N4_S8015_CENTRAL_inprocess,8015,8,0.75,1,1,N4,0.98,3.0,,CENTRAL,inprocess,f5ad9902a23f5c4ff00f68f4a47708432c1384d2e5ee5ba9104c869bc06538db,edccc491476b881513c5b72b2423d3e953beafd27ff4144e762b7651a62e9241,0.338,0,51,50,0,50,1,98.03921568627452,96.42857142857143,92.3076923076923,85.71428571428571,100.0,96.55172413793103,746,14.92,0,0,0,0,8,0,0,0,0,0,5.735,3.8773,4500,1157997,75,31,114,0.48901259888661003,1,0.240285,0.05511099999999999,57,0.92,12.766,14.614,0,0.0,0.0,0,1,0,0,0,0,
K8_R0.75_T1_H1_N4_S8015_CENTRAL_FB_inprocess,8015,8,0.75,1,1,N4,0.98,3.0,,CENTRAL_FB,inprocess,f5ad9902a23f5c4ff00f68f4a47708432c1384d2e5ee5ba9104c869bc06538db,ec12e634c6ae79313a5f16672c81ac512c3c0d387695517ab6859140bdb74e27,0.337,0,51,50,0,50,1,98.03921568627452,96.42857142857143,92.3076923076923,85.71428571428571,100.0,96.55172413793103,746,14.92,0,0,0,0,7,0,0,0,0,0,5.6773,3.8773,4487,1158613,61,40,114,0.48124267291910905,1,0.237565,0.05718299999999999,52,0.925,12.714,15.048,29,0.095,0.1,0,0,0,0,0,0,
K16_R0.90_T1_H1_N4_S8014_CENTRAL_FB_inprocess,8014,16,0.9,1,1,N4,0.98,3.0,,CENTRAL_FB,inprocess,2fcc0706bed9a821545db0219b5d70b7ccf31616843b788b7d3013ae1d2afab2,8c9293bf2f538b0e25d0d9a8f1ffc8d4c9776fca47bc16bcfe48db543f62a2a8,2.502,0,123,105,5,110,13,89.4308943089431,84.1025641025641,71.875,50.0,95.6043956043956,84.7457627118644,1692,15.381818181818181,2,2,0,0,14,0,0,0,0,0,5.6602,3.8689,10168,2452760,178,89,120,0.365317775571003,1,2.217885,0.141848,96,9.235999999999999,51.956,61.312,48,0.096,0.104,0,9,0,0,0,0,
K16_R0.90_T1_H1_N4_S8014_CENTRAL_inprocess,8014,16,0.9,1,1,N4,0.98,3.0,,CENTRAL,inprocess,2fcc0706bed9a821545db0219b5d70b7ccf31616843b788b7d3013ae1d2afab2,bcb10ae6cebf2ec5adc14b02a7f914f2d555cb40cdd5946a5af656336583d4e5,2.538,0,123,106,4,110,13,89.4308943089431,85.12820512820512,75.0,55.55555555555556,94.50549450549451,84.7457627118644,1658,15.072727272727272,2,2,0,0,13,0,0,0,0,0,5.6814,3.8689,10032,2441177,153,92,120,0.370608235738572,1,2.257367,0.14018599999999998,89,32.018,55.288999999999994,57.917,0,0.0,0.0,0,2,0,0,0,0,
K8_R0.75_T1_H1_N4_S8015_HYBRID_inprocess,8015,8,0.75,1,1,N4,0.98,3.0,,HYBRID,inprocess,f5ad9902a23f5c4ff00f68f4a47708432c1384d2e5ee5ba9104c869bc06538db,2a728a950ab507a45e6b97b94a6f5886960c4f568a6aafe120a423e647c47f89,0.348,0,51,49,0,49,2,96.07843137254902,95.23809523809524,92.3076923076923,85.71428571428571,97.36842105263158,96.55172413793103,753,15.36734693877551,0,0,0,0,7,0,0,0,0,0,5.6312,3.8773,4558,1170147,81,32,6,0.014103730664240218,1,0.245511,0.058464,64,0.309,12.687000000000001,15.003,85,0.085,0.093,0,2,0,0,0,0,
K8_R0.75_T1_H1_N4_S8015_HYBRID_EAGER_inprocess,8015,8,0.75,1,1,N4,0.98,3.0,,HYBRID_EAGER,inprocess,f5ad9902a23f5c4ff00f68f4a47708432c1384d2e5ee5ba9104c869bc06538db,35fd3fb5bab42beddc9f169b87a1f84d4613b6a665d9620dcb54ab86e3208142,0.354,0,51,49,0,49,2,96.07843137254902,95.23809523809524,92.3076923076923,85.71428571428571,97.36842105263158,96.55172413793103,753,15.36734693877551,0,0,0,0,7,0,0,0,0,0,5.6312,3.8773,4558,1170143,81,32,6,0.014103730664240218,1,0.244745,0.064491,64,0.311,13.15,15.584000000000001,100,0.08,0.093,0,2,0,0,0,0,
K8_R0.75_T1_H1_N4_S8015_CENTRAL_FOG_inprocess,8015,8,0.75,1,1,N4,0.98,3.0,,CENTRAL_FOG,inprocess,f5ad9902a23f5c4ff00f68f4a47708432c1384d2e5ee5ba9104c869bc06538db,a58a284488342b0f6101180a32b78b0485dd82db1d90347835ba98d72e906cfc,0.453,0,51,48,0,48,3,94.11764705882354,94.04761904761905,92.3076923076923,85.71428571428571,94.73684210526316,93.10344827586206,695,14.479166666666666,0,0,0,0,6,0,0,0,0,0,5.6624,3.8773,4952,1194834,93,40,6,0.021054825932874714,1,0.348523,0.058353,89,1.571,12.534,15.174999999999999,0,0.0,0.0,0,0,0,0,0,0,
K8_R0.75_T1_H1_N4_S8015_EDGE_MARKET_inprocess,8015,8,0.75,1,1,N4,0.98,3.0,,EDGE_MARKET,inprocess,f5ad9902a23f5c4ff00f68f4a47708432c1384d2e5ee5ba9104c869bc06538db,d31f850b47a1f1f31170433ea1eddbefdd0f9d0b48b874c672c34f515938a737,0.151,0,51,49,0,49,2,96.07843137254902,96.42857142857143,92.3076923076923,100.0,97.36842105263158,96.55172413793103,766,15.63265306122449,0,0,0,0,7,0,0,0,0,0,5.6345,3.8773,4129,1146049,80,27,1,0.003032600454890068,2,0.016953,0.090915,46,0.014,0.045000000000000005,0.054,326,0.437,2.735,0,7,0,0,0,0,
K16_R0.90_T1_H1_N4_S8014_HYBRID_EAGER_inprocess,8014,16,0.9,1,1,N4,0.98,3.0,,HYBRID_EAGER,inprocess,2fcc0706bed9a821545db0219b5d70b7ccf31616843b788b7d3013ae1d2afab2,0a814f5937b9dbed30e795aaafbb5fe3e6fdf7362b585dad2be574b9fe040af3,2.772,0,123,104,5,109,14,88.6178861788618,90.76923076923077,93.75,88.88888888888889,86.81318681318682,84.7457627118644,1861,17.073394495412845,6,6,0,0,13,1,1,0,5,34,11.4777,3.8689,11745,2761632,259,131,10,0.02930914166085136,1,2.350804,0.272594,178,0.16799999999999998,51.752,61.551,1315,0.40099999999999997,2.629,0,33,0,0,0,0,
K16_R0.90_T1_H1_N4_S8014_HYBRID_inprocess,8014,16,0.9,1,1,N4,0.98,3.0,,HYBRID,inprocess,2fcc0706bed9a821545db0219b5d70b7ccf31616843b788b7d3013ae1d2afab2,d51579dbd549f14e484f35784a1a17c959345e51a80e7a8ba7a82c58d36d90ed,2.826,0,123,105,5,110,13,89.4308943089431,91.28205128205128,93.75,88.88888888888889,87.91208791208791,83.05084745762711,1874,17.036363636363635,6,6,0,0,15,0,0,0,0,0,5.6682,3.8689,11753,2777453,254,125,10,0.02980392156862745,1,2.408191,0.265291,178,0.161,52.278999999999996,64.378,1293,0.412,2.794,0,33,0,0,0,0,
K8_R1.05_T1_H1_N4_S8015_STATIC_inprocess,8015,8,1.05,1,1,N4,0.98,3.0,,STATIC,inprocess,9f8776887b75d18766c2fb76a644b5cc469309f35dfea86ad0c610718bc35e4a,2285b0b63171b5b014c7785ccf52824d90e601b1e0e71b80ebe85fe0332909e7,0.121,0,72,55,1,56,16,77.77777777777777,71.68141592920354,35.294117647058826,0.0,90.9090909090909,84.61538461538461,816,14.571428571428571,1,1,0,0,8,0,0,0,0,0,5.6664,3.878,3864,1078701,44,31,117,0.562051649928264,2,0.017874,0.056156,130,0.006,0.193,0.678,0,0.0,0.0,0,1,0,0,0,0,
K8_R1.05_T1_H1_N4_S8015_PERIODIC_inprocess,8015,8,1.05,1,1,N4,0.98,3.0,,PERIODIC,inprocess,9f8776887b75d18766c2fb76a644b5cc469309f35dfea86ad0c610718bc35e4a,bf152209635d494b4fb056983111f2d9908e2319bd105506ff58c36a22f2e2bb,0.346,0,72,57,1,58,14,80.55555555555556,80.53097345132744,76.47058823529412,60.0,81.81818181818181,82.05128205128206,795,13.706896551724139,13,13,0,0,8,0,0,0,0,0,5.6545,3.878,4221,1108439,54,21,117,0.5117609663064209,1,0.240875,0.057512999999999995,23,0.933,30.229,31.023,0,0.0,0.0,0,2,0,0,0,0,
K8_R1.05_T1_H1_N4_S8015_CENTRAL_inprocess,8015,8,1.05,1,1,N4,0.98,3.0,,CENTRAL,inprocess,9f8776887b75d18766c2fb76a644b5cc469309f35dfea86ad0c610718bc35e4a,6286f2d1220978caff19e84fdee3581ddb24064b1f22620fc5534c4acd3b4bab,0.889,0,72,57,1,58,14,80.55555555555556,80.53097345132744,76.47058823529412,60.0,81.81818181818181,87.17948717948718,750,12.931034482758621,0,0,0,0,8,0,0,0,0,0,5.6677,3.878,4711,1156095,73,39,114,0.4486932599724897,1,0.775595,0.060757,61,5.994,30.540000000000003,36.115,0,0.0,0.0,0,2,0,0,0,0,
K8_R1.05_T1_H1_N4_S8015_CENTRAL_FB_inprocess,8015,8,1.05,1,1,N4,0.98,3.0,,CENTRAL_FB,inprocess,9f8776887b75d18766c2fb76a644b5cc469309f35dfea86ad0c610718bc35e4a,bfef4d4b31ad457fe2652b0e29032a0dbad606a4428c80e6aa220cecc0ea1f5b,0.878,0,72,56,1,57,15,79.16666666666667,79.64601769911505,64.70588235294117,60.0,83.63636363636364,84.61538461538461,770,13.508771929824562,0,0,0,0,8,0,0,0,0,0,5.6652,3.878,4692,1154444,82,34,114,0.4593168564287698,2,0.765997,0.062092,61,5.198,30.479,34.861000000000004,28,0.412,0.421,0,0,0,0,0,0,
K8_R1.05_T1_H1_N4_S8015_HYBRID_inprocess,8015,8,1.05,1,1,N4,0.98,3.0,,HYBRID,inprocess,9f8776887b75d18766c2fb76a644b5cc469309f35dfea86ad0c610718bc35e4a,9d3b841c6bdc37a759e3299a472bfd33303045dec2707cfa142eccfcad096631,0.957,0,72,54,1,55,17,76.38888888888889,82.30088495575221,94.11764705882354,100.0,70.9090909090909,76.92307692307692,738,13.418181818181818,0,0,0,0,6,0,0,0,0,0,5.67,3.878,5365,1289889,111,44,8,0.025951557093425604,1,0.760687,0.140318,128,0.083,28.336,37.043,613,0.42700000000000005,2.776,0,21,0,0,0,0,
K4_R0.90_T1_H1_N4_S8015_STATIC_inprocess,8015,4,0.9,1,1,N4,0.98,3.0,,STATIC,inprocess,d1de8d1c2e4036c188d2e0768428d7de4964c1d90bc271d261eecc250dcc7425,f785961710fa3f92405d4118459a4f1a97ad97edd2e744b84dfdcff89f190c64,0.055,0,31,22,0,22,9,70.96774193548387,56.0,20.0,0.0,95.23809523809524,66.66666666666667,314,14.272727272727273,0,0,0,0,3,0,0,0,0,0,5.6244,3.9239,1919,533713,30,14,114,0.4175744371822803,0,0.009038,0.026045000000000002,157,0.004,0.081,0.187,0,0.0,0.0,0,0,0,0,0,0,
K8_R1.05_T1_H1_N4_S8015_HYBRID_EAGER_inprocess,8015,8,1.05,1,1,N4,0.98,3.0,,HYBRID_EAGER,inprocess,9f8776887b75d18766c2fb76a644b5cc469309f35dfea86ad0c610718bc35e4a,ecfa9e507364242b2d37ae2350b331d539a420fc69bf24d176539e175ebdde76,0.791,0,72,55,1,56,16,77.77777777777777,84.070796460177,88.23529411764706,100.0,74.54545454545455,87.17948717948718,764,13.642857142857142,13,13,0,0,8,0,0,0,0,0,5.6778,3.878,5231,1285099,101,47,8,0.023090586145648313,1,0.583542,0.154724,138,0.075,27.07,34.187000000000005,655,0.432,3.012,0,19,0,0,0,0,
K4_R0.90_T1_H1_N4_S8015_PERIODIC_inprocess,8015,4,0.9,1,1,N4,0.98,3.0,,PERIODIC,inprocess,d1de8d1c2e4036c188d2e0768428d7de4964c1d90bc271d261eecc250dcc7425,1fe3ce63823865ca2ea87839b0458ff82e8fca110e0187b0843a0c19a4a5bbe8,0.102,0,31,23,0,23,8,74.19354838709677,72.0,70.0,40.0,76.19047619047619,60.0,342,14.869565217391305,0,0,0,0,3,0,0,0,0,0,5.635,3.9239,2092,570793,27,12,117,0.41078305519897307,0,0.053601,0.027626,23,0.27399999999999997,7.115,8.226,0,0.0,0.0,0,0,0,0,0,0,
K4_R0.90_T1_H1_N4_S8015_CENTRAL_inprocess,8015,4,0.9,1,1,N4,0.98,3.0,,CENTRAL,inprocess,d1de8d1c2e4036c188d2e0768428d7de4964c1d90bc271d261eecc250dcc7425,0e36d88a093e3cf8be9e25a8ebe68e9e5fb939a4f9ab5f78185e9f668e7473b4,0.18,0,31,28,0,28,3,90.3225806451613,86.0,80.0,60.0,95.23809523809524,93.33333333333333,355,12.678571428571429,0,0,0,0,4,0,0,0,0,0,5.6512,3.9239,2241,591608,38,13,107,0.39482961222091656,0,0.129921,0.028450000000000003,44,0.9940000000000001,7.93,8.235,0,0.0,0.0,0,0,0,0,0,0,
K8_R1.05_T1_H1_N4_S8015_EDGE_MARKET_inprocess,8015,8,1.05,1,1,N4,0.98,3.0,,EDGE_MARKET,inprocess,9f8776887b75d18766c2fb76a644b5cc469309f35dfea86ad0c610718bc35e4a,9b04337b59843490f8c82822ece449c3d24515d36cda8d361ed3e0887f8777f5,0.303,0,72,54,1,55,17,76.38888888888889,80.53097345132744,82.3529411764706,100.0,74.54545454545455,79.48717948717949,796,14.472727272727273,0,0,0,0,8,0,0,0,0,0,5.6737,3.878,5231,1353148,84,40,8,0.01967729240456513,1,0.023453,0.226175,127,0.043000000000000003,0.155,0.229,1302,0.437,2.9619999999999997,0,40,0,0,0,0,
K4_R0.90_T1_H1_N4_S8015_CENTRAL_FB_inprocess,8015,4,0.9,1,1,N4,0.98,3.0,,CENTRAL_FB,inprocess,d1de8d1c2e4036c188d2e0768428d7de4964c1d90bc271d261eecc250dcc7425,5b6e2f3e4ec71b1b22ff19f475a3610220cca4d9311120b6fd8c771e0507fdb4,0.183,0,31,28,0,28,3,90.3225806451613,86.0,80.0,60.0,95.23809523809524,93.33333333333333,355,12.678571428571429,0,0,0,0,4,0,0,0,0,0,5.6512,3.9239,2241,591608,38,13,107,0.39482961222091656,0,0.133009,0.028790999999999997,44,1.2149999999999999,7.611,8.099,13,0.08600000000000001,0.089,0,0,0,0,0,0,
K16_R0.90_T1_H1_N4_S8014_CENTRAL_FOG_inprocess,8014,16,0.9,1,1,N4,0.98,3.0,,CENTRAL_FOG,inprocess,2fcc0706bed9a821545db0219b5d70b7ccf31616843b788b7d3013ae1d2afab2,b0a025ce77e277bba545b1e140dcdf3111017873f1859a403bd7eed1015d9f39,4.65,0,123,105,3,108,15,87.8048780487805,91.28205128205128,96.875,94.44444444444444,84.61538461538461,89.83050847457628,1730,16.01851851851852,0,0,0,0,13,0,0,0,0,0,5.686,3.8689,13256,2755170,265,132,10,0.04245174190571407,1,4.330583,0.16255499999999998,177,21.634,51.213,58.333999999999996,0,0.0,0.0,0,0,0,0,0,0,
K4_R0.90_T1_H1_N4_S8015_CENTRAL_FOG_inprocess,8015,4,0.9,1,1,N4,0.98,3.0,,CENTRAL_FOG,inprocess,d1de8d1c2e4036c188d2e0768428d7de4964c1d90bc271d261eecc250dcc7425,1448a79e7aa7de42ff61599b14550f121c1af3d3460bf2761eb1c0e227294f84,0.223,0,31,27,0,27,4,87.09677419354838,88.0,90.0,80.0,85.71428571428571,93.33333333333333,360,13.333333333333334,0,0,0,0,4,0,0,0,0,0,5.6531,3.9239,2320,583873,35,17,1,0.005772646536412078,0,0.171546,0.028922,57,1.99,7.407,8.121,0,0.0,0.0,0,0,0,0,0,0,
K4_R0.90_T1_H1_N4_S8015_EDGE_MARKET_inprocess,8015,4,0.9,1,1,N4,0.98,3.0,,EDGE_MARKET,inprocess,d1de8d1c2e4036c188d2e0768428d7de4964c1d90bc271d261eecc250dcc7425,39ca66682f8b7aa64d983ea69f355e21571d4b34d7a9f3307aac9e10caf0ff3e,0.108,0,31,24,0,24,7,77.41935483870968,82.0,90.0,80.0,71.42857142857143,86.66666666666667,332,13.833333333333334,0,0,0,0,3,0,0,0,0,0,5.6294,3.9239,2178,579988,40,14,9,0.009528346831824679,0,0.009914,0.076351,84,0.023,0.044,0.06499999999999999,285,0.565,2.826,0,9,0,0,0,0,
K4_R0.90_T1_H1_N4_S8015_HYBRID_inprocess,8015,4,0.9,1,1,N4,0.98,3.0,,HYBRID,inprocess,d1de8d1c2e4036c188d2e0768428d7de4964c1d90bc271d261eecc250dcc7425,43c690c0a3ed14fdf6f461d393d4833f6882e7a5c55528b008b4067af58f1e37,0.192,0,31,28,0,28,3,90.3225806451613,90.0,90.0,80.0,90.47619047619048,100.0,358,12.785714285714286,0,0,0,0,4,0,0,0,0,0,5.6531,3.9239,2281,599308,52,20,3,0.009545454545454546,0,0.136155,0.032993999999999996,62,0.057,7.577,8.863,49,0.437,0.46,0,2,0,0,0,0,
K4_R0.90_T1_H1_N4_S8015_HYBRID_EAGER_inprocess,8015,4,0.9,1,1,N4,0.98,3.0,,HYBRID_EAGER,inprocess,d1de8d1c2e4036c188d2e0768428d7de4964c1d90bc271d261eecc250dcc7425,8e796ba9bdf7aba42cb36fb4121f2c9d7fd3ace86c069f3c523c4782cc8cece6,0.192,0,31,28,0,28,3,90.3225806451613,90.0,90.0,80.0,90.47619047619048,100.0,358,12.785714285714286,0,0,0,0,4,0,0,0,0,0,5.6531,3.9239,2281,599308,52,20,3,0.009545454545454546,0,0.134369,0.035081,62,0.051,6.671,8.728,55,0.431,0.453,0,2,0,0,0,0,
K8_R1.05_T1_H1_N4_S8015_CENTRAL_FOG_inprocess,8015,8,1.05,1,1,N4,0.98,3.0,,CENTRAL_FOG,inprocess,9f8776887b75d18766c2fb76a644b5cc469309f35dfea86ad0c610718bc35e4a,4606ad2a24b08ebc229aa123f3fce3b70351076da9d766a04404feaa3d40d286,1.709,0,72,54,1,55,17,76.38888888888889,82.30088495575221,94.11764705882354,100.0,70.9090909090909,82.05128205128206,751,13.654545454545454,0,0,0,0,7,0,0,0,0,0,5.6711,3.878,5519,1227674,101,48,8,0.02252419955323902,1,1.583867,0.066873,108,15.219,29.933,37.832,0,0.0,0.0,0,0,0,0,0,0,
K16_R0.90_T1_H1_N4_S8015_STATIC_inprocess,8015,16,0.9,1,1,N4,0.98,3.0,,STATIC,inprocess,962d3244f1fcd612533130d163a173e56fb74c653252e3360856229b7d67c340,45c938c7b37dc1f3202f4e931a7226f210f3d8de9ae6e114c41d5cb1b32d7e49,0.291,0,123,102,1,103,20,83.73983739837398,77.66497461928934,60.526315789473685,38.46153846153846,94.11764705882354,87.93103448275862,1605,15.58252427184466,0,0,0,0,13,0,0,0,0,0,5.6576,3.9142,7756,2160429,116,74,120,0.5802358827734095,2,0.039922,0.122655,141,0.009000000000000001,0.399,2.902,0,0.0,0.0,0,14,0,0,0,0,
K16_R0.90_T1_H1_N4_S8015_PERIODIC_inprocess,8015,16,0.9,1,1,N4,0.98,3.0,,PERIODIC,inprocess,962d3244f1fcd612533130d163a173e56fb74c653252e3360856229b7d67c340,daf0800bfbd0c7ebb501a33dbc7126c47942d13552e5516f6f1687a635a028ec,0.613,0,123,100,2,102,21,82.92682926829268,77.15736040609137,57.89473684210526,38.46153846153846,94.11764705882354,81.03448275862068,1538,15.07843137254902,0,0,0,0,15,0,0,0,0,0,5.6295,3.9142,8406,2224772,125,59,120,0.515190278221938,1,0.352617,0.126802,23,2.323,39.413,41.015,0,0.0,0.0,0,2,0,0,0,0,
K16_R0.90_T1_H1_N4_S8015_EDGE_MARKET_inprocess,8015,16,0.9,1,1,N4,0.98,3.0,,EDGE_MARKET,inprocess,962d3244f1fcd612533130d163a173e56fb74c653252e3360856229b7d67c340,d874ec1b4d07ec6e7814779467aa8bb5a8cf6e79429dd82c6e2a8e015eff00df,0.704,0,123,97,3,100,23,81.30081300813008,84.77157360406092,86.84210526315789,92.3076923076923,78.82352941176471,84.48275862068965,1729,17.29,0,0,0,0,13,0,0,0,0,0,5.6573,3.9142,11050,2907493,234,106,8,0.02482104676024914,1,0.050586,0.509698,160,0.082,0.308,0.45199999999999996,3168,0.444,2.984,0,55,0,0,0,0,
K8_R0.75_T1_H1_N4_S8016_STATIC_inprocess,8016,8,0.75,1,1,N4,0.98,3.0,,STATIC,inprocess,d1a4388e32a11ec1c117394814a7a7dc6e18b08e8fc9b28420e963f3b04218ee,7de5bb71ca95222f30da47c3dc3a79153d211d9bf014ae2c5836e17693d015f4,0.102,0,51,45,2,47,4,92.15686274509804,91.25,76.92307692307692,100.0,97.36842105263158,92.85714285714286,616,13.106382978723405,0,0,0,0,6,0,0,0,0,0,5.6384,3.8751,3848,1031927,50,32,107,0.42488347077805666,0,0.013161,0.049773,96,0.005,0.13999999999999999,0.48500000000000004,0,0.0,0.0,0,3,0,0,0,0,
K8_R0.75_T1_H1_N4_S8016_PERIODIC_inprocess,8016,8,0.75,1,1,N4,0.98,3.0,,PERIODIC,inprocess,d1a4388e32a11ec1c117394814a7a7dc6e18b08e8fc9b28420e963f3b04218ee,60c5d192d39ca0a45686efabd5f4e081112a303461fa8f896d3e5196a8d85cf2,0.175,0,51,48,2,50,1,98.03921568627452,96.25,92.3076923076923,75.0,100.0,100.0,650,13.0,0,0,0,0,6,0,0,0,0,0,5.6529,3.8751,4058,1055260,70,33,120,0.41641541038525964,1,0.083098,0.051486000000000004,23,0.079,11.706,12.982000000000001,0,0.0,0.0,0,0,0,0,0,0,
K8_R0.75_T1_H1_N4_S8016_CENTRAL_inprocess,8016,8,0.75,1,1,N4,0.98,3.0,,CENTRAL,inprocess,d1a4388e32a11ec1c117394814a7a7dc6e18b08e8fc9b28420e963f3b04218ee,4e9fb3f3f9c172bd17fec0de4e5236955caad7cbf4924d5f36dc0d5f52b5a211,0.263,0,51,47,2,49,2,96.07843137254902,95.0,84.61538461538461,100.0,100.0,96.42857142857143,648,13.224489795918368,0,0,0,0,6,0,0,0,0,0,5.6529,3.8751,4316,1077684,43,43,120,0.39145038167938934,0,0.168514,0.053128999999999996,48,1.248,13.634,15.826,0,0.0,0.0,0,0,0,0,0,0,
K16_R0.90_T1_H1_N4_S8015_CENTRAL_inprocess,8015,16,0.9,1,1,N4,0.98,3.0,,CENTRAL,inprocess,962d3244f1fcd612533130d163a173e56fb74c653252e3360856229b7d67c340,9e836e6b2d29e8aaad81e51f7ff6b3e0c4e60d0e8949505aa166816a3ed7f86c,2.049,0,123,95,3,98,25,79.67479674796748,78.1725888324873,73.6842105263158,46.15384615384615,82.3529411764706,79.3103448275862,1683,17.1734693877551,0,0,0,0,16,0,0,0,0,0,5.6412,3.9142,10203,2368115,143,76,123,0.643282102131879,3,1.777769,0.132751,96,12.801,40.707,51.613,0,0.0,0.0,0,0,0,0,0,0,
K16_R0.90_T1_H1_N4_S8015_CENTRAL_FB_inprocess,8015,16,0.9,1,1,N4,0.98,3.0,,CENTRAL_FB,inprocess,962d3244f1fcd612533130d163a173e56fb74c653252e3360856229b7d67c340,8af6aa320fedf27ddf17b5afb22f8a621f87a77a2e963fd480eab269560f5457,2.116,0,123,95,2,97,26,78.86178861788618,77.15736040609137,68.42105263157895,53.84615384615385,83.52941176470588,77.58620689655173,1571,16.195876288659793,0,0,0,0,14,0,0,0,0,0,5.7426,3.9142,10205,2366370,142,95,123,0.6437677930436936,1,1.839689,0.137008,95,14.697,43.022999999999996,47.048,54,0.036000000000000004,0.46,0,0,0,0,0,0,
K8_R0.75_T1_H1_N4_S8016_CENTRAL_FB_inprocess,8016,8,0.75,1,1,N4,0.98,3.0,,CENTRAL_FB,inprocess,d1a4388e32a11ec1c117394814a7a7dc6e18b08e8fc9b28420e963f3b04218ee,bff6d24878b2fb7f96ffe08274f68102da85f6888e86e5b69731893ac9069ae8,0.268,0,51,47,2,49,2,96.07843137254902,95.0,84.61538461538461,100.0,100.0,92.85714285714286,643,13.122448979591837,0,0,0,0,6,0,0,0,0,0,5.6425,3.8751,4398,1081628,52,41,120,0.387298747763864,0,0.172991,0.052863999999999994,49,1.5070000000000001,13.356,16.429,24,0.027,0.082,0,0,0,0,0,0,
K8_R0.75_T1_H1_N4_S8016_HYBRID_inprocess,8016,8,0.75,1,1,N4,0.98,3.0,,HYBRID,inprocess,d1a4388e32a11ec1c117394814a7a7dc6e18b08e8fc9b28420e963f3b04218ee,3c648b57274520591ec5e40ae7aed21d0b50e1b58df652eb17fb8c4a7e72b775,0.273,0,51,48,2,50,1,98.03921568627452,97.5,92.3076923076923,100.0,100.0,96.42857142857143,666,13.32,0,0,0,0,6,0,0,0,0,0,5.6425,3.8751,4493,1105225,80,42,12,0.012197928653624856,0,0.168589,0.060149,67,0.075,13.08,16.027,127,0.09000000000000001,0.098,0,4,0,0,0,0,
K8_R0.75_T1_H1_N4_S8016_CENTRAL_FOG_inprocess,8016,8,0.75,1,1,N4,0.98,3.0,,CENTRAL_FOG,inprocess,d1a4388e32a11ec1c117394814a7a7dc6e18b08e8fc9b28420e963f3b04218ee,281632462c430d8d52861954919b30db35acba46fa6f80301c6e10c304cf8005,0.374,0,51,48,2,50,1,98.03921568627452,98.75,100.0,100.0,97.36842105263158,100.0,658,13.16,0,0,0,0,6,0,0,0,0,0,5.6324,3.8751,4749,1099258,80,54,7,0.014536775873291387,0,0.272382,0.055375999999999995,82,1.974,12.888,16.086,0,0.0,0.0,0,0,0,0,0,0,
K16_R0.90_T1_H1_N4_S8015_HYBRID_EAGER_inprocess,8015,16,0.9,1,1,N4,0.98,3.0,,HYBRID_EAGER,inprocess,962d3244f1fcd612533130d163a173e56fb74c653252e3360856229b7d67c340,be7016c1c9e9d45f823e35b70a3ea921f08fbd2433fb4984644d9fa5a65674ab,2.303,0,123,97,2,99,24,80.48780487804878,84.77157360406092,89.47368421052632,92.3076923076923,76.47058823529412,81.03448275862068,1635,16.515151515151516,0,0,0,0,15,0,0,0,0,0,5.6377,3.9142,12565,2893826,219,118,9,0.02422173453629196,1,1.801291,0.35114599999999996,187,0.158,38.545,45.491,2059,0.398,2.9810000000000003,0,25,0,0,0,0,
K8_R0.75_T1_H1_N4_S8016_EDGE_MARKET_inprocess,8016,8,0.75,1,1,N4,0.98,3.0,,EDGE_MARKET,inprocess,d1a4388e32a11ec1c117394814a7a7dc6e18b08e8fc9b28420e963f3b04218ee,d516b2f9bac5a2ad2e6f3d1ec0de3f9ca94d4f5a16dadd0dbef6699c2d53a768,0.148,0,51,49,2,51,0,100.0,100.0,100.0,100.0,100.0,100.0,684,13.411764705882353,2,2,0,0,5,0,0,0,0,0,5.6234,3.8751,4076,1069408,49,42,5,0.005576679340937896,0,0.016564,0.087249,33,0.039,0.05,0.052,288,0.431,2.968,0,3,0,0,0,0,
K8_R0.75_T1_H1_N4_S8016_HYBRID_EAGER_inprocess,8016,8,0.75,1,1,N4,0.98,3.0,,HYBRID_EAGER,inprocess,d1a4388e32a11ec1c117394814a7a7dc6e18b08e8fc9b28420e963f3b04218ee,99f94d901961ab07e3d7d75becf536469a58f661a9d3d9ad24da7cb6ddd5c898,0.276,0,51,48,2,50,1,98.03921568627452,97.5,92.3076923076923,100.0,100.0,96.42857142857143,666,13.32,0,0,0,0,6,0,0,0,0,0,5.6425,3.8751,4493,1105225,80,42,12,0.012197928653624856,0,0.167371,0.064275,67,0.074,12.869,16.736,133,0.091,0.103,0,4,0,0,0,0,
K16_R0.90_T1_H1_N4_S8015_HYBRID_inprocess,8015,16,0.9,1,1,N4,0.98,3.0,,HYBRID,inprocess,962d3244f1fcd612533130d163a173e56fb74c653252e3360856229b7d67c340,0847bacad18f21c5511f4a159c59c5c9ace1cc6c49aa39d66e5c943bd7c551eb,2.363,0,123,98,2,100,23,81.30081300813008,85.78680203045685,92.10526315789474,92.3076923076923,76.47058823529412,81.03448275862068,1707,17.07,0,0,0,0,15,0,0,0,0,0,5.6378,3.9142,12666,2889474,223,125,9,0.02523786486050637,2,1.870455,0.340649,188,0.157,39.241,48.734,2039,0.41,3.038,0,25,0,0,0,0,
K8_R1.05_T1_H1_N4_S8016_STATIC_inprocess,8016,8,1.05,1,1,N4,0.98,3.0,,STATIC,inprocess,822d442725c674299e03091f9e3b28cd2debc67493d79ffac2fdfe69e3da4623,88a1c95efe6da5748564a19006df0aa47bdf71d16e0586cff2c317d88758e54f,0.121,0,72,49,3,52,20,72.22222222222223,61.53846153846154,30.434782608695652,12.5,91.83673469387755,85.71428571428571,815,15.673076923076923,0,0,0,0,8,0,0,0,0,0,5.6564,3.893,3855,1096011,37,35,120,0.5354470965443534,0,0.019102,0.055293999999999996,153,0.007,0.204,0.8310000000000001,0,0.0,0.0,0,1,0,0,0,0,
K8_R1.05_T1_H1_N4_S8016_PERIODIC_inprocess,8016,8,1.05,1,1,N4,0.98,3.0,,PERIODIC,inprocess,822d442725c674299e03091f9e3b28cd2debc67493d79ffac2fdfe69e3da4623,e8dc19ca4a9cbfbc8ad488b00db797da873271fd79d8826474d4b0b463f3bdb7,0.292,0,72,50,4,54,18,75.0,69.23076923076923,47.82608695652174,37.5,87.75510204081633,78.57142857142857,789,14.61111111111111,0,0,0,0,6,0,0,0,0,0,5.6404,3.893,4163,1101885,61,35,120,0.5853187379265937,1,0.188879,0.055853,23,1.183,24.195,29.922,0,0.0,0.0,0,1,0,0,0,0,
K8_R1.05_T1_H1_N4_S8016_CENTRAL_inprocess,8016,8,1.05,1,1,N4,0.98,3.0,,CENTRAL,inprocess,822d442725c674299e03091f9e3b28cd2debc67493d79ffac2fdfe69e3da4623,dac0ba049b37c98016d76a0643b4dfead03bb58a6e73151637373f2986f6dd49,1.094,0,72,50,4,54,18,75.0,70.08547008547009,47.82608695652174,50.0,87.75510204081633,82.14285714285714,804,14.88888888888889,0,0,0,0,8,0,0,0,0,0,5.6632,3.893,5316,1229219,85,38,121,0.43486410496719774,0,0.977853,0.063594,84,14.439,24.041,29.584,0,0.0,0.0,0,1,0,0,0,0,
K8_R1.05_T1_H1_N4_S8016_CENTRAL_FB_inprocess,8016,8,1.05,1,1,N4,0.98,3.0,,CENTRAL_FB,inprocess,822d442725c674299e03091f9e3b28cd2debc67493d79ffac2fdfe69e3da4623,a21e96e205885d44bd355f387fb2006e41d27a33548d36cde996eafd4d7745b2,1.1,0,72,49,4,53,19,73.61111111111111,69.23076923076923,47.82608695652174,62.5,85.71428571428571,85.71428571428571,788,14.867924528301886,0,0,0,0,6,0,0,0,0,0,6.9914,3.893,5279,1223164,79,41,121,0.4228409627182633,1,0.982099,0.065085,83,14.566,23.529,25.839000000000002,26,0.097,0.09899999999999999,0,0,0,0,0,0,
K8_R1.05_T1_H1_N4_S8016_HYBRID_inprocess,8016,8,1.05,1,1,N4,0.98,3.0,,HYBRID,inprocess,822d442725c674299e03091f9e3b28cd2debc67493d79ffac2fdfe69e3da4623,b860b39369fec9aa5025a98aff922e51e25f4109c8b69cfcc6e9706af3a4a15f,1.145,0,72,49,4,53,19,73.61111111111111,74.35897435897436,69.56521739130434,75.0,75.51020408163265,78.57142857142857,795,15.0,0,0,0,0,7,0,0,0,0,0,5.6571,3.893,6008,1360591,123,61,6,0.026893617021276597,0,0.948494,0.140171,150,0.088,22.921,26.137,691,0.422,2.816,0,23,0,0,0,0,
K4_R0.90_T1_H1_N4_S8016_STATIC_inprocess,8016,4,0.9,1,1,N4,0.98,3.0,,STATIC,inprocess,064774d581f068bf4317e21a3836441cd7face758ecf0eb5d1076e4e9a07a180,1d6725d70a24b221a8dfc9341cebd8deacf1d4c624e0d3e89004bb8d80883329,0.053,0,31,28,1,29,2,93.54838709677419,92.72727272727273,81.81818181818181,100.0,100.0,100.0,364,12.551724137931034,0,0,0,0,4,0,0,0,0,0,5.6481,4.0103,1935,576532,32,14,110,0.5142045454545454,0,0.007331,0.026287,67,0.004,0.10900000000000001,0.215,0,0.0,0.0,0,0,0,0,0,0,
K4_R0.90_T1_H1_N4_S8016_PERIODIC_inprocess,8016,4,0.9,1,1,N4,0.98,3.0,,PERIODIC,inprocess,064774d581f068bf4317e21a3836441cd7face758ecf0eb5d1076e4e9a07a180,722752862353cd5610830847eb9a6dab550e54d8ba7c94eba439546cb79703be,0.083,0,31,26,1,27,4,87.09677419354838,81.81818181818181,63.63636363636363,50.0,100.0,86.66666666666667,307,11.37037037037037,0,0,0,0,4,0,0,0,0,0,5.6612,4.0103,2044,574738,45,13,114,0.5086321381142098,0,0.035879,0.026545,23,0.27,4.156,4.372,0,0.0,0.0,0,0,0,0,0,0,
K4_R0.90_T1_H1_N4_S8016_CENTRAL_inprocess,8016,4,0.9,1,1,N4,0.98,3.0,,CENTRAL,inprocess,064774d581f068bf4317e21a3836441cd7face758ecf0eb5d1076e4e9a07a180,486e9d6c35d74a10baa9ad14f5d14a42eda19afb3b9932a2dac9d5526c8e27a9,0.114,0,31,29,1,30,1,96.7741935483871,96.36363636363636,90.9090909090909,100.0,100.0,100.0,325,10.833333333333334,0,0,0,0,4,0,0,0,0,0,5.67,4.0103,2112,585147,35,20,120,0.5839646464646465,0,0.065561,0.027221,32,0.9650000000000001,4.726,5.596,0,0.0,0.0,0,0,0,0,0,0,
K8_R1.05_T1_H1_N4_S8016_EDGE_MARKET_inprocess,8016,8,1.05,1,1,N4,0.98,3.0,,EDGE_MARKET,inprocess,822d442725c674299e03091f9e3b28cd2debc67493d79ffac2fdfe69e3da4623,81f7b758193f454b3da225bfcdc1ee7fe0ae285b881547deccfe8ed75a6a4ef0,0.285,0,72,47,4,51,21,70.83333333333333,69.23076923076923,56.52173913043478,62.5,77.55102040816327,78.57142857142857,746,14.627450980392156,0,0,0,0,6,0,0,0,0,0,5.6105,3.893,5280,1394757,79,50,5,0.016122766122766124,0,0.024226,0.20857199999999998,162,0.043000000000000003,0.11900000000000001,0.164,1413,0.434,2.837,0,31,0,0,0,0,
K4_R0.90_T1_H1_N4_S8016_CENTRAL_FB_inprocess,8016,4,0.9,1,1,N4,0.98,3.0,,CENTRAL_FB,inprocess,064774d581f068bf4317e21a3836441cd7face758ecf0eb5d1076e4e9a07a180,2983361d9d44f43f9e0567c8f1866b8afe6d3613f5715371dc1911dd8d9e2136,0.111,0,31,29,1,30,1,96.7741935483871,96.36363636363636,90.9090909090909,100.0,100.0,100.0,322,10.733333333333333,0,0,0,0,4,0,0,0,0,0,5.67,4.0103,2124,586160,37,20,120,0.5721455457967378,0,0.063313,0.027211,35,0.7969999999999999,4.348,5.258,14,0.031,0.097,0,0,0,0,0,0,
K8_R1.05_T1_H1_N4_S8016_HYBRID_EAGER_inprocess,8016,8,1.05,1,1,N4,0.98,3.0,,HYBRID_EAGER,inprocess,822d442725c674299e03091f9e3b28cd2debc67493d79ffac2fdfe69e3da4623,772a89af7cb767a38495f597a86de8737ab8727afb9c0221335294b96b8feed7,1.151,0,72,49,4,53,19,73.61111111111111,74.35897435897436,69.56521739130434,75.0,75.51020408163265,78.57142857142857,795,15.0,0,0,0,0,7,0,0,0,0,0,5.6571,3.893,6008,1360579,123,61,6,0.026893617021276597,0,0.950586,0.143583,150,0.091,23.073,25.943,697,0.408,2.774,0,23,0,0,0,0,
K4_R0.90_T1_H1_N4_S8016_EDGE_MARKET_inprocess,8016,4,0.9,1,1,N4,0.98,3.0,,EDGE_MARKET,inprocess,064774d581f068bf4317e21a3836441cd7face758ecf0eb5d1076e4e9a07a180,4e33249461257c77c806004fc3da02d6e220739a79a9a1e4cd0cdf0e9198fa00,0.083,0,31,25,1,26,5,83.87096774193549,87.27272727272727,90.9090909090909,100.0,80.0,93.33333333333333,351,13.5,0,0,0,0,4,0,0,0,0,0,5.6733,4.0103,2160,623059,59,32,7,0.013902205177372963,0,0.009912,0.050941,61,0.024,0.045000000000000005,0.061,258,0.462,2.8449999999999998,0,8,0,0,0,0,
K4_R0.90_T1_H1_N4_S8016_CENTRAL_FOG_inprocess,8016,4,0.9,1,1,N4,0.98,3.0,,CENTRAL_FOG,inprocess,064774d581f068bf4317e21a3836441cd7face758ecf0eb5d1076e4e9a07a180,096f12e268f34da6d0d69ada7d8298823a69a0b6b55b14253a4a41ff071bc351,0.17,0,31,28,1,29,2,93.54838709677419,96.36363636363636,100.0,100.0,90.0,93.33333333333333,326,11.241379310344827,0,0,0,0,4,0,0,0,0,0,5.6633,4.0103,2377,607359,52,31,4,0.016421780466724288,1,0.119063,0.028769999999999997,63,1.555,4.208,5.233,0,0.0,0.0,0,0,0,0,0,0,
K4_R0.90_T1_H1_N4_S8016_HYBRID_inprocess,8016,4,0.9,1,1,N4,0.98,3.0,,HYBRID,inprocess,064774d581f068bf4317e21a3836441cd7face758ecf0eb5d1076e4e9a07a180,41bca1b845fb25dd5e0d3b66c6e39c347357773e918a12b4fd09656fc4f0a59c,0.12,0,31,29,1,30,1,96.7741935483871,98.18181818181819,100.0,100.0,95.0,93.33333333333333,321,10.7,0,0,0,0,4,0,0,0,0,0,5.6809,4.0103,2191,596596,48,22,4,0.010833725859632595,0,0.065184,0.032044,53,0.047,4.4910000000000005,5.568,58,0.09000000000000001,0.437,0,3,0,0,0,0,
K16_R0.90_T1_H1_N4_S8015_CENTRAL_FOG_inprocess,8015,16,0.9,1,1,N4,0.98,3.0,,CENTRAL_FOG,inprocess,962d3244f1fcd612533130d163a173e56fb74c653252e3360856229b7d67c340,d5ea8fe4fc09410c87066224782ccd3c2afa612a595d1d5ecceb744db74061cf,4.347,0,123,100,2,102,21,82.92682926829268,86.80203045685279,89.47368421052632,100.0,80.0,84.48275862068965,1567,15.362745098039216,0,0,0,0,15,0,0,0,0,0,5.6417,3.9142,12630,2604355,213,125,9,0.02440206851971558,2,4.039444,0.15403199999999997,168,26.798,40.112,48.959,0,0.0,0.0,0,0,0,0,0,0,
K4_R0.90_T1_H1_N4_S8016_HYBRID_EAGER_inprocess,8016,4,0.9,1,1,N4,0.98,3.0,,HYBRID_EAGER,inprocess,064774d581f068bf4317e21a3836441cd7face758ecf0eb5d1076e4e9a07a180,e77c52fa9a27feaac4bd45cd5537251c74495a7f0e4e206c1abdc431b9e628b5,0.124,0,31,29,1,30,1,96.7741935483871,96.36363636363636,90.9090909090909,100.0,100.0,93.33333333333333,325,10.833333333333334,0,0,0,0,4,0,0,0,0,0,5.7359,4.0103,2206,597749,40,24,4,0.009794776119402986,0,0.067604,0.034201,56,0.047,4.405,7.131,61,0.093,0.429,0,3,0,0,0,0,
K8_R1.05_T1_H1_N4_S8016_CENTRAL_FOG_inprocess,8016,8,1.05,1,1,N4,0.98,3.0,,CENTRAL_FOG,inprocess,822d442725c674299e03091f9e3b28cd2debc67493d79ffac2fdfe69e3da4623,91473f429a51b38ac411a439d9ba4394bb77efda006cadc259a85e0b7365c70b,2.198,0,72,50,3,53,19,73.61111111111111,77.77777777777777,82.6086956521739,87.5,69.38775510204081,67.85714285714286,839,15.830188679245284,6,6,0,0,7,0,0,0,0,0,5.6357,3.893,6411,1328922,125,65,5,0.031006519319446653,0,2.066157,0.070882,151,13.793,24.496,27.77,0,0.0,0.0,0,0,0,0,0,0,
K16_R0.90_T1_H1_N4_S8016_STATIC_inprocess,8016,16,0.9,1,1,N4,0.98,3.0,,STATIC,inprocess,0b5f9851c350e8a1e61728c23d48d88b63dbea17b5e154d31af56b5c63fde5e5,5d49245faee1959478e5bf2a311c2ebd12ec01257bb50bc0ffbc540955f4a8fa,0.287,0,123,99,5,104,19,84.55284552845528,80.20304568527919,64.70588235294117,58.333333333333336,92.13483146067416,82.45614035087719,1645,15.817307692307692,0,0,0,0,15,0,0,0,0,0,5.6745,3.8595,7722,2177372,113,70,120,0.5308090730487587,0,0.037575,0.12079799999999999,103,0.008,0.446,2.406,0,0.0,0.0,0,2,0,0,0,0,
K16_R0.90_T1_H1_N4_S8016_PERIODIC_inprocess,8016,16,0.9,1,1,N4,0.98,3.0,,PERIODIC,inprocess,0b5f9851c350e8a1e61728c23d48d88b63dbea17b5e154d31af56b5c63fde5e5,06828a7da5e93e526d90e22abb932cf491bd990fe056f9498f027f193c572096,0.631,0,123,99,5,104,19,84.55284552845528,83.75634517766497,76.47058823529412,83.33333333333333,87.64044943820225,84.21052631578948,1548,14.884615384615385,0,0,0,0,13,0,0,0,0,0,5.6686,3.8595,8259,2217359,135,70,120,0.5450391644908616,0,0.37429,0.126013,23,2.904,50.538,54.857000000000006,0,0.0,0.0,0,3,0,0,0,0,
K16_R0.90_T1_H1_N4_S8016_EDGE_MARKET_inprocess,8016,16,0.9,1,1,N4,0.98,3.0,,EDGE_MARKET,inprocess,0b5f9851c350e8a1e61728c23d48d88b63dbea17b5e154d31af56b5c63fde5e5,c07149e468a3c9c4a15da453ce5bda0c9f476e3a85f5fed96420146802f103fe,0.605,0,123,104,4,108,15,87.8048780487805,88.83248730964468,91.17647058823529,75.0,86.51685393258427,87.71929824561404,1581,14.63888888888889,0,0,0,0,14,0,0,0,0,0,5.6827,3.8595,10278,2636509,224,90,5,0.014129672311854895,0,0.045862,0.4193420000000001,124,0.083,0.242,0.479,2396,0.442,3.004,0,40,0,0,0,0,
K8_R0.75_T1_H1_N4_S8017_STATIC_inprocess,8017,8,0.75,1,1,N4,0.98,3.0,,STATIC,inprocess,33a2320a708712c57f4d6c7782cac126910d57786437ce1458a8e16d4891dc22,9371145f5a0628ac8a0086f0a02e5a825ef55c5ba41e5bfd19808e64e0fad458,0.102,0,51,43,2,45,6,88.23529411764706,82.92682926829268,60.0,50.0,100.0,91.30434782608695,661,14.688888888888888,0,0,0,0,4,0,0,0,0,0,5.633,3.8598,3844,1060061,64,25,115,0.39554117224020136,0,0.013551,0.050473000000000004,97,0.004,0.132,0.309,0,0.0,0.0,0,0,0,0,0,0,
K8_R0.75_T1_H1_N4_S8017_PERIODIC_inprocess,8017,8,0.75,1,1,N4,0.98,3.0,,PERIODIC,inprocess,33a2320a708712c57f4d6c7782cac126910d57786437ce1458a8e16d4891dc22,a2a4f6ebb30deacc9db183732654b91f44aeebc30b95e17746b78fd52a9c1874,0.177,0,51,45,2,47,4,92.15686274509804,87.8048780487805,80.0,50.0,97.22222222222223,86.95652173913044,604,12.851063829787234,0,0,0,0,3,0,0,0,0,0,5.6764,3.8598,4070,1089578,61,25,115,0.42445328031809143,0,0.084936,0.05191,23,0.312,13.100999999999999,16.375,0,0.0,0.0,0,1,0,0,0,0,
K16_R0.90_T1_H1_N4_S8016_CENTRAL_FB_inprocess,8016,16,0.9,1,1,N4,0.98,3.0,,CENTRAL_FB,inprocess,0b5f9851c350e8a1e61728c23d48d88b63dbea17b5e154d31af56b5c63fde5e5,61cd9b9121ecac6633a2c987a2fda09d1b9c01b0b6b3a057ebf516e444161708,1.945,0,123,102,4,106,17,86.17886178861788,88.3248730964467,88.23529411764706,91.66666666666667,85.3932584269663,91.2280701754386,1598,15.075471698113208,0,0,0,0,13,0,0,0,0,0,5.6464,3.8595,9703,2313479,132,83,122,0.6324438017615355,1,1.671174,0.13453800000000002,80,14.116,44.525,57.302,54,0.094,0.448,0,1,0,0,0,0,
K8_R0.75_T1_H1_N4_S8017_CENTRAL_inprocess,8017,8,0.75,1,1,N4,0.98,3.0,,CENTRAL,inprocess,33a2320a708712c57f4d6c7782cac126910d57786437ce1458a8e16d4891dc22,2ab82eb41efe904f07c30ef90a2b2e668cee80a32a7044b22b57e264ec56e210,0.27,0,51,44,2,46,5,90.19607843137256,89.02439024390245,86.66666666666667,75.0,91.66666666666667,86.95652173913044,708,15.391304347826088,0,0,0,0,2,0,0,0,0,0,5.5883,3.8598,4374,1111360,58,33,120,0.5638489208633094,0,0.174042,0.053519,53,1.176,9.672,16.104,0,0.0,0.0,0,0,0,0,0,0,
K16_R0.90_T1_H1_N4_S8016_CENTRAL_inprocess,8016,16,0.9,1,1,N4,0.98,3.0,,CENTRAL,inprocess,0b5f9851c350e8a1e61728c23d48d88b63dbea17b5e154d31af56b5c63fde5e5,7852d21fd5a318c75f79b2a45a4634f7edb7dd520aa5673d2aaf1cada1867dae,2.025,0,123,103,4,107,16,86.99186991869918,89.34010152284264,91.17647058823529,91.66666666666667,85.3932584269663,87.71929824561404,1597,14.925233644859814,0,0,0,0,14,0,0,0,0,0,5.6806,3.8595,9955,2338497,148,77,122,0.6195084681013625,0,1.750347,0.134914,88,11.700999999999999,43.596000000000004,58.121,0,0.0,0.0,0,1,0,0,0,0,
K8_R0.75_T1_H1_N4_S8017_CENTRAL_FB_inprocess,8017,8,0.75,1,1,N4,0.98,3.0,,CENTRAL_FB,inprocess,33a2320a708712c57f4d6c7782cac126910d57786437ce1458a8e16d4891dc22,daafeebcd9d79d52fcfd215e3b0ff3ab79778d0fd4145a894b7bf1ff692a6a38,0.267,0,51,44,2,46,5,90.19607843137256,89.02439024390245,86.66666666666667,75.0,91.66666666666667,86.95652173913044,732,15.91304347826087,0,0,0,0,3,0,0,0,0,0,5.6676,3.8598,4404,1131146,64,33,120,0.5562835020845741,0,0.171892,0.053782,54,1.048,9.582,16.842,32,0.014,0.028,0,0,0,0,0,0,
K8_R0.75_T1_H1_N4_S8017_HYBRID_inprocess,8017,8,0.75,1,1,N4,0.98,3.0,,HYBRID,inprocess,33a2320a708712c57f4d6c7782cac126910d57786437ce1458a8e16d4891dc22,ca995697ba1f6c367b9cc027b5c466999e0cd6d20438070ae81c9ac7d8a1191b,0.278,0,51,46,2,48,3,94.11764705882354,92.6829268292683,93.33333333333333,100.0,94.44444444444444,95.65217391304348,705,14.6875,0,0,0,0,5,0,0,0,0,0,5.6744,3.8598,4583,1167913,90,40,10,0.018867924528301886,1,0.169563,0.064248,75,0.077,8.808,16.544,133,0.092,0.40900000000000003,0,1,0,0,0,0,
K8_R0.75_T1_H1_N4_S8017_CENTRAL_FOG_inprocess,8017,8,0.75,1,1,N4,0.98,3.0,,CENTRAL_FOG,inprocess,33a2320a708712c57f4d6c7782cac126910d57786437ce1458a8e16d4891dc22,1221864511a1de5d1edeeb9a8d2148243f12d134ebc8a64196b88d89b761929d,0.342,0,51,48,2,50,1,98.03921568627452,97.5609756097561,100.0,100.0,97.22222222222223,95.65217391304348,643,12.86,0,0,0,0,3,0,0,0,0,0,5.6497,3.8598,4642,1136474,99,39,10,0.02153163152053274,0,0.239173,0.057208999999999996,75,2.2169999999999996,9.079,16.589,0,0.0,0.0,0,0,0,0,0,0,
K16_R0.90_T1_H1_N4_S8016_HYBRID_EAGER_inprocess,8016,16,0.9,1,1,N4,0.98,3.0,,HYBRID_EAGER,inprocess,0b5f9851c350e8a1e61728c23d48d88b63dbea17b5e154d31af56b5c63fde5e5,28f2c001dcb7e6c1308a2f8e48a2ced4ed8e8ef7203c7b53715c7cce588fe9ed,2.183,0,123,104,4,108,15,87.8048780487805,91.87817258883248,97.05882352941177,100.0,84.26966292134831,89.47368421052632,1500,13.88888888888889,0,0,0,0,15,0,0,0,0,0,5.9984,3.8595,11073,2559226,196,106,12,0.022064254062038404,0,1.791487,0.246538,152,0.157,41.763,61.39,1107,0.388,0.496,0,21,0,0,0,0,
K8_R0.75_T1_H1_N4_S8017_EDGE_MARKET_inprocess,8017,8,0.75,1,1,N4,0.98,3.0,,EDGE_MARKET,inprocess,33a2320a708712c57f4d6c7782cac126910d57786437ce1458a8e16d4891dc22,1321b8066aff7035adb9a4f4a235eace3647faa15b5bad4f1b9695d521afc34c,0.154,0,51,46,2,48,3,94.11764705882354,92.6829268292683,86.66666666666667,100.0,97.22222222222223,91.30434782608695,704,14.666666666666666,0,0,0,0,3,0,0,0,0,0,5.6803,3.8598,4161,1143595,83,37,1,0.005218687872763419,0,0.017395,0.09341800000000001,50,0.014,0.048,0.074,379,0.448,2.911,0,8,0,0,0,0,
K8_R0.75_T1_H1_N4_S8017_HYBRID_EAGER_inprocess,8017,8,0.75,1,1,N4,0.98,3.0,,HYBRID_EAGER,inprocess,33a2320a708712c57f4d6c7782cac126910d57786437ce1458a8e16d4891dc22,c3cba53bb53f50b9b1ae08e8ae14fea1f5ac9827582db3474be0b320f040a329,0.291,0,51,46,2,48,3,94.11764705882354,92.6829268292683,93.33333333333333,100.0,94.44444444444444,95.65217391304348,705,14.6875,0,0,0,0,5,0,0,0,0,0,5.6744,3.8598,4583,1167862,90,40,10,0.018867924528301886,1,0.175214,0.070232,75,0.076,9.854999999999999,16.931,141,0.096,0.43600000000000005,0,1,0,0,0,0,
K16_R0.90_T1_H1_N4_S8016_HYBRID_inprocess,8016,16,0.9,1,1,N4,0.98,3.0,,HYBRID,inprocess,0b5f9851c350e8a1e61728c23d48d88b63dbea17b5e154d31af56b5c63fde5e5,67b24378e263629c0b17f04de60e70d2bab3b9b9241456442578fc27a5ebb814,2.168,0,123,106,5,111,12,90.2439024390244,93.90862944162437,100.0,100.0,86.51685393258427,92.98245614035088,1543,13.9009009009009,0,0,0,0,15,0,0,0,0,0,5.6662,3.8595,11661,2693340,221,112,12,0.02752695713158587,0,1.715497,0.30521300000000007,148,0.247,42.211,56.033,1506,0.434,2.8609999999999998,0,31,0,0,0,0,
K8_R1.05_T1_H1_N4_S8017_STATIC_inprocess,8017,8,1.05,1,1,N4,0.98,3.0,,STATIC,inprocess,7e678dbea9b2dfac3091863915eed17d124c10d2d42f4e39abb2193f5cd1b9ac,e50812b63b91e1b17582731cc2cf9eb76dab3e8ba55d311d7d96454256f28613,0.118,0,72,55,3,58,14,80.55555555555556,73.7864077669903,40.0,20.0,91.2280701754386,78.78787878787878,792,13.655172413793103,0,0,0,0,8,0,0,0,0,0,5.6812,3.877,3871,1092866,76,21,117,0.541458184417441,0,0.016226,0.056372000000000005,104,0.006,0.26899999999999996,0.527,0,0.0,0.0,0,1,0,0,0,0,
K8_R1.05_T1_H1_N4_S8017_PERIODIC_inprocess,8017,8,1.05,1,1,N4,0.98,3.0,,PERIODIC,inprocess,7e678dbea9b2dfac3091863915eed17d124c10d2d42f4e39abb2193f5cd1b9ac,1ec5d2691cb63fb2f2d95ed18a31490fa4e6b0679291fa5898b7b4f07ea99da7,0.371,0,72,55,2,57,15,79.16666666666667,80.58252427184466,73.33333333333333,80.0,80.70175438596492,72.72727272727273,823,14.43859649122807,0,0,0,0,7,0,0,0,0,0,5.6629,3.877,4316,1128480,76,29,115,0.5345409886398527,1,0.266708,0.057232000000000005,23,1.17,35.312000000000005,36.047000000000004,0,0.0,0.0,0,0,0,0,0,0,
K16_R0.90_T1_H1_N4_S8016_CENTRAL_FOG_inprocess,8016,16,0.9,1,1,N4,0.98,3.0,,CENTRAL_FOG,inprocess,0b5f9851c350e8a1e61728c23d48d88b63dbea17b5e154d31af56b5c63fde5e5,bfc8d8c162b95decbfe3f699d22ee1be110621e0abca2824d3f2a6c568349b9f,3.976,0,123,102,5,107,16,86.99186991869918,89.84771573604061,94.11764705882354,83.33333333333333,84.26966292134831,87.71929824561404,1582,14.785046728971963,0,0,0,0,15,0,0,0,0,0,5.6599,3.8595,13276,2641765,257,125,12,0.03444043875124645,0,3.667984,0.15375799999999998,177,20.162,41.438,54.236,0,0.0,0.0,0,0,0,0,0,0,
K8_R1.05_T1_H1_N4_S8017_CENTRAL_inprocess,8017,8,1.05,1,1,N4,0.98,3.0,,CENTRAL,inprocess,7e678dbea9b2dfac3091863915eed17d124c10d2d42f4e39abb2193f5cd1b9ac,3baafb8de105f659449e14fcdaa72daf96f4e730b08a55fe9578c6571b103dd2,1.304,0,72,57,2,59,13,81.94444444444444,83.49514563106796,86.66666666666667,60.0,80.70175438596492,72.72727272727273,857,14.525423728813559,3,3,0,0,8,0,0,0,0,0,5.6605,3.877,4959,1203551,82,44,111,0.44131935566351316,0,1.189705,0.062279,63,24.819999999999997,37.900999999999996,43.45,0,0.0,0.0,0,2,0,0,0,0,
K8_R1.05_T1_H1_N4_S8017_HYBRID_inprocess,8017,8,1.05,1,1,N4,0.98,3.0,,HYBRID,inprocess,7e678dbea9b2dfac3091863915eed17d124c10d2d42f4e39abb2193f5cd1b9ac,a363d6b65e0811fb416574daadee7acf47ba5aaa0f4ee0c72ad03ba98d0b8059,1.312,0,72,56,2,58,14,80.55555555555556,81.55339805825243,86.66666666666667,60.0,78.94736842105263,69.6969696969697,744,12.827586206896552,0,0,0,0,5,0,0,0,0,0,5.759,3.877,5306,1270212,123,57,10,0.020483091787439612,0,1.168214,0.08987200000000001,109,0.085,37.047,45.203,302,0.416,0.5,0,11,0,0,0,0,
K8_R1.05_T1_H1_N4_S8017_CENTRAL_FB_inprocess,8017,8,1.05,1,1,N4,0.98,3.0,,CENTRAL_FB,inprocess,7e678dbea9b2dfac3091863915eed17d124c10d2d42f4e39abb2193f5cd1b9ac,e59dd387d5912e83dde51fda6b2195262f7be3a12a2ad6b706c026bc20fa0099,1.306,0,72,55,2,57,15,79.16666666666667,77.66990291262135,66.66666666666667,40.0,82.45614035087719,69.6969696969697,851,14.929824561403509,3,3,0,0,7,0,0,0,0,0,5.6325,3.877,5019,1208206,91,45,111,0.43718466195761857,0,1.190494,0.06393299999999999,70,7.861999999999999,37.155,45.927,31,0.094,0.414,0,1,0,0,0,0,
K4_R0.90_T1_H1_N4_S8017_STATIC_inprocess,8017,4,0.9,1,1,N4,0.98,3.0,,STATIC,inprocess,90d665b60a9b238125e42d6165000ed0783867dc540557efa5d236664c18260c,0a436d1d85c3672872942c676fdfc77e644357265da1ccee704db12d337ef2a6,0.054,0,31,23,1,24,7,77.41935483870968,69.0909090909091,53.333333333333336,25.0,100.0,73.6842105263158,305,12.708333333333334,0,0,0,0,4,0,0,0,0,0,5.6522,3.8587,1930,532884,39,14,119,0.4750542299349241,0,0.007717,0.026048,70,0.005,0.10900000000000001,0.23299999999999998,0,0.0,0.0,0,0,0,0,0,0,
K4_R0.90_T1_H1_N4_S8017_PERIODIC_inprocess,8017,4,0.9,1,1,N4,0.98,3.0,,PERIODIC,inprocess,90d665b60a9b238125e42d6165000ed0783867dc540557efa5d236664c18260c,ffe8f1738fd639e163c13384ed269d30dfedc36db459835fb6f3bd9e909ecb59,0.081,0,31,22,2,24,7,77.41935483870968,76.36363636363636,66.66666666666667,75.0,87.5,73.6842105263158,299,12.458333333333334,0,0,0,0,4,0,0,0,0,0,5.6154,3.8587,2056,521608,40,19,109,0.4542440318302387,1,0.034646,0.026024,23,0.38499999999999995,3.3449999999999998,3.698,0,0.0,0.0,0,0,0,0,0,0,
K8_R1.05_T1_H1_N4_S8017_EDGE_MARKET_inprocess,8017,8,1.05,1,1,N4,0.98,3.0,,EDGE_MARKET,inprocess,7e678dbea9b2dfac3091863915eed17d124c10d2d42f4e39abb2193f5cd1b9ac,9c1b28b912d0ef1aeb85647624e471db4793d2c77cfc3f9716803ceb73e0228b,0.31,0,72,57,0,57,15,79.16666666666667,85.4368932038835,100.0,100.0,73.6842105263158,66.66666666666667,781,13.701754385964913,0,0,0,0,7,0,0,0,0,0,5.6665,3.877,5200,1348732,120,38,5,0.01881560705090117,0,0.023334,0.23363499999999998,136,0.044,0.16,0.29300000000000004,1302,0.477,3.105,0,40,0,0,0,0,
K4_R0.90_T1_H1_N4_S8017_CENTRAL_inprocess,8017,4,0.9,1,1,N4,0.98,3.0,,CENTRAL,inprocess,90d665b60a9b238125e42d6165000ed0783867dc540557efa5d236664c18260c,93380f6bee22dfdf0353889275c2d08e3a8cd5d202c6f2ebb7de5e487e7c9f1d,0.113,0,31,23,2,25,6,80.64516129032258,78.18181818181819,73.33333333333333,50.0,87.5,84.21052631578948,278,11.12,0,0,0,0,3,0,0,0,0,0,5.6181,3.8587,2123,528105,27,10,119,0.39108600125549275,0,0.066186,0.026087,40,1.0510000000000002,3.403,3.4819999999999998,0,0.0,0.0,0,1,0,0,0,0,
K4_R0.90_T1_H1_N4_S8017_CENTRAL_FB_inprocess,8017,4,0.9,1,1,N4,0.98,3.0,,CENTRAL_FB,inprocess,90d665b60a9b238125e42d6165000ed0783867dc540557efa5d236664c18260c,b22f21bd59b091cc07f262a75c95a8c48332a3f6b74fd8fd1bbb86c3dae248b9,0.115,0,31,24,2,26,5,83.87096774193549,83.63636363636364,80.0,75.0,87.5,78.94736842105263,293,11.26923076923077,0,0,0,0,4,0,0,0,0,0,5.6174,3.8587,2137,530403,39,12,119,0.39285714285714285,0,0.066888,0.026889,39,1.452,3.351,3.4880000000000004,12,0.102,0.10900000000000001,0,0,0,0,0,0,
K4_R0.90_T1_H1_N4_S8017_HYBRID_inprocess,8017,4,0.9,1,1,N4,0.98,3.0,,HYBRID,inprocess,90d665b60a9b238125e42d6165000ed0783867dc540557efa5d236664c18260c,69856850d6faaf5780ab249e885db39f55a951d1fbeb84bab94223bf67279c12,0.131,0,31,24,2,26,5,83.87096774193549,87.27272727272727,93.33333333333333,100.0,75.0,78.94736842105263,317,12.192307692307692,0,0,0,0,4,0,0,0,0,0,5.6053,3.8587,2308,585446,54,18,1,0.005390835579514825,0,0.066642,0.041418,88,0.045000000000000005,3.305,4.799,158,0.46099999999999997,0.48700000000000004,0,7,0,0,0,0,
K4_R0.90_T1_H1_N4_S8017_EDGE_MARKET_inprocess,8017,4,0.9,1,1,N4,0.98,3.0,,EDGE_MARKET,inprocess,90d665b60a9b238125e42d6165000ed0783867dc540557efa5d236664c18260c,cd4d4accc847f0052fa770f137608ae75d516632cb18697c968111c213eb2ad2,0.099,0,31,22,2,24,7,77.41935483870968,81.81818181818181,86.66666666666667,100.0,68.75,73.6842105263158,297,12.375,0,0,0,0,4,0,0,0,0,0,5.6554,3.8587,2300,599006,49,23,3,0.008992805755395683,0,0.010584,0.06501599999999999,82,0.024,0.068,0.098,353,0.462,2.921,0,19,0,0,0,0,
K4_R0.90_T1_H1_N4_S8017_HYBRID_EAGER_inprocess,8017,4,0.9,1,1,N4,0.98,3.0,,HYBRID_EAGER,inprocess,90d665b60a9b238125e42d6165000ed0783867dc540557efa5d236664c18260c,21d234ff46ad346ca387242270bf3e5178066543e13af6c1ca15488d26a20a36,0.131,0,31,24,2,26,5,83.87096774193549,87.27272727272727,93.33333333333333,100.0,75.0,78.94736842105263,317,12.192307692307692,0,0,0,0,4,0,0,0,0,0,5.6053,3.8587,2308,585446,54,18,1,0.005390835579514825,0,0.065693,0.042831,88,0.044,3.279,3.497,162,0.449,0.491,0,7,0,0,0,0,
K4_R0.90_T1_H1_N4_S8017_CENTRAL_FOG_inprocess,8017,4,0.9,1,1,N4,0.98,3.0,,CENTRAL_FOG,inprocess,90d665b60a9b238125e42d6165000ed0783867dc540557efa5d236664c18260c,78d39c1945240cdf7f646ce7efebecaa41abdacf581674978070454133d57ce8,0.201,0,31,24,2,26,5,83.87096774193549,87.27272727272727,93.33333333333333,100.0,75.0,73.6842105263158,303,11.653846153846153,0,0,0,0,4,0,0,0,0,0,5.6038,3.8587,2405,570661,54,18,12,0.015444015444015444,0,0.148166,0.029371,69,2.2659999999999996,3.3440000000000003,3.436,0,0.0,0.0,0,0,0,0,0,0,
K8_R1.05_T1_H1_N4_S8017_HYBRID_EAGER_inprocess,8017,8,1.05,1,1,N4,0.98,3.0,,HYBRID_EAGER,inprocess,7e678dbea9b2dfac3091863915eed17d124c10d2d42f4e39abb2193f5cd1b9ac,a081bc546cc2c9f20c881fa34108cd58dc18687908a2debe0a5f68dbac254031,1.296,0,72,56,2,58,14,80.55555555555556,81.55339805825243,86.66666666666667,60.0,78.94736842105263,69.6969696969697,744,12.827586206896552,0,0,0,0,5,0,0,0,0,0,5.759,3.877,5306,1270200,123,57,10,0.020483091787439612,0,1.147035,0.094144,109,0.08399999999999999,37.564,45.799,308,0.435,0.505,0,11,0,0,0,0,
K8_R1.05_T1_H1_N4_S8017_CENTRAL_FOG_inprocess,8017,8,1.05,1,1,N4,0.98,3.0,,CENTRAL_FOG,inprocess,7e678dbea9b2dfac3091863915eed17d124c10d2d42f4e39abb2193f5cd1b9ac,f29bf51882c7c9196d1fc8477c9b243196913fa021fbb75149c7294e74bc7e8c,2.185,0,72,57,1,58,14,80.55555555555556,82.52427184466019,86.66666666666667,60.0,78.94736842105263,75.75757575757575,712,12.275862068965518,0,0,0,0,6,0,0,0,0,0,5.6627,3.877,6125,1282571,142,74,5,0.02282192237214726,3,2.058058,0.068335,130,14.21,36.083999999999996,43.824000000000005,0,0.0,0.0,0,0,0,0,0,0,
K16_R0.90_T1_H1_N4_S8017_STATIC_inprocess,8017,16,0.9,1,1,N4,0.98,3.0,,STATIC,inprocess,78e1ad90d797312676c1a5377d966e4d227796deae4095fc592158531af374a0,6d244ede324d1a600e9449ee854089a382b36bec462c5fc0ca9fd562b9b5f603,0.281,0,123,98,4,102,21,82.92682926829268,80.09478672985782,70.73170731707317,68.42105263157895,89.02439024390245,82.45614035087719,1591,15.598039215686274,0,0,0,0,13,0,0,0,0,0,5.6996,3.8531,7729,2101740,132,48,116,0.5672818491309801,0,0.037869,0.116691,107,0.008,0.5339999999999999,2.476,0,0.0,0.0,0,4,0,0,0,0,
K16_R0.90_T1_H1_N4_S8017_PERIODIC_inprocess,8017,16,0.9,1,1,N4,0.98,3.0,,PERIODIC,inprocess,78e1ad90d797312676c1a5377d966e4d227796deae4095fc592158531af374a0,a467b5c15fa459b80817731f9b13ac9469dfbd8d9beb761012d1e5be24d9b94c,0.574,0,123,103,4,107,16,86.99186991869918,82.46445497630332,70.73170731707317,57.89473684210526,95.1219512195122,82.45614035087719,1598,14.934579439252337,0,0,0,0,12,0,0,0,0,0,5.67,3.8531,8249,2141395,140,67,116,0.5299215173315893,1,0.323692,0.12106299999999999,23,1.9819999999999998,37.261,51.495,0,0.0,0.0,0,2,0,0,0,0,
K16_R0.90_T1_H1_N4_S8017_EDGE_MARKET_inprocess,8017,16,0.9,1,1,N4,0.98,3.0,,EDGE_MARKET,inprocess,78e1ad90d797312676c1a5377d966e4d227796deae4095fc592158531af374a0,5b51d4dbdf005ca8bc8164ccfe744fa09ff9bd8022b9886edbc3f0eab2ebb3a9,0.705,0,123,99,4,103,20,83.73983739837398,87.67772511848341,92.6829268292683,100.0,79.26829268292683,84.21052631578948,1567,15.21359223300971,0,0,0,0,10,0,0,0,0,0,6.1461,3.8531,10911,2718500,231,117,9,0.018342583011946197,1,0.048797,0.512518,163,0.081,0.285,0.386,2937,0.442,3.069,0,55,0,0,0,0,
K8_R0.75_T1_H1_N4_S8018_STATIC_inprocess,8018,8,0.75,1,1,N4,0.98,3.0,,STATIC,inprocess,7d5e4c9be32bb956fb6ec6becf23f90802f3b7dcedd74f1b599c0954b2828dd3,de06d19b8dbf3a792f5a3ea2079690214b62c9702887d446fa40056699261b68,0.101,0,51,45,2,47,4,92.15686274509804,87.64044943820225,80.0,50.0,100.0,95.83333333333333,586,12.46808510638298,0,0,0,0,5,1,1,0,12,18,9.8865,3.9393,3849,1019106,60,31,115,0.3827425707124955,1,0.013095,0.04885300000000001,54,0.004,0.149,0.506,0,0.0,0.0,0,1,0,0,0,0,
K8_R0.75_T1_H1_N4_S8018_PERIODIC_inprocess,8018,8,0.75,1,1,N4,0.98,3.0,,PERIODIC,inprocess,7d5e4c9be32bb956fb6ec6becf23f90802f3b7dcedd74f1b599c0954b2828dd3,02b5eeadf22d6f49201180d997934e0fd58762692a29d610161ea7f4ea09a51f,0.168,0,51,44,2,46,5,90.19607843137256,85.3932584269663,75.0,50.0,100.0,95.83333333333333,578,12.565217391304348,0,0,0,0,6,0,0,0,0,0,5.6656,3.9393,4048,1033613,56,22,114,0.36014686248331107,2,0.076151,0.051056000000000004,23,0.389,8.911999999999999,10.639,0,0.0,0.0,0,0,0,0,0,0,
K8_R0.75_T1_H1_N4_S8018_CENTRAL_inprocess,8018,8,0.75,1,1,N4,0.98,3.0,,CENTRAL,inprocess,7d5e4c9be32bb956fb6ec6becf23f90802f3b7dcedd74f1b599c0954b2828dd3,fdb2b33ceed81cbf90965497b1815db4599cdf9b051d5e3f7b561fc35a327014,0.305,0,51,45,2,47,4,92.15686274509804,88.76404494382022,85.0,50.0,96.7741935483871,100.0,601,12.787234042553191,0,0,0,0,7,0,0,0,0,0,5.8047,3.9393,4494,1088479,63,34,114,0.29113557358053305,1,0.208302,0.053665,58,1.6969999999999998,8.135,9.678,0,0.0,0.0,0,0,0,0,0,0,
K16_R0.90_T1_H1_N4_S8017_CENTRAL_inprocess,8017,16,0.9,1,1,N4,0.98,3.0,,CENTRAL,inprocess,78e1ad90d797312676c1a5377d966e4d227796deae4095fc592158531af374a0,164d0bd873f40ec727ed4ad9a19c32873b7986daf026719ad1b25058bee6aeea,2.129,0,123,102,3,105,18,85.36585365853658,82.46445497630332,75.60975609756098,52.63157894736842,90.2439024390244,87.71929824561404,1577,15.019047619047619,0,0,0,0,12,0,0,0,0,0,5.7527,3.8531,10315,2328037,165,80,114,0.4065278285227134,1,1.853885,0.132754,94,25.250999999999998,39.287,43.964000000000006,0,0.0,0.0,0,5,0,0,0,0,
K16_R0.90_T1_H1_N4_S8017_CENTRAL_FB_inprocess,8017,16,0.9,1,1,N4,0.98,3.0,,CENTRAL_FB,inprocess,78e1ad90d797312676c1a5377d966e4d227796deae4095fc592158531af374a0,86c4046bf6bf8d15cd42d2998315d6f8137345f02caf72106c32ba5c9a1e7d75,2.16,0,123,102,4,106,17,86.17886178861788,84.83412322274881,80.48780487804878,63.1578947368421,89.02439024390245,87.71929824561404,1586,14.962264150943396,6,6,0,0,13,0,0,0,0,0,5.6529,3.8531,10343,2323099,165,71,114,0.38844379703811605,1,1.885131,0.134696,97,15.765,37.644,45.073,53,0.093,0.447,0,1,0,0,0,0,
K8_R0.75_T1_H1_N4_S8018_CENTRAL_FB_inprocess,8018,8,0.75,1,1,N4,0.98,3.0,,CENTRAL_FB,inprocess,7d5e4c9be32bb956fb6ec6becf23f90802f3b7dcedd74f1b599c0954b2828dd3,b55aea68ad737fffb82ebd1e8c4259270948aab99ed8d9e25a24dadc03ea3cf4,0.313,0,51,45,2,47,4,92.15686274509804,88.76404494382022,85.0,50.0,96.7741935483871,100.0,601,12.787234042553191,0,0,0,0,7,0,0,0,0,0,5.8047,3.9393,4494,1088566,63,34,114,0.29113557358053305,1,0.213759,0.055056,58,1.545,8.345,9.73,19,0.031,0.089,0,0,0,0,0,0,
K8_R0.75_T1_H1_N4_S8018_HYBRID_inprocess,8018,8,0.75,1,1,N4,0.98,3.0,,HYBRID,inprocess,7d5e4c9be32bb956fb6ec6becf23f90802f3b7dcedd74f1b599c0954b2828dd3,6409b64e0e262b97a18cb6958be43acef32a42604f1da6fedd1cc2468411db26,0.333,0,51,46,2,48,3,94.11764705882354,94.38202247191012,90.0,100.0,96.7741935483871,95.83333333333333,587,12.229166666666666,0,0,0,0,6,0,0,0,0,0,5.6578,3.9393,4702,1094042,97,43,3,0.007887817703768623,1,0.225939,0.062069,79,1.512,7.557,10.591,107,0.09899999999999999,0.45199999999999996,0,1,0,0,0,0,
K16_R0.90_T1_H1_N4_S8017_HYBRID_EAGER_inprocess,8017,16,0.9,1,1,N4,0.98,3.0,,HYBRID_EAGER,inprocess,78e1ad90d797312676c1a5377d966e4d227796deae4095fc592158531af374a0,fb9ad9556e510955cb5a2bcc2bb9df91c682d2d50b818a38e397ff255b15e199,2.282,0,123,101,4,105,18,85.36585365853658,86.72985781990522,85.36585365853658,78.94736842105263,85.36585365853658,85.96491228070175,1633,15.552380952380952,0,0,0,0,13,0,0,0,0,0,5.6664,3.8531,11446,2548914,228,106,10,0.019855111349610946,0,1.900026,0.23620800000000003,160,1.9189999999999998,35.962,44.257999999999996,877,0.399,0.479,0,24,0,0,0,0,
K8_R0.75_T1_H1_N4_S8018_CENTRAL_FOG_inprocess,8018,8,0.75,1,1,N4,0.98,3.0,,CENTRAL_FOG,inprocess,7d5e4c9be32bb956fb6ec6becf23f90802f3b7dcedd74f1b599c0954b2828dd3,0ca5886e64d00b24a88df422c1658ba643bf9a12cefb6dbd4aeffea2b7554fc3,0.468,0,51,46,2,48,3,94.11764705882354,94.38202247191012,90.0,100.0,96.7741935483871,95.83333333333333,582,12.125,0,0,0,0,7,0,0,0,0,0,5.6508,3.9393,5034,1093724,95,47,6,0.018311291963377416,2,0.365685,0.055549999999999995,99,2.911,7.83,9.424999999999999,0,0.0,0.0,0,0,0,0,0,0,
K8_R0.75_T1_H1_N4_S8018_HYBRID_EAGER_inprocess,8018,8,0.75,1,1,N4,0.98,3.0,,HYBRID_EAGER,inprocess,7d5e4c9be32bb956fb6ec6becf23f90802f3b7dcedd74f1b599c0954b2828dd3,1c00a7d53d61ad5ca9e87adcd131bf9a3be9fe38a9b823e08656f7a420f3f449,0.334,0,51,46,2,48,3,94.11764705882354,94.38202247191012,90.0,100.0,96.7741935483871,95.83333333333333,587,12.229166666666666,0,0,0,0,6,0,0,0,0,0,5.6578,3.9393,4702,1094042,97,43,3,0.007887817703768623,1,0.223158,0.066137,79,1.599,8.142999999999999,11.401,119,0.104,0.46099999999999997,0,1,0,0,0,0,
K8_R0.75_T1_H1_N4_S8018_EDGE_MARKET_inprocess,8018,8,0.75,1,1,N4,0.98,3.0,,EDGE_MARKET,inprocess,7d5e4c9be32bb956fb6ec6becf23f90802f3b7dcedd74f1b599c0954b2828dd3,9b1fff4caec30b568a36d23c47f7643e540cc3573d9b369bf139742689696b6d,0.16,0,51,43,2,45,6,88.23529411764706,87.64044943820225,85.0,100.0,90.3225806451613,91.66666666666667,572,12.71111111111111,0,0,0,0,5,0,0,0,0,0,5.6656,3.9393,4356,1116995,100,36,3,0.0071309721892084624,1,0.01808,0.09801,86,0.041,0.051,0.07200000000000001,538,0.439,2.975,0,10,0,0,0,0,
K16_R0.90_T1_H1_N4_S8017_HYBRID_inprocess,8017,16,0.9,1,1,N4,0.98,3.0,,HYBRID,inprocess,78e1ad90d797312676c1a5377d966e4d227796deae4095fc592158531af374a0,99362fb3f3ba63fc13e89dce5a3f8a6f7dd5fceae9326c70f4dc9cbe1c4a8e3d,2.327,0,123,101,4,105,18,85.36585365853658,86.72985781990522,85.36585365853658,78.94736842105263,85.36585365853658,85.96491228070175,1633,15.552380952380952,0,0,0,0,13,0,0,0,0,0,5.6664,3.8531,11446,2548920,228,106,10,0.019855111349610946,0,1.954427,0.22575800000000001,160,2.0149999999999997,37.144999999999996,45.982,854,0.415,0.49200000000000005,0,24,0,0,0,0,
K8_R1.05_T1_H1_N4_S8018_STATIC_inprocess,8018,8,1.05,1,1,N4,0.98,3.0,,STATIC,inprocess,7b86f41dc912a246b087fb5d2aa32ceff567535bb062a5433cf920f1cd988fa7,56427f42ea8eb8deb7da1470f51cb5ff7d2207d6a46d676d86a3b6474982e751,0.116,0,72,53,2,55,17,76.38888888888889,70.43478260869566,42.857142857142854,50.0,90.19607843137256,73.6842105263158,835,15.181818181818182,0,0,0,0,8,0,0,0,0,0,5.6326,3.864,3868,1063635,57,25,117,0.6097301136363636,2,0.018186,0.053137000000000004,153,0.006,0.252,0.75,0,0.0,0.0,0,2,0,0,0,0,
K8_R1.05_T1_H1_N4_S8018_PERIODIC_inprocess,8018,8,1.05,1,1,N4,0.98,3.0,,PERIODIC,inprocess,7b86f41dc912a246b087fb5d2aa32ceff567535bb062a5433cf920f1cd988fa7,a15b9b0277e70998933adc60eb4c3fdde59345924494e2f4660a07ee3755522e,0.318,0,72,53,1,54,18,75.0,71.30434782608695,57.142857142857146,50.0,82.3529411764706,78.94736842105263,824,15.25925925925926,0,0,0,0,7,0,0,0,0,0,6.9997,3.864,4242,1161640,66,37,114,0.48215403882279273,2,0.210327,0.05872600000000001,23,1.2899999999999998,28.129,29.049,0,0.0,0.0,0,1,0,0,0,0,
K16_R0.90_T1_H1_N4_S8017_CENTRAL_FOG_inprocess,8017,16,0.9,1,1,N4,0.98,3.0,,CENTRAL_FOG,inprocess,78e1ad90d797312676c1a5377d966e4d227796deae4095fc592158531af374a0,a9408a28e512fc9a356aee974e2a9c0da993189eb188f1eb825c5c11648fb0c8,3.605,0,123,103,4,107,16,86.99186991869918,89.0995260663507,90.2439024390244,84.21052631578948,85.36585365853658,82.45614035087719,1573,14.700934579439252,0,0,0,0,13,0,0,0,0,0,5.7141,3.8531,12555,2545231,255,131,10,0.023236919077023074,1,3.308211,0.14531499999999997,171,19.333,36.326,44.254000000000005,0,0.0,0.0,0,1,0,0,0,0,
K8_R1.05_T1_H1_N4_S8018_CENTRAL_inprocess,8018,8,1.05,1,1,N4,0.98,3.0,,CENTRAL,inprocess,7b86f41dc912a246b087fb5d2aa32ceff567535bb062a5433cf920f1cd988fa7,19fa335a9a10cdba59f1207f427f32f49ed12893c872a39f1fdc1caec2102ac8,0.804,0,72,55,2,57,15,79.16666666666667,78.26086956521739,66.66666666666667,62.5,84.31372549019608,76.3157894736842,727,12.75438596491228,0,0,0,0,5,0,0,0,0,0,6.7616,3.864,4843,1181558,75,38,120,0.45866245392311744,1,0.690931,0.06110100000000001,61,6.517,28.204,31.891000000000002,0,0.0,0.0,0,0,0,0,0,0,
K8_R1.05_T1_H1_N4_S8018_CENTRAL_FB_inprocess,8018,8,1.05,1,1,N4,0.98,3.0,,CENTRAL_FB,inprocess,7b86f41dc912a246b087fb5d2aa32ceff567535bb062a5433cf920f1cd988fa7,aac899912a6291ce2c266bc2ecc8cfd52f0a3980dbb3b9c6004eca602a6efa88,0.838,0,72,55,2,57,15,79.16666666666667,79.1304347826087,71.42857142857143,62.5,82.3529411764706,78.94736842105263,757,13.280701754385966,0,0,0,0,8,0,0,0,0,0,5.6688,3.864,4914,1202413,84,41,120,0.45240558717020174,1,0.721705,0.065219,65,6.152,27.830000000000002,30.962,27,0.455,0.458,0,0,0,0,0,0,
K4_R0.90_T1_H1_N4_S8018_STATIC_inprocess,8018,4,0.9,1,1,N4,0.98,3.0,,STATIC,inprocess,aaa5875042020e38928cd5cf13a6e3cc9f0d8588731a8c4e8fe4514c14534ae1,2d2581226dd7bdf97bc12cb177637d69b1aa80ccacd43412564829da7bdf360b,0.054,0,31,20,0,20,11,64.51612903225806,54.90196078431372,18.181818181818183,0.0,90.0,62.5,358,17.9,0,0,0,0,4,0,0,0,0,0,5.659,4.0594,1920,529205,26,12,105,0.45675482487491065,1,0.007833,0.025801,118,0.005,0.08,0.27099999999999996,0,0.0,0.0,0,3,0,0,0,0,
K8_R1.05_T1_H1_N4_S8018_EDGE_MARKET_inprocess,8018,8,1.05,1,1,N4,0.98,3.0,,EDGE_MARKET,inprocess,7b86f41dc912a246b087fb5d2aa32ceff567535bb062a5433cf920f1cd988fa7,d44688eda829b0dcc9431bb9f1d304ad5d9f9631159a02796bec27f8526a68ff,0.308,0,72,52,2,54,18,75.0,78.26086956521739,85.71428571428571,87.5,70.58823529411765,81.57894736842105,843,15.61111111111111,0,0,0,0,7,0,0,0,0,0,5.6508,3.9034,5127,1359563,103,52,5,0.019768370607028754,1,0.023431,0.23158399999999998,137,0.041999999999999996,0.149,0.191,1197,0.45399999999999996,3.1159999999999997,0,38,0,0,0,0,
K4_R0.90_T1_H1_N4_S8018_PERIODIC_inprocess,8018,4,0.9,1,1,N4,0.98,3.0,,PERIODIC,inprocess,aaa5875042020e38928cd5cf13a6e3cc9f0d8588731a8c4e8fe4514c14534ae1,3aff2d3b9bf7a3b951859fdc7bdfeb62ae9f5be0771fb4aec7c73aa6ba16832f,0.092,0,31,21,0,21,10,67.74193548387096,66.66666666666667,45.45454545454545,66.66666666666667,80.0,56.25,322,15.333333333333334,0,0,0,0,3,0,0,0,0,0,5.6148,4.0594,2043,543786,22,11,105,0.3844138834315652,2,0.043555,0.027139,23,0.602,4.241,5.378,0,0.0,0.0,0,0,0,0,0,0,
K8_R1.05_T1_H1_N4_S8018_HYBRID_inprocess,8018,8,1.05,1,1,N4,0.98,3.0,,HYBRID,inprocess,7b86f41dc912a246b087fb5d2aa32ceff567535bb062a5433cf920f1cd988fa7,cbe92a24ba9132f49f8351049502ebc70352121d013dc9990540d9775cf7328c,0.992,0,72,55,2,57,15,79.16666666666667,82.6086956521739,80.95238095238095,100.0,78.43137254901961,78.94736842105263,799,14.017543859649123,0,0,0,0,7,0,0,0,0,0,5.657,3.864,5643,1353371,109,58,6,0.01775684000724769,3,0.784922,0.151025,133,0.082,24.272,31.425,609,0.442,2.98,0,23,0,0,0,0,
K4_R0.90_T1_H1_N4_S8018_CENTRAL_inprocess,8018,4,0.9,1,1,N4,0.98,3.0,,CENTRAL,inprocess,aaa5875042020e38928cd5cf13a6e3cc9f0d8588731a8c4e8fe4514c14534ae1,4e4e2b4c84dee0bc314de80ee6de33da2c9d17e8202dcc0c0290bbf1723bfe9f,0.093,0,31,21,0,21,10,67.74193548387096,68.62745098039215,45.45454545454545,100.0,80.0,62.5,312,14.857142857142858,0,0,0,0,2,0,0,0,0,0,5.626,4.0594,2060,545396,35,13,105,0.3857702349869452,1,0.046107,0.026223999999999997,31,0.614,3.5,4.787,0,0.0,0.0,0,0,0,0,0,0,
K4_R0.90_T1_H1_N4_S8018_CENTRAL_FB_inprocess,8018,4,0.9,1,1,N4,0.98,3.0,,CENTRAL_FB,inprocess,aaa5875042020e38928cd5cf13a6e3cc9f0d8588731a8c4e8fe4514c14534ae1,ee31caff5477b7ce132e9f6e1d76e09257ee8e14cfbc87e5f6e80a5b40c0f0f7,0.094,0,31,21,0,21,10,67.74193548387096,68.62745098039215,45.45454545454545,100.0,80.0,62.5,312,14.857142857142858,0,0,0,0,2,0,0,0,0,0,5.626,4.0594,2060,545396,35,13,105,0.3857702349869452,1,0.046124,0.027131,31,0.593,3.395,4.593,10,0.091,0.091,0,0,0,0,0,0,
K4_R0.90_T1_H1_N4_S8018_HYBRID_inprocess,8018,4,0.9,1,1,N4,0.98,3.0,,HYBRID,inprocess,aaa5875042020e38928cd5cf13a6e3cc9f0d8588731a8c4e8fe4514c14534ae1,9b55a1f729841b7884b57d983130db2a3bf8bbb5304c5551dbf614d65ca0dd11,0.115,0,31,23,0,23,8,74.19354838709677,78.43137254901961,81.81818181818181,66.66666666666667,70.0,62.5,328,14.26086956521739,0,0,0,0,3,0,0,0,0,0,5.6424,4.0594,2235,594228,44,22,2,0.005985267034990792,1,0.049702,0.04235100000000001,63,0.049,3.346,4.598,116,0.44499999999999995,0.467,0,6,0,0,0,0,
K4_R0.90_T1_H1_N4_S8018_HYBRID_EAGER_inprocess,8018,4,0.9,1,1,N4,0.98,3.0,,HYBRID_EAGER,inprocess,aaa5875042020e38928cd5cf13a6e3cc9f0d8588731a8c4e8fe4514c14534ae1,aefbeab3a42cd38a535ca1023fa598b79846eb08efe4b31d0c53335f082d09fe,0.116,0,31,23,0,23,8,74.19354838709677,78.43137254901961,81.81818181818181,66.66666666666667,70.0,62.5,328,14.26086956521739,0,0,0,0,3,0,0,0,0,0,5.6424,4.0594,2235,594228,44,22,2,0.005985267034990792,1,0.049359,0.044286000000000006,63,0.05,3.199,4.622,122,0.433,0.451,0,6,0,0,0,0,
K4_R0.90_T1_H1_N4_S8018_EDGE_MARKET_inprocess,8018,4,0.9,1,1,N4,0.98,3.0,,EDGE_MARKET,inprocess,aaa5875042020e38928cd5cf13a6e3cc9f0d8588731a8c4e8fe4514c14534ae1,b96d08e705065c92fe731231b7de5516607ded61c5b62c427c4679f970adf6fd,0.089,0,31,23,0,23,8,74.19354838709677,82.3529411764706,90.9090909090909,100.0,65.0,68.75,364,15.826086956521738,0,0,0,0,4,0,0,0,0,0,5.6542,4.0594,2249,611901,49,22,3,0.013686131386861315,1,0.01049,0.056079000000000004,69,0.024,0.06499999999999999,0.074,331,0.423,2.974,0,12,0,0,0,0,
K4_R0.90_T1_H1_N4_S8018_CENTRAL_FOG_inprocess,8018,4,0.9,1,1,N4,0.98,3.0,,CENTRAL_FOG,inprocess,aaa5875042020e38928cd5cf13a6e3cc9f0d8588731a8c4e8fe4514c14534ae1,04e5ebc5ecf7d745bf0b5b38880a174d1cf4030c4286426fce1335adb44baef9,0.251,0,31,23,1,24,7,77.41935483870968,84.31372549019608,90.9090909090909,100.0,70.0,62.5,348,14.5,0,0,0,0,4,0,0,0,0,0,5.6276,4.0594,2435,583123,36,20,3,0.012169534200587495,1,0.197715,0.029476000000000002,72,3.009,4.77,6.2540000000000004,0,0.0,0.0,0,0,0,0,0,0,
K8_R1.05_T1_H1_N4_S8018_HYBRID_EAGER_inprocess,8018,8,1.05,1,1,N4,0.98,3.0,,HYBRID_EAGER,inprocess,7b86f41dc912a246b087fb5d2aa32ceff567535bb062a5433cf920f1cd988fa7,9701a1d384fcf7e0d4cc5bb174e1db42ddf38b8b5476299c34950b557f5269a4,0.991,0,72,55,2,57,15,79.16666666666667,82.6086956521739,80.95238095238095,100.0,78.43137254901961,78.94736842105263,799,14.017543859649123,0,0,0,0,7,0,0,0,0,0,5.657,3.864,5643,1353371,109,58,6,0.01775684000724769,3,0.780873,0.154506,133,0.08399999999999999,24.608,29.647,620,0.441,2.666,0,23,0,0,0,0,
K16_R0.90_T1_H1_N4_S8018_STATIC_inprocess,8018,16,0.9,1,1,N4,0.98,3.0,,STATIC,inprocess,2aafa2d85bf4472cc2a07d4eedc0120985903f80a7d119e791c19f11c30268a6,1f015692b860fb21c5710ae5aa57d68a0d0ad538b6482a3ce396e04b2170f36a,0.293,0,123,97,4,101,22,82.11382113821138,77.07317073170732,65.11627906976744,37.5,91.25,80.3030303030303,1555,15.396039603960396,0,0,0,0,13,0,0,0,0,0,5.6424,3.8649,7722,2171108,124,75,120,0.5400429031104755,1,0.041401,0.125173,137,0.008,0.5630000000000001,2.606,0,0.0,0.0,0,3,0,0,0,0,
K8_R1.05_T1_H1_N4_S8018_CENTRAL_FOG_inprocess,8018,8,1.05,1,1,N4,0.98,3.0,,CENTRAL_FOG,inprocess,7b86f41dc912a246b087fb5d2aa32ceff567535bb062a5433cf920f1cd988fa7,26ba4b539f8089c872613b42dfa35b6350daee36c9b5cc8b0875512a4901274a,1.963,0,72,51,2,53,19,73.61111111111111,80.0,85.71428571428571,100.0,68.62745098039215,73.6842105263158,855,16.132075471698112,0,0,0,0,8,0,0,0,0,0,5.6564,3.864,6192,1314542,125,58,6,0.023727137913989126,2,1.833472,0.070656,136,13.956,24.581,32.565999999999995,0,0.0,0.0,0,1,0,0,0,0,
K16_R0.90_T1_H1_N4_S8018_PERIODIC_inprocess,8018,16,0.9,1,1,N4,0.98,3.0,,PERIODIC,inprocess,2aafa2d85bf4472cc2a07d4eedc0120985903f80a7d119e791c19f11c30268a6,4b2946eda63b1bfb432c891a1de7e0ccaeb78f802f761def8d519e78ecab8831,0.6,0,123,94,5,99,24,80.48780487804878,75.60975609756098,67.44186046511628,56.25,87.5,83.33333333333333,1448,14.626262626262626,0,0,0,0,13,0,0,0,0,0,5.6517,3.8649,8300,2180375,130,65,118,0.5100064557779213,2,0.348624,0.12277199999999999,23,2.1069999999999998,41.047,46.474000000000004,0,0.0,0.0,0,6,0,0,0,0,
K16_R0.90_T1_H1_N4_S8018_EDGE_MARKET_inprocess,8018,16,0.9,1,1,N4,0.98,3.0,,EDGE_MARKET,inprocess,2aafa2d85bf4472cc2a07d4eedc0120985903f80a7d119e791c19f11c30268a6,bfbb77db583ea3536eeada212db7591fdaefcbc2095d35070620f997b829611f,0.759,0,123,97,6,103,20,83.73983739837398,88.78048780487805,93.02325581395348,100.0,78.75,83.33333333333333,1632,15.844660194174757,8,8,0,0,12,0,0,0,0,0,5.6663,3.8649,11399,2887139,205,125,10,0.027854903716972683,1,0.052574,0.562596,164,0.08399999999999999,0.254,0.544,3440,0.453,4.326,0,48,0,0,0,0,
K8_R0.75_T1_H1_N4_S8019_STATIC_inprocess,8019,8,0.75,1,1,N4,0.98,3.0,,STATIC,inprocess,805ada70e1871a3d4f2279bc8e050930a3c72f6dc3b5e83041e305413f068574,006b5f88ac66fd13c01b26f5cc0cd194120d32e7a9dc9f2a932217bb2e818790,0.102,0,51,45,2,47,4,92.15686274509804,87.8048780487805,81.25,50.0,97.14285714285714,91.66666666666667,625,13.297872340425531,0,0,0,0,3,0,0,0,0,0,5.7957,3.896,3845,1034096,62,31,119,0.47763347763347763,0,0.012669,0.050165,17,0.005,0.337,0.392,0,0.0,0.0,0,1,0,0,0,0,
K8_R0.75_T1_H1_N4_S8019_PERIODIC_inprocess,8019,8,0.75,1,1,N4,0.98,3.0,,PERIODIC,inprocess,805ada70e1871a3d4f2279bc8e050930a3c72f6dc3b5e83041e305413f068574,f7c456061b9d31c8568cb4cab9806d9ddf3ff4bc94ec5f8cc9c478868b0bc1b7,0.181,0,51,44,2,46,5,90.19607843137256,85.36585365853658,75.0,50.0,97.14285714285714,83.33333333333333,622,13.521739130434783,0,0,0,0,4,0,0,0,0,0,5.6326,3.896,4081,1055816,46,28,119,0.359881031064111,0,0.086922,0.052703,23,0.08399999999999999,12.615,13.251000000000001,0,0.0,0.0,0,2,0,0,0,0,
K8_R0.75_T1_H1_N4_S8019_CENTRAL_inprocess,8019,8,0.75,1,1,N4,0.98,3.0,,CENTRAL,inprocess,805ada70e1871a3d4f2279bc8e050930a3c72f6dc3b5e83041e305413f068574,82bfedde4978fa0d2e009180f016023b152efbd09ccf17f37e78c00e21658361,0.347,0,51,44,2,46,5,90.19607843137256,82.92682926829268,68.75,33.333333333333336,100.0,87.5,603,13.108695652173912,0,0,0,0,3,0,0,0,0,0,5.6205,3.896,4397,1052527,55,31,117,0.3620017980221756,0,0.250936,0.052693000000000004,54,0.864,12.017999999999999,14.261,0,0.0,0.0,0,1,0,0,0,0,
K16_R0.90_T1_H1_N4_S8018_CENTRAL_FB_inprocess,8018,16,0.9,1,1,N4,0.98,3.0,,CENTRAL_FB,inprocess,2aafa2d85bf4472cc2a07d4eedc0120985903f80a7d119e791c19f11c30268a6,6ab890403396da452ff7ced939c0eba0ed2fc05ee25d1a4064d5dda136390e78,2.328,0,123,101,4,105,18,85.36585365853658,85.85365853658537,86.04651162790698,75.0,85.0,83.33333333333333,1491,14.2,0,0,0,0,13,0,0,0,0,0,5.6551,3.8649,10189,2354673,177,99,121,0.46511915051240893,2,2.048477,0.13956800000000005,95,20.86,40.866,45.025999999999996,46,0.091,0.455,0,1,0,0,0,0,
K16_R0.90_T1_H1_N4_S8018_CENTRAL_inprocess,8018,16,0.9,1,1,N4,0.98,3.0,,CENTRAL,inprocess,2aafa2d85bf4472cc2a07d4eedc0120985903f80a7d119e791c19f11c30268a6,94bdcb645aadc4363e7a0f0ef8050d133531314c8734b52daa90e0a0df25454d,2.409,0,123,100,4,104,19,84.55284552845528,84.39024390243902,81.3953488372093,75.0,86.25,80.3030303030303,1415,13.60576923076923,0,0,0,0,12,0,0,0,0,0,5.6663,3.8649,10273,2372669,178,92,121,0.4561575149810444,1,2.131805,0.13702299999999998,100,20.769,41.655,44.73,0,0.0,0.0,0,2,0,0,0,0,
K8_R0.75_T1_H1_N4_S8019_CENTRAL_FB_inprocess,8019,8,0.75,1,1,N4,0.98,3.0,,CENTRAL_FB,inprocess,805ada70e1871a3d4f2279bc8e050930a3c72f6dc3b5e83041e305413f068574,836743a5a96da3d5befaa3d6f9648765c830f60271386d51902725f436bc732e,0.346,0,51,44,2,46,5,90.19607843137256,84.14634146341463,68.75,50.0,100.0,87.5,632,13.73913043478261,0,0,0,0,4,0,0,0,0,0,5.6437,3.896,4422,1068246,65,26,117,0.33989266547406083,1,0.252707,0.052046,56,1.165,12.269,14.538,22,0.028,0.08399999999999999,0,0,0,0,0,0,
K16_R0.90_T1_H1_N4_S8018_HYBRID_inprocess,8018,16,0.9,1,1,N4,0.98,3.0,,HYBRID,inprocess,2aafa2d85bf4472cc2a07d4eedc0120985903f80a7d119e791c19f11c30268a6,0eabc2da001f218976bf85366ae5c277cafa466f7188554474d91f576000e183,2.458,0,123,100,5,105,18,85.36585365853658,88.29268292682927,90.69767441860465,87.5,82.5,86.36363636363636,1575,15.0,3,3,0,0,13,0,0,0,0,0,5.6498,3.8649,11911,2712387,274,135,10,0.026467302569390738,1,2.018667,0.29058399999999995,166,0.232,40.001000000000005,47.917,1457,0.408,2.8800000000000003,0,28,0,0,0,0,
K8_R0.75_T1_H1_N4_S8019_HYBRID_inprocess,8019,8,0.75,1,1,N4,0.98,3.0,,HYBRID,inprocess,805ada70e1871a3d4f2279bc8e050930a3c72f6dc3b5e83041e305413f068574,5491843f6c91a15a4b665d2de825240c96ec73c5860d206adfcebd3963e00d24,0.36,0,51,48,2,50,1,98.03921568627452,97.5609756097561,93.75,100.0,100.0,95.83333333333333,711,14.22,0,0,0,0,6,0,0,0,0,0,5.6486,3.896,4597,1104766,73,41,11,0.016573348264277716,0,0.253316,0.06175399999999999,75,0.08399999999999999,11.334999999999999,14.097,119,0.096,0.45399999999999996,0,3,0,0,0,0,
K8_R0.75_T1_H1_N4_S8019_CENTRAL_FOG_inprocess,8019,8,0.75,1,1,N4,0.98,3.0,,CENTRAL_FOG,inprocess,805ada70e1871a3d4f2279bc8e050930a3c72f6dc3b5e83041e305413f068574,477b17b5b0dfcfa3924978005176694bfc1b48dfd5d51a80c182cff00da6d895,0.449,0,51,48,2,50,1,98.03921568627452,97.5609756097561,93.75,100.0,100.0,95.83333333333333,673,13.46,1,1,0,0,5,0,0,0,0,0,5.6636,3.896,4778,1090608,93,38,10,0.017259978425026967,0,0.349371,0.054882999999999994,87,2.579,11.703,14.055,0,0.0,0.0,0,0,0,0,0,0,
K8_R0.75_T1_H1_N4_S8019_EDGE_MARKET_inprocess,8019,8,0.75,1,1,N4,0.98,3.0,,EDGE_MARKET,inprocess,805ada70e1871a3d4f2279bc8e050930a3c72f6dc3b5e83041e305413f068574,d28e2f243844d0ddc632270bfb87d8afce7f18746fd1c8e3ba0c92edec8e92b6,0.159,0,51,46,2,48,3,94.11764705882354,93.90243902439025,93.75,83.33333333333333,94.28571428571429,95.83333333333333,734,15.291666666666666,0,0,0,0,5,0,0,0,0,0,5.6814,3.896,4171,1099612,83,36,4,0.005479452054794521,0,0.016624,0.10023599999999999,41,0.041,0.083,0.08600000000000001,355,0.44499999999999995,2.955,0,7,0,0,0,0,
K8_R0.75_T1_H1_N4_S8019_HYBRID_EAGER_inprocess,8019,8,0.75,1,1,N4,0.98,3.0,,HYBRID_EAGER,inprocess,805ada70e1871a3d4f2279bc8e050930a3c72f6dc3b5e83041e305413f068574,c5c488c32d5aa2b03cf86cf883ebc1b358399e823c18920ed16ac4386be07fe1,0.368,0,51,48,2,50,1,98.03921568627452,97.5609756097561,93.75,100.0,100.0,95.83333333333333,711,14.22,0,0,0,0,6,0,0,0,0,0,5.6486,3.896,4597,1104766,73,41,11,0.016573348264277716,0,0.256469,0.066076,75,0.1,12.021,14.73,127,0.094,0.439,0,3,0,0,0,0,
K16_R0.90_T1_H1_N4_S8018_HYBRID_EAGER_inprocess,8018,16,0.9,1,1,N4,0.98,3.0,,HYBRID_EAGER,inprocess,2aafa2d85bf4472cc2a07d4eedc0120985903f80a7d119e791c19f11c30268a6,d8728520354ac118515ab05c1367197381566af3282994e7062873cd8489192f,2.527,0,123,100,5,105,18,85.36585365853658,88.29268292682927,90.69767441860465,87.5,82.5,86.36363636363636,1575,15.0,3,3,0,0,13,0,0,0,0,0,5.6498,3.8649,11911,2712353,274,135,10,0.026467302569390738,1,2.074959,0.30429899999999993,166,0.22699999999999998,42.073,46.6,1480,0.425,2.913,0,28,0,0,0,0,
K8_R1.05_T1_H1_N4_S8019_STATIC_inprocess,8019,8,1.05,1,1,N4,0.98,3.0,,STATIC,inprocess,e611206f27992c286f330b522d0e345ef5739106cae93214f825fd4bc5d58751,8721f8be5ebfcaf87291d8d4989c5e562d993c7ba42e002b89b0d1164e8471bd,0.114,0,72,52,3,55,17,76.38888888888889,65.8119658119658,45.0,0.0,88.46153846153847,69.44444444444444,846,15.381818181818181,0,0,0,0,8,0,0,0,0,0,5.6312,3.8949,3873,1051491,61,23,115,0.6042857142857143,0,0.015617,0.052912,83,0.006,0.23,0.781,0,0.0,0.0,0,2,0,0,0,0,
K8_R1.05_T1_H1_N4_S8019_PERIODIC_inprocess,8019,8,1.05,1,1,N4,0.98,3.0,,PERIODIC,inprocess,e611206f27992c286f330b522d0e345ef5739106cae93214f825fd4bc5d58751,fb7e77fb4ce5a1c5792e79ad1fdcb7eb4adb9356db07d9a08eee6dcac9a7b183,0.304,0,72,51,2,53,19,73.61111111111111,68.37606837606837,60.0,22.22222222222222,78.84615384615384,63.888888888888886,836,15.773584905660377,0,0,0,0,8,0,0,0,0,0,5.6291,3.8949,4132,1095482,64,35,115,0.5404964075767472,0,0.20282,0.055188,23,1.0050000000000001,26.273,29.53,0,0.0,0.0,0,1,0,0,0,0,
K8_R1.05_T1_H1_N4_S8019_CENTRAL_FB_inprocess,8019,8,1.05,1,1,N4,0.98,3.0,,CENTRAL_FB,inprocess,e611206f27992c286f330b522d0e345ef5739106cae93214f825fd4bc5d58751,6f2a8e7ba6275f0b33eb6f4a15fe31d88381cb79cd473233e4d5459a0ccd205e,0.742,0,72,51,4,55,17,76.38888888888889,76.92307692307692,70.0,55.55555555555556,78.84615384615384,77.77777777777777,798,14.50909090909091,0,0,0,0,6,0,0,0,0,0,5.6472,3.8949,4793,1133278,62,35,119,0.44248261102193687,0,0.631443,0.060471000000000004,64,4.056,25.088,27.900000000000002,27,0.101,0.10500000000000001,0,1,0,0,0,0,
K8_R1.05_T1_H1_N4_S8019_CENTRAL_inprocess,8019,8,1.05,1,1,N4,0.98,3.0,,CENTRAL,inprocess,e611206f27992c286f330b522d0e345ef5739106cae93214f825fd4bc5d58751,a6d66af16193efdd203b43f5d0c7834df1ff6ba99b328b6dea847e565542ac78,0.745,0,72,53,4,57,15,79.16666666666667,76.06837606837607,65.0,44.44444444444444,84.61538461538461,72.22222222222223,845,14.824561403508772,0,0,0,0,8,0,0,0,0,0,5.6593,3.8949,4757,1129825,59,33,119,0.47547169811320755,0,0.637661,0.057687,64,4.899,24.7,27.42,0,0.0,0.0,0,1,0,0,0,0,
K8_R1.05_T1_H1_N4_S8019_HYBRID_inprocess,8019,8,1.05,1,1,N4,0.98,3.0,,HYBRID,inprocess,e611206f27992c286f330b522d0e345ef5739106cae93214f825fd4bc5d58751,6df914e3c85f2a96ff0e410a3dee1f7a4b1db217022871d4cb32415e3bcda4c7,0.828,0,72,48,4,52,20,72.22222222222223,79.48717948717949,95.0,100.0,63.46153846153846,80.55555555555556,917,17.634615384615383,0,0,0,0,8,0,0,0,0,0,5.6629,3.8949,5475,1285645,104,43,6,0.0181784107946027,0,0.657106,0.116287,140,0.08,22.474999999999998,26.183,585,0.41300000000000003,2.821,0,22,0,0,0,0,
K4_R0.90_T1_H1_N4_S8019_STATIC_inprocess,8019,4,0.9,1,1,N4,0.98,3.0,,STATIC,inprocess,83b831c521103234283249de48ce3f5b9fa499d16c0ef63a51df5a9dfcf0ad64,fc5d0ab036c9bc1eee8ab881c4c62e40b9e7675eba149eb752cb823ee560c6fb,0.053,0,31,28,1,29,2,93.54838709677419,90.19607843137256,75.0,50.0,100.0,100.0,358,12.344827586206897,0,0,0,0,4,0,0,0,0,0,5.6556,3.9408,1932,541841,24,13,98,0.42142857142857143,0,0.006978,0.025925999999999998,66,0.004,0.106,0.13699999999999998,0,0.0,0.0,0,0,0,0,0,0,
K4_R0.90_T1_H1_N4_S8019_PERIODIC_inprocess,8019,4,0.9,1,1,N4,0.98,3.0,,PERIODIC,inprocess,83b831c521103234283249de48ce3f5b9fa499d16c0ef63a51df5a9dfcf0ad64,273ac8ee4f5ee52969aed7a3f99a74fbd89c48beedaf53dfb0d2f602e2cb1ec0,0.086,0,31,26,1,27,4,87.09677419354838,84.31372549019608,62.5,50.0,95.65217391304348,100.0,408,15.11111111111111,0,0,0,0,4,0,0,0,0,0,5.6703,3.9408,2057,549927,33,8,98,0.3818301514154049,0,0.037965,0.026533,23,0.219,4.318,5.606,0,0.0,0.0,0,0,0,0,0,0,
K4_R0.90_T1_H1_N4_S8019_CENTRAL_inprocess,8019,4,0.9,1,1,N4,0.98,3.0,,CENTRAL,inprocess,83b831c521103234283249de48ce3f5b9fa499d16c0ef63a51df5a9dfcf0ad64,cfa043a3f174b10b22892cdcf71ae397d460ce36c24af69380ede593103cd2d9,0.115,0,31,28,1,29,2,93.54838709677419,94.11764705882354,100.0,100.0,91.30434782608695,93.75,379,13.068965517241379,1,1,0,0,4,0,0,0,0,0,5.6484,3.9408,2156,561627,41,14,99,0.45308641975308644,0,0.066976,0.027058,41,0.8899999999999999,4.315,4.832000000000001,0,0.0,0.0,0,1,0,0,0,0,
K8_R1.05_T1_H1_N4_S8019_EDGE_MARKET_inprocess,8019,8,1.05,1,1,N4,0.98,3.0,,EDGE_MARKET,inprocess,e611206f27992c286f330b522d0e345ef5739106cae93214f825fd4bc5d58751,ef5d0873f99652192dc3290d2024031e17ce8e3ae2f707062b5f6ce496307f7b,0.281,0,72,51,3,54,18,75.0,80.34188034188034,85.0,100.0,71.15384615384616,66.66666666666667,849,15.722222222222221,0,0,0,0,6,0,0,0,0,0,5.6507,3.8949,5207,1358542,97,55,11,0.01932938856015779,0,0.023494,0.204768,121,0.041,0.19,0.357,1305,0.451,2.947,0,34,0,0,0,0,
K4_R0.90_T1_H1_N4_S8019_CENTRAL_FB_inprocess,8019,4,0.9,1,1,N4,0.98,3.0,,CENTRAL_FB,inprocess,83b831c521103234283249de48ce3f5b9fa499d16c0ef63a51df5a9dfcf0ad64,17e0f513c41360a34426206bd00cb79ded5a2b1673ae32ccfdcccb560dc16b2c,0.113,0,31,27,1,28,3,90.3225806451613,86.27450980392157,87.5,50.0,91.30434782608695,93.75,378,13.5,1,1,0,0,3,0,0,0,0,0,5.6256,3.9408,2136,572331,40,14,99,0.3962382445141066,1,0.063789,0.027899,39,0.587,4.6,4.982,10,0.102,0.102,0,0,0,0,0,0,
K4_R0.90_T1_H1_N4_S8019_CENTRAL_FOG_inprocess,8019,4,0.9,1,1,N4,0.98,3.0,,CENTRAL_FOG,inprocess,83b831c521103234283249de48ce3f5b9fa499d16c0ef63a51df5a9dfcf0ad64,a846bf58f3356a88071b532e44293353488ac185c0f4e8df71565340450297bc,0.151,0,31,27,1,28,3,90.3225806451613,90.19607843137256,87.5,100.0,91.30434782608695,87.5,334,11.928571428571429,0,0,0,0,3,0,0,0,0,0,5.6354,3.9408,2314,575474,47,19,9,0.012096774193548387,0,0.100158,0.028109,62,1.064,4.021,4.986,0,0.0,0.0,0,0,0,0,0,0,
K4_R0.90_T1_H1_N4_S8019_HYBRID_inprocess,8019,4,0.9,1,1,N4,0.98,3.0,,HYBRID,inprocess,83b831c521103234283249de48ce3f5b9fa499d16c0ef63a51df5a9dfcf0ad64,88e9cf16b9d3fce496241ebd8f0d3635f225d267924db842fb5c606317e50683,0.119,0,31,27,1,28,3,90.3225806451613,88.23529411764706,100.0,100.0,86.95652173913044,87.5,407,14.535714285714286,0,0,0,0,4,0,0,0,0,0,5.6187,3.9408,2217,585810,52,17,6,0.010782934833567745,0,0.066526,0.029747,60,0.049,3.992,4.694,57,0.031,0.10900000000000001,0,3,0,0,0,0,
K4_R0.90_T1_H1_N4_S8019_HYBRID_EAGER_inprocess,8019,4,0.9,1,1,N4,0.98,3.0,,HYBRID_EAGER,inprocess,83b831c521103234283249de48ce3f5b9fa499d16c0ef63a51df5a9dfcf0ad64,2cae1fdc2f63175235458ad62a7646508c40f494edd603eb83b2433eaf5f9edb,0.121,0,31,27,1,28,3,90.3225806451613,88.23529411764706,100.0,100.0,86.95652173913044,87.5,407,14.535714285714286,0,0,0,0,4,0,0,0,0,0,5.6187,3.9408,2217,585810,52,17,6,0.010782934833567745,0,0.066113,0.032085,60,0.049,4.4910000000000005,4.857,61,0.034999999999999996,0.111,0,3,0,0,0,0,
K4_R0.90_T1_H1_N4_S8019_EDGE_MARKET_inprocess,8019,4,0.9,1,1,N4,0.98,3.0,,EDGE_MARKET,inprocess,83b831c521103234283249de48ce3f5b9fa499d16c0ef63a51df5a9dfcf0ad64,711b86e238de9577803a6bf0f9693ff447bda3723428f41d756335e929120115,0.075,0,31,27,0,27,4,87.09677419354838,86.27450980392157,75.0,100.0,91.30434782608695,81.25,346,12.814814814814815,0,0,0,0,3,0,0,0,0,0,5.6648,3.9408,2050,563984,27,26,1,0.0010111223458038423,0,0.009032,0.044126,44,0.018000000000000002,0.027,0.044,167,0.41800000000000004,3.008,0,4,0,0,0,0,
K8_R1.05_T1_H1_N4_S8019_HYBRID_EAGER_inprocess,8019,8,1.05,1,1,N4,0.98,3.0,,HYBRID_EAGER,inprocess,e611206f27992c286f330b522d0e345ef5739106cae93214f825fd4bc5d58751,fa8e15e1fcc4f7499864ec132da44c732b7ddee8d2b95cf98dc44e9dbb6c5914,0.961,0,72,50,3,53,19,73.61111111111111,79.48717948717949,90.0,77.77777777777777,67.3076923076923,75.0,918,17.32075471698113,0,0,0,0,8,0,0,0,0,0,5.6199,3.8949,5616,1326408,105,53,7,0.02567370721048798,0,0.777114,0.128027,147,0.083,23.805,27.775000000000002,641,0.40700000000000003,2.903,0,17,0,0,0,0,
K16_R0.90_T1_H1_N4_S8018_CENTRAL_FOG_inprocess,8018,16,0.9,1,1,N4,0.98,3.0,,CENTRAL_FOG,inprocess,2aafa2d85bf4472cc2a07d4eedc0120985903f80a7d119e791c19f11c30268a6,0603004839998e4f6809f705c4b9c20c3ecfde1d0fa7abba0f08deb0f8806d37,4.702,0,123,99,4,103,20,83.73983739837398,87.3170731707317,88.37209302325581,93.75,81.25,87.87878787878788,1443,14.009708737864077,0,0,0,0,12,0,0,0,0,0,5.6723,3.8649,13314,2618724,306,144,10,0.03188228080931944,1,4.38903,0.15538500000000002,180,26.84,40.279,46.972,0,0.0,0.0,0,0,0,0,0,0,
K8_R1.05_T1_H1_N4_S8019_CENTRAL_FOG_inprocess,8019,8,1.05,1,1,N4,0.98,3.0,,CENTRAL_FOG,inprocess,e611206f27992c286f330b522d0e345ef5739106cae93214f825fd4bc5d58751,f7f8113c8d6a85524e127524c2da4f877a94f2f3596e3d49a391d4b9194c598b,1.606,0,72,51,3,54,18,75.0,78.63247863247864,85.0,77.77777777777777,71.15384615384616,75.0,906,16.77777777777778,0,0,0,0,8,0,0,0,0,0,5.6202,3.8949,5867,1228012,116,48,11,0.027564549895324496,0,1.484491,0.06498699999999999,124,10.741,24.496,29.288,0,0.0,0.0,0,0,0,0,0,0,
K16_R0.90_T1_H1_N4_S8019_STATIC_inprocess,8019,16,0.9,1,1,N4,0.98,3.0,,STATIC,inprocess,693d001f81fbc2ea8f972681e821c0cfa7a8c40116d8580db941759ba2e1b0f4,acc169e1525eb8606e02af0a0f71d4180f850598b79c78658ecec7259657bd54,0.292,0,123,96,4,100,23,81.30081300813008,73.76237623762377,59.09090909090909,25.0,93.67088607594937,81.81818181818181,1503,15.03,0,0,0,0,12,0,0,0,0,0,6.4868,3.8606,7717,2214066,120,44,116,0.4346188340807175,0,0.03893,0.12376199999999998,78,0.009000000000000001,0.707,3.0509999999999997,0,0.0,0.0,0,1,0,0,0,0,
K16_R0.90_T1_H1_N4_S8019_PERIODIC_inprocess,8019,16,0.9,1,1,N4,0.98,3.0,,PERIODIC,inprocess,693d001f81fbc2ea8f972681e821c0cfa7a8c40116d8580db941759ba2e1b0f4,f1e6ec55d2ba0146d54cd2775acd5a66e14222d034c311d952c4faef7e34218e,0.559,0,123,95,5,100,23,81.30081300813008,74.75247524752476,59.09090909090909,37.5,93.67088607594937,80.3030303030303,1463,14.63,0,0,0,0,11,0,0,0,0,0,5.7123,3.8606,8258,2205639,107,61,116,0.3892868772386845,0,0.309893,0.12088600000000001,23,2.157,39.819,41.013,0,0.0,0.0,0,6,0,0,0,0,
K16_R0.90_T1_H1_N4_S8019_EDGE_MARKET_inprocess,8019,16,0.9,1,1,N4,0.98,3.0,,EDGE_MARKET,inprocess,693d001f81fbc2ea8f972681e821c0cfa7a8c40116d8580db941759ba2e1b0f4,91b619d53af75e547b294f06ef03b5b9931ababcbc818339fc8a61b1fd3d9bc5,0.72,0,123,90,5,95,28,77.23577235772358,78.21782178217822,79.54545454545455,75.0,75.9493670886076,72.72727272727273,1641,17.273684210526316,0,0,0,0,14,0,0,0,0,0,5.674,3.8606,11755,3015552,207,107,11,0.0209669034829319,2,0.054378,0.5204150000000001,190,0.08399999999999999,0.289,0.372,3717,0.422,4.585,0,69,0,0,0,0,
K8_R0.75_T1_H1_N4_S8020_STATIC_inprocess,8020,8,0.75,1,1,N4,0.98,3.0,,STATIC,inprocess,fa2578f40b85c2081a91729b7188098e60b651441f8d01b65aa47913b68ced96,0a02ebddb1f4310f5f854cc1e4cf1c05f3833814b5573eaf0fa6e8420ef17545,0.102,0,51,39,0,39,12,76.47058823529412,73.03370786516854,55.55555555555556,50.0,87.87878787878788,85.71428571428571,620,15.897435897435898,0,0,0,0,5,0,0,0,0,0,5.6714,3.9063,3832,1009134,56,34,113,0.45571889566152746,1,0.013704,0.049895999999999996,67,0.006,0.192,0.7649999999999999,0,0.0,0.0,0,2,0,0,0,0,
K8_R0.75_T1_H1_N4_S8020_PERIODIC_inprocess,8020,8,0.75,1,1,N4,0.98,3.0,,PERIODIC,inprocess,fa2578f40b85c2081a91729b7188098e60b651441f8d01b65aa47913b68ced96,d71f773c67b6fba9d0d9b3fd8d8b5789f1cab83eff6451c16f3ee7785d522095,0.176,0,51,44,0,44,7,86.27450980392157,80.89887640449439,72.22222222222223,50.0,93.93939393939394,92.85714285714286,620,14.090909090909092,0,0,0,0,6,0,0,0,0,0,5.6401,3.9063,4056,1003603,44,43,113,0.4289482360698978,0,0.085486,0.050267,23,0.44,10.46,12.252,0,0.0,0.0,0,0,0,0,0,0,
K8_R0.75_T1_H1_N4_S8020_CENTRAL_inprocess,8020,8,0.75,1,1,N4,0.98,3.0,,CENTRAL,inprocess,fa2578f40b85c2081a91729b7188098e60b651441f8d01b65aa47913b68ced96,a3ec7ddcb1ccb231ca04b5ea9a3324210c38c2a67f45166c387f82a53f270e69,0.31,0,51,43,0,43,8,84.31372549019608,80.89887640449439,72.22222222222223,62.5,90.9090909090909,89.28571428571429,636,14.790697674418604,0,0,0,0,5,0,0,0,0,0,5.6223,3.9063,4340,1027312,73,38,113,0.4506060606060606,0,0.219057,0.05011,50,1.878,12.327,13.325999999999999,0,0.0,0.0,0,2,0,0,0,0,
K16_R0.90_T1_H1_N4_S8019_CENTRAL_inprocess,8019,16,0.9,1,1,N4,0.98,3.0,,CENTRAL,inprocess,693d001f81fbc2ea8f972681e821c0cfa7a8c40116d8580db941759ba2e1b0f4,8d34b48a623116fc995f569379258cc7fbc8e329c50a97289480b3ec079e9a83,2.11,0,123,91,5,96,27,78.04878048780488,77.22772277227723,77.27272727272727,62.5,78.48101265822785,72.72727272727273,1553,16.177083333333332,0,0,0,0,12,0,0,0,0,0,5.7458,3.8606,9924,2353561,164,78,121,0.5708418891170431,2,1.837191,0.134657,88,21.698999999999998,40.101,46.39,0,0.0,0.0,0,2,0,0,0,0,
K16_R0.90_T1_H1_N4_S8019_CENTRAL_FB_inprocess,8019,16,0.9,1,1,N4,0.98,3.0,,CENTRAL_FB,inprocess,693d001f81fbc2ea8f972681e821c0cfa7a8c40116d8580db941759ba2e1b0f4,830bda53ee4b804086803cf0ec08a95a7ac6919178bfe14b6658266d232ade19,2.182,0,123,89,5,94,29,76.42276422764228,75.74257425742574,72.72727272727273,62.5,78.48101265822785,69.6969696969697,1579,16.79787234042553,2,2,0,0,10,0,0,0,0,0,5.7458,3.8606,9986,2367038,160,81,121,0.5626670059804046,0,1.904383,0.137842,95,19.956000000000003,40.918000000000006,44.574000000000005,49,0.032,0.037,0,6,0,0,0,0,
K8_R0.75_T1_H1_N4_S8020_CENTRAL_FB_inprocess,8020,8,0.75,1,1,N4,0.98,3.0,,CENTRAL_FB,inprocess,fa2578f40b85c2081a91729b7188098e60b651441f8d01b65aa47913b68ced96,88040c1aefc014e0f1ae42fad92d87d5aa2f802f391e311153924c2cd8f5733f,0.304,0,51,43,0,43,8,84.31372549019608,80.89887640449439,72.22222222222223,50.0,90.9090909090909,85.71428571428571,656,15.255813953488373,0,0,0,0,6,0,0,0,0,0,5.6559,3.9063,4278,1023966,71,35,113,0.43902439024390244,0,0.209765,0.052177999999999995,48,1.9040000000000001,11.405,12.094000000000001,31,0.091,0.1,0,0,0,0,0,0,
K8_R0.75_T1_H1_N4_S8020_HYBRID_inprocess,8020,8,0.75,1,1,N4,0.98,3.0,,HYBRID,inprocess,fa2578f40b85c2081a91729b7188098e60b651441f8d01b65aa47913b68ced96,bc5a3b0fe96d4c0b467a4c710d6f46328a369138f48ce5061598725779902b4d,0.348,0,51,46,0,46,5,90.19607843137256,94.38202247191012,100.0,100.0,84.84848484848484,82.14285714285714,677,14.717391304347826,0,0,0,0,6,0,0,0,0,0,5.6522,3.9063,4607,1077674,99,61,3,0.010439804531319414,0,0.233714,0.06936500000000001,78,0.083,11.097,13.241,189,0.381,0.479,0,6,0,0,0,0,
K16_R0.90_T1_H1_N4_S8019_HYBRID_EAGER_inprocess,8019,16,0.9,1,1,N4,0.98,3.0,,HYBRID_EAGER,inprocess,693d001f81fbc2ea8f972681e821c0cfa7a8c40116d8580db941759ba2e1b0f4,c5615569355166170aabf878af5693e640885d0384da2b0b5821eab9d3f1e930,2.363,0,123,95,5,100,23,81.30081300813008,83.16831683168317,86.36363636363636,75.0,78.48101265822785,77.27272727272727,1676,16.76,4,4,0,0,15,0,0,0,0,0,5.7441,3.8606,12141,2804257,251,110,11,0.02248421052631579,0,1.915501,0.29941799999999996,165,0.17300000000000001,38.614000000000004,45.275000000000006,1719,0.34299999999999997,2.777,0,37,0,0,0,0,
K8_R0.75_T1_H1_N4_S8020_CENTRAL_FOG_inprocess,8020,8,0.75,1,1,N4,0.98,3.0,,CENTRAL_FOG,inprocess,fa2578f40b85c2081a91729b7188098e60b651441f8d01b65aa47913b68ced96,5893a9fdebd14bc5c9b3c55f174cbc4d6d529235b30ff648f39ed89fc7aefd35,0.541,0,51,46,0,46,5,90.19607843137256,93.25842696629213,94.44444444444444,100.0,87.87878787878788,82.14285714285714,633,13.76086956521739,0,0,0,0,6,0,0,0,0,0,5.686,3.9063,5244,1135382,118,59,3,0.014396887159533073,0,0.43708,0.05748,106,2.9139999999999997,10.963000000000001,12.232,0,0.0,0.0,0,1,0,0,0,0,
K8_R0.75_T1_H1_N4_S8020_HYBRID_EAGER_inprocess,8020,8,0.75,1,1,N4,0.98,3.0,,HYBRID_EAGER,inprocess,fa2578f40b85c2081a91729b7188098e60b651441f8d01b65aa47913b68ced96,385b1024fa6eebb088e7bd5d062bf36a33f81c75101e863255083fedff38564b,0.346,0,51,46,0,46,5,90.19607843137256,94.38202247191012,100.0,100.0,84.84848484848484,82.14285714285714,677,14.717391304347826,0,0,0,0,6,0,0,0,0,0,5.6522,3.9063,4607,1077674,99,61,3,0.010439804531319414,0,0.230068,0.07133600000000001,78,0.077,10.969,12.921999999999999,197,0.364,0.444,0,6,0,0,0,0,
K8_R0.75_T1_H1_N4_S8020_EDGE_MARKET_inprocess,8020,8,0.75,1,1,N4,0.98,3.0,,EDGE_MARKET,inprocess,fa2578f40b85c2081a91729b7188098e60b651441f8d01b65aa47913b68ced96,6ac50f260d4f1fd47a524f939a529a3de2e4c6962a2a0267ebc47edd218ea849,0.168,0,51,43,0,43,8,84.31372549019608,85.3932584269663,77.77777777777777,87.5,87.87878787878788,82.14285714285714,712,16.558139534883722,0,0,0,0,6,0,0,0,0,0,5.6494,3.9063,4438,1126667,72,47,2,0.0064382616693492755,0,0.018357,0.10592299999999999,81,0.04,0.083,0.18100000000000002,619,0.437,2.987,0,16,0,0,0,0,
K16_R0.90_T1_H1_N4_S8019_HYBRID_inprocess,8019,16,0.9,1,1,N4,0.98,3.0,,HYBRID,inprocess,693d001f81fbc2ea8f972681e821c0cfa7a8c40116d8580db941759ba2e1b0f4,e3491e98b6ee79471a2a7cc42b899014a681197bb364c9a192cea03d31f146cc,2.39,0,123,95,5,100,23,81.30081300813008,83.16831683168317,86.36363636363636,75.0,78.48101265822785,77.27272727272727,1676,16.76,4,4,0,0,15,0,0,0,0,0,5.7441,3.8606,12141,2804254,251,110,11,0.02248421052631579,0,1.943411,0.297957,165,0.176,40.625,42.549,1698,0.36900000000000005,2.872,0,37,0,0,0,0,
K8_R1.05_T1_H1_N4_S8020_STATIC_inprocess,8020,8,1.05,1,1,N4,0.98,3.0,,STATIC,inprocess,b8fd93cd8cf2eb49f74b8d3ea244ac04864a3628b639179d90305b20dbf8aae7,75103a7817fc72bb4d0c3ca8eaa5a12f635f48acbde52ad2848b25d0e188cfa8,0.117,0,72,56,1,57,15,79.16666666666667,69.67213114754098,30.0,0.0,98.07692307692308,82.92682926829268,839,14.719298245614034,0,0,0,0,8,0,0,0,0,0,5.6504,3.8755,3864,1086491,46,35,119,0.5570469798657718,0,0.017104,0.054127999999999996,142,0.006,0.213,0.916,0,0.0,0.0,0,3,0,0,0,0,
K8_R1.05_T1_H1_N4_S8020_PERIODIC_inprocess,8020,8,1.05,1,1,N4,0.98,3.0,,PERIODIC,inprocess,b8fd93cd8cf2eb49f74b8d3ea244ac04864a3628b639179d90305b20dbf8aae7,e7efc01be072ab278cb6a73a3e910b2cd6bc148c8380da5588d9a1009fdce25d,0.3,0,72,56,1,57,15,79.16666666666667,78.68852459016394,65.0,57.142857142857146,84.61538461538461,85.36585365853658,864,15.157894736842104,0,0,0,0,8,0,0,0,0,0,5.6683,3.8755,4228,1124885,58,44,119,0.4666666666666667,1,0.194459,0.057989000000000006,23,1.2080000000000002,26.547,34.425999999999995,0,0.0,0.0,0,1,0,0,0,0,
K8_R1.05_T1_H1_N4_S8020_CENTRAL_inprocess,8020,8,1.05,1,1,N4,0.98,3.0,,CENTRAL,inprocess,b8fd93cd8cf2eb49f74b8d3ea244ac04864a3628b639179d90305b20dbf8aae7,48eacabc8841085f0d456bf4767d090577b624b8e860eeccac36c75a1553e5f4,0.672,0,72,57,1,58,14,80.55555555555556,77.04918032786885,60.0,42.857142857142854,88.46153846153847,82.92682926829268,813,14.017241379310345,0,0,0,0,8,0,0,0,0,0,5.6356,3.8755,4620,1143525,70,35,120,0.48509334076344385,0,0.564252,0.058281000000000006,56,6.503,26.503,27.444,0,0.0,0.0,0,1,0,0,0,0,
K8_R1.05_T1_H1_N4_S8020_CENTRAL_FB_inprocess,8020,8,1.05,1,1,N4,0.98,3.0,,CENTRAL_FB,inprocess,b8fd93cd8cf2eb49f74b8d3ea244ac04864a3628b639179d90305b20dbf8aae7,5f6806ce7a4e8ef4209fb41d9f5b123afe7080cd838ce60592e537a3dbe145b8,0.688,0,72,56,1,57,15,79.16666666666667,77.04918032786885,65.0,71.42857142857143,84.61538461538461,82.92682926829268,829,14.543859649122806,0,0,0,0,8,0,0,0,0,0,5.6356,3.8755,4652,1163438,76,40,120,0.4791494062413698,0,0.577473,0.061062,56,6.851,26.24,31.336000000000002,28,0.09000000000000001,0.101,0,1,0,0,0,0,
K8_R1.05_T1_H1_N4_S8020_HYBRID_inprocess,8020,8,1.05,1,1,N4,0.98,3.0,,HYBRID,inprocess,b8fd93cd8cf2eb49f74b8d3ea244ac04864a3628b639179d90305b20dbf8aae7,9dd3cd4a7e621164bc4f1ac90952a4c9345fccdc95ba4d2f89dac5f1da4ee0de,0.742,0,72,57,1,58,14,80.55555555555556,85.24590163934427,95.0,100.0,75.0,78.04878048780488,826,14.241379310344827,0,0,0,0,8,0,0,0,0,0,5.636,3.8755,5394,1314181,93,60,5,0.012624835123421895,0,0.557563,0.130352,126,0.079,25.891000000000002,28.684,658,0.44499999999999995,2.679,0,26,0,0,0,0,
K4_R0.90_T1_H1_N4_S8020_STATIC_inprocess,8020,4,0.9,1,1,N4,0.98,3.0,,STATIC,inprocess,450ade6345e288f3f4c7c8e3bd595cb43a012b41d638752586a60127fd6b5d08,e4ad115c80c265f46d7989ab935cef615ac24605b9548977a3c54aafe3b383c6,0.053,0,31,24,1,25,6,80.64516129032258,73.46938775510205,60.0,33.333333333333336,90.47619047619048,80.95238095238095,353,14.12,0,0,0,0,4,0,0,0,0,0,5.673,3.9466,1928,555230,26,14,116,0.5337597725657427,1,0.008347,0.025789,128,0.004,0.097,0.128,0,0.0,0.0,0,0,0,0,0,0,
K4_R0.90_T1_H1_N4_S8020_PERIODIC_inprocess,8020,4,0.9,1,1,N4,0.98,3.0,,PERIODIC,inprocess,450ade6345e288f3f4c7c8e3bd595cb43a012b41d638752586a60127fd6b5d08,748ff7dbe931c15fcf002b3b095edcec7ffc082776ad61480b5a84f5299e1342,0.095,0,31,24,1,25,6,80.64516129032258,75.51020408163265,70.0,33.333333333333336,85.71428571428571,80.95238095238095,354,14.16,0,0,0,0,4,0,0,0,0,0,5.6425,3.9466,2050,577299,33,12,117,0.5072083879423329,1,0.047475,0.026855999999999998,23,0.213,6.8,7.922999999999999,0,0.0,0.0,0,1,0,0,0,0,
K8_R1.05_T1_H1_N4_S8020_EDGE_MARKET_inprocess,8020,8,1.05,1,1,N4,0.98,3.0,,EDGE_MARKET,inprocess,b8fd93cd8cf2eb49f74b8d3ea244ac04864a3628b639179d90305b20dbf8aae7,da72cd420bacd2f492845daa000862f331a6c27250c69c0fff0c6269865d588b,0.286,0,72,56,1,57,15,79.16666666666667,82.78688524590164,75.0,100.0,80.76923076923077,82.92682926829268,805,14.12280701754386,0,0,0,0,8,0,0,0,0,0,5.6452,3.8755,5090,1339489,91,49,4,0.015193922431027589,1,0.023461,0.20977700000000002,148,0.041999999999999996,0.121,0.158,1202,0.438,3.07,0,33,0,0,0,0,
K8_R1.05_T1_H1_N4_S8020_HYBRID_EAGER_inprocess,8020,8,1.05,1,1,N4,0.98,3.0,,HYBRID_EAGER,inprocess,b8fd93cd8cf2eb49f74b8d3ea244ac04864a3628b639179d90305b20dbf8aae7,6662a61e5e5790ef4b79bb65d428414c79f7beb9db43e9651af4a8630cf47615,0.74,0,72,57,1,58,14,80.55555555555556,85.24590163934427,95.0,100.0,75.0,78.04878048780488,826,14.241379310344827,0,0,0,0,8,0,0,0,0,0,5.636,3.8755,5394,1314139,93,60,5,0.012624835123421895,0,0.555046,0.131056,126,0.077,24.839,28.512,669,0.435,2.721,0,26,0,0,0,0,
K4_R0.90_T1_H1_N4_S8020_CENTRAL_inprocess,8020,4,0.9,1,1,N4,0.98,3.0,,CENTRAL,inprocess,450ade6345e288f3f4c7c8e3bd595cb43a012b41d638752586a60127fd6b5d08,c998904e8be161f5e7df3176da90c3dca4b9f3ebd978374e1ab19d7f38171a61,0.195,0,31,25,1,26,5,83.87096774193549,87.75510204081633,90.0,100.0,80.95238095238095,90.47619047619048,350,13.461538461538462,0,0,0,0,4,0,0,0,0,0,5.6182,3.9466,2297,586953,43,18,121,0.6334841628959276,0,0.145578,0.027893,54,0.664,6.361000000000001,7.401,0,0.0,0.0,0,0,0,0,0,0,
K4_R0.90_T1_H1_N4_S8020_CENTRAL_FB_inprocess,8020,4,0.9,1,1,N4,0.98,3.0,,CENTRAL_FB,inprocess,450ade6345e288f3f4c7c8e3bd595cb43a012b41d638752586a60127fd6b5d08,e2ba9f41439e5ace52d520f20e9f7b85d22c74742c7ae0b8a60c7cb17b3008da,0.197,0,31,25,1,26,5,83.87096774193549,87.75510204081633,90.0,100.0,80.95238095238095,90.47619047619048,350,13.461538461538462,0,0,0,0,4,0,0,0,0,0,5.6182,3.9466,2297,586464,43,18,121,0.6334841628959276,0,0.146517,0.028531,54,0.6819999999999999,6.203,7.564,12,0.032,0.096,0,0,0,0,0,0,
K4_R0.90_T1_H1_N4_S8020_CENTRAL_FOG_inprocess,8020,4,0.9,1,1,N4,0.98,3.0,,CENTRAL_FOG,inprocess,450ade6345e288f3f4c7c8e3bd595cb43a012b41d638752586a60127fd6b5d08,588591f2199d6d7cab8a8209ef3269d66bb7d84c37c11dd28bef8dcf77c892ee,0.249,0,31,25,1,26,5,83.87096774193549,87.75510204081633,100.0,100.0,76.19047619047619,90.47619047619048,323,12.423076923076923,0,0,0,0,3,0,0,0,0,0,5.6416,3.9466,2435,582508,47,25,2,0.012557555462536627,0,0.198003,0.028111,75,1.288,6.301,7.859,0,0.0,0.0,0,0,0,0,0,0,
K4_R0.90_T1_H1_N4_S8020_HYBRID_inprocess,8020,4,0.9,1,1,N4,0.98,3.0,,HYBRID,inprocess,450ade6345e288f3f4c7c8e3bd595cb43a012b41d638752586a60127fd6b5d08,61424f5ac7092aca5edabd953368f6b4e27410dfc51f0beab42167fec2addb25,0.202,0,31,25,1,26,5,83.87096774193549,87.75510204081633,90.0,100.0,80.95238095238095,90.47619047619048,340,13.076923076923077,0,0,0,0,4,0,0,0,0,0,5.5697,3.9466,2375,602479,43,23,2,0.006031882809133994,0,0.145821,0.033142000000000005,82,0.048,6.17,7.473999999999999,81,0.388,0.431,0,3,0,0,0,0,
K4_R0.90_T1_H1_N4_S8020_EDGE_MARKET_inprocess,8020,4,0.9,1,1,N4,0.98,3.0,,EDGE_MARKET,inprocess,450ade6345e288f3f4c7c8e3bd595cb43a012b41d638752586a60127fd6b5d08,a25d93b53290bbf4530bd7e071a3cf477f2bbf4c901cf623be3b5f769e6f3a31,0.1,0,31,23,1,24,7,77.41935483870968,81.63265306122449,90.0,100.0,71.42857142857143,76.19047619047619,354,14.75,0,0,0,0,3,0,0,0,0,0,5.6721,3.9466,2205,613665,46,24,4,0.010692701069270108,0,0.010296,0.067376,97,0.023,0.026,0.067,303,0.432,2.947,0,11,0,0,0,0,
K4_R0.90_T1_H1_N4_S8020_HYBRID_EAGER_inprocess,8020,4,0.9,1,1,N4,0.98,3.0,,HYBRID_EAGER,inprocess,450ade6345e288f3f4c7c8e3bd595cb43a012b41d638752586a60127fd6b5d08,0822fe1b3ee54aae259ce36816c6c0a90ddfb79b9874ea73972c3675f6e4391b,0.208,0,31,25,1,26,5,83.87096774193549,87.75510204081633,90.0,100.0,80.95238095238095,90.47619047619048,340,13.076923076923077,0,0,0,0,4,0,0,0,0,0,5.5697,3.9466,2375,602479,43,23,2,0.006031882809133994,0,0.148121,0.036535000000000005,82,0.048,6.513,7.57,89,0.419,0.46900000000000003,0,3,0,0,0,0,
K16_R0.90_T1_H1_N4_S8019_CENTRAL_FOG_inprocess,8019,16,0.9,1,1,N4,0.98,3.0,,CENTRAL_FOG,inprocess,693d001f81fbc2ea8f972681e821c0cfa7a8c40116d8580db941759ba2e1b0f4,ef2eb65ae4e4c6e92aaf0037107d1603a33b5b74f10cbaaae00cc7a0087eab6b,4.138,0,123,92,5,97,26,78.86178861788618,81.18811881188118,84.0909090909091,87.5,75.9493670886076,74.24242424242425,1644,16.948453608247423,0,0,0,0,14,0,0,0,0,0,5.6656,3.8606,12627,2635640,238,145,18,0.024661508704061894,1,3.826042,0.158311,174,21.413999999999998,38.947,41.230000000000004,0,0.0,0.0,0,0,0,0,0,0,
K8_R1.05_T1_H1_N4_S8020_CENTRAL_FOG_inprocess,8020,8,1.05,1,1,N4,0.98,3.0,,CENTRAL_FOG,inprocess,b8fd93cd8cf2eb49f74b8d3ea244ac04864a3628b639179d90305b20dbf8aae7,3afc62652a8c0ac6797c59aaa72d548d942d92bbd72e0d812cba60d984697ce3,1.441,0,72,57,1,58,14,80.55555555555556,86.88524590163935,95.0,100.0,75.0,75.60975609756098,821,14.155172413793103,0,0,0,0,7,0,0,0,0,0,5.6346,3.8755,5819,1268303,125,57,5,0.018356643356643356,0,1.317316,0.06702599999999999,118,9.775,24.602,30.308999999999997,0,0.0,0.0,0,0,0,0,0,0,
K16_R0.90_T1_H1_N4_S8020_STATIC_inprocess,8020,16,0.9,1,1,N4,0.98,3.0,,STATIC,inprocess,fc65a5bf999facc204619b595941782a80886d60032792e54c55e57b8d152a51,fc91776b002da4dc6bbe096e4cfc07bd1c7bf59bae3357fdf7b69c0126b3fd53,0.273,0,123,98,4,102,21,82.92682926829268,75.84541062801932,53.84615384615385,50.0,96.42857142857143,87.03703703703704,1583,15.519607843137255,1,1,0,0,10,0,0,0,0,0,5.7394,3.8727,7718,2084327,118,51,119,0.5130496961029675,1,0.035451,0.111435,127,0.008,0.34299999999999997,2.758,0,0.0,0.0,0,2,0,0,0,0,
K16_R0.90_T1_H1_N4_S8020_PERIODIC_inprocess,8020,16,0.9,1,1,N4,0.98,3.0,,PERIODIC,inprocess,fc65a5bf999facc204619b595941782a80886d60032792e54c55e57b8d152a51,497802a50233e44722f38ee8637cfc3b627724bf410091d67c12323d5854eeee,0.544,0,123,94,3,97,26,78.86178861788618,73.91304347826087,58.97435897435897,50.0,88.0952380952381,79.62962962962963,1614,16.63917525773196,0,0,0,0,13,0,0,0,0,0,5.6479,3.8727,8233,2120012,138,57,119,0.4533988533988534,2,0.297998,0.11614899999999997,23,2.4979999999999998,32.243,33.034,0,0.0,0.0,0,3,0,0,0,0,
K16_R0.90_T1_H1_N4_S8020_EDGE_MARKET_inprocess,8020,16,0.9,1,1,N4,0.98,3.0,,EDGE_MARKET,inprocess,fc65a5bf999facc204619b595941782a80886d60032792e54c55e57b8d152a51,4ab584ff55417bf8bd5bcc8a394fc17d9b807d9b981623ef870c6c3dd08c2a2e,0.656,0,123,92,4,96,27,78.04878048780488,79.22705314009661,76.92307692307692,83.33333333333333,78.57142857142857,77.77777777777777,1829,19.052083333333332,8,8,0,0,12,0,0,0,0,0,5.6413,3.8727,11210,2874419,240,111,7,0.01846772718961419,2,0.051445,0.460182,171,0.082,0.32,0.412,3341,0.412,3.003,0,61,0,0,0,0,
K16_R0.90_T1_H1_N4_S8020_CENTRAL_FB_inprocess,8020,16,0.9,1,1,N4,0.98,3.0,,CENTRAL_FB,inprocess,fc65a5bf999facc204619b595941782a80886d60032792e54c55e57b8d152a51,c783efac2235d4b81cf0212bfb948e110e969b40c40b6f00b11b46eea92c8bf9,1.699,0,123,95,3,98,25,79.67479674796748,74.39613526570048,56.41025641025641,55.55555555555556,90.47619047619048,72.22222222222223,1647,16.806122448979593,5,5,0,0,9,0,0,0,0,0,5.9408,3.8727,9446,2243379,153,82,121,0.4666666666666667,1,1.438469,0.126371,82,19.113000000000003,36.901,45.73,48,0.087,0.092,0,0,0,0,0,0,
K16_R0.90_T1_H1_N4_S8020_CENTRAL_inprocess,8020,16,0.9,1,1,N4,0.98,3.0,,CENTRAL,inprocess,fc65a5bf999facc204619b595941782a80886d60032792e54c55e57b8d152a51,ced12fa91d6e131fbdf92298acb049917482f525e8eccd39e04fe9b558e482a5,1.763,0,123,98,3,101,22,82.11382113821138,77.77777777777777,64.1025641025641,61.111111111111114,90.47619047619048,81.48148148148148,1638,16.217821782178216,6,6,0,0,9,0,0,0,0,0,6.067,3.8727,9619,2261081,156,74,121,0.4584496742454461,2,1.499815,0.12712400000000001,89,16.878,35.967,44.399,0,0.0,0.0,0,0,0,0,0,0,
K16_R0.90_T1_H1_N4_S8020_HYBRID_EAGER_inprocess,8020,16,0.9,1,1,N4,0.98,3.0,,HYBRID_EAGER,inprocess,fc65a5bf999facc204619b595941782a80886d60032792e54c55e57b8d152a51,bc081ca4738a8fa4ecec56f4e1abb25ff0337b457a776f020fe307ed1cc2f960,1.906,0,123,98,3,101,22,82.11382113821138,84.05797101449275,87.17948717948718,94.44444444444444,79.76190476190476,83.33333333333333,1655,16.386138613861387,0,0,0,0,9,0,0,0,0,0,5.6631,3.8727,11294,2625261,222,130,6,0.02090497737556561,3,1.497472,0.26663899999999996,161,0.152,34.05,45.919000000000004,1492,0.371,2.608,0,30,0,0,0,0,
K16_R0.90_T1_H1_N4_S8020_HYBRID_inprocess,8020,16,0.9,1,1,N4,0.98,3.0,,HYBRID,inprocess,fc65a5bf999facc204619b595941782a80886d60032792e54c55e57b8d152a51,20cff50f23a7e068cc019ba792ff1851525de543a428078c211d47949b5598d7,1.918,0,123,97,3,100,23,81.30081300813008,83.09178743961353,82.05128205128206,94.44444444444444,80.95238095238095,81.48148148148148,1643,16.43,0,0,0,0,10,0,0,0,0,0,5.6746,3.8727,11248,2621540,240,113,6,0.02119530610388429,3,1.518591,0.257298,160,0.157,35.594,46.800000000000004,1462,0.39399999999999996,2.761,0,30,0,0,0,0,
K16_R0.90_T1_H1_N4_S8020_CENTRAL_FOG_inprocess,8020,16,0.9,1,1,N4,0.98,3.0,,CENTRAL_FOG,inprocess,fc65a5bf999facc204619b595941782a80886d60032792e54c55e57b8d152a51,23ab062a59563d8e123585926d74344ff58802e3a8a3f07ca9a0aae9eccc5e67,3.083,0,123,98,4,102,21,82.92682926829268,85.5072463768116,87.17948717948718,88.88888888888889,80.95238095238095,83.33333333333333,1740,17.058823529411764,0,0,0,0,13,0,0,0,0,0,5.6605,3.8727,11857,2470480,225,118,6,0.02178968219791577,2,2.800684,0.13768399999999997,160,18.06,33.774,46.068,0,0.0,0.0,0,0,0,0,0,0,
