run_id,seed,teams,load,traffic,thermal,network,availability,mean_outage,ua_misspec,method,backend,scenario_sha256,trajectory_sha256,wall_s,morning_unassigned,N,served,absent,handled,missed,handled_pct,priority_handled_pct,dynamic_handled_pct,urgent_handled_pct,static_handled_pct,cold_handled_pct,travel_min,travel_per_handled,overtime_min_total,overtime_min_max,late_returns,not_home,swaps,quarantines,warm_quarantines,cold_quarantines,wasted_doses,out_of_range_min,theta_max,theta_min,msgs_sent,bytes_sent,retries,duplicates,max_msg_delay,mean_msg_delay,msgs_pending_end,center_cpu_s,vehicle_cpu_s,center_decisions,center_p50_ms,center_p95_ms,center_max_ms,agent_decisions,agent_p95_ms,agent_max_ms,alns_timeouts,releases,token_overlaps,unauthorized_services,cold_after_quarantine,violations,violation_kinds
K8_R0.90_T1_H1_A0.95M5_S8001_CENTRAL_inprocess,8001,8,0.9,1,1,SWEEP,0.95,5.0,,CENTRAL,inprocess,8846504901d28751c8e58156afc6ad94cf06e466eb6b6598e9fbd73de661e404,96774c97bfea01065e755f757206e437d27710b9e659d6639327ef92f9dae87d,1.572,0,62,51,2,53,9,85.48387096774194,90.0,95.45454545454545,100.0,80.0,89.28571428571429,758,14.30188679245283,0,0,0,0,8,0,0,0,0,0,5.6794,3.8861,6046,1276771,284,47,8,0.05030674846625767,0,1.337289,0.10111200000000001,147,9.011999999999999,21.544,26.956,0,0.0,0.0,0,0,0,0,0,0,
K8_R0.90_T1_H1_A0.95M5_S8001_CENTRAL_FB_inprocess,8001,8,0.9,1,1,SWEEP,0.95,5.0,,CENTRAL_FB,inprocess,8846504901d28751c8e58156afc6ad94cf06e466eb6b6598e9fbd73de661e404,4ce00991ed6bdbd00d94427a275f3580ec0378087af2ad7657b69707eaa847e9,1.694,0,62,51,2,53,9,85.48387096774194,90.0,95.45454545454545,100.0,80.0,89.28571428571429,758,14.30188679245283,0,0,0,0,8,0,0,0,0,0,5.6794,3.8861,6046,1276771,284,47,8,0.05030674846625767,0,1.464925,0.112673,147,10.318000000000001,19.214,28.688000000000002,8,0.029,0.029,0,0,0,0,0,0,
K8_R0.90_T1_H1_A0.95M5_S8001_HYBRID_inprocess,8001,8,0.9,1,1,SWEEP,0.95,5.0,,HYBRID,inprocess,8846504901d28751c8e58156afc6ad94cf06e466eb6b6598e9fbd73de661e404,26e66f34b278cbe42dc100293423b325ac8b73da42bf78ac09ae128967dda332,1.474,0,62,51,2,53,9,85.48387096774194,90.0,95.45454545454545,100.0,80.0,89.28571428571429,758,14.30188679245283,0,0,0,0,8,0,0,0,0,0,5.6794,3.8861,6046,1276771,284,47,8,0.05030674846625767,0,1.293008,0.095502,147,8.383,19.066,32.039,8,0.028,0.028,0,0,0,0,0,0,
K8_R0.90_T1_H1_A0.95M5_S8001_EDGE_MARKET_inprocess,8001,8,0.9,1,1,SWEEP,0.95,5.0,,EDGE_MARKET,inprocess,8846504901d28751c8e58156afc6ad94cf06e466eb6b6598e9fbd73de661e404,8241476313ca8f8b30e74027ff87db55417d27af333287724e50b5cacc4efa74,0.292,0,62,48,2,50,12,80.64516129032258,84.54545454545455,86.36363636363636,100.0,77.5,75.0,777,15.54,0,0,0,0,7,0,0,0,0,0,6.0,3.8861,4963,1333270,240,54,8,0.026556377884196777,0,0.031751,0.19509799999999997,129,0.066,0.158,0.332,1081,0.382,3.8600000000000003,0,25,0,0,0,0,
K8_R0.90_T1_H1_A0.95M5_S8001_HYBRID_EAGER_inprocess,8001,8,0.9,1,1,SWEEP,0.95,5.0,,HYBRID_EAGER,inprocess,8846504901d28751c8e58156afc6ad94cf06e466eb6b6598e9fbd73de661e404,314f5e1acbcba11832852abdc298ee54be2cd7256ed5ede5ad9204fbfad80aea,1.773,0,62,51,2,53,9,85.48387096774194,90.9090909090909,100.0,100.0,77.5,82.14285714285714,767,14.471698113207546,0,0,0,0,8,0,0,0,0,0,5.6624,3.8861,6151,1286985,283,47,9,0.057692307692307696,0,1.549665,0.11613499999999999,148,10.203,23.132,27.966,25,0.048,0.11299999999999999,0,0,0,0,0,0,
K8_R0.90_T1_H1_A0.95M15_S8001_CENTRAL_inprocess,8001,8,0.9,1,1,SWEEP,0.95,15.0,,CENTRAL,inprocess,4747c988434c475cb2be085bdc9308f2e260b299dee9f065ea62912c2b27ecfa,c6fa9361eaf47031a559700412f90b469f3778e9aeb03e140881a0a73fa63656,1.202,0,62,54,3,57,5,91.93548387096774,93.63636363636364,95.45454545454545,91.66666666666667,90.0,100.0,816,14.31578947368421,0,0,0,0,8,0,0,0,0,0,5.6627,3.8861,5442,1256216,277,35,30,0.048526522593320236,1,0.989787,0.109422,110,6.978,20.814,22.846999999999998,0,0.0,0.0,0,0,0,0,0,0,
K8_R0.90_T1_H1_A0.95M15_S8001_CENTRAL_FB_inprocess,8001,8,0.9,1,1,SWEEP,0.95,15.0,,CENTRAL_FB,inprocess,4747c988434c475cb2be085bdc9308f2e260b299dee9f065ea62912c2b27ecfa,d4feae4b39b1e73c33d58bf8980f955d3726a8332d67e5567aff964ef7a8cc3a,1.21,0,62,54,3,57,5,91.93548387096774,93.63636363636364,95.45454545454545,91.66666666666667,90.0,100.0,816,14.31578947368421,0,0,0,0,8,0,0,0,0,0,5.6627,3.8861,5442,1256216,277,35,30,0.048526522593320236,1,1.000689,0.10742399999999999,110,8.74,17.992,32.088,9,0.397,0.397,0,0,0,0,0,0,
K8_R0.90_T1_H1_A0.95M15_S8001_HYBRID_inprocess,8001,8,0.9,1,1,SWEEP,0.95,15.0,,HYBRID,inprocess,4747c988434c475cb2be085bdc9308f2e260b299dee9f065ea62912c2b27ecfa,0d12a541fffe5a018d830ecd103aa1a30d27ec99c7b72b83cbf11f6577b789c3,1.244,0,62,54,3,57,5,91.93548387096774,93.63636363636364,95.45454545454545,91.66666666666667,90.0,100.0,816,14.31578947368421,0,0,0,0,8,0,0,0,0,0,5.6627,3.8861,5442,1256216,277,35,30,0.048526522593320236,1,1.038263,0.102547,110,8.669,21.352,25.463,9,0.373,0.373,0,0,0,0,0,0,
K8_R0.90_T1_H1_A0.95M15_S8001_HYBRID_EAGER_inprocess,8001,8,0.9,1,1,SWEEP,0.95,15.0,,HYBRID_EAGER,inprocess,4747c988434c475cb2be085bdc9308f2e260b299dee9f065ea62912c2b27ecfa,ed49db500dc2a7b937f4e5b9d25e2adad723496788cbd9dafb9c9c2dad6797bc,1.331,0,62,54,3,57,5,91.93548387096774,93.63636363636364,95.45454545454545,91.66666666666667,90.0,100.0,816,14.31578947368421,0,0,0,0,8,0,0,0,0,0,5.6627,3.8861,5442,1256169,277,35,30,0.048526522593320236,1,1.118743,0.118803,110,10.526,20.136000000000003,24.729999999999997,18,0.047,0.45,0,0,0,0,0,0,
K8_R0.90_T1_H1_A0.95M15_S8001_EDGE_MARKET_inprocess,8001,8,0.9,1,1,SWEEP,0.95,15.0,,EDGE_MARKET,inprocess,4747c988434c475cb2be085bdc9308f2e260b299dee9f065ea62912c2b27ecfa,8551d049c92bd0568d5bec14aa68042933962854fcbaff4673cd3d2fe661db40,0.318,0,62,48,2,50,12,80.64516129032258,84.54545454545455,90.9090909090909,100.0,75.0,78.57142857142857,773,15.46,0,0,0,0,6,0,0,0,0,0,6.0,3.8861,5005,1348643,254,41,23,0.034193548387096775,2,0.038316,0.20661200000000002,150,0.073,0.18000000000000002,0.251,1137,0.43,2.8440000000000003,0,23,0,0,0,0,
K8_R0.90_T1_H1_A0.95M30_S8001_CENTRAL_inprocess,8001,8,0.9,1,1,SWEEP,0.95,30.0,,CENTRAL,inprocess,0ecceacd3f01308a7356682c758221509ed262ae0811a65270f4dfe9f4a5a449,95a4612b7d581a09c61de1fd8a7cef930787960cada1a65f717827c7ec58fa9d,1.267,0,62,50,3,53,9,85.48387096774194,89.0909090909091,95.45454545454545,91.66666666666667,80.0,82.14285714285714,819,15.452830188679245,0,0,0,0,6,0,0,0,0,0,5.6623,3.8861,5591,1260244,245,45,17,0.02958801498127341,2,1.110414,0.08979000000000001,125,7.441,17.187,26.25,0,0.0,0.0,0,0,0,0,0,0,
K8_R0.90_T1_H1_A0.95M30_S8001_CENTRAL_FB_inprocess,8001,8,0.9,1,1,SWEEP,0.95,30.0,,CENTRAL_FB,inprocess,0ecceacd3f01308a7356682c758221509ed262ae0811a65270f4dfe9f4a5a449,af125c5cd5cf879b9147e6ec588a9a5bf66ec0f6d980f760a50fd916bcc38975,1.605,0,62,50,3,53,9,85.48387096774194,89.0909090909091,95.45454545454545,91.66666666666667,80.0,82.14285714285714,819,15.452830188679245,0,0,0,0,6,0,0,0,0,0,5.6623,3.8861,5591,1260244,245,45,17,0.02958801498127341,2,1.377544,0.10244700000000001,125,9.447000000000001,23.633000000000003,33.114,6,0.022,0.022,0,0,0,0,0,0,
K8_R0.90_T1_H1_A0.95M30_S8001_HYBRID_inprocess,8001,8,0.9,1,1,SWEEP,0.95,30.0,,HYBRID,inprocess,0ecceacd3f01308a7356682c758221509ed262ae0811a65270f4dfe9f4a5a449,56c3d9405c11794a5b75d832da0649ef2ec16cf29bb030d4c68923b4ba0e2dad,1.455,0,62,50,3,53,9,85.48387096774194,89.0909090909091,95.45454545454545,91.66666666666667,80.0,82.14285714285714,819,15.452830188679245,0,0,0,0,6,0,0,0,0,0,5.6623,3.8861,5591,1260244,245,45,17,0.02958801498127341,2,1.242975,0.106975,125,9.807,17.928,24.549000000000003,6,0.028,0.028,0,0,0,0,0,0,
K8_R0.90_T1_H1_A0.95M30_S8001_EDGE_MARKET_inprocess,8001,8,0.9,1,1,SWEEP,0.95,30.0,,EDGE_MARKET,inprocess,0ecceacd3f01308a7356682c758221509ed262ae0811a65270f4dfe9f4a5a449,354ce7e35d160c1a44a3657eef88656fd4b8ce7a146c19188888f9de899f9de0,0.37,0,62,46,3,49,13,79.03225806451613,80.9090909090909,81.81818181818181,83.33333333333333,77.5,71.42857142857143,782,15.959183673469388,0,0,0,0,7,0,0,0,0,0,6.0,3.8861,4971,1331384,253,49,8,0.019365822515428815,1,0.041216,0.24781399999999998,153,0.078,0.15,0.251,1092,0.519,4.3839999999999995,0,24,0,0,0,0,
K8_R0.90_T1_H1_A0.95M30_S8001_HYBRID_EAGER_inprocess,8001,8,0.9,1,1,SWEEP,0.95,30.0,,HYBRID_EAGER,inprocess,0ecceacd3f01308a7356682c758221509ed262ae0811a65270f4dfe9f4a5a449,5be19a0fc6d68e74348d3867e31eef2510d59d376dfa6581f391b29ab4025ed6,1.511,0,62,51,3,54,8,87.09677419354838,89.0909090909091,90.9090909090909,91.66666666666667,85.0,82.14285714285714,767,14.203703703703704,0,0,0,0,5,0,0,0,0,0,5.6383,3.8861,5487,1267010,261,51,16,0.03077805390938635,3,1.261579,0.117856,113,10.619,22.482,29.066000000000003,16,0.041,0.048,0,0,0,0,0,0,
K8_R0.90_T1_H1_A0.85M5_S8001_CENTRAL_inprocess,8001,8,0.9,1,1,SWEEP,0.85,5.0,,CENTRAL,inprocess,b44c40fccc2a8cb20bf26a6a0be2ed012ea162b6f63c7856f6b6b4a299dc23a9,46db0a06ee74c5fe353f32aa109df9912423ba1ae48013c05bed083266a4d7b7,1.893,0,62,47,3,50,12,80.64516129032258,80.9090909090909,77.27272727272727,75.0,82.5,78.57142857142857,744,14.88,0,0,0,0,7,0,0,0,0,0,5.6663,3.8918,6384,1310656,296,56,18,0.16971508969398522,2,1.651621,0.11938599999999999,185,7.607,23.322,29.623,0,0.0,0.0,0,6,0,0,0,0,
K8_R0.90_T1_H1_A0.85M5_S8001_CENTRAL_FB_inprocess,8001,8,0.9,1,1,SWEEP,0.85,5.0,,CENTRAL_FB,inprocess,b44c40fccc2a8cb20bf26a6a0be2ed012ea162b6f63c7856f6b6b4a299dc23a9,44f5b5fc89fa26f4cdaf2d6159acbd25b51676ee125137d3b0cc67ecdddf5d4f,1.928,0,62,47,3,50,12,80.64516129032258,80.9090909090909,77.27272727272727,75.0,82.5,78.57142857142857,744,14.88,0,0,0,0,7,0,0,0,0,0,5.6663,3.8918,6384,1310656,296,56,18,0.16971508969398522,2,1.656527,0.121923,185,7.624,23.57,34.833999999999996,17,0.447,0.46,0,6,0,0,0,0,
K8_R0.90_T1_H1_A0.85M5_S8001_HYBRID_inprocess,8001,8,0.9,1,1,SWEEP,0.85,5.0,,HYBRID,inprocess,b44c40fccc2a8cb20bf26a6a0be2ed012ea162b6f63c7856f6b6b4a299dc23a9,a83f6dedd0d1d878cbbd4fdfafb1d7f78b002677649eda666190fcce910f230f,1.811,0,62,47,3,50,12,80.64516129032258,80.9090909090909,77.27272727272727,75.0,82.5,78.57142857142857,744,14.88,0,0,0,0,7,0,0,0,0,0,5.6663,3.8918,6384,1310656,296,56,18,0.16971508969398522,2,1.562175,0.120717,185,6.289999999999999,23.956000000000003,39.544000000000004,17,0.40700000000000003,0.453,0,6,0,0,0,0,
K8_R0.90_T1_H1_A0.85M5_S8001_EDGE_MARKET_inprocess,8001,8,0.9,1,1,SWEEP,0.85,5.0,,EDGE_MARKET,inprocess,b44c40fccc2a8cb20bf26a6a0be2ed012ea162b6f63c7856f6b6b4a299dc23a9,71117186e6e66a73fcb10e6cf7cbf3e09e10d0308991cc463d393bca1455ced0,0.314,0,62,47,2,49,13,79.03225806451613,82.72727272727273,86.36363636363636,91.66666666666667,75.0,75.0,771,15.73469387755102,0,0,0,0,6,0,0,0,0,0,6.2407,3.8918,4882,1295386,204,35,17,0.0871647509578544,2,0.032517,0.21486000000000002,135,0.060000000000000005,0.13799999999999998,0.221,1002,0.48500000000000004,4.109,0,28,0,0,0,0,
K8_R0.90_T1_H1_A0.85M5_S8001_HYBRID_EAGER_inprocess,8001,8,0.9,1,1,SWEEP,0.85,5.0,,HYBRID_EAGER,inprocess,b44c40fccc2a8cb20bf26a6a0be2ed012ea162b6f63c7856f6b6b4a299dc23a9,da0635d016e71d1286cb39cb20b8292ef5752c964c614207979e5cf33f16af23,2.03,0,62,47,3,50,12,80.64516129032258,85.45454545454545,95.45454545454545,91.66666666666667,72.5,75.0,828,16.56,0,0,0,0,6,0,0,0,0,0,5.6351,3.8918,6162,1300585,290,62,17,0.1608187134502924,2,1.767413,0.127332,180,8.721,24.862,32.744,54,0.103,2.489,0,1,0,0,0,0,
K8_R0.90_T1_H1_A0.85M15_S8001_CENTRAL_FB_inprocess,8001,8,0.9,1,1,SWEEP,0.85,15.0,,CENTRAL_FB,inprocess,17b84a1109af6f8b3b4dd4a14b483c52846be3a38d74300d4e1e86ef53aa1024,3a29da4d4a84a3bdabbab5593f69972d8e46bbe25524d423f34da041c51d42ab,1.568,0,62,49,3,52,10,83.87096774193549,87.27272727272727,90.9090909090909,83.33333333333333,80.0,82.14285714285714,817,15.711538461538462,0,0,0,0,8,0,0,0,0,0,5.6538,3.9117,5726,1272724,278,41,32,0.15160642570281124,2,1.335717,0.11618000000000002,134,9.344,20.903000000000002,24.060000000000002,23,0.046,0.43,0,0,0,0,0,0,
K8_R0.90_T1_H1_A0.85M15_S8001_CENTRAL_inprocess,8001,8,0.9,1,1,SWEEP,0.85,15.0,,CENTRAL,inprocess,17b84a1109af6f8b3b4dd4a14b483c52846be3a38d74300d4e1e86ef53aa1024,78ca4996d42ec5f6159b58878c02cbbb695f577b60148adcecfa8f3fe5d98141,1.836,0,62,48,3,51,11,82.25806451612904,86.36363636363636,95.45454545454545,91.66666666666667,75.0,78.57142857142857,839,16.45098039215686,0,0,0,0,7,0,0,0,0,0,5.629,3.9117,6025,1307742,262,31,32,0.14140079290164245,2,1.625513,0.10856099999999999,154,10.262,21.201999999999998,30.447,0,0.0,0.0,0,7,0,0,0,0,
K8_R0.90_T1_H1_A0.85M15_S8001_HYBRID_EAGER_inprocess,8001,8,0.9,1,1,SWEEP,0.85,15.0,,HYBRID_EAGER,inprocess,17b84a1109af6f8b3b4dd4a14b483c52846be3a38d74300d4e1e86ef53aa1024,ccb40d42f0970dc3558f8c606c2915910536214f00cce548d82e4623d194bbd5,1.485,0,62,47,3,50,12,80.64516129032258,83.63636363636364,90.9090909090909,83.33333333333333,75.0,75.0,786,15.72,0,0,0,0,6,0,0,0,0,0,5.6266,3.9117,5899,1288564,288,39,32,0.15386107877376795,2,1.306826,0.105603,140,8.883000000000001,19.438,28.88,53,0.041999999999999996,0.43600000000000005,0,0,0,0,0,0,
K8_R0.90_T1_H1_A0.85M15_S8001_HYBRID_inprocess,8001,8,0.9,1,1,SWEEP,0.85,15.0,,HYBRID,inprocess,17b84a1109af6f8b3b4dd4a14b483c52846be3a38d74300d4e1e86ef53aa1024,c82f1dc2ce895980496af203ea9d758807a6bf84cfff2abc55e59f7eb818d333,1.713,0,62,49,3,52,10,83.87096774193549,87.27272727272727,90.9090909090909,83.33333333333333,80.0,82.14285714285714,817,15.711538461538462,0,0,0,0,8,0,0,0,0,0,5.6538,3.9117,5726,1272724,278,41,32,0.15160642570281124,2,1.484908,0.10853499999999999,134,10.238000000000001,25.287,42.846000000000004,23,0.029,0.48899999999999993,0,0,0,0,0,0,
K8_R0.90_T1_H1_A0.85M15_S8001_EDGE_MARKET_inprocess,8001,8,0.9,1,1,SWEEP,0.85,15.0,,EDGE_MARKET,inprocess,17b84a1109af6f8b3b4dd4a14b483c52846be3a38d74300d4e1e86ef53aa1024,eb1f06634cd286b8daa8964dd84a1556db372137584b9c4fa483c778fa7d528f,0.338,0,62,46,3,49,13,79.03225806451613,81.81818181818181,81.81818181818181,83.33333333333333,77.5,75.0,733,14.959183673469388,0,0,0,0,5,0,0,0,0,0,6.0,3.9117,4943,1310359,233,36,23,0.10646932442110289,2,0.034545,0.23629199999999997,139,0.067,0.221,0.376,1084,0.477,2.933,0,25,0,0,0,0,
K8_R0.90_T1_H1_A0.85M30_S8001_CENTRAL_inprocess,8001,8,0.9,1,1,SWEEP,0.85,30.0,,CENTRAL,inprocess,022531e17d7db24018ec69a2816e07ee4c83fd4517ea57e3f109aa589afda0c2,97fe774244582b5de2bd139cc3e9ba2700ba8b626af6705c1ab9860f9724f1bc,1.579,0,62,45,2,47,15,75.80645161290323,79.0909090909091,81.81818181818181,83.33333333333333,72.5,78.57142857142857,774,16.46808510638298,0,0,0,0,5,0,0,0,0,0,5.6327,3.9117,6174,1309112,256,49,115,0.3226890756302521,1,1.36988,0.10213599999999999,150,9.025,19.779,23.624,0,0.0,0.0,0,0,0,0,0,0,
K8_R0.90_T1_H1_A0.85M30_S8001_CENTRAL_FB_inprocess,8001,8,0.9,1,1,SWEEP,0.85,30.0,,CENTRAL_FB,inprocess,022531e17d7db24018ec69a2816e07ee4c83fd4517ea57e3f109aa589afda0c2,ded022a67bf970e0effd249b32c06091c6e9bb1c9501d6a14142dad1ec7c4880,1.684,0,62,49,2,51,11,82.25806451612904,87.27272727272727,90.9090909090909,91.66666666666667,77.5,89.28571428571429,774,15.176470588235293,0,0,0,0,6,0,0,0,0,0,5.6441,3.9117,5936,1334210,257,40,115,0.2836519703472493,1,1.480286,0.12052000000000002,140,11.188,17.995,23.292,29,0.519,2.897,0,0,0,0,0,0,
K8_R0.90_T1_H1_A0.85M30_S8001_HYBRID_inprocess,8001,8,0.9,1,1,SWEEP,0.85,30.0,,HYBRID,inprocess,022531e17d7db24018ec69a2816e07ee4c83fd4517ea57e3f109aa589afda0c2,25180ed42d3a6296385931e391f1e58139c49979c34ed40032b607dc372d5642,1.58,0,62,49,2,51,11,82.25806451612904,87.27272727272727,90.9090909090909,91.66666666666667,77.5,89.28571428571429,774,15.176470588235293,0,0,0,0,6,0,0,0,0,0,5.6441,3.9117,5936,1334210,257,40,115,0.2836519703472493,1,1.360891,0.11370000000000002,140,9.548,18.409,33.042,29,0.474,2.504,0,0,0,0,0,0,
K8_R0.90_T1_H1_A0.85M30_S8001_EDGE_MARKET_inprocess,8001,8,0.9,1,1,SWEEP,0.85,30.0,,EDGE_MARKET,inprocess,022531e17d7db24018ec69a2816e07ee4c83fd4517ea57e3f109aa589afda0c2,9150ed0d7839a7f055611daf69d40389c31da6c388d5e87a8300c3931ac0fe8c,0.268,0,62,46,2,48,14,77.41935483870968,79.0909090909091,81.81818181818181,66.66666666666667,75.0,82.14285714285714,765,15.9375,0,0,0,0,3,0,0,0,0,0,5.6313,3.9117,4626,1263545,182,29,91,0.42218717139852785,1,0.026408,0.183965,113,0.045000000000000005,0.127,0.206,764,0.426,2.97,0,27,0,0,0,0,
K8_R0.90_T1_H1_A0.85M30_S8001_HYBRID_EAGER_inprocess,8001,8,0.9,1,1,SWEEP,0.85,30.0,,HYBRID_EAGER,inprocess,022531e17d7db24018ec69a2816e07ee4c83fd4517ea57e3f109aa589afda0c2,47639b4af263d3b6a7aefb32df4c8a3e1ad595e9088778b2c4ad3095a7dd42d6,1.486,0,62,49,2,51,11,82.25806451612904,86.36363636363636,90.9090909090909,91.66666666666667,77.5,89.28571428571429,757,14.843137254901961,0,0,0,0,5,0,0,0,0,0,5.6595,3.9117,5678,1295519,242,44,115,0.29473467708761825,1,1.27582,0.125381,126,9.93,20.944,22.531,42,0.46799999999999997,3.012,0,1,0,0,0,0,
K8_R0.90_T1_H1_A0.75M5_S8001_CENTRAL_inprocess,8001,8,0.9,1,1,SWEEP,0.75,5.0,,CENTRAL,inprocess,3dc69c35575481f326bbc015d8b94af8578edb0442eacbbad54eda068d7b7cb7,8e25c7824f1367d92b9cd1bf9d5c0bc36bd1b0caad058e12941313feda46bf5c,1.711,0,62,49,2,51,11,82.25806451612904,86.36363636363636,95.45454545454545,91.66666666666667,75.0,82.14285714285714,849,16.647058823529413,0,0,0,0,6,0,0,0,0,0,5.6683,3.8918,6576,1364106,324,52,20,0.2620578778135048,3,1.478785,0.1023,222,6.5649999999999995,17.907,32.946000000000005,0,0.0,0.0,0,0,0,0,0,0,
K8_R0.90_T1_H1_A0.75M5_S8001_CENTRAL_FB_inprocess,8001,8,0.9,1,1,SWEEP,0.75,5.0,,CENTRAL_FB,inprocess,3dc69c35575481f326bbc015d8b94af8578edb0442eacbbad54eda068d7b7cb7,f5a3c4a88fef38ecb3076913cda5169a748e580ecb1b1be8d44939d83ca59e7c,1.763,0,62,49,2,51,11,82.25806451612904,86.36363636363636,95.45454545454545,91.66666666666667,75.0,82.14285714285714,849,16.647058823529413,0,0,0,0,6,0,0,0,0,0,5.6683,3.8918,6576,1364106,324,52,20,0.2620578778135048,3,1.54769,0.11333,222,6.47,17.946,31.041,17,0.026,0.043000000000000003,0,0,0,0,0,0,
K8_R0.90_T1_H1_A0.75M5_S8001_HYBRID_inprocess,8001,8,0.9,1,1,SWEEP,0.75,5.0,,HYBRID,inprocess,3dc69c35575481f326bbc015d8b94af8578edb0442eacbbad54eda068d7b7cb7,0eca0c7a591951092a204a886ca20bf8e9dea9a3d0d0830dc41a716cc9d73b24,1.922,0,62,49,2,51,11,82.25806451612904,86.36363636363636,95.45454545454545,91.66666666666667,75.0,82.14285714285714,849,16.647058823529413,0,0,0,0,6,0,0,0,0,0,5.6683,3.8918,6576,1364106,324,52,20,0.2620578778135048,3,1.699702,0.114215,222,7.496,19.837,35.327,17,0.027,0.06899999999999999,0,0,0,0,0,0,
K8_R0.90_T1_H1_A0.75M5_S8001_HYBRID_EAGER_inprocess,8001,8,0.9,1,1,SWEEP,0.75,5.0,,HYBRID_EAGER,inprocess,3dc69c35575481f326bbc015d8b94af8578edb0442eacbbad54eda068d7b7cb7,381c8a8636cf7323c561dc6ddc67b7061cf7b4cc53314c9f361098e15346f643,1.994,0,62,50,2,52,10,83.87096774193549,88.18181818181819,95.45454545454545,100.0,77.5,89.28571428571429,754,14.5,0,0,0,0,8,0,0,0,0,0,5.6431,3.8918,6605,1340228,263,45,20,0.22287130465569127,3,1.74345,0.132503,226,6.9350000000000005,20.282999999999998,41.94,81,0.106,2.369,0,0,0,0,0,0,
K8_R0.90_T1_H1_A0.75M5_S8001_EDGE_MARKET_inprocess,8001,8,0.9,1,1,SWEEP,0.75,5.0,,EDGE_MARKET,inprocess,3dc69c35575481f326bbc015d8b94af8578edb0442eacbbad54eda068d7b7cb7,0beb54e7d076ee2b874e6e1d3b98d1bf4800bb00890812d9167e2a00bc20c64d,0.316,0,62,48,2,50,12,80.64516129032258,82.72727272727273,86.36363636363636,83.33333333333333,77.5,71.42857142857143,762,15.24,0,0,0,0,5,0,0,0,0,0,6.4867,3.8918,4856,1294922,193,39,20,0.11646482865240917,4,0.030943,0.205357,156,0.055,0.146,0.229,990,0.472,4.0,0,22,0,0,0,0,
K8_R0.90_T1_H1_A0.75M15_S8001_CENTRAL_inprocess,8001,8,0.9,1,1,SWEEP,0.75,15.0,,CENTRAL,inprocess,733d128443649504631c184f928105f3faaecba58187b69600482ada55b7703c,408f3938830e24ec25661b207c6b39207da508400c4da53558e1888115fe3926,1.509,0,62,49,2,51,11,82.25806451612904,85.45454545454545,90.9090909090909,91.66666666666667,77.5,78.57142857142857,790,15.490196078431373,0,0,0,0,6,0,0,0,0,0,5.6092,3.9117,5574,1287012,240,38,63,0.22674033149171272,3,1.27917,0.111815,149,8.751,17.881999999999998,22.974999999999998,0,0.0,0.0,0,2,0,0,0,0,
K8_R0.90_T1_H1_A0.75M15_S8001_CENTRAL_FB_inprocess,8001,8,0.9,1,1,SWEEP,0.75,15.0,,CENTRAL_FB,inprocess,733d128443649504631c184f928105f3faaecba58187b69600482ada55b7703c,05a0742871b9563b63bbbd7127f2e31d82ad2f7f687d91903daee394881214bc,1.385,0,62,50,1,51,11,82.25806451612904,84.54545454545455,86.36363636363636,91.66666666666667,80.0,82.14285714285714,774,15.176470588235293,0,0,0,0,6,0,0,0,0,0,5.6334,3.9117,5567,1284743,237,42,63,0.21415929203539824,3,1.182656,0.10923000000000001,149,8.307,15.736,19.584,39,0.046,0.377,0,2,0,0,0,0,
K8_R0.90_T1_H1_A0.75M15_S8001_HYBRID_EAGER_inprocess,8001,8,0.9,1,1,SWEEP,0.75,15.0,,HYBRID_EAGER,inprocess,733d128443649504631c184f928105f3faaecba58187b69600482ada55b7703c,5b2481ea5c735b05c2419a6c49c126ab26a4d5543b793d90b77aa9e66f436f9c,1.353,0,62,51,1,52,10,83.87096774193549,85.45454545454545,86.36363636363636,91.66666666666667,82.5,85.71428571428571,801,15.403846153846153,0,0,0,0,5,0,0,0,0,0,5.6334,3.9117,5596,1287514,231,35,63,0.21944261575597981,2,1.144094,0.11581100000000001,151,6.882,16.222,21.125999999999998,66,0.08399999999999999,0.589,0,1,0,0,0,0,
K8_R0.90_T1_H1_A0.75M15_S8001_HYBRID_inprocess,8001,8,0.9,1,1,SWEEP,0.75,15.0,,HYBRID,inprocess,733d128443649504631c184f928105f3faaecba58187b69600482ada55b7703c,fef6e8358424c5e51bfb213c3dd7b4271243a5763cd2118078d45d3fe6162cd0,1.381,0,62,50,1,51,11,82.25806451612904,84.54545454545455,86.36363636363636,91.66666666666667,80.0,82.14285714285714,774,15.176470588235293,0,0,0,0,6,0,0,0,0,0,5.6334,3.9117,5567,1284743,237,42,63,0.21415929203539824,3,1.181489,0.108566,149,7.715,17.012,29.35,39,0.05,0.422,0,2,0,0,0,0,
K8_R0.90_T1_H1_A0.75M15_S8001_EDGE_MARKET_inprocess,8001,8,0.9,1,1,SWEEP,0.75,15.0,,EDGE_MARKET,inprocess,733d128443649504631c184f928105f3faaecba58187b69600482ada55b7703c,22d4d405ffc927d678709cfa394816287601173c41894f43dd22808edb7c2f86,0.35,0,62,46,2,48,14,77.41935483870968,80.0,90.9090909090909,91.66666666666667,70.0,71.42857142857143,839,17.479166666666668,0,0,0,0,7,0,0,0,0,0,6.0,3.9117,4848,1309577,173,39,63,0.22353249475890985,3,0.035191,0.236921,140,0.064,0.17,0.306,971,0.502,4.471,0,30,0,0,0,0,
K8_R0.90_T1_H1_A0.75M30_S8001_CENTRAL_inprocess,8001,8,0.9,1,1,SWEEP,0.75,30.0,,CENTRAL,inprocess,b0e6ee5c26edf510fe4c0595d3969ac910e6bf24afc42e3dd3b73bab9f90a341,0c93d9294a2766d814a704c91517c5c2e52b6e5a0015d2a18605d84dcd869083,0.877,0,62,45,3,48,14,77.41935483870968,79.0909090909091,81.81818181818181,75.0,75.0,67.85714285714286,871,18.145833333333332,0,0,0,0,6,0,0,0,0,0,5.6644,3.9117,5546,1255332,217,34,116,0.5806675938803895,1,0.720901,0.09149600000000001,127,5.7,11.661,17.938,0,0.0,0.0,0,0,0,0,0,0,
K8_R0.90_T1_H1_A0.75M30_S8001_CENTRAL_FB_inprocess,8001,8,0.9,1,1,SWEEP,0.75,30.0,,CENTRAL_FB,inprocess,b0e6ee5c26edf510fe4c0595d3969ac910e6bf24afc42e3dd3b73bab9f90a341,edace797d604dbd882804b175cc2ceaa10d058b8a08433c720834549a7c00145,1.042,0,62,49,3,52,10,83.87096774193549,83.63636363636364,86.36363636363636,75.0,82.5,78.57142857142857,755,14.51923076923077,0,0,0,0,6,0,0,0,0,0,5.6315,3.9117,5461,1236925,209,38,115,0.5047192071731949,3,0.829308,0.121795,130,5.361000000000001,15.86,26.824,50,0.417,3.165,0,1,0,0,0,0,
K8_R0.90_T1_H1_A0.75M30_S8001_HYBRID_inprocess,8001,8,0.9,1,1,SWEEP,0.75,30.0,,HYBRID,inprocess,b0e6ee5c26edf510fe4c0595d3969ac910e6bf24afc42e3dd3b73bab9f90a341,892dd227acf26fa6400001cd5fa20510ce201601a6e5dd789e16f7227c38b09c,0.86,0,62,49,3,52,10,83.87096774193549,83.63636363636364,86.36363636363636,75.0,82.5,78.57142857142857,755,14.51923076923077,0,0,0,0,6,0,0,0,0,0,5.6315,3.9117,5461,1236925,209,38,115,0.5047192071731949,3,0.693788,0.098203,130,4.813,13.100999999999999,16.077,50,0.378,2.439,0,1,0,0,0,0,
K8_R0.90_T1_H1_A0.75M30_S8001_EDGE_MARKET_inprocess,8001,8,0.9,1,1,SWEEP,0.75,30.0,,EDGE_MARKET,inprocess,b0e6ee5c26edf510fe4c0595d3969ac910e6bf24afc42e3dd3b73bab9f90a341,1ba8dbb2844365a7564d318082528eae23d830be9ad3c34f349327d8221e63d8,0.313,0,62,45,2,47,15,75.80645161290323,80.9090909090909,90.9090909090909,91.66666666666667,67.5,71.42857142857143,811,17.25531914893617,0,0,0,0,5,0,0,0,0,0,5.6177,3.9117,4612,1267852,185,42,91,0.4337600476332242,1,0.028788,0.21900599999999998,127,0.049,0.13899999999999998,0.27799999999999997,771,0.517,3.1270000000000002,0,24,0,0,0,0,
K8_R0.90_T1_H1_A0.75M30_S8001_HYBRID_EAGER_inprocess,8001,8,0.9,1,1,SWEEP,0.75,30.0,,HYBRID_EAGER,inprocess,b0e6ee5c26edf510fe4c0595d3969ac910e6bf24afc42e3dd3b73bab9f90a341,c2bfec7f2c4237b2ebc646b2b3c31472c47bbab85fe937c61c38d229ba45702e,1.349,0,62,45,2,47,15,75.80645161290323,81.81818181818181,95.45454545454545,91.66666666666667,65.0,71.42857142857143,785,16.70212765957447,0,0,0,0,5,0,0,0,0,0,5.631,3.9117,5573,1251414,214,39,115,0.44593036661286606,1,1.113917,0.12372699999999999,137,8.867999999999999,15.584000000000001,31.689000000000004,59,0.171,2.5370000000000004,0,0,0,0,0,0,
K8_R0.90_T1_H1_A0.65M5_S8001_CENTRAL_inprocess,8001,8,0.9,1,1,SWEEP,0.65,5.0,,CENTRAL,inprocess,abe6398e7626205ac04adb625b002c49568bf375d3e851c74cf820c8b7f5a3fc,9b10a62cb401e4c223c3cceab2c5e3c819f4e78d128e90aedd1a9f8a97a8f111,1.632,0,62,50,2,52,10,83.87096774193549,89.0909090909091,100.0,100.0,75.0,78.57142857142857,860,16.53846153846154,0,0,0,0,8,0,0,0,0,0,5.6332,3.8918,6533,1346339,268,47,23,0.4411196911196911,6,1.448118,0.101647,251,5.579,13.603,31.129,0,0.0,0.0,0,0,0,0,0,0,
K8_R0.90_T1_H1_A0.65M5_S8001_CENTRAL_FB_inprocess,8001,8,0.9,1,1,SWEEP,0.65,5.0,,CENTRAL_FB,inprocess,abe6398e7626205ac04adb625b002c49568bf375d3e851c74cf820c8b7f5a3fc,dd3326ffaa1ef6df9cc9a4894f9f0196d9309b32bff6f103b2df8c76501c6e67,2.008,0,62,49,2,51,11,82.25806451612904,87.27272727272727,90.9090909090909,91.66666666666667,77.5,78.57142857142857,826,16.19607843137255,0,0,0,0,7,0,0,0,0,0,5.6375,3.8918,6486,1326241,253,55,23,0.41837331772966646,7,1.713284,0.12742099999999998,249,6.88,18.634,27.671,27,0.11900000000000001,0.441,0,0,0,0,0,0,
K8_R0.90_T1_H1_A0.65M5_S8001_HYBRID_inprocess,8001,8,0.9,1,1,SWEEP,0.65,5.0,,HYBRID,inprocess,abe6398e7626205ac04adb625b002c49568bf375d3e851c74cf820c8b7f5a3fc,56c4c1711faf083e4da5c5b8ae4e073c5021c1cfaccf9bb56278eb6fedd23b9c,1.866,0,62,49,2,51,11,82.25806451612904,87.27272727272727,90.9090909090909,91.66666666666667,77.5,78.57142857142857,826,16.19607843137255,0,0,0,0,7,0,0,0,0,0,5.6375,3.8918,6486,1326241,253,55,23,0.41837331772966646,7,1.604916,0.11944099999999999,249,6.235,17.252,33.284,27,0.106,0.479,0,0,0,0,0,0,
K8_R0.90_T1_H1_A0.65M5_S8001_EDGE_MARKET_inprocess,8001,8,0.9,1,1,SWEEP,0.65,5.0,,EDGE_MARKET,inprocess,abe6398e7626205ac04adb625b002c49568bf375d3e851c74cf820c8b7f5a3fc,a11f7843cfa70cd8e5ac368d6fccbdcfcd9596080db5ad811ec7f233b39e8f18,0.375,0,62,43,2,45,17,72.58064516129032,77.27272727272727,81.81818181818181,75.0,67.5,75.0,792,17.6,0,0,0,0,6,0,0,0,0,0,5.6418,3.8918,4906,1320284,170,37,22,0.2829654782116582,3,0.033613,0.26973,147,0.055,0.212,0.435,1019,0.49799999999999994,3.316,0,31,0,0,0,0,
K8_R0.90_T1_H1_A0.65M5_S8001_HYBRID_EAGER_inprocess,8001,8,0.9,1,1,SWEEP,0.65,5.0,,HYBRID_EAGER,inprocess,abe6398e7626205ac04adb625b002c49568bf375d3e851c74cf820c8b7f5a3fc,e1475c2c7f4cbc40b32c2bb70583b558abe52244dcdabe22f8f223bfe7343678,1.791,0,62,49,2,51,11,82.25806451612904,85.45454545454545,100.0,100.0,72.5,85.71428571428571,808,15.843137254901961,0,0,0,0,7,1,1,0,11,7,8.7024,3.8918,6960,1384661,291,51,23,0.4421259140360264,7,1.521686,0.129377,259,5.602,15.438,31.37,112,0.06499999999999999,3.0500000000000003,0,0,0,0,0,0,
K8_R0.90_T1_H1_A0.65M15_S8001_CENTRAL_inprocess,8001,8,0.9,1,1,SWEEP,0.65,15.0,,CENTRAL,inprocess,874e9a80d35ddbb636fb4141abcf36eb85bfbf247fe6d98f1f1eef084a6af59a,c28c1c10adab4491633dc3515d60cd154b06bef4638d869728a5b99ea5299695,1.56,0,62,47,3,50,12,80.64516129032258,85.45454545454545,90.9090909090909,83.33333333333333,75.0,85.71428571428571,815,16.3,0,0,0,0,7,0,0,0,0,0,5.642,3.9117,5365,1244720,216,40,63,0.3717330626744481,3,1.339948,0.11789999999999999,164,7.373,19.525000000000002,26.857,0,0.0,0.0,0,0,0,0,0,0,
K8_R0.90_T1_H1_A0.65M15_S8001_CENTRAL_FB_inprocess,8001,8,0.9,1,1,SWEEP,0.65,15.0,,CENTRAL_FB,inprocess,874e9a80d35ddbb636fb4141abcf36eb85bfbf247fe6d98f1f1eef084a6af59a,0f405171b599c62a1bd29ffb1f7b8cc8d6a35bd2cbff3e72543fcb9e64cb2987,1.035,0,62,46,2,48,14,77.41935483870968,80.9090909090909,90.9090909090909,83.33333333333333,70.0,75.0,763,15.895833333333334,0,0,0,0,6,0,0,0,0,0,5.6223,3.9117,5127,1210630,172,34,63,0.37637880010761365,3,0.879188,0.088342,146,5.307,14.831999999999999,17.488,46,0.041,0.41,0,1,0,0,0,0,
K8_R0.90_T1_H1_A0.65M15_S8001_HYBRID_inprocess,8001,8,0.9,1,1,SWEEP,0.65,15.0,,HYBRID,inprocess,874e9a80d35ddbb636fb4141abcf36eb85bfbf247fe6d98f1f1eef084a6af59a,0cdcd93942f57d7097e5f892c9bcdee0da52660d1b597d5c73e13f7b829b3316,1.223,0,62,46,2,48,14,77.41935483870968,80.9090909090909,90.9090909090909,83.33333333333333,70.0,75.0,763,15.895833333333334,0,0,0,0,6,0,0,0,0,0,5.6223,3.9117,5127,1210630,172,34,63,0.37637880010761365,3,1.024993,0.10525999999999999,146,6.124,17.745,28.082,46,0.057,0.526,0,1,0,0,0,0,
K8_R0.90_T1_H1_A0.65M15_S8001_HYBRID_EAGER_inprocess,8001,8,0.9,1,1,SWEEP,0.65,15.0,,HYBRID_EAGER,inprocess,874e9a80d35ddbb636fb4141abcf36eb85bfbf247fe6d98f1f1eef084a6af59a,3f604974a2b87d057f8e3f735650ccfb7cb811f9f447f6de0f068e8d82a614e9,1.31,0,62,48,3,51,11,82.25806451612904,85.45454545454545,90.9090909090909,83.33333333333333,77.5,82.14285714285714,776,15.215686274509803,0,0,0,0,7,0,0,0,0,0,5.6462,3.9117,5285,1200639,208,37,64,0.4375,3,1.1119,0.116316,157,7.111,14.725999999999999,30.505000000000003,70,0.051,0.503,0,0,0,0,0,0,
K8_R0.90_T1_H1_A0.65M15_S8001_EDGE_MARKET_inprocess,8001,8,0.9,1,1,SWEEP,0.65,15.0,,EDGE_MARKET,inprocess,874e9a80d35ddbb636fb4141abcf36eb85bfbf247fe6d98f1f1eef084a6af59a,b431daa415e6ccdec4b60fffa0885a0c1b7e56b2aa8e2d953eaaf836b7e6b3ad,0.252,0,62,44,3,47,15,75.80645161290323,80.9090909090909,86.36363636363636,100.0,70.0,75.0,791,16.829787234042552,0,0,0,0,5,0,0,0,0,0,6.0,3.9117,4591,1272831,139,33,63,0.5633626097867002,4,0.023551,0.172899,135,0.041,0.129,0.26899999999999996,761,0.40700000000000003,2.454,0,20,0,0,0,0,
K8_R0.90_T1_H1_A0.65M30_S8001_CENTRAL_inprocess,8001,8,0.9,1,1,SWEEP,0.65,30.0,,CENTRAL,inprocess,94d8f115cf727823cf5ab834e0462f9d767b3b761d067582d7655ce38b9a232f,6e677a4cc84d0800d2ec7d48ade554d810dbcba39bf0496353b26330c2e68b3e,1.167,0,62,50,3,53,9,85.48387096774194,88.18181818181819,90.9090909090909,83.33333333333333,82.5,85.71428571428571,700,13.20754716981132,0,0,0,0,5,0,0,0,0,0,5.6455,3.9117,5288,1231662,164,27,114,0.5249204665959704,2,0.99156,0.10169399999999999,140,6.915,14.642000000000001,25.23,0,0.0,0.0,0,0,0,0,0,0,
K8_R0.90_T1_H1_A0.65M30_S8001_CENTRAL_FB_inprocess,8001,8,0.9,1,1,SWEEP,0.65,30.0,,CENTRAL_FB,inprocess,94d8f115cf727823cf5ab834e0462f9d767b3b761d067582d7655ce38b9a232f,c07c574a07cc071a77c5ae1fcb99c42edd10a5aaf083dea0d7f922e2b8e8534c,1.209,0,62,50,3,53,9,85.48387096774194,88.18181818181819,90.9090909090909,91.66666666666667,82.5,85.71428571428571,729,13.754716981132075,0,0,0,0,6,0,0,0,0,0,5.6387,3.9117,5361,1237813,188,33,114,0.5601249349297241,3,1.009351,0.111683,145,7.067,13.637,17.974,56,0.098,0.5640000000000001,0,0,0,0,0,0,
K8_R0.90_T1_H1_A0.65M30_S8001_HYBRID_inprocess,8001,8,0.9,1,1,SWEEP,0.65,30.0,,HYBRID,inprocess,94d8f115cf727823cf5ab834e0462f9d767b3b761d067582d7655ce38b9a232f,3c1fd3b93a86f4694d28f260eb93d3646159ed0b86ca040745842f87202caf50,1.18,0,62,50,3,53,9,85.48387096774194,88.18181818181819,90.9090909090909,91.66666666666667,82.5,85.71428571428571,729,13.754716981132075,0,0,0,0,6,0,0,0,0,0,5.6387,3.9117,5361,1237813,188,33,114,0.5601249349297241,3,0.994208,0.111413,145,6.7749999999999995,12.735,17.364,56,0.102,0.502,0,0,0,0,0,0,
K8_R0.90_T1_H1_A0.65M30_S8001_HYBRID_EAGER_inprocess,8001,8,0.9,1,1,SWEEP,0.65,30.0,,HYBRID_EAGER,inprocess,94d8f115cf727823cf5ab834e0462f9d767b3b761d067582d7655ce38b9a232f,56ee215a68999282fcf1c7e0c7ce11c2808c8ae67b74582b5cd6f72a5baa3870,1.212,0,62,49,3,52,10,83.87096774193549,87.27272727272727,90.9090909090909,91.66666666666667,80.0,82.14285714285714,694,13.346153846153847,0,0,0,0,6,0,0,0,0,0,5.6266,3.9117,5370,1239572,199,36,114,0.5515088449531738,3,1.001398,0.11777399999999999,145,7.056,13.266,17.826,79,0.108,0.515,0,1,0,0,0,0,
K8_R0.90_T1_H1_A0.65M30_S8001_EDGE_MARKET_inprocess,8001,8,0.9,1,1,SWEEP,0.65,30.0,,EDGE_MARKET,inprocess,94d8f115cf727823cf5ab834e0462f9d767b3b761d067582d7655ce38b9a232f,5c7f58ddf333df058874c3f111007f8cab87f69181578c2013260b498a9e3be2,0.312,0,62,45,2,47,15,75.80645161290323,82.72727272727273,95.45454545454545,91.66666666666667,65.0,75.0,825,17.5531914893617,0,0,0,0,6,0,0,0,0,0,5.6367,3.9117,4713,1306218,154,28,87,0.4845328282828283,2,0.028494,0.21908800000000003,122,0.056,0.159,0.283,889,0.49299999999999994,3.133,0,24,0,0,0,0,
K8_R0.90_T1_H1_A0.55M5_S8001_CENTRAL_inprocess,8001,8,0.9,1,1,SWEEP,0.55,5.0,,CENTRAL,inprocess,61cb0244d031441358f33598916f4fe3317551856429893d0ce23645b5dbe0f5,d346a6dd8323c26b1c4994b962423ddf115f9017d479ac8690c10193c784c7ab,1.752,0,62,51,2,53,9,85.48387096774194,89.0909090909091,95.45454545454545,91.66666666666667,80.0,75.0,774,14.60377358490566,0,0,0,0,6,0,0,0,0,0,5.6651,3.8918,6505,1289165,262,44,22,0.638043250052488,7,1.490386,0.12885000000000002,271,4.75,14.911999999999999,40.602,0,0.0,0.0,0,0,0,0,0,0,
K8_R0.90_T1_H1_A0.55M5_S8001_CENTRAL_FB_inprocess,8001,8,0.9,1,1,SWEEP,0.55,5.0,,CENTRAL_FB,inprocess,61cb0244d031441358f33598916f4fe3317551856429893d0ce23645b5dbe0f5,29f95459ecd44277c138a25fc10f1bfc2b97175224001d0adb3bdee02674bcca,1.831,0,62,50,2,52,10,83.87096774193549,88.18181818181819,100.0,100.0,75.0,78.57142857142857,742,14.26923076923077,0,0,0,0,6,0,0,0,0,0,5.6233,3.8918,6779,1353778,249,54,23,0.6400316455696202,8,1.574429,0.128903,284,4.821,14.716,27.400000000000002,37,0.056,0.458,0,0,0,0,0,0,
K8_R0.90_T1_H1_A0.55M5_S8001_HYBRID_inprocess,8001,8,0.9,1,1,SWEEP,0.55,5.0,,HYBRID,inprocess,61cb0244d031441358f33598916f4fe3317551856429893d0ce23645b5dbe0f5,ca461347b7ccaaec1cebb54ec369000cb52ed673bbab3969ec3d7c261e1a3b9e,1.819,0,62,50,2,52,10,83.87096774193549,88.18181818181819,100.0,100.0,75.0,78.57142857142857,742,14.26923076923077,0,0,0,0,6,0,0,0,0,0,5.6233,3.8918,6779,1353778,249,54,23,0.6400316455696202,8,1.562499,0.125795,284,4.984999999999999,14.765,26.641000000000002,37,0.049,0.48700000000000004,0,0,0,0,0,0,
K8_R0.90_T1_H1_A0.55M5_S8001_HYBRID_EAGER_inprocess,8001,8,0.9,1,1,SWEEP,0.55,5.0,,HYBRID_EAGER,inprocess,61cb0244d031441358f33598916f4fe3317551856429893d0ce23645b5dbe0f5,52ce6cfd2efce3463dab7c0736610a40025249eb82b2f13526536f4ad0b43665,1.686,0,62,49,3,52,10,83.87096774193549,88.18181818181819,95.45454545454545,91.66666666666667,77.5,85.71428571428571,727,13.98076923076923,0,0,0,0,7,0,0,0,0,0,5.6595,3.8918,6948,1346086,270,55,22,0.6901705307530178,7,1.423588,0.138108,271,4.630999999999999,13.991999999999999,25.621000000000002,126,0.103,2.376,0,0,0,0,0,0,
K8_R0.90_T1_H1_A0.55M5_S8001_EDGE_MARKET_inprocess,8001,8,0.9,1,1,SWEEP,0.55,5.0,,EDGE_MARKET,inprocess,61cb0244d031441358f33598916f4fe3317551856429893d0ce23645b5dbe0f5,ce0f560eb1ea177b4bd8ce939078e916c8eef95c1dcb6ab970c8e6a7d387126c,0.27,0,62,44,1,45,17,72.58064516129032,78.18181818181819,90.9090909090909,91.66666666666667,62.5,67.85714285714286,884,19.644444444444446,0,0,0,0,5,0,0,0,0,0,6.0,3.8918,4646,1277464,160,24,23,0.4118866620594333,3,0.023654,0.187195,129,0.052,0.12999999999999998,0.27599999999999997,806,0.455,3.09,0,21,0,0,0,0,
K8_R0.90_T1_H1_A0.55M15_S8001_CENTRAL_inprocess,8001,8,0.9,1,1,SWEEP,0.55,15.0,,CENTRAL,inprocess,5804ee4ae3dbc47d81cceb366af1afeb9492d87d07df0f35d7ea270666f34f5a,31ba97ef62217f1971b4830e7ec4bce795aa923b1f02befb2c09c0072b6d623b,0.984,0,62,48,0,48,14,77.41935483870968,83.63636363636364,95.45454545454545,91.66666666666667,67.5,89.28571428571429,785,16.354166666666668,0,0,0,0,7,0,0,0,0,0,5.6298,3.9117,5047,1195772,151,31,65,0.7751065124771759,4,0.798637,0.10727400000000001,171,4.05,13.382,19.664,0,0.0,0.0,0,0,0,0,0,0,
K8_R0.90_T1_H1_A0.55M15_S8001_CENTRAL_FB_inprocess,8001,8,0.9,1,1,SWEEP,0.55,15.0,,CENTRAL_FB,inprocess,5804ee4ae3dbc47d81cceb366af1afeb9492d87d07df0f35d7ea270666f34f5a,e265f7938bf1694db8e8ab884855c0c44f5f5978bcd1e903cbdbe8e8fad1740f,0.946,0,62,46,3,49,13,79.03225806451613,84.54545454545455,86.36363636363636,91.66666666666667,75.0,89.28571428571429,807,16.46938775510204,0,0,0,0,7,0,0,0,0,0,5.6442,3.9117,4952,1189973,183,20,65,0.6138018360240582,5,0.716495,0.11075399999999999,158,3.8,12.866000000000001,29.073,57,0.10900000000000001,2.2729999999999997,0,3,0,0,0,0,
K8_R0.90_T1_H1_A0.55M15_S8001_HYBRID_inprocess,8001,8,0.9,1,1,SWEEP,0.55,15.0,,HYBRID,inprocess,5804ee4ae3dbc47d81cceb366af1afeb9492d87d07df0f35d7ea270666f34f5a,efef43b122229149585e389f7d7ce2c847bba159eb6535a525fd2299e7faa39a,0.966,0,62,46,3,49,13,79.03225806451613,84.54545454545455,86.36363636363636,91.66666666666667,75.0,89.28571428571429,807,16.46938775510204,0,0,0,0,7,0,0,0,0,0,5.6442,3.9117,4952,1189973,183,20,65,0.6138018360240582,5,0.776206,0.10936,158,4.141,13.718,20.546,57,0.134,2.872,0,3,0,0,0,0,
K8_R0.90_T1_H1_A0.55M15_S8001_HYBRID_EAGER_inprocess,8001,8,0.9,1,1,SWEEP,0.55,15.0,,HYBRID_EAGER,inprocess,5804ee4ae3dbc47d81cceb366af1afeb9492d87d07df0f35d7ea270666f34f5a,548437cd350e40c3407ff1729cceb01619884c027f053a5c3c8a1204fcba17f5,0.8,0,62,47,1,48,14,77.41935483870968,80.9090909090909,81.81818181818181,83.33333333333333,75.0,82.14285714285714,779,16.229166666666668,0,0,0,0,6,0,0,0,0,0,5.6311,3.9117,4952,1203767,168,20,65,0.738252917060864,5,0.605093,0.107185,157,2.81,11.427,23.431,84,0.094,2.306,0,0,0,0,0,0,
K8_R0.90_T1_H1_A0.55M15_S8001_EDGE_MARKET_inprocess,8001,8,0.9,1,1,SWEEP,0.55,15.0,,EDGE_MARKET,inprocess,5804ee4ae3dbc47d81cceb366af1afeb9492d87d07df0f35d7ea270666f34f5a,2b76520566ed7f15870405f6c8a3307e0b2070cd5c6153247411a6f9f7dd8417,0.259,0,62,48,3,51,11,82.25806451612904,83.63636363636364,77.27272727272727,83.33333333333333,85.0,82.14285714285714,790,15.490196078431373,0,0,0,0,7,0,0,0,0,0,6.4867,3.9117,4348,1199574,156,24,65,0.45433070866141734,3,0.023548,0.17090299999999997,119,0.037,0.111,0.176,530,0.51,2.519,0,16,0,0,0,0,
K8_R0.90_T1_H1_A0.55M30_S8001_CENTRAL_inprocess,8001,8,0.9,1,1,SWEEP,0.55,30.0,,CENTRAL,inprocess,89c4be5ce4ba7d8d198f2ce1ec453a40a54b884e3a3c337c2c7b938361722268,e6ac2837aa99ee25fd75adf911d3ff0074091077a3a298c7b0a41cd30519d3ab,1.019,0,62,47,2,49,13,79.03225806451613,82.72727272727273,86.36363636363636,83.33333333333333,75.0,85.71428571428571,746,15.224489795918368,0,0,0,0,6,0,0,0,0,0,5.63,3.9117,5082,1199740,156,34,116,0.7936125338957517,6,0.804943,0.113701,138,5.821,12.344000000000001,27.323,0,0.0,0.0,0,0,0,0,0,0,
K8_R0.90_T1_H1_A0.55M30_S8001_CENTRAL_FB_inprocess,8001,8,0.9,1,1,SWEEP,0.55,30.0,,CENTRAL_FB,inprocess,89c4be5ce4ba7d8d198f2ce1ec453a40a54b884e3a3c337c2c7b938361722268,f14c62e4b3616531aaa8216e74d5817cad61e45a3233fcfefe940d06ef201416,0.986,0,62,47,2,49,13,79.03225806451613,82.72727272727273,86.36363636363636,83.33333333333333,75.0,85.71428571428571,746,15.224489795918368,0,0,0,0,6,0,0,0,0,0,5.63,3.9117,5082,1199740,156,34,116,0.7936125338957517,6,0.80418,0.10937799999999999,138,5.643,13.185,19.829,67,0.129,2.987,0,0,0,0,0,0,
K8_R0.90_T1_H1_A0.55M30_S8001_HYBRID_inprocess,8001,8,0.9,1,1,SWEEP,0.55,30.0,,HYBRID,inprocess,89c4be5ce4ba7d8d198f2ce1ec453a40a54b884e3a3c337c2c7b938361722268,7153f5f294d794b0e976b48d4fd56b1571157c062893e8ef0d18120677539bb6,0.955,0,62,47,2,49,13,79.03225806451613,82.72727272727273,86.36363636363636,83.33333333333333,75.0,85.71428571428571,746,15.224489795918368,0,0,0,0,6,0,0,0,0,0,5.63,3.9117,5082,1199740,156,34,116,0.7936125338957517,6,0.756971,0.11068700000000001,138,5.17,12.322,18.21,67,0.15100000000000002,2.941,0,0,0,0,0,0,
K8_R0.90_T1_H1_A0.55M30_S8001_HYBRID_EAGER_inprocess,8001,8,0.9,1,1,SWEEP,0.55,30.0,,HYBRID_EAGER,inprocess,89c4be5ce4ba7d8d198f2ce1ec453a40a54b884e3a3c337c2c7b938361722268,aa89f3a5b35897ed2ded34b9b0099729559b9fccba95f81108c54a5772f96847,0.813,0,62,46,3,49,13,79.03225806451613,83.63636363636364,90.9090909090909,91.66666666666667,72.5,71.42857142857143,689,14.061224489795919,0,0,0,0,4,0,0,0,0,0,5.6333,3.9117,5057,1216434,144,41,115,0.8237257281553398,6,0.656664,0.09505500000000001,139,4.744,10.278,15.5,96,0.092,2.454,0,0,0,0,0,0,
K8_R0.90_T1_H1_A0.55M30_S8001_EDGE_MARKET_inprocess,8001,8,0.9,1,1,SWEEP,0.55,30.0,,EDGE_MARKET,inprocess,89c4be5ce4ba7d8d198f2ce1ec453a40a54b884e3a3c337c2c7b938361722268,f8621378194003fdb2e3889c2c0ae5f2794280127c04abb39a9da3e37a2ef175,0.25,0,62,47,1,48,14,77.41935483870968,79.0909090909091,81.81818181818181,75.0,75.0,71.42857142857143,819,17.0625,0,0,0,0,5,0,0,0,0,0,6.0,3.9117,4590,1257220,132,36,116,0.8356407525736599,5,0.021885,0.17205700000000002,129,0.04,0.136,0.189,758,0.431,2.504,0,24,0,0,0,0,
K8_R0.90_T1_H1_A0.95M5_S8002_CENTRAL_inprocess,8002,8,0.9,1,1,SWEEP,0.95,5.0,,CENTRAL,inprocess,bd328477f90c86be4d2c2eed13ff59382d5e33799c72155cdd68dd7875f1c677,cc425df8356e14a05fc6c5a580fec3deba5622e26caab693462ac5806e79c2ca,0.84,0,62,57,2,59,3,95.16129032258064,93.75,88.88888888888889,83.33333333333333,97.72727272727273,100.0,724,12.271186440677965,0,0,0,0,8,0,0,0,0,0,5.7238,3.8672,5295,1183707,285,50,16,0.06134094151212553,1,0.689916,0.086799,123,3.327,15.2,19.532,0,0.0,0.0,0,0,0,0,0,0,
K8_R0.90_T1_H1_A0.95M5_S8002_CENTRAL_FB_inprocess,8002,8,0.9,1,1,SWEEP,0.95,5.0,,CENTRAL_FB,inprocess,bd328477f90c86be4d2c2eed13ff59382d5e33799c72155cdd68dd7875f1c677,cb4981b071c07811ffed418d594ee9a3d52a1a9946426e22663a1f4d13e0c32a,0.892,0,62,57,2,59,3,95.16129032258064,93.75,88.88888888888889,83.33333333333333,97.72727272727273,100.0,724,12.271186440677965,0,0,0,0,8,0,0,0,0,0,5.7238,3.8672,5295,1183707,285,50,16,0.06134094151212553,1,0.72198,0.092101,123,4.768,15.168,21.571,5,0.030000000000000002,0.030000000000000002,0,0,0,0,0,0,
K8_R0.90_T1_H1_A0.95M5_S8002_HYBRID_inprocess,8002,8,0.9,1,1,SWEEP,0.95,5.0,,HYBRID,inprocess,bd328477f90c86be4d2c2eed13ff59382d5e33799c72155cdd68dd7875f1c677,caeea6047d0309c80391258265d9e64705813b1241cd52adc237cff0710be27d,0.976,0,62,57,2,59,3,95.16129032258064,93.75,88.88888888888889,83.33333333333333,97.72727272727273,100.0,724,12.271186440677965,0,0,0,0,8,0,0,0,0,0,5.7238,3.8672,5295,1183707,285,50,16,0.06134094151212553,1,0.788704,0.103346,123,3.9690000000000003,16.739,22.501,5,0.038,0.038,0,0,0,0,0,0,
K8_R0.90_T1_H1_A0.95M5_S8002_HYBRID_EAGER_inprocess,8002,8,0.9,1,1,SWEEP,0.95,5.0,,HYBRID_EAGER,inprocess,bd328477f90c86be4d2c2eed13ff59382d5e33799c72155cdd68dd7875f1c677,491ce62c775e816e579777a59202b9a862a5beb6e69bcbf3c6738aed8761c7fc,0.83,0,62,57,2,59,3,95.16129032258064,93.75,88.88888888888889,83.33333333333333,97.72727272727273,100.0,724,12.271186440677965,0,0,0,0,8,0,0,0,0,0,5.7238,3.8672,5295,1183659,285,50,16,0.06134094151212553,1,0.67473,0.08874399999999999,123,3.1879999999999997,14.932,22.102,18,0.034999999999999996,0.085,0,0,0,0,0,0,
K8_R0.90_T1_H1_A0.95M5_S8002_EDGE_MARKET_inprocess,8002,8,0.9,1,1,SWEEP,0.95,5.0,,EDGE_MARKET,inprocess,bd328477f90c86be4d2c2eed13ff59382d5e33799c72155cdd68dd7875f1c677,66cccee24b0b4e7fcc66720814b87d705bed35e9b45d52f06380fd10bb9ece4f,0.245,0,62,54,2,56,6,90.3225806451613,91.66666666666667,94.44444444444444,100.0,88.63636363636364,83.33333333333333,771,13.767857142857142,0,0,0,0,7,0,0,0,0,0,5.6553,3.8672,4389,1161308,227,37,7,0.01890077095249938,0,0.029653,0.147761,86,0.059,0.116,0.312,534,0.382,3.197,0,14,0,0,0,0,
K8_R0.90_T1_H1_A0.95M15_S8002_CENTRAL_inprocess,8002,8,0.9,1,1,SWEEP,0.95,15.0,,CENTRAL,inprocess,2f10a988bdea175b619f5b599db72b463df97723d73bbc15b18ff093702b6c5a,c93647aa2059de6e87c48f8938d3f889fd8ab4d0fb3e523f52526b067b0bc0de,0.798,0,62,55,2,57,5,91.93548387096774,91.66666666666667,94.44444444444444,83.33333333333333,90.9090909090909,87.5,726,12.736842105263158,0,0,0,0,6,0,0,0,0,0,5.7274,3.8672,5060,1161105,277,35,47,0.03511354079058032,0,0.60655,0.10405900000000001,100,5.196,15.108,18.394000000000002,0,0.0,0.0,0,0,0,0,0,0,
K8_R0.90_T1_H1_A0.95M15_S8002_CENTRAL_FB_inprocess,8002,8,0.9,1,1,SWEEP,0.95,15.0,,CENTRAL_FB,inprocess,2f10a988bdea175b619f5b599db72b463df97723d73bbc15b18ff093702b6c5a,b8dafddc2a0476c96175cec79151b67aa6b4d6eb6a89141de6651cd992b4d0f7,0.935,0,62,55,2,57,5,91.93548387096774,91.66666666666667,94.44444444444444,83.33333333333333,90.9090909090909,87.5,726,12.736842105263158,0,0,0,0,6,0,0,0,0,0,5.7274,3.8672,5060,1161105,277,35,47,0.03511354079058032,0,0.736017,0.105878,100,4.554,20.495,28.603,6,0.101,0.101,0,0,0,0,0,0,
K8_R0.90_T1_H1_A0.95M15_S8002_HYBRID_inprocess,8002,8,0.9,1,1,SWEEP,0.95,15.0,,HYBRID,inprocess,2f10a988bdea175b619f5b599db72b463df97723d73bbc15b18ff093702b6c5a,6988df05f389d99d40b6f552a30497dcfd537575a0034e68b8e464620c3a3e43,0.907,0,62,55,2,57,5,91.93548387096774,91.66666666666667,94.44444444444444,83.33333333333333,90.9090909090909,87.5,726,12.736842105263158,0,0,0,0,6,0,0,0,0,0,5.7274,3.8672,5060,1161105,277,35,47,0.03511354079058032,0,0.725532,0.09877899999999999,100,4.849,19.804,26.540000000000003,6,0.076,0.076,0,0,0,0,0,0,
K8_R0.90_T1_H1_A0.95M15_S8002_EDGE_MARKET_inprocess,8002,8,0.9,1,1,SWEEP,0.95,15.0,,EDGE_MARKET,inprocess,2f10a988bdea175b619f5b599db72b463df97723d73bbc15b18ff093702b6c5a,68e1bb6dcf9da483b0772a4db5688bccbc8d72348c554fdbbe5ec0429228f636,0.279,0,62,54,2,56,6,90.3225806451613,91.66666666666667,94.44444444444444,100.0,88.63636363636364,83.33333333333333,771,13.767857142857142,0,0,0,0,7,0,0,0,0,0,5.6553,3.8672,4387,1161523,221,41,47,0.027165932452276064,0,0.033201,0.16845799999999997,85,0.07200000000000001,0.11299999999999999,0.155,532,0.49700000000000005,3.04,0,14,0,0,0,0,
K8_R0.90_T1_H1_A0.95M15_S8002_HYBRID_EAGER_inprocess,8002,8,0.9,1,1,SWEEP,0.95,15.0,,HYBRID_EAGER,inprocess,2f10a988bdea175b619f5b599db72b463df97723d73bbc15b18ff093702b6c5a,b365e3687fe43e598a3ce7c326c74d74c9e10ff09b1d6a0b110c2e1e75887cbd,0.894,0,62,55,2,57,5,91.93548387096774,91.66666666666667,94.44444444444444,83.33333333333333,90.9090909090909,87.5,726,12.736842105263158,0,0,0,0,6,0,0,0,0,0,5.7274,3.8672,5060,1161105,277,35,47,0.03511354079058032,0,0.706889,0.10150500000000001,100,4.766,21.908,32.11,10,0.121,0.121,0,0,0,0,0,0,
K8_R0.90_T1_H1_A0.95M30_S8002_CENTRAL_FB_inprocess,8002,8,0.9,1,1,SWEEP,0.95,30.0,,CENTRAL_FB,inprocess,1218916df9cacd79a29ea2f5fbdc39d771a96020d99cf456ebdcb7a938232f39,912d370383f35d1a2e8387b3a7f2c9ef62a2a79d6a01324af894cb85dfafefed,0.826,0,62,55,2,57,5,91.93548387096774,91.66666666666667,94.44444444444444,83.33333333333333,90.9090909090909,87.5,724,12.701754385964913,0,0,0,0,7,0,0,0,0,0,5.6737,3.8672,5076,1150289,243,51,47,0.04337851929092805,0,0.647634,0.09940299999999999,96,4.729,15.972,24.908,2,0.077,0.077,0,0,0,0,0,0,
K8_R0.90_T1_H1_A0.95M30_S8002_CENTRAL_inprocess,8002,8,0.9,1,1,SWEEP,0.95,30.0,,CENTRAL,inprocess,1218916df9cacd79a29ea2f5fbdc39d771a96020d99cf456ebdcb7a938232f39,80632df12d29e25fec8a844f15025471880dad254a0333bbc92e8c5afaa43a04,0.966,0,62,55,2,57,5,91.93548387096774,91.66666666666667,94.44444444444444,83.33333333333333,90.9090909090909,87.5,724,12.701754385964913,0,0,0,0,7,0,0,0,0,0,5.6737,3.8672,5076,1150289,243,51,47,0.04337851929092805,0,0.745704,0.119056,96,5.128,21.13,26.443,0,0.0,0.0,0,0,0,0,0,0,
K8_R0.90_T1_H1_A0.95M30_S8002_HYBRID_EAGER_inprocess,8002,8,0.9,1,1,SWEEP,0.95,30.0,,HYBRID_EAGER,inprocess,1218916df9cacd79a29ea2f5fbdc39d771a96020d99cf456ebdcb7a938232f39,9d2a54651cfa06ca0209e2a5e4ec96441a6960af20c5b06966a87130b2b29451,0.798,0,62,55,2,57,5,91.93548387096774,91.66666666666667,94.44444444444444,83.33333333333333,90.9090909090909,87.5,724,12.701754385964913,0,0,0,0,7,0,0,0,0,0,5.6737,3.8672,5076,1150289,243,51,47,0.04337851929092805,0,0.630203,0.093147,96,4.22,21.186,25.439,7,0.108,0.108,0,0,0,0,0,0,
K8_R0.90_T1_H1_A0.95M30_S8002_HYBRID_inprocess,8002,8,0.9,1,1,SWEEP,0.95,30.0,,HYBRID,inprocess,1218916df9cacd79a29ea2f5fbdc39d771a96020d99cf456ebdcb7a938232f39,e15fb2186d5a27c7d904feb6fe1e6f5a8352dee81f5d32ce61d833b1a2460834,0.96,0,62,55,2,57,5,91.93548387096774,91.66666666666667,94.44444444444444,83.33333333333333,90.9090909090909,87.5,724,12.701754385964913,0,0,0,0,7,0,0,0,0,0,5.6737,3.8672,5076,1150289,243,51,47,0.04337851929092805,0,0.736701,0.10966399999999998,96,5.253,19.894,36.653999999999996,2,0.094,0.094,0,0,0,0,0,0,
K8_R0.90_T1_H1_A0.95M30_S8002_EDGE_MARKET_inprocess,8002,8,0.9,1,1,SWEEP,0.95,30.0,,EDGE_MARKET,inprocess,1218916df9cacd79a29ea2f5fbdc39d771a96020d99cf456ebdcb7a938232f39,05da8487c2128ed1766b44a603a495faad68109bd148d2c29b40c373f468b9b3,0.208,0,62,54,2,56,6,90.3225806451613,91.66666666666667,94.44444444444444,100.0,88.63636363636364,83.33333333333333,771,13.767857142857142,0,0,0,0,7,0,0,0,0,0,5.6553,3.8672,4374,1159064,213,40,47,0.04001952171791118,2,0.025143,0.12893,85,0.052,0.083,0.12300000000000001,525,0.381,2.2790000000000004,0,13,0,0,0,0,
K8_R0.90_T1_H1_A0.85M5_S8002_CENTRAL_inprocess,8002,8,0.9,1,1,SWEEP,0.85,5.0,,CENTRAL,inprocess,fc43edf07238e040ff365dd3b18ebc77c82d186478a244df6bfe4073459f785d,9f94941a9bb2eafbd0d2325ef88d3827f53d9d42819cecc5b7fa85d49525eca1,0.811,0,62,55,2,57,5,91.93548387096774,90.625,88.88888888888889,83.33333333333333,93.18181818181819,79.16666666666667,727,12.75438596491228,0,0,0,0,4,0,0,0,0,0,5.9889,3.8672,5232,1156403,251,56,28,0.11324928113249282,1,0.655361,0.08327699999999999,141,2.741,15.654000000000002,24.119,0,0.0,0.0,0,0,0,0,0,0,
K8_R0.90_T1_H1_A0.85M5_S8002_CENTRAL_FB_inprocess,8002,8,0.9,1,1,SWEEP,0.85,5.0,,CENTRAL_FB,inprocess,fc43edf07238e040ff365dd3b18ebc77c82d186478a244df6bfe4073459f785d,c20da83bcef5fe4ab5a867cacf34553d55f36768fefc3a39351c6990bc18981b,0.919,0,62,55,2,57,5,91.93548387096774,90.625,88.88888888888889,83.33333333333333,93.18181818181819,79.16666666666667,727,12.75438596491228,0,0,0,0,4,0,0,0,0,0,5.9889,3.8672,5232,1156403,251,56,28,0.11324928113249282,1,0.726074,0.106838,141,3.706,15.018,21.811,18,0.128,0.339,0,0,0,0,0,0,
K8_R0.90_T1_H1_A0.85M5_S8002_HYBRID_inprocess,8002,8,0.9,1,1,SWEEP,0.85,5.0,,HYBRID,inprocess,fc43edf07238e040ff365dd3b18ebc77c82d186478a244df6bfe4073459f785d,e550378330ba870c6090e088a495b00f03036e66f0167516f33f66f206db1e6b,0.915,0,62,55,2,57,5,91.93548387096774,90.625,88.88888888888889,83.33333333333333,93.18181818181819,79.16666666666667,727,12.75438596491228,0,0,0,0,4,0,0,0,0,0,5.9889,3.8672,5232,1156403,251,56,28,0.11324928113249282,1,0.732056,0.098216,141,3.513,18.465,25.373,18,0.08399999999999999,0.426,0,0,0,0,0,0,
K8_R0.90_T1_H1_A0.85M5_S8002_EDGE_MARKET_inprocess,8002,8,0.9,1,1,SWEEP,0.85,5.0,,EDGE_MARKET,inprocess,fc43edf07238e040ff365dd3b18ebc77c82d186478a244df6bfe4073459f785d,57da2a1623d9b21b44ea0feaa390f0f77e07369d6d10fcaf456dfed224af0782,0.257,0,62,53,2,55,7,88.70967741935483,89.58333333333333,88.88888888888889,100.0,88.63636363636364,83.33333333333333,763,13.872727272727273,0,0,0,0,5,0,0,0,0,0,5.6632,3.8672,4402,1163530,206,29,14,0.0455288985823337,1,0.027176,0.152589,87,0.059,0.127,0.148,555,0.45399999999999996,3.5460000000000003,0,13,0,0,0,0,
K8_R0.90_T1_H1_A0.85M5_S8002_HYBRID_EAGER_inprocess,8002,8,0.9,1,1,SWEEP,0.85,5.0,,HYBRID_EAGER,inprocess,fc43edf07238e040ff365dd3b18ebc77c82d186478a244df6bfe4073459f785d,80bb02a18cd2735f270b2a2136c1e8f5b8f931749c1d4025f6f7aa8b84a22cc8,0.952,0,62,55,2,57,5,91.93548387096774,90.625,88.88888888888889,83.33333333333333,93.18181818181819,79.16666666666667,727,12.75438596491228,0,0,0,0,4,0,0,0,0,0,5.9889,3.8672,5232,1156324,251,56,28,0.11324928113249282,1,0.74874,0.10663600000000001,141,3.205,16.983999999999998,23.782,48,0.09899999999999999,0.366,0,0,0,0,0,0,
K8_R0.90_T1_H1_A0.85M15_S8002_CENTRAL_inprocess,8002,8,0.9,1,1,SWEEP,0.85,15.0,,CENTRAL,inprocess,6eb086b83a545126fe43ef2db3ee6089d5a6223f94ed83894ffa2ce6cb4fd137,6cf234ad1b748918894c64f1ef669c1db2e00e4333a3556708a2fd449a28d40a,0.781,0,62,56,2,58,4,93.54838709677419,92.70833333333333,94.44444444444444,83.33333333333333,93.18181818181819,95.83333333333333,739,12.741379310344827,0,0,0,0,6,0,0,0,0,0,7.0579,3.8672,4889,1131927,249,51,47,0.10672963400236128,6,0.588198,0.101642,99,4.163,16.668,19.196,0,0.0,0.0,0,0,0,0,0,0,
K8_R0.90_T1_H1_A0.85M15_S8002_CENTRAL_FB_inprocess,8002,8,0.9,1,1,SWEEP,0.85,15.0,,CENTRAL_FB,inprocess,6eb086b83a545126fe43ef2db3ee6089d5a6223f94ed83894ffa2ce6cb4fd137,3a5fd8e34b1940505aab22a569ba6cf45e04e8341dd3ad3bf43e04ccd4a80441,0.787,0,62,56,2,58,4,93.54838709677419,92.70833333333333,94.44444444444444,83.33333333333333,93.18181818181819,95.83333333333333,739,12.741379310344827,0,0,0,0,6,0,0,0,0,0,7.0579,3.8672,4889,1131927,249,51,47,0.10672963400236128,6,0.5919,0.09761700000000001,99,4.148,15.709999999999999,35.92,22,0.451,2.267,0,0,0,0,0,0,
K8_R0.90_T1_H1_A0.85M15_S8002_HYBRID_inprocess,8002,8,0.9,1,1,SWEEP,0.85,15.0,,HYBRID,inprocess,6eb086b83a545126fe43ef2db3ee6089d5a6223f94ed83894ffa2ce6cb4fd137,4b8d5864cc8dc723ade697066c99a6cf136927cfea6d0713f61ccc6b7bfecb62,0.785,0,62,56,2,58,4,93.54838709677419,92.70833333333333,94.44444444444444,83.33333333333333,93.18181818181819,95.83333333333333,739,12.741379310344827,0,0,0,0,6,0,0,0,0,0,7.0579,3.8672,4889,1131927,249,51,47,0.10672963400236128,6,0.615313,0.09863300000000003,99,4.239,17.343999999999998,25.683,23,0.46299999999999997,2.306,0,0,0,0,0,0,
K8_R0.90_T1_H1_A0.85M15_S8002_HYBRID_EAGER_inprocess,8002,8,0.9,1,1,SWEEP,0.85,15.0,,HYBRID_EAGER,inprocess,6eb086b83a545126fe43ef2db3ee6089d5a6223f94ed83894ffa2ce6cb4fd137,5229849e195c1a4756348a2a218330bba7920ac1fcd70dc90b1d73e5a02ee91d,0.742,0,62,56,2,58,4,93.54838709677419,92.70833333333333,94.44444444444444,83.33333333333333,93.18181818181819,95.83333333333333,739,12.741379310344827,0,0,0,0,6,0,0,0,0,0,7.0579,3.8672,4889,1131901,249,51,47,0.10672963400236128,6,0.556049,0.10659099999999999,99,3.333,16.792,22.253,32,0.48000000000000004,2.7079999999999997,0,0,0,0,0,0,
K8_R0.90_T1_H1_A0.85M15_S8002_EDGE_MARKET_inprocess,8002,8,0.9,1,1,SWEEP,0.85,15.0,,EDGE_MARKET,inprocess,6eb086b83a545126fe43ef2db3ee6089d5a6223f94ed83894ffa2ce6cb4fd137,934e03ff5fd3f49a8c75a476b61585008e1e258aae0d9c81dc1cf199bf27e337,0.222,0,62,54,2,56,6,90.3225806451613,90.625,88.88888888888889,100.0,90.9090909090909,83.33333333333333,777,13.875,0,0,0,0,5,0,0,0,0,0,7.6143,3.8672,4319,1163050,204,26,47,0.07861806311207835,4,0.024752,0.132142,80,0.049,0.081,0.17200000000000001,487,0.399,2.734,0,11,0,0,0,0,
K8_R0.90_T1_H1_A0.85M30_S8002_CENTRAL_inprocess,8002,8,0.9,1,1,SWEEP,0.85,30.0,,CENTRAL,inprocess,84e4e59da51fb32d76dc1e8e4edaa9a5210f308918407036ddd1e8b0a8646119,fc19c2ee95dbf2f5b704420d6779ae8a2be7ab0fb831638fe19050c3c57a1137,0.81,0,62,54,2,56,6,90.3225806451613,90.625,88.88888888888889,83.33333333333333,90.9090909090909,83.33333333333333,757,13.517857142857142,0,0,0,0,7,0,0,0,0,0,5.6294,3.8672,5178,1173999,256,48,48,0.12762237762237763,1,0.62568,0.09899,104,5.473,14.519,26.12,0,0.0,0.0,0,1,0,0,0,0,
K8_R0.90_T1_H1_A0.85M30_S8002_CENTRAL_FB_inprocess,8002,8,0.9,1,1,SWEEP,0.85,30.0,,CENTRAL_FB,inprocess,84e4e59da51fb32d76dc1e8e4edaa9a5210f308918407036ddd1e8b0a8646119,38866bb5041f87aa093cdc14243b27de56c5bd7445e5be38bb83344992bb0293,0.692,0,62,56,2,58,4,93.54838709677419,93.75,94.44444444444444,83.33333333333333,93.18181818181819,95.83333333333333,748,12.89655172413793,0,0,0,0,6,0,0,0,0,0,5.679,3.8672,5058,1165312,227,46,48,0.09801294931904443,2,0.540185,0.090129,99,4.231999999999999,13.145,20.319,15,0.09899999999999999,2.3800000000000003,0,0,0,0,0,0,
K8_R0.90_T1_H1_A0.85M30_S8002_HYBRID_EAGER_inprocess,8002,8,0.9,1,1,SWEEP,0.85,30.0,,HYBRID_EAGER,inprocess,84e4e59da51fb32d76dc1e8e4edaa9a5210f308918407036ddd1e8b0a8646119,5161d9cf120377ebe8811466d342e33cd5925662a2f2aa52d0f2ebf5d24ec663,0.685,0,62,56,2,58,4,93.54838709677419,93.75,94.44444444444444,83.33333333333333,93.18181818181819,95.83333333333333,748,12.89655172413793,0,0,0,0,6,0,0,0,0,0,5.679,3.8672,5058,1165259,227,46,48,0.09801294931904443,2,0.531849,0.09237300000000001,99,4.15,13.883,16.445999999999998,22,0.094,3.117,0,0,0,0,0,0,
K8_R0.90_T1_H1_A0.85M30_S8002_HYBRID_inprocess,8002,8,0.9,1,1,SWEEP,0.85,30.0,,HYBRID,inprocess,84e4e59da51fb32d76dc1e8e4edaa9a5210f308918407036ddd1e8b0a8646119,25778c4edd24cfe201242b3eeba106f9490816e20bc92003ec600705ae472236,0.846,0,62,56,2,58,4,93.54838709677419,93.75,94.44444444444444,83.33333333333333,93.18181818181819,95.83333333333333,748,12.89655172413793,0,0,0,0,6,0,0,0,0,0,5.679,3.8672,5058,1165312,227,46,48,0.09801294931904443,2,0.65618,0.109546,99,5.3709999999999996,17.115,22.193,15,0.094,2.8600000000000003,0,0,0,0,0,0,
K8_R0.90_T1_H1_A0.85M30_S8002_EDGE_MARKET_inprocess,8002,8,0.9,1,1,SWEEP,0.85,30.0,,EDGE_MARKET,inprocess,84e4e59da51fb32d76dc1e8e4edaa9a5210f308918407036ddd1e8b0a8646119,cb1880c314134924d8ad1119d705d97c7ffe1a4691408f6c4818897a9c0f18a4,0.238,0,62,52,2,54,8,87.09677419354838,86.45833333333333,83.33333333333333,83.33333333333333,88.63636363636364,83.33333333333333,740,13.703703703703704,0,0,0,0,5,0,0,0,0,0,5.6434,3.8672,4364,1156721,199,39,51,0.08406491088055335,1,0.025772,0.146962,79,0.049,0.111,0.188,522,0.395,4.011,0,13,0,0,0,0,
K8_R0.90_T1_H1_A0.75M5_S8002_CENTRAL_inprocess,8002,8,0.9,1,1,SWEEP,0.75,5.0,,CENTRAL,inprocess,f2798e856ce6513e9742a9fd06d05a849e27290477cfd177dbb9149e65bacb77,17d12d66f580111b30c639476e01329783a651e51fa9da8299aa7c6d99303b8e,1.081,0,62,55,2,57,5,91.93548387096774,90.625,88.88888888888889,83.33333333333333,93.18181818181819,83.33333333333333,707,12.403508771929825,0,0,0,0,5,0,0,0,0,0,5.6695,3.8672,5221,1153150,235,44,28,0.16334755808440019,4,0.89961,0.10505199999999999,162,3.9490000000000003,16.204,24.834,0,0.0,0.0,0,0,0,0,0,0,
K8_R0.90_T1_H1_A0.75M5_S8002_CENTRAL_FB_inprocess,8002,8,0.9,1,1,SWEEP,0.75,5.0,,CENTRAL_FB,inprocess,f2798e856ce6513e9742a9fd06d05a849e27290477cfd177dbb9149e65bacb77,7eb06bd1b492c148e6fe7e9834cc9f7bffbc5548c8d1ab7f395cffda7876d430,1.071,0,62,55,2,57,5,91.93548387096774,90.625,88.88888888888889,83.33333333333333,93.18181818181819,83.33333333333333,707,12.403508771929825,0,0,0,0,5,0,0,0,0,0,5.6695,3.8672,5221,1153150,235,44,28,0.16334755808440019,4,0.879918,0.104697,162,3.552,16.025000000000002,25.787000000000003,26,0.472,0.49299999999999994,0,0,0,0,0,0,
K8_R0.90_T1_H1_A0.75M5_S8002_HYBRID_inprocess,8002,8,0.9,1,1,SWEEP,0.75,5.0,,HYBRID,inprocess,f2798e856ce6513e9742a9fd06d05a849e27290477cfd177dbb9149e65bacb77,966e70f49551e401edf6a2c31c040a8308c0b8ca27b840806f64285fbffc9538,1.017,0,62,55,2,57,5,91.93548387096774,90.625,88.88888888888889,83.33333333333333,93.18181818181819,83.33333333333333,707,12.403508771929825,0,0,0,0,5,0,0,0,0,0,5.6695,3.8672,5221,1153150,235,44,28,0.16334755808440019,4,0.831604,0.10003,162,3.655,14.831000000000001,22.965,26,0.36200000000000004,0.455,0,0,0,0,0,0,
K8_R0.90_T1_H1_A0.75M5_S8002_EDGE_MARKET_inprocess,8002,8,0.9,1,1,SWEEP,0.75,5.0,,EDGE_MARKET,inprocess,f2798e856ce6513e9742a9fd06d05a849e27290477cfd177dbb9149e65bacb77,990818d8b626ee705c7915ff837f078b2aafabd187d40e9f3378c324f5130a2b,0.214,0,62,54,2,56,6,90.3225806451613,91.66666666666667,94.44444444444444,100.0,88.63636363636364,87.5,795,14.196428571428571,0,0,0,0,6,0,0,0,0,0,5.6632,3.8672,4328,1149546,183,25,12,0.06408706166868199,3,0.023219,0.136418,88,0.05,0.074,0.13799999999999998,490,0.428,2.3640000000000003,0,11,0,0,0,0,
K8_R0.90_T1_H1_A0.75M5_S8002_HYBRID_EAGER_inprocess,8002,8,0.9,1,1,SWEEP,0.75,5.0,,HYBRID_EAGER,inprocess,f2798e856ce6513e9742a9fd06d05a849e27290477cfd177dbb9149e65bacb77,142b0552337068ea4a0401b8c445e708501b57d709a6a13a3a2ef9bfe78a9e04,1.231,0,62,54,2,56,6,90.3225806451613,88.54166666666667,83.33333333333333,83.33333333333333,93.18181818181819,75.0,740,13.214285714285714,0,0,0,0,7,0,0,0,0,0,5.6583,3.8672,5662,1194175,245,38,28,0.19335476956055733,4,1.005519,0.114361,181,2.927,18.697,32.464,64,0.115,0.502,0,0,0,0,0,0,
K8_R0.90_T1_H1_A0.75M15_S8002_CENTRAL_inprocess,8002,8,0.9,1,1,SWEEP,0.75,15.0,,CENTRAL,inprocess,e2e3cdb743f33c52d9f222bbf9d795325f4ea8233783c6623f99c2e4f1b6b1ed,ad0d3e13f64e511a2a170b7d01e59da89afcb95bedc0f86cc7c2bcc846608581,0.592,0,62,56,2,58,4,93.54838709677419,91.66666666666667,88.88888888888889,83.33333333333333,95.45454545454545,91.66666666666667,746,12.862068965517242,0,0,0,0,7,0,0,0,0,0,5.6815,3.8672,4955,1136530,208,38,73,0.2793626317142123,5,0.447712,0.080577,115,2.922,10.498000000000001,16.507,0,0.0,0.0,0,2,0,0,0,0,
K8_R0.90_T1_H1_A0.75M15_S8002_CENTRAL_FB_inprocess,8002,8,0.9,1,1,SWEEP,0.75,15.0,,CENTRAL_FB,inprocess,e2e3cdb743f33c52d9f222bbf9d795325f4ea8233783c6623f99c2e4f1b6b1ed,5cd6791a97cbe05116c8a55b0176b51feb8f02c55fe615eef3dae57431a07fb8,0.719,0,62,55,2,57,5,91.93548387096774,90.625,88.88888888888889,83.33333333333333,93.18181818181819,91.66666666666667,726,12.736842105263158,0,0,0,0,5,0,0,0,0,0,7.6143,3.8672,4941,1132845,206,29,73,0.30713547052740436,5,0.509851,0.114474,120,3.359,10.938,26.104,40,0.339,2.2590000000000003,0,1,0,0,0,0,
K8_R0.90_T1_H1_A0.75M15_S8002_HYBRID_inprocess,8002,8,0.9,1,1,SWEEP,0.75,15.0,,HYBRID,inprocess,e2e3cdb743f33c52d9f222bbf9d795325f4ea8233783c6623f99c2e4f1b6b1ed,1ff618765422921f066612dde1ab33f49e509dcd76c34efd76ee8a0d700db3b8,0.722,0,62,55,2,57,5,91.93548387096774,90.625,88.88888888888889,83.33333333333333,93.18181818181819,91.66666666666667,726,12.736842105263158,0,0,0,0,5,0,0,0,0,0,7.6143,3.8672,4941,1132845,206,29,73,0.30713547052740436,5,0.542287,0.105694,120,3.505,14.078999999999999,21.894000000000002,41,0.38499999999999995,2.225,0,1,0,0,0,0,
K8_R0.90_T1_H1_A0.75M15_S8002_EDGE_MARKET_inprocess,8002,8,0.9,1,1,SWEEP,0.75,15.0,,EDGE_MARKET,inprocess,e2e3cdb743f33c52d9f222bbf9d795325f4ea8233783c6623f99c2e4f1b6b1ed,8f4bb6a4fd7955fe5f5e162a393c4ba9f371e2e7e07bf706b89565b38a205ea3,0.282,0,62,51,2,53,9,85.48387096774194,83.33333333333333,77.77777777777777,66.66666666666667,88.63636363636364,95.83333333333333,755,14.245283018867925,0,0,0,0,6,0,0,0,0,0,5.6874,3.8672,4271,1108764,178,29,73,0.1739678537661519,4,0.026921,0.18819999999999998,73,0.049,0.118,0.22699999999999998,447,0.58,3.435,0,14,0,0,0,0,
K8_R0.90_T1_H1_A0.75M15_S8002_HYBRID_EAGER_inprocess,8002,8,0.9,1,1,SWEEP,0.75,15.0,,HYBRID_EAGER,inprocess,e2e3cdb743f33c52d9f222bbf9d795325f4ea8233783c6623f99c2e4f1b6b1ed,ea116dc96fcda1aec92289e3ea600b6cb6b08ee5131f63beff7a57fc45cdaa9d,0.788,0,62,55,2,57,5,91.93548387096774,90.625,88.88888888888889,83.33333333333333,93.18181818181819,91.66666666666667,726,12.736842105263158,0,0,0,0,5,0,0,0,0,0,7.6143,3.8672,4941,1132829,206,29,73,0.30713547052740436,5,0.569637,0.115411,120,3.5829999999999997,14.203000000000001,28.580000000000002,54,0.46,2.924,0,1,0,0,0,0,
K8_R0.90_T1_H1_A0.75M30_S8002_CENTRAL_FB_inprocess,8002,8,0.9,1,1,SWEEP,0.75,30.0,,CENTRAL_FB,inprocess,f14f1bc6e163b400275ae02029ba9e4c5ceb44217253537eded6f94685a567d2,1a148e4d8904415fa058c38a3611a84492b9bdcac0d655ad129e3d58d630d1a0,0.754,0,62,54,2,56,6,90.3225806451613,90.625,88.88888888888889,83.33333333333333,90.9090909090909,95.83333333333333,733,13.089285714285714,0,0,0,0,6,0,0,0,0,0,5.7283,3.8672,4937,1136808,183,29,105,0.42102524069737185,5,0.565876,0.099332,101,3.871,13.024000000000001,27.839,40,0.074,5.57,0,0,0,0,0,0,
K8_R0.90_T1_H1_A0.75M30_S8002_CENTRAL_inprocess,8002,8,0.9,1,1,SWEEP,0.75,30.0,,CENTRAL,inprocess,f14f1bc6e163b400275ae02029ba9e4c5ceb44217253537eded6f94685a567d2,abb93274825a17d41ef663af4ba58f50af87ebc0e8dd707036735b8d5eee8b98,0.83,0,62,55,2,57,5,91.93548387096774,91.66666666666667,88.88888888888889,83.33333333333333,93.18181818181819,100.0,749,13.140350877192983,0,0,0,0,6,0,0,0,0,0,7.0619,3.8672,4937,1151884,197,37,105,0.418167580266249,5,0.652823,0.101211,101,4.2059999999999995,15.571,21.571,0,0.0,0.0,0,0,0,0,0,0,
K8_R0.90_T1_H1_A0.75M30_S8002_HYBRID_EAGER_inprocess,8002,8,0.9,1,1,SWEEP,0.75,30.0,,HYBRID_EAGER,inprocess,f14f1bc6e163b400275ae02029ba9e4c5ceb44217253537eded6f94685a567d2,11eaef41b5edfb3b8dadccab92f1e32eae342b3f6d91d793184a0ec331a952d4,0.696,0,62,53,2,55,7,88.70967741935483,88.54166666666667,83.33333333333333,83.33333333333333,90.9090909090909,95.83333333333333,730,13.272727272727273,0,0,0,0,6,0,0,0,0,0,5.7283,3.8672,4975,1139927,183,34,105,0.43992796501157705,5,0.523259,0.10081000000000001,105,3.064,12.579999999999998,18.456,51,0.34,2.3019999999999996,0,0,0,0,0,0,
K8_R0.90_T1_H1_A0.75M30_S8002_HYBRID_inprocess,8002,8,0.9,1,1,SWEEP,0.75,30.0,,HYBRID,inprocess,f14f1bc6e163b400275ae02029ba9e4c5ceb44217253537eded6f94685a567d2,b60c49cc72e6ad430e5eae9dd2be1dbc7f89ea6722fadb7f6bf6356cda7f1f23,0.702,0,62,54,2,56,6,90.3225806451613,90.625,88.88888888888889,83.33333333333333,90.9090909090909,95.83333333333333,733,13.089285714285714,0,0,0,0,6,0,0,0,0,0,5.7283,3.8672,4937,1136808,183,29,105,0.42102524069737185,5,0.534847,0.09084300000000001,101,3.992,12.45,19.27,40,0.163,2.3379999999999996,0,0,0,0,0,0,
K8_R0.90_T1_H1_A0.75M30_S8002_EDGE_MARKET_inprocess,8002,8,0.9,1,1,SWEEP,0.75,30.0,,EDGE_MARKET,inprocess,f14f1bc6e163b400275ae02029ba9e4c5ceb44217253537eded6f94685a567d2,b386e1d3a31d38d1ae674d016eb84bab71e1dd86a63269ed5648efd8b90492ee,0.245,0,62,50,2,52,10,83.87096774193549,81.25,77.77777777777777,50.0,86.36363636363636,87.5,748,14.384615384615385,0,0,0,0,3,0,0,0,0,0,5.6354,3.8672,4345,1114960,170,42,99,0.34093008931321217,5,0.022906,0.157961,104,0.036000000000000004,0.09000000000000001,0.467,529,0.46900000000000003,3.1029999999999998,0,16,0,0,0,0,
K8_R0.90_T1_H1_A0.65M5_S8002_CENTRAL_inprocess,8002,8,0.9,1,1,SWEEP,0.65,5.0,,CENTRAL,inprocess,a668bd1a5211b2e69fc6ffc4d497a4a935fe73a35ff09207e1575ba4f826ab02,fcc231200f45b165627b69764b33937bdd207599a2915e0bb2fbc7a44ca3d5a8,1.128,0,62,50,2,52,10,83.87096774193549,84.375,83.33333333333333,83.33333333333333,84.0909090909091,79.16666666666667,845,16.25,0,0,0,0,8,0,0,0,0,0,5.6809,3.8672,6092,1258206,252,52,20,0.4332912457912458,5,0.923706,0.099707,231,2.581,12.558,24.117,0,0.0,0.0,0,0,0,0,0,0,
K8_R0.90_T1_H1_A0.65M5_S8002_CENTRAL_FB_inprocess,8002,8,0.9,1,1,SWEEP,0.65,5.0,,CENTRAL_FB,inprocess,a668bd1a5211b2e69fc6ffc4d497a4a935fe73a35ff09207e1575ba4f826ab02,32f5ef07d245cbbafa5bc7017679e141cbf3192df61a126875867b9cdb92344e,1.334,0,62,53,2,55,7,88.70967741935483,90.625,88.88888888888889,100.0,88.63636363636364,79.16666666666667,816,14.836363636363636,0,0,0,0,8,0,0,0,0,0,5.7193,3.8672,5845,1237023,230,46,20,0.38658075983114865,7,1.101216,0.11995100000000002,223,3.49,16.580000000000002,23.699,32,0.045000000000000005,0.5,0,1,0,0,0,0,
K8_R0.90_T1_H1_A0.65M5_S8002_HYBRID_inprocess,8002,8,0.9,1,1,SWEEP,0.65,5.0,,HYBRID,inprocess,a668bd1a5211b2e69fc6ffc4d497a4a935fe73a35ff09207e1575ba4f826ab02,18ee7ea0e355ef6395c0aecd4d0d01bf6385b52ad4335f8da0c9f0f4f12524cd,1.151,0,62,53,2,55,7,88.70967741935483,90.625,88.88888888888889,100.0,88.63636363636364,79.16666666666667,816,14.836363636363636,0,0,0,0,8,0,0,0,0,0,5.7193,3.8672,5845,1237023,230,46,20,0.38658075983114865,7,0.94962,0.098818,223,2.799,14.357999999999999,25.212,32,0.037,0.348,0,1,0,0,0,0,
K8_R0.90_T1_H1_A0.65M5_S8002_EDGE_MARKET_inprocess,8002,8,0.9,1,1,SWEEP,0.65,5.0,,EDGE_MARKET,inprocess,a668bd1a5211b2e69fc6ffc4d497a4a935fe73a35ff09207e1575ba4f826ab02,08fa588ba9db39820ae07e2a38e0c0745bdc52888672e1d80f1fe4e4885693c0,0.22,0,62,54,1,55,7,88.70967741935483,88.54166666666667,83.33333333333333,100.0,90.9090909090909,87.5,826,15.018181818181818,0,0,0,0,7,0,0,0,0,0,5.652,3.8672,4272,1156520,152,19,17,0.1404109589041096,2,0.022682,0.13553099999999998,72,0.048,0.08600000000000001,0.13799999999999998,426,0.404,2.4589999999999996,0,13,0,0,0,0,
K8_R0.90_T1_H1_A0.65M5_S8002_HYBRID_EAGER_inprocess,8002,8,0.9,1,1,SWEEP,0.65,5.0,,HYBRID_EAGER,inprocess,a668bd1a5211b2e69fc6ffc4d497a4a935fe73a35ff09207e1575ba4f826ab02,1f08be064215ef136494b86ef423612197448cc025d1cfe0d3c8d59193eafc3a,1.357,0,62,52,2,54,8,87.09677419354838,86.45833333333333,77.77777777777777,100.0,90.9090909090909,83.33333333333333,796,14.74074074074074,0,0,0,0,8,0,0,0,0,0,5.7274,3.8672,6051,1254915,231,38,21,0.42399830400678395,4,1.128083,0.128834,230,3.291,15.248,25.676000000000002,83,0.044,0.391,0,4,0,0,0,0,
K8_R0.90_T1_H1_A0.65M15_S8002_CENTRAL_inprocess,8002,8,0.9,1,1,SWEEP,0.65,15.0,,CENTRAL,inprocess,c3260902c98531f49f41cf211b4be722db66ac50ec9b1916ff53e34ab1574085,e613bf1220c25c5194a4886c2d653f4ac08c3ca09a066da1a96a24db9237bb5f,0.929,0,62,53,2,55,7,88.70967741935483,90.625,94.44444444444444,100.0,86.36363636363636,75.0,785,14.272727272727273,0,0,0,0,6,0,0,0,0,0,5.6352,3.8672,4957,1148726,190,43,95,0.4723529411764706,5,0.713652,0.10786600000000002,136,3.718,18.401,32.242,0,0.0,0.0,0,0,0,0,0,0,
K8_R0.90_T1_H1_A0.65M15_S8002_CENTRAL_FB_inprocess,8002,8,0.9,1,1,SWEEP,0.65,15.0,,CENTRAL_FB,inprocess,c3260902c98531f49f41cf211b4be722db66ac50ec9b1916ff53e34ab1574085,69378bc3922336b135891465a921e464f2ef78649db0032e56260c23d7dcb65c,0.69,0,62,53,2,55,7,88.70967741935483,90.625,94.44444444444444,100.0,86.36363636363636,75.0,773,14.054545454545455,0,0,0,0,5,0,0,0,0,0,5.6318,3.8672,4946,1147351,185,34,95,0.46430678466076697,5,0.54395,0.08789100000000001,136,2.812,14.334,18.549,63,0.08600000000000001,2.5509999999999997,0,0,0,0,0,0,
K8_R0.90_T1_H1_A0.65M15_S8002_HYBRID_inprocess,8002,8,0.9,1,1,SWEEP,0.65,15.0,,HYBRID,inprocess,c3260902c98531f49f41cf211b4be722db66ac50ec9b1916ff53e34ab1574085,b65a2ec43807aab02ef82f678c798cbc6481d5c3a9112c92b24b7e7eaffc2723,0.833,0,62,53,2,55,7,88.70967741935483,90.625,94.44444444444444,100.0,86.36363636363636,75.0,773,14.054545454545455,0,0,0,0,5,0,0,0,0,0,5.6318,3.8672,4946,1147351,185,34,95,0.46430678466076697,5,0.640241,0.105261,136,2.988,16.619,26.801,63,0.102,2.882,0,0,0,0,0,0,
K8_R0.90_T1_H1_A0.65M15_S8002_HYBRID_EAGER_inprocess,8002,8,0.9,1,1,SWEEP,0.65,15.0,,HYBRID_EAGER,inprocess,c3260902c98531f49f41cf211b4be722db66ac50ec9b1916ff53e34ab1574085,d43cd0a73d9e559747b4abec459820df7784817c1843d8eb02cccd7f5f6f0ba8,0.774,0,62,53,2,55,7,88.70967741935483,90.625,94.44444444444444,100.0,86.36363636363636,75.0,773,14.054545454545455,0,0,0,0,5,0,0,0,0,0,5.6318,3.8672,4946,1147351,185,34,95,0.46430678466076697,5,0.592212,0.11207199999999999,136,3.57,12.466,16.698999999999998,81,0.158,2.238,0,0,0,0,0,0,
K8_R0.90_T1_H1_A0.65M15_S8002_EDGE_MARKET_inprocess,8002,8,0.9,1,1,SWEEP,0.65,15.0,,EDGE_MARKET,inprocess,c3260902c98531f49f41cf211b4be722db66ac50ec9b1916ff53e34ab1574085,aeffe42ca1cb54326b78e5f5e495e6e6e932941028d78b46a446fd5ad6c7de83,0.258,0,62,55,2,57,5,91.93548387096774,89.58333333333333,83.33333333333333,66.66666666666667,95.45454545454545,91.66666666666667,774,13.578947368421053,0,0,0,0,7,0,0,0,0,0,5.6874,3.8672,4163,1118056,152,25,73,0.37168141592920356,5,0.024044,0.16764800000000002,65,0.047,0.103,0.128,356,0.527,2.904,0,11,0,0,0,0,
K8_R0.90_T1_H1_A0.65M30_S8002_CENTRAL_inprocess,8002,8,0.9,1,1,SWEEP,0.65,30.0,,CENTRAL,inprocess,aed295c28b48ff47b1d35346f42aa694107ffdbe677f4754869fd2e08495a6df,4b360deea3f025507465fa2d99637d09e4da0c25c6482ab85c470bf269576e3d,0.844,0,62,54,2,56,6,90.3225806451613,91.66666666666667,94.44444444444444,100.0,88.63636363636364,87.5,754,13.464285714285714,0,0,0,0,5,0,0,0,0,0,5.6773,3.8672,5046,1163290,195,41,100,0.5521661112535248,5,0.648607,0.105624,108,5.109,13.501000000000001,21.52,0,0.0,0.0,0,0,0,0,0,0,
K8_R0.90_T1_H1_A0.65M30_S8002_CENTRAL_FB_inprocess,8002,8,0.9,1,1,SWEEP,0.65,30.0,,CENTRAL_FB,inprocess,aed295c28b48ff47b1d35346f42aa694107ffdbe677f4754869fd2e08495a6df,2c27a2a9d4d30bdf4cc34f4c9346fc1f86da18a5e1eb83650f0773ff289b3231,0.824,0,62,56,1,57,5,91.93548387096774,93.75,100.0,100.0,88.63636363636364,95.83333333333333,772,13.543859649122806,4,4,0,0,7,0,0,0,0,0,5.6745,3.8672,5117,1151490,228,51,99,0.4987360970677452,6,0.624999,0.110665,114,4.487,11.166,17.94,40,0.08,0.101,0,1,0,0,0,0,
K8_R0.90_T1_H1_A0.65M30_S8002_HYBRID_inprocess,8002,8,0.9,1,1,SWEEP,0.65,30.0,,HYBRID,inprocess,aed295c28b48ff47b1d35346f42aa694107ffdbe677f4754869fd2e08495a6df,f8687edf6d7ef1c23d0f9b483e60167d1dad201fa7c8bc19cd18a2187defaaca,0.898,0,62,56,1,57,5,91.93548387096774,93.75,100.0,100.0,88.63636363636364,95.83333333333333,772,13.543859649122806,4,4,0,0,7,0,0,0,0,0,5.6745,3.8672,5117,1151490,228,51,99,0.4987360970677452,6,0.673131,0.11019999999999998,114,5.008,13.795,22.817,40,0.101,0.12000000000000001,0,1,0,0,0,0,
K8_R0.90_T1_H1_A0.65M30_S8002_HYBRID_EAGER_inprocess,8002,8,0.9,1,1,SWEEP,0.65,30.0,,HYBRID_EAGER,inprocess,aed295c28b48ff47b1d35346f42aa694107ffdbe677f4754869fd2e08495a6df,ffaf2f8cd41bbd94bccac6cd6cf094b5c9f7a994862f49273ca72e5c8028b1ec,0.837,0,62,54,1,55,7,88.70967741935483,90.625,94.44444444444444,100.0,86.36363636363636,91.66666666666667,703,12.781818181818181,0,0,0,0,6,0,0,0,0,0,5.6745,3.8672,5159,1152398,212,47,99,0.5107018417122947,6,0.630213,0.113104,122,3.595,15.675,18.514,63,0.07200000000000001,2.218,0,9,0,0,0,0,
K8_R0.90_T1_H1_A0.65M30_S8002_EDGE_MARKET_inprocess,8002,8,0.9,1,1,SWEEP,0.65,30.0,,EDGE_MARKET,inprocess,aed295c28b48ff47b1d35346f42aa694107ffdbe677f4754869fd2e08495a6df,cd1c75e6780074640e679bb99596b9fd72b4136a4e35c840e95b8dd61ee69dcd,0.271,0,62,50,2,52,10,83.87096774193549,82.29166666666667,72.22222222222223,66.66666666666667,88.63636363636364,75.0,664,12.76923076923077,0,0,0,0,3,0,0,0,0,0,5.642,3.8672,4289,1128422,161,36,100,0.38461538461538464,5,0.025728,0.16612600000000002,81,0.056,0.114,0.192,506,0.488,3.1319999999999997,0,12,0,0,0,0,
K8_R0.90_T1_H1_A0.55M5_S8002_CENTRAL_inprocess,8002,8,0.9,1,1,SWEEP,0.55,5.0,,CENTRAL,inprocess,442ce3728efaac2415fb283c05af201ab9d22a83d9ba082ff1f3f940bedf1e00,53adabbc79331842602292a6fca63458b86fa30f0d81f0b3412c2c40ff1c771f,1.206,0,62,53,2,55,7,88.70967741935483,89.58333333333333,94.44444444444444,83.33333333333333,86.36363636363636,79.16666666666667,768,13.963636363636363,0,0,0,0,5,0,0,0,0,0,7.4887,3.8672,6058,1227941,227,64,29,0.6184573002754821,9,1.000138,0.100133,246,2.383,14.221,23.218,0,0.0,0.0,0,0,0,0,0,0,
K8_R0.90_T1_H1_A0.55M5_S8002_CENTRAL_FB_inprocess,8002,8,0.9,1,1,SWEEP,0.55,5.0,,CENTRAL_FB,inprocess,442ce3728efaac2415fb283c05af201ab9d22a83d9ba082ff1f3f940bedf1e00,d85f166436674bd02dfedea261b5ee656886b2bd0de8f21593d4314709ed3421,1.263,0,62,53,2,55,7,88.70967741935483,89.58333333333333,94.44444444444444,83.33333333333333,86.36363636363636,79.16666666666667,768,13.963636363636363,0,0,0,0,5,0,0,0,0,0,7.4887,3.8672,6058,1227905,227,64,29,0.6184573002754821,9,1.036662,0.113791,246,3.088,13.605,22.881,48,0.367,3.444,0,0,0,0,0,0,
K8_R0.90_T1_H1_A0.55M5_S8002_HYBRID_inprocess,8002,8,0.9,1,1,SWEEP,0.55,5.0,,HYBRID,inprocess,442ce3728efaac2415fb283c05af201ab9d22a83d9ba082ff1f3f940bedf1e00,ed667a7de5d4fea62faafbdd9db2b29587c0e204727768da42eb1ff9c8d1e103,1.304,0,62,53,2,55,7,88.70967741935483,89.58333333333333,94.44444444444444,83.33333333333333,86.36363636363636,79.16666666666667,768,13.963636363636363,0,0,0,0,5,0,0,0,0,0,7.4887,3.8672,6058,1227905,227,64,29,0.6184573002754821,9,1.042738,0.116898,246,2.781,15.138,22.926,48,0.442,2.351,0,0,0,0,0,0,
K8_R0.90_T1_H1_A0.55M5_S8002_HYBRID_EAGER_inprocess,8002,8,0.9,1,1,SWEEP,0.55,5.0,,HYBRID_EAGER,inprocess,442ce3728efaac2415fb283c05af201ab9d22a83d9ba082ff1f3f940bedf1e00,6e2a540bde3a70a436d0c63c74628163a28c3a8b763cdb68d5cd3a279c586b4c,1.179,0,62,53,2,55,7,88.70967741935483,90.625,94.44444444444444,100.0,86.36363636363636,83.33333333333333,751,13.654545454545454,0,0,0,0,7,0,0,0,0,0,5.6719,3.8672,6203,1242504,231,55,29,0.6017738359201774,7,0.984568,0.10491,250,2.934,13.333,22.281,120,0.083,0.456,0,0,0,0,0,0,
K8_R0.90_T1_H1_A0.55M5_S8002_EDGE_MARKET_inprocess,8002,8,0.9,1,1,SWEEP,0.55,5.0,,EDGE_MARKET,inprocess,442ce3728efaac2415fb283c05af201ab9d22a83d9ba082ff1f3f940bedf1e00,7dfce639fe37def68e067d818d39e1c2e437451f749b167545cde94b5a38500e,0.267,0,62,53,2,55,7,88.70967741935483,88.54166666666667,88.88888888888889,83.33333333333333,88.63636363636364,91.66666666666667,784,14.254545454545454,0,0,0,0,6,0,0,0,0,0,5.652,3.8672,4286,1130690,130,19,24,0.2331384015594542,5,0.023758,0.17091,80,0.046,0.118,0.8450000000000001,459,0.531,3.705,0,11,0,0,0,0,
K8_R0.90_T1_H1_A0.55M15_S8002_CENTRAL_inprocess,8002,8,0.9,1,1,SWEEP,0.55,15.0,,CENTRAL,inprocess,db3b89b98fb333835b40a2c6cf5fc9bc3406d2e5a333f95182e1cf520eafa78a,50ffffb751ed348890cb76a3220c3b4ce36d0e0db8488290596c700ff0f73d8e,0.613,0,62,55,2,57,5,91.93548387096774,93.75,94.44444444444444,100.0,90.9090909090909,91.66666666666667,795,13.947368421052632,0,0,0,0,6,0,0,0,0,0,5.6831,3.8672,5189,1153905,211,24,73,0.5471432592175626,5,0.468687,0.082327,144,2.696,9.637,17.633,0,0.0,0.0,0,1,0,0,0,0,
K8_R0.90_T1_H1_A0.55M15_S8002_CENTRAL_FB_inprocess,8002,8,0.9,1,1,SWEEP,0.55,15.0,,CENTRAL_FB,inprocess,db3b89b98fb333835b40a2c6cf5fc9bc3406d2e5a333f95182e1cf520eafa78a,268f27a66093b67c90fc4aa45e7b7ef299ecf98dbbbce3e039d96650193e0e9d,0.755,0,62,55,2,57,5,91.93548387096774,91.66666666666667,83.33333333333333,100.0,95.45454545454545,87.5,767,13.456140350877194,0,0,0,0,5,0,0,0,0,0,6.9556,3.8672,5196,1170339,206,36,73,0.5663964215823316,5,0.577413,0.100016,145,3.307,11.498,23.858,57,0.11299999999999999,2.799,0,0,0,0,0,0,
K8_R0.90_T1_H1_A0.55M15_S8002_HYBRID_inprocess,8002,8,0.9,1,1,SWEEP,0.55,15.0,,HYBRID,inprocess,db3b89b98fb333835b40a2c6cf5fc9bc3406d2e5a333f95182e1cf520eafa78a,73b2ac4ec2cdb64f179e5f949607f878b4126c65c3ed9c3996cfe753bf7e137b,0.709,0,62,55,2,57,5,91.93548387096774,91.66666666666667,83.33333333333333,100.0,95.45454545454545,87.5,767,13.456140350877194,0,0,0,0,5,0,0,0,0,0,6.9556,3.8672,5196,1170339,206,36,73,0.5663964215823316,5,0.535779,0.09776399999999999,145,2.985,10.761,24.758,57,0.08,2.902,0,0,0,0,0,0,
K8_R0.90_T1_H1_A0.55M15_S8002_EDGE_MARKET_inprocess,8002,8,0.9,1,1,SWEEP,0.55,15.0,,EDGE_MARKET,inprocess,db3b89b98fb333835b40a2c6cf5fc9bc3406d2e5a333f95182e1cf520eafa78a,d6587d31968c55130ebc88a0a479ebd58fdfd6c965fd68b6d19680b45629281f,0.269,0,62,50,2,52,10,83.87096774193549,81.25,72.22222222222223,66.66666666666667,88.63636363636364,87.5,703,13.51923076923077,0,0,0,0,4,0,0,0,0,0,5.6679,3.8672,4207,1094681,135,19,73,0.4613302397525135,5,0.022058,0.18628200000000003,73,0.041,0.111,0.154,405,0.51,3.249,0,13,0,0,0,0,
K8_R0.90_T1_H1_A0.55M15_S8002_HYBRID_EAGER_inprocess,8002,8,0.9,1,1,SWEEP,0.55,15.0,,HYBRID_EAGER,inprocess,db3b89b98fb333835b40a2c6cf5fc9bc3406d2e5a333f95182e1cf520eafa78a,e02f80c9fcf744094fb476cf6721a26da28e364d4084da56a31c6fdad73a15f4,0.766,0,62,54,2,56,6,90.3225806451613,91.66666666666667,88.88888888888889,100.0,90.9090909090909,87.5,807,14.410714285714286,0,0,0,0,5,0,0,0,0,0,5.6556,3.8672,5189,1154673,206,28,73,0.6044357102751263,5,0.580322,0.10544600000000001,142,3.233,10.302999999999999,23.601,78,0.103,2.317,0,0,0,0,0,0,
K8_R0.90_T1_H1_A0.55M30_S8002_CENTRAL_inprocess,8002,8,0.9,1,1,SWEEP,0.55,30.0,,CENTRAL,inprocess,96d09f842c6faf220d9847d24f8efa25d13631dc274dbca299c42a18b11753c7,7a24b1d18b7d82194fa2667db6e042575cae5a7d044126adc2ae9394417c3af5,0.564,0,62,54,2,56,6,90.3225806451613,87.5,77.77777777777777,66.66666666666667,95.45454545454545,87.5,821,14.660714285714286,6,6,0,0,5,0,0,0,0,0,5.7024,3.8672,4827,1132718,154,31,106,1.2075344769593004,4,0.392732,0.09796599999999998,122,2.421,8.396,12.13,0,0.0,0.0,0,1,0,0,0,0,
K8_R0.90_T1_H1_A0.55M30_S8002_CENTRAL_FB_inprocess,8002,8,0.9,1,1,SWEEP,0.55,30.0,,CENTRAL_FB,inprocess,96d09f842c6faf220d9847d24f8efa25d13631dc274dbca299c42a18b11753c7,3713f704016aa9a4c904378c48c03696546271338747b906c3e0416ad5e33068,0.648,0,62,51,2,53,9,85.48387096774194,82.29166666666667,72.22222222222223,50.0,90.9090909090909,83.33333333333333,788,14.867924528301886,0,0,0,0,4,0,0,0,0,0,5.6491,3.8672,4899,1138037,160,36,104,1.1388614675880224,3,0.449425,0.113118,130,2.49,9.297,18.808,72,0.11299999999999999,3.211,0,0,0,0,0,0,
K8_R0.90_T1_H1_A0.55M30_S8002_HYBRID_inprocess,8002,8,0.9,1,1,SWEEP,0.55,30.0,,HYBRID,inprocess,96d09f842c6faf220d9847d24f8efa25d13631dc274dbca299c42a18b11753c7,528dba6e810affa8fdf9ede3c02114a5fe12bc6929574d9ae4ae0eb315850bbc,0.529,0,62,51,2,53,9,85.48387096774194,82.29166666666667,72.22222222222223,50.0,90.9090909090909,83.33333333333333,788,14.867924528301886,0,0,0,0,4,0,0,0,0,0,5.6491,3.8672,4899,1138037,160,36,104,1.1388614675880224,3,0.378247,0.092073,130,2.133,7.634,9.82,72,0.106,2.6580000000000004,0,0,0,0,0,0,
K8_R0.90_T1_H1_A0.55M30_S8002_HYBRID_EAGER_inprocess,8002,8,0.9,1,1,SWEEP,0.55,30.0,,HYBRID_EAGER,inprocess,96d09f842c6faf220d9847d24f8efa25d13631dc274dbca299c42a18b11753c7,61b5d4ecfb452e8164b1d09a189bcfb71451afae9be630439f3932f7709e820c,0.601,0,62,51,2,53,9,85.48387096774194,82.29166666666667,72.22222222222223,50.0,90.9090909090909,83.33333333333333,788,14.867924528301886,0,0,0,0,4,0,0,0,0,0,5.6491,3.8672,4899,1137971,160,36,104,1.1388614675880224,3,0.411599,0.10651300000000001,130,2.443,8.639000000000001,12.131,79,0.41300000000000003,2.821,0,0,0,0,0,0,
K8_R0.90_T1_H1_A0.55M30_S8002_EDGE_MARKET_inprocess,8002,8,0.9,1,1,SWEEP,0.55,30.0,,EDGE_MARKET,inprocess,96d09f842c6faf220d9847d24f8efa25d13631dc274dbca299c42a18b11753c7,b806e66309c2fda4f0f019e25f7c82e0828ac63f35ae7ff47b1842e147ce807f,0.238,0,62,51,2,53,9,85.48387096774194,86.45833333333333,83.33333333333333,83.33333333333333,86.36363636363636,79.16666666666667,846,15.962264150943396,0,0,0,0,4,0,0,0,0,0,5.6914,3.8672,4171,1093479,128,18,99,0.9092495636998255,3,0.020182,0.15217,82,0.031,0.101,0.14200000000000002,378,0.5469999999999999,4.11,0,16,0,0,0,0,
K8_R0.90_T1_H1_A0.95M5_S8003_CENTRAL_inprocess,8003,8,0.9,1,1,SWEEP,0.95,5.0,,CENTRAL,inprocess,3e155dfd0ddf84642cf43539bec9db19b17fef53f28a6ae9b76eb34c9f1c174b,fb6ea19699eabd0f06216ee0bd4cd7b7270ec251eb6345e952b3b30956389cba,1.045,0,62,52,0,52,10,83.87096774193549,85.84905660377359,90.9090909090909,90.9090909090909,80.0,90.3225806451613,765,14.711538461538462,0,0,0,0,7,0,0,0,0,0,5.6677,3.8845,5466,1207445,230,55,15,0.035307736831950605,0,0.838216,0.100231,118,6.802,15.423,19.327,0,0.0,0.0,0,0,0,0,0,0,
K8_R0.90_T1_H1_A0.95M5_S8003_CENTRAL_FB_inprocess,8003,8,0.9,1,1,SWEEP,0.95,5.0,,CENTRAL_FB,inprocess,3e155dfd0ddf84642cf43539bec9db19b17fef53f28a6ae9b76eb34c9f1c174b,ce5de92374fc3442789a608ad0272e7798867c6ae003c20464e2dffc2e84214a,1.066,0,62,52,0,52,10,83.87096774193549,85.84905660377359,90.9090909090909,90.9090909090909,80.0,90.3225806451613,765,14.711538461538462,0,0,0,0,7,0,0,0,0,0,5.6677,3.8845,5466,1207445,230,55,15,0.035307736831950605,0,0.87854,0.105626,118,6.777,14.116999999999999,18.479,4,0.034999999999999996,0.034999999999999996,0,0,0,0,0,0,
K8_R0.90_T1_H1_A0.95M5_S8003_HYBRID_inprocess,8003,8,0.9,1,1,SWEEP,0.95,5.0,,HYBRID,inprocess,3e155dfd0ddf84642cf43539bec9db19b17fef53f28a6ae9b76eb34c9f1c174b,8403145487d8dab231509e57629de58e9ccc7fc79e39f9d9159e97418fcefe1c,0.982,0,62,52,0,52,10,83.87096774193549,85.84905660377359,90.9090909090909,90.9090909090909,80.0,90.3225806451613,765,14.711538461538462,0,0,0,0,7,0,0,0,0,0,5.6677,3.8845,5466,1207445,230,55,15,0.035307736831950605,0,0.81637,0.09068999999999999,118,5.412,17.485,26.071,4,0.01,0.01,0,0,0,0,0,0,
K8_R0.90_T1_H1_A0.95M5_S8003_HYBRID_EAGER_inprocess,8003,8,0.9,1,1,SWEEP,0.95,5.0,,HYBRID_EAGER,inprocess,3e155dfd0ddf84642cf43539bec9db19b17fef53f28a6ae9b76eb34c9f1c174b,4840674b7dcbe8fe085dde07eb48097ad003eff47ef4d44def21ed653909a0ec,1.037,0,62,52,0,52,10,83.87096774193549,85.84905660377359,90.9090909090909,90.9090909090909,80.0,90.3225806451613,765,14.711538461538462,0,0,0,0,7,0,0,0,0,0,5.6677,3.8845,5466,1207427,230,55,15,0.035307736831950605,0,0.861768,0.099246,118,6.093,17.548000000000002,22.74,14,0.022,0.041999999999999996,0,0,0,0,0,0,
K8_R0.90_T1_H1_A0.95M5_S8003_EDGE_MARKET_inprocess,8003,8,0.9,1,1,SWEEP,0.95,5.0,,EDGE_MARKET,inprocess,3e155dfd0ddf84642cf43539bec9db19b17fef53f28a6ae9b76eb34c9f1c174b,6ddba5b68ef546e700e151cf620f5bf24356d8c967a08e299efb61108639f831,0.233,0,62,47,0,47,15,75.80645161290323,79.24528301886792,81.81818181818181,81.81818181818181,72.5,83.87096774193549,757,16.106382978723403,0,0,0,0,6,0,0,0,0,0,5.661,3.8845,4709,1249013,241,54,8,0.030765724703737465,0,0.027169,0.15107700000000002,113,0.059,0.121,0.212,831,0.373,2.382,0,22,0,0,0,0,
K8_R0.90_T1_H1_A0.95M15_S8003_CENTRAL_inprocess,8003,8,0.9,1,1,SWEEP,0.95,15.0,,CENTRAL,inprocess,bf1164eaa55aa43f91268198eff391d9909c3e05dffcc176753b9bacfc4ed295,398579f8a57202b18b35c6ac10aa5f5c0dabbea5e36844454625a76fab7dc5c7,0.905,0,62,54,0,54,8,87.09677419354838,90.56603773584905,95.45454545454545,90.9090909090909,82.5,96.7741935483871,763,14.12962962962963,0,0,0,0,8,0,0,0,0,0,5.6633,3.8845,5278,1189291,264,44,27,0.03253839935327405,1,0.729076,0.09017599999999999,110,4.883,17.619,25.099,0,0.0,0.0,0,0,0,0,0,0,
K8_R0.90_T1_H1_A0.95M15_S8003_CENTRAL_FB_inprocess,8003,8,0.9,1,1,SWEEP,0.95,15.0,,CENTRAL_FB,inprocess,bf1164eaa55aa43f91268198eff391d9909c3e05dffcc176753b9bacfc4ed295,f6836402b239b65c92c74d4c3957ba3f7cdccc87fad3c65f7e80e0e851e0076e,0.93,0,62,54,0,54,8,87.09677419354838,90.56603773584905,95.45454545454545,90.9090909090909,82.5,96.7741935483871,763,14.12962962962963,0,0,0,0,8,0,0,0,0,0,5.6633,3.8845,5278,1189291,264,44,27,0.03253839935327405,1,0.728705,0.100645,110,6.446999999999999,14.594,18.073999999999998,6,0.015000000000000001,0.015000000000000001,0,0,0,0,0,0,
K8_R0.90_T1_H1_A0.95M15_S8003_HYBRID_inprocess,8003,8,0.9,1,1,SWEEP,0.95,15.0,,HYBRID,inprocess,bf1164eaa55aa43f91268198eff391d9909c3e05dffcc176753b9bacfc4ed295,d48ab850f5ce0386fdc36f195a91cad0b72ed23daa379a64b390348cb1d9eaaa,0.953,0,62,54,0,54,8,87.09677419354838,90.56603773584905,95.45454545454545,90.9090909090909,82.5,96.7741935483871,763,14.12962962962963,0,0,0,0,8,0,0,0,0,0,5.6633,3.8845,5278,1189291,264,44,27,0.03253839935327405,1,0.763146,0.10242299999999999,110,6.236000000000001,14.543000000000001,20.866,6,0.013,0.013,0,0,0,0,0,0,
K8_R0.90_T1_H1_A0.95M15_S8003_HYBRID_EAGER_inprocess,8003,8,0.9,1,1,SWEEP,0.95,15.0,,HYBRID_EAGER,inprocess,bf1164eaa55aa43f91268198eff391d9909c3e05dffcc176753b9bacfc4ed295,edd293a10ec64b9b15d01818f5b5c5e43cbcc4efb45c626eadccf728e73657bf,1.005,0,62,56,0,56,6,90.3225806451613,92.45283018867924,95.45454545454545,90.9090909090909,87.5,96.7741935483871,789,14.089285714285714,0,0,0,0,8,0,0,0,0,0,5.6633,3.8845,5258,1205480,235,52,17,0.027294783663566517,0,0.804277,0.10463299999999999,107,5.5360000000000005,19.567999999999998,30.109,14,0.034999999999999996,0.041999999999999996,0,0,0,0,0,0,
K8_R0.90_T1_H1_A0.95M15_S8003_EDGE_MARKET_inprocess,8003,8,0.9,1,1,SWEEP,0.95,15.0,,EDGE_MARKET,inprocess,bf1164eaa55aa43f91268198eff391d9909c3e05dffcc176753b9bacfc4ed295,fca8791bb7dda7838848107b8ad237d369554b1e2edb00706bfdacf22ccdfc14,0.282,0,62,49,0,49,13,79.03225806451613,79.24528301886792,81.81818181818181,81.81818181818181,77.5,80.64516129032258,845,17.244897959183675,0,0,0,0,7,0,0,0,0,0,5.6338,3.8845,4579,1235439,218,48,24,0.03131622321638804,2,0.031896,0.182326,106,0.062,0.148,0.196,683,0.465,2.898,0,23,0,0,0,0,
K8_R0.90_T1_H1_A0.95M30_S8003_CENTRAL_inprocess,8003,8,0.9,1,1,SWEEP,0.95,30.0,,CENTRAL,inprocess,49783c4c5ea3f17175486c4c2ec70a5ad350556e2c69adf66c6787f20e693332,24db45fdc2562ca6ccecc578b5bf37e29f1281d8b046f412b1f1e21db5eb927f,0.833,0,62,54,0,54,8,87.09677419354838,88.67924528301887,86.36363636363636,90.9090909090909,87.5,96.7741935483871,789,14.61111111111111,0,0,0,0,8,0,0,0,0,0,5.6612,3.8845,5217,1198944,264,55,30,0.03390522875816993,0,0.647745,0.09563300000000001,106,4.942,17.080000000000002,19.983999999999998,0,0.0,0.0,0,0,0,0,0,0,
K8_R0.90_T1_H1_A0.95M30_S8003_CENTRAL_FB_inprocess,8003,8,0.9,1,1,SWEEP,0.95,30.0,,CENTRAL_FB,inprocess,49783c4c5ea3f17175486c4c2ec70a5ad350556e2c69adf66c6787f20e693332,b6a46ce4e0ac29b8dda0021d38a232d562c7034b78e7b7edc690e9cbdfda4103,0.986,0,62,54,0,54,8,87.09677419354838,88.67924528301887,86.36363636363636,90.9090909090909,87.5,96.7741935483871,789,14.61111111111111,0,0,0,0,8,0,0,0,0,0,5.6612,3.8845,5217,1198944,264,55,30,0.03390522875816993,0,0.794003,0.10531499999999999,106,5.811,17.791999999999998,24.027,7,0.063,0.063,0,0,0,0,0,0,
K8_R0.90_T1_H1_A0.95M30_S8003_HYBRID_inprocess,8003,8,0.9,1,1,SWEEP,0.95,30.0,,HYBRID,inprocess,49783c4c5ea3f17175486c4c2ec70a5ad350556e2c69adf66c6787f20e693332,2dfa6ae4dc2130e86645d1e7e675a1acb237a51d738730c27da1e759f44c8032,0.968,0,62,54,0,54,8,87.09677419354838,88.67924528301887,86.36363636363636,90.9090909090909,87.5,96.7741935483871,789,14.61111111111111,0,0,0,0,8,0,0,0,0,0,5.6612,3.8845,5217,1198944,264,55,30,0.03390522875816993,0,0.770915,0.099914,106,4.758,24.183,32.478,7,0.039,0.039,0,0,0,0,0,0,
K8_R0.90_T1_H1_A0.95M30_S8003_EDGE_MARKET_inprocess,8003,8,0.9,1,1,SWEEP,0.95,30.0,,EDGE_MARKET,inprocess,49783c4c5ea3f17175486c4c2ec70a5ad350556e2c69adf66c6787f20e693332,21d5d12eade81988ecfa4b7d10cd9f28e555b55a28532ff5f876a6836bb2976c,0.238,0,62,49,0,49,13,79.03225806451613,79.24528301886792,81.81818181818181,81.81818181818181,77.5,80.64516129032258,845,17.244897959183675,0,0,0,0,7,0,0,0,0,0,5.6338,3.8845,4596,1238409,231,45,18,0.02573701450631727,1,0.026829,0.156004,108,0.053,0.118,0.19799999999999998,699,0.38699999999999996,2.4139999999999997,0,24,0,0,0,0,
K8_R0.90_T1_H1_A0.95M30_S8003_HYBRID_EAGER_inprocess,8003,8,0.9,1,1,SWEEP,0.95,30.0,,HYBRID_EAGER,inprocess,49783c4c5ea3f17175486c4c2ec70a5ad350556e2c69adf66c6787f20e693332,1d8cb33943311f6ff7cfb05eca9a485b3c6d4849ece755c41db84dd9dc3d11cf,0.975,0,62,54,0,54,8,87.09677419354838,88.67924528301887,86.36363636363636,90.9090909090909,87.5,96.7741935483871,789,14.61111111111111,0,0,0,0,8,0,0,0,0,0,5.6612,3.8845,5217,1198941,264,55,30,0.03390522875816993,0,0.765692,0.11259799999999999,106,4.976999999999999,18.359,27.928,11,0.059,0.059,0,0,0,0,0,0,
K8_R0.90_T1_H1_A0.85M5_S8003_CENTRAL_inprocess,8003,8,0.9,1,1,SWEEP,0.85,5.0,,CENTRAL,inprocess,340b1eb5378780ff9b6ac77d11f72064944960d3f7456af0050b99cdeee53651,901d02b8aae70e5a4c31a91f9e79da6070821469afb5e431a187e2ba745758e1,1.26,0,62,54,0,54,8,87.09677419354838,89.62264150943396,90.9090909090909,90.9090909090909,85.0,90.3225806451613,751,13.907407407407407,0,0,0,0,8,0,0,0,0,0,5.6497,3.8816,5821,1221534,296,52,20,0.11296260414648324,4,1.046836,0.103093,166,4.681,20.88,27.951,0,0.0,0.0,0,0,0,0,0,0,
K8_R0.90_T1_H1_A0.85M5_S8003_CENTRAL_FB_inprocess,8003,8,0.9,1,1,SWEEP,0.85,5.0,,CENTRAL_FB,inprocess,340b1eb5378780ff9b6ac77d11f72064944960d3f7456af0050b99cdeee53651,fc5a2d07451fe83bf01890fffc28b6fc2a5b6c56e2150d43eb8c6b8b331a08ef,1.298,0,62,54,0,54,8,87.09677419354838,89.62264150943396,90.9090909090909,90.9090909090909,85.0,90.3225806451613,751,13.907407407407407,0,0,0,0,8,0,0,0,0,0,5.6497,3.8816,5821,1221534,296,52,20,0.11296260414648324,4,1.092118,0.11214500000000001,166,5.315,18.216,29.145,11,0.02,0.02,0,0,0,0,0,0,
K8_R0.90_T1_H1_A0.85M5_S8003_HYBRID_EAGER_inprocess,8003,8,0.9,1,1,SWEEP,0.85,5.0,,HYBRID_EAGER,inprocess,340b1eb5378780ff9b6ac77d11f72064944960d3f7456af0050b99cdeee53651,384efd5abeab9b9fe0ef03f56bc5c0536e2c2b1f61a72f0c44d2f2498251aef9,1.15,0,62,55,0,55,7,88.70967741935483,91.50943396226415,95.45454545454545,90.9090909090909,85.0,93.54838709677419,760,13.818181818181818,0,0,0,0,8,0,0,0,0,0,5.6612,3.8816,5843,1228888,273,59,21,0.10432276657060519,4,0.947418,0.109891,163,4.677,16.230999999999998,29.408,48,0.08,2.3449999999999998,0,0,0,0,0,0,
K8_R0.90_T1_H1_A0.85M5_S8003_HYBRID_inprocess,8003,8,0.9,1,1,SWEEP,0.85,5.0,,HYBRID,inprocess,340b1eb5378780ff9b6ac77d11f72064944960d3f7456af0050b99cdeee53651,d342564c8ee8f6857fe75ffe146d7b1cfc42fa01465062e48642adf9596e614a,1.382,0,62,54,0,54,8,87.09677419354838,89.62264150943396,90.9090909090909,90.9090909090909,85.0,90.3225806451613,751,13.907407407407407,0,0,0,0,8,0,0,0,0,0,5.6497,3.8816,5821,1221534,296,52,20,0.11296260414648324,4,1.134794,0.114625,166,5.556,21.193,35.147,11,0.019,0.019,0,0,0,0,0,0,
K8_R0.90_T1_H1_A0.85M5_S8003_EDGE_MARKET_inprocess,8003,8,0.9,1,1,SWEEP,0.85,5.0,,EDGE_MARKET,inprocess,340b1eb5378780ff9b6ac77d11f72064944960d3f7456af0050b99cdeee53651,36540ac2259242a2401aa2779cca5b422851704040cdffc101112cc008670df9,0.282,0,62,48,0,48,14,77.41935483870968,81.13207547169812,81.81818181818181,81.81818181818181,75.0,87.09677419354838,732,15.25,0,0,0,0,5,0,0,0,0,0,5.6629,3.8816,4654,1220183,205,41,16,0.07811330172198652,3,0.032663,0.180077,110,0.06999999999999999,0.145,0.259,798,0.45399999999999996,3.249,0,22,0,0,0,0,
K8_R0.90_T1_H1_A0.85M15_S8003_CENTRAL_FB_inprocess,8003,8,0.9,1,1,SWEEP,0.85,15.0,,CENTRAL_FB,inprocess,c354cbed3f0d5c609e8b0b18469f964d1a89ed3d12f1f08fafd62217271cc4e7,738789d9bffcb778240fa35e8d80f7463238f0e63b74e77255570f107f380c0b,0.904,0,62,55,0,55,7,88.70967741935483,91.50943396226415,95.45454545454545,90.9090909090909,85.0,90.3225806451613,759,13.8,0,0,0,0,7,0,0,0,0,0,5.6651,3.8845,5045,1161775,236,39,55,0.1040745052386496,0,0.722054,0.096145,116,4.888,19.139,25.381,18,0.043000000000000003,0.11299999999999999,0,0,0,0,0,0,
K8_R0.90_T1_H1_A0.85M15_S8003_CENTRAL_inprocess,8003,8,0.9,1,1,SWEEP,0.85,15.0,,CENTRAL,inprocess,c354cbed3f0d5c609e8b0b18469f964d1a89ed3d12f1f08fafd62217271cc4e7,168e790bb65114590e7f7dcc7f2a236ff063e8d7fecf28ff03a8514e0bf58808,1.033,0,62,54,0,54,8,87.09677419354838,87.73584905660377,90.9090909090909,81.81818181818181,85.0,90.3225806451613,758,14.037037037037036,0,0,0,0,7,0,0,0,0,0,5.6628,3.8845,5067,1171379,237,42,50,0.11820495026601897,0,0.816525,0.118136,119,5.803,19.602999999999998,25.013,0,0.0,0.0,0,0,0,0,0,0,
K8_R0.90_T1_H1_A0.85M15_S8003_HYBRID_EAGER_inprocess,8003,8,0.9,1,1,SWEEP,0.85,15.0,,HYBRID_EAGER,inprocess,c354cbed3f0d5c609e8b0b18469f964d1a89ed3d12f1f08fafd62217271cc4e7,e725ad0fd8d3b60ad7916453c9f846a87ea1503921cd69831f203ac0377a2a65,0.807,0,62,55,0,55,7,88.70967741935483,91.50943396226415,95.45454545454545,90.9090909090909,85.0,90.3225806451613,739,13.436363636363636,0,0,0,0,7,0,0,0,0,0,5.6628,3.8845,5165,1186463,246,36,56,0.17362687244666364,1,0.623563,0.090241,127,3.9379999999999997,16.333000000000002,26.218,31,0.036000000000000004,0.088,0,0,0,0,0,0,
K8_R0.90_T1_H1_A0.85M15_S8003_HYBRID_inprocess,8003,8,0.9,1,1,SWEEP,0.85,15.0,,HYBRID,inprocess,c354cbed3f0d5c609e8b0b18469f964d1a89ed3d12f1f08fafd62217271cc4e7,e887ab747d6588182ced5b00c2b80c580223b9c2e2a627831d1a7554fc3e5d28,0.906,0,62,55,0,55,7,88.70967741935483,91.50943396226415,95.45454545454545,90.9090909090909,85.0,90.3225806451613,759,13.8,0,0,0,0,7,0,0,0,0,0,5.6651,3.8845,5045,1161775,236,39,55,0.1040745052386496,0,0.705062,0.09964800000000001,116,4.699,17.402,36.687,18,0.07200000000000001,0.087,0,0,0,0,0,0,
K8_R0.90_T1_H1_A0.85M15_S8003_EDGE_MARKET_inprocess,8003,8,0.9,1,1,SWEEP,0.85,15.0,,EDGE_MARKET,inprocess,c354cbed3f0d5c609e8b0b18469f964d1a89ed3d12f1f08fafd62217271cc4e7,2ed7d6dccfa2a3ca5ae5db1e639c72eb400d86a296590133d77fb93fcebbfd3b,0.243,0,62,48,0,48,14,77.41935483870968,79.24528301886792,77.27272727272727,81.81818181818181,77.5,87.09677419354838,750,15.625,0,0,0,0,7,0,0,0,0,0,5.661,3.8845,4590,1254841,209,39,43,0.11778532253852181,0,0.025389,0.154797,105,0.05,0.125,0.203,715,0.38499999999999995,2.954,0,25,0,0,0,0,
K8_R0.90_T1_H1_A0.85M30_S8003_CENTRAL_inprocess,8003,8,0.9,1,1,SWEEP,0.85,30.0,,CENTRAL,inprocess,dc7443a303f162006344df0d40ea2fa032fe9b47fa080905874e621a0405972b,e554f3bb9bf34774d82c3775e70a577aeb47f2e28b205c097e2a36b34a00506c,0.901,0,62,55,0,55,7,88.70967741935483,91.50943396226415,95.45454545454545,90.9090909090909,85.0,93.54838709677419,823,14.963636363636363,0,0,0,0,6,0,0,0,0,0,5.66,3.8845,5337,1192325,248,45,91,0.0969430485762144,0,0.704472,0.101879,111,4.202,17.087,24.361,0,0.0,0.0,0,0,0,0,0,0,
K8_R0.90_T1_H1_A0.85M30_S8003_CENTRAL_FB_inprocess,8003,8,0.9,1,1,SWEEP,0.85,30.0,,CENTRAL_FB,inprocess,dc7443a303f162006344df0d40ea2fa032fe9b47fa080905874e621a0405972b,14421c313f8134f71bc815789c1019eb4b3735268ccf8c84fdfdf73c82c28be1,0.921,0,62,55,0,55,7,88.70967741935483,91.50943396226415,95.45454545454545,90.9090909090909,85.0,93.54838709677419,823,14.963636363636363,0,0,0,0,6,0,0,0,0,0,5.66,3.8845,5337,1192211,248,45,91,0.0969430485762144,0,0.720051,0.106907,111,5.231999999999999,15.942000000000002,22.724,18,0.034,0.047,0,0,0,0,0,0,
K8_R0.90_T1_H1_A0.85M30_S8003_HYBRID_inprocess,8003,8,0.9,1,1,SWEEP,0.85,30.0,,HYBRID,inprocess,dc7443a303f162006344df0d40ea2fa032fe9b47fa080905874e621a0405972b,403a0dc8f92b8b685903ab8e5f78164cda105af7893124f14c41db500c946101,0.934,0,62,55,0,55,7,88.70967741935483,91.50943396226415,95.45454545454545,90.9090909090909,85.0,93.54838709677419,823,14.963636363636363,0,0,0,0,6,0,0,0,0,0,5.66,3.8845,5337,1192211,248,45,91,0.0969430485762144,0,0.732408,0.106334,111,4.891,15.979000000000001,25.585,18,0.039,0.051,0,0,0,0,0,0,
K8_R0.90_T1_H1_A0.85M30_S8003_HYBRID_EAGER_inprocess,8003,8,0.9,1,1,SWEEP,0.85,30.0,,HYBRID_EAGER,inprocess,dc7443a303f162006344df0d40ea2fa032fe9b47fa080905874e621a0405972b,5f4f053dc7af147af181b2ef47ab008a03509efc301d88bb616540de656be2ca,0.862,0,62,55,0,55,7,88.70967741935483,91.50943396226415,95.45454545454545,90.9090909090909,85.0,93.54838709677419,823,14.963636363636363,0,0,0,0,6,0,0,0,0,0,5.66,3.8845,5337,1192124,248,45,91,0.0969430485762144,0,0.666841,0.10761599999999999,111,4.8469999999999995,13.497,22.903,23,0.037,0.038,0,0,0,0,0,0,
K8_R0.90_T1_H1_A0.85M30_S8003_EDGE_MARKET_inprocess,8003,8,0.9,1,1,SWEEP,0.85,30.0,,EDGE_MARKET,inprocess,dc7443a303f162006344df0d40ea2fa032fe9b47fa080905874e621a0405972b,22c8ff891d7323f23fc3f2f29961a23be3fcdd8872733c9ac82e25673f904363,0.278,0,62,50,0,50,12,80.64516129032258,85.84905660377359,90.9090909090909,90.9090909090909,75.0,90.3225806451613,790,15.8,0,0,0,0,6,0,0,0,0,0,5.66,3.8845,4580,1202310,212,44,90,0.09675018605805011,1,0.030708,0.177517,102,0.05,0.146,0.304,700,0.45199999999999996,3.69,0,21,0,0,0,0,
K8_R0.90_T1_H1_A0.75M5_S8003_CENTRAL_FB_inprocess,8003,8,0.9,1,1,SWEEP,0.75,5.0,,CENTRAL_FB,inprocess,727e27f9d49177f8298525cf901390ada1159f290cd150bbc98cb53fe8733a88,7e3e71b239b4dd185c4ba4478f54c221fe2b9430d90d567ef8d9d9b04869bbd7,1.12,0,62,52,0,52,10,83.87096774193549,85.84905660377359,86.36363636363636,81.81818181818181,82.5,83.87096774193549,710,13.653846153846153,0,0,0,0,6,0,0,0,0,0,5.6747,3.8816,6054,1266797,255,48,22,0.2539745627980922,7,0.95218,0.096894,201,3.741,12.267999999999999,23.377,25,0.014,0.089,0,1,0,0,0,0,
K8_R0.90_T1_H1_A0.75M5_S8003_CENTRAL_inprocess,8003,8,0.9,1,1,SWEEP,0.75,5.0,,CENTRAL,inprocess,727e27f9d49177f8298525cf901390ada1159f290cd150bbc98cb53fe8733a88,83c72c500130e7fabfdc21dbe52729eb2a98a0167bfe15102f5caae8667573a8,1.34,0,62,52,0,52,10,83.87096774193549,85.84905660377359,86.36363636363636,81.81818181818181,82.5,83.87096774193549,710,13.653846153846153,0,0,0,0,6,0,0,0,0,0,5.6747,3.8816,6054,1266797,255,48,22,0.2539745627980922,7,1.123555,0.107309,201,4.594,16.150000000000002,27.942,0,0.0,0.0,0,1,0,0,0,0,
K8_R0.90_T1_H1_A0.75M5_S8003_HYBRID_inprocess,8003,8,0.9,1,1,SWEEP,0.75,5.0,,HYBRID,inprocess,727e27f9d49177f8298525cf901390ada1159f290cd150bbc98cb53fe8733a88,dede6f7b0bcae402a81cb3862ad6b4aeabbdc2428b47c80a2bfe6a50b51ce7c9,1.085,0,62,52,0,52,10,83.87096774193549,85.84905660377359,86.36363636363636,81.81818181818181,82.5,83.87096774193549,710,13.653846153846153,0,0,0,0,6,0,0,0,0,0,5.6747,3.8816,6054,1266797,255,48,22,0.2539745627980922,7,0.919912,0.09356599999999998,201,3.6350000000000002,12.482,19.414,25,0.015000000000000001,0.087,0,1,0,0,0,0,
K8_R0.90_T1_H1_A0.75M5_S8003_EDGE_MARKET_inprocess,8003,8,0.9,1,1,SWEEP,0.75,5.0,,EDGE_MARKET,inprocess,727e27f9d49177f8298525cf901390ada1159f290cd150bbc98cb53fe8733a88,dfc5955b427f955c597ac6e4ef1238ad49fff0c8fa4e83cfb4b7ddf166c382fa,0.236,0,62,47,0,47,15,75.80645161290323,81.13207547169812,81.81818181818181,100.0,72.5,80.64516129032258,766,16.29787234042553,0,0,0,0,5,0,0,0,0,0,5.6141,3.8816,4784,1226116,217,40,17,0.16390816871329417,3,0.024666,0.154021,105,0.051,0.188,0.29300000000000004,896,0.368,2.543,0,31,0,0,0,0,
K8_R0.90_T1_H1_A0.75M5_S8003_HYBRID_EAGER_inprocess,8003,8,0.9,1,1,SWEEP,0.75,5.0,,HYBRID_EAGER,inprocess,727e27f9d49177f8298525cf901390ada1159f290cd150bbc98cb53fe8733a88,ed024f6eb49063d2a1b2b4e3c354652094e9ba0abf054d5046bcb266c77806c7,1.394,0,62,53,0,53,9,85.48387096774194,88.67924528301887,90.9090909090909,90.9090909090909,82.5,90.3225806451613,768,14.49056603773585,0,0,0,0,6,0,0,0,0,0,5.6537,3.8816,6124,1275761,277,38,22,0.2398190045248869,8,1.148463,0.11570600000000002,210,4.5009999999999994,14.447,26.0,78,0.067,2.977,0,0,0,0,0,0,
K8_R0.90_T1_H1_A0.75M15_S8003_CENTRAL_inprocess,8003,8,0.9,1,1,SWEEP,0.75,15.0,,CENTRAL,inprocess,22141f54a89c9e72ad3787504d593725ebb22634f2d7b2f8925f593838b06edb,de22c9b72ba5b13ea2d2ad315e8d11e16fec672ea189f89e18e972e5dba69ca4,0.749,0,62,54,0,54,8,87.09677419354838,89.62264150943396,90.9090909090909,90.9090909090909,85.0,87.09677419354838,763,14.12962962962963,0,0,0,0,7,0,0,0,0,0,5.6612,3.8845,5288,1181880,233,43,35,0.22826603325415676,2,0.603498,0.083928,138,3.247,11.174,17.617,0,0.0,0.0,0,0,0,0,0,0,
K8_R0.90_T1_H1_A0.75M15_S8003_CENTRAL_FB_inprocess,8003,8,0.9,1,1,SWEEP,0.75,15.0,,CENTRAL_FB,inprocess,22141f54a89c9e72ad3787504d593725ebb22634f2d7b2f8925f593838b06edb,b16a661584e52fef16d5e66b1e4ddaf84ce42ba5877528410c460ffb0620e060,0.964,0,62,53,0,53,9,85.48387096774194,87.73584905660377,90.9090909090909,90.9090909090909,82.5,90.3225806451613,744,14.037735849056604,0,0,0,0,7,0,0,0,0,0,5.6697,3.8845,5253,1175582,227,45,35,0.22386988758670173,2,0.770336,0.10642800000000001,130,4.912,14.442,21.733,31,0.041999999999999996,0.058,0,0,0,0,0,0,
K8_R0.90_T1_H1_A0.75M15_S8003_HYBRID_inprocess,8003,8,0.9,1,1,SWEEP,0.75,15.0,,HYBRID,inprocess,22141f54a89c9e72ad3787504d593725ebb22634f2d7b2f8925f593838b06edb,07a4ca395ed24292968978b40ffdb858e4108df830741f02d7d2d906e8f36655,0.865,0,62,53,0,53,9,85.48387096774194,87.73584905660377,90.9090909090909,90.9090909090909,82.5,90.3225806451613,744,14.037735849056604,0,0,0,0,7,0,0,0,0,0,5.6697,3.8845,5253,1175582,227,45,35,0.22386988758670173,2,0.680591,0.099213,130,3.858,12.808,15.970999999999998,31,0.034999999999999996,0.05,0,0,0,0,0,0,
K8_R0.90_T1_H1_A0.75M15_S8003_EDGE_MARKET_inprocess,8003,8,0.9,1,1,SWEEP,0.75,15.0,,EDGE_MARKET,inprocess,22141f54a89c9e72ad3787504d593725ebb22634f2d7b2f8925f593838b06edb,994f063f1261575b2e7be48b93528033a3bdb7e6fdd6b18ad4c59eda8653c8b4,0.272,0,62,48,0,48,14,77.41935483870968,81.13207547169812,86.36363636363636,81.81818181818181,72.5,83.87096774193549,734,15.291666666666666,0,0,0,0,3,2,2,0,17,30,10.8499,3.8816,4389,1167885,185,25,57,0.1662613981762918,1,0.02672,0.18012499999999998,99,0.043000000000000003,0.111,0.177,529,0.508,4.57,0,19,0,0,0,0,
K8_R0.90_T1_H1_A0.75M15_S8003_HYBRID_EAGER_inprocess,8003,8,0.9,1,1,SWEEP,0.75,15.0,,HYBRID_EAGER,inprocess,22141f54a89c9e72ad3787504d593725ebb22634f2d7b2f8925f593838b06edb,e2c2129f8aa5631039f62e4ea3ecd9efa1c6de6b2734091225194ce338f10e47,0.911,0,62,53,0,53,9,85.48387096774194,87.73584905660377,90.9090909090909,90.9090909090909,82.5,90.3225806451613,744,14.037735849056604,0,0,0,0,7,0,0,0,0,0,5.6697,3.8845,5253,1175407,227,45,35,0.22386988758670173,2,0.72376,0.09829,130,3.932,15.324000000000002,23.885,46,0.044,0.059,0,0,0,0,0,0,
K8_R0.90_T1_H1_A0.75M30_S8003_CENTRAL_inprocess,8003,8,0.9,1,1,SWEEP,0.75,30.0,,CENTRAL,inprocess,29516638a497d6044811cf646f5eae802c374a768b76ccd4e8afcdef7ffade74,97d49c8b6f434a436dc7e2b0f4e53f0b74fc7fa5eb28feea00faea6a539e62f0,0.91,0,62,53,0,53,9,85.48387096774194,84.90566037735849,77.27272727272727,81.81818181818181,90.0,83.87096774193549,785,14.81132075471698,0,0,0,0,7,0,0,0,0,0,5.6591,3.8845,5454,1219408,272,45,98,0.40666362391602007,3,0.728474,0.09911600000000001,129,5.849,12.543000000000001,17.337000000000003,0,0.0,0.0,0,1,0,0,0,0,
K8_R0.90_T1_H1_A0.75M30_S8003_CENTRAL_FB_inprocess,8003,8,0.9,1,1,SWEEP,0.75,30.0,,CENTRAL_FB,inprocess,29516638a497d6044811cf646f5eae802c374a768b76ccd4e8afcdef7ffade74,1ea64f633c14a7352555eec14b91e53cfe68b592068922f70790097fa58e48f6,0.881,0,62,53,0,53,9,85.48387096774194,84.90566037735849,77.27272727272727,81.81818181818181,90.0,83.87096774193549,785,14.81132075471698,0,0,0,0,6,0,0,0,0,0,5.6591,3.8845,5454,1219407,272,45,98,0.40666362391602007,3,0.684668,0.100439,129,5.793,10.447,14.512,39,0.034999999999999996,0.041999999999999996,0,1,0,0,0,0,
K8_R0.90_T1_H1_A0.75M30_S8003_HYBRID_inprocess,8003,8,0.9,1,1,SWEEP,0.75,30.0,,HYBRID,inprocess,29516638a497d6044811cf646f5eae802c374a768b76ccd4e8afcdef7ffade74,7e61de077fe40b086b8c3088c0f403d802151f47f3b4863a71f5081893902d18,0.877,0,62,53,0,53,9,85.48387096774194,84.90566037735849,77.27272727272727,81.81818181818181,90.0,83.87096774193549,785,14.81132075471698,0,0,0,0,6,0,0,0,0,0,5.6591,3.8845,5454,1219407,272,45,98,0.40666362391602007,3,0.689274,0.100148,129,5.741,10.48,13.162999999999998,39,0.033,0.037,0,1,0,0,0,0,
K8_R0.90_T1_H1_A0.75M30_S8003_HYBRID_EAGER_inprocess,8003,8,0.9,1,1,SWEEP,0.75,30.0,,HYBRID_EAGER,inprocess,29516638a497d6044811cf646f5eae802c374a768b76ccd4e8afcdef7ffade74,9db1186c7166d140b8f28897e51bf333fb89fc7cf916c1b5038fd5130ac60d4e,0.901,0,62,53,0,53,9,85.48387096774194,84.90566037735849,77.27272727272727,81.81818181818181,90.0,83.87096774193549,785,14.81132075471698,0,0,0,0,6,0,0,0,0,0,5.6591,3.8845,5454,1219323,272,45,98,0.40666362391602007,3,0.704642,0.107413,129,5.611,10.772,15.499,51,0.034999999999999996,0.1,0,1,0,0,0,0,
K8_R0.90_T1_H1_A0.75M30_S8003_EDGE_MARKET_inprocess,8003,8,0.9,1,1,SWEEP,0.75,30.0,,EDGE_MARKET,inprocess,29516638a497d6044811cf646f5eae802c374a768b76ccd4e8afcdef7ffade74,ab2716a37d2c690af8f580388c7bc4747316a8fb7c5318738e50d6a1c5da41ff,0.241,0,62,49,0,49,13,79.03225806451613,83.01886792452831,86.36363636363636,81.81818181818181,75.0,90.3225806451613,786,16.040816326530614,0,0,0,0,6,0,0,0,0,0,5.6586,3.8845,4648,1188458,197,36,98,0.3881138392857143,2,0.023813,0.159472,126,0.043000000000000003,0.14300000000000002,0.204,787,0.388,2.305,0,28,0,0,0,0,
K8_R0.90_T1_H1_A0.65M5_S8003_CENTRAL_inprocess,8003,8,0.9,1,1,SWEEP,0.65,5.0,,CENTRAL,inprocess,e5bc523b7a7f32be9d593559364a75c2fccbbb6118186a8ba06f47e33f9b304e,1e94fdce272eb938057774493440a38024347abcd83d8edf94fb367d54ac07f3,1.27,0,62,57,0,57,5,91.93548387096774,94.33962264150944,95.45454545454545,100.0,90.0,93.54838709677419,801,14.052631578947368,0,0,0,0,6,0,0,0,0,0,5.6583,3.8845,6041,1293530,259,42,17,0.36326705152875777,5,1.041502,0.104748,227,3.2520000000000002,12.81,21.545,0,0.0,0.0,0,0,0,0,0,0,
K8_R0.90_T1_H1_A0.65M5_S8003_CENTRAL_FB_inprocess,8003,8,0.9,1,1,SWEEP,0.65,5.0,,CENTRAL_FB,inprocess,e5bc523b7a7f32be9d593559364a75c2fccbbb6118186a8ba06f47e33f9b304e,aaf1177e3bd95d7efd95397289dc9666c1de67ca36a00a3249c1d339a609fccf,1.299,0,62,56,0,56,6,90.3225806451613,92.45283018867924,90.9090909090909,100.0,90.0,90.3225806451613,828,14.785714285714286,0,0,0,0,7,0,0,0,0,0,5.6583,3.8845,6051,1277037,270,39,17,0.3556458511548332,6,1.083736,0.111903,229,3.327,14.342,26.827,36,0.025,0.041,0,0,0,0,0,0,
K8_R0.90_T1_H1_A0.65M5_S8003_HYBRID_inprocess,8003,8,0.9,1,1,SWEEP,0.65,5.0,,HYBRID,inprocess,e5bc523b7a7f32be9d593559364a75c2fccbbb6118186a8ba06f47e33f9b304e,d246c32b931a916a13bc319c59cc8b0802d0f29911bceaf3a57d3e0b90dd2a24,1.183,0,62,56,0,56,6,90.3225806451613,92.45283018867924,90.9090909090909,100.0,90.0,90.3225806451613,828,14.785714285714286,0,0,0,0,7,0,0,0,0,0,5.6583,3.8845,6051,1277037,270,39,17,0.3556458511548332,6,0.963826,0.107233,229,3.48,11.998999999999999,24.881,36,0.023,0.039,0,0,0,0,0,0,
K8_R0.90_T1_H1_A0.65M5_S8003_HYBRID_EAGER_inprocess,8003,8,0.9,1,1,SWEEP,0.65,5.0,,HYBRID_EAGER,inprocess,e5bc523b7a7f32be9d593559364a75c2fccbbb6118186a8ba06f47e33f9b304e,289adbf127f2d1645c01467c1e786f8bfe9a67f0f33f488edef6badde7b5d9e5,1.157,0,62,55,0,55,7,88.70967741935483,89.62264150943396,90.9090909090909,90.9090909090909,87.5,90.3225806451613,746,13.563636363636364,0,0,0,0,6,0,0,0,0,0,5.6357,3.8845,6739,1323104,293,51,17,0.41070433005017654,5,0.973798,0.108212,251,2.832,11.642,17.448999999999998,105,0.041,0.392,0,0,0,0,0,0,
K8_R0.90_T1_H1_A0.65M5_S8003_EDGE_MARKET_inprocess,8003,8,0.9,1,1,SWEEP,0.65,5.0,,EDGE_MARKET,inprocess,e5bc523b7a7f32be9d593559364a75c2fccbbb6118186a8ba06f47e33f9b304e,b1fdf161461d775480a463bc54c7f54deafabc2fac99dce256bca126d4539922,0.263,0,62,47,0,47,15,75.80645161290323,81.13207547169812,81.81818181818181,90.9090909090909,72.5,80.64516129032258,729,15.51063829787234,0,0,0,0,5,0,0,0,0,0,5.6163,3.8816,4558,1184010,176,29,16,0.22124725791287997,4,0.026591,0.17224399999999998,124,0.051,0.12300000000000001,0.324,713,0.44499999999999995,2.749,0,18,0,0,0,0,
K8_R0.90_T1_H1_A0.65M15_S8003_CENTRAL_inprocess,8003,8,0.9,1,1,SWEEP,0.65,15.0,,CENTRAL,inprocess,3b28a72309a665d933cbdb2048cfa410ed95170dacb47311c65a5c2caaabb921,fdbb0fde23407e50c4bd8d2c4d142cbea06709f36ea3ac3c92ddbae8fb711170,0.627,0,62,57,0,57,5,91.93548387096774,91.50943396226415,86.36363636363636,90.9090909090909,95.0,90.3225806451613,765,13.421052631578947,0,0,0,0,8,0,0,0,0,0,5.6633,3.8845,4990,1151524,211,31,58,0.36193029490616624,6,0.474701,0.08467200000000001,146,2.002,10.6,13.911,0,0.0,0.0,0,0,0,0,0,0,
K8_R0.90_T1_H1_A0.65M15_S8003_CENTRAL_FB_inprocess,8003,8,0.9,1,1,SWEEP,0.65,15.0,,CENTRAL_FB,inprocess,3b28a72309a665d933cbdb2048cfa410ed95170dacb47311c65a5c2caaabb921,2c1b69018fcf6db47757187105c55b48aede3d88de855cd044b9419cc496fbbe,0.793,0,62,53,0,53,9,85.48387096774194,87.73584905660377,90.9090909090909,81.81818181818181,82.5,90.3225806451613,722,13.622641509433961,0,0,0,0,6,0,0,0,0,0,5.6594,3.8845,5046,1178511,191,24,58,0.4083115373437954,6,0.61562,0.093801,148,2.8440000000000003,13.483,18.893,57,0.039,0.10900000000000001,0,1,0,0,0,0,
K8_R0.90_T1_H1_A0.65M15_S8003_HYBRID_inprocess,8003,8,0.9,1,1,SWEEP,0.65,15.0,,HYBRID,inprocess,3b28a72309a665d933cbdb2048cfa410ed95170dacb47311c65a5c2caaabb921,f793c4c2b53b39835577c8c5d70cd0cf8dc583182e84bb4b0767cb8f47a7b6f6,0.777,0,62,53,0,53,9,85.48387096774194,87.73584905660377,90.9090909090909,81.81818181818181,82.5,90.3225806451613,722,13.622641509433961,0,0,0,0,6,0,0,0,0,0,5.6594,3.8845,5046,1178511,191,24,58,0.4083115373437954,6,0.598557,0.103178,148,3.078,12.487,15.663,57,0.037,0.096,0,1,0,0,0,0,
K8_R0.90_T1_H1_A0.65M15_S8003_HYBRID_EAGER_inprocess,8003,8,0.9,1,1,SWEEP,0.65,15.0,,HYBRID_EAGER,inprocess,3b28a72309a665d933cbdb2048cfa410ed95170dacb47311c65a5c2caaabb921,60b4c5f9d68c153425aab2c989914e8aae8ecc36690007aa7913e8638f26a1d5,0.758,0,62,53,0,53,9,85.48387096774194,86.79245283018868,86.36363636363636,81.81818181818181,85.0,90.3225806451613,718,13.547169811320755,0,0,0,0,6,0,0,0,0,0,5.6717,3.8845,5003,1175011,205,28,58,0.42415316642120765,6,0.552556,0.10818599999999998,144,3.326,11.608,19.021,82,0.038,0.40900000000000003,0,1,0,0,0,0,
K8_R0.90_T1_H1_A0.65M15_S8003_EDGE_MARKET_inprocess,8003,8,0.9,1,1,SWEEP,0.65,15.0,,EDGE_MARKET,inprocess,3b28a72309a665d933cbdb2048cfa410ed95170dacb47311c65a5c2caaabb921,0d284ca1832400f7dafabe2f8193c3e7df684d7ed2338c44a18768cf823e5295,0.285,0,62,48,0,48,14,77.41935483870968,82.0754716981132,81.81818181818181,90.9090909090909,75.0,87.09677419354838,766,15.958333333333334,0,0,0,0,7,0,0,0,0,0,5.6749,3.8816,4383,1150111,152,23,57,0.27311982727599854,4,0.027152,0.18357500000000004,99,0.053,0.159,0.213,551,0.49799999999999994,2.958,0,20,0,0,0,0,
K8_R0.90_T1_H1_A0.65M30_S8003_CENTRAL_inprocess,8003,8,0.9,1,1,SWEEP,0.65,30.0,,CENTRAL,inprocess,c59f1b4f5e4a838c23c6fa600d5c86039412c7dfabc6cd792df126c438521afa,f78870952db6c6e3e8f1b2fcde5e4a7d2b8a0fea1bd084403f8a9fba89abd8e7,0.756,0,62,51,0,51,11,82.25806451612904,88.67924528301887,95.45454545454545,100.0,75.0,93.54838709677419,759,14.882352941176471,0,0,0,0,6,0,0,0,0,0,5.6586,3.8816,5078,1178173,172,28,98,0.6301994301994301,3,0.580074,0.091509,132,4.596,7.6499999999999995,11.229,0,0.0,0.0,0,1,0,0,0,0,
K8_R0.90_T1_H1_A0.65M30_S8003_CENTRAL_FB_inprocess,8003,8,0.9,1,1,SWEEP,0.65,30.0,,CENTRAL_FB,inprocess,c59f1b4f5e4a838c23c6fa600d5c86039412c7dfabc6cd792df126c438521afa,996ce06c8fc6bec4e5d7a61890c15e0dc3f00a16f22fddc54a01b2123796129b,0.87,0,62,51,0,51,11,82.25806451612904,88.67924528301887,95.45454545454545,100.0,75.0,93.54838709677419,759,14.882352941176471,0,0,0,0,6,0,0,0,0,0,5.6586,3.8816,5078,1178027,172,28,98,0.6301994301994301,3,0.676279,0.10861200000000001,132,5.353,8.988,13.042,57,0.044,0.091,0,1,0,0,0,0,
K8_R0.90_T1_H1_A0.65M30_S8003_HYBRID_inprocess,8003,8,0.9,1,1,SWEEP,0.65,30.0,,HYBRID,inprocess,c59f1b4f5e4a838c23c6fa600d5c86039412c7dfabc6cd792df126c438521afa,bc2d1dff55957dc87dd6ab29bc043834ce38915f3f907f4f09a2b906ed3c8f50,0.71,0,62,51,0,51,11,82.25806451612904,88.67924528301887,95.45454545454545,100.0,75.0,93.54838709677419,759,14.882352941176471,0,0,0,0,6,0,0,0,0,0,5.6586,3.8816,5078,1178027,172,28,98,0.6301994301994301,3,0.552203,0.091075,132,4.335999999999999,8.318000000000001,10.512,57,0.034999999999999996,0.083,0,1,0,0,0,0,
K8_R0.90_T1_H1_A0.65M30_S8003_EDGE_MARKET_inprocess,8003,8,0.9,1,1,SWEEP,0.65,30.0,,EDGE_MARKET,inprocess,c59f1b4f5e4a838c23c6fa600d5c86039412c7dfabc6cd792df126c438521afa,a6a827ceb7842b91a404da95c97ecc6b026fc20ea671324e32e85b3655be44c1,0.251,0,62,50,0,50,12,80.64516129032258,80.18867924528301,72.72727272727273,72.72727272727273,85.0,83.87096774193549,803,16.06,0,0,0,0,5,1,1,0,11,4,8.3597,3.8845,4424,1168299,152,23,98,0.6210045662100456,4,0.02363,0.16261,126,0.039,0.111,0.451,583,0.426,2.659,0,29,0,0,0,0,
K8_R0.90_T1_H1_A0.65M30_S8003_HYBRID_EAGER_inprocess,8003,8,0.9,1,1,SWEEP,0.65,30.0,,HYBRID_EAGER,inprocess,c59f1b4f5e4a838c23c6fa600d5c86039412c7dfabc6cd792df126c438521afa,e90ec886b7377fbb817fbbd8964822e103bd9e55ecf0eac642ba7fb7ef2b2b04,0.9,0,62,51,0,51,11,82.25806451612904,88.67924528301887,95.45454545454545,100.0,75.0,93.54838709677419,759,14.882352941176471,0,0,0,0,6,0,0,0,0,0,5.6586,3.8816,5078,1177910,172,28,98,0.6301994301994301,3,0.696129,0.118853,132,5.403,9.091999999999999,12.962,69,0.11900000000000001,0.49,0,1,0,0,0,0,
K8_R0.90_T1_H1_A0.55M5_S8003_CENTRAL_inprocess,8003,8,0.9,1,1,SWEEP,0.55,5.0,,CENTRAL,inprocess,71d16dfd77b230cc104fb573f9f8b574a6953b5409b17adfa8acc1575737194f,344b7280865fd3c4fb4feeb8664a86ae9a06e9e578e4a9e68abbf6b6229d2f7b,1.358,0,62,52,0,52,10,83.87096774193549,86.79245283018868,90.9090909090909,81.81818181818181,80.0,96.7741935483871,782,15.038461538461538,0,0,0,0,8,0,0,0,0,0,5.6756,3.8845,6333,1288161,235,44,25,0.5581445061992304,6,1.138233,0.11953300000000001,257,3.73,12.757,23.602999999999998,0,0.0,0.0,0,0,0,0,0,0,
K8_R0.90_T1_H1_A0.55M5_S8003_CENTRAL_FB_inprocess,8003,8,0.9,1,1,SWEEP,0.55,5.0,,CENTRAL_FB,inprocess,71d16dfd77b230cc104fb573f9f8b574a6953b5409b17adfa8acc1575737194f,6af35b03d399890b74b54118a96f91bfb446cd6158763684f407be194e863000,1.33,0,62,52,0,52,10,83.87096774193549,86.79245283018868,90.9090909090909,81.81818181818181,80.0,96.7741935483871,782,15.038461538461538,0,0,0,0,8,0,0,0,0,0,5.6756,3.8845,6333,1288161,235,44,25,0.5581445061992304,6,1.073848,0.12218599999999999,257,3.733,11.071,22.245,38,0.033,0.096,0,0,0,0,0,0,
K8_R0.90_T1_H1_A0.55M5_S8003_HYBRID_inprocess,8003,8,0.9,1,1,SWEEP,0.55,5.0,,HYBRID,inprocess,71d16dfd77b230cc104fb573f9f8b574a6953b5409b17adfa8acc1575737194f,42468a6b376398257cb0a79a908b76bf04f9b0973b8e56429be00a8c82f91271,1.253,0,62,52,0,52,10,83.87096774193549,86.79245283018868,90.9090909090909,81.81818181818181,80.0,96.7741935483871,782,15.038461538461538,0,0,0,0,8,0,0,0,0,0,5.6756,3.8845,6333,1288161,235,44,25,0.5581445061992304,6,1.052404,0.10673200000000001,257,3.1319999999999997,12.628,18.1,38,0.043000000000000003,0.127,0,0,0,0,0,0,
K8_R0.90_T1_H1_A0.55M5_S8003_EDGE_MARKET_inprocess,8003,8,0.9,1,1,SWEEP,0.55,5.0,,EDGE_MARKET,inprocess,71d16dfd77b230cc104fb573f9f8b574a6953b5409b17adfa8acc1575737194f,37f6d864789cb55dfd1bbd2b5a6ab66cffe75ff2a9a006f88082be8e0eedb75e,0.202,0,62,50,0,50,12,80.64516129032258,83.01886792452831,86.36363636363636,81.81818181818181,77.5,93.54838709677419,761,15.22,0,0,0,0,5,0,0,0,0,0,5.6689,3.8845,4276,1141106,143,22,21,0.25384615384615383,3,0.018824,0.131881,79,0.044,0.08399999999999999,0.126,448,0.41100000000000003,2.63,0,13,0,0,0,0,
K8_R0.90_T1_H1_A0.55M5_S8003_HYBRID_EAGER_inprocess,8003,8,0.9,1,1,SWEEP,0.55,5.0,,HYBRID_EAGER,inprocess,71d16dfd77b230cc104fb573f9f8b574a6953b5409b17adfa8acc1575737194f,ad378f6fff5c7d5d6e62c8877088363b4a5a571f0e3ae4e669261d4549b1138b,1.382,0,62,50,0,50,12,80.64516129032258,83.01886792452831,86.36363636363636,81.81818181818181,77.5,90.3225806451613,800,16.0,0,0,0,0,6,0,0,0,0,0,5.6304,3.8845,6432,1312118,270,52,25,0.5652265100671141,7,1.159394,0.126668,263,3.658,12.292000000000002,19.706999999999997,121,0.094,2.908,0,1,0,0,0,0,
K8_R0.90_T1_H1_A0.55M15_S8003_CENTRAL_inprocess,8003,8,0.9,1,1,SWEEP,0.55,15.0,,CENTRAL,inprocess,34bbec321d55ba9579d3a3d9f2141fed58cb5b75ecdf704661980b6117ec6e84,a5c2ecdf1fbb949ef1f4055da670e392a43eaeb37dcebe03f75a44364fa44d81,0.676,0,62,56,0,56,6,90.3225806451613,90.56603773584905,90.9090909090909,81.81818181818181,90.0,93.54838709677419,735,13.125,0,0,0,0,7,0,0,0,0,0,5.6556,3.8845,5111,1181398,174,34,58,0.622476649593251,10,0.517217,0.08456799999999999,162,2.3739999999999997,8.89,18.141000000000002,0,0.0,0.0,0,0,0,0,0,0,
K8_R0.90_T1_H1_A0.55M15_S8003_CENTRAL_FB_inprocess,8003,8,0.9,1,1,SWEEP,0.55,15.0,,CENTRAL_FB,inprocess,34bbec321d55ba9579d3a3d9f2141fed58cb5b75ecdf704661980b6117ec6e84,97d0afb3dac4ecaf2310b7924fdc83256bfad1ec1fed8f9eaff041119a386fe0,0.707,0,62,56,0,56,6,90.3225806451613,90.56603773584905,90.9090909090909,81.81818181818181,90.0,93.54838709677419,735,13.125,0,0,0,0,6,0,0,0,0,0,5.6556,3.8845,5111,1181296,183,31,58,0.6496680748340374,10,0.550148,0.089054,162,2.3609999999999998,10.052,17.149,59,0.037,0.358,0,1,0,0,0,0,
K8_R0.90_T1_H1_A0.55M15_S8003_HYBRID_EAGER_inprocess,8003,8,0.9,1,1,SWEEP,0.55,15.0,,HYBRID_EAGER,inprocess,34bbec321d55ba9579d3a3d9f2141fed58cb5b75ecdf704661980b6117ec6e84,a16354eade87d5e2ee0c10a1b91eaa2c263f9695b5457b7819149bc1c992b4c7,0.743,0,62,54,0,54,8,87.09677419354838,84.90566037735849,81.81818181818181,63.63636363636363,90.0,87.09677419354838,787,14.574074074074074,0,0,0,0,7,0,0,0,0,0,7.9131,3.8845,5219,1193912,192,28,54,0.6408904510837727,10,0.554194,0.110366,173,2.54,8.592,16.633,85,0.074,0.55,0,1,0,0,0,0,
K8_R0.90_T1_H1_A0.55M15_S8003_HYBRID_inprocess,8003,8,0.9,1,1,SWEEP,0.55,15.0,,HYBRID,inprocess,34bbec321d55ba9579d3a3d9f2141fed58cb5b75ecdf704661980b6117ec6e84,7e572fa1534877c05372063f75bc0eeead506b59c80e9e3292da57d4677bfbb3,0.836,0,62,56,0,56,6,90.3225806451613,90.56603773584905,90.9090909090909,81.81818181818181,90.0,93.54838709677419,735,13.125,0,0,0,0,6,0,0,0,0,0,5.6556,3.8845,5111,1181296,183,31,58,0.6496680748340374,10,0.637632,0.108483,162,3.1449999999999996,10.427999999999999,23.154,59,0.063,0.429,0,1,0,0,0,0,
K8_R0.90_T1_H1_A0.55M15_S8003_EDGE_MARKET_inprocess,8003,8,0.9,1,1,SWEEP,0.55,15.0,,EDGE_MARKET,inprocess,34bbec321d55ba9579d3a3d9f2141fed58cb5b75ecdf704661980b6117ec6e84,483da8badf68bddd5b8265bb77d8c39ef7d49ec928a3943beddc4df59af290b7,0.316,0,62,49,0,49,13,79.03225806451613,80.18867924528301,81.81818181818181,81.81818181818181,77.5,80.64516129032258,775,15.816326530612244,0,0,0,0,5,0,0,0,0,0,5.6749,3.8845,4270,1163122,143,26,54,0.4086636697997548,6,0.023667,0.156035,108,0.04,0.11,0.128,475,0.484,3.234,0,12,0,0,0,0,
K8_R0.90_T1_H1_A0.55M30_S8003_CENTRAL_inprocess,8003,8,0.9,1,1,SWEEP,0.55,30.0,,CENTRAL,inprocess,aef1894301d7bf034ff79c7191edd6c957d9858a896d99cf209ef0f70913e26b,d9ba69e9a1137c29479dec351cba6b250a0ae4c278cadf0eb24564444a2d91b6,0.798,0,62,47,0,47,15,75.80645161290323,77.35849056603773,68.18181818181819,81.81818181818181,80.0,80.64516129032258,759,16.148936170212767,0,0,0,0,4,0,0,0,0,0,5.6348,3.8845,4911,1171293,169,32,98,0.8920747422680413,3,0.498755,0.096772,125,3.655,10.149999999999999,70.423,0,0.0,0.0,0,0,0,0,0,0,
K8_R0.90_T1_H1_A0.55M30_S8003_CENTRAL_FB_inprocess,8003,8,0.9,1,1,SWEEP,0.55,30.0,,CENTRAL_FB,inprocess,aef1894301d7bf034ff79c7191edd6c957d9858a896d99cf209ef0f70913e26b,b5e813892f65d7cc18cb6c32507a77ed8b3701d157f70cfdd15b195a1d84e71d,0.76,0,62,50,0,50,12,80.64516129032258,84.90566037735849,90.9090909090909,90.9090909090909,75.0,83.87096774193549,868,17.36,0,0,0,0,7,0,0,0,0,0,5.6629,3.8845,5300,1250024,175,36,98,0.8637921187892633,3,0.593758,0.09983700000000001,137,4.059,8.862,11.867,68,0.059,0.455,0,0,0,0,0,0,
K8_R0.90_T1_H1_A0.55M30_S8003_HYBRID_inprocess,8003,8,0.9,1,1,SWEEP,0.55,30.0,,HYBRID,inprocess,aef1894301d7bf034ff79c7191edd6c957d9858a896d99cf209ef0f70913e26b,7f91d2cecac17bb2505fb50a6227826d9f52d3980fdeb429ad7d4aa04bbc91da,0.922,0,62,50,0,50,12,80.64516129032258,84.90566037735849,90.9090909090909,90.9090909090909,75.0,83.87096774193549,868,17.36,0,0,0,0,7,0,0,0,0,0,5.6629,3.8845,5300,1250024,175,36,98,0.8637921187892633,3,0.652305,0.101504,137,5.17,11.412,15.903,68,0.051,0.417,0,0,0,0,0,0,
K8_R0.90_T1_H1_A0.55M30_S8003_HYBRID_EAGER_inprocess,8003,8,0.9,1,1,SWEEP,0.55,30.0,,HYBRID_EAGER,inprocess,aef1894301d7bf034ff79c7191edd6c957d9858a896d99cf209ef0f70913e26b,dfe816ed33aa6b42afe5fe9f4c03bf0882184dc658584899ab4ae40d6fa51899,0.797,0,62,50,0,50,12,80.64516129032258,80.18867924528301,77.27272727272727,72.72727272727273,82.5,80.64516129032258,863,17.26,0,0,0,0,7,0,0,0,0,0,5.6582,3.8845,5219,1195820,177,34,98,0.9060854300760679,5,0.601434,0.10028600000000001,136,3.897,10.57,18.362,83,0.078,2.937,0,0,0,0,0,0,
K8_R0.90_T1_H1_A0.55M30_S8003_EDGE_MARKET_inprocess,8003,8,0.9,1,1,SWEEP,0.55,30.0,,EDGE_MARKET,inprocess,aef1894301d7bf034ff79c7191edd6c957d9858a896d99cf209ef0f70913e26b,858e396c1646f4638f3f86a79497f361d1a1981348f05de75a75ffe7859c5f1c,0.213,0,62,47,0,47,15,75.80645161290323,81.13207547169812,86.36363636363636,90.9090909090909,70.0,87.09677419354838,757,16.106382978723403,0,0,0,0,6,0,0,0,0,0,5.6459,3.8845,4310,1138344,131,27,98,0.7963111467522053,3,0.019323,0.13884700000000003,112,0.030000000000000002,0.087,0.115,480,0.441,2.536,0,20,0,0,0,0,
K8_R0.90_T1_H1_A0.95M5_S8004_CENTRAL_inprocess,8004,8,0.9,1,1,SWEEP,0.95,5.0,,CENTRAL,inprocess,ecb30c0d26fc9654e159810bf1d7c58dec234fab9d244c93bf8f3214160c411d,992ae0bfa1536b1bfd6afa027eee578215158ed2e2a2ca2729e5ac751ba54a3d,1.044,0,62,58,2,60,2,96.7741935483871,96.80851063829788,93.33333333333333,100.0,97.87234042553192,92.85714285714286,739,12.316666666666666,0,0,0,0,8,0,0,0,0,0,5.6427,3.8583,5141,1189141,235,31,18,0.06489675516224189,0,0.812583,0.107267,109,5.675999999999999,24.330000000000002,33.025,0,0.0,0.0,0,0,0,0,0,0,
K8_R0.90_T1_H1_A0.95M5_S8004_CENTRAL_FB_inprocess,8004,8,0.9,1,1,SWEEP,0.95,5.0,,CENTRAL_FB,inprocess,ecb30c0d26fc9654e159810bf1d7c58dec234fab9d244c93bf8f3214160c411d,a0a6de49a680c9fb9295f161a6e6d1265fd75f6e0052e7d37579a602ecbdd3eb,1.001,0,62,56,2,58,4,93.54838709677419,94.68085106382979,93.33333333333333,100.0,93.61702127659575,85.71428571428571,743,12.810344827586206,0,0,0,0,7,0,0,0,0,0,7.0113,3.8583,5380,1222010,264,36,18,0.07059533386967015,0,0.785822,0.10429199999999998,115,5.191999999999999,17.682,40.995,5,0.46799999999999997,0.46799999999999997,0,1,0,0,0,0,
K8_R0.90_T1_H1_A0.95M5_S8004_HYBRID_EAGER_inprocess,8004,8,0.9,1,1,SWEEP,0.95,5.0,,HYBRID_EAGER,inprocess,ecb30c0d26fc9654e159810bf1d7c58dec234fab9d244c93bf8f3214160c411d,82347cc6b08e46418c5e6639b09849d4efce798755da688af2c753d6ba9f2a98,0.915,0,62,59,2,61,1,98.38709677419355,98.93617021276596,100.0,100.0,97.87234042553192,96.42857142857143,769,12.60655737704918,0,0,0,0,7,1,1,0,12,7,8.7635,3.8583,4984,1197869,252,51,18,0.05741104562322637,0,0.74708,0.098646,103,2.954,25.162,32.389,22,0.041,0.504,0,0,0,0,0,0,
K8_R0.90_T1_H1_A0.95M5_S8004_HYBRID_inprocess,8004,8,0.9,1,1,SWEEP,0.95,5.0,,HYBRID,inprocess,ecb30c0d26fc9654e159810bf1d7c58dec234fab9d244c93bf8f3214160c411d,2a4b9edadba775e9e183c9a6a7a356d9c4f4549f5160b2058fa2e609393b6e32,1.128,0,62,56,2,58,4,93.54838709677419,94.68085106382979,93.33333333333333,100.0,93.61702127659575,85.71428571428571,743,12.810344827586206,0,0,0,0,7,0,0,0,0,0,7.0113,3.8583,5380,1222010,264,36,18,0.07059533386967015,0,0.921087,0.114648,115,5.337,22.904,37.96,6,0.48700000000000004,0.48700000000000004,0,1,0,0,0,0,
K8_R0.90_T1_H1_A0.95M5_S8004_EDGE_MARKET_inprocess,8004,8,0.9,1,1,SWEEP,0.95,5.0,,EDGE_MARKET,inprocess,ecb30c0d26fc9654e159810bf1d7c58dec234fab9d244c93bf8f3214160c411d,89c25969ab6eb7bf1c419e77a05630e5334362d01ad911e79a2bafbec592f088,0.226,0,62,54,1,55,7,88.70967741935483,91.48936170212765,93.33333333333333,100.0,87.23404255319149,78.57142857142857,782,14.218181818181819,0,0,0,0,8,0,0,0,0,0,5.6559,3.8583,4465,1214148,205,41,20,0.04814541881601572,1,0.026332,0.143191,101,0.047,0.11299999999999999,0.166,646,0.39,2.342,0,15,0,0,0,0,
K8_R0.90_T1_H1_A0.95M15_S8004_CENTRAL_inprocess,8004,8,0.9,1,1,SWEEP,0.95,15.0,,CENTRAL,inprocess,b0f3c99a4d61d97698807a6a92eb7fcbc7d142391a1980c1202e9884c72055e9,09b7cf72d4cc8d0cc5656898031b4ceb46f892ccedb2a16bca1dca7f5eb491c3,1.087,0,62,58,2,60,2,96.7741935483871,95.74468085106383,93.33333333333333,100.0,97.87234042553192,96.42857142857143,752,12.533333333333333,0,0,0,0,6,0,0,0,0,0,7.3533,3.8583,5109,1192922,246,40,22,0.045351004348726444,1,0.894962,0.096909,101,3.572,25.551000000000002,39.65,0,0.0,0.0,0,1,0,0,0,0,
K8_R0.90_T1_H1_A0.95M15_S8004_CENTRAL_FB_inprocess,8004,8,0.9,1,1,SWEEP,0.95,15.0,,CENTRAL_FB,inprocess,b0f3c99a4d61d97698807a6a92eb7fcbc7d142391a1980c1202e9884c72055e9,5ec937507b52d828cd78c49212d05946b88c8f40e46dea446ff3e33b1d407269,1.042,0,62,58,2,60,2,96.7741935483871,95.74468085106383,93.33333333333333,100.0,97.87234042553192,96.42857142857143,752,12.533333333333333,0,0,0,0,6,0,0,0,0,0,7.3533,3.8583,5109,1192922,246,40,22,0.045351004348726444,1,0.853389,0.10408400000000001,101,4.422,24.479999999999997,35.64,4,0.184,0.184,0,1,0,0,0,0,
K8_R0.90_T1_H1_A0.95M15_S8004_HYBRID_EAGER_inprocess,8004,8,0.9,1,1,SWEEP,0.95,15.0,,HYBRID_EAGER,inprocess,b0f3c99a4d61d97698807a6a92eb7fcbc7d142391a1980c1202e9884c72055e9,58c1eadbc311af897c73aed20956636b2023122d12a5e9c2dcc282b029a96d52,0.881,0,62,59,2,61,1,98.38709677419355,97.87234042553192,100.0,100.0,97.87234042553192,100.0,749,12.278688524590164,0,0,0,0,7,0,0,0,0,0,7.3533,3.8583,5035,1187047,227,37,22,0.03421494542401343,0,0.720198,0.09090800000000002,97,4.685,23.764,30.955,13,0.04,0.08600000000000001,0,0,0,0,0,0,
K8_R0.90_T1_H1_A0.95M15_S8004_HYBRID_inprocess,8004,8,0.9,1,1,SWEEP,0.95,15.0,,HYBRID,inprocess,b0f3c99a4d61d97698807a6a92eb7fcbc7d142391a1980c1202e9884c72055e9,bc2d37e64db897c5ec1c7e8bbc37e8f32e7a8abbe12f71f3c486caecbc94ff12,0.957,0,62,58,2,60,2,96.7741935483871,95.74468085106383,93.33333333333333,100.0,97.87234042553192,96.42857142857143,752,12.533333333333333,0,0,0,0,6,0,0,0,0,0,7.3533,3.8583,5109,1192922,246,40,22,0.045351004348726444,1,0.770514,0.10360599999999999,101,4.473999999999999,20.374,27.269000000000002,5,0.11900000000000001,0.11900000000000001,0,1,0,0,0,0,
K8_R0.90_T1_H1_A0.95M15_S8004_EDGE_MARKET_inprocess,8004,8,0.9,1,1,SWEEP,0.95,15.0,,EDGE_MARKET,inprocess,b0f3c99a4d61d97698807a6a92eb7fcbc7d142391a1980c1202e9884c72055e9,5640dad1e2038b1629181c98543ff7f59fd9ae85f4808b0ab5d8299496823b26,0.244,0,62,53,2,55,7,88.70967741935483,89.36170212765957,86.66666666666667,100.0,89.36170212765957,85.71428571428571,775,14.090909090909092,0,0,0,0,6,0,0,0,0,0,6.4002,3.8583,4269,1177178,221,45,23,0.028592927012791574,1,0.028938,0.152715,75,0.056,0.095,0.13999999999999999,481,0.41300000000000003,2.353,0,6,0,0,0,0,
K8_R0.90_T1_H1_A0.95M30_S8004_CENTRAL_inprocess,8004,8,0.9,1,1,SWEEP,0.95,30.0,,CENTRAL,inprocess,a22e947463ccb74a8059284e9675a298fb53b18ae38a4af6e8049e869dd3f48f,bb0c7c61b9fbe8a27ce54f9f11ff554de6fdd6194ae92f7683a938c1f07c4824,0.993,0,62,58,1,59,3,95.16129032258064,96.80851063829788,100.0,100.0,93.61702127659575,92.85714285714286,785,13.305084745762711,0,0,0,0,7,0,0,0,0,0,5.6588,3.8583,5169,1192390,233,42,42,0.07249336328364304,0,0.776727,0.10589,99,4.872,20.834,38.642,0,0.0,0.0,0,0,0,0,0,0,
K8_R0.90_T1_H1_A0.95M30_S8004_CENTRAL_FB_inprocess,8004,8,0.9,1,1,SWEEP,0.95,30.0,,CENTRAL_FB,inprocess,a22e947463ccb74a8059284e9675a298fb53b18ae38a4af6e8049e869dd3f48f,2754962f80b3ce9a7fb313f0d6eb2cd030e5d29b84587751bdb6902cecc9f6c6,1.025,0,62,58,1,59,3,95.16129032258064,96.80851063829788,100.0,100.0,93.61702127659575,92.85714285714286,785,13.305084745762711,0,0,0,0,7,0,0,0,0,0,5.6588,3.8583,5169,1192390,233,42,42,0.07249336328364304,0,0.768195,0.10750499999999999,99,6.603000000000001,19.986,39.559,2,0.528,0.528,0,0,0,0,0,0,
K8_R0.90_T1_H1_A0.95M30_S8004_HYBRID_inprocess,8004,8,0.9,1,1,SWEEP,0.95,30.0,,HYBRID,inprocess,a22e947463ccb74a8059284e9675a298fb53b18ae38a4af6e8049e869dd3f48f,75c3fa1b2e3f0eb3253cf8a4fffc254a31d661c45ae8b4fe22f8e8e393462fc0,1.023,0,62,58,1,59,3,95.16129032258064,96.80851063829788,100.0,100.0,93.61702127659575,92.85714285714286,785,13.305084745762711,0,0,0,0,7,0,0,0,0,0,5.6588,3.8583,5169,1192390,233,42,42,0.07249336328364304,0,0.778798,0.11078799999999998,99,5.492,20.9,38.144999999999996,2,0.5519999999999999,0.5519999999999999,0,0,0,0,0,0,
K8_R0.90_T1_H1_A0.95M30_S8004_HYBRID_EAGER_inprocess,8004,8,0.9,1,1,SWEEP,0.95,30.0,,HYBRID_EAGER,inprocess,a22e947463ccb74a8059284e9675a298fb53b18ae38a4af6e8049e869dd3f48f,6a3844a4c62619ecf594f4fc9c6d997ee878f8a31d6aff826a60a957fd6825fb,0.912,0,62,57,2,59,3,95.16129032258064,95.74468085106383,93.33333333333333,100.0,95.74468085106383,89.28571428571429,783,13.271186440677965,0,0,0,0,7,1,1,0,10,15,9.5972,3.8583,5113,1186977,230,46,42,0.07213724679619678,0,0.724055,0.104275,100,3.9810000000000003,21.432,38.084,9,0.47600000000000003,0.47600000000000003,0,0,0,0,0,0,
K8_R0.90_T1_H1_A0.95M30_S8004_EDGE_MARKET_inprocess,8004,8,0.9,1,1,SWEEP,0.95,30.0,,EDGE_MARKET,inprocess,a22e947463ccb74a8059284e9675a298fb53b18ae38a4af6e8049e869dd3f48f,0ea811a8de9dacec4f58bae90a6d39e46661e51d29b785453aed393ec10313ca,0.312,0,62,53,2,55,7,88.70967741935483,91.48936170212765,100.0,100.0,85.1063829787234,89.28571428571429,813,14.781818181818181,0,0,0,0,6,0,0,0,0,0,6.4002,3.8583,4278,1175180,218,35,43,0.03371069182389937,0,0.03319,0.18572,64,0.074,0.156,0.18000000000000002,480,0.546,3.6670000000000003,0,8,0,0,0,0,
K8_R0.90_T1_H1_A0.85M5_S8004_CENTRAL_inprocess,8004,8,0.9,1,1,SWEEP,0.85,5.0,,CENTRAL,inprocess,47fc487f617046fab9b42dcae4a9e5f29e3c703705536722eccad5ff6afb7593,ad2a5a0df9df7bc404298ec27dd80f29a19695922cfba3ae627cbfab6401b549,1.27,0,62,56,0,56,6,90.3225806451613,90.42553191489361,86.66666666666667,50.0,91.48936170212765,89.28571428571429,746,13.321428571428571,0,0,0,0,6,0,0,0,0,0,5.6452,3.8583,5913,1257857,248,46,30,0.20027037466203168,2,1.058355,0.10155399999999999,164,3.655,23.852,43.333000000000006,0,0.0,0.0,0,0,0,0,0,0,
K8_R0.90_T1_H1_A0.85M5_S8004_CENTRAL_FB_inprocess,8004,8,0.9,1,1,SWEEP,0.85,5.0,,CENTRAL_FB,inprocess,47fc487f617046fab9b42dcae4a9e5f29e3c703705536722eccad5ff6afb7593,dc4803994fe01cd6a36d3bcb96e656cad448ea51a9363cc17de8c391456c5e3b,1.306,0,62,56,0,56,6,90.3225806451613,90.42553191489361,86.66666666666667,50.0,91.48936170212765,89.28571428571429,746,13.321428571428571,0,0,0,0,6,0,0,0,0,0,5.6452,3.8583,5913,1257857,248,46,30,0.20027037466203168,2,1.056294,0.118051,164,4.175,22.044,25.668,14,0.47100000000000003,3.349,0,0,0,0,0,0,
K8_R0.90_T1_H1_A0.85M5_S8004_HYBRID_inprocess,8004,8,0.9,1,1,SWEEP,0.85,5.0,,HYBRID,inprocess,47fc487f617046fab9b42dcae4a9e5f29e3c703705536722eccad5ff6afb7593,406ef620da6017ae4f4efe289a6db2f0ff6abef0dd2125df514286b884e710da,1.233,0,62,56,0,56,6,90.3225806451613,90.42553191489361,86.66666666666667,50.0,91.48936170212765,89.28571428571429,746,13.321428571428571,0,0,0,0,6,0,0,0,0,0,5.6452,3.8583,5913,1257857,248,46,30,0.20027037466203168,2,1.027113,0.115766,164,3.87,20.201,32.848,14,0.39399999999999996,2.528,0,0,0,0,0,0,
K8_R0.90_T1_H1_A0.85M5_S8004_EDGE_MARKET_inprocess,8004,8,0.9,1,1,SWEEP,0.85,5.0,,EDGE_MARKET,inprocess,47fc487f617046fab9b42dcae4a9e5f29e3c703705536722eccad5ff6afb7593,b83f7e072f4dca8c2373c33e0be4ed843291d9ba64b32e9dee827bfb070a488f,0.282,0,62,53,1,54,8,87.09677419354838,88.29787234042553,86.66666666666667,100.0,87.23404255319149,85.71428571428571,798,14.777777777777779,0,0,0,0,7,0,0,0,0,0,5.6559,3.8583,4287,1175675,186,31,19,0.10635871114913031,2,0.029157,0.18011,74,0.057,0.101,0.19699999999999998,469,0.565,3.685,0,14,0,0,0,0,
K8_R0.90_T1_H1_A0.85M5_S8004_HYBRID_EAGER_inprocess,8004,8,0.9,1,1,SWEEP,0.85,5.0,,HYBRID_EAGER,inprocess,47fc487f617046fab9b42dcae4a9e5f29e3c703705536722eccad5ff6afb7593,1be5aad5bad3c1a841a630bf3a28c95d9c2f81f20507730b85cd5a524171c606,1.399,0,62,56,2,58,4,93.54838709677419,93.61702127659575,93.33333333333333,100.0,93.61702127659575,89.28571428571429,735,12.672413793103448,0,0,0,0,7,1,1,0,7,6,8.6636,3.8583,5585,1228032,243,44,30,0.18642665011380094,1,1.100212,0.134001,147,4.953,28.183,36.066,51,0.059,3.1740000000000004,0,0,0,0,0,0,
K8_R0.90_T1_H1_A0.85M15_S8004_CENTRAL_inprocess,8004,8,0.9,1,1,SWEEP,0.85,15.0,,CENTRAL,inprocess,99a8d481970d5971a69a9a3de0a304566313e274205bc7d9e2dde48a3d853168,815806e5af79acd3c4a41a8b97df4426ba1a11f58c09061b0e3c7f9937df0056,1.53,0,62,58,2,60,2,96.7741935483871,97.87234042553192,100.0,100.0,95.74468085106383,92.85714285714286,724,12.066666666666666,0,0,0,0,6,0,0,0,0,0,7.7671,3.8583,5029,1178043,224,30,43,0.23841364998847128,1,0.6977,0.10163900000000001,110,6.0089999999999995,38.899,49.511,0,0.0,0.0,0,0,0,0,0,0,
K8_R0.90_T1_H1_A0.85M15_S8004_CENTRAL_FB_inprocess,8004,8,0.9,1,1,SWEEP,0.85,15.0,,CENTRAL_FB,inprocess,99a8d481970d5971a69a9a3de0a304566313e274205bc7d9e2dde48a3d853168,e6c2334656616bb495c33a63b73919d80de299316c44cb5f40242e4bf79269f1,1.506,0,62,58,2,60,2,96.7741935483871,97.87234042553192,100.0,100.0,95.74468085106383,92.85714285714286,724,12.066666666666666,0,0,0,0,6,0,0,0,0,0,7.7671,3.8583,5029,1177977,224,30,43,0.23841364998847128,1,0.693034,0.106836,110,4.335,34.893,64.18,19,0.15,6.426,0,0,0,0,0,0,
K8_R0.90_T1_H1_A0.85M15_S8004_HYBRID_inprocess,8004,8,0.9,1,1,SWEEP,0.85,15.0,,HYBRID,inprocess,99a8d481970d5971a69a9a3de0a304566313e274205bc7d9e2dde48a3d853168,01622d47fd38a5445b0dd56d7265c8c2d25c88e2b329580b4ef62fd51d195734,0.952,0,62,58,2,60,2,96.7741935483871,97.87234042553192,100.0,100.0,95.74468085106383,92.85714285714286,724,12.066666666666666,0,0,0,0,6,0,0,0,0,0,7.7671,3.8583,5029,1177977,224,30,43,0.23841364998847128,1,0.734599,0.1126,110,4.128,19.294999999999998,29.325,19,0.111,2.922,0,0,0,0,0,0,
K8_R0.90_T1_H1_A0.85M15_S8004_HYBRID_EAGER_inprocess,8004,8,0.9,1,1,SWEEP,0.85,15.0,,HYBRID_EAGER,inprocess,99a8d481970d5971a69a9a3de0a304566313e274205bc7d9e2dde48a3d853168,a65fac4890b54d1a6960f476a0fbadd2b5425b0de5bd33e27dac0047567f4444,0.946,0,62,59,1,60,2,96.7741935483871,97.87234042553192,100.0,100.0,95.74468085106383,96.42857142857143,705,11.75,0,0,0,0,5,0,0,0,0,0,7.7671,3.8583,4988,1172994,224,38,43,0.2320596458527493,1,0.756022,0.110642,110,3.489,20.092,34.865,27,0.112,2.899,0,0,0,0,0,0,
K8_R0.90_T1_H1_A0.85M15_S8004_EDGE_MARKET_inprocess,8004,8,0.9,1,1,SWEEP,0.85,15.0,,EDGE_MARKET,inprocess,99a8d481970d5971a69a9a3de0a304566313e274205bc7d9e2dde48a3d853168,9dec165aad211070a1e02cd3b7e569bc01aa52a3b7423eaeb9b355bbaf588e94,0.245,0,62,54,2,56,6,90.3225806451613,89.36170212765957,80.0,50.0,93.61702127659575,85.71428571428571,778,13.892857142857142,0,0,0,0,6,0,0,0,0,0,5.6559,3.8583,4323,1178360,181,39,42,0.13605067474524923,1,0.02483,0.154105,76,0.044,0.11,0.16799999999999998,492,0.456,3.347,0,13,0,0,0,0,
K8_R0.90_T1_H1_A0.85M30_S8004_CENTRAL_inprocess,8004,8,0.9,1,1,SWEEP,0.85,30.0,,CENTRAL,inprocess,3668b46b1b1d8212f18926bd07a377ff52258562870771ee1b15f52a02cbe060,92ae2479cbc2e2463875f659c545ba9df6c5f82027ae52751ccea4bd48220be6,0.949,0,62,56,1,57,5,91.93548387096774,93.61702127659575,93.33333333333333,100.0,91.48936170212765,89.28571428571429,716,12.56140350877193,0,0,0,0,6,0,0,0,0,0,6.6862,3.8583,5127,1180765,245,54,39,0.16988764044943822,1,0.769212,0.09908700000000001,104,6.568,19.326,21.346,0,0.0,0.0,0,0,0,0,0,0,
K8_R0.90_T1_H1_A0.85M30_S8004_CENTRAL_FB_inprocess,8004,8,0.9,1,1,SWEEP,0.85,30.0,,CENTRAL_FB,inprocess,3668b46b1b1d8212f18926bd07a377ff52258562870771ee1b15f52a02cbe060,40816e6951b2834a813ba9688856961ea4d891e84189fd90d68a6f96c13630e5,1.049,0,62,56,1,57,5,91.93548387096774,93.61702127659575,93.33333333333333,100.0,91.48936170212765,89.28571428571429,716,12.56140350877193,0,0,0,0,6,0,0,0,0,0,6.6862,3.8583,5127,1180765,245,54,39,0.16988764044943822,1,0.821284,0.10663199999999999,104,6.0569999999999995,24.011999999999997,32.585,23,0.024,0.09899999999999999,0,0,0,0,0,0,
K8_R0.90_T1_H1_A0.85M30_S8004_HYBRID_inprocess,8004,8,0.9,1,1,SWEEP,0.85,30.0,,HYBRID,inprocess,3668b46b1b1d8212f18926bd07a377ff52258562870771ee1b15f52a02cbe060,708174f23016bfbc78d903c66998eb904baeb94c34988c0d01d948448109b80f,1.04,0,62,56,1,57,5,91.93548387096774,93.61702127659575,93.33333333333333,100.0,91.48936170212765,89.28571428571429,716,12.56140350877193,0,0,0,0,6,0,0,0,0,0,6.6862,3.8583,5127,1180765,245,54,39,0.16988764044943822,1,0.84633,0.106602,104,5.819,22.029,28.447,24,0.020999999999999998,0.106,0,0,0,0,0,0,
K8_R0.90_T1_H1_A0.85M30_S8004_EDGE_MARKET_inprocess,8004,8,0.9,1,1,SWEEP,0.85,30.0,,EDGE_MARKET,inprocess,3668b46b1b1d8212f18926bd07a377ff52258562870771ee1b15f52a02cbe060,c2a7aa1eceb926b59c804ca54116433a24cb33823c6807e996d14355db6d7958,0.246,0,62,54,1,55,7,88.70967741935483,90.42553191489361,93.33333333333333,100.0,87.23404255319149,82.14285714285714,782,14.218181818181819,0,0,0,0,7,0,0,0,0,0,5.6559,3.8583,4327,1183477,188,39,164,0.26506024096385544,2,0.027339,0.15373499999999998,69,0.061,0.148,0.231,526,0.42000000000000004,2.629,0,11,0,0,0,0,
K8_R0.90_T1_H1_A0.85M30_S8004_HYBRID_EAGER_inprocess,8004,8,0.9,1,1,SWEEP,0.85,30.0,,HYBRID_EAGER,inprocess,3668b46b1b1d8212f18926bd07a377ff52258562870771ee1b15f52a02cbe060,29c5b3a8fcdfb968020dcad52ef6182794e1892457983949e74c220efbd04cc7,1.066,0,62,55,2,57,5,91.93548387096774,93.61702127659575,93.33333333333333,100.0,91.48936170212765,85.71428571428571,750,13.157894736842104,0,0,0,0,6,0,0,0,0,0,5.6805,3.8583,5477,1221071,240,48,63,0.1777408637873754,3,0.841549,0.10355799999999998,113,6.783,18.152,24.218,28,0.028,0.111,0,0,0,0,0,0,
K8_R0.90_T1_H1_A0.75M5_S8004_CENTRAL_FB_inprocess,8004,8,0.9,1,1,SWEEP,0.75,5.0,,CENTRAL_FB,inprocess,e27c0294c021234d00612f710f7ebb093e7bc5b484bea109cc2591c3b1bec3a5,19f2f9cec4b624ad24f03f6f6c4239e4b304b1f5a140ec1708d56cf2903f4c85,1.251,0,62,56,1,57,5,91.93548387096774,89.36170212765957,73.33333333333333,50.0,97.87234042553192,89.28571428571429,764,13.403508771929825,0,0,0,0,6,0,0,0,0,0,5.7255,3.8583,5706,1234187,239,36,30,0.2846572361262242,3,1.044103,0.102074,183,3.532,19.899,32.916000000000004,25,0.106,0.444,0,0,0,0,0,0,
K8_R0.90_T1_H1_A0.75M5_S8004_CENTRAL_inprocess,8004,8,0.9,1,1,SWEEP,0.75,5.0,,CENTRAL,inprocess,e27c0294c021234d00612f710f7ebb093e7bc5b484bea109cc2591c3b1bec3a5,3fe8badc0fdb0ee4490bd194af1d42d21ac98b25db21ecadbc85665468018678,1.36,0,62,57,1,58,4,93.54838709677419,94.68085106382979,93.33333333333333,100.0,93.61702127659575,89.28571428571429,772,13.310344827586206,0,0,0,0,7,0,0,0,0,0,5.7255,3.8583,5646,1228834,233,30,30,0.2829106945975744,5,1.163018,0.11072900000000001,180,3.729,21.532,35.744,0,0.0,0.0,0,0,0,0,0,0,
K8_R0.90_T1_H1_A0.75M5_S8004_HYBRID_EAGER_inprocess,8004,8,0.9,1,1,SWEEP,0.75,5.0,,HYBRID_EAGER,inprocess,e27c0294c021234d00612f710f7ebb093e7bc5b484bea109cc2591c3b1bec3a5,9491d912a49806ae801ad6cbf6d4559c3f9163c12290ccde8419a74183003ca7,1.143,0,62,57,2,59,3,95.16129032258064,94.68085106382979,86.66666666666667,100.0,97.87234042553192,92.85714285714286,750,12.711864406779661,0,0,0,0,7,0,0,0,0,0,7.3811,3.8583,5994,1271760,258,43,29,0.3511746680286006,4,0.961414,0.10473000000000002,188,2.508,16.23,31.18,71,0.034,0.33399999999999996,0,0,0,0,0,0,
K8_R0.90_T1_H1_A0.75M5_S8004_HYBRID_inprocess,8004,8,0.9,1,1,SWEEP,0.75,5.0,,HYBRID,inprocess,e27c0294c021234d00612f710f7ebb093e7bc5b484bea109cc2591c3b1bec3a5,4873a3c6d3ac16cf0cba8ac9ee32a0fac418bab605805ba231353a96c92e18c6,1.321,0,62,56,1,57,5,91.93548387096774,89.36170212765957,73.33333333333333,50.0,97.87234042553192,89.28571428571429,764,13.403508771929825,0,0,0,0,6,0,0,0,0,0,5.7255,3.8583,5706,1234187,239,36,30,0.2846572361262242,3,1.106612,0.108738,183,3.745,20.247,35.332,25,0.102,0.481,0,0,0,0,0,0,
K8_R0.90_T1_H1_A0.75M5_S8004_EDGE_MARKET_inprocess,8004,8,0.9,1,1,SWEEP,0.75,5.0,,EDGE_MARKET,inprocess,e27c0294c021234d00612f710f7ebb093e7bc5b484bea109cc2591c3b1bec3a5,882a506f41cd031dc982e8bbf9f227b916c91da470622598090f5dcb206ad582,0.263,0,62,52,2,54,8,87.09677419354838,86.17021276595744,73.33333333333333,100.0,91.48936170212765,78.57142857142857,766,14.185185185185185,0,0,0,0,7,0,0,0,0,0,7.1411,3.8583,4306,1182424,179,30,20,0.1473551637279597,2,0.025828,0.171511,92,0.039,0.082,0.16699999999999998,510,0.513,3.085,0,10,0,0,0,0,
K8_R0.90_T1_H1_A0.75M15_S8004_CENTRAL_inprocess,8004,8,0.9,1,1,SWEEP,0.75,15.0,,CENTRAL,inprocess,c4c54af7b7a8f15eed88a34ef43076053916f32f9c6b2170468bf4e52698b3f8,1a04588312056adc11fba9a67860e02c03fcf4d47411f603e8aabdbe6577ffc6,0.82,0,62,59,2,61,1,98.38709677419355,98.93617021276596,100.0,100.0,97.87234042553192,96.42857142857143,815,13.360655737704919,0,0,0,0,8,0,0,0,0,0,5.662,3.8583,5353,1220361,222,38,43,0.2828538550057537,3,0.633501,0.096193,140,3.035,12.344000000000001,21.572999999999997,0,0.0,0.0,0,0,0,0,0,0,
K8_R0.90_T1_H1_A0.75M15_S8004_CENTRAL_FB_inprocess,8004,8,0.9,1,1,SWEEP,0.75,15.0,,CENTRAL_FB,inprocess,c4c54af7b7a8f15eed88a34ef43076053916f32f9c6b2170468bf4e52698b3f8,90d91e19414e2548d8d50686b412ef93109fd2fd102eb6c48b155083d94f4d95,0.867,0,62,57,2,59,3,95.16129032258064,95.74468085106383,93.33333333333333,100.0,95.74468085106383,92.85714285714286,791,13.40677966101695,0,0,0,0,7,0,0,0,0,0,5.6532,3.8583,5132,1186257,233,42,43,0.264763299170327,4,0.67541,0.10267900000000002,121,2.646,15.775999999999998,29.361,33,0.501,2.941,0,1,0,0,0,0,
K8_R0.90_T1_H1_A0.75M15_S8004_HYBRID_inprocess,8004,8,0.9,1,1,SWEEP,0.75,15.0,,HYBRID,inprocess,c4c54af7b7a8f15eed88a34ef43076053916f32f9c6b2170468bf4e52698b3f8,850ce6cb9da962ed61cfe2a48b87bb6b0bd27e6ab6e818df913613344bfc6141,0.764,0,62,57,2,59,3,95.16129032258064,95.74468085106383,93.33333333333333,100.0,95.74468085106383,92.85714285714286,791,13.40677966101695,0,0,0,0,7,0,0,0,0,0,5.6532,3.8583,5132,1186257,233,42,43,0.264763299170327,4,0.583875,0.093586,121,2.436,13.284,26.102,33,0.38499999999999995,2.392,0,1,0,0,0,0,
K8_R0.90_T1_H1_A0.75M15_S8004_HYBRID_EAGER_inprocess,8004,8,0.9,1,1,SWEEP,0.75,15.0,,HYBRID_EAGER,inprocess,c4c54af7b7a8f15eed88a34ef43076053916f32f9c6b2170468bf4e52698b3f8,06645fc361fbb42a9066f7d149e50092d6c972049a2b81fc99e9516ab79277d0,0.72,0,62,57,2,59,3,95.16129032258064,95.74468085106383,93.33333333333333,100.0,95.74468085106383,92.85714285714286,791,13.40677966101695,0,0,0,0,7,0,0,0,0,0,5.6532,3.8583,5132,1186217,233,42,43,0.264763299170327,4,0.557383,0.09527699999999999,121,2.447,11.018,21.276,53,0.36900000000000005,2.291,0,1,0,0,0,0,
K8_R0.90_T1_H1_A0.75M15_S8004_EDGE_MARKET_inprocess,8004,8,0.9,1,1,SWEEP,0.75,15.0,,EDGE_MARKET,inprocess,c4c54af7b7a8f15eed88a34ef43076053916f32f9c6b2170468bf4e52698b3f8,a599cf45cd9d5eced285b5d7b2bdeffbf5e045571f8bcd41873cd992677c42da,0.224,0,62,53,1,54,8,87.09677419354838,88.29787234042553,86.66666666666667,100.0,87.23404255319149,82.14285714285714,782,14.481481481481481,0,0,0,0,6,0,0,0,0,0,5.6559,3.8583,4341,1196453,143,30,42,0.21509886159376873,3,0.022272,0.140423,89,0.044,0.115,0.644,531,0.404,4.622,0,15,0,0,0,0,
K8_R0.90_T1_H1_A0.75M30_S8004_CENTRAL_inprocess,8004,8,0.9,1,1,SWEEP,0.75,30.0,,CENTRAL,inprocess,17f20962253a247db7f89c14dcdc55d2ea992675484f5f1eecb34d108eba1526,f14284884551aace7973cbf0531fd36985211f748755fa0327080bfb1021dd22,0.861,0,62,56,1,57,5,91.93548387096774,90.42553191489361,86.66666666666667,50.0,93.61702127659575,89.28571428571429,750,13.157894736842104,0,0,0,0,7,0,0,0,0,0,5.6283,3.8583,5008,1205137,204,41,78,0.24975961538461539,1,0.695333,0.09014199999999999,105,3.7720000000000002,21.57,26.702,0,0.0,0.0,0,1,0,0,0,0,
K8_R0.90_T1_H1_A0.75M30_S8004_CENTRAL_FB_inprocess,8004,8,0.9,1,1,SWEEP,0.75,30.0,,CENTRAL_FB,inprocess,17f20962253a247db7f89c14dcdc55d2ea992675484f5f1eecb34d108eba1526,71e137af1d6dfd218c3b4f602f46193b2f4e92eaea54264e18d3c158c0c7614c,0.864,0,62,56,2,58,4,93.54838709677419,93.61702127659575,93.33333333333333,100.0,93.61702127659575,89.28571428571429,759,13.086206896551724,0,0,0,0,6,0,0,0,0,0,5.6283,3.8583,5008,1205793,204,41,78,0.25,1,0.658592,0.101988,105,4.764,16.439,22.476,31,0.091,1.479,0,0,0,0,0,0,
K8_R0.90_T1_H1_A0.75M30_S8004_HYBRID_inprocess,8004,8,0.9,1,1,SWEEP,0.75,30.0,,HYBRID,inprocess,17f20962253a247db7f89c14dcdc55d2ea992675484f5f1eecb34d108eba1526,e7effb37067e9d2a6bf27a42d15ace696fd4e974dd7c97e3197acc4c9566a86a,0.869,0,62,56,2,58,4,93.54838709677419,93.61702127659575,93.33333333333333,100.0,93.61702127659575,89.28571428571429,759,13.086206896551724,0,0,0,0,6,0,0,0,0,0,5.6283,3.8583,5008,1205793,204,41,78,0.25,1,0.693107,0.101494,105,4.4559999999999995,19.701,26.323,31,0.059,0.147,0,0,0,0,0,0,
K8_R0.90_T1_H1_A0.75M30_S8004_HYBRID_EAGER_inprocess,8004,8,0.9,1,1,SWEEP,0.75,30.0,,HYBRID_EAGER,inprocess,17f20962253a247db7f89c14dcdc55d2ea992675484f5f1eecb34d108eba1526,3b6b4dd8cda57d078addf645c315661b07484ef1aa5c0b716941dd7b6d3b5cd0,1.086,0,62,55,2,57,5,91.93548387096774,93.61702127659575,93.33333333333333,100.0,91.48936170212765,82.14285714285714,749,13.140350877192983,0,0,0,0,4,0,0,0,0,0,5.6782,3.8583,5141,1188088,223,43,164,0.27702386523163314,1,0.822455,0.12962300000000002,115,5.07,21.518,27.453000000000003,43,0.043000000000000003,0.11,0,0,0,0,0,0,
K8_R0.90_T1_H1_A0.75M30_S8004_EDGE_MARKET_inprocess,8004,8,0.9,1,1,SWEEP,0.75,30.0,,EDGE_MARKET,inprocess,17f20962253a247db7f89c14dcdc55d2ea992675484f5f1eecb34d108eba1526,0bdc262f08ae5c32c0d20d065031254baca0cb9ebe3ca19e1a4a25e54a67fe75,0.325,0,62,54,2,56,6,90.3225806451613,91.48936170212765,86.66666666666667,100.0,91.48936170212765,82.14285714285714,760,13.571428571428571,0,0,0,0,6,0,0,0,0,0,5.6559,3.8583,4294,1175978,176,30,165,0.2662375658279696,1,0.036218,0.202601,78,0.076,0.13699999999999998,0.19699999999999998,504,0.49799999999999994,3.401,0,9,0,0,0,0,
K8_R0.90_T1_H1_A0.65M5_S8004_CENTRAL_FB_inprocess,8004,8,0.9,1,1,SWEEP,0.65,5.0,,CENTRAL_FB,inprocess,4fa1bed9e9ca554c57a0a2b9bc6de2d409cd568b50363aa3bd7fb0293beddcbb,d8289179e66a9fd7b435082e62320ec8063a01b2ecc8c989f547eaa99b1f40a9,1.377,0,62,56,1,57,5,91.93548387096774,92.55319148936171,93.33333333333333,100.0,91.48936170212765,89.28571428571429,799,14.017543859649123,0,0,0,0,6,0,0,0,0,0,6.1781,3.8583,5936,1254236,248,39,19,0.38397910317805833,3,1.096014,0.10687799999999999,216,2.5869999999999997,18.623,37.519,26,0.101,0.107,0,0,0,0,0,0,
K8_R0.90_T1_H1_A0.65M5_S8004_CENTRAL_inprocess,8004,8,0.9,1,1,SWEEP,0.65,5.0,,CENTRAL,inprocess,4fa1bed9e9ca554c57a0a2b9bc6de2d409cd568b50363aa3bd7fb0293beddcbb,07674e2ce8c07fb1b591342242114f927e5fff40f526fc672e04d2edb1c6be2f,1.498,0,62,57,1,58,4,93.54838709677419,93.61702127659575,86.66666666666667,100.0,95.74468085106383,89.28571428571429,766,13.206896551724139,0,0,0,0,6,0,0,0,0,0,5.6387,3.8583,6298,1288816,254,40,19,0.3999596204320614,3,1.116974,0.113428,228,3.044,18.589000000000002,89.37299999999999,0,0.0,0.0,0,0,0,0,0,0,
K8_R0.90_T1_H1_A0.65M5_S8004_HYBRID_inprocess,8004,8,0.9,1,1,SWEEP,0.65,5.0,,HYBRID,inprocess,4fa1bed9e9ca554c57a0a2b9bc6de2d409cd568b50363aa3bd7fb0293beddcbb,79d309abbd080a612317e95fdde359f8f429827fde22cfc7dd374c816e5f9d31,1.163,0,62,56,1,57,5,91.93548387096774,92.55319148936171,93.33333333333333,100.0,91.48936170212765,89.28571428571429,799,14.017543859649123,0,0,0,0,6,0,0,0,0,0,6.1781,3.8583,5936,1254236,248,39,19,0.38397910317805833,3,0.973804,0.101766,216,2.491,16.811,25.647,26,0.08,0.082,0,0,0,0,0,0,
K8_R0.90_T1_H1_A0.65M5_S8004_HYBRID_EAGER_inprocess,8004,8,0.9,1,1,SWEEP,0.65,5.0,,HYBRID_EAGER,inprocess,4fa1bed9e9ca554c57a0a2b9bc6de2d409cd568b50363aa3bd7fb0293beddcbb,b533c8e4af5094fc95658902fb4a35ff0de4cf7a59c02e13f30ad6068bc3dddb,1.364,0,62,59,2,61,1,98.38709677419355,98.93617021276596,100.0,100.0,97.87234042553192,96.42857142857143,778,12.754098360655737,0,0,0,0,7,0,0,0,0,0,6.2118,3.8583,5988,1259571,260,50,19,0.3696027633851468,3,1.095384,0.12445600000000001,221,2.453,16.233999999999998,26.360000000000003,94,0.08600000000000001,2.407,0,0,0,0,0,0,
K8_R0.90_T1_H1_A0.65M5_S8004_EDGE_MARKET_inprocess,8004,8,0.9,1,1,SWEEP,0.65,5.0,,EDGE_MARKET,inprocess,4fa1bed9e9ca554c57a0a2b9bc6de2d409cd568b50363aa3bd7fb0293beddcbb,8ff6eeeae2fc2c00dbaa0e9e61547f6a826bddb3807d8a4e636aa6d36b7b6f04,0.229,0,62,54,1,55,7,88.70967741935483,91.48936170212765,93.33333333333333,100.0,87.23404255319149,82.14285714285714,834,15.163636363636364,0,0,0,0,7,1,1,0,10,22,10.3917,3.8583,4268,1188066,129,25,19,0.17181069958847736,3,0.021729,0.14979800000000001,82,0.045000000000000005,0.078,0.13799999999999998,471,0.423,2.63,0,8,0,0,0,0,
K8_R0.90_T1_H1_A0.65M15_S8004_CENTRAL_FB_inprocess,8004,8,0.9,1,1,SWEEP,0.65,15.0,,CENTRAL_FB,inprocess,a6c1d7079e5321112ae0822284a2b316866d321894e1add2185cfd4ff6d501b6,5ea4a9e8dbcaaeac8a0c1ff1e89c41e0ae77d2e8ada8efc3c94d556992648325,0.987,0,62,58,1,59,3,95.16129032258064,96.80851063829788,100.0,100.0,93.61702127659575,92.85714285714286,804,13.627118644067796,0,0,0,0,8,0,0,0,0,0,5.662,3.8583,5228,1188746,215,40,48,0.30337662337662336,4,0.772615,0.117479,134,3.32,16.309,25.073999999999998,47,0.457,2.7889999999999997,0,0,0,0,0,0,
K8_R0.90_T1_H1_A0.65M15_S8004_CENTRAL_inprocess,8004,8,0.9,1,1,SWEEP,0.65,15.0,,CENTRAL,inprocess,a6c1d7079e5321112ae0822284a2b316866d321894e1add2185cfd4ff6d501b6,5ecaaa362a2d4ebe265130e04cd783bc2644b7c377a3e2bc81b2e4d6ae5dc318,1.021,0,62,54,1,55,7,88.70967741935483,89.36170212765957,86.66666666666667,100.0,89.36170212765957,82.14285714285714,766,13.927272727272728,0,0,0,0,7,0,0,0,0,0,5.6559,3.8583,5570,1220699,200,47,57,0.3304904051172708,3,0.819864,0.09993800000000001,152,4.1850000000000005,14.224,27.192,0,0.0,0.0,0,0,0,0,0,0,
K8_R0.90_T1_H1_A0.65M15_S8004_HYBRID_inprocess,8004,8,0.9,1,1,SWEEP,0.65,15.0,,HYBRID,inprocess,a6c1d7079e5321112ae0822284a2b316866d321894e1add2185cfd4ff6d501b6,8bb39e834e5dcd2b9ecf186150c7fae7d34019c75e248a4b64b7f8227086fd6e,0.794,0,62,58,1,59,3,95.16129032258064,96.80851063829788,100.0,100.0,93.61702127659575,92.85714285714286,804,13.627118644067796,0,0,0,0,8,0,0,0,0,0,5.662,3.8583,5228,1188746,215,40,48,0.30337662337662336,4,0.611315,0.09598499999999999,134,2.992,12.82,22.195,47,0.373,2.714,0,0,0,0,0,0,
K8_R0.90_T1_H1_A0.65M15_S8004_HYBRID_EAGER_inprocess,8004,8,0.9,1,1,SWEEP,0.65,15.0,,HYBRID_EAGER,inprocess,a6c1d7079e5321112ae0822284a2b316866d321894e1add2185cfd4ff6d501b6,bd25d5022e6c73c978bdd0f1f8a7d94172fe85ff460f1a7bdc960dccef87d1b5,0.854,0,62,57,0,57,5,91.93548387096774,91.48936170212765,86.66666666666667,50.0,93.61702127659575,92.85714285714286,781,13.701754385964913,0,0,0,0,6,0,0,0,0,0,6.9422,3.8583,5375,1200626,206,29,58,0.3460865216304076,3,0.674154,0.10086499999999998,138,2.953,14.765,29.225,57,0.09899999999999999,2.331,0,1,0,0,0,0,
K8_R0.90_T1_H1_A0.65M15_S8004_EDGE_MARKET_inprocess,8004,8,0.9,1,1,SWEEP,0.65,15.0,,EDGE_MARKET,inprocess,a6c1d7079e5321112ae0822284a2b316866d321894e1add2185cfd4ff6d501b6,027f09b3584857e6d84717674d874bb2ba401ac081e48dff34ddc2886ad69196,0.221,0,62,53,2,55,7,88.70967741935483,89.36170212765957,93.33333333333333,100.0,87.23404255319149,82.14285714285714,850,15.454545454545455,0,0,0,0,7,0,0,0,0,0,5.6559,3.8583,4234,1164675,152,33,49,0.229957805907173,4,0.021337,0.137224,84,0.043000000000000003,0.08399999999999999,0.125,441,0.421,2.3890000000000002,0,12,0,0,0,0,
K8_R0.90_T1_H1_A0.65M30_S8004_CENTRAL_inprocess,8004,8,0.9,1,1,SWEEP,0.65,30.0,,CENTRAL,inprocess,2f52902bd9c02684ad5bfa96997f2e67f87c4113e3a8aea105e42a0b1825dc34,367756bf92988ad95d8341f23d9ce3f207bd28fb5ccc19a3453bd90103c832bb,0.768,0,62,57,2,59,3,95.16129032258064,96.80851063829788,100.0,100.0,93.61702127659575,92.85714285714286,778,13.186440677966102,0,0,0,0,6,0,0,0,0,0,5.6584,3.8583,4845,1163520,171,33,68,0.3145408875244209,3,0.55972,0.107991,106,3.818,14.974,19.011,0,0.0,0.0,0,1,0,0,0,0,
K8_R0.90_T1_H1_A0.65M30_S8004_CENTRAL_FB_inprocess,8004,8,0.9,1,1,SWEEP,0.65,30.0,,CENTRAL_FB,inprocess,2f52902bd9c02684ad5bfa96997f2e67f87c4113e3a8aea105e42a0b1825dc34,62506f5f08195fea8c155ea7bd8a2710b8bbf42238f66948b1ba5680ec351f8d,0.729,0,62,57,2,59,3,95.16129032258064,95.74468085106383,93.33333333333333,100.0,95.74468085106383,89.28571428571429,782,13.254237288135593,0,0,0,0,6,0,0,0,0,0,6.7857,3.8583,5013,1179829,203,37,68,0.37623762376237624,5,0.541625,0.108182,113,3.812,11.863,16.845,48,0.389,2.3600000000000003,0,0,0,0,0,0,
K8_R0.90_T1_H1_A0.65M30_S8004_HYBRID_inprocess,8004,8,0.9,1,1,SWEEP,0.65,30.0,,HYBRID,inprocess,2f52902bd9c02684ad5bfa96997f2e67f87c4113e3a8aea105e42a0b1825dc34,16a15f163b47011c57ef645b6a75d145b2c571a7c7af0afce51e6046aaaf499a,0.737,0,62,57,2,59,3,95.16129032258064,95.74468085106383,93.33333333333333,100.0,95.74468085106383,89.28571428571429,782,13.254237288135593,0,0,0,0,6,0,0,0,0,0,6.7857,3.8583,5013,1179829,203,37,68,0.37623762376237624,5,0.548159,0.099568,113,3.029,14.779,23.619,48,0.462,2.757,0,0,0,0,0,0,
K8_R0.90_T1_H1_A0.65M30_S8004_HYBRID_EAGER_inprocess,8004,8,0.9,1,1,SWEEP,0.65,30.0,,HYBRID_EAGER,inprocess,2f52902bd9c02684ad5bfa96997f2e67f87c4113e3a8aea105e42a0b1825dc34,ce5b0312d6d4c54dede83593c8be310bdf30d769d99ee327b2935d47038fbf42,0.643,0,62,57,2,59,3,95.16129032258064,95.74468085106383,93.33333333333333,100.0,95.74468085106383,89.28571428571429,771,13.067796610169491,0,0,0,0,6,0,0,0,0,0,6.7857,3.8583,5041,1182402,198,32,68,0.36607379877886914,4,0.480679,0.098632,115,3.22,11.33,15.796000000000001,57,0.332,2.348,0,0,0,0,0,0,
K8_R0.90_T1_H1_A0.65M30_S8004_EDGE_MARKET_inprocess,8004,8,0.9,1,1,SWEEP,0.65,30.0,,EDGE_MARKET,inprocess,2f52902bd9c02684ad5bfa96997f2e67f87c4113e3a8aea105e42a0b1825dc34,c83bc68df2466494a1f1a03a12f9843562b3b198fa0b69051bbf0915ded7ec04,0.268,0,62,52,1,53,9,85.48387096774194,87.23404255319149,80.0,100.0,87.23404255319149,78.57142857142857,720,13.584905660377359,0,0,0,0,5,0,0,0,0,0,5.6356,3.8583,4384,1193656,128,25,68,0.23580089342693045,3,0.025999,0.170863,92,0.055,0.126,0.18000000000000002,598,0.462,4.473000000000001,0,14,0,0,0,0,
K8_R0.90_T1_H1_A0.55M5_S8004_CENTRAL_inprocess,8004,8,0.9,1,1,SWEEP,0.55,5.0,,CENTRAL,inprocess,1a12ef814549aa5d241fc666cd422f00f7d5529f8a6d2851a15bf4fe0a17f6a0,379e8d4aad27592b22b310b2241912cc661b35301a090b0a1aba9b892b4a27c6,1.338,0,62,57,1,58,4,93.54838709677419,93.61702127659575,100.0,100.0,91.48936170212765,92.85714285714286,749,12.913793103448276,0,0,0,0,6,0,0,0,0,0,5.6502,3.8583,6154,1273849,222,39,29,0.6089244851258582,6,1.140351,0.11115100000000001,255,2.0100000000000002,18.343,25.832,0,0.0,0.0,0,0,0,0,0,0,
K8_R0.90_T1_H1_A0.55M5_S8004_CENTRAL_FB_inprocess,8004,8,0.9,1,1,SWEEP,0.55,5.0,,CENTRAL_FB,inprocess,1a12ef814549aa5d241fc666cd422f00f7d5529f8a6d2851a15bf4fe0a17f6a0,80970e1d7a27996fd3b6806d1d5d073bdea6715df470f24c607fbe0bf0478d3a,1.424,0,62,58,2,60,2,96.7741935483871,96.80851063829788,100.0,100.0,95.74468085106383,96.42857142857143,754,12.566666666666666,0,0,0,0,8,0,0,0,0,0,5.6585,3.8583,6173,1276242,210,41,29,0.646485260770975,6,1.189249,0.11041499999999999,250,1.6689999999999998,21.432,29.138,49,0.19699999999999998,2.99,0,0,0,0,0,0,
K8_R0.90_T1_H1_A0.55M5_S8004_HYBRID_inprocess,8004,8,0.9,1,1,SWEEP,0.55,5.0,,HYBRID,inprocess,1a12ef814549aa5d241fc666cd422f00f7d5529f8a6d2851a15bf4fe0a17f6a0,3d61325c1f566145094967cb3363b6c28d1f2b73391ed5f7ac445618c30a571d,1.498,0,62,58,2,60,2,96.7741935483871,96.80851063829788,100.0,100.0,95.74468085106383,96.42857142857143,754,12.566666666666666,0,0,0,0,8,0,0,0,0,0,5.6585,3.8583,6173,1276242,210,41,29,0.646485260770975,6,1.184957,0.115977,250,2.236,20.226999999999997,36.614,49,0.1,2.6679999999999997,0,0,0,0,0,0,
K8_R0.90_T1_H1_A0.55M5_S8004_HYBRID_EAGER_inprocess,8004,8,0.9,1,1,SWEEP,0.55,5.0,,HYBRID_EAGER,inprocess,1a12ef814549aa5d241fc666cd422f00f7d5529f8a6d2851a15bf4fe0a17f6a0,77522d612d15748a2289580f6bfa63404c3e79af62216eea148af905f00159fe,1.329,0,62,55,1,56,6,90.3225806451613,91.48936170212765,93.33333333333333,100.0,89.36170212765957,85.71428571428571,806,14.392857142857142,0,0,0,0,8,0,0,0,0,0,5.5891,3.8583,6562,1307755,234,47,30,0.698873121869783,6,1.062578,0.108029,266,1.942,16.2,26.256,117,0.091,7.051,0,0,0,0,0,0,
K8_R0.90_T1_H1_A0.55M5_S8004_EDGE_MARKET_inprocess,8004,8,0.9,1,1,SWEEP,0.55,5.0,,EDGE_MARKET,inprocess,1a12ef814549aa5d241fc666cd422f00f7d5529f8a6d2851a15bf4fe0a17f6a0,456312c7cc7f2f629271ab45dbe284a81e7429e737b37556c2438b017372a177,0.212,0,62,55,1,56,6,90.3225806451613,91.48936170212765,93.33333333333333,100.0,89.36170212765957,89.28571428571429,797,14.232142857142858,0,0,0,0,7,1,1,0,10,22,10.3917,3.8583,4144,1160637,123,27,27,0.29426751592356687,4,0.018591,0.138523,60,0.036000000000000004,0.09000000000000001,0.174,344,0.433,2.637,0,6,0,0,0,0,
K8_R0.90_T1_H1_A0.55M15_S8004_CENTRAL_inprocess,8004,8,0.9,1,1,SWEEP,0.55,15.0,,CENTRAL,inprocess,06235faac71a135bbe5815d6d378fef745ccabec935c7539f278796ba1652feb,85abd496ce83ca7105e4bcbdd14e28414b0b319527e78520c9a2415b59aaf712,0.596,0,62,58,2,60,2,96.7741935483871,96.80851063829788,93.33333333333333,100.0,97.87234042553192,96.42857142857143,845,14.083333333333334,0,0,0,0,7,0,0,0,0,0,6.2989,3.8583,4970,1217761,167,26,59,0.56625,6,0.428519,0.08420899999999999,147,1.685,12.822999999999999,18.912000000000003,0,0.0,0.0,0,0,0,0,0,0,
K8_R0.90_T1_H1_A0.55M15_S8004_CENTRAL_FB_inprocess,8004,8,0.9,1,1,SWEEP,0.55,15.0,,CENTRAL_FB,inprocess,06235faac71a135bbe5815d6d378fef745ccabec935c7539f278796ba1652feb,529a7763dde6f5cfb6ec022c38e91c8fc70483ab257fa3540267a7317ab3ceee,0.571,0,62,58,2,60,2,96.7741935483871,97.87234042553192,100.0,100.0,95.74468085106383,92.85714285714286,814,13.566666666666666,0,0,0,0,6,0,0,0,0,0,6.2989,3.8583,4896,1211474,168,21,58,0.5181264035931986,6,0.422502,0.08916600000000001,140,1.6219999999999999,13.100999999999999,19.858,55,0.088,2.206,0,0,0,0,0,0,
K8_R0.90_T1_H1_A0.55M15_S8004_HYBRID_inprocess,8004,8,0.9,1,1,SWEEP,0.55,15.0,,HYBRID,inprocess,06235faac71a135bbe5815d6d378fef745ccabec935c7539f278796ba1652feb,258440b75451ebf3269b1d97d62b189c7aa6fc76b0be9417df994bf0b3c6bcc0,0.57,0,62,58,2,60,2,96.7741935483871,97.87234042553192,100.0,100.0,95.74468085106383,92.85714285714286,814,13.566666666666666,0,0,0,0,6,0,0,0,0,0,6.2989,3.8583,4896,1211474,168,21,58,0.5181264035931986,6,0.416356,0.089917,140,1.631,9.912,20.570999999999998,55,0.087,2.19,0,0,0,0,0,0,
K8_R0.90_T1_H1_A0.55M15_S8004_HYBRID_EAGER_inprocess,8004,8,0.9,1,1,SWEEP,0.55,15.0,,HYBRID_EAGER,inprocess,06235faac71a135bbe5815d6d378fef745ccabec935c7539f278796ba1652feb,0c102385723186d7e8582324d25b6bd742ade9679ef2a14182f635dc56dde301,0.684,0,62,58,2,60,2,96.7741935483871,97.87234042553192,100.0,100.0,95.74468085106383,92.85714285714286,814,13.566666666666666,0,0,0,0,6,0,0,0,0,0,6.2989,3.8583,4896,1211312,168,21,58,0.5181264035931986,6,0.480637,0.11466199999999999,140,2.212,11.655999999999999,19.833,81,0.147,2.182,0,0,0,0,0,0,
K8_R0.90_T1_H1_A0.55M15_S8004_EDGE_MARKET_inprocess,8004,8,0.9,1,1,SWEEP,0.55,15.0,,EDGE_MARKET,inprocess,06235faac71a135bbe5815d6d378fef745ccabec935c7539f278796ba1652feb,9fb30fd97988249692e8bbd088359b47c7c54b947494fee58bc50767eaef22e7,0.202,0,62,57,1,58,4,93.54838709677419,95.74468085106383,100.0,100.0,91.48936170212765,89.28571428571429,852,14.689655172413794,0,0,0,0,7,0,0,0,0,0,5.6559,3.8583,4075,1140259,115,13,52,0.3417172593235039,4,0.017305,0.123433,49,0.038,0.067,0.102,298,0.47100000000000003,2.4810000000000003,0,5,0,0,0,0,
K8_R0.90_T1_H1_A0.55M30_S8004_CENTRAL_inprocess,8004,8,0.9,1,1,SWEEP,0.55,30.0,,CENTRAL,inprocess,5f481906d466e389f7931c8280b9c70b567990ad4881d016872a3f1011332043,011a65f3c72c3dbd6336909dde34f613dd226012fc75f250dfebb131d4f0e58b,0.558,0,62,54,2,56,6,90.3225806451613,89.36170212765957,86.66666666666667,100.0,91.48936170212765,89.28571428571429,800,14.285714285714286,0,0,0,0,6,0,0,0,0,0,5.6336,3.8583,4605,1154901,156,23,89,0.6554593874833555,4,0.386256,0.099521,106,2.869,8.969,18.348,0,0.0,0.0,0,1,0,0,0,0,
K8_R0.90_T1_H1_A0.55M30_S8004_CENTRAL_FB_inprocess,8004,8,0.9,1,1,SWEEP,0.55,30.0,,CENTRAL_FB,inprocess,5f481906d466e389f7931c8280b9c70b567990ad4881d016872a3f1011332043,d6282735528a48c24166d935fa2b8b71ffe38e51eea64c41c8ee54fc13b80958,0.583,0,62,56,1,57,5,91.93548387096774,93.61702127659575,100.0,100.0,89.36170212765957,89.28571428571429,765,13.421052631578947,0,0,0,0,7,0,0,0,0,0,5.6336,3.8583,4658,1168055,137,18,89,0.6236102027468934,4,0.399584,0.11244499999999999,107,2.4949999999999997,9.399,17.228,60,0.49700000000000005,2.8649999999999998,0,1,0,0,0,0,
K8_R0.90_T1_H1_A0.55M30_S8004_HYBRID_inprocess,8004,8,0.9,1,1,SWEEP,0.55,30.0,,HYBRID,inprocess,5f481906d466e389f7931c8280b9c70b567990ad4881d016872a3f1011332043,ee65ba746c70d053c27163021600faa51f9930efc749d708af9962d50187b34c,0.512,0,62,56,1,57,5,91.93548387096774,93.61702127659575,100.0,100.0,89.36170212765957,89.28571428571429,765,13.421052631578947,0,0,0,0,7,0,0,0,0,0,5.6336,3.8583,4658,1168055,137,18,89,0.6236102027468934,4,0.340266,0.09822900000000001,107,2.048,7.042,19.346,60,0.425,2.665,0,1,0,0,0,0,
K8_R0.90_T1_H1_A0.55M30_S8004_HYBRID_EAGER_inprocess,8004,8,0.9,1,1,SWEEP,0.55,30.0,,HYBRID_EAGER,inprocess,5f481906d466e389f7931c8280b9c70b567990ad4881d016872a3f1011332043,6b319b28377d4fa7c8cac9512cabbbb29da9bad82de166300c08cfd8049fb984,0.555,0,62,56,2,58,4,93.54838709677419,94.68085106382979,93.33333333333333,100.0,93.61702127659575,85.71428571428571,769,13.258620689655173,0,0,0,0,6,0,0,0,0,0,5.635,3.8583,4616,1164696,146,24,89,0.6078431372549019,5,0.373651,0.110483,107,2.4130000000000003,8.548,17.765,78,0.41100000000000003,2.49,0,1,0,0,0,0,
K8_R0.90_T1_H1_A0.55M30_S8004_EDGE_MARKET_inprocess,8004,8,0.9,1,1,SWEEP,0.55,30.0,,EDGE_MARKET,inprocess,5f481906d466e389f7931c8280b9c70b567990ad4881d016872a3f1011332043,7f3473d73b4e8e8ce59429614eeb3ed2a070b132da82920cffb90eb03805e37e,0.196,0,62,53,1,54,8,87.09677419354838,89.36170212765957,93.33333333333333,100.0,85.1063829787234,78.57142857142857,722,13.37037037037037,0,0,0,0,5,0,0,0,0,0,6.8696,3.8583,4131,1144267,124,24,70,0.5796128012643224,4,0.018885,0.126103,70,0.032,0.082,0.108,357,0.41800000000000004,3.004,0,13,0,0,0,0,
K8_R0.90_T1_H1_A0.95M5_S8005_CENTRAL_FB_inprocess,8005,8,0.9,1,1,SWEEP,0.95,5.0,,CENTRAL_FB,inprocess,215690c231bfee3187108ae3cac2e8e9a7a1f8031e09f34306a2844de6300aa9,f2fba2b0206c775551c9851f71edfad8c7eaf1c859810ce6d8ce29f0fbad7dda,1.257,0,62,57,0,57,5,91.93548387096774,93.6842105263158,94.11764705882354,100.0,91.11111111111111,94.28571428571429,889,15.596491228070175,0,0,0,0,7,0,0,0,0,0,5.659,3.9216,5741,1286089,268,49,23,0.060426320667284525,1,1.048623,0.091886,126,5.989000000000001,23.231,29.532,3,0.020999999999999998,0.020999999999999998,0,0,0,0,0,0,
K8_R0.90_T1_H1_A0.95M5_S8005_CENTRAL_inprocess,8005,8,0.9,1,1,SWEEP,0.95,5.0,,CENTRAL,inprocess,215690c231bfee3187108ae3cac2e8e9a7a1f8031e09f34306a2844de6300aa9,df6b7ed6f22276d93f186c1fe57b641d58e8f0275a6739bb79aa794b655ba09a,1.563,0,62,58,0,58,4,93.54838709677419,95.78947368421052,100.0,100.0,91.11111111111111,94.28571428571429,887,15.293103448275861,0,0,0,0,8,0,0,0,0,0,5.659,3.9216,5749,1288086,283,49,23,0.06037037037037037,3,1.325068,0.10606499999999999,125,6.498,28.961000000000002,45.313,0,0.0,0.0,0,0,0,0,0,0,
K8_R0.90_T1_H1_A0.95M5_S8005_HYBRID_inprocess,8005,8,0.9,1,1,SWEEP,0.95,5.0,,HYBRID,inprocess,215690c231bfee3187108ae3cac2e8e9a7a1f8031e09f34306a2844de6300aa9,68271529a330aa2d9bd4591859a95d192803c77cd5595a42eb7e1d9ef196c5cc,1.44,0,62,57,0,57,5,91.93548387096774,93.6842105263158,94.11764705882354,100.0,91.11111111111111,94.28571428571429,889,15.596491228070175,0,0,0,0,7,0,0,0,0,0,5.659,3.9216,5741,1286089,268,49,23,0.060426320667284525,1,1.236783,0.11427399999999999,126,7.649,23.654,32.778,3,0.024,0.024,0,0,0,0,0,0,
K8_R0.90_T1_H1_A0.95M5_S8005_HYBRID_EAGER_inprocess,8005,8,0.9,1,1,SWEEP,0.95,5.0,,HYBRID_EAGER,inprocess,215690c231bfee3187108ae3cac2e8e9a7a1f8031e09f34306a2844de6300aa9,1a3d2e2eeee38da39d53503989d94ec9049ed76bd1ef32d81580a6d94188991d,1.388,0,62,56,0,56,6,90.3225806451613,93.6842105263158,100.0,100.0,86.66666666666667,91.42857142857143,922,16.464285714285715,0,0,0,0,7,0,0,0,0,0,5.6775,3.9216,5829,1325062,300,47,23,0.07297000731528895,2,1.153151,0.11746999999999998,126,7.351,26.889,32.207,22,0.33799999999999997,0.368,0,0,0,0,0,0,
K8_R0.90_T1_H1_A0.95M5_S8005_EDGE_MARKET_inprocess,8005,8,0.9,1,1,SWEEP,0.95,5.0,,EDGE_MARKET,inprocess,215690c231bfee3187108ae3cac2e8e9a7a1f8031e09f34306a2844de6300aa9,6632b27592a034ef9efb7841733fe62a852315e70f7a407862c8773a5632149d,0.264,0,62,54,0,54,8,87.09677419354838,88.42105263157895,88.23529411764706,66.66666666666667,86.66666666666667,94.28571428571429,882,16.333333333333332,0,0,0,0,6,0,0,0,0,0,5.6639,3.9216,4404,1247752,193,38,16,0.030032266070985355,1,0.027316,0.176609,70,0.060000000000000005,0.165,0.22599999999999998,592,0.516,2.595,0,11,0,0,0,0,
K8_R0.90_T1_H1_A0.95M15_S8005_CENTRAL_inprocess,8005,8,0.9,1,1,SWEEP,0.95,15.0,,CENTRAL,inprocess,5fdd377ddd131abc917dd6e59b58c8c6da8964d9d84e13b141f6ceb492a7ba10,c62b243ca777497094c6f41429db11ee50fdea23ada8e5b9c61e49be7e56fc0b,1.452,0,62,52,0,52,10,83.87096774193549,85.26315789473684,82.3529411764706,66.66666666666667,84.44444444444444,82.85714285714286,942,18.115384615384617,0,0,0,0,8,0,0,0,0,0,5.6659,3.9216,5909,1265998,280,46,47,0.04059563907108669,2,1.278413,0.096646,134,8.706,20.825,29.423000000000002,0,0.0,0.0,0,3,0,0,0,0,
K8_R0.90_T1_H1_A0.95M15_S8005_CENTRAL_FB_inprocess,8005,8,0.9,1,1,SWEEP,0.95,15.0,,CENTRAL_FB,inprocess,5fdd377ddd131abc917dd6e59b58c8c6da8964d9d84e13b141f6ceb492a7ba10,aba0f65310cd158162a38d142e3ddf9df1ed897e2f2b594595ac164e1b1839ec,1.649,0,62,52,0,52,10,83.87096774193549,85.26315789473684,82.3529411764706,66.66666666666667,84.44444444444444,82.85714285714286,942,18.115384615384617,0,0,0,0,8,0,0,0,0,0,5.6659,3.9216,5909,1265998,280,46,47,0.04059563907108669,2,1.405884,0.114312,134,10.274999999999999,21.473,27.806,3,0.014,0.014,0,3,0,0,0,0,
K8_R0.90_T1_H1_A0.95M15_S8005_HYBRID_inprocess,8005,8,0.9,1,1,SWEEP,0.95,15.0,,HYBRID,inprocess,5fdd377ddd131abc917dd6e59b58c8c6da8964d9d84e13b141f6ceb492a7ba10,e9add03639db7a4e5fd3cb38b894c041cebb4ec75c4f9080ed625171306d2bb9,1.521,0,62,52,0,52,10,83.87096774193549,85.26315789473684,82.3529411764706,66.66666666666667,84.44444444444444,82.85714285714286,942,18.115384615384617,0,0,0,0,8,0,0,0,0,0,5.6659,3.9216,5909,1265998,280,46,47,0.04059563907108669,2,1.306827,0.09733800000000001,134,8.184000000000001,24.258,31.558000000000003,3,0.012,0.012,0,3,0,0,0,0,
K8_R0.90_T1_H1_A0.95M15_S8005_EDGE_MARKET_inprocess,8005,8,0.9,1,1,SWEEP,0.95,15.0,,EDGE_MARKET,inprocess,5fdd377ddd131abc917dd6e59b58c8c6da8964d9d84e13b141f6ceb492a7ba10,e678a62f48a9060dea354ae879de86b99c9d0e24d068b1d6e0bba6af2899d62d,0.284,0,62,53,0,53,9,85.48387096774194,87.36842105263158,88.23529411764706,66.66666666666667,84.44444444444444,91.42857142857143,883,16.660377358490567,0,0,0,0,7,0,0,0,0,0,5.6639,3.9216,4429,1237187,221,35,12,0.011129929833051052,1,0.031856,0.18563300000000002,64,0.073,0.21000000000000002,0.24600000000000002,599,0.479,3.112,0,16,0,0,0,0,
K8_R0.90_T1_H1_A0.95M15_S8005_HYBRID_EAGER_inprocess,8005,8,0.9,1,1,SWEEP,0.95,15.0,,HYBRID_EAGER,inprocess,5fdd377ddd131abc917dd6e59b58c8c6da8964d9d84e13b141f6ceb492a7ba10,147b56e1565cb6e8d5a3a789ed0b39631574b50ed46fca114b18d70f8110edfc,1.643,0,62,52,0,52,10,83.87096774193549,85.26315789473684,82.3529411764706,66.66666666666667,84.44444444444444,82.85714285714286,942,18.115384615384617,0,0,0,0,8,0,0,0,0,0,5.6659,3.9216,5909,1265948,280,46,47,0.04059563907108669,2,1.42749,0.11696,134,10.007,21.796,36.69,12,0.038,0.046,0,3,0,0,0,0,
K8_R0.90_T1_H1_A0.95M30_S8005_CENTRAL_inprocess,8005,8,0.9,1,1,SWEEP,0.95,30.0,,CENTRAL,inprocess,58267f6b5d5664360641057be110a43c799f3dfbd9686c164a24f2034159f7a1,6fd146dd4f8ba9f954f243ae22a6f94b4f2e250e00e3e7287ba944bd6f633d0b,1.767,0,62,53,0,53,9,85.48387096774194,90.52631578947368,100.0,100.0,80.0,94.28571428571429,895,16.88679245283019,0,0,0,0,8,0,0,0,0,0,5.6719,3.9216,5906,1271656,278,67,49,0.044151682392736334,1,1.544839,0.107013,126,10.157,29.43,38.214,0,0.0,0.0,0,0,0,0,0,0,
K8_R0.90_T1_H1_A0.95M30_S8005_CENTRAL_FB_inprocess,8005,8,0.9,1,1,SWEEP,0.95,30.0,,CENTRAL_FB,inprocess,58267f6b5d5664360641057be110a43c799f3dfbd9686c164a24f2034159f7a1,5f3fc050087ea3e8ac28d46ae78ef2a3d05fec82f13bb65a3553e0c039c618e3,1.724,0,62,53,0,53,9,85.48387096774194,90.52631578947368,100.0,100.0,80.0,94.28571428571429,895,16.88679245283019,0,0,0,0,8,0,0,0,0,0,5.6719,3.9216,5906,1271656,278,67,49,0.044151682392736334,1,1.47063,0.10656500000000001,126,10.67,29.756,50.493,5,0.023,0.023,0,0,0,0,0,0,
K8_R0.90_T1_H1_A0.95M30_S8005_HYBRID_inprocess,8005,8,0.9,1,1,SWEEP,0.95,30.0,,HYBRID,inprocess,58267f6b5d5664360641057be110a43c799f3dfbd9686c164a24f2034159f7a1,d7d130273f230f6d97d68d1cae4df6eabf3c1d724fd7afff41fb8c163c14249b,1.695,0,62,53,0,53,9,85.48387096774194,90.52631578947368,100.0,100.0,80.0,94.28571428571429,895,16.88679245283019,0,0,0,0,8,0,0,0,0,0,5.6719,3.9216,5906,1271656,278,67,49,0.044151682392736334,1,1.392772,0.09742799999999999,126,9.216999999999999,30.637,46.937,5,0.022,0.022,0,0,0,0,0,0,
K8_R0.90_T1_H1_A0.95M30_S8005_HYBRID_EAGER_inprocess,8005,8,0.9,1,1,SWEEP,0.95,30.0,,HYBRID_EAGER,inprocess,58267f6b5d5664360641057be110a43c799f3dfbd9686c164a24f2034159f7a1,d97ca247c1e77e96d719fc823b6f63bcae238ed66bf61fda0425302f0822babf,1.639,0,62,53,0,53,9,85.48387096774194,89.47368421052632,100.0,100.0,80.0,94.28571428571429,869,16.39622641509434,0,0,0,0,6,0,0,0,0,0,5.688,3.9216,5912,1269912,279,58,49,0.035631569570639586,0,1.415608,0.10348000000000002,129,8.504,27.503,40.594,15,0.025,0.043000000000000003,0,1,0,0,0,0,
K8_R0.90_T1_H1_A0.95M30_S8005_EDGE_MARKET_inprocess,8005,8,0.9,1,1,SWEEP,0.95,30.0,,EDGE_MARKET,inprocess,58267f6b5d5664360641057be110a43c799f3dfbd9686c164a24f2034159f7a1,1cb9b841120c5a7e8148695333812aede21b5efc365e19c2dfc51b8a19d8eff5,0.233,0,62,54,0,54,8,87.09677419354838,88.42105263157895,88.23529411764706,66.66666666666667,86.66666666666667,91.42857142857143,904,16.74074074074074,0,0,0,0,7,0,0,0,0,0,5.6639,3.9216,4362,1223330,200,28,49,0.02982499383781119,1,0.025861,0.153107,62,0.062,0.152,0.164,541,0.416,2.275,0,13,0,0,0,0,
K8_R0.90_T1_H1_A0.85M5_S8005_CENTRAL_inprocess,8005,8,0.9,1,1,SWEEP,0.85,5.0,,CENTRAL,inprocess,317f8c66f4b76486b96bd8375701f42aeeb758ad28a7e4dd2c0bc08a7fcba6a3,84f2ff0c206e45fc70f251eef64d1155afc3d95c8f9f9b7044bfd410dc51a36f,1.452,0,62,56,0,56,6,90.3225806451613,93.6842105263158,100.0,100.0,86.66666666666667,91.42857142857143,886,15.821428571428571,0,0,0,0,8,0,0,0,0,0,5.678,3.9306,6154,1295843,274,46,26,0.1775244299674267,2,1.283409,0.09723000000000001,167,5.45,18.791,35.401,0,0.0,0.0,0,0,0,0,0,0,
K8_R0.90_T1_H1_A0.85M5_S8005_CENTRAL_FB_inprocess,8005,8,0.9,1,1,SWEEP,0.85,5.0,,CENTRAL_FB,inprocess,317f8c66f4b76486b96bd8375701f42aeeb758ad28a7e4dd2c0bc08a7fcba6a3,fa07151d656e785913227739423140e6c8ff27e24390cf9fb845ba5452bd258e,1.571,0,62,57,0,57,5,91.93548387096774,94.73684210526316,100.0,100.0,88.88888888888889,94.28571428571429,894,15.68421052631579,0,0,0,0,8,0,0,0,0,0,5.678,3.9306,6028,1297467,279,52,26,0.17795509370940804,3,1.37051,0.105379,157,7.561,21.832,31.635000000000005,11,0.019,0.019,0,0,0,0,0,0,
K8_R0.90_T1_H1_A0.85M5_S8005_HYBRID_inprocess,8005,8,0.9,1,1,SWEEP,0.85,5.0,,HYBRID,inprocess,317f8c66f4b76486b96bd8375701f42aeeb758ad28a7e4dd2c0bc08a7fcba6a3,1e8b0953555014608c23d034e627de4fe474daf14252af7ceae5b6fc19a98a0d,1.652,0,62,57,0,57,5,91.93548387096774,94.73684210526316,100.0,100.0,88.88888888888889,94.28571428571429,894,15.68421052631579,0,0,0,0,8,0,0,0,0,0,5.678,3.9306,6028,1297467,279,52,26,0.17795509370940804,3,1.417454,0.12758,157,7.760000000000001,22.125,29.399,11,0.019,0.019,0,0,0,0,0,0,
K8_R0.90_T1_H1_A0.85M5_S8005_EDGE_MARKET_inprocess,8005,8,0.9,1,1,SWEEP,0.85,5.0,,EDGE_MARKET,inprocess,317f8c66f4b76486b96bd8375701f42aeeb758ad28a7e4dd2c0bc08a7fcba6a3,bf8af8522de2f57a624f0e088d9a33cad14807a50cd7e2efe3c2c4badbbff7c5,0.31,0,62,53,0,53,9,85.48387096774194,89.47368421052632,94.11764705882354,100.0,82.22222222222223,82.85714285714286,946,17.849056603773583,0,0,0,0,5,0,0,0,0,0,5.6719,3.9216,4535,1263178,206,39,26,0.1388028895768834,2,0.031986,0.209657,107,0.058,0.157,0.27599999999999997,679,0.508,2.953,0,22,0,0,0,0,
K8_R0.90_T1_H1_A0.85M5_S8005_HYBRID_EAGER_inprocess,8005,8,0.9,1,1,SWEEP,0.85,5.0,,HYBRID_EAGER,inprocess,317f8c66f4b76486b96bd8375701f42aeeb758ad28a7e4dd2c0bc08a7fcba6a3,3a4a3ce7ccfa7056e439722aca7b55731bfbb348b5a0027280ca27a7ec05cac5,1.876,0,62,57,0,57,5,91.93548387096774,92.63157894736842,94.11764705882354,66.66666666666667,91.11111111111111,94.28571428571429,842,14.771929824561404,0,0,0,0,7,0,0,0,0,0,5.6546,3.9306,6768,1337914,299,71,26,0.18761148046051565,2,1.583731,0.136464,176,7.391,23.109,35.187000000000005,43,0.455,2.785,0,0,0,0,0,0,
K8_R0.90_T1_H1_A0.85M15_S8005_CENTRAL_inprocess,8005,8,0.9,1,1,SWEEP,0.85,15.0,,CENTRAL,inprocess,fc0adc447442c02f77367e8c81fc1a0dea08507e1afab1d6e158135a8323553d,5c349a5f410b6bac7353ed55950e05215058d8e0130eb2d2ccc6b80809f3b294,1.409,0,62,56,0,56,6,90.3225806451613,92.63157894736842,94.11764705882354,100.0,88.88888888888889,91.42857142857143,884,15.785714285714286,0,0,0,0,7,0,0,0,0,0,5.6775,3.9216,5703,1277430,262,57,102,0.36702450881101883,3,1.189891,0.121266,130,8.45,23.162,29.862,0,0.0,0.0,0,0,0,0,0,0,
K8_R0.90_T1_H1_A0.85M15_S8005_CENTRAL_FB_inprocess,8005,8,0.9,1,1,SWEEP,0.85,15.0,,CENTRAL_FB,inprocess,fc0adc447442c02f77367e8c81fc1a0dea08507e1afab1d6e158135a8323553d,3f7402f93f3e01b61cec08d3a6b49d8a4f59e860053f31d688e82fcec7c4fdbe,1.489,0,62,56,0,56,6,90.3225806451613,92.63157894736842,94.11764705882354,100.0,88.88888888888889,91.42857142857143,884,15.785714285714286,0,0,0,0,7,0,0,0,0,0,5.6775,3.9216,5703,1277333,262,57,102,0.36702450881101883,3,1.258299,0.117572,130,8.566,22.173,28.102999999999998,25,0.041,0.073,0,0,0,0,0,0,
K8_R0.90_T1_H1_A0.85M15_S8005_HYBRID_inprocess,8005,8,0.9,1,1,SWEEP,0.85,15.0,,HYBRID,inprocess,fc0adc447442c02f77367e8c81fc1a0dea08507e1afab1d6e158135a8323553d,b18085e16bade848d671a6aa5f6f0701c7d33733a0087ce3aea00dc669c21485,1.311,0,62,56,0,56,6,90.3225806451613,92.63157894736842,94.11764705882354,100.0,88.88888888888889,91.42857142857143,884,15.785714285714286,0,0,0,0,7,0,0,0,0,0,5.6775,3.9216,5703,1277333,262,57,102,0.36702450881101883,3,1.094718,0.112233,130,8.259,17.395,38.779,25,0.046,0.054,0,0,0,0,0,0,
K8_R0.90_T1_H1_A0.85M15_S8005_EDGE_MARKET_inprocess,8005,8,0.9,1,1,SWEEP,0.85,15.0,,EDGE_MARKET,inprocess,fc0adc447442c02f77367e8c81fc1a0dea08507e1afab1d6e158135a8323553d,c95c9c1d84d1ab3d38bf36a9d332015f9812026e5a7cf0c6a11b64bc5c552a16,0.303,0,62,53,0,53,9,85.48387096774194,86.3157894736842,88.23529411764706,66.66666666666667,84.44444444444444,88.57142857142857,822,15.50943396226415,0,0,0,0,4,0,0,0,0,0,5.6719,3.9216,4359,1239885,190,39,103,0.27808676307007785,3,0.030194,0.203288,77,0.062,0.145,0.23,552,0.5289999999999999,3.932,0,13,0,0,0,0,
K8_R0.90_T1_H1_A0.85M15_S8005_HYBRID_EAGER_inprocess,8005,8,0.9,1,1,SWEEP,0.85,15.0,,HYBRID_EAGER,inprocess,fc0adc447442c02f77367e8c81fc1a0dea08507e1afab1d6e158135a8323553d,ae69199e0d9e1e3acfa63a4976e4c98f021490f5e262db6f52d8edc4c8add54a,1.365,0,62,56,0,56,6,90.3225806451613,92.63157894736842,94.11764705882354,100.0,88.88888888888889,91.42857142857143,884,15.785714285714286,0,0,0,0,7,0,0,0,0,0,5.6775,3.9216,5703,1277215,262,57,102,0.36702450881101883,3,1.151011,0.110273,130,7.569,22.398999999999997,28.555,41,0.049,2.629,0,0,0,0,0,0,
K8_R0.90_T1_H1_A0.85M30_S8005_CENTRAL_inprocess,8005,8,0.9,1,1,SWEEP,0.85,30.0,,CENTRAL,inprocess,11ae90c2d07eb6b6f44b0bc84d2a257affd79782be5ad3b726ae0508eaf95077,99332aa6fbe117fafa28948143c81445d9c284bd7df89480246f337ca82930d5,1.203,0,62,55,0,55,7,88.70967741935483,91.57894736842105,94.11764705882354,100.0,86.66666666666667,100.0,857,15.581818181818182,0,0,0,0,6,0,0,0,0,0,5.6915,3.9216,5836,1260743,256,49,78,0.2378003003003003,3,1.01662,0.10840300000000001,127,7.328,18.741,26.948,0,0.0,0.0,0,0,0,0,0,0,
K8_R0.90_T1_H1_A0.85M30_S8005_CENTRAL_FB_inprocess,8005,8,0.9,1,1,SWEEP,0.85,30.0,,CENTRAL_FB,inprocess,11ae90c2d07eb6b6f44b0bc84d2a257affd79782be5ad3b726ae0508eaf95077,a394c4da5d755bf2b36d05630a4f552a4abec04fa187fa8bcddcb86d68815247,1.33,0,62,55,0,55,7,88.70967741935483,91.57894736842105,94.11764705882354,100.0,86.66666666666667,100.0,857,15.581818181818182,0,0,0,0,6,0,0,0,0,0,5.6915,3.9216,5836,1260620,256,49,78,0.2378003003003003,3,1.116485,0.11852700000000001,127,8.398,17.65,26.813,14,0.10900000000000001,2.316,0,0,0,0,0,0,
K8_R0.90_T1_H1_A0.85M30_S8005_HYBRID_inprocess,8005,8,0.9,1,1,SWEEP,0.85,30.0,,HYBRID,inprocess,11ae90c2d07eb6b6f44b0bc84d2a257affd79782be5ad3b726ae0508eaf95077,6685839d5068f1065e3f2b345a8427ba05e00241e3338cc244d1d10556f94392,1.243,0,62,55,0,55,7,88.70967741935483,91.57894736842105,94.11764705882354,100.0,86.66666666666667,100.0,857,15.581818181818182,0,0,0,0,6,0,0,0,0,0,5.6915,3.9216,5836,1260620,256,49,78,0.2378003003003003,3,1.040475,0.10719,127,7.692,17.041,25.024,14,0.115,2.561,0,0,0,0,0,0,
K8_R0.90_T1_H1_A0.85M30_S8005_HYBRID_EAGER_inprocess,8005,8,0.9,1,1,SWEEP,0.85,30.0,,HYBRID_EAGER,inprocess,11ae90c2d07eb6b6f44b0bc84d2a257affd79782be5ad3b726ae0508eaf95077,88fd06501b96bb4237de36b518929ed6bf5475eadcae209cc64a1891ea7361ab,1.372,0,62,55,0,55,7,88.70967741935483,91.57894736842105,94.11764705882354,100.0,86.66666666666667,100.0,857,15.581818181818182,0,0,0,0,6,0,0,0,0,0,5.6915,3.9216,5836,1260536,256,49,78,0.2378003003003003,3,1.148288,0.12754100000000002,127,8.337000000000002,19.281,30.724999999999998,27,2.7009999999999996,2.9810000000000003,0,0,0,0,0,0,
K8_R0.90_T1_H1_A0.85M30_S8005_EDGE_MARKET_inprocess,8005,8,0.9,1,1,SWEEP,0.85,30.0,,EDGE_MARKET,inprocess,11ae90c2d07eb6b6f44b0bc84d2a257affd79782be5ad3b726ae0508eaf95077,1f0ed0aa1fc79c77d325acef130a91d10fc8f6d757fd58bb8e41cefd6009b384,0.291,0,62,53,0,53,9,85.48387096774194,87.36842105263158,94.11764705882354,100.0,82.22222222222223,88.57142857142857,928,17.50943396226415,0,0,0,0,6,0,0,0,0,0,5.6335,3.9216,4611,1291757,217,45,78,0.25356265356265356,0,0.031369,0.196216,97,0.06499999999999999,0.177,0.318,751,0.462,2.712,0,26,0,0,0,0,
K8_R0.90_T1_H1_A0.75M5_S8005_CENTRAL_FB_inprocess,8005,8,0.9,1,1,SWEEP,0.75,5.0,,CENTRAL_FB,inprocess,7a4d17eec44803caac1663ea2a0358e06a1842784ead3956628e12333b0a44d0,df936ef63d449de277930939cee0d2c895312da032bd533650581a0a17c64408,1.742,0,62,55,0,55,7,88.70967741935483,89.47368421052632,82.3529411764706,100.0,91.11111111111111,88.57142857142857,822,14.945454545454545,0,0,0,0,6,0,0,0,0,0,5.751,3.9306,6957,1380099,314,56,26,0.31072687594426723,5,1.4929,0.116536,216,4.879,21.614,37.263999999999996,24,0.012,0.032,0,1,0,0,0,0,
K8_R0.90_T1_H1_A0.75M5_S8005_CENTRAL_inprocess,8005,8,0.9,1,1,SWEEP,0.75,5.0,,CENTRAL,inprocess,7a4d17eec44803caac1663ea2a0358e06a1842784ead3956628e12333b0a44d0,2b8c3e436c014758f662ecbe03816adc7fe350a0654cf2dc5b3c2ddbaca6f72e,1.808,0,62,55,0,55,7,88.70967741935483,89.47368421052632,82.3529411764706,100.0,91.11111111111111,88.57142857142857,822,14.945454545454545,0,0,0,0,6,0,0,0,0,0,5.751,3.9306,6957,1380099,314,56,26,0.31072687594426723,5,1.544332,0.121557,216,4.819999999999999,24.267,43.08,0,0.0,0.0,0,1,0,0,0,0,
K8_R0.90_T1_H1_A0.75M5_S8005_HYBRID_EAGER_inprocess,8005,8,0.9,1,1,SWEEP,0.75,5.0,,HYBRID_EAGER,inprocess,7a4d17eec44803caac1663ea2a0358e06a1842784ead3956628e12333b0a44d0,eedad9cae86aa5cb6a291b7482aac59705ce0b39a52dbf145e6fc64ece188e92,1.683,0,62,59,0,59,3,95.16129032258064,96.84210526315789,100.0,100.0,93.33333333333333,97.14285714285714,846,14.338983050847459,0,0,0,0,7,0,0,0,0,0,5.6938,3.9306,6570,1310820,263,60,26,0.2618194842406877,4,1.436669,0.13165800000000003,202,4.129,24.045,41.515,79,0.085,2.943,0,0,0,0,0,0,
K8_R0.90_T1_H1_A0.75M5_S8005_HYBRID_inprocess,8005,8,0.9,1,1,SWEEP,0.75,5.0,,HYBRID,inprocess,7a4d17eec44803caac1663ea2a0358e06a1842784ead3956628e12333b0a44d0,800410261fb20128d9f1d49783f320230f6d441c6ede166ad0ec5cd810cd3e79,1.73,0,62,55,0,55,7,88.70967741935483,89.47368421052632,82.3529411764706,100.0,91.11111111111111,88.57142857142857,822,14.945454545454545,0,0,0,0,6,0,0,0,0,0,5.751,3.9306,6957,1380099,314,56,26,0.31072687594426723,5,1.507398,0.122517,216,4.5409999999999995,22.294,33.815999999999995,24,0.013,0.028,0,1,0,0,0,0,
K8_R0.90_T1_H1_A0.75M5_S8005_EDGE_MARKET_inprocess,8005,8,0.9,1,1,SWEEP,0.75,5.0,,EDGE_MARKET,inprocess,7a4d17eec44803caac1663ea2a0358e06a1842784ead3956628e12333b0a44d0,ee2c7d4fe76dc103994a6a4c3067cd03038305a53fbc2297243c53bb0cc0950f,0.298,0,62,53,0,53,9,85.48387096774194,88.42105263157895,100.0,100.0,80.0,94.28571428571429,842,15.88679245283019,0,0,0,0,5,0,0,0,0,0,5.6719,3.9216,4614,1271066,187,34,26,0.1859883236030025,3,0.028409,0.203096,96,0.054,0.192,0.323,734,0.606,4.008,0,29,0,0,0,0,
K8_R0.90_T1_H1_A0.75M15_S8005_CENTRAL_inprocess,8005,8,0.9,1,1,SWEEP,0.75,15.0,,CENTRAL,inprocess,33488ecb6d8a5cbd5e01c5509b7b1a21c8790ff1ba56d8eed8c8d9fc326f97af,44f900c2017e11481eba90a4c658933b77bd73b890fb184e8331cd9518c7df8a,1.303,0,62,55,0,55,7,88.70967741935483,90.52631578947368,88.23529411764706,100.0,88.88888888888889,85.71428571428571,786,14.290909090909091,0,0,0,0,5,0,0,0,0,0,5.6479,3.9216,5906,1292577,247,55,68,0.42638860210613255,3,1.06604,0.116952,156,5.073,18.055999999999997,30.95,0,0.0,0.0,0,1,0,0,0,0,
K8_R0.90_T1_H1_A0.75M15_S8005_CENTRAL_FB_inprocess,8005,8,0.9,1,1,SWEEP,0.75,15.0,,CENTRAL_FB,inprocess,33488ecb6d8a5cbd5e01c5509b7b1a21c8790ff1ba56d8eed8c8d9fc326f97af,616b77de9ba01019c5bdb3c230fff86547c117b0f7fbc4b9d788828ee2a85b88,1.314,0,62,56,0,56,6,90.3225806451613,91.57894736842105,88.23529411764706,100.0,91.11111111111111,88.57142857142857,787,14.053571428571429,0,0,0,0,4,0,0,0,0,0,5.6479,3.9216,5906,1292633,246,53,68,0.4242361684558216,3,1.096159,0.11782100000000001,156,5.485,19.852999999999998,24.888,34,0.032,0.5770000000000001,0,0,0,0,0,0,
K8_R0.90_T1_H1_A0.75M15_S8005_HYBRID_inprocess,8005,8,0.9,1,1,SWEEP,0.75,15.0,,HYBRID,inprocess,33488ecb6d8a5cbd5e01c5509b7b1a21c8790ff1ba56d8eed8c8d9fc326f97af,867f51976968587bb23d39e4f43fdacb63476b420951b8ac4e9a9a1b2ba0b475,1.264,0,62,56,0,56,6,90.3225806451613,91.57894736842105,88.23529411764706,100.0,91.11111111111111,88.57142857142857,787,14.053571428571429,0,0,0,0,4,0,0,0,0,0,5.6479,3.9216,5906,1292633,246,53,68,0.4242361684558216,3,1.064981,0.110041,156,5.152,19.466,26.618,34,0.033,0.791,0,0,0,0,0,0,
K8_R0.90_T1_H1_A0.75M15_S8005_EDGE_MARKET_inprocess,8005,8,0.9,1,1,SWEEP,0.75,15.0,,EDGE_MARKET,inprocess,33488ecb6d8a5cbd5e01c5509b7b1a21c8790ff1ba56d8eed8c8d9fc326f97af,487756bb43c3ab442c6dc6475d5037255872a86c0452e7fdac9c18ed941d7d4b,0.256,0,62,52,0,52,10,83.87096774193549,84.21052631578948,76.47058823529412,66.66666666666667,86.66666666666667,88.57142857142857,825,15.865384615384615,0,0,0,0,4,0,0,0,0,0,5.6719,3.9216,4359,1230481,150,27,69,0.352887537993921,3,0.026207,0.16976900000000003,83,0.056,0.13999999999999999,0.179,578,0.438,2.549,0,9,0,0,0,0,
K8_R0.90_T1_H1_A0.75M15_S8005_HYBRID_EAGER_inprocess,8005,8,0.9,1,1,SWEEP,0.75,15.0,,HYBRID_EAGER,inprocess,33488ecb6d8a5cbd5e01c5509b7b1a21c8790ff1ba56d8eed8c8d9fc326f97af,d831f982341a6c8933062ae78e4065dc35bbf3a372f72b2091fbbc4c42b855e0,1.289,0,62,56,0,56,6,90.3225806451613,91.57894736842105,88.23529411764706,100.0,91.11111111111111,88.57142857142857,787,14.053571428571429,0,0,0,0,4,0,0,0,0,0,5.6479,3.9216,5906,1292211,246,53,68,0.4242361684558216,3,1.06687,0.112182,156,4.8549999999999995,19.081999999999997,43.126,55,0.041999999999999996,0.474,0,0,0,0,0,0,
K8_R0.90_T1_H1_A0.75M30_S8005_CENTRAL_inprocess,8005,8,0.9,1,1,SWEEP,0.75,30.0,,CENTRAL,inprocess,21f4d32c441af09d668004d9e00c6fb2e02f47c5e3293d6bfbe050a63071c561,01e5e97f2493ee2d8cecfb10c9d3dbae064310d2fdcbc18205a0dc8048eb6493,0.855,0,62,56,0,56,6,90.3225806451613,88.42105263157895,88.23529411764706,66.66666666666667,91.11111111111111,88.57142857142857,921,16.446428571428573,0,0,0,0,7,0,0,0,0,0,5.6576,3.9216,5499,1237086,205,45,180,0.6386803185437998,2,0.683302,0.09702699999999999,116,5.2490000000000006,13.97,21.663999999999998,0,0.0,0.0,0,1,0,0,0,0,
K8_R0.90_T1_H1_A0.75M30_S8005_CENTRAL_FB_inprocess,8005,8,0.9,1,1,SWEEP,0.75,30.0,,CENTRAL_FB,inprocess,21f4d32c441af09d668004d9e00c6fb2e02f47c5e3293d6bfbe050a63071c561,21b098016adce12d7e460c4956939c5bebb125e1f2b343d272fc87eeb2119cbb,0.858,0,62,53,0,53,9,85.48387096774194,88.42105263157895,94.11764705882354,100.0,82.22222222222223,80.0,857,16.169811320754718,0,0,0,0,5,0,0,0,0,0,5.6629,3.9216,5447,1237692,225,59,179,0.6587228135122628,1,0.676847,0.09888100000000001,125,4.065,15.292,21.834,42,0.055,0.47,0,1,0,0,0,0,
K8_R0.90_T1_H1_A0.75M30_S8005_HYBRID_inprocess,8005,8,0.9,1,1,SWEEP,0.75,30.0,,HYBRID,inprocess,21f4d32c441af09d668004d9e00c6fb2e02f47c5e3293d6bfbe050a63071c561,4c55430eb24a0cb909e231924162e9d311e73ca502053b5cabe9de96fac928be,0.784,0,62,53,0,53,9,85.48387096774194,88.42105263157895,94.11764705882354,100.0,82.22222222222223,80.0,857,16.169811320754718,0,0,0,0,5,0,0,0,0,0,5.6629,3.9216,5447,1237692,225,59,179,0.6587228135122628,1,0.606692,0.09724700000000001,125,3.7840000000000003,12.23,18.985,42,0.041,0.432,0,1,0,0,0,0,
K8_R0.90_T1_H1_A0.75M30_S8005_HYBRID_EAGER_inprocess,8005,8,0.9,1,1,SWEEP,0.75,30.0,,HYBRID_EAGER,inprocess,21f4d32c441af09d668004d9e00c6fb2e02f47c5e3293d6bfbe050a63071c561,12a280c621ecf9dd5afc6ec9f5f1cd3cc1d88216096d107d962084669c2c3415,0.771,0,62,53,0,53,9,85.48387096774194,88.42105263157895,94.11764705882354,100.0,82.22222222222223,80.0,857,16.169811320754718,0,0,0,0,5,0,0,0,0,0,5.6629,3.9216,5447,1237617,225,59,179,0.6587228135122628,1,0.595119,0.098973,125,4.007000000000001,12.579999999999998,16.327,58,0.083,2.488,0,1,0,0,0,0,
K8_R0.90_T1_H1_A0.75M30_S8005_EDGE_MARKET_inprocess,8005,8,0.9,1,1,SWEEP,0.75,30.0,,EDGE_MARKET,inprocess,21f4d32c441af09d668004d9e00c6fb2e02f47c5e3293d6bfbe050a63071c561,17d90af82f7c008a40efa95fa53366d65d6be127b3fa05dfdfcf9d614443dca4,0.322,0,62,53,0,53,9,85.48387096774194,88.42105263157895,94.11764705882354,100.0,82.22222222222223,88.57142857142857,957,18.056603773584907,0,0,0,0,7,0,0,0,0,0,5.6352,3.9216,4537,1262186,169,38,179,0.5225409836065574,1,0.030466,0.22048300000000004,114,0.055,0.152,0.736,684,0.599,3.093,0,28,0,0,0,0,
K8_R0.90_T1_H1_A0.65M5_S8005_CENTRAL_inprocess,8005,8,0.9,1,1,SWEEP,0.65,5.0,,CENTRAL,inprocess,385acd15734bcd72b44d55caa28f5d88cfd8fb138afb9a134b911cad5dcef46a,ff563f1952a88aa94b07836dac4f3c0b024b838444e405322d0837b5ebcbf20e,1.869,0,62,54,0,54,8,87.09677419354838,91.57894736842105,100.0,100.0,82.22222222222223,85.71428571428571,895,16.574074074074073,0,0,0,0,7,0,0,0,0,0,5.606,3.9216,7287,1388447,317,49,27,0.4740138818351109,5,1.577517,0.14467399999999997,253,5.337,17.639,29.343999999999998,0,0.0,0.0,0,0,0,0,0,0,
K8_R0.90_T1_H1_A0.65M5_S8005_CENTRAL_FB_inprocess,8005,8,0.9,1,1,SWEEP,0.65,5.0,,CENTRAL_FB,inprocess,385acd15734bcd72b44d55caa28f5d88cfd8fb138afb9a134b911cad5dcef46a,59a16588e1f19ffd449a6316c2f3bc0b8d060e09b5de3f48f9bc8d0bc12206bb,1.872,0,62,54,0,54,8,87.09677419354838,91.57894736842105,100.0,100.0,82.22222222222223,85.71428571428571,895,16.574074074074073,0,0,0,0,7,0,0,0,0,0,5.606,3.9216,7287,1388432,317,49,27,0.4740138818351109,5,1.630464,0.12889,253,5.5040000000000004,17.778,28.38,35,0.036000000000000004,0.083,0,0,0,0,0,0,
K8_R0.90_T1_H1_A0.65M5_S8005_HYBRID_inprocess,8005,8,0.9,1,1,SWEEP,0.65,5.0,,HYBRID,inprocess,385acd15734bcd72b44d55caa28f5d88cfd8fb138afb9a134b911cad5dcef46a,f0492a85c6afad9a2eecc1f8ce5544fa7de5dbd822557dcd059c72b34b382dc7,1.606,0,62,54,0,54,8,87.09677419354838,91.57894736842105,100.0,100.0,82.22222222222223,85.71428571428571,895,16.574074074074073,0,0,0,0,7,0,0,0,0,0,5.606,3.9216,7287,1388432,317,49,27,0.4740138818351109,5,1.392627,0.106399,253,4.487,16.372999999999998,24.331,35,0.022,0.08600000000000001,0,0,0,0,0,0,
K8_R0.90_T1_H1_A0.65M5_S8005_HYBRID_EAGER_inprocess,8005,8,0.9,1,1,SWEEP,0.65,5.0,,HYBRID_EAGER,inprocess,385acd15734bcd72b44d55caa28f5d88cfd8fb138afb9a134b911cad5dcef46a,ee05d4d529508eeba4ef3c8e182af3e489d18bf0d9c0059e9dcd7946323f7ea4,1.56,0,62,57,0,57,5,91.93548387096774,93.6842105263158,94.11764705882354,100.0,91.11111111111111,91.42857142857143,837,14.68421052631579,0,0,0,0,7,0,0,0,0,0,5.6521,3.9306,6837,1341163,270,55,26,0.45810363836824697,6,1.310148,0.13567,239,3.074,18.465,28.939,102,0.08600000000000001,0.47,0,0,0,0,0,0,
K8_R0.90_T1_H1_A0.65M5_S8005_EDGE_MARKET_inprocess,8005,8,0.9,1,1,SWEEP,0.65,5.0,,EDGE_MARKET,inprocess,385acd15734bcd72b44d55caa28f5d88cfd8fb138afb9a134b911cad5dcef46a,c84be263640257f055de886748c5e4d9dd4aeed99cfa6a019a11fe568dc8a7ca,0.29,0,62,54,0,54,8,87.09677419354838,91.57894736842105,100.0,100.0,82.22222222222223,94.28571428571429,986,18.25925925925926,0,0,0,0,8,0,0,0,0,0,5.6335,3.9216,4314,1249492,137,30,26,0.24426173347036656,3,0.025407,0.199952,78,0.054,0.11900000000000001,0.174,496,0.632,4.038,0,12,0,0,0,0,
K8_R0.90_T1_H1_A0.65M15_S8005_CENTRAL_FB_inprocess,8005,8,0.9,1,1,SWEEP,0.65,15.0,,CENTRAL_FB,inprocess,5a0fb17043822d2c5b9f3e8a5a3f6b95372e99252a9f535b9cf23f64460c4fd5,055f39ca231d4768b15bedc323e272ef2cf6969fee2e46724e05f4999733033e,1.086,0,62,54,0,54,8,87.09677419354838,88.42105263157895,88.23529411764706,100.0,86.66666666666667,88.57142857142857,849,15.722222222222221,0,0,0,0,6,0,0,0,0,0,5.7119,3.9216,5559,1264872,229,32,102,0.7974212744854947,5,0.856733,0.10879099999999998,168,3.278,18.105,44.956,47,0.425,3.7889999999999997,0,1,0,0,0,0,
K8_R0.90_T1_H1_A0.65M15_S8005_CENTRAL_inprocess,8005,8,0.9,1,1,SWEEP,0.65,15.0,,CENTRAL,inprocess,5a0fb17043822d2c5b9f3e8a5a3f6b95372e99252a9f535b9cf23f64460c4fd5,9896226eaddddba0994a48fd9f02755c9cd6a8125cb933070818e48024d6bd9e,1.137,0,62,54,0,54,8,87.09677419354838,88.42105263157895,88.23529411764706,100.0,86.66666666666667,88.57142857142857,849,15.722222222222221,0,0,0,0,6,0,0,0,0,0,5.7119,3.9216,5559,1265085,229,32,102,0.7974212744854947,5,0.948644,0.10442,168,4.023,20.025000000000002,36.754000000000005,0,0.0,0.0,0,1,0,0,0,0,
K8_R0.90_T1_H1_A0.65M15_S8005_HYBRID_EAGER_inprocess,8005,8,0.9,1,1,SWEEP,0.65,15.0,,HYBRID_EAGER,inprocess,5a0fb17043822d2c5b9f3e8a5a3f6b95372e99252a9f535b9cf23f64460c4fd5,cefbcd9ebd427336f1e5550193a2a2a257c8a436ae030f008931ce300577c1f9,1.023,0,62,56,0,56,6,90.3225806451613,92.63157894736842,94.11764705882354,100.0,88.88888888888889,85.71428571428571,883,15.767857142857142,0,0,0,0,6,1,1,0,8,12,9.2171,3.9216,5496,1241968,194,37,73,0.5983421250941975,5,0.812148,0.11357400000000002,165,3.662,14.539,22.679000000000002,83,0.381,2.9650000000000003,0,13,0,0,0,0,
K8_R0.90_T1_H1_A0.65M15_S8005_HYBRID_inprocess,8005,8,0.9,1,1,SWEEP,0.65,15.0,,HYBRID,inprocess,5a0fb17043822d2c5b9f3e8a5a3f6b95372e99252a9f535b9cf23f64460c4fd5,62c8e04e5f5fc947b33f6133bdfa36956a7031883148d5802193ba2a5a48180d,1.108,0,62,54,0,54,8,87.09677419354838,88.42105263157895,88.23529411764706,100.0,86.66666666666667,88.57142857142857,849,15.722222222222221,0,0,0,0,6,0,0,0,0,0,5.7119,3.9216,5559,1264872,229,32,102,0.7974212744854947,5,0.891393,0.113545,168,4.36,16.162,26.983,47,0.5609999999999999,3.359,0,1,0,0,0,0,
K8_R0.90_T1_H1_A0.65M15_S8005_EDGE_MARKET_inprocess,8005,8,0.9,1,1,SWEEP,0.65,15.0,,EDGE_MARKET,inprocess,5a0fb17043822d2c5b9f3e8a5a3f6b95372e99252a9f535b9cf23f64460c4fd5,b7780c5cf9a22baa9d6b1e110e4f85cf4f797d68a8b261306c8af79ad1b381eb,0.291,0,62,54,0,54,8,87.09677419354838,89.47368421052632,94.11764705882354,100.0,84.44444444444444,88.57142857142857,967,17.90740740740741,0,0,0,0,6,0,0,0,0,0,5.6213,3.9216,4296,1209694,131,26,70,0.5381569474442045,4,0.026599,0.193953,90,0.041999999999999996,0.16799999999999998,0.21800000000000003,487,0.597,3.279,0,17,0,0,0,0,
K8_R0.90_T1_H1_A0.65M30_S8005_CENTRAL_inprocess,8005,8,0.9,1,1,SWEEP,0.65,30.0,,CENTRAL,inprocess,1124088620ab49e7668e0ce246bd22a7a7e90f65e0e56f25527f1dff21d02d24,cc2e86f24cc270318019af723e77f9db6d028717bf283abb4c1b83493fde75f7,0.962,0,62,55,0,55,7,88.70967741935483,90.52631578947368,88.23529411764706,100.0,88.88888888888889,85.71428571428571,817,14.854545454545455,0,0,0,0,5,0,0,0,0,0,5.6155,3.9216,5432,1212335,205,40,179,0.7387387387387387,3,0.764146,0.100767,133,5.88,11.504,18.032,0,0.0,0.0,0,1,0,0,0,0,
K8_R0.90_T1_H1_A0.65M30_S8005_CENTRAL_FB_inprocess,8005,8,0.9,1,1,SWEEP,0.65,30.0,,CENTRAL_FB,inprocess,1124088620ab49e7668e0ce246bd22a7a7e90f65e0e56f25527f1dff21d02d24,97b2dfde87aa5cacf0bcd3d19f3fa685954552469523ab267d4734b2104715b5,1.081,0,62,55,0,55,7,88.70967741935483,90.52631578947368,88.23529411764706,100.0,88.88888888888889,85.71428571428571,817,14.854545454545455,0,0,0,0,5,0,0,0,0,0,5.6155,3.9216,5432,1212125,205,40,179,0.7387387387387387,3,0.864562,0.108264,133,6.760000000000001,14.244,21.374000000000002,60,0.095,0.41300000000000003,0,1,0,0,0,0,
K8_R0.90_T1_H1_A0.65M30_S8005_HYBRID_inprocess,8005,8,0.9,1,1,SWEEP,0.65,30.0,,HYBRID,inprocess,1124088620ab49e7668e0ce246bd22a7a7e90f65e0e56f25527f1dff21d02d24,26547148bca79eecb29f266e174e11a9c8ddae0da13cbd31430e0b36fec601d4,1.065,0,62,55,0,55,7,88.70967741935483,90.52631578947368,88.23529411764706,100.0,88.88888888888889,85.71428571428571,817,14.854545454545455,0,0,0,0,5,0,0,0,0,0,5.6155,3.9216,5432,1212125,205,40,179,0.7387387387387387,3,0.858112,0.09970899999999999,133,6.423,15.446,27.829,60,0.11699999999999999,0.501,0,1,0,0,0,0,
K8_R0.90_T1_H1_A0.65M30_S8005_EDGE_MARKET_inprocess,8005,8,0.9,1,1,SWEEP,0.65,30.0,,EDGE_MARKET,inprocess,1124088620ab49e7668e0ce246bd22a7a7e90f65e0e56f25527f1dff21d02d24,8409265a28084d746b79e006e03d5fab01265b574ba1f310ea749d2b19017c7a,0.264,0,62,51,0,51,11,82.25806451612904,86.3157894736842,94.11764705882354,100.0,77.77777777777777,85.71428571428571,874,17.137254901960784,0,0,0,0,6,0,0,0,0,0,5.6298,3.9216,4538,1262452,158,23,180,0.5939413470834676,3,0.023177,0.18245499999999998,108,0.041999999999999996,0.136,0.23800000000000002,687,0.522,4.685,0,31,0,0,0,0,
K8_R0.90_T1_H1_A0.65M30_S8005_HYBRID_EAGER_inprocess,8005,8,0.9,1,1,SWEEP,0.65,30.0,,HYBRID_EAGER,inprocess,1124088620ab49e7668e0ce246bd22a7a7e90f65e0e56f25527f1dff21d02d24,d3f08366523ed906d77df0bf70f423dc8844ab3d5cce7644ed04ef1f69b49f7b,1.061,0,62,56,0,56,6,90.3225806451613,93.6842105263158,100.0,100.0,86.66666666666667,88.57142857142857,839,14.982142857142858,0,0,0,0,5,0,0,0,0,0,5.7336,3.9216,5389,1204971,202,37,180,0.6635443037974683,3,0.848646,0.12255200000000001,129,6.288,13.440000000000001,21.226,74,0.097,2.812,0,0,0,0,0,0,
K8_R0.90_T1_H1_A0.55M5_S8005_CENTRAL_inprocess,8005,8,0.9,1,1,SWEEP,0.55,5.0,,CENTRAL,inprocess,5e306a406d0dcbfe4b4220e3f7fd2c44bc59c7f9f74c2b3dac1b6742504d4ef1,13c89adea357994ad5755544f803c3dcc0376156446125a79816bc7c92f61125,1.601,0,62,54,0,54,8,87.09677419354838,90.52631578947368,94.11764705882354,100.0,84.44444444444444,88.57142857142857,916,16.962962962962962,0,0,0,0,7,0,0,0,0,0,5.7073,3.9317,6990,1388594,271,54,34,0.6321448783248443,10,1.3551,0.12482900000000001,275,3.4880000000000004,14.833,30.223,0,0.0,0.0,0,5,0,0,0,0,
K8_R0.90_T1_H1_A0.55M5_S8005_CENTRAL_FB_inprocess,8005,8,0.9,1,1,SWEEP,0.55,5.0,,CENTRAL_FB,inprocess,5e306a406d0dcbfe4b4220e3f7fd2c44bc59c7f9f74c2b3dac1b6742504d4ef1,482ea102ba2567d4b5746763f80d1591ecdb3299a1763ab9aaf0f0df151dba02,1.525,0,62,54,0,54,8,87.09677419354838,90.52631578947368,94.11764705882354,100.0,84.44444444444444,88.57142857142857,916,16.962962962962962,0,0,0,0,7,0,0,0,0,0,5.7073,3.9317,6990,1388588,271,54,34,0.6321448783248443,10,1.316323,0.12295600000000001,275,3.246,13.804,21.663999999999998,30,0.045000000000000005,0.414,0,5,0,0,0,0,
K8_R0.90_T1_H1_A0.55M5_S8005_HYBRID_EAGER_inprocess,8005,8,0.9,1,1,SWEEP,0.55,5.0,,HYBRID_EAGER,inprocess,5e306a406d0dcbfe4b4220e3f7fd2c44bc59c7f9f74c2b3dac1b6742504d4ef1,be6625091b3956abf6adeab1a1b5d69d373dd9eca63fb6cbcd4e9cee4296339d,1.499,0,62,52,0,52,10,83.87096774193549,85.26315789473684,82.3529411764706,100.0,84.44444444444444,82.85714285714286,862,16.576923076923077,0,0,0,0,8,0,0,0,0,0,5.6478,3.9317,7098,1393900,260,59,36,0.7355493998153277,9,1.267257,0.122949,277,3.225,14.673,23.753,133,0.052,2.7889999999999997,0,2,0,0,0,0,
K8_R0.90_T1_H1_A0.55M5_S8005_HYBRID_inprocess,8005,8,0.9,1,1,SWEEP,0.55,5.0,,HYBRID,inprocess,5e306a406d0dcbfe4b4220e3f7fd2c44bc59c7f9f74c2b3dac1b6742504d4ef1,792686a92ebf199659cbddc9d12674656f4f4d4509e6b501d9a1a8881a0eecdb,1.516,0,62,54,0,54,8,87.09677419354838,90.52631578947368,94.11764705882354,100.0,84.44444444444444,88.57142857142857,916,16.962962962962962,0,0,0,0,7,0,0,0,0,0,5.7073,3.9317,6990,1388588,271,54,34,0.6321448783248443,10,1.288187,0.120537,275,3.463,13.684,19.828,30,0.034,0.456,0,5,0,0,0,0,
K8_R0.90_T1_H1_A0.55M5_S8005_EDGE_MARKET_inprocess,8005,8,0.9,1,1,SWEEP,0.55,5.0,,EDGE_MARKET,inprocess,5e306a406d0dcbfe4b4220e3f7fd2c44bc59c7f9f74c2b3dac1b6742504d4ef1,422182df0ac7c269dcc463fe40c5b12b92f2f3a19a05668e191b756150fa0557,0.245,0,62,52,0,52,10,83.87096774193549,83.15789473684211,76.47058823529412,66.66666666666667,86.66666666666667,80.0,903,17.365384615384617,0,0,0,0,7,0,0,0,0,0,5.6441,3.9317,4369,1253495,140,28,35,0.4332827899924185,4,0.019593,0.173452,85,0.041999999999999996,0.10900000000000001,0.166,534,0.46,2.4859999999999998,0,25,0,0,0,0,
K8_R0.90_T1_H1_A0.55M15_S8005_CENTRAL_inprocess,8005,8,0.9,1,1,SWEEP,0.55,15.0,,CENTRAL,inprocess,c3302af0e08138d6982f0adaa6065b32de0e8f5955b17e0f6725557d4fc16224,3f141f287acdc1a9125d717830fbd46ead8a48987a9a53df3a16db739a8fb874,0.754,0,62,55,0,55,7,88.70967741935483,89.47368421052632,88.23529411764706,100.0,88.88888888888889,91.42857142857143,774,14.072727272727272,0,0,0,0,5,0,0,0,0,0,5.6334,3.9594,5195,1185351,175,31,101,0.8685294117647059,3,0.594315,0.089351,163,2.5149999999999997,10.432,22.880000000000003,0,0.0,0.0,0,1,0,0,0,0,
K8_R0.90_T1_H1_A0.55M15_S8005_CENTRAL_FB_inprocess,8005,8,0.9,1,1,SWEEP,0.55,15.0,,CENTRAL_FB,inprocess,c3302af0e08138d6982f0adaa6065b32de0e8f5955b17e0f6725557d4fc16224,45808233b99f0fc0c4462a2758e064b07ac451d2fc85b657a6edc54719313f4b,0.767,0,62,57,0,57,5,91.93548387096774,93.6842105263158,94.11764705882354,100.0,91.11111111111111,91.42857142857143,891,15.631578947368421,0,0,0,0,6,0,0,0,0,0,5.6521,3.9594,5096,1177377,176,29,102,0.9396420988777676,5,0.604657,0.096442,160,2.175,13.199,20.989,58,0.10900000000000001,2.6809999999999996,0,0,0,0,0,0,
K8_R0.90_T1_H1_A0.55M15_S8005_HYBRID_inprocess,8005,8,0.9,1,1,SWEEP,0.55,15.0,,HYBRID,inprocess,c3302af0e08138d6982f0adaa6065b32de0e8f5955b17e0f6725557d4fc16224,16022c77d1a9cc35208f6b543469f0be449f5a88f8f6585645431b5ffb71b7ca,0.833,0,62,57,0,57,5,91.93548387096774,93.6842105263158,94.11764705882354,100.0,91.11111111111111,91.42857142857143,891,15.631578947368421,0,0,0,0,6,0,0,0,0,0,5.6521,3.9594,5096,1177377,176,29,102,0.9396420988777676,5,0.64707,0.10742299999999999,160,2.659,13.117,19.432000000000002,58,0.107,2.2390000000000003,0,0,0,0,0,0,
K8_R0.90_T1_H1_A0.55M15_S8005_EDGE_MARKET_inprocess,8005,8,0.9,1,1,SWEEP,0.55,15.0,,EDGE_MARKET,inprocess,c3302af0e08138d6982f0adaa6065b32de0e8f5955b17e0f6725557d4fc16224,acf8959dfa6630584055fe26589db0558b58fa6824cca4198291efd98701b7dc,0.29,0,62,52,0,52,10,83.87096774193549,87.36842105263158,94.11764705882354,100.0,80.0,85.71428571428571,917,17.634615384615383,0,0,0,0,6,0,0,0,0,0,5.6133,3.9594,4236,1220875,131,23,84,0.7221537196876284,3,0.023789,0.192199,86,0.046,0.11299999999999999,0.268,445,0.5509999999999999,4.842,0,16,0,0,0,0,
K8_R0.90_T1_H1_A0.55M15_S8005_HYBRID_EAGER_inprocess,8005,8,0.9,1,1,SWEEP,0.55,15.0,,HYBRID_EAGER,inprocess,c3302af0e08138d6982f0adaa6065b32de0e8f5955b17e0f6725557d4fc16224,555135ea87886bc5728f253efbc0ec029829e6066f6299855db8613ff70117a0,1.143,0,62,54,0,54,8,87.09677419354838,90.52631578947368,94.11764705882354,100.0,84.44444444444444,88.57142857142857,867,16.055555555555557,0,0,0,0,6,0,0,0,0,0,5.6445,3.9594,5733,1301463,209,38,101,0.9852454846095141,3,0.911764,0.126381,177,3.901,15.193999999999999,28.732,91,0.079,0.34600000000000003,0,0,0,0,0,0,
K8_R0.90_T1_H1_A0.55M30_S8005_CENTRAL_inprocess,8005,8,0.9,1,1,SWEEP,0.55,30.0,,CENTRAL,inprocess,b0980923d15febb14c9d3dec4a6103cbf1006fce6b913c8d146ca149b2f5e544,39c453a7a25432ad059b2bf17df3591ec84d7b24b4442a7c57cffe68c67e8e7d,0.811,0,62,49,0,49,13,79.03225806451613,81.05263157894737,82.3529411764706,100.0,77.77777777777777,77.14285714285714,912,18.612244897959183,0,0,0,0,4,0,0,0,0,0,5.6541,3.9971,5150,1219913,169,26,180,1.411909904350509,5,0.58225,0.11942,115,4.21,11.972999999999999,24.426,0,0.0,0.0,0,1,0,0,0,0,
K8_R0.90_T1_H1_A0.55M30_S8005_CENTRAL_FB_inprocess,8005,8,0.9,1,1,SWEEP,0.55,30.0,,CENTRAL_FB,inprocess,b0980923d15febb14c9d3dec4a6103cbf1006fce6b913c8d146ca149b2f5e544,b0619b5643e494ece05166744478cf3a3db64b6b9b16df4f7d2db918200925c6,0.72,0,62,54,0,54,8,87.09677419354838,88.42105263157895,94.11764705882354,100.0,84.44444444444444,91.42857142857143,824,15.25925925925926,0,0,0,0,4,0,0,0,0,0,5.6604,3.9971,5358,1259672,192,31,178,1.1296403712296983,5,0.54754,0.102654,124,4.31,9.624,14.261,79,0.074,2.297,0,1,0,0,0,0,
K8_R0.90_T1_H1_A0.55M30_S8005_HYBRID_EAGER_inprocess,8005,8,0.9,1,1,SWEEP,0.55,30.0,,HYBRID_EAGER,inprocess,b0980923d15febb14c9d3dec4a6103cbf1006fce6b913c8d146ca149b2f5e544,c8e464330c09a2fd5efa84d33ed0de328985a702b1c9e5bfca3bcf3a083abf1c,0.653,0,62,52,0,52,10,83.87096774193549,81.05263157894737,82.3529411764706,0.0,84.44444444444444,80.0,866,16.653846153846153,0,0,0,0,4,0,0,0,0,0,5.6179,3.9971,5283,1182125,190,40,178,1.4267968056787932,5,0.479041,0.10387600000000001,120,3.02,10.271,12.940999999999999,94,0.088,0.519,0,0,0,0,0,0,
K8_R0.90_T1_H1_A0.55M30_S8005_HYBRID_inprocess,8005,8,0.9,1,1,SWEEP,0.55,30.0,,HYBRID,inprocess,b0980923d15febb14c9d3dec4a6103cbf1006fce6b913c8d146ca149b2f5e544,7b2237433f1a010548ada6dd14813dd3c3538ab6278774220b20286adced5fac,0.842,0,62,54,0,54,8,87.09677419354838,88.42105263157895,94.11764705882354,100.0,84.44444444444444,91.42857142857143,824,15.25925925925926,0,0,0,0,4,0,0,0,0,0,5.6604,3.9971,5358,1259672,192,31,178,1.1296403712296983,5,0.632629,0.114602,124,4.043,12.871,19.081,79,0.077,2.851,0,1,0,0,0,0,
K8_R0.90_T1_H1_A0.55M30_S8005_EDGE_MARKET_inprocess,8005,8,0.9,1,1,SWEEP,0.55,30.0,,EDGE_MARKET,inprocess,b0980923d15febb14c9d3dec4a6103cbf1006fce6b913c8d146ca149b2f5e544,41f11c3b9ac5bec18586b970944a91eaba09cfff6016bed6b8ea8574d91e8b35,0.294,0,62,52,0,52,10,83.87096774193549,88.42105263157895,94.11764705882354,100.0,80.0,85.71428571428571,915,17.596153846153847,0,0,0,0,6,0,0,0,0,0,5.6526,3.9971,4399,1263905,123,30,180,1.208817635270541,7,0.024206,0.19919199999999998,115,0.04,0.10500000000000001,0.23900000000000002,600,0.5860000000000001,3.642,0,21,0,0,0,0,
K8_R0.90_T1_H1_A0.95M5_S8006_CENTRAL_inprocess,8006,8,0.9,1,1,SWEEP,0.95,5.0,,CENTRAL,inprocess,5659abc1b541c34296a26d0aff736303b0e87e1e50d12e25d58b1788770fe10e,322ae28e7c0d789488b6acaec96e1cf5cf40c5e07ed48d86e08cfa58058c4c5b,1.039,0,62,52,3,55,7,88.70967741935483,89.79591836734694,94.44444444444444,100.0,86.36363636363636,89.65517241379311,744,13.527272727272727,0,0,0,0,4,0,0,0,0,0,5.6334,3.9083,5447,1228630,253,63,9,0.046456692913385826,3,0.834546,0.099533,128,4.441,20.168,31.895,0,0.0,0.0,0,0,0,0,0,0,
K8_R0.90_T1_H1_A0.95M5_S8006_CENTRAL_FB_inprocess,8006,8,0.9,1,1,SWEEP,0.95,5.0,,CENTRAL_FB,inprocess,5659abc1b541c34296a26d0aff736303b0e87e1e50d12e25d58b1788770fe10e,79a71a32d8a29cb8fa0e54fe4ddd7c1d84ad79f605a05e86b8d80123af4e0d9f,1.206,0,62,54,3,57,5,91.93548387096774,93.87755102040816,100.0,100.0,88.63636363636364,89.65517241379311,784,13.75438596491228,0,0,0,0,7,0,0,0,0,0,5.6288,3.9083,5434,1221885,244,60,14,0.049044711443766,2,0.999681,0.11886900000000002,123,5.555,23.541,38.074,7,0.045000000000000005,0.045000000000000005,0,0,0,0,0,0,
K8_R0.90_T1_H1_A0.95M5_S8006_HYBRID_inprocess,8006,8,0.9,1,1,SWEEP,0.95,5.0,,HYBRID,inprocess,5659abc1b541c34296a26d0aff736303b0e87e1e50d12e25d58b1788770fe10e,4020d1670561babd32ab7f1152d3816043040ac32b2cf316cb4c6a920b663955,1.056,0,62,54,3,57,5,91.93548387096774,93.87755102040816,100.0,100.0,88.63636363636364,89.65517241379311,784,13.75438596491228,0,0,0,0,7,0,0,0,0,0,5.6288,3.9083,5434,1221885,244,60,14,0.049044711443766,2,0.827015,0.11768999999999999,123,5.103,17.232999999999997,28.579,7,0.041,0.041,0,0,0,0,0,0,
K8_R0.90_T1_H1_A0.95M5_S8006_EDGE_MARKET_inprocess,8006,8,0.9,1,1,SWEEP,0.95,5.0,,EDGE_MARKET,inprocess,5659abc1b541c34296a26d0aff736303b0e87e1e50d12e25d58b1788770fe10e,a7bf1a38c760f32f46b2e1ea0df747b031ca50cf117197b66bdfdb299e728388,0.326,0,62,49,2,51,11,82.25806451612904,84.6938775510204,88.88888888888889,87.5,79.54545454545455,79.3103448275862,835,16.372549019607842,0,0,0,0,6,0,0,0,0,0,5.6487,3.934,4603,1254562,214,51,14,0.04766399244926852,2,0.0353,0.2122,112,0.074,0.12999999999999998,0.216,735,0.537,3.593,0,21,0,0,0,0,
K8_R0.90_T1_H1_A0.95M5_S8006_HYBRID_EAGER_inprocess,8006,8,0.9,1,1,SWEEP,0.95,5.0,,HYBRID_EAGER,inprocess,5659abc1b541c34296a26d0aff736303b0e87e1e50d12e25d58b1788770fe10e,f49d6a94e590227e6d2696cafeffc3cba51fc17c7d301e0c4f9e9b0e0442ba47,1.224,0,62,54,3,57,5,91.93548387096774,93.87755102040816,100.0,100.0,88.63636363636364,89.65517241379311,784,13.75438596491228,0,0,0,0,7,0,0,0,0,0,5.6288,3.9083,5434,1221849,244,60,14,0.049044711443766,2,0.992835,0.121122,123,5.355,23.168000000000003,31.41,23,0.23800000000000002,0.462,0,0,0,0,0,0,
K8_R0.90_T1_H1_A0.95M15_S8006_CENTRAL_inprocess,8006,8,0.9,1,1,SWEEP,0.95,15.0,,CENTRAL,inprocess,692758ebdfb580700473291df643f4bfa725e2dae57206624ee99a203759bd03,24e93c4f360490adb87da4fee78245793a4489bb19c35dd13d264504d622c94e,1.007,0,62,56,2,58,4,93.54838709677419,94.89795918367346,94.44444444444444,100.0,93.18181818181819,86.20689655172414,776,13.379310344827585,0,0,0,0,7,0,0,0,0,0,5.6498,3.9083,5257,1192628,254,44,42,0.03221884498480243,1,0.823551,0.092835,109,4.785,25.585,42.061,0,0.0,0.0,0,0,0,0,0,0,
K8_R0.90_T1_H1_A0.95M15_S8006_CENTRAL_FB_inprocess,8006,8,0.9,1,1,SWEEP,0.95,15.0,,CENTRAL_FB,inprocess,692758ebdfb580700473291df643f4bfa725e2dae57206624ee99a203759bd03,f3fe1a7aa8542e96f6cbf398d25df20ddcdefa8523cba5acf82de0a8c7dd6fb9,1.115,0,62,56,2,58,4,93.54838709677419,94.89795918367346,94.44444444444444,100.0,93.18181818181819,86.20689655172414,776,13.379310344827585,0,0,0,0,7,0,0,0,0,0,5.6498,3.9083,5257,1192628,254,44,42,0.03221884498480243,1,0.908353,0.10804199999999999,109,7.086,21.802,33.565,4,0.045000000000000005,0.045000000000000005,0,0,0,0,0,0,
K8_R0.90_T1_H1_A0.95M15_S8006_HYBRID_inprocess,8006,8,0.9,1,1,SWEEP,0.95,15.0,,HYBRID,inprocess,692758ebdfb580700473291df643f4bfa725e2dae57206624ee99a203759bd03,252bf8d337bed8b17187c46f0a82b9f78170820a9e8c1166466404d280930899,1.104,0,62,56,2,58,4,93.54838709677419,94.89795918367346,94.44444444444444,100.0,93.18181818181819,86.20689655172414,776,13.379310344827585,0,0,0,0,7,0,0,0,0,0,5.6498,3.9083,5257,1192628,254,44,42,0.03221884498480243,1,0.902443,0.108074,109,5.867,23.524,33.582,4,0.044,0.044,0,0,0,0,0,0,
K8_R0.90_T1_H1_A0.95M15_S8006_EDGE_MARKET_inprocess,8006,8,0.9,1,1,SWEEP,0.95,15.0,,EDGE_MARKET,inprocess,692758ebdfb580700473291df643f4bfa725e2dae57206624ee99a203759bd03,e72fc805c7d1079f901c24d307aa87d0a7fd551927f245e19d23800d61351626,0.306,0,62,50,2,52,10,83.87096774193549,85.71428571428571,83.33333333333333,100.0,84.0909090909091,79.3103448275862,838,16.115384615384617,0,0,0,0,6,0,0,0,0,0,5.6487,3.934,4629,1273805,197,54,31,0.03632577510411846,1,0.033427,0.20096399999999998,117,0.066,0.133,0.296,764,0.49799999999999994,2.834,0,21,0,0,0,0,
K8_R0.90_T1_H1_A0.95M15_S8006_HYBRID_EAGER_inprocess,8006,8,0.9,1,1,SWEEP,0.95,15.0,,HYBRID_EAGER,inprocess,692758ebdfb580700473291df643f4bfa725e2dae57206624ee99a203759bd03,dccdeef4ea5f268329f34b94bd037d157eb72a35d55eccc3cee7505e72d63758,1.119,0,62,54,3,57,5,91.93548387096774,92.85714285714286,88.88888888888889,100.0,93.18181818181819,93.10344827586206,818,14.350877192982455,0,0,0,0,8,0,0,0,0,0,5.6498,3.9083,5320,1219307,236,45,45,0.09708931419457735,1,0.885428,0.11637,111,4.871,22.871,31.147000000000002,15,0.041999999999999996,0.095,0,0,0,0,0,0,
K8_R0.90_T1_H1_A0.95M30_S8006_CENTRAL_inprocess,8006,8,0.9,1,1,SWEEP,0.95,30.0,,CENTRAL,inprocess,e9b6098de23d76f926f1e19fb44e311157cfcc45e51a3c9a688abc0b5af90399,c255407117d8bf53d7dba98b6e07a00c6b20c7bf7b4ea7e6c9713b6fbdc776c5,1.166,0,62,55,3,58,4,93.54838709677419,94.89795918367346,94.44444444444444,100.0,93.18181818181819,89.65517241379311,786,13.551724137931034,0,0,0,0,7,0,0,0,0,0,5.668,3.9083,5291,1212574,265,56,41,0.043681430312880944,0,0.955568,0.11256200000000001,110,6.261,28.586,41.615,0,0.0,0.0,0,0,0,0,0,0,
K8_R0.90_T1_H1_A0.95M30_S8006_CENTRAL_FB_inprocess,8006,8,0.9,1,1,SWEEP,0.95,30.0,,CENTRAL_FB,inprocess,e9b6098de23d76f926f1e19fb44e311157cfcc45e51a3c9a688abc0b5af90399,7312f52db1a7d8373358993de2a64b9799380f9da6596868d689bf1ad7a6ab15,1.081,0,62,55,3,58,4,93.54838709677419,94.89795918367346,94.44444444444444,100.0,93.18181818181819,89.65517241379311,786,13.551724137931034,0,0,0,0,7,0,0,0,0,0,5.668,3.9083,5291,1212574,265,56,41,0.043681430312880944,0,0.874256,0.09799699999999999,110,5.12,18.828,35.145,8,0.024,0.024,0,0,0,0,0,0,
K8_R0.90_T1_H1_A0.95M30_S8006_HYBRID_EAGER_inprocess,8006,8,0.9,1,1,SWEEP,0.95,30.0,,HYBRID_EAGER,inprocess,e9b6098de23d76f926f1e19fb44e311157cfcc45e51a3c9a688abc0b5af90399,6fe619d01f508b9573c470a4403c3fb51cd973c2c89ff1f13d2ef525cb69c79c,0.942,0,62,55,3,58,4,93.54838709677419,94.89795918367346,94.44444444444444,100.0,93.18181818181819,89.65517241379311,786,13.551724137931034,0,0,0,0,7,0,0,0,0,0,5.668,3.9083,5291,1212574,265,56,41,0.043681430312880944,0,0.762546,0.095263,110,5.392,19.538,26.397000000000002,14,0.041,0.09000000000000001,0,0,0,0,0,0,
K8_R0.90_T1_H1_A0.95M30_S8006_HYBRID_inprocess,8006,8,0.9,1,1,SWEEP,0.95,30.0,,HYBRID,inprocess,e9b6098de23d76f926f1e19fb44e311157cfcc45e51a3c9a688abc0b5af90399,094ac61f8d8b938b6def836704f8713f9afc2921aa0c6fcce773c0d902f5a332,1.146,0,62,55,3,58,4,93.54838709677419,94.89795918367346,94.44444444444444,100.0,93.18181818181819,89.65517241379311,786,13.551724137931034,0,0,0,0,7,0,0,0,0,0,5.668,3.9083,5291,1212574,265,56,41,0.043681430312880944,0,0.943021,0.109894,110,5.587,28.819999999999997,34.236999999999995,8,0.027,0.027,0,0,0,0,0,0,
K8_R0.90_T1_H1_A0.95M30_S8006_EDGE_MARKET_inprocess,8006,8,0.9,1,1,SWEEP,0.95,30.0,,EDGE_MARKET,inprocess,e9b6098de23d76f926f1e19fb44e311157cfcc45e51a3c9a688abc0b5af90399,26e8c8753550b36b77606e6be0fab049500fc9c91829c181e397458d3eae874a,0.336,0,62,48,2,50,12,80.64516129032258,83.6734693877551,83.33333333333333,100.0,79.54545454545455,72.41379310344827,851,17.02,0,0,0,0,5,0,0,0,0,0,5.6171,3.934,4713,1292025,189,46,46,0.05558086560364465,1,0.037385,0.223984,114,0.063,0.19799999999999998,0.40299999999999997,825,0.544,4.517,0,28,0,0,0,0,
K8_R0.90_T1_H1_A0.85M5_S8006_CENTRAL_inprocess,8006,8,0.9,1,1,SWEEP,0.85,5.0,,CENTRAL,inprocess,1c1e668b95e54cf3cb97c50f29ef49a78d874c9b22d1939ba60b6bec2b1cf92a,3b4ed061e493f82d16fe70ac6555423f9575d06c72d39c608a3f39a753ae3757,1.283,0,62,53,3,56,6,90.3225806451613,90.81632653061224,88.88888888888889,100.0,90.9090909090909,82.75862068965517,755,13.482142857142858,0,0,0,0,7,0,0,0,0,0,5.6452,3.9083,5571,1232257,248,44,17,0.1470771791137924,4,1.053764,0.11598999999999998,154,4.6690000000000005,24.159,30.859,0,0.0,0.0,0,0,0,0,0,0,
K8_R0.90_T1_H1_A0.85M5_S8006_CENTRAL_FB_inprocess,8006,8,0.9,1,1,SWEEP,0.85,5.0,,CENTRAL_FB,inprocess,1c1e668b95e54cf3cb97c50f29ef49a78d874c9b22d1939ba60b6bec2b1cf92a,9b437a21eff346b1eb091ac856c97b2fe160e61c6d7a00d24c63186368780780,1.205,0,62,54,3,57,5,91.93548387096774,90.81632653061224,83.33333333333333,100.0,95.45454545454545,89.65517241379311,712,12.491228070175438,0,0,0,0,6,0,0,0,0,0,5.647,3.9083,5525,1213672,222,58,16,0.13856812933025403,4,1.004505,0.110928,148,4.675000000000001,20.685,30.658,12,0.012,0.049,0,0,0,0,0,0,
K8_R0.90_T1_H1_A0.85M5_S8006_HYBRID_inprocess,8006,8,0.9,1,1,SWEEP,0.85,5.0,,HYBRID,inprocess,1c1e668b95e54cf3cb97c50f29ef49a78d874c9b22d1939ba60b6bec2b1cf92a,8c9d3549c199b2c7af87a7f261854efdccc9f3065475bb6ec15a9bbdbbcb2d20,1.25,0,62,54,3,57,5,91.93548387096774,90.81632653061224,83.33333333333333,100.0,95.45454545454545,89.65517241379311,712,12.491228070175438,0,0,0,0,6,0,0,0,0,0,5.647,3.9083,5525,1213672,222,58,16,0.13856812933025403,4,1.027268,0.11407999999999999,148,4.611,23.808,32.056000000000004,12,0.036000000000000004,0.047,0,0,0,0,0,0,
K8_R0.90_T1_H1_A0.85M5_S8006_HYBRID_EAGER_inprocess,8006,8,0.9,1,1,SWEEP,0.85,5.0,,HYBRID_EAGER,inprocess,1c1e668b95e54cf3cb97c50f29ef49a78d874c9b22d1939ba60b6bec2b1cf92a,24f8e4b873063474e51728264cf8cb4c6ef5272214ec84bdf36167129820e476,1.234,0,62,54,3,57,5,91.93548387096774,90.81632653061224,83.33333333333333,100.0,95.45454545454545,89.65517241379311,712,12.491228070175438,0,0,0,0,6,0,0,0,0,0,5.647,3.9083,5525,1213591,222,58,16,0.13856812933025403,4,1.017501,0.12112699999999998,148,4.71,20.798000000000002,34.981,57,0.046,0.555,0,0,0,0,0,0,
K8_R0.90_T1_H1_A0.85M5_S8006_EDGE_MARKET_inprocess,8006,8,0.9,1,1,SWEEP,0.85,5.0,,EDGE_MARKET,inprocess,1c1e668b95e54cf3cb97c50f29ef49a78d874c9b22d1939ba60b6bec2b1cf92a,8949c57272c83945f4078a52b5a72439e2e4659871e30d87a66a34377f508541,0.294,0,62,49,1,50,12,80.64516129032258,83.6734693877551,88.88888888888889,87.5,77.27272727272727,75.86206896551724,876,17.52,0,0,0,0,6,0,0,0,0,0,5.6187,3.934,4457,1226053,153,42,13,0.06302407357316743,3,0.0297,0.19026099999999999,90,0.052,0.11900000000000001,2.166,594,0.5860000000000001,3.6350000000000002,0,18,0,0,0,0,
K8_R0.90_T1_H1_A0.85M15_S8006_CENTRAL_inprocess,8006,8,0.9,1,1,SWEEP,0.85,15.0,,CENTRAL,inprocess,69b0658cfbd149c2cec84e4fe11711ad214611f849bbb262af793110890d2304,e960d66b9493f752444bf04b31c5c096b34a8b8e1747266ddac71d3cfe07e59d,1.053,0,62,54,2,56,6,90.3225806451613,90.81632653061224,94.44444444444444,87.5,88.63636363636364,86.20689655172414,732,13.071428571428571,0,0,0,0,6,0,0,0,0,0,5.6453,3.9083,5173,1204967,231,44,42,0.20462270564242013,2,0.861504,0.103536,129,4.937,20.256,35.999,0,0.0,0.0,0,3,0,0,0,0,
K8_R0.90_T1_H1_A0.85M15_S8006_CENTRAL_FB_inprocess,8006,8,0.9,1,1,SWEEP,0.85,15.0,,CENTRAL_FB,inprocess,69b0658cfbd149c2cec84e4fe11711ad214611f849bbb262af793110890d2304,a8a5ca2665d9f9474f34101ec426c9c94fa3e616c842e414800c38bc4a51f297,0.934,0,62,54,2,56,6,90.3225806451613,90.81632653061224,94.44444444444444,87.5,88.63636363636364,86.20689655172414,732,13.071428571428571,0,0,0,0,6,0,0,0,0,0,5.6453,3.9083,5173,1204967,231,44,42,0.20462270564242013,2,0.748883,0.098403,129,4.670999999999999,15.509,29.186,23,0.076,0.373,0,3,0,0,0,0,
K8_R0.90_T1_H1_A0.85M15_S8006_HYBRID_inprocess,8006,8,0.9,1,1,SWEEP,0.85,15.0,,HYBRID,inprocess,69b0658cfbd149c2cec84e4fe11711ad214611f849bbb262af793110890d2304,dd181d48cdff7d2ef72803854f65e7842d77cfe6838463593602e64b2f7d8190,1.059,0,62,54,2,56,6,90.3225806451613,90.81632653061224,94.44444444444444,87.5,88.63636363636364,86.20689655172414,732,13.071428571428571,0,0,0,0,6,0,0,0,0,0,5.6453,3.9083,5173,1204967,231,44,42,0.20462270564242013,2,0.837281,0.111328,129,5.084,20.412,31.118,23,0.096,0.442,0,3,0,0,0,0,
K8_R0.90_T1_H1_A0.85M15_S8006_HYBRID_EAGER_inprocess,8006,8,0.9,1,1,SWEEP,0.85,15.0,,HYBRID_EAGER,inprocess,69b0658cfbd149c2cec84e4fe11711ad214611f849bbb262af793110890d2304,c9bef2016c19aaff66eb481ddfde9c985905f9cd81eae4388570567c8974a06b,1.078,0,62,54,2,56,6,90.3225806451613,92.85714285714286,94.44444444444444,100.0,88.63636363636364,82.75862068965517,787,14.053571428571429,0,0,0,0,7,0,0,0,0,0,5.6795,3.9083,5095,1196187,232,41,42,0.17710982658959537,2,0.854385,0.121777,123,5.603000000000001,21.58,34.129,35,0.118,3.033,0,0,0,0,0,0,
K8_R0.90_T1_H1_A0.85M15_S8006_EDGE_MARKET_inprocess,8006,8,0.9,1,1,SWEEP,0.85,15.0,,EDGE_MARKET,inprocess,69b0658cfbd149c2cec84e4fe11711ad214611f849bbb262af793110890d2304,f8b56af457af1d42da0e91708a2f2822c1e939aa2c3573a25ea1f1a46aac86bc,0.286,0,62,51,2,53,9,85.48387096774194,88.77551020408163,88.88888888888889,100.0,84.0909090909091,79.3103448275862,870,16.41509433962264,0,0,0,0,5,0,0,0,0,0,5.6412,3.934,4440,1233109,207,39,39,0.1761487964989059,2,0.031678,0.18413800000000002,111,0.054,0.129,0.177,605,0.508,3.032,0,14,0,0,0,0,
K8_R0.90_T1_H1_A0.85M30_S8006_CENTRAL_inprocess,8006,8,0.9,1,1,SWEEP,0.85,30.0,,CENTRAL,inprocess,33c7c623e4f261d511737a37ff86cf1ba6d3f28c4caf296fb9e456f4bf754bf5,053f04f7687d69be0beb37d712ccc687566bda83dae978ff8eec8fb729071ee7,0.996,0,62,52,2,54,8,87.09677419354838,88.77551020408163,88.88888888888889,100.0,86.36363636363636,79.3103448275862,706,13.074074074074074,0,0,0,0,5,0,0,0,0,0,5.6534,3.9083,5251,1200251,234,37,40,0.17148576512455516,2,0.797738,0.10647300000000001,128,5.418,15.274,25.66,0,0.0,0.0,0,0,0,0,0,0,
K8_R0.90_T1_H1_A0.85M30_S8006_CENTRAL_FB_inprocess,8006,8,0.9,1,1,SWEEP,0.85,30.0,,CENTRAL_FB,inprocess,33c7c623e4f261d511737a37ff86cf1ba6d3f28c4caf296fb9e456f4bf754bf5,599f65c3882a90b97e388aad650c23f83fed5c6a345601faa61e5348a1187999,0.979,0,62,53,2,55,7,88.70967741935483,91.83673469387755,94.44444444444444,100.0,86.36363636363636,79.3103448275862,749,13.618181818181819,0,0,0,0,6,0,0,0,0,0,5.6338,3.9083,5193,1178520,206,38,40,0.17183985605038238,1,0.794884,0.10475,118,6.496,15.258000000000001,26.995,15,0.46,2.812,0,0,0,0,0,0,
K8_R0.90_T1_H1_A0.85M30_S8006_HYBRID_inprocess,8006,8,0.9,1,1,SWEEP,0.85,30.0,,HYBRID,inprocess,33c7c623e4f261d511737a37ff86cf1ba6d3f28c4caf296fb9e456f4bf754bf5,a64b3682f47a31bf35aba214d22f13cdb2998634da36da623de74c1501817024,0.975,0,62,53,2,55,7,88.70967741935483,91.83673469387755,94.44444444444444,100.0,86.36363636363636,79.3103448275862,749,13.618181818181819,0,0,0,0,6,0,0,0,0,0,5.6338,3.9083,5193,1178520,206,38,40,0.17183985605038238,1,0.773875,0.109046,118,6.2540000000000004,13.274,23.721,15,0.464,2.762,0,0,0,0,0,0,
K8_R0.90_T1_H1_A0.85M30_S8006_HYBRID_EAGER_inprocess,8006,8,0.9,1,1,SWEEP,0.85,30.0,,HYBRID_EAGER,inprocess,33c7c623e4f261d511737a37ff86cf1ba6d3f28c4caf296fb9e456f4bf754bf5,550b6e4931f59f07e496a1e784c3fcf33afa304d64a0c23d4fcc762419d867f5,0.902,0,62,53,2,55,7,88.70967741935483,91.83673469387755,94.44444444444444,100.0,86.36363636363636,79.3103448275862,749,13.618181818181819,0,0,0,0,6,0,0,0,0,0,5.6338,3.9083,5193,1178487,206,38,40,0.17183985605038238,1,0.723106,0.10465699999999999,118,5.665,13.152000000000001,19.499,25,0.398,2.7369999999999997,0,0,0,0,0,0,
K8_R0.90_T1_H1_A0.85M30_S8006_EDGE_MARKET_inprocess,8006,8,0.9,1,1,SWEEP,0.85,30.0,,EDGE_MARKET,inprocess,33c7c623e4f261d511737a37ff86cf1ba6d3f28c4caf296fb9e456f4bf754bf5,82b23ccd1a30f07e7dcc98e807ab92b51de7ba55732b98342e157f777260c61e,0.251,0,62,51,2,53,9,85.48387096774194,88.77551020408163,88.88888888888889,100.0,84.0909090909091,79.3103448275862,826,15.584905660377359,0,0,0,0,5,0,0,0,0,0,5.6224,3.934,4478,1225085,204,41,39,0.18355795148247978,1,0.026881,0.160689,96,0.05,0.11299999999999999,0.201,630,0.456,2.73,0,20,0,0,0,0,
K8_R0.90_T1_H1_A0.75M5_S8006_CENTRAL_inprocess,8006,8,0.9,1,1,SWEEP,0.75,5.0,,CENTRAL,inprocess,f44999cc51ec31fe2067829fd61f1e6d01df849e06469980351094817f43acab,305be8a3b68a792dbdf28d6e983d4b823b75322e37dc4a9a2ffb87535e38c6d1,1.272,0,62,52,2,54,8,87.09677419354838,91.83673469387755,100.0,100.0,81.81818181818181,82.75862068965517,804,14.88888888888889,0,0,0,0,8,0,0,0,0,0,5.6691,3.9083,6255,1268067,258,41,16,0.23053376697914674,4,1.097202,0.09772800000000001,209,4.747000000000001,14.692,22.979,0,0.0,0.0,0,0,0,0,0,0,
K8_R0.90_T1_H1_A0.75M5_S8006_CENTRAL_FB_inprocess,8006,8,0.9,1,1,SWEEP,0.75,5.0,,CENTRAL_FB,inprocess,f44999cc51ec31fe2067829fd61f1e6d01df849e06469980351094817f43acab,1b4ad3819e2956c94df9a819d2cd65ef0d789af4d514a9ed8715ccb8771f47c0,1.462,0,62,52,2,54,8,87.09677419354838,91.83673469387755,100.0,100.0,81.81818181818181,82.75862068965517,804,14.88888888888889,0,0,0,0,8,0,0,0,0,0,5.6691,3.9083,6255,1268177,258,41,16,0.23053376697914674,4,1.231915,0.11536199999999999,209,4.513,17.035999999999998,24.740000000000002,23,0.020999999999999998,0.115,0,0,0,0,0,0,
K8_R0.90_T1_H1_A0.75M5_S8006_HYBRID_inprocess,8006,8,0.9,1,1,SWEEP,0.75,5.0,,HYBRID,inprocess,f44999cc51ec31fe2067829fd61f1e6d01df849e06469980351094817f43acab,683b40d5e9d46eae3b8e0794a947cbd1a59b29ef473f99af737bc078d86c22de,1.307,0,62,52,2,54,8,87.09677419354838,91.83673469387755,100.0,100.0,81.81818181818181,82.75862068965517,804,14.88888888888889,0,0,0,0,8,0,0,0,0,0,5.6691,3.9083,6255,1268177,258,41,16,0.23053376697914674,4,1.112948,0.104913,209,4.196,15.469999999999999,33.818,23,0.015000000000000001,0.079,0,0,0,0,0,0,
K8_R0.90_T1_H1_A0.75M5_S8006_EDGE_MARKET_inprocess,8006,8,0.9,1,1,SWEEP,0.75,5.0,,EDGE_MARKET,inprocess,f44999cc51ec31fe2067829fd61f1e6d01df849e06469980351094817f43acab,f949c25440be3a9db71b1e6106eb3b715c34174a333d32187be28ee555b00b87,0.279,0,62,49,2,51,11,82.25806451612904,85.71428571428571,88.88888888888889,87.5,79.54545454545455,75.86206896551724,838,16.431372549019606,0,0,0,0,5,0,0,0,0,0,5.6236,3.934,4431,1213020,188,35,15,0.13146936347412255,3,0.028408,0.18154399999999998,96,0.059,0.114,0.193,585,0.483,3.195,0,17,0,0,0,0,
K8_R0.90_T1_H1_A0.75M5_S8006_HYBRID_EAGER_inprocess,8006,8,0.9,1,1,SWEEP,0.75,5.0,,HYBRID_EAGER,inprocess,f44999cc51ec31fe2067829fd61f1e6d01df849e06469980351094817f43acab,48ceb0f7af3c1ddb50b74498eb48f58971255f346e0d283e99a54c18e9e6fd27,1.316,0,62,50,2,52,10,83.87096774193549,87.75510204081633,88.88888888888889,100.0,81.81818181818181,82.75862068965517,762,14.653846153846153,0,0,0,0,5,0,0,0,0,0,5.6516,3.9083,5925,1256836,217,54,21,0.2645858833129335,3,1.104611,0.11902800000000001,199,4.041,17.865,26.154,81,0.081,0.7010000000000001,0,0,0,0,0,0,
K8_R0.90_T1_H1_A0.75M15_S8006_CENTRAL_inprocess,8006,8,0.9,1,1,SWEEP,0.75,15.0,,CENTRAL,inprocess,e2919bbe62faddc2104e2f6cc0efb7a4fd7c2fc0832b17d08fa395c4cde88633,4ab03a60e7a5fcbe60f74a22f2080af3c0b7de0fb2e07470afa891cf7abd86cb,0.909,0,62,51,2,53,9,85.48387096774194,89.79591836734694,100.0,100.0,79.54545454545455,86.20689655172414,785,14.81132075471698,0,0,0,0,7,0,0,0,0,0,5.6106,3.9083,5261,1178250,246,42,43,0.42249388753056233,9,0.659119,0.112824,137,4.127,11.374,46.167,0,0.0,0.0,0,0,0,0,0,0,
K8_R0.90_T1_H1_A0.75M15_S8006_CENTRAL_FB_inprocess,8006,8,0.9,1,1,SWEEP,0.75,15.0,,CENTRAL_FB,inprocess,e2919bbe62faddc2104e2f6cc0efb7a4fd7c2fc0832b17d08fa395c4cde88633,274557defdbaede9dd9aa8109ae0227572e1a493d3a2dc2400f6b463be947562,0.929,0,62,50,3,53,9,85.48387096774194,87.75510204081633,88.88888888888889,87.5,84.0909090909091,89.65517241379311,727,13.716981132075471,0,0,0,0,6,0,0,0,0,0,5.6503,3.9083,5264,1196129,220,42,43,0.3930565671279437,8,0.7254,0.110721,136,4.551,12.139000000000001,22.449,39,0.10500000000000001,0.43600000000000005,0,1,0,0,0,0,
K8_R0.90_T1_H1_A0.75M15_S8006_HYBRID_inprocess,8006,8,0.9,1,1,SWEEP,0.75,15.0,,HYBRID,inprocess,e2919bbe62faddc2104e2f6cc0efb7a4fd7c2fc0832b17d08fa395c4cde88633,6cfa4c2c1dc21b38d9363763079b0d1e40ce981feac349c6b9349a406ec831f9,0.876,0,62,50,3,53,9,85.48387096774194,87.75510204081633,88.88888888888889,87.5,84.0909090909091,89.65517241379311,727,13.716981132075471,0,0,0,0,6,0,0,0,0,0,5.6503,3.9083,5264,1196129,220,42,43,0.3930565671279437,8,0.692667,0.10763600000000001,136,4.293,11.647,20.781000000000002,39,0.1,0.423,0,1,0,0,0,0,
K8_R0.90_T1_H1_A0.75M15_S8006_HYBRID_EAGER_inprocess,8006,8,0.9,1,1,SWEEP,0.75,15.0,,HYBRID_EAGER,inprocess,e2919bbe62faddc2104e2f6cc0efb7a4fd7c2fc0832b17d08fa395c4cde88633,23a99270af79b4864eadcd2c1a0ed928bf072d43e99e9f00ba8d0c39c8d172b6,0.815,0,62,50,3,53,9,85.48387096774194,87.75510204081633,88.88888888888889,87.5,84.0909090909091,89.65517241379311,727,13.716981132075471,0,0,0,0,6,0,0,0,0,0,5.6503,3.9083,5264,1195805,220,42,43,0.3930565671279437,8,0.626162,0.101882,136,3.564,10.244,18.689,57,0.088,0.38699999999999996,0,1,0,0,0,0,
K8_R0.90_T1_H1_A0.75M15_S8006_EDGE_MARKET_inprocess,8006,8,0.9,1,1,SWEEP,0.75,15.0,,EDGE_MARKET,inprocess,e2919bbe62faddc2104e2f6cc0efb7a4fd7c2fc0832b17d08fa395c4cde88633,390ac27a7c7f609bacfeaa1665344e40c7df6884dbdd375b9b41db034cec3243,0.217,0,62,50,3,53,9,85.48387096774194,87.75510204081633,88.88888888888889,87.5,84.0909090909091,82.75862068965517,810,15.283018867924529,0,0,0,0,7,0,0,0,0,0,5.6542,3.934,4281,1163762,130,30,39,0.18236984988821464,5,0.021568,0.142172,78,0.043000000000000003,0.083,0.194,459,0.46599999999999997,2.83,0,12,0,0,0,0,
K8_R0.90_T1_H1_A0.75M30_S8006_CENTRAL_inprocess,8006,8,0.9,1,1,SWEEP,0.75,30.0,,CENTRAL,inprocess,56738bd80d9639f979f1a8c313631202ccc8197850ec23474a9f506b48e645ea,ed60511d2b781cb06d62940e07da511e8a5626d479a8daa2afdf636fff0913c8,0.827,0,62,49,3,52,10,83.87096774193549,85.71428571428571,83.33333333333333,87.5,84.0909090909091,79.3103448275862,761,14.634615384615385,0,0,0,0,5,0,0,0,0,0,5.6511,3.9083,5292,1187589,229,41,75,0.3065243179122183,3,0.657784,0.09473100000000001,123,4.959,12.095,21.472,0,0.0,0.0,0,1,0,0,0,0,
K8_R0.90_T1_H1_A0.75M30_S8006_CENTRAL_FB_inprocess,8006,8,0.9,1,1,SWEEP,0.75,30.0,,CENTRAL_FB,inprocess,56738bd80d9639f979f1a8c313631202ccc8197850ec23474a9f506b48e645ea,80b69652552ae5ddbf8301ec8a9f5d4623199e6ac5c593a2903f0c08140c0ab8,0.983,0,62,50,3,53,9,85.48387096774194,87.75510204081633,88.88888888888889,100.0,84.0909090909091,82.75862068965517,774,14.60377358490566,0,0,0,0,7,0,0,0,0,0,5.6439,3.9083,5360,1208731,232,47,75,0.30740481195982244,2,0.803817,0.106309,128,5.804,16.009,19.524,34,0.444,2.934,0,0,0,0,0,0,
K8_R0.90_T1_H1_A0.75M30_S8006_HYBRID_inprocess,8006,8,0.9,1,1,SWEEP,0.75,30.0,,HYBRID,inprocess,56738bd80d9639f979f1a8c313631202ccc8197850ec23474a9f506b48e645ea,dde980bdb43817da1a1330b661fdbbfac246b6386e1295ae5944a79f92a05109,0.887,0,62,50,3,53,9,85.48387096774194,87.75510204081633,88.88888888888889,100.0,84.0909090909091,82.75862068965517,774,14.60377358490566,0,0,0,0,7,0,0,0,0,0,5.6439,3.9083,5360,1208731,232,47,75,0.30740481195982244,2,0.691242,0.099287,128,4.813,12.806,23.45,34,0.43,4.295,0,0,0,0,0,0,
K8_R0.90_T1_H1_A0.75M30_S8006_EDGE_MARKET_inprocess,8006,8,0.9,1,1,SWEEP,0.75,30.0,,EDGE_MARKET,inprocess,56738bd80d9639f979f1a8c313631202ccc8197850ec23474a9f506b48e645ea,cbf221ecfa7f4f936090d3a8bbbf9445ec2e9a662f5b28df88a85bed6a460ffd,0.245,0,62,51,2,53,9,85.48387096774194,87.75510204081633,88.88888888888889,87.5,84.0909090909091,79.3103448275862,799,15.075471698113208,0,0,0,0,3,0,0,0,0,0,5.6453,3.934,4308,1197357,168,34,83,0.2857587064676617,2,0.024857,0.15880299999999997,70,0.053,0.194,0.22599999999999998,500,0.49700000000000005,3.179,0,13,0,0,0,0,
K8_R0.90_T1_H1_A0.75M30_S8006_HYBRID_EAGER_inprocess,8006,8,0.9,1,1,SWEEP,0.75,30.0,,HYBRID_EAGER,inprocess,56738bd80d9639f979f1a8c313631202ccc8197850ec23474a9f506b48e645ea,cf813aca11cd3cd2b1ab5a25d64f2a4b6a0b9985e6d4ed4d1a57eb242a67d1a8,0.952,0,62,51,3,54,8,87.09677419354838,87.75510204081633,77.77777777777777,100.0,90.9090909090909,82.75862068965517,790,14.62962962962963,0,0,0,0,5,0,0,0,0,0,5.6789,3.9083,5435,1199354,238,46,75,0.3272016555530007,2,0.757363,0.10529,136,4.792,13.276,24.602,49,0.422,2.7399999999999998,0,0,0,0,0,0,
K8_R0.90_T1_H1_A0.65M5_S8006_CENTRAL_inprocess,8006,8,0.9,1,1,SWEEP,0.65,5.0,,CENTRAL,inprocess,e44157f55e207897cd247eabf526e08ad8f0b04f0c75e05fe097c4defabd295b,2b6c10eb1720eeef5dab857e010198325d051288db2d1c0d1a00f003fc849981,1.16,0,62,54,3,57,5,91.93548387096774,92.85714285714286,88.88888888888889,100.0,93.18181818181819,86.20689655172414,806,14.140350877192983,0,0,0,0,8,0,0,0,0,0,5.6752,3.9083,6186,1270253,268,46,26,0.41120906801007556,9,0.975803,0.100643,236,3.1519999999999997,13.724,26.398,0,0.0,0.0,0,0,0,0,0,0,
K8_R0.90_T1_H1_A0.65M5_S8006_CENTRAL_FB_inprocess,8006,8,0.9,1,1,SWEEP,0.65,5.0,,CENTRAL_FB,inprocess,e44157f55e207897cd247eabf526e08ad8f0b04f0c75e05fe097c4defabd295b,63824816fb1099afccd23e4d48542bdc75f62f5532b9701a8a647f2a281519f1,1.273,0,62,54,3,57,5,91.93548387096774,92.85714285714286,88.88888888888889,100.0,93.18181818181819,86.20689655172414,806,14.140350877192983,0,0,0,0,8,0,0,0,0,0,5.6752,3.9083,6186,1270253,268,46,26,0.41120906801007556,9,1.067486,0.111585,236,3.346,13.594,33.046,35,0.025,2.3019999999999996,0,0,0,0,0,0,
K8_R0.90_T1_H1_A0.65M5_S8006_HYBRID_inprocess,8006,8,0.9,1,1,SWEEP,0.65,5.0,,HYBRID,inprocess,e44157f55e207897cd247eabf526e08ad8f0b04f0c75e05fe097c4defabd295b,3280d14c94a9577e61cacca60a6aa6889b895b68c225765ffecaad8d1ffa4573,1.392,0,62,54,3,57,5,91.93548387096774,92.85714285714286,88.88888888888889,100.0,93.18181818181819,86.20689655172414,806,14.140350877192983,0,0,0,0,8,0,0,0,0,0,5.6752,3.9083,6186,1270253,268,46,26,0.41120906801007556,9,1.177233,0.119456,236,3.516,15.524,40.098,35,0.025,3.211,0,0,0,0,0,0,
K8_R0.90_T1_H1_A0.65M5_S8006_HYBRID_EAGER_inprocess,8006,8,0.9,1,1,SWEEP,0.65,5.0,,HYBRID_EAGER,inprocess,e44157f55e207897cd247eabf526e08ad8f0b04f0c75e05fe097c4defabd295b,550739066104fc5163101bff2b8f47a22fce9f7f8cdb7a2c2ac2bd9a21362dea,1.163,0,62,52,2,54,8,87.09677419354838,89.79591836734694,94.44444444444444,100.0,84.0909090909091,82.75862068965517,679,12.574074074074074,0,0,0,0,5,0,0,0,0,0,5.6238,3.9083,6012,1268395,216,48,27,0.4441310479496637,8,0.969734,0.11545,220,3.323,13.207999999999998,31.461999999999996,108,0.08600000000000001,2.405,0,0,0,0,0,0,
K8_R0.90_T1_H1_A0.65M5_S8006_EDGE_MARKET_inprocess,8006,8,0.9,1,1,SWEEP,0.65,5.0,,EDGE_MARKET,inprocess,e44157f55e207897cd247eabf526e08ad8f0b04f0c75e05fe097c4defabd295b,289af499f5c98489d8b71efbcd85efb099247bf19011f32f694f17507d37fd04,0.265,0,62,48,2,50,12,80.64516129032258,83.6734693877551,83.33333333333333,100.0,79.54545454545455,79.3103448275862,845,16.9,0,0,0,0,5,0,0,0,0,0,5.6542,3.934,4369,1195369,157,35,20,0.2030612244897959,3,0.026009,0.17308199999999999,93,0.057,0.1,0.24000000000000002,537,0.506,2.906,0,19,0,0,0,0,
K8_R0.90_T1_H1_A0.65M15_S8006_CENTRAL_inprocess,8006,8,0.9,1,1,SWEEP,0.65,15.0,,CENTRAL,inprocess,d47f8c9ddd9ae67e64c573241eb2e709175192222c47d638e2ae09a1df50d950,9b1dde36a07d58b47a2d990b58d580fea9292ed50eb421076c1a075ca7040290,0.946,0,62,49,2,51,11,82.25806451612904,84.6938775510204,88.88888888888889,87.5,79.54545454545455,75.86206896551724,827,16.215686274509803,0,0,0,0,6,0,0,0,0,0,5.6311,3.9083,5397,1210310,194,58,70,0.6745209735888141,6,0.75548,0.10798699999999999,155,4.009,17.125,26.677,0,0.0,0.0,0,1,0,0,0,0,
K8_R0.90_T1_H1_A0.65M15_S8006_CENTRAL_FB_inprocess,8006,8,0.9,1,1,SWEEP,0.65,15.0,,CENTRAL_FB,inprocess,d47f8c9ddd9ae67e64c573241eb2e709175192222c47d638e2ae09a1df50d950,3cce0450b2a105a14cb7fa2d449f69ec561dbdafa23854c7a31b30915ef3f662,0.961,0,62,50,3,53,9,85.48387096774194,87.75510204081633,88.88888888888889,87.5,84.0909090909091,82.75862068965517,825,15.566037735849056,0,0,0,0,4,0,0,0,0,0,5.6497,3.9083,5426,1209059,204,44,70,0.7429233144621719,6,0.767595,0.10750699999999999,160,3.615,16.507,33.154999999999994,54,0.043000000000000003,0.49200000000000005,0,0,0,0,0,0,
K8_R0.90_T1_H1_A0.65M15_S8006_HYBRID_inprocess,8006,8,0.9,1,1,SWEEP,0.65,15.0,,HYBRID,inprocess,d47f8c9ddd9ae67e64c573241eb2e709175192222c47d638e2ae09a1df50d950,0482d76ea51895ac2d2312e21fdb7fc085a91b0e6bb92355da4b77d4f74c5436,1.035,0,62,50,3,53,9,85.48387096774194,87.75510204081633,88.88888888888889,87.5,84.0909090909091,82.75862068965517,825,15.566037735849056,0,0,0,0,4,0,0,0,0,0,5.6497,3.9083,5426,1209059,204,44,70,0.7429233144621719,6,0.8289,0.11542200000000001,160,3.9379999999999997,19.381,32.053,54,0.039,0.45199999999999996,0,0,0,0,0,0,
K8_R0.90_T1_H1_A0.65M15_S8006_HYBRID_EAGER_inprocess,8006,8,0.9,1,1,SWEEP,0.65,15.0,,HYBRID_EAGER,inprocess,d47f8c9ddd9ae67e64c573241eb2e709175192222c47d638e2ae09a1df50d950,4a7b4830287e020a808f027d15cbd3cc7bc797760a4bfbd557748866512607c3,0.929,0,62,52,2,54,8,87.09677419354838,89.79591836734694,88.88888888888889,100.0,86.36363636363636,82.75862068965517,684,12.666666666666666,0,0,0,0,5,0,0,0,0,0,5.6285,3.9083,5186,1195738,202,48,69,0.6611615744563721,6,0.736573,0.11557400000000001,145,4.19,17.01,26.556,85,0.101,0.49200000000000005,0,1,0,0,0,0,
K8_R0.90_T1_H1_A0.65M15_S8006_EDGE_MARKET_inprocess,8006,8,0.9,1,1,SWEEP,0.65,15.0,,EDGE_MARKET,inprocess,d47f8c9ddd9ae67e64c573241eb2e709175192222c47d638e2ae09a1df50d950,67ca5d971c9f097a3f0eb0b09460b57160fcb8d9a4a6a74a9b72022d5c08c651,0.266,0,62,50,3,53,9,85.48387096774194,85.71428571428571,83.33333333333333,75.0,86.36363636363636,79.3103448275862,886,16.71698113207547,0,0,0,0,5,0,0,0,0,0,5.6302,3.934,4212,1170568,138,24,49,0.40806330067822155,5,0.02464,0.171883,82,0.048,0.095,0.128,400,0.544,3.352,0,12,0,0,0,0,
K8_R0.90_T1_H1_A0.65M30_S8006_CENTRAL_inprocess,8006,8,0.9,1,1,SWEEP,0.65,30.0,,CENTRAL,inprocess,23af0fe2af1b5a1b5fcdaff69f661620d3f04aa58f8a23ade7db2eee581d45cf,f744bdd2457b6f001930f783b734681726db898349641355237a31dc2a130fbf,0.802,0,62,51,3,54,8,87.09677419354838,87.75510204081633,88.88888888888889,87.5,86.36363636363636,86.20689655172414,773,14.314814814814815,0,0,0,0,7,0,0,0,0,0,5.6382,3.9083,5041,1185338,206,38,55,0.3171875,4,0.624863,0.08984800000000001,122,4.1770000000000005,14.008,29.672,0,0.0,0.0,0,1,0,0,0,0,
K8_R0.90_T1_H1_A0.65M30_S8006_CENTRAL_FB_inprocess,8006,8,0.9,1,1,SWEEP,0.65,30.0,,CENTRAL_FB,inprocess,23af0fe2af1b5a1b5fcdaff69f661620d3f04aa58f8a23ade7db2eee581d45cf,4edb986376c6d742b7f26841a8081a203e7e88487db4da080177a42ec05a7ef2,0.906,0,62,51,3,54,8,87.09677419354838,87.75510204081633,88.88888888888889,87.5,86.36363636363636,86.20689655172414,773,14.314814814814815,0,0,0,0,7,0,0,0,0,0,5.6382,3.9083,5041,1185305,206,38,55,0.3171875,4,0.701056,0.109863,122,4.939,15.077,24.179,44,0.068,2.589,0,1,0,0,0,0,
K8_R0.90_T1_H1_A0.65M30_S8006_HYBRID_inprocess,8006,8,0.9,1,1,SWEEP,0.65,30.0,,HYBRID,inprocess,23af0fe2af1b5a1b5fcdaff69f661620d3f04aa58f8a23ade7db2eee581d45cf,2d214d27ca818e71392c45b9c15b5179497cf9255258430006cbf8ee7f812218,0.866,0,62,51,3,54,8,87.09677419354838,87.75510204081633,88.88888888888889,87.5,86.36363636363636,86.20689655172414,773,14.314814814814815,0,0,0,0,7,0,0,0,0,0,5.6382,3.9083,5041,1185305,206,38,55,0.3171875,4,0.682046,0.10756899999999998,122,4.887,14.482999999999999,22.266000000000002,44,0.054,2.339,0,1,0,0,0,0,
K8_R0.90_T1_H1_A0.65M30_S8006_HYBRID_EAGER_inprocess,8006,8,0.9,1,1,SWEEP,0.65,30.0,,HYBRID_EAGER,inprocess,23af0fe2af1b5a1b5fcdaff69f661620d3f04aa58f8a23ade7db2eee581d45cf,84dd3f4cf7f9acbec9f429ebf92c9b32c47a76784ce68b7e46c79525674f95bd,0.87,0,62,51,3,54,8,87.09677419354838,87.75510204081633,88.88888888888889,87.5,86.36363636363636,86.20689655172414,773,14.314814814814815,0,0,0,0,7,0,0,0,0,0,5.6382,3.9083,5041,1185140,206,38,55,0.3171875,4,0.663791,0.115141,122,4.947,13.789,29.368,61,0.058,2.785,0,1,0,0,0,0,
K8_R0.90_T1_H1_A0.65M30_S8006_EDGE_MARKET_inprocess,8006,8,0.9,1,1,SWEEP,0.65,30.0,,EDGE_MARKET,inprocess,23af0fe2af1b5a1b5fcdaff69f661620d3f04aa58f8a23ade7db2eee581d45cf,1b96df390b850dff81985fe8c7f2ccdf9ceae56ba4eaf54e9782588e95b96b90,0.263,0,62,52,2,54,8,87.09677419354838,89.79591836734694,94.44444444444444,87.5,84.0909090909091,79.3103448275862,796,14.74074074074074,0,0,0,0,4,0,0,0,0,0,5.6453,3.934,4311,1197838,167,30,47,0.3143963847643641,3,0.026129,0.169178,88,0.041999999999999996,0.14100000000000001,0.20900000000000002,502,0.49,3.056,0,11,0,0,0,0,
K8_R0.90_T1_H1_A0.55M5_S8006_CENTRAL_inprocess,8006,8,0.9,1,1,SWEEP,0.55,5.0,,CENTRAL,inprocess,2feca2c3bafe5c3bccffb675c398ed49619de1d574cdbf59bc173089e2f3214b,e5f97a963bc48505c36a149509bacf077af718cbc122a1213f3e29e0fbf90cdc,1.127,0,62,53,3,56,6,90.3225806451613,90.81632653061224,88.88888888888889,100.0,90.9090909090909,86.20689655172414,771,13.767857142857142,0,0,0,0,5,0,0,0,0,0,5.6284,3.9083,6150,1286924,227,46,26,0.661140131728367,12,0.932936,0.10176400000000001,259,2.246,11.516,34.156,0,0.0,0.0,0,0,0,0,0,0,
K8_R0.90_T1_H1_A0.55M5_S8006_CENTRAL_FB_inprocess,8006,8,0.9,1,1,SWEEP,0.55,5.0,,CENTRAL_FB,inprocess,2feca2c3bafe5c3bccffb675c398ed49619de1d574cdbf59bc173089e2f3214b,ca9e40c7bbf3c0c84f4a6a0c96c7de1ba9b26f47a93c40aabad6446ce7544d69,1.141,0,62,53,3,56,6,90.3225806451613,90.81632653061224,88.88888888888889,87.5,90.9090909090909,86.20689655172414,792,14.142857142857142,0,0,0,0,6,0,0,0,0,0,5.6094,3.9083,6214,1269674,243,49,26,0.6467817896389325,10,0.950793,0.10362,265,2.2030000000000003,11.296000000000001,26.455,43,0.11,2.745,0,0,0,0,0,0,
K8_R0.90_T1_H1_A0.55M5_S8006_HYBRID_EAGER_inprocess,8006,8,0.9,1,1,SWEEP,0.55,5.0,,HYBRID_EAGER,inprocess,2feca2c3bafe5c3bccffb675c398ed49619de1d574cdbf59bc173089e2f3214b,aa0c8a8c426fa032e809541cbb2d6b5028923af74521d57d329f8d7f17ae3f5e,1.088,0,62,53,3,56,6,90.3225806451613,91.83673469387755,94.44444444444444,100.0,88.63636363636364,89.65517241379311,751,13.410714285714286,0,0,0,0,4,0,0,0,0,0,5.6541,3.9083,6150,1282609,249,37,26,0.6615595700891836,12,0.898277,0.11243,253,2.5170000000000003,10.289,21.32,130,0.082,2.463,0,0,0,0,0,0,
K8_R0.90_T1_H1_A0.55M5_S8006_HYBRID_inprocess,8006,8,0.9,1,1,SWEEP,0.55,5.0,,HYBRID,inprocess,2feca2c3bafe5c3bccffb675c398ed49619de1d574cdbf59bc173089e2f3214b,3ef514322cfd9819e2ec51e93193cfae59a86d2e90b0fd3f67cc60d8dce8b93e,1.167,0,62,53,3,56,6,90.3225806451613,90.81632653061224,88.88888888888889,87.5,90.9090909090909,86.20689655172414,792,14.142857142857142,0,0,0,0,6,0,0,0,0,0,5.6094,3.9083,6214,1269674,243,49,26,0.6467817896389325,10,0.961385,0.10737000000000001,265,2.099,11.273,26.709,43,0.121,2.46,0,0,0,0,0,0,
K8_R0.90_T1_H1_A0.55M5_S8006_EDGE_MARKET_inprocess,8006,8,0.9,1,1,SWEEP,0.55,5.0,,EDGE_MARKET,inprocess,2feca2c3bafe5c3bccffb675c398ed49619de1d574cdbf59bc173089e2f3214b,124eb9267b2e18711daf1911003708a8783e24c6bb01194387d252a62287ef60,0.207,0,62,49,2,51,11,82.25806451612904,84.6938775510204,88.88888888888889,87.5,79.54545454545455,82.75862068965517,878,17.215686274509803,0,0,0,0,6,0,0,0,0,0,6.2292,3.934,4262,1201457,150,19,25,0.3119935170178282,4,0.019652,0.130035,82,0.032,0.09000000000000001,0.14400000000000002,452,0.38499999999999995,2.312,0,11,0,0,0,0,
K8_R0.90_T1_H1_A0.55M15_S8006_CENTRAL_inprocess,8006,8,0.9,1,1,SWEEP,0.55,15.0,,CENTRAL,inprocess,066d272a0b5a90b8a3200793360a45d0422e505b3b414b4ae66397475bf9d34e,91b37b1ee99247664443dde33d7fc4c84ae5b327501de8c5d035d521e67c7a05,0.846,0,62,50,2,52,10,83.87096774193549,86.73469387755102,83.33333333333333,100.0,84.0909090909091,72.41379310344827,802,15.423076923076923,0,0,0,0,6,0,0,0,0,0,5.6545,3.9083,5495,1228389,215,34,69,0.6621730924777568,6,0.669375,0.09626299999999999,174,3.1310000000000002,10.106,24.794,0,0.0,0.0,0,0,0,0,0,0,
K8_R0.90_T1_H1_A0.55M15_S8006_CENTRAL_FB_inprocess,8006,8,0.9,1,1,SWEEP,0.55,15.0,,CENTRAL_FB,inprocess,066d272a0b5a90b8a3200793360a45d0422e505b3b414b4ae66397475bf9d34e,bdb635e656ab39ed285094aef53c5cbdce0a3f7964c228971dec1d3914394829,0.951,0,62,49,3,52,10,83.87096774193549,86.73469387755102,83.33333333333333,100.0,84.0909090909091,75.86206896551724,813,15.634615384615385,0,0,0,0,7,0,0,0,0,0,5.6362,3.9083,5277,1186733,193,34,69,0.6924842226047045,6,0.719808,0.11179499999999999,162,3.247,12.971,25.322,59,0.106,2.839,0,0,0,0,0,0,
K8_R0.90_T1_H1_A0.55M15_S8006_HYBRID_inprocess,8006,8,0.9,1,1,SWEEP,0.55,15.0,,HYBRID,inprocess,066d272a0b5a90b8a3200793360a45d0422e505b3b414b4ae66397475bf9d34e,13d59044bb01cb673832e21a88b16b9f6dd9837485293b38ffb392f2f561f52e,1.009,0,62,49,3,52,10,83.87096774193549,86.73469387755102,83.33333333333333,100.0,84.0909090909091,75.86206896551724,813,15.634615384615385,0,0,0,0,7,0,0,0,0,0,5.6362,3.9083,5277,1186733,193,34,69,0.6924842226047045,6,0.793393,0.12029200000000002,162,3.32,16.483999999999998,26.78,59,0.107,3.129,0,0,0,0,0,0,
K8_R0.90_T1_H1_A0.55M15_S8006_HYBRID_EAGER_inprocess,8006,8,0.9,1,1,SWEEP,0.55,15.0,,HYBRID_EAGER,inprocess,066d272a0b5a90b8a3200793360a45d0422e505b3b414b4ae66397475bf9d34e,88e963712c2caa60c77c87377a647f23e507dfece38cf3b8518d50584a0d5da7,0.931,0,62,52,2,54,8,87.09677419354838,89.79591836734694,88.88888888888889,100.0,86.36363636363636,79.3103448275862,814,15.074074074074074,0,0,0,0,8,0,0,0,0,0,5.6503,3.9083,5175,1212381,192,31,69,0.6389218009478673,6,0.723036,0.11726200000000002,157,4.358,12.415000000000001,17.831,84,0.13999999999999999,2.387,0,0,0,0,0,0,
K8_R0.90_T1_H1_A0.55M15_S8006_EDGE_MARKET_inprocess,8006,8,0.9,1,1,SWEEP,0.55,15.0,,EDGE_MARKET,inprocess,066d272a0b5a90b8a3200793360a45d0422e505b3b414b4ae66397475bf9d34e,2900f2c0c070de722935aa70a298f3afe75b6993d4c4523a882f7518778761bb,0.261,0,62,51,2,53,9,85.48387096774194,84.6938775510204,77.77777777777777,75.0,88.63636363636364,79.3103448275862,804,15.169811320754716,0,0,0,0,5,0,0,0,0,0,5.6404,3.934,4210,1171880,136,29,52,0.5166112956810631,5,0.022449,0.17422100000000001,78,0.039,0.093,0.187,398,0.585,3.143,0,12,0,0,0,0,
K8_R0.90_T1_H1_A0.55M30_S8006_CENTRAL_inprocess,8006,8,0.9,1,1,SWEEP,0.55,30.0,,CENTRAL,inprocess,bd8e63c1b66cd03c44ff9508d23f90a92c9cedcc645e121b41fd17108e90fffb,436341943d32bf40e1257643ae60fdd2d2cdee6c975e300bf32d5f943fb77312,0.679,0,62,52,3,55,7,88.70967741935483,89.79591836734694,94.44444444444444,100.0,86.36363636363636,86.20689655172414,767,13.945454545454545,1,1,0,0,6,0,0,0,0,0,5.6538,3.9083,5061,1190042,182,33,86,0.6954193932183225,8,0.502144,0.105051,132,2.937,9.001,22.076999999999998,0,0.0,0.0,0,1,0,0,0,0,
K8_R0.90_T1_H1_A0.55M30_S8006_CENTRAL_FB_inprocess,8006,8,0.9,1,1,SWEEP,0.55,30.0,,CENTRAL_FB,inprocess,bd8e63c1b66cd03c44ff9508d23f90a92c9cedcc645e121b41fd17108e90fffb,7a2f41f2411763b8bd3c912d0a0176de3c7b9f836cd7755ea0f9203b66c16c9b,0.686,0,62,51,3,54,8,87.09677419354838,89.79591836734694,94.44444444444444,100.0,84.0909090909091,75.86206896551724,806,14.925925925925926,0,0,0,0,5,0,0,0,0,0,5.6529,3.9083,4950,1178730,163,35,86,0.6729944886711574,7,0.492222,0.10567599999999999,125,2.958,11.649,23.256,58,0.102,0.46799999999999997,0,0,0,0,0,0,
K8_R0.90_T1_H1_A0.55M30_S8006_HYBRID_inprocess,8006,8,0.9,1,1,SWEEP,0.55,30.0,,HYBRID,inprocess,bd8e63c1b66cd03c44ff9508d23f90a92c9cedcc645e121b41fd17108e90fffb,22747b81e81c8b7d2763ebf1a4009f670ae12fc011b08e1b72e2a288ca64f174,0.687,0,62,51,3,54,8,87.09677419354838,89.79591836734694,94.44444444444444,100.0,84.0909090909091,75.86206896551724,806,14.925925925925926,0,0,0,0,5,0,0,0,0,0,5.6529,3.9083,4950,1178730,163,35,86,0.6729944886711574,7,0.500088,0.108347,125,3.065,10.506,21.205000000000002,58,0.1,0.49,0,0,0,0,0,0,
K8_R0.90_T1_H1_A0.55M30_S8006_HYBRID_EAGER_inprocess,8006,8,0.9,1,1,SWEEP,0.55,30.0,,HYBRID_EAGER,inprocess,bd8e63c1b66cd03c44ff9508d23f90a92c9cedcc645e121b41fd17108e90fffb,55bdb5877328a0c05778b85ee676bad16e1ed56a7d2c3dd0636b3fe92cb2db08,0.698,0,62,51,3,54,8,87.09677419354838,89.79591836734694,94.44444444444444,100.0,84.0909090909091,75.86206896551724,806,14.925925925925926,0,0,0,0,5,0,0,0,0,0,5.6529,3.9083,4950,1178230,163,35,86,0.6729944886711574,7,0.487471,0.112862,125,3.109,9.112,21.273,79,0.097,0.554,0,0,0,0,0,0,
K8_R0.90_T1_H1_A0.55M30_S8006_EDGE_MARKET_inprocess,8006,8,0.9,1,1,SWEEP,0.55,30.0,,EDGE_MARKET,inprocess,bd8e63c1b66cd03c44ff9508d23f90a92c9cedcc645e121b41fd17108e90fffb,a498bcf7d44f538d371506ef0c3199bd053f8d68c63a8ab27e62ef3f8b16bc0a,0.29,0,62,47,2,49,13,79.03225806451613,82.65306122448979,88.88888888888889,87.5,75.0,72.41379310344827,833,17.0,0,0,0,0,7,0,0,0,0,0,5.6289,3.934,4317,1189160,130,22,61,0.5248661055853099,6,0.026091,0.193876,87,0.045000000000000005,0.133,0.196,510,0.532,3.034,0,19,0,0,0,0,
K8_R0.90_T1_H1_A0.95M5_S8007_CENTRAL_inprocess,8007,8,0.9,1,1,SWEEP,0.95,5.0,,CENTRAL,inprocess,aea03bd6de3a1f7fca11ddca4be87bd848a9647fb0eaacc4f0399ba23474a3b5,58deb6f840d50adcb79156bab3d0882de71930e60ec8ea2cde86b8f67e180e02,2.021,0,62,52,1,53,9,85.48387096774194,90.0990099009901,94.11764705882354,100.0,82.22222222222223,88.88888888888889,726,13.69811320754717,0,0,0,0,8,0,0,0,0,0,5.6882,3.8458,6177,1286824,310,65,16,0.06405876323881107,2,1.782368,0.11669300000000002,138,12.043999999999999,26.118,36.546,0,0.0,0.0,0,0,0,0,0,0,
K8_R0.90_T1_H1_A0.95M5_S8007_CENTRAL_FB_inprocess,8007,8,0.9,1,1,SWEEP,0.95,5.0,,CENTRAL_FB,inprocess,aea03bd6de3a1f7fca11ddca4be87bd848a9647fb0eaacc4f0399ba23474a3b5,45cefdec4fb7328c541dbcadba52136dc6ba97f739165c781aafd211fd469896,1.984,0,62,52,1,53,9,85.48387096774194,90.0990099009901,94.11764705882354,100.0,82.22222222222223,88.88888888888889,726,13.69811320754717,0,0,0,0,8,0,0,0,0,0,5.6882,3.8458,6177,1286824,310,65,16,0.06405876323881107,2,1.740161,0.117692,138,11.542,26.224999999999998,41.452999999999996,5,0.092,0.092,0,0,0,0,0,0,
K8_R0.90_T1_H1_A0.95M5_S8007_HYBRID_EAGER_inprocess,8007,8,0.9,1,1,SWEEP,0.95,5.0,,HYBRID_EAGER,inprocess,aea03bd6de3a1f7fca11ddca4be87bd848a9647fb0eaacc4f0399ba23474a3b5,de96e1f96e9950ec5bb69696a508f97f65c8bc48f3a81f8fabfc56da332b55d9,1.637,0,62,50,2,52,10,83.87096774193549,84.15841584158416,88.23529411764706,88.88888888888889,82.22222222222223,77.77777777777777,825,15.865384615384615,0,0,0,0,8,0,0,0,0,0,5.6523,3.8458,5832,1261905,289,45,17,0.07804256867382209,4,1.422338,0.117142,133,7.915,24.871000000000002,36.756,24,0.103,0.621,0,0,0,0,0,0,
K8_R0.90_T1_H1_A0.95M5_S8007_HYBRID_inprocess,8007,8,0.9,1,1,SWEEP,0.95,5.0,,HYBRID,inprocess,aea03bd6de3a1f7fca11ddca4be87bd848a9647fb0eaacc4f0399ba23474a3b5,01a74d8c6d9967c1e4536f15cc7f194dc9604a02d28600a1c2407825f3cef570,1.989,0,62,52,1,53,9,85.48387096774194,90.0990099009901,94.11764705882354,100.0,82.22222222222223,88.88888888888889,726,13.69811320754717,0,0,0,0,8,0,0,0,0,0,5.6882,3.8458,6177,1286824,310,65,16,0.06405876323881107,2,1.743852,0.118416,138,12.213,24.785,40.859,5,0.112,0.112,0,0,0,0,0,0,
K8_R0.90_T1_H1_A0.95M5_S8007_EDGE_MARKET_inprocess,8007,8,0.9,1,1,SWEEP,0.95,5.0,,EDGE_MARKET,inprocess,aea03bd6de3a1f7fca11ddca4be87bd848a9647fb0eaacc4f0399ba23474a3b5,3cc3396d97b8a09148a21a6cf91959864f227957bfb1f815089638becc9f0729,0.328,0,62,50,2,52,10,83.87096774193549,85.14851485148515,82.3529411764706,77.77777777777777,84.44444444444444,80.55555555555556,808,15.538461538461538,0,0,0,0,8,0,0,0,0,0,5.6935,3.8458,4534,1175107,218,57,12,0.04923882017126546,2,0.034031,0.20993300000000004,96,0.068,0.157,0.196,660,0.527,4.309,0,26,0,0,0,0,
K8_R0.90_T1_H1_A0.95M15_S8007_CENTRAL_inprocess,8007,8,0.9,1,1,SWEEP,0.95,15.0,,CENTRAL,inprocess,3db3394efd8fd44e85d12babb93ac24d11059c531b7ed0a77a76c14f886bd29b,0b4c87dd87e05596b4c42995a886e7581e3b38c3d6b028ffc849ba2a3dc56a3c,1.703,0,62,52,1,53,9,85.48387096774194,90.0990099009901,94.11764705882354,100.0,82.22222222222223,88.88888888888889,699,13.18867924528302,0,0,0,0,7,0,0,0,0,0,6.9356,3.8458,6211,1272147,314,52,32,0.06215446473446139,1,1.468948,0.110859,131,8.989,26.476,39.342,0,0.0,0.0,0,1,0,0,0,0,
K8_R0.90_T1_H1_A0.95M15_S8007_CENTRAL_FB_inprocess,8007,8,0.9,1,1,SWEEP,0.95,15.0,,CENTRAL_FB,inprocess,3db3394efd8fd44e85d12babb93ac24d11059c531b7ed0a77a76c14f886bd29b,8494ace0e4afe0dae4b97baa284d9e4d19ad51f14198490ec9452df936740f5c,1.813,0,62,52,1,53,9,85.48387096774194,90.0990099009901,94.11764705882354,100.0,82.22222222222223,88.88888888888889,699,13.18867924528302,0,0,0,0,7,0,0,0,0,0,6.9356,3.8458,6211,1272147,314,52,32,0.06215446473446139,1,1.580129,0.11350999999999999,131,8.676,29.021,47.233,4,0.027,0.027,0,1,0,0,0,0,
K8_R0.90_T1_H1_A0.95M15_S8007_HYBRID_inprocess,8007,8,0.9,1,1,SWEEP,0.95,15.0,,HYBRID,inprocess,3db3394efd8fd44e85d12babb93ac24d11059c531b7ed0a77a76c14f886bd29b,683f135b5c438c307f18aff801e311aec1cefebc84b0fd63db017f0c5d4e8618,1.779,0,62,52,1,53,9,85.48387096774194,90.0990099009901,94.11764705882354,100.0,82.22222222222223,88.88888888888889,699,13.18867924528302,0,0,0,0,7,0,0,0,0,0,6.9356,3.8458,6211,1272147,314,52,32,0.06215446473446139,1,1.558795,0.11061499999999999,131,10.606000000000002,25.248,35.090999999999994,5,0.028,0.028,0,1,0,0,0,0,
K8_R0.90_T1_H1_A0.95M15_S8007_HYBRID_EAGER_inprocess,8007,8,0.9,1,1,SWEEP,0.95,15.0,,HYBRID_EAGER,inprocess,3db3394efd8fd44e85d12babb93ac24d11059c531b7ed0a77a76c14f886bd29b,f7f237fc439f3a4fb1e9f51efa5011ddca20e46cac873f5e51532b3cf95e4c50,1.576,0,62,52,2,54,8,87.09677419354838,89.10891089108911,82.3529411764706,100.0,88.88888888888889,91.66666666666667,704,13.037037037037036,0,0,0,0,8,0,0,0,0,0,5.6539,3.8458,6128,1295325,329,57,33,0.06780238500851789,0,1.385319,0.10632799999999999,127,6.695,27.951,36.686,13,0.036000000000000004,0.442,0,0,0,0,0,0,
K8_R0.90_T1_H1_A0.95M15_S8007_EDGE_MARKET_inprocess,8007,8,0.9,1,1,SWEEP,0.95,15.0,,EDGE_MARKET,inprocess,3db3394efd8fd44e85d12babb93ac24d11059c531b7ed0a77a76c14f886bd29b,3df18c90adb3c88cc04647000c39eb7652e2303cf28b45405df7525fb4894dc4,0.261,0,62,51,1,52,10,83.87096774193549,86.13861386138613,82.3529411764706,88.88888888888889,84.44444444444444,83.33333333333333,722,13.884615384615385,0,0,0,0,8,0,0,0,0,0,5.6586,3.8458,4792,1232911,243,67,31,0.04871060171919771,1,0.028422,0.175968,126,0.060000000000000005,0.162,0.22,928,0.39,2.397,0,26,0,0,0,0,
K8_R0.90_T1_H1_A0.95M30_S8007_CENTRAL_inprocess,8007,8,0.9,1,1,SWEEP,0.95,30.0,,CENTRAL,inprocess,32c8a153772d2747bd9ed503ddc1752bd9d08b8bd6aa290f3324a3d6b78f7b5c,286867a60dcc6d65e5db9fd07635f089a8edbaba3d7c4956eef50527c558e11c,1.89,0,62,50,1,51,11,82.25806451612904,87.12871287128714,88.23529411764706,100.0,80.0,83.33333333333333,739,14.490196078431373,0,0,0,0,6,0,0,0,0,0,5.7182,3.8458,5923,1242798,267,56,47,0.0766114829165199,2,1.685159,0.09998499999999999,117,11.468,34.58,38.557,0,0.0,0.0,0,0,0,0,0,0,
K8_R0.90_T1_H1_A0.95M30_S8007_CENTRAL_FB_inprocess,8007,8,0.9,1,1,SWEEP,0.95,30.0,,CENTRAL_FB,inprocess,32c8a153772d2747bd9ed503ddc1752bd9d08b8bd6aa290f3324a3d6b78f7b5c,bbcba058a349517a00da1181d0e06eb98b5cf4676ccfabfdc734b2d1b9aa14ea,1.956,0,62,50,1,51,11,82.25806451612904,87.12871287128714,88.23529411764706,100.0,80.0,83.33333333333333,739,14.490196078431373,0,0,0,0,6,0,0,0,0,0,5.7182,3.8458,5923,1242798,267,56,47,0.0766114829165199,2,1.716696,0.10849000000000002,117,13.646,31.690999999999995,38.516,6,0.01,0.01,0,0,0,0,0,0,
K8_R0.90_T1_H1_A0.95M30_S8007_HYBRID_inprocess,8007,8,0.9,1,1,SWEEP,0.95,30.0,,HYBRID,inprocess,32c8a153772d2747bd9ed503ddc1752bd9d08b8bd6aa290f3324a3d6b78f7b5c,d790eb2bd17b4734873ec4a7195c81bd3258caf2eb139276b4dc838c7893b8fb,1.853,0,62,50,1,51,11,82.25806451612904,87.12871287128714,88.23529411764706,100.0,80.0,83.33333333333333,739,14.490196078431373,0,0,0,0,6,0,0,0,0,0,5.7182,3.8458,5923,1242798,267,56,47,0.0766114829165199,2,1.655654,0.10109599999999999,117,13.618,30.185,36.901,6,0.01,0.01,0,0,0,0,0,0,
K8_R0.90_T1_H1_A0.95M30_S8007_HYBRID_EAGER_inprocess,8007,8,0.9,1,1,SWEEP,0.95,30.0,,HYBRID_EAGER,inprocess,32c8a153772d2747bd9ed503ddc1752bd9d08b8bd6aa290f3324a3d6b78f7b5c,48c5e14bddc02b2f640e355636bd163a213b672afef73dd1e05d409377a7befc,2.048,0,62,50,1,51,11,82.25806451612904,87.12871287128714,88.23529411764706,100.0,80.0,83.33333333333333,739,14.490196078431373,0,0,0,0,6,0,0,0,0,0,5.7182,3.8458,5923,1242798,267,56,47,0.0766114829165199,2,1.776869,0.13042700000000002,117,13.679,32.384,41.119,10,0.178,0.178,0,0,0,0,0,0,
K8_R0.90_T1_H1_A0.95M30_S8007_EDGE_MARKET_inprocess,8007,8,0.9,1,1,SWEEP,0.95,30.0,,EDGE_MARKET,inprocess,32c8a153772d2747bd9ed503ddc1752bd9d08b8bd6aa290f3324a3d6b78f7b5c,6ae8c7a92a793ee61b853d062675db30daa0faae6e029c4e1b839698c23ee7d5,0.407,0,62,49,1,50,12,80.64516129032258,87.12871287128714,100.0,100.0,73.33333333333333,77.77777777777777,783,15.66,0,0,0,0,7,0,0,0,0,0,5.6702,3.8458,4726,1210865,233,58,47,0.08758960573476703,1,0.040738,0.28756000000000004,120,0.06499999999999999,0.225,0.34900000000000003,870,0.799,5.386,0,25,0,0,0,0,
K8_R0.90_T1_H1_A0.85M5_S8007_CENTRAL_FB_inprocess,8007,8,0.9,1,1,SWEEP,0.85,5.0,,CENTRAL_FB,inprocess,b93d6c5bdc57e8740cbf7413e7db58c5744dfbcfa644955868015683dda82bff,44d6671f37d44f153029f1dfcaf13a4d8e3ed7218c3abea2441ebf51f53c3dec,1.481,0,62,54,2,56,6,90.3225806451613,93.06930693069307,94.11764705882354,100.0,88.88888888888889,91.66666666666667,742,13.25,0,0,0,0,7,0,0,0,0,0,5.7115,3.8458,5852,1238401,295,50,14,0.122152019911928,2,1.280201,0.10760600000000001,161,5.572,21.073999999999998,33.632000000000005,9,0.435,0.435,0,0,0,0,0,0,
K8_R0.90_T1_H1_A0.85M5_S8007_CENTRAL_inprocess,8007,8,0.9,1,1,SWEEP,0.85,5.0,,CENTRAL,inprocess,b93d6c5bdc57e8740cbf7413e7db58c5744dfbcfa644955868015683dda82bff,6ffad9ca0d531e26a2213c14901075ed29167bb079efc221160e7341a68f8909,1.594,0,62,55,2,57,5,91.93548387096774,95.04950495049505,100.0,100.0,88.88888888888889,94.44444444444444,730,12.807017543859649,0,0,0,0,8,0,0,0,0,0,5.6892,3.8458,5755,1230600,268,43,16,0.11243412063244193,2,1.380375,0.10933899999999999,158,7.359,22.314,29.573999999999998,0,0.0,0.0,0,1,0,0,0,0,
K8_R0.90_T1_H1_A0.85M5_S8007_HYBRID_inprocess,8007,8,0.9,1,1,SWEEP,0.85,5.0,,HYBRID,inprocess,b93d6c5bdc57e8740cbf7413e7db58c5744dfbcfa644955868015683dda82bff,09d763e78996f1ab91501fe330add90c5d89e1ada98dc3ef397527b5be60efae,1.515,0,62,54,2,56,6,90.3225806451613,93.06930693069307,94.11764705882354,100.0,88.88888888888889,91.66666666666667,742,13.25,0,0,0,0,7,0,0,0,0,0,5.7115,3.8458,5852,1238401,295,50,14,0.122152019911928,2,1.308703,0.11562099999999999,161,5.982,20.201,30.173,9,0.501,0.501,0,0,0,0,0,0,
K8_R0.90_T1_H1_A0.85M5_S8007_HYBRID_EAGER_inprocess,8007,8,0.9,1,1,SWEEP,0.85,5.0,,HYBRID_EAGER,inprocess,b93d6c5bdc57e8740cbf7413e7db58c5744dfbcfa644955868015683dda82bff,e4da1b553a80779e05f6811c9bc18241c4f76515d234d13d7a87cd8762f61d05,1.528,0,62,53,1,54,8,87.09677419354838,91.08910891089108,100.0,100.0,82.22222222222223,83.33333333333333,794,14.703703703703704,1,1,0,0,8,0,0,0,0,0,5.6544,3.8458,6180,1251066,288,57,16,0.15136298421807748,3,1.309314,0.11378800000000001,167,5.194,21.364,34.410000000000004,39,0.45,3.25,0,5,0,0,0,0,
K8_R0.90_T1_H1_A0.85M5_S8007_EDGE_MARKET_inprocess,8007,8,0.9,1,1,SWEEP,0.85,5.0,,EDGE_MARKET,inprocess,b93d6c5bdc57e8740cbf7413e7db58c5744dfbcfa644955868015683dda82bff,2ca762af2ab5af5148b021e8508149a248d65c7f0a23594e5287d4f3f21dfc31,0.328,0,62,49,2,51,11,82.25806451612904,86.13861386138613,88.23529411764706,88.88888888888889,80.0,83.33333333333333,749,14.686274509803921,0,0,0,0,8,0,0,0,0,0,5.6802,3.8458,4652,1200115,207,29,13,0.0945273631840796,2,0.033273,0.219082,123,0.06499999999999999,0.165,0.248,791,0.504,3.316,0,28,0,0,0,0,
K8_R0.90_T1_H1_A0.85M15_S8007_CENTRAL_inprocess,8007,8,0.9,1,1,SWEEP,0.85,15.0,,CENTRAL,inprocess,da24a3745c16c733dbfee26f998cdfda391f5e418a8c198609bdb3272ef1abc6,adab6d6524c412eebd3256f7e7e1b94da5c5318b9841ccaeb58532b651642c84,1.291,0,62,54,0,54,8,87.09677419354838,92.07920792079207,100.0,100.0,82.22222222222223,88.88888888888889,720,13.333333333333334,0,0,0,0,8,0,0,0,0,0,5.6742,3.8458,5660,1249610,242,57,81,0.10808678500986194,2,1.085604,0.108633,117,7.231999999999999,24.537,32.939,0,0.0,0.0,0,1,0,0,0,0,
K8_R0.90_T1_H1_A0.85M15_S8007_CENTRAL_FB_inprocess,8007,8,0.9,1,1,SWEEP,0.85,15.0,,CENTRAL_FB,inprocess,da24a3745c16c733dbfee26f998cdfda391f5e418a8c198609bdb3272ef1abc6,22c70c0c51d43872ff563deb9d77b38d65f5d80b572835cc27bbea298a6eaa09,1.377,0,62,54,1,55,7,88.70967741935483,91.08910891089108,88.23529411764706,100.0,88.88888888888889,91.66666666666667,726,13.2,0,0,0,0,8,0,0,0,0,0,5.6845,3.8458,6004,1280241,265,47,70,0.11948869951834012,3,1.182739,0.10384600000000001,127,5.933,28.26,33.162,16,0.034,0.464,0,1,0,0,0,0,
K8_R0.90_T1_H1_A0.85M15_S8007_HYBRID_inprocess,8007,8,0.9,1,1,SWEEP,0.85,15.0,,HYBRID,inprocess,da24a3745c16c733dbfee26f998cdfda391f5e418a8c198609bdb3272ef1abc6,ff7603b507f21ceeb68eb2a3a62cf83e426b651a7787b1183debc777eee1fed5,1.52,0,62,54,1,55,7,88.70967741935483,91.08910891089108,88.23529411764706,100.0,88.88888888888889,91.66666666666667,726,13.2,0,0,0,0,8,0,0,0,0,0,5.6845,3.8458,6004,1280241,265,47,70,0.11948869951834012,3,1.278581,0.11379299999999999,127,7.569,26.19,44.732,16,0.038,0.486,0,1,0,0,0,0,
K8_R0.90_T1_H1_A0.85M15_S8007_HYBRID_EAGER_inprocess,8007,8,0.9,1,1,SWEEP,0.85,15.0,,HYBRID_EAGER,inprocess,da24a3745c16c733dbfee26f998cdfda391f5e418a8c198609bdb3272ef1abc6,86a1ba9c4df5943a695e55a3561ea027bb299cc13ecb1573df92e7b02073ac42,1.366,0,62,50,1,51,11,82.25806451612904,85.14851485148515,82.3529411764706,88.88888888888889,82.22222222222223,80.55555555555556,777,15.235294117647058,0,0,0,0,8,0,0,0,0,0,5.6228,3.8458,5961,1264083,288,53,80,0.1435763565168749,5,1.174388,0.105227,130,7.227,22.478,29.628999999999998,31,0.104,0.41,0,0,0,0,0,0,
K8_R0.90_T1_H1_A0.85M15_S8007_EDGE_MARKET_inprocess,8007,8,0.9,1,1,SWEEP,0.85,15.0,,EDGE_MARKET,inprocess,da24a3745c16c733dbfee26f998cdfda391f5e418a8c198609bdb3272ef1abc6,b528b3d390e1459a69cacd7a582595b3fe8b0e1824a6bb76157670399abcae0e,0.276,0,62,50,2,52,10,83.87096774193549,84.15841584158416,76.47058823529412,77.77777777777777,86.66666666666667,83.33333333333333,769,14.788461538461538,0,0,0,0,8,0,0,0,0,0,5.6507,3.8458,4465,1160865,187,32,31,0.0844997407983411,2,0.029693,0.179563,102,0.056,0.097,0.203,607,0.421,2.637,0,22,0,0,0,0,
K8_R0.90_T1_H1_A0.85M30_S8007_CENTRAL_inprocess,8007,8,0.9,1,1,SWEEP,0.85,30.0,,CENTRAL,inprocess,a7258f9f27d09efe5cf081fb28fb26b64a245881864e8bff9cd132d61bb84879,5d91195e1dea7dcac80c3960bb55f35b30c1ef60e50fc15acbf63fea89c51a4c,2.036,0,62,50,0,50,12,80.64516129032258,85.14851485148515,88.23529411764706,100.0,77.77777777777777,80.55555555555556,736,14.72,0,0,0,0,8,0,0,0,0,0,5.6721,3.8458,6253,1269578,281,51,47,0.09265883154488162,2,1.807907,0.112177,131,12.947999999999999,28.329,34.29900000000001,0,0.0,0.0,0,2,0,0,0,0,
K8_R0.90_T1_H1_A0.85M30_S8007_CENTRAL_FB_inprocess,8007,8,0.9,1,1,SWEEP,0.85,30.0,,CENTRAL_FB,inprocess,a7258f9f27d09efe5cf081fb28fb26b64a245881864e8bff9cd132d61bb84879,3acc2cfb44b6dd3687185b09ec9b11278206e9452f6e4e9e834848c9e52cf402,1.993,0,62,50,0,50,12,80.64516129032258,85.14851485148515,88.23529411764706,100.0,77.77777777777777,80.55555555555556,736,14.72,0,0,0,0,8,0,0,0,0,0,5.6721,3.8458,6253,1269578,281,51,47,0.09265883154488162,2,1.7461,0.11214999999999999,131,12.7,28.325,44.937,13,0.016,0.106,0,2,0,0,0,0,
K8_R0.90_T1_H1_A0.85M30_S8007_HYBRID_inprocess,8007,8,0.9,1,1,SWEEP,0.85,30.0,,HYBRID,inprocess,a7258f9f27d09efe5cf081fb28fb26b64a245881864e8bff9cd132d61bb84879,293d529db0d9ec5e0d88acb6793b549086973c3eaec5d765150511d27c185433,2.03,0,62,50,0,50,12,80.64516129032258,85.14851485148515,88.23529411764706,100.0,77.77777777777777,80.55555555555556,736,14.72,0,0,0,0,8,0,0,0,0,0,5.6721,3.8458,6253,1269578,281,51,47,0.09265883154488162,2,1.826034,0.11358199999999999,131,12.654,27.383000000000003,34.15,13,0.013,0.10500000000000001,0,2,0,0,0,0,
K8_R0.90_T1_H1_A0.85M30_S8007_HYBRID_EAGER_inprocess,8007,8,0.9,1,1,SWEEP,0.85,30.0,,HYBRID_EAGER,inprocess,a7258f9f27d09efe5cf081fb28fb26b64a245881864e8bff9cd132d61bb84879,2bc584ecb1e70cfd27783a44363fc0cd09df576f7d43fffff4002fcad94994c4,2.095,0,62,50,0,50,12,80.64516129032258,85.14851485148515,88.23529411764706,100.0,77.77777777777777,80.55555555555556,736,14.72,0,0,0,0,8,0,0,0,0,0,5.6721,3.8458,6253,1269572,281,51,47,0.09265883154488162,2,1.872877,0.119574,131,12.994,28.506,34.245,23,0.047,0.11,0,2,0,0,0,0,
K8_R0.90_T1_H1_A0.85M30_S8007_EDGE_MARKET_inprocess,8007,8,0.9,1,1,SWEEP,0.85,30.0,,EDGE_MARKET,inprocess,a7258f9f27d09efe5cf081fb28fb26b64a245881864e8bff9cd132d61bb84879,e4c584247ac338acf36f357a9c76b83f50c3eac804465665d972a89246062f12,0.289,0,62,49,1,50,12,80.64516129032258,87.12871287128714,100.0,100.0,73.33333333333333,77.77777777777777,808,16.16,0,0,0,0,7,0,0,0,0,0,5.6702,3.8458,4664,1198130,223,43,47,0.12023529411764707,1,0.029442,0.197881,117,0.063,0.131,0.19799999999999998,810,0.455,2.7950000000000004,0,23,0,0,0,0,
K8_R0.90_T1_H1_A0.75M5_S8007_CENTRAL_inprocess,8007,8,0.9,1,1,SWEEP,0.75,5.0,,CENTRAL,inprocess,24eb432aee923e65cac24981fe5805982cd0247fe9e206089875d1337e6443af,c8dbc6b844c01009faa94e89047aa5636cd05c9e105aa394b5f1dda0f9cf6d43,1.685,0,62,53,0,53,9,85.48387096774194,88.11881188118812,94.11764705882354,88.88888888888889,82.22222222222223,91.66666666666667,784,14.79245283018868,0,0,0,0,8,0,0,0,0,0,5.6286,3.8458,6369,1287923,287,64,17,0.27477810650887574,3,1.48365,0.11283299999999999,198,5.792000000000001,21.485,46.979,0,0.0,0.0,0,1,0,0,0,0,
K8_R0.90_T1_H1_A0.75M5_S8007_CENTRAL_FB_inprocess,8007,8,0.9,1,1,SWEEP,0.75,5.0,,CENTRAL_FB,inprocess,24eb432aee923e65cac24981fe5805982cd0247fe9e206089875d1337e6443af,a5a3e0b209f3eb157c89ae68a483dfc45d8b0242e4fb3793aeb771825a2a531c,1.588,0,62,53,0,53,9,85.48387096774194,87.12871287128714,88.23529411764706,88.88888888888889,84.44444444444444,88.88888888888889,741,13.981132075471699,0,0,0,0,8,0,0,0,0,0,5.6618,3.8458,6419,1292603,295,70,17,0.2658344042592253,3,1.374739,0.106373,201,5.244000000000001,18.825000000000003,32.476,22,0.126,0.373,0,0,0,0,0,0,
K8_R0.90_T1_H1_A0.75M5_S8007_HYBRID_EAGER_inprocess,8007,8,0.9,1,1,SWEEP,0.75,5.0,,HYBRID_EAGER,inprocess,24eb432aee923e65cac24981fe5805982cd0247fe9e206089875d1337e6443af,6ca1291a2ff719b5040332cf23ce2ebde074eb1b57b4aec3f52a60f0ec7a9989,1.374,0,62,52,1,53,9,85.48387096774194,87.12871287128714,94.11764705882354,88.88888888888889,82.22222222222223,83.33333333333333,787,14.849056603773585,0,0,0,0,8,0,0,0,0,0,5.6654,3.8458,6393,1300033,278,48,17,0.2814459609000369,3,1.186808,0.10841999999999999,198,3.965,18.599999999999998,51.047000000000004,62,0.083,2.579,0,0,0,0,0,0,
K8_R0.90_T1_H1_A0.75M5_S8007_HYBRID_inprocess,8007,8,0.9,1,1,SWEEP,0.75,5.0,,HYBRID,inprocess,24eb432aee923e65cac24981fe5805982cd0247fe9e206089875d1337e6443af,c9be04b9dad276220b4579e03f2449d51f65d8f1e2263ad639e4d58309a10b80,1.447,0,62,53,0,53,9,85.48387096774194,87.12871287128714,88.23529411764706,88.88888888888889,84.44444444444444,88.88888888888889,741,13.981132075471699,0,0,0,0,8,0,0,0,0,0,5.6618,3.8458,6419,1292603,295,70,17,0.2658344042592253,3,1.269352,0.100883,201,4.382,19.7,34.012,22,0.08,0.691,0,0,0,0,0,0,
K8_R0.90_T1_H1_A0.75M5_S8007_EDGE_MARKET_inprocess,8007,8,0.9,1,1,SWEEP,0.75,5.0,,EDGE_MARKET,inprocess,24eb432aee923e65cac24981fe5805982cd0247fe9e206089875d1337e6443af,46856cbd2f4bd95c0e3b0623463987381dd28c77cf5d55bdd53f9c09ff97ecd5,0.257,0,62,50,1,51,11,82.25806451612904,85.14851485148515,82.3529411764706,88.88888888888889,82.22222222222223,80.55555555555556,732,14.352941176470589,0,0,0,0,6,0,0,0,0,0,5.6887,3.8458,4527,1159497,179,30,13,0.1422924901185771,2,0.025561,0.170409,97,0.058,0.134,0.439,686,0.42000000000000004,2.884,0,22,0,0,0,0,
K8_R0.90_T1_H1_A0.75M15_S8007_CENTRAL_inprocess,8007,8,0.9,1,1,SWEEP,0.75,15.0,,CENTRAL,inprocess,16320182fe85f04013c32de59af783c714443cdfdbcc0622739548d05df454ef,8caba27bfd5c120127a25baf39463e44be382caab57356b1ccbaefdaa930fb14,1.218,0,62,54,2,56,6,90.3225806451613,92.07920792079207,94.11764705882354,88.88888888888889,88.88888888888889,91.66666666666667,775,13.839285714285714,7,7,0,0,8,0,0,0,0,0,5.6822,3.8458,5383,1209094,251,45,33,0.16200996317955382,4,1.000999,0.11008399999999997,122,6.644,20.689,27.309,0,0.0,0.0,0,0,0,0,0,0,
K8_R0.90_T1_H1_A0.75M15_S8007_CENTRAL_FB_inprocess,8007,8,0.9,1,1,SWEEP,0.75,15.0,,CENTRAL_FB,inprocess,16320182fe85f04013c32de59af783c714443cdfdbcc0622739548d05df454ef,7f1c692b2e9fd897bafee668bf93275c8db297efd88e3958f702b996f7fea248,1.078,0,62,54,2,56,6,90.3225806451613,92.07920792079207,94.11764705882354,88.88888888888889,88.88888888888889,91.66666666666667,775,13.839285714285714,7,7,0,0,8,0,0,0,0,0,5.6822,3.8458,5383,1209094,251,45,33,0.16200996317955382,4,0.878404,0.10069600000000001,122,6.567,16.91,27.284,16,0.363,2.776,0,0,0,0,0,0,
K8_R0.90_T1_H1_A0.75M15_S8007_HYBRID_inprocess,8007,8,0.9,1,1,SWEEP,0.75,15.0,,HYBRID,inprocess,16320182fe85f04013c32de59af783c714443cdfdbcc0622739548d05df454ef,b9cf3e528701e4b8e4a3281d294304e29ca805b2d43fbc1e6b1d8385990bf8aa,1.279,0,62,54,2,56,6,90.3225806451613,92.07920792079207,94.11764705882354,88.88888888888889,88.88888888888889,91.66666666666667,775,13.839285714285714,7,7,0,0,8,0,0,0,0,0,5.6822,3.8458,5383,1209094,251,45,33,0.16200996317955382,4,1.014704,0.13179000000000002,122,6.6899999999999995,21.089,32.504,16,0.5680000000000001,2.878,0,0,0,0,0,0,
K8_R0.90_T1_H1_A0.75M15_S8007_HYBRID_EAGER_inprocess,8007,8,0.9,1,1,SWEEP,0.75,15.0,,HYBRID_EAGER,inprocess,16320182fe85f04013c32de59af783c714443cdfdbcc0622739548d05df454ef,cf6b604913a44c453842fea423d37ae8f0b22db4cbf742f10a74b7f59763c882,1.221,0,62,53,2,55,7,88.70967741935483,89.10891089108911,88.23529411764706,88.88888888888889,88.88888888888889,88.88888888888889,776,14.10909090909091,0,0,0,0,8,0,0,0,0,0,5.6935,3.8458,5596,1223658,249,59,33,0.1798308929676222,3,0.984196,0.12329099999999998,129,6.837000000000001,19.849999999999998,27.02,35,0.326,3.2169999999999996,0,0,0,0,0,0,
K8_R0.90_T1_H1_A0.75M15_S8007_EDGE_MARKET_inprocess,8007,8,0.9,1,1,SWEEP,0.75,15.0,,EDGE_MARKET,inprocess,16320182fe85f04013c32de59af783c714443cdfdbcc0622739548d05df454ef,c9faf2537e38ed9b1936c3fe67f1e7a1ca20eb9ae9aaa32a6441b421a20bdcbd,0.323,0,62,49,2,51,11,82.25806451612904,85.14851485148515,82.3529411764706,88.88888888888889,82.22222222222223,80.55555555555556,802,15.72549019607843,0,0,0,0,8,0,0,0,0,0,5.6764,3.8458,4474,1174527,163,40,30,0.0887335305189567,2,0.034922,0.20988600000000002,91,0.064,0.182,0.312,627,0.514,3.164,0,23,0,0,0,0,
K8_R0.90_T1_H1_A0.75M30_S8007_CENTRAL_inprocess,8007,8,0.9,1,1,SWEEP,0.75,30.0,,CENTRAL,inprocess,8512af48137627a82b17961627938f9d6539e01603e9d44c3a8fedec669a3063,7d29f20cd28c2ed8faf3f07f298b7b1d373c88ed09985cb3a27f537b0a7c7367,1.509,0,62,55,1,56,6,90.3225806451613,92.07920792079207,88.23529411764706,100.0,91.11111111111111,97.22222222222223,750,13.392857142857142,15,15,0,0,7,0,0,0,0,0,5.6837,3.8458,5831,1254482,264,61,65,0.18897174254317112,3,1.316175,0.109263,137,7.4159999999999995,25.746000000000002,40.922,0,0.0,0.0,0,0,0,0,0,0,
K8_R0.90_T1_H1_A0.75M30_S8007_CENTRAL_FB_inprocess,8007,8,0.9,1,1,SWEEP,0.75,30.0,,CENTRAL_FB,inprocess,8512af48137627a82b17961627938f9d6539e01603e9d44c3a8fedec669a3063,1074224aeabda0223e5cd4677c769aa8208de3b4fb64c2bee90b32f7beb55037,1.596,0,62,53,2,55,7,88.70967741935483,92.07920792079207,100.0,100.0,84.44444444444444,86.11111111111111,711,12.927272727272728,0,0,0,0,7,0,0,0,0,0,5.6639,3.8458,5653,1220407,246,48,65,0.18091168091168092,3,1.359976,0.112634,128,8.39,26.939,41.876,25,0.114,0.17300000000000001,0,0,0,0,0,0,
K8_R0.90_T1_H1_A0.75M30_S8007_HYBRID_inprocess,8007,8,0.9,1,1,SWEEP,0.75,30.0,,HYBRID,inprocess,8512af48137627a82b17961627938f9d6539e01603e9d44c3a8fedec669a3063,2abcbd0622d39a76614dd30b1110ad3885687aeb18be568032adc557de8a5373,1.472,0,62,53,2,55,7,88.70967741935483,92.07920792079207,100.0,100.0,84.44444444444444,86.11111111111111,711,12.927272727272728,0,0,0,0,7,0,0,0,0,0,5.6639,3.8458,5653,1220407,246,48,65,0.18091168091168092,3,1.236631,0.10790999999999999,128,7.832999999999999,26.278,37.296,25,0.102,0.108,0,0,0,0,0,0,
K8_R0.90_T1_H1_A0.75M30_S8007_HYBRID_EAGER_inprocess,8007,8,0.9,1,1,SWEEP,0.75,30.0,,HYBRID_EAGER,inprocess,8512af48137627a82b17961627938f9d6539e01603e9d44c3a8fedec669a3063,b632a71c553998f97a75f39700b603dbbb0e65b04d64163a0c6ac63840facda6,1.329,0,62,53,2,55,7,88.70967741935483,92.07920792079207,100.0,100.0,84.44444444444444,86.11111111111111,711,12.927272727272728,0,0,0,0,7,0,0,0,0,0,5.6639,3.8458,5653,1220251,246,48,65,0.18091168091168092,3,1.14738,0.10022700000000001,128,7.958,21.373,33.641,38,0.08600000000000001,0.477,0,0,0,0,0,0,
K8_R0.90_T1_H1_A0.75M30_S8007_EDGE_MARKET_inprocess,8007,8,0.9,1,1,SWEEP,0.75,30.0,,EDGE_MARKET,inprocess,8512af48137627a82b17961627938f9d6539e01603e9d44c3a8fedec669a3063,1663d2f3ca2492d6038f65b495cce449e285b147f70cb0fe97fa6da794852d2c,0.284,0,62,51,1,52,10,83.87096774193549,89.10891089108911,100.0,100.0,77.77777777777777,83.33333333333333,764,14.692307692307692,0,0,0,0,8,0,0,0,0,0,5.6932,3.8458,4596,1184110,164,37,65,0.20502200362412631,3,0.027914,0.18220899999999998,125,0.055,0.134,0.264,756,0.395,5.763,0,20,0,0,0,0,
K8_R0.90_T1_H1_A0.65M5_S8007_CENTRAL_inprocess,8007,8,0.9,1,1,SWEEP,0.65,5.0,,CENTRAL,inprocess,a90c7a76d1a407c331ba18a469cea24018d241c88e93caf2c79c5d7ad7b75b78,97c16b250d6e4d9dfd1e425dfbae433c44ab9c24343e36e37631dffeb4018b08,1.573,0,62,51,1,52,10,83.87096774193549,86.13861386138613,88.23529411764706,77.77777777777777,82.22222222222223,83.33333333333333,792,15.23076923076923,0,0,0,0,7,0,0,0,0,0,5.6718,3.8458,6625,1326319,298,53,24,0.5757517716912469,5,1.328633,0.120242,242,3.66,16.980999999999998,43.721999999999994,0,0.0,0.0,0,1,0,0,0,0,
K8_R0.90_T1_H1_A0.65M5_S8007_CENTRAL_FB_inprocess,8007,8,0.9,1,1,SWEEP,0.65,5.0,,CENTRAL_FB,inprocess,a90c7a76d1a407c331ba18a469cea24018d241c88e93caf2c79c5d7ad7b75b78,e48e33200b93b1f45f06f2b612d79a40e8a8772b035ecdccacbc07736f4796f2,1.586,0,62,49,2,51,11,82.25806451612904,83.16831683168317,82.3529411764706,66.66666666666667,82.22222222222223,80.55555555555556,744,14.588235294117647,0,0,0,0,7,0,0,0,0,0,5.6371,3.8458,6426,1319727,275,46,24,0.543369890329013,5,1.358505,0.124358,235,4.149,16.162,38.649,31,0.023,0.038,0,1,0,0,0,0,
K8_R0.90_T1_H1_A0.65M5_S8007_HYBRID_inprocess,8007,8,0.9,1,1,SWEEP,0.65,5.0,,HYBRID,inprocess,a90c7a76d1a407c331ba18a469cea24018d241c88e93caf2c79c5d7ad7b75b78,c6a0390e17932e049940d9caad7affa81c32931d531f90c580d22d2eb0809c4f,1.643,0,62,49,2,51,11,82.25806451612904,83.16831683168317,82.3529411764706,66.66666666666667,82.22222222222223,80.55555555555556,744,14.588235294117647,0,0,0,0,7,0,0,0,0,0,5.6371,3.8458,6426,1319727,275,46,24,0.543369890329013,5,1.377414,0.12561299999999997,235,4.233,16.913,34.24,31,0.031,0.043000000000000003,0,1,0,0,0,0,
K8_R0.90_T1_H1_A0.65M5_S8007_HYBRID_EAGER_inprocess,8007,8,0.9,1,1,SWEEP,0.65,5.0,,HYBRID_EAGER,inprocess,a90c7a76d1a407c331ba18a469cea24018d241c88e93caf2c79c5d7ad7b75b78,3470428c3f282469a2921208bf5d8dc3a1b659a40356f8f185543c1962e25736,1.768,0,62,50,1,51,11,82.25806451612904,85.14851485148515,82.3529411764706,88.88888888888889,82.22222222222223,86.11111111111111,700,13.72549019607843,0,0,0,0,5,0,0,0,0,0,5.6825,3.8458,6907,1346229,316,43,25,0.5457682528151108,5,1.521858,0.12792900000000001,249,4.082,18.717000000000002,28.538999999999998,101,0.045000000000000005,2.31,0,0,0,0,0,0,
K8_R0.90_T1_H1_A0.65M5_S8007_EDGE_MARKET_inprocess,8007,8,0.9,1,1,SWEEP,0.65,5.0,,EDGE_MARKET,inprocess,a90c7a76d1a407c331ba18a469cea24018d241c88e93caf2c79c5d7ad7b75b78,6da5314af6e27d94a5325d71f79e37a4a0553b4fe21bce3c3272ad979d357001,0.272,0,62,52,1,53,9,85.48387096774194,86.13861386138613,76.47058823529412,88.88888888888889,88.88888888888889,88.88888888888889,708,13.358490566037736,1,1,0,0,8,0,0,0,0,0,5.7013,3.8458,4342,1172926,151,36,20,0.23200272944387582,3,0.024197,0.180922,85,0.049,0.157,0.195,535,0.494,4.382,0,13,0,0,0,0,
K8_R0.90_T1_H1_A0.65M15_S8007_CENTRAL_inprocess,8007,8,0.9,1,1,SWEEP,0.65,15.0,,CENTRAL,inprocess,2bafc2a41ed2e4a8d209cd9038f1f37c3db4efbaaf7b896f38ada9c6b3f8b2d1,e095c25af868169d274b67e770f4f151705d3c4dbc211d431e6200fdf844128b,1.123,0,62,50,2,52,10,83.87096774193549,82.17821782178218,76.47058823529412,77.77777777777777,86.66666666666667,83.33333333333333,673,12.942307692307692,0,0,0,0,8,0,0,0,0,0,5.6722,3.8458,5614,1217636,206,42,80,0.5117241379310344,3,0.935236,0.103451,146,5.572,15.903,26.425,0,0.0,0.0,0,2,0,0,0,0,
K8_R0.90_T1_H1_A0.65M15_S8007_CENTRAL_FB_inprocess,8007,8,0.9,1,1,SWEEP,0.65,15.0,,CENTRAL_FB,inprocess,2bafc2a41ed2e4a8d209cd9038f1f37c3db4efbaaf7b896f38ada9c6b3f8b2d1,f9f7b2976efc10363f0ef5bbb450b72de1567d48167f3307b58b2adcf4ff2686,1.241,0,62,52,2,54,8,87.09677419354838,86.13861386138613,82.3529411764706,77.77777777777777,88.88888888888889,88.88888888888889,703,13.018518518518519,0,0,0,0,6,1,1,0,9,14,9.4558,3.8458,5621,1217711,231,46,80,0.5176470588235295,4,1.013039,0.113203,147,5.845000000000001,18.137,26.848,32,0.06899999999999999,0.514,0,0,0,0,0,0,
K8_R0.90_T1_H1_A0.65M15_S8007_HYBRID_inprocess,8007,8,0.9,1,1,SWEEP,0.65,15.0,,HYBRID,inprocess,2bafc2a41ed2e4a8d209cd9038f1f37c3db4efbaaf7b896f38ada9c6b3f8b2d1,93c39e0c334891862c7e4ed5acf8c12bf241088ca2a12dd0547ff5fd4ea6ccc5,1.209,0,62,52,2,54,8,87.09677419354838,86.13861386138613,82.3529411764706,77.77777777777777,88.88888888888889,88.88888888888889,703,13.018518518518519,0,0,0,0,6,1,1,0,9,14,9.4558,3.8458,5621,1217711,231,46,80,0.5176470588235295,4,1.002268,0.114894,147,6.361999999999999,15.765,21.946,32,0.059,0.481,0,0,0,0,0,0,
K8_R0.90_T1_H1_A0.65M15_S8007_HYBRID_EAGER_inprocess,8007,8,0.9,1,1,SWEEP,0.65,15.0,,HYBRID_EAGER,inprocess,2bafc2a41ed2e4a8d209cd9038f1f37c3db4efbaaf7b896f38ada9c6b3f8b2d1,f9faaad1b6847a833e511a914a7968fa33be550db29e80fcc61d3d0ef9fb1c32,1.15,0,62,52,2,54,8,87.09677419354838,86.13861386138613,82.3529411764706,77.77777777777777,88.88888888888889,91.66666666666667,682,12.62962962962963,0,0,0,0,7,0,0,0,0,0,5.6609,3.8458,5388,1170505,213,41,68,0.5,3,0.924618,0.123112,134,6.127,18.904,28.438000000000002,55,0.389,3.757,0,0,0,0,0,0,
K8_R0.90_T1_H1_A0.65M15_S8007_EDGE_MARKET_inprocess,8007,8,0.9,1,1,SWEEP,0.65,15.0,,EDGE_MARKET,inprocess,2bafc2a41ed2e4a8d209cd9038f1f37c3db4efbaaf7b896f38ada9c6b3f8b2d1,c214cbe740b8c196ae5960e31ca0a6d1a8590f00e86965b2a288ba2d71e3ff31,0.257,0,62,51,2,53,9,85.48387096774194,88.11881188118812,88.23529411764706,88.88888888888889,84.44444444444444,80.55555555555556,705,13.30188679245283,0,0,0,0,6,0,0,0,0,0,5.6606,3.8458,4311,1130082,143,21,79,0.3756578947368421,2,0.024734,0.164159,80,0.046,0.126,0.176,483,0.48500000000000004,3.348,0,18,0,0,0,0,
K8_R0.90_T1_H1_A0.65M30_S8007_CENTRAL_inprocess,8007,8,0.9,1,1,SWEEP,0.65,30.0,,CENTRAL,inprocess,9950ae89b720d5a25bd072df40de73ef90f90c44c2b99cfdde6a00832baa3a14,e0be24a97c18c5708c23cd5d8084f2bd8985c2c1f01bb29ca30fd534449f5b33,0.992,0,62,50,2,52,10,83.87096774193549,85.14851485148515,82.3529411764706,88.88888888888889,84.44444444444444,77.77777777777777,682,13.115384615384615,0,0,0,0,7,0,0,0,0,0,5.6784,3.8458,5184,1129026,190,35,104,0.5350923482849604,5,0.789289,0.094049,113,6.391,16.07,42.467,0,0.0,0.0,0,1,0,0,0,0,
K8_R0.90_T1_H1_A0.65M30_S8007_CENTRAL_FB_inprocess,8007,8,0.9,1,1,SWEEP,0.65,30.0,,CENTRAL_FB,inprocess,9950ae89b720d5a25bd072df40de73ef90f90c44c2b99cfdde6a00832baa3a14,601e62a8eb71003eed4399ee28da0367483e7b95a947213d0f048b9ecb33af45,1.039,0,62,50,2,52,10,83.87096774193549,87.12871287128714,88.23529411764706,100.0,82.22222222222223,80.55555555555556,678,13.038461538461538,0,0,0,0,7,0,0,0,0,0,5.6884,3.8458,5207,1145307,189,40,104,0.5368090123133351,6,0.829566,0.107804,115,6.615,17.193,24.723,44,0.477,3.175,0,0,0,0,0,0,
K8_R0.90_T1_H1_A0.65M30_S8007_HYBRID_inprocess,8007,8,0.9,1,1,SWEEP,0.65,30.0,,HYBRID,inprocess,9950ae89b720d5a25bd072df40de73ef90f90c44c2b99cfdde6a00832baa3a14,d47d43f05519c61cf4459a31f434bee83c2836c3ccc1904f145b44b5e216f3d1,0.907,0,62,50,2,52,10,83.87096774193549,87.12871287128714,88.23529411764706,100.0,82.22222222222223,80.55555555555556,678,13.038461538461538,0,0,0,0,7,0,0,0,0,0,5.6884,3.8458,5207,1145307,189,40,104,0.5368090123133351,6,0.701356,0.098172,115,5.305,14.644,24.118000000000002,44,0.35300000000000004,2.402,0,0,0,0,0,0,
K8_R0.90_T1_H1_A0.65M30_S8007_EDGE_MARKET_inprocess,8007,8,0.9,1,1,SWEEP,0.65,30.0,,EDGE_MARKET,inprocess,9950ae89b720d5a25bd072df40de73ef90f90c44c2b99cfdde6a00832baa3a14,4d34db211814aae228745214c281b8435727a23d427188d850c7dbabe35c8850,0.311,0,62,48,0,48,14,77.41935483870968,84.15841584158416,94.11764705882354,100.0,71.11111111111111,80.55555555555556,751,15.645833333333334,0,0,0,0,6,0,0,0,0,0,5.6499,3.8458,4519,1168107,137,30,104,0.4937799043062201,5,0.02654,0.217641,115,0.051,0.12300000000000001,0.317,684,0.539,2.932,0,30,0,0,0,0,
K8_R0.90_T1_H1_A0.65M30_S8007_HYBRID_EAGER_inprocess,8007,8,0.9,1,1,SWEEP,0.65,30.0,,HYBRID_EAGER,inprocess,9950ae89b720d5a25bd072df40de73ef90f90c44c2b99cfdde6a00832baa3a14,6e0b3a39953f8e4558faff44a22730ba5c4688fe4b38f867449f03a435f8a2b0,1.154,0,62,47,1,48,14,77.41935483870968,80.1980198019802,76.47058823529412,77.77777777777777,77.77777777777777,77.77777777777777,695,14.479166666666666,0,0,0,0,7,0,0,0,0,0,5.6535,3.8458,5596,1214442,199,48,110,0.5856838113296989,5,0.958417,0.11246199999999999,127,6.407,16.266,26.290999999999997,69,0.34900000000000003,2.385,0,0,0,0,0,0,
K8_R0.90_T1_H1_A0.55M5_S8007_CENTRAL_inprocess,8007,8,0.9,1,1,SWEEP,0.55,5.0,,CENTRAL,inprocess,fd6fa59c0f30c5d14927bc8726e59fa0f21271cedd960c64cac82f0fceafa9a2,512483d6d810abbe4b08d9710d2cba71acea8fe6374e9cb915fa736f73dfe33d,1.668,0,62,51,1,52,10,83.87096774193549,86.13861386138613,82.3529411764706,88.88888888888889,84.44444444444444,86.11111111111111,716,13.76923076923077,0,0,0,0,8,0,0,0,0,0,5.6863,3.8458,6597,1306451,259,48,30,0.7114490916772286,6,1.441918,0.11639400000000001,260,4.179,16.548000000000002,31.432000000000002,0,0.0,0.0,0,0,0,0,0,0,
K8_R0.90_T1_H1_A0.55M5_S8007_CENTRAL_FB_inprocess,8007,8,0.9,1,1,SWEEP,0.55,5.0,,CENTRAL_FB,inprocess,fd6fa59c0f30c5d14927bc8726e59fa0f21271cedd960c64cac82f0fceafa9a2,8d2c93b05edee9f9f5f4ef0cca08d3fbabee37241ebadbafc3f9b4a49fda5198,1.594,0,62,49,2,51,11,82.25806451612904,84.15841584158416,82.3529411764706,88.88888888888889,82.22222222222223,75.0,703,13.784313725490197,0,0,0,0,7,0,0,0,0,0,5.667,3.8458,6611,1293232,244,57,24,0.7076404967375289,6,1.394912,0.11187399999999999,256,2.957,19.158,31.512999999999998,52,0.028,0.081,0,0,0,0,0,0,
K8_R0.90_T1_H1_A0.55M5_S8007_HYBRID_EAGER_inprocess,8007,8,0.9,1,1,SWEEP,0.55,5.0,,HYBRID_EAGER,inprocess,fd6fa59c0f30c5d14927bc8726e59fa0f21271cedd960c64cac82f0fceafa9a2,dbcb72a36aa0174c7e473d60b2e418d69b7135f4df3f17b03a982ec9795f8a89,1.686,0,62,49,2,51,11,82.25806451612904,83.16831683168317,82.3529411764706,66.66666666666667,82.22222222222223,86.11111111111111,770,15.098039215686274,0,0,0,0,8,0,0,0,0,0,5.6565,3.8458,6626,1342336,248,43,30,0.7372400756143668,6,1.413917,0.123612,262,3.241,21.218,37.193,128,0.043000000000000003,0.507,0,0,0,0,0,0,
K8_R0.90_T1_H1_A0.55M5_S8007_HYBRID_inprocess,8007,8,0.9,1,1,SWEEP,0.55,5.0,,HYBRID,inprocess,fd6fa59c0f30c5d14927bc8726e59fa0f21271cedd960c64cac82f0fceafa9a2,d994fc9478bebb009cdac3fc81fb34ad4fa6ab91b16bc153d95fd37377eb4f27,1.799,0,62,49,2,51,11,82.25806451612904,84.15841584158416,82.3529411764706,88.88888888888889,82.22222222222223,75.0,703,13.784313725490197,0,0,0,0,7,0,0,0,0,0,5.667,3.8458,6611,1293232,244,57,24,0.7076404967375289,6,1.422769,0.11558199999999999,256,3.0469999999999997,20.381,59.445,52,0.034999999999999996,0.055,0,0,0,0,0,0,
K8_R0.90_T1_H1_A0.55M5_S8007_EDGE_MARKET_inprocess,8007,8,0.9,1,1,SWEEP,0.55,5.0,,EDGE_MARKET,inprocess,fd6fa59c0f30c5d14927bc8726e59fa0f21271cedd960c64cac82f0fceafa9a2,8827e24652c79eafd88f6d4a92fbaac42b5b57e5a08e7a125e39b40aea63900f,0.274,0,62,47,1,48,14,77.41935483870968,77.22772277227723,64.70588235294117,66.66666666666667,82.22222222222223,72.22222222222223,746,15.541666666666666,0,0,0,0,7,0,0,0,0,0,5.632,3.8458,4336,1189680,118,24,24,0.31394875965839775,3,0.022962,0.18035400000000001,83,0.055,0.158,0.242,508,0.523,3.149,0,19,0,0,0,0,
K8_R0.90_T1_H1_A0.55M15_S8007_CENTRAL_inprocess,8007,8,0.9,1,1,SWEEP,0.55,15.0,,CENTRAL,inprocess,53fa3634d13d9af59e483a7b1065e0aaef0ab04cd90e0166189795fd6176e43a,58dbf8bad60ae472835669d9bbb6c4fb56c53cc8a9246b7e3fcc94d771944f33,1.137,0,62,52,1,53,9,85.48387096774194,87.12871287128714,88.23529411764706,77.77777777777777,84.44444444444444,86.11111111111111,780,14.716981132075471,0,0,0,0,8,0,0,0,0,0,5.6643,3.8458,5405,1211162,186,32,68,0.6299945265462507,7,0.928053,0.110054,155,5.481,13.615,29.142000000000003,0,0.0,0.0,0,0,0,0,0,0,
K8_R0.90_T1_H1_A0.55M15_S8007_CENTRAL_FB_inprocess,8007,8,0.9,1,1,SWEEP,0.55,15.0,,CENTRAL_FB,inprocess,53fa3634d13d9af59e483a7b1065e0aaef0ab04cd90e0166189795fd6176e43a,fd40fd6ade15ab3fc3c22bc28b8d6772cb40995f0fc9e0c1005b8dc52d1f9ab9,1.148,0,62,52,1,53,9,85.48387096774194,88.11881188118812,88.23529411764706,88.88888888888889,84.44444444444444,83.33333333333333,741,13.981132075471699,0,0,0,0,6,0,0,0,0,0,5.6763,3.8458,5755,1221283,201,48,68,0.728021978021978,7,0.922157,0.10752300000000001,170,4.34,15.169,30.073,58,0.1,0.484,0,1,0,0,0,0,
K8_R0.90_T1_H1_A0.55M15_S8007_HYBRID_inprocess,8007,8,0.9,1,1,SWEEP,0.55,15.0,,HYBRID,inprocess,53fa3634d13d9af59e483a7b1065e0aaef0ab04cd90e0166189795fd6176e43a,ba5278e310a7e482bf2dc4c58e1951c4a433c0cc54d4ebe1941b17fd4d17271b,1.006,0,62,52,1,53,9,85.48387096774194,88.11881188118812,88.23529411764706,88.88888888888889,84.44444444444444,83.33333333333333,741,13.981132075471699,0,0,0,0,6,0,0,0,0,0,5.6763,3.8458,5755,1221283,201,48,68,0.728021978021978,7,0.808785,0.09807199999999999,170,4.0,13.284,23.274,58,0.102,0.467,0,1,0,0,0,0,
K8_R0.90_T1_H1_A0.55M15_S8007_HYBRID_EAGER_inprocess,8007,8,0.9,1,1,SWEEP,0.55,15.0,,HYBRID_EAGER,inprocess,53fa3634d13d9af59e483a7b1065e0aaef0ab04cd90e0166189795fd6176e43a,58929c3e1031a9c3f07c42b01c2e4d864bb2540715ef69bcd3c5871eb247ea20,1.072,0,62,51,2,53,9,85.48387096774194,89.10891089108911,88.23529411764706,100.0,84.44444444444444,86.11111111111111,750,14.150943396226415,0,0,0,0,8,0,0,0,0,0,5.6675,3.8458,5642,1215209,172,52,68,0.7011230219499744,7,0.884845,0.108817,156,4.876,13.391,37.578,87,0.107,0.523,0,0,0,0,0,0,
K8_R0.90_T1_H1_A0.55M15_S8007_EDGE_MARKET_inprocess,8007,8,0.9,1,1,SWEEP,0.55,15.0,,EDGE_MARKET,inprocess,53fa3634d13d9af59e483a7b1065e0aaef0ab04cd90e0166189795fd6176e43a,0933d7d6a01f77ffe71ae243744355e6afc3f4f9eef62d1c4da661ff7cd9ac01,0.271,0,62,49,2,51,11,82.25806451612904,85.14851485148515,76.47058823529412,100.0,84.44444444444444,77.77777777777777,730,14.313725490196079,0,0,0,0,6,0,0,0,0,0,5.6781,3.8458,4351,1170741,121,14,58,0.4504608294930876,6,0.023862,0.179817,98,0.045000000000000005,0.158,0.208,532,0.532,5.253,0,24,0,0,0,0,
K8_R0.90_T1_H1_A0.55M30_S8007_CENTRAL_inprocess,8007,8,0.9,1,1,SWEEP,0.55,30.0,,CENTRAL,inprocess,03f1fd25f4b27708c50d6881bc31deeffe0b4b6a5f23bd9be701f6afb7598800,e007322910590a5c91754b7b57918f87ee8bf9e75aca214175c57db4cc96d2a1,0.81,0,62,48,1,49,13,79.03225806451613,82.17821782178218,82.3529411764706,77.77777777777777,77.77777777777777,77.77777777777777,743,15.16326530612245,0,0,0,0,7,0,0,0,0,0,5.6825,3.8458,4856,1135621,157,35,104,1.2422480620155039,4,0.633626,0.09038500000000001,116,5.6080000000000005,12.258,19.099999999999998,0,0.0,0.0,0,1,0,0,0,0,
K8_R0.90_T1_H1_A0.55M30_S8007_CENTRAL_FB_inprocess,8007,8,0.9,1,1,SWEEP,0.55,30.0,,CENTRAL_FB,inprocess,03f1fd25f4b27708c50d6881bc31deeffe0b4b6a5f23bd9be701f6afb7598800,eee5e59d228137940d25df5a3d27c2e29a8e9c6217f12592a32693c31addad7c,0.868,0,62,50,1,51,11,82.25806451612904,83.16831683168317,76.47058823529412,77.77777777777777,84.44444444444444,86.11111111111111,696,13.647058823529411,0,0,0,0,7,0,0,0,0,0,5.6785,3.8458,4958,1147667,182,30,104,1.1177394034536892,5,0.6515,0.10473,117,4.885,13.109,20.964,65,0.433,1.8090000000000002,0,1,0,0,0,0,
K8_R0.90_T1_H1_A0.55M30_S8007_HYBRID_inprocess,8007,8,0.9,1,1,SWEEP,0.55,30.0,,HYBRID,inprocess,03f1fd25f4b27708c50d6881bc31deeffe0b4b6a5f23bd9be701f6afb7598800,2df64aa88e7fda0e041f12b1772ff6b15b2d328b358530c68b9b1b591654f268,0.727,0,62,50,1,51,11,82.25806451612904,83.16831683168317,76.47058823529412,77.77777777777777,84.44444444444444,86.11111111111111,696,13.647058823529411,0,0,0,0,7,0,0,0,0,0,5.6785,3.8458,4958,1147667,182,30,104,1.1177394034536892,5,0.556177,0.091962,117,3.872,12.202,25.448999999999998,65,0.425,0.49200000000000005,0,1,0,0,0,0,
K8_R0.90_T1_H1_A0.55M30_S8007_HYBRID_EAGER_inprocess,8007,8,0.9,1,1,SWEEP,0.55,30.0,,HYBRID_EAGER,inprocess,03f1fd25f4b27708c50d6881bc31deeffe0b4b6a5f23bd9be701f6afb7598800,c2374a348601bca615399b06a5dd9dfb81e460c8ec31e647acc37be06cc3c271,0.733,0,62,52,1,53,9,85.48387096774194,88.11881188118812,88.23529411764706,88.88888888888889,84.44444444444444,86.11111111111111,679,12.81132075471698,0,0,0,0,7,0,0,0,0,0,5.6321,3.8458,4801,1151344,156,31,104,1.0072535443455324,4,0.56335,0.099545,112,4.684,11.033,15.134,75,0.431,0.488,0,0,0,0,0,0,
K8_R0.90_T1_H1_A0.55M30_S8007_EDGE_MARKET_inprocess,8007,8,0.9,1,1,SWEEP,0.55,30.0,,EDGE_MARKET,inprocess,03f1fd25f4b27708c50d6881bc31deeffe0b4b6a5f23bd9be701f6afb7598800,97e675076641a6b99d7a2f736bcdfe51c70c020094964bd2928b7b9c5ce04f4b,0.214,0,62,47,0,47,15,75.80645161290323,78.21782178217822,76.47058823529412,77.77777777777777,75.55555555555556,72.22222222222223,738,15.702127659574469,0,0,0,0,6,0,0,0,0,0,7.6751,3.8458,4297,1135845,110,9,104,0.9596678529062871,3,0.018356,0.14224699999999998,107,0.029,0.092,0.23900000000000002,503,0.43,2.7720000000000002,0,18,0,0,0,0,
K8_R0.90_T1_H1_A0.95M5_S8008_CENTRAL_inprocess,8008,8,0.9,1,1,SWEEP,0.95,5.0,,CENTRAL,inprocess,661f74866679466f59585d9414caa8500d789d04352e7442943d82592f699fc0,8b6356b800d7fe8c9012873dd03e581afa9efcce26ae8d5aea329c936846f833,1.281,0,62,52,0,52,10,83.87096774193549,88.54166666666667,90.0,100.0,82.6923076923077,83.78378378378379,804,15.461538461538462,0,0,0,0,8,0,0,0,0,0,5.6779,3.8709,5221,1287784,253,60,16,0.03173311635475997,1,1.092714,0.098367,112,7.935,29.977,35.499,0,0.0,0.0,0,0,0,0,0,0,
K8_R0.90_T1_H1_A0.95M5_S8008_CENTRAL_FB_inprocess,8008,8,0.9,1,1,SWEEP,0.95,5.0,,CENTRAL_FB,inprocess,661f74866679466f59585d9414caa8500d789d04352e7442943d82592f699fc0,3af87b6db5fb7081a300a13abafa7ce6dbfd0f162d83af1db2beebe42d067bb2,1.427,0,62,52,0,52,10,83.87096774193549,88.54166666666667,90.0,100.0,82.6923076923077,83.78378378378379,804,15.461538461538462,0,0,0,0,8,0,0,0,0,0,5.6779,3.8709,5221,1287784,253,60,16,0.03173311635475997,1,1.235571,0.104386,112,7.906,32.370000000000005,48.980999999999995,5,0.628,0.628,0,0,0,0,0,0,
K8_R0.90_T1_H1_A0.95M5_S8008_HYBRID_inprocess,8008,8,0.9,1,1,SWEEP,0.95,5.0,,HYBRID,inprocess,661f74866679466f59585d9414caa8500d789d04352e7442943d82592f699fc0,09d675c6d465288012b4eae52d09eb92451b80f49a8a905750e941f9719b1683,1.462,0,62,52,0,52,10,83.87096774193549,88.54166666666667,90.0,100.0,82.6923076923077,83.78378378378379,804,15.461538461538462,0,0,0,0,8,0,0,0,0,0,5.6779,3.8709,5221,1287784,253,60,16,0.03173311635475997,1,1.257448,0.10913,112,8.584,32.491,41.503,5,0.757,0.757,0,0,0,0,0,0,
K8_R0.90_T1_H1_A0.95M5_S8008_HYBRID_EAGER_inprocess,8008,8,0.9,1,1,SWEEP,0.95,5.0,,HYBRID_EAGER,inprocess,661f74866679466f59585d9414caa8500d789d04352e7442943d82592f699fc0,6b443d2318069ecacfb1f2e51aa10bdfe0eb1fbd7e17cf6df1cd0a8864688645,1.405,0,62,54,0,54,8,87.09677419354838,90.625,90.0,100.0,86.53846153846153,86.48648648648648,802,14.851851851851851,0,0,0,0,5,0,0,0,0,0,5.6836,3.8709,5108,1278730,240,53,8,0.024111411348991894,2,1.199475,0.10598200000000002,103,9.268,35.189,43.261,21,0.38699999999999996,0.41,0,0,0,0,0,0,
K8_R0.90_T1_H1_A0.95M5_S8008_EDGE_MARKET_inprocess,8008,8,0.9,1,1,SWEEP,0.95,5.0,,EDGE_MARKET,inprocess,661f74866679466f59585d9414caa8500d789d04352e7442943d82592f699fc0,4fef620bf368c9e6fa54ce69ca91e95061e6cdc1e8c2b56166b53fba89097a7e,0.29,0,62,50,0,50,12,80.64516129032258,81.25,60.0,60.0,84.61538461538461,81.08108108108108,724,14.48,0,0,0,0,7,0,0,0,0,0,5.6967,3.8709,4587,1273485,229,47,11,0.02857142857142857,2,0.034896,0.179351,91,0.075,0.205,0.28800000000000003,794,0.455,3.694,0,17,0,0,0,0,
K8_R0.90_T1_H1_A0.95M15_S8008_CENTRAL_inprocess,8008,8,0.9,1,1,SWEEP,0.95,15.0,,CENTRAL,inprocess,dbd7fb3e98d979ed883e7b78041973ee4d2793e27090e69d356313ae3db2fcd8,743a3a24a0ddd22dd3dbbf7c1008eaeda3dc583444d063f8bef9293957f8137b,1.234,0,62,52,0,52,10,83.87096774193549,88.54166666666667,100.0,100.0,80.76923076923077,83.78378378378379,826,15.884615384615385,0,0,0,0,8,0,0,0,0,0,5.6388,3.8709,5172,1263112,271,42,23,0.03447572419420645,3,1.042057,0.10515,92,9.549,27.276000000000003,34.644,0,0.0,0.0,0,0,0,0,0,0,
K8_R0.90_T1_H1_A0.95M15_S8008_CENTRAL_FB_inprocess,8008,8,0.9,1,1,SWEEP,0.95,15.0,,CENTRAL_FB,inprocess,dbd7fb3e98d979ed883e7b78041973ee4d2793e27090e69d356313ae3db2fcd8,cf740da7ada23e5990b549f69a6a360fa34a268baccb20ae39af81f3d61b039a,1.313,0,62,52,0,52,10,83.87096774193549,88.54166666666667,100.0,100.0,80.76923076923077,83.78378378378379,826,15.884615384615385,0,0,0,0,8,0,0,0,0,0,5.6388,3.8709,5172,1263112,271,42,23,0.03447572419420645,3,1.101113,0.10979200000000001,92,9.468,31.328000000000003,44.759,4,0.39599999999999996,0.39599999999999996,0,0,0,0,0,0,
K8_R0.90_T1_H1_A0.95M15_S8008_HYBRID_inprocess,8008,8,0.9,1,1,SWEEP,0.95,15.0,,HYBRID,inprocess,dbd7fb3e98d979ed883e7b78041973ee4d2793e27090e69d356313ae3db2fcd8,3e1b8cad708d8d242ee88ea5de47f8150a7b8719f395c1d46acd80dd24f98480,1.169,0,62,52,0,52,10,83.87096774193549,88.54166666666667,100.0,100.0,80.76923076923077,83.78378378378379,826,15.884615384615385,0,0,0,0,8,0,0,0,0,0,5.6388,3.8709,5172,1263112,271,42,23,0.03447572419420645,3,0.98782,0.09505699999999999,92,7.844,28.435,42.631,4,0.337,0.337,0,0,0,0,0,0,
K8_R0.90_T1_H1_A0.95M15_S8008_HYBRID_EAGER_inprocess,8008,8,0.9,1,1,SWEEP,0.95,15.0,,HYBRID_EAGER,inprocess,dbd7fb3e98d979ed883e7b78041973ee4d2793e27090e69d356313ae3db2fcd8,f0b915a7c1d7f2875bbb46398bc0269eed3a2ae13c5ae0b0c8f09c1d4527c151,1.108,0,62,52,0,52,10,83.87096774193549,88.54166666666667,100.0,100.0,80.76923076923077,83.78378378378379,826,15.884615384615385,0,0,0,0,8,0,0,0,0,0,5.6388,3.8709,5172,1263112,271,42,23,0.03447572419420645,3,0.942655,0.09637400000000002,92,7.473,28.191000000000003,38.285,14,0.355,0.414,0,0,0,0,0,0,
K8_R0.90_T1_H1_A0.95M15_S8008_EDGE_MARKET_inprocess,8008,8,0.9,1,1,SWEEP,0.95,15.0,,EDGE_MARKET,inprocess,dbd7fb3e98d979ed883e7b78041973ee4d2793e27090e69d356313ae3db2fcd8,0cf6cea8ce0faac4931354ef3058b2b449fa9c450da3fd28e55038703bc53da2,0.219,0,62,50,0,50,12,80.64516129032258,81.25,60.0,60.0,84.61538461538461,81.08108108108108,724,14.48,0,0,0,0,7,0,0,0,0,0,5.6967,3.8709,4587,1272885,202,40,16,0.01775830258302583,1,0.026835,0.13791,95,0.061,0.128,0.221,789,0.368,2.378,0,18,0,0,0,0,
K8_R0.90_T1_H1_A0.95M30_S8008_CENTRAL_inprocess,8008,8,0.9,1,1,SWEEP,0.95,30.0,,CENTRAL,inprocess,3efad8e986d405863e5271e300499a28610948f313efd31a7d9778b5eb0fdfd0,c0b2dee17742accb952f957e516707fb4299c545188588309cb98faf20bb9bf0,1.106,0,62,52,0,52,10,83.87096774193549,89.58333333333333,100.0,100.0,80.76923076923077,83.78378378378379,870,16.73076923076923,0,0,0,0,8,0,0,0,0,0,5.675,3.8709,5278,1277539,262,46,73,0.04550010022048507,2,0.954295,0.087815,100,7.779,24.126,36.746,0,0.0,0.0,0,0,0,0,0,0,
K8_R0.90_T1_H1_A0.95M30_S8008_CENTRAL_FB_inprocess,8008,8,0.9,1,1,SWEEP,0.95,30.0,,CENTRAL_FB,inprocess,3efad8e986d405863e5271e300499a28610948f313efd31a7d9778b5eb0fdfd0,8b44abef65de01c4102ac42b71824c35240ae6c7b5f137cd74085d3213ad462e,1.304,0,62,52,0,52,10,83.87096774193549,89.58333333333333,100.0,100.0,80.76923076923077,83.78378378378379,870,16.73076923076923,0,0,0,0,8,0,0,0,0,0,5.675,3.8709,5278,1277539,262,46,73,0.04550010022048507,2,1.119288,0.10238299999999999,100,9.906,27.736,42.887,8,2.18,2.18,0,0,0,0,0,0,
K8_R0.90_T1_H1_A0.95M30_S8008_HYBRID_inprocess,8008,8,0.9,1,1,SWEEP,0.95,30.0,,HYBRID,inprocess,3efad8e986d405863e5271e300499a28610948f313efd31a7d9778b5eb0fdfd0,543a4e0a8b0afa1f00c692bcc1f6c1c9a782d76caf98952380bf197e1994ba2e,1.117,0,62,52,0,52,10,83.87096774193549,89.58333333333333,100.0,100.0,80.76923076923077,83.78378378378379,870,16.73076923076923,0,0,0,0,8,0,0,0,0,0,5.675,3.8709,5278,1277539,262,46,73,0.04550010022048507,2,0.957053,0.09191099999999999,100,8.491,25.259,31.537000000000003,8,2.175,2.175,0,0,0,0,0,0,
K8_R0.90_T1_H1_A0.95M30_S8008_EDGE_MARKET_inprocess,8008,8,0.9,1,1,SWEEP,0.95,30.0,,EDGE_MARKET,inprocess,3efad8e986d405863e5271e300499a28610948f313efd31a7d9778b5eb0fdfd0,0fac6f30dde1578624bf9348011fa84ef129f76af19dbd54141be3ec5d94313b,0.224,0,62,50,0,50,12,80.64516129032258,81.25,60.0,60.0,84.61538461538461,81.08108108108108,724,14.48,0,0,0,0,7,0,0,0,0,0,5.6967,3.8709,4590,1273404,204,35,16,0.015341701534170154,0,0.027522,0.140584,98,0.063,0.12000000000000001,0.219,791,0.36900000000000005,2.352,0,18,0,0,0,0,
K8_R0.90_T1_H1_A0.95M30_S8008_HYBRID_EAGER_inprocess,8008,8,0.9,1,1,SWEEP,0.95,30.0,,HYBRID_EAGER,inprocess,3efad8e986d405863e5271e300499a28610948f313efd31a7d9778b5eb0fdfd0,1b6eb3b8f48399ed3467cc8999245d5446eb6976cd330d71b037d5ca2d2b6d35,1.249,0,62,52,0,52,10,83.87096774193549,89.58333333333333,100.0,100.0,80.76923076923077,83.78378378378379,870,16.73076923076923,0,0,0,0,8,0,0,0,0,0,5.675,3.8709,5278,1277533,262,46,73,0.04550010022048507,2,1.066159,0.10147600000000001,100,8.194999999999999,29.701999999999998,37.945,18,0.07200000000000001,2.747,0,0,0,0,0,0,
K8_R0.90_T1_H1_A0.85M5_S8008_CENTRAL_inprocess,8008,8,0.9,1,1,SWEEP,0.85,5.0,,CENTRAL,inprocess,4fcf3ee6b3cd978290bbb330ffffeaa06b16902c2811430ca94d56c13e856efa,6987f68708953e162728f7606528b072721d3e3e80bcede89b5ec5f051ecd8fe,1.575,0,62,53,0,53,9,85.48387096774194,89.58333333333333,100.0,100.0,82.6923076923077,83.78378378378379,859,16.20754716981132,0,0,0,0,8,0,0,0,0,0,5.679,3.8709,6387,1367793,296,63,18,0.2081066853834006,4,1.400568,0.097874,166,6.247,27.234,36.933,0,0.0,0.0,0,0,0,0,0,0,
K8_R0.90_T1_H1_A0.85M5_S8008_CENTRAL_FB_inprocess,8008,8,0.9,1,1,SWEEP,0.85,5.0,,CENTRAL_FB,inprocess,4fcf3ee6b3cd978290bbb330ffffeaa06b16902c2811430ca94d56c13e856efa,e9b3f7ea829d60b88bd3237efff0fb39b3bcc6fd859cfbb5b3ee61e5c2d10286,1.709,0,62,53,0,53,9,85.48387096774194,89.58333333333333,100.0,100.0,82.6923076923077,83.78378378378379,859,16.20754716981132,0,0,0,0,8,0,0,0,0,0,5.679,3.8709,6387,1367793,296,63,18,0.2081066853834006,4,1.482809,0.115833,166,7.116,27.406,39.473,13,0.128,0.536,0,0,0,0,0,0,
K8_R0.90_T1_H1_A0.85M5_S8008_HYBRID_inprocess,8008,8,0.9,1,1,SWEEP,0.85,5.0,,HYBRID,inprocess,4fcf3ee6b3cd978290bbb330ffffeaa06b16902c2811430ca94d56c13e856efa,6d490eab8e7213bb93e27679392f4150ac53c87ef391d8271de9c5ab2b0661ff,1.699,0,62,53,0,53,9,85.48387096774194,89.58333333333333,100.0,100.0,82.6923076923077,83.78378378378379,859,16.20754716981132,0,0,0,0,8,0,0,0,0,0,5.679,3.8709,6387,1367793,296,63,18,0.2081066853834006,4,1.501692,0.101358,166,5.433000000000001,32.864,47.004,13,0.08600000000000001,0.416,0,0,0,0,0,0,
K8_R0.90_T1_H1_A0.85M5_S8008_EDGE_MARKET_inprocess,8008,8,0.9,1,1,SWEEP,0.85,5.0,,EDGE_MARKET,inprocess,4fcf3ee6b3cd978290bbb330ffffeaa06b16902c2811430ca94d56c13e856efa,a519398a6e2d89765fc492616abff39dea0543ab0c4163e0826caf3f02109bbc,0.22,0,62,52,0,52,10,83.87096774193549,88.54166666666667,90.0,100.0,82.6923076923077,86.48648648648648,777,14.942307692307692,0,0,0,0,7,0,0,0,0,0,5.6672,3.8709,4539,1289527,168,40,15,0.09992213859330391,2,0.025302,0.141006,102,0.053,0.145,0.185,768,0.364,2.366,0,11,0,0,0,0,
K8_R0.90_T1_H1_A0.85M5_S8008_HYBRID_EAGER_inprocess,8008,8,0.9,1,1,SWEEP,0.85,5.0,,HYBRID_EAGER,inprocess,4fcf3ee6b3cd978290bbb330ffffeaa06b16902c2811430ca94d56c13e856efa,361d1d4d21e70c04897ca57aad0b0cfdb8132daad1e6391908263b5110de109e,1.79,0,62,52,0,52,10,83.87096774193549,88.54166666666667,100.0,100.0,80.76923076923077,86.48648648648648,801,15.403846153846153,0,0,0,0,7,0,0,0,0,0,5.6595,3.8709,6336,1366624,287,61,18,0.1737438075017693,3,1.58093,0.10715599999999999,171,7.314,29.799,46.857,53,0.062,2.385,0,0,0,0,0,0,
K8_R0.90_T1_H1_A0.85M15_S8008_CENTRAL_inprocess,8008,8,0.9,1,1,SWEEP,0.85,15.0,,CENTRAL,inprocess,44c353e9ebb3b72d5376664f676edb8741da2888c6da352e94946bc6e8adca2d,69f5709a8dd13a37e8d2b3ce03401a2d69f4ee206d2d9f56d2308d05dd51396b,1.341,0,62,53,0,53,9,85.48387096774194,89.58333333333333,100.0,100.0,82.6923076923077,81.08108108108108,847,15.981132075471699,0,0,0,0,8,0,0,0,0,0,5.6595,3.8709,5524,1285085,250,52,35,0.17483660130718953,4,1.173249,0.091425,127,6.75,25.912000000000003,38.693,0,0.0,0.0,0,7,0,0,0,0,
K8_R0.90_T1_H1_A0.85M15_S8008_CENTRAL_FB_inprocess,8008,8,0.9,1,1,SWEEP,0.85,15.0,,CENTRAL_FB,inprocess,44c353e9ebb3b72d5376664f676edb8741da2888c6da352e94946bc6e8adca2d,1653d5c7f745605ba3c6d7bdb61657731adb10f6a7724e2d80178d0a8627eb33,1.483,0,62,53,0,53,9,85.48387096774194,89.58333333333333,100.0,100.0,82.6923076923077,81.08108108108108,847,15.981132075471699,0,0,0,0,8,0,0,0,0,0,5.6595,3.8709,5524,1285034,250,52,35,0.17483660130718953,4,1.273679,0.10887399999999998,127,8.898,25.152,30.807000000000002,15,0.265,0.328,0,7,0,0,0,0,
K8_R0.90_T1_H1_A0.85M15_S8008_HYBRID_inprocess,8008,8,0.9,1,1,SWEEP,0.85,15.0,,HYBRID,inprocess,44c353e9ebb3b72d5376664f676edb8741da2888c6da352e94946bc6e8adca2d,08da3f2399bba156a328d3e5eb9330ce801b3e548a05b42ad3a75d81e0d6008d,1.751,0,62,53,0,53,9,85.48387096774194,89.58333333333333,100.0,100.0,82.6923076923077,81.08108108108108,847,15.981132075471699,0,0,0,0,8,0,0,0,0,0,5.6595,3.8709,5524,1285034,250,52,35,0.17483660130718953,4,1.527333,0.122402,127,9.382,29.991,38.207,15,0.379,0.42700000000000005,0,7,0,0,0,0,
K8_R0.90_T1_H1_A0.85M15_S8008_EDGE_MARKET_inprocess,8008,8,0.9,1,1,SWEEP,0.85,15.0,,EDGE_MARKET,inprocess,44c353e9ebb3b72d5376664f676edb8741da2888c6da352e94946bc6e8adca2d,e376fe5d049170408534e863a4432f3e1ecbafb6d307876bd18292792ed6ca5b,0.256,0,62,53,0,53,9,85.48387096774194,87.5,80.0,80.0,86.53846153846153,83.78378378378379,693,13.075471698113208,0,0,0,0,7,0,0,0,0,0,5.6672,3.8709,4481,1227008,206,45,32,0.13004951785248892,4,0.028307,0.16306,96,0.059,0.14100000000000001,0.273,709,0.477,4.065,0,14,0,0,0,0,
K8_R0.90_T1_H1_A0.85M15_S8008_HYBRID_EAGER_inprocess,8008,8,0.9,1,1,SWEEP,0.85,15.0,,HYBRID_EAGER,inprocess,44c353e9ebb3b72d5376664f676edb8741da2888c6da352e94946bc6e8adca2d,be9f23dd6a9e72bdef80101d4003128ac3644126169313ad8cb4349958b9d01b,1.826,0,62,53,0,53,9,85.48387096774194,89.58333333333333,100.0,100.0,82.6923076923077,81.08108108108108,847,15.981132075471699,0,0,0,0,8,0,0,0,0,0,5.6595,3.8709,5524,1284869,250,52,35,0.17483660130718953,4,1.588469,0.12718000000000002,127,9.129999999999999,34.34,60.53,35,0.21000000000000002,0.46,0,7,0,0,0,0,
K8_R0.90_T1_H1_A0.85M30_S8008_CENTRAL_inprocess,8008,8,0.9,1,1,SWEEP,0.85,30.0,,CENTRAL,inprocess,c12ef5365e78c2d472b461ab5772d2091c0992c083466c6a7a317158e3c8e637,ba264f73160d75ab9a5ed7b7a890d09147a336706336a0ce5e6fc506823a8e36,1.373,0,62,53,0,53,9,85.48387096774194,88.54166666666667,100.0,100.0,82.6923076923077,86.48648648648648,815,15.377358490566039,0,0,0,0,7,0,0,0,0,0,5.6942,3.8709,5398,1258031,247,42,33,0.1009811937857727,1,1.16462,0.110366,109,8.702,27.945,37.107,0,0.0,0.0,0,1,0,0,0,0,
K8_R0.90_T1_H1_A0.85M30_S8008_CENTRAL_FB_inprocess,8008,8,0.9,1,1,SWEEP,0.85,30.0,,CENTRAL_FB,inprocess,c12ef5365e78c2d472b461ab5772d2091c0992c083466c6a7a317158e3c8e637,6a1dac0b2b1f3080cf2123469e1d8ff5676358ad0ef432367ee0e87e9e303357,1.406,0,62,53,0,53,9,85.48387096774194,88.54166666666667,100.0,100.0,82.6923076923077,86.48648648648648,815,15.377358490566039,0,0,0,0,7,0,0,0,0,0,5.6942,3.8709,5398,1257965,247,42,33,0.1009811937857727,1,1.166118,0.117276,109,8.93,28.039,46.543,15,0.443,2.848,0,1,0,0,0,0,
K8_R0.90_T1_H1_A0.85M30_S8008_HYBRID_inprocess,8008,8,0.9,1,1,SWEEP,0.85,30.0,,HYBRID,inprocess,c12ef5365e78c2d472b461ab5772d2091c0992c083466c6a7a317158e3c8e637,23922909be5082409724fc1280aeb4e9b114536ace2f8e03309d10607fd8e718,1.368,0,62,53,0,53,9,85.48387096774194,88.54166666666667,100.0,100.0,82.6923076923077,86.48648648648648,815,15.377358490566039,0,0,0,0,7,0,0,0,0,0,5.6942,3.8709,5398,1257965,247,42,33,0.1009811937857727,1,1.175306,0.11430599999999999,109,8.916,26.027,42.304,15,0.472,2.794,0,1,0,0,0,0,
K8_R0.90_T1_H1_A0.85M30_S8008_HYBRID_EAGER_inprocess,8008,8,0.9,1,1,SWEEP,0.85,30.0,,HYBRID_EAGER,inprocess,c12ef5365e78c2d472b461ab5772d2091c0992c083466c6a7a317158e3c8e637,8576415587dc474bb81a2a9c63657f3dfe9ea8b92b6fa01d6e83f372fe5ec350,1.228,0,62,52,0,52,10,83.87096774193549,87.5,90.0,100.0,82.6923076923077,86.48648648648648,777,14.942307692307692,0,0,0,0,6,0,0,0,0,0,5.6676,3.8709,5339,1252383,249,41,33,0.10263321584076301,2,1.025601,0.10273,103,7.444,25.84,48.120999999999995,27,0.414,2.882,0,0,0,0,0,0,
K8_R0.90_T1_H1_A0.85M30_S8008_EDGE_MARKET_inprocess,8008,8,0.9,1,1,SWEEP,0.85,30.0,,EDGE_MARKET,inprocess,c12ef5365e78c2d472b461ab5772d2091c0992c083466c6a7a317158e3c8e637,94fe188c44ce5a6d399cfa191ff1cf8f1d89055afdf2c73ffadd9b3fca1dacb6,0.269,0,62,50,0,50,12,80.64516129032258,82.29166666666667,70.0,80.0,82.6923076923077,81.08108108108108,769,15.38,0,0,0,0,7,0,0,0,0,0,5.6618,3.8709,4613,1277254,213,47,32,0.10616021426832238,1,0.032039,0.170516,100,0.06899999999999999,0.206,0.358,838,0.43600000000000005,2.987,0,14,0,0,0,0,
K8_R0.90_T1_H1_A0.75M5_S8008_CENTRAL_inprocess,8008,8,0.9,1,1,SWEEP,0.75,5.0,,CENTRAL,inprocess,1171e9ed1f25a5ffbc9bfd749ee4ecedda83d5bcf3303504467189e2a2a600a9,6bac6e1c3d894574c50360ce4e21ab3d1a48b0b0330beb68d6335a86396b64d2,1.63,0,62,50,0,50,12,80.64516129032258,84.375,90.0,100.0,78.84615384615384,81.08108108108108,833,16.66,0,0,0,0,7,0,0,0,0,0,5.6677,3.8709,5914,1317974,233,51,19,0.260410318911233,6,1.420357,0.110257,186,5.622,24.828,31.308999999999997,0,0.0,0.0,0,0,0,0,0,0,
K8_R0.90_T1_H1_A0.75M5_S8008_CENTRAL_FB_inprocess,8008,8,0.9,1,1,SWEEP,0.75,5.0,,CENTRAL_FB,inprocess,1171e9ed1f25a5ffbc9bfd749ee4ecedda83d5bcf3303504467189e2a2a600a9,925750b3651741b35efc81d546d06339786b262c69baf2cf109e5f1d5c6149a2,1.77,0,62,51,0,51,11,82.25806451612904,86.45833333333333,90.0,100.0,80.76923076923077,83.78378378378379,853,16.725490196078432,0,0,0,0,6,0,0,0,0,0,5.6677,3.8709,5908,1317858,237,56,19,0.2572301425661914,6,1.538856,0.12178299999999999,185,5.923,26.168,37.648,18,0.437,0.495,0,0,0,0,0,0,
K8_R0.90_T1_H1_A0.75M5_S8008_HYBRID_inprocess,8008,8,0.9,1,1,SWEEP,0.75,5.0,,HYBRID,inprocess,1171e9ed1f25a5ffbc9bfd749ee4ecedda83d5bcf3303504467189e2a2a600a9,b070e23637fe99a89e44e026efe4ca35b06628feaa6fef788bf2f6bd067c1d5d,1.538,0,62,51,0,51,11,82.25806451612904,86.45833333333333,90.0,100.0,80.76923076923077,83.78378378378379,853,16.725490196078432,0,0,0,0,6,0,0,0,0,0,5.6677,3.8709,5908,1317858,237,56,19,0.2572301425661914,6,1.343611,0.11166599999999999,185,5.234,22.87,44.725,18,0.374,0.395,0,0,0,0,0,0,
K8_R0.90_T1_H1_A0.75M5_S8008_EDGE_MARKET_inprocess,8008,8,0.9,1,1,SWEEP,0.75,5.0,,EDGE_MARKET,inprocess,1171e9ed1f25a5ffbc9bfd749ee4ecedda83d5bcf3303504467189e2a2a600a9,3946f6b140dac0dc10edd055ad696e332439f3d82ca05d1d610929a8ce3fa45b,0.267,0,62,52,0,52,10,83.87096774193549,88.54166666666667,90.0,100.0,82.6923076923077,86.48648648648648,788,15.153846153846153,0,0,0,0,7,0,0,0,0,0,5.6672,3.8709,4432,1264804,179,37,16,0.18488133606797538,3,0.028473,0.17320600000000003,104,0.051,0.147,0.202,656,0.453,2.8489999999999998,0,13,0,0,0,0,
K8_R0.90_T1_H1_A0.75M5_S8008_HYBRID_EAGER_inprocess,8008,8,0.9,1,1,SWEEP,0.75,5.0,,HYBRID_EAGER,inprocess,1171e9ed1f25a5ffbc9bfd749ee4ecedda83d5bcf3303504467189e2a2a600a9,6019b35a341f17e8de8c8f7954585364aae80acc5e62cc3de71ed194b9079997,1.652,0,62,52,0,52,10,83.87096774193549,89.58333333333333,100.0,100.0,80.76923076923077,83.78378378378379,765,14.711538461538462,0,0,0,0,7,0,0,0,0,0,5.6665,3.8709,6056,1326350,270,45,16,0.29318854886475815,6,1.413373,0.12805,176,5.724,27.031,40.452000000000005,69,0.434,2.96,0,1,0,0,0,0,
K8_R0.90_T1_H1_A0.75M15_S8008_CENTRAL_inprocess,8008,8,0.9,1,1,SWEEP,0.75,15.0,,CENTRAL,inprocess,13ad81debe57cffb45caf0a49fc16d1d90116295c56a6d0c6b2f09492535e61e,edebe1531a4a704c44b16dd56c86753ad198105dc1d543e22b02504c5e287791,1.366,0,62,49,0,49,13,79.03225806451613,85.41666666666667,100.0,100.0,75.0,81.08108108108108,871,17.775510204081634,0,0,0,0,7,0,0,0,0,0,5.6662,3.8709,5468,1284112,210,44,64,0.33816206428248075,5,1.16855,0.101384,139,7.811,20.226000000000003,29.262,0,0.0,0.0,0,1,0,0,0,0,
K8_R0.90_T1_H1_A0.75M15_S8008_CENTRAL_FB_inprocess,8008,8,0.9,1,1,SWEEP,0.75,15.0,,CENTRAL_FB,inprocess,13ad81debe57cffb45caf0a49fc16d1d90116295c56a6d0c6b2f09492535e61e,7f4f8e86ed961e0ca10281bacac7b820cb62c195d8cffe86c4664bba1f4842cf,1.357,0,62,49,0,49,13,79.03225806451613,86.45833333333333,100.0,100.0,75.0,78.37837837837837,879,17.93877551020408,0,0,0,0,7,0,0,0,0,0,5.7102,3.8709,5378,1276662,216,45,64,0.3127314814814815,3,1.153818,0.106567,130,7.024,23.313,40.635,27,0.5670000000000001,2.988,0,0,0,0,0,0,
K8_R0.90_T1_H1_A0.75M15_S8008_HYBRID_inprocess,8008,8,0.9,1,1,SWEEP,0.75,15.0,,HYBRID,inprocess,13ad81debe57cffb45caf0a49fc16d1d90116295c56a6d0c6b2f09492535e61e,9a76b7b065d64418320aae34d64572798bbb8159fe0457a9d85d5646c026aa93,1.294,0,62,49,0,49,13,79.03225806451613,86.45833333333333,100.0,100.0,75.0,78.37837837837837,879,17.93877551020408,0,0,0,0,7,0,0,0,0,0,5.7102,3.8709,5378,1276662,216,45,64,0.3127314814814815,3,1.089077,0.11237,130,7.957000000000001,18.772000000000002,23.359,27,0.383,2.2239999999999998,0,0,0,0,0,0,
K8_R0.90_T1_H1_A0.75M15_S8008_HYBRID_EAGER_inprocess,8008,8,0.9,1,1,SWEEP,0.75,15.0,,HYBRID_EAGER,inprocess,13ad81debe57cffb45caf0a49fc16d1d90116295c56a6d0c6b2f09492535e61e,d40183655642b015e0b92fdc5926a95d7d7b3a697bd62d68bf40ff7ed32086c0,1.236,0,62,49,0,49,13,79.03225806451613,86.45833333333333,100.0,100.0,75.0,78.37837837837837,879,17.93877551020408,0,0,0,0,7,0,0,0,0,0,5.7102,3.8709,5378,1276629,216,45,64,0.3127314814814815,3,1.018546,0.114425,130,7.518999999999999,18.75,30.22,50,0.393,2.2300000000000004,0,0,0,0,0,0,
K8_R0.90_T1_H1_A0.75M15_S8008_EDGE_MARKET_inprocess,8008,8,0.9,1,1,SWEEP,0.75,15.0,,EDGE_MARKET,inprocess,13ad81debe57cffb45caf0a49fc16d1d90116295c56a6d0c6b2f09492535e61e,42856ce22afe52cb83a43a5ad3552f8714d2bc70593ece4a9e7d090566dc4499,0.273,0,62,51,0,51,11,82.25806451612904,85.41666666666667,90.0,80.0,80.76923076923077,78.37837837837837,699,13.705882352941176,0,0,0,0,7,0,0,0,0,0,5.6562,3.8709,4364,1198867,145,29,55,0.30363636363636365,3,0.029469,0.17212099999999997,103,0.063,0.112,0.165,605,0.501,3.877,0,12,0,0,0,0,
K8_R0.90_T1_H1_A0.75M30_S8008_CENTRAL_inprocess,8008,8,0.9,1,1,SWEEP,0.75,30.0,,CENTRAL,inprocess,e2a5fe5df4e64e81a53dbab178bf642947f31d2098fbd4a2403e020745a0afae,b467578251d9486e1b333609ee9d7767a0fa0e23a29bf75f36c70b0133a2f2e5,1.211,0,62,52,0,52,10,83.87096774193549,87.5,90.0,100.0,82.6923076923077,83.78378378378379,708,13.615384615384615,0,0,0,0,6,0,0,0,0,0,5.6685,3.8709,5347,1248168,250,46,32,0.24761688606445756,5,1.005437,0.10925599999999999,118,7.929,18.182,40.643,0,0.0,0.0,0,0,0,0,0,0,
K8_R0.90_T1_H1_A0.75M30_S8008_CENTRAL_FB_inprocess,8008,8,0.9,1,1,SWEEP,0.75,30.0,,CENTRAL_FB,inprocess,e2a5fe5df4e64e81a53dbab178bf642947f31d2098fbd4a2403e020745a0afae,a384eb2bd7891c48447cf73d8c656237845283aa8e108625b40a0e7bd762552c,1.264,0,62,51,0,51,11,82.25806451612904,86.45833333333333,90.0,80.0,80.76923076923077,83.78378378378379,889,17.431372549019606,0,0,0,0,7,0,0,0,0,0,5.6568,3.8709,5517,1282375,248,50,73,0.3154333115040384,5,1.078229,0.1086,129,8.552999999999999,17.322,43.232,32,0.448,2.878,0,0,0,0,0,0,
K8_R0.90_T1_H1_A0.75M30_S8008_HYBRID_inprocess,8008,8,0.9,1,1,SWEEP,0.75,30.0,,HYBRID,inprocess,e2a5fe5df4e64e81a53dbab178bf642947f31d2098fbd4a2403e020745a0afae,fc580e5ecfe7949e42a3783a89b607d99fa193cbf5dc0c680b144974c17008dc,1.261,0,62,51,0,51,11,82.25806451612904,86.45833333333333,90.0,80.0,80.76923076923077,83.78378378378379,889,17.431372549019606,0,0,0,0,7,0,0,0,0,0,5.6568,3.8709,5517,1282375,248,50,73,0.3154333115040384,5,1.055431,0.113837,129,8.248,17.155,32.266999999999996,32,0.44499999999999995,2.448,0,0,0,0,0,0,
K8_R0.90_T1_H1_A0.75M30_S8008_HYBRID_EAGER_inprocess,8008,8,0.9,1,1,SWEEP,0.75,30.0,,HYBRID_EAGER,inprocess,e2a5fe5df4e64e81a53dbab178bf642947f31d2098fbd4a2403e020745a0afae,484a9bac8798dece495139e7ef8ad18924610345b8c66c0af38965f5a1788d2a,1.273,0,62,53,0,53,9,85.48387096774194,88.54166666666667,90.0,80.0,84.61538461538461,83.78378378378379,837,15.79245283018868,0,0,0,0,8,0,0,0,0,0,5.7016,3.8709,5429,1258366,243,51,34,0.30972468916518653,5,1.062795,0.114262,126,7.420999999999999,17.474,35.76,42,0.46099999999999997,2.848,0,0,0,0,0,0,
K8_R0.90_T1_H1_A0.75M30_S8008_EDGE_MARKET_inprocess,8008,8,0.9,1,1,SWEEP,0.75,30.0,,EDGE_MARKET,inprocess,e2a5fe5df4e64e81a53dbab178bf642947f31d2098fbd4a2403e020745a0afae,72425b61e3ad21f68b868240ca86077602766009fc569e888f8c6241f97aea92,0.256,0,62,54,0,54,8,87.09677419354838,88.54166666666667,80.0,80.0,88.46153846153847,86.48648648648648,695,12.87037037037037,0,0,0,0,7,0,0,0,0,0,5.6672,3.8709,4455,1246553,181,33,32,0.17531356898517675,3,0.029514,0.160332,92,0.068,0.179,0.277,685,0.456,2.938,0,14,0,0,0,0,
K8_R0.90_T1_H1_A0.65M5_S8008_CENTRAL_FB_inprocess,8008,8,0.9,1,1,SWEEP,0.65,5.0,,CENTRAL_FB,inprocess,a6225c3dd7cb86aaea82976251997e1c650a024c6feef9df9b133da548b006b8,a910aef218a527161790ea88feeea67029ad13a68d8de0700e5f54461fb88530,1.624,0,62,53,0,53,9,85.48387096774194,89.58333333333333,100.0,100.0,82.6923076923077,83.78378378378379,764,14.415094339622641,0,0,0,0,7,0,0,0,0,0,5.7052,3.8709,6028,1307610,251,44,49,0.38145213107731846,6,1.428724,0.10737799999999999,221,4.783,21.211000000000002,31.537000000000003,34,0.046,0.42700000000000005,0,0,0,0,0,0,
K8_R0.90_T1_H1_A0.65M5_S8008_CENTRAL_inprocess,8008,8,0.9,1,1,SWEEP,0.65,5.0,,CENTRAL,inprocess,a6225c3dd7cb86aaea82976251997e1c650a024c6feef9df9b133da548b006b8,20c89359040d4092a661e864403e6bcde37a5ee905265ab1864e17a778c5a566,1.711,0,62,53,0,53,9,85.48387096774194,89.58333333333333,100.0,100.0,82.6923076923077,83.78378378378379,764,14.415094339622641,0,0,0,0,7,0,0,0,0,0,5.7052,3.8709,6028,1307614,251,44,49,0.38145213107731846,6,1.489966,0.10871800000000001,221,4.912,22.379,49.122,0,0.0,0.0,0,0,0,0,0,0,
K8_R0.90_T1_H1_A0.65M5_S8008_HYBRID_inprocess,8008,8,0.9,1,1,SWEEP,0.65,5.0,,HYBRID,inprocess,a6225c3dd7cb86aaea82976251997e1c650a024c6feef9df9b133da548b006b8,c8d6b59d2c25fa66d568dc7e9ca98c5e01ef55e053038398d17e1af5caaa25eb,1.745,0,62,53,0,53,9,85.48387096774194,89.58333333333333,100.0,100.0,82.6923076923077,83.78378378378379,764,14.415094339622641,0,0,0,0,7,0,0,0,0,0,5.7052,3.8709,6028,1307610,251,44,49,0.38145213107731846,6,1.495362,0.11741,221,4.6160000000000005,23.396,41.395,34,0.045000000000000005,0.769,0,0,0,0,0,0,
K8_R0.90_T1_H1_A0.65M5_S8008_EDGE_MARKET_inprocess,8008,8,0.9,1,1,SWEEP,0.65,5.0,,EDGE_MARKET,inprocess,a6225c3dd7cb86aaea82976251997e1c650a024c6feef9df9b133da548b006b8,a332b6ed9a8f45ca6fa2fc11fde9dc18ceaece55de0ef045761863d6ec8b9dab,0.282,0,62,52,0,52,10,83.87096774193549,87.5,80.0,100.0,84.61538461538461,86.48648648648648,728,14.0,0,0,0,0,7,0,0,0,0,0,5.6759,3.8709,4263,1203905,163,29,18,0.20201668984700974,3,0.027348,0.18018800000000001,97,0.047,0.129,0.215,498,0.5469999999999999,2.897,0,7,0,0,0,0,
K8_R0.90_T1_H1_A0.65M5_S8008_HYBRID_EAGER_inprocess,8008,8,0.9,1,1,SWEEP,0.65,5.0,,HYBRID_EAGER,inprocess,a6225c3dd7cb86aaea82976251997e1c650a024c6feef9df9b133da548b006b8,0ea00f88e03bdab30ed90c0ea800d7d6aef2122413f4c7df39d21383104cbed6,2.087,0,62,50,0,50,12,80.64516129032258,83.33333333333333,90.0,100.0,78.84615384615384,81.08108108108108,754,15.08,0,0,0,0,8,0,0,0,0,0,5.6559,3.8709,6404,1340436,269,55,49,0.40138476755687436,10,1.821726,0.135794,230,6.438,23.206999999999997,45.855,94,0.082,2.834,0,0,0,0,0,0,
K8_R0.90_T1_H1_A0.65M15_S8008_CENTRAL_inprocess,8008,8,0.9,1,1,SWEEP,0.65,15.0,,CENTRAL,inprocess,a955dfe0659cd94cfc4e84c3d1d1170b733c1e231dfe5edf28379c47aff56592,757167c97fd88c535cba4f0cd62d1ffe4da4361489fdb1ac056c4c423b037a33,1.072,0,62,52,0,52,10,83.87096774193549,87.5,90.0,80.0,82.6923076923077,83.78378378378379,783,15.057692307692308,0,0,0,0,7,0,0,0,0,0,5.6862,3.8709,4880,1203243,153,33,101,0.712484237074401,10,0.896799,0.10020199999999999,134,4.687,21.319000000000003,34.821999999999996,0,0.0,0.0,0,0,0,0,0,0,
K8_R0.90_T1_H1_A0.65M15_S8008_CENTRAL_FB_inprocess,8008,8,0.9,1,1,SWEEP,0.65,15.0,,CENTRAL_FB,inprocess,a955dfe0659cd94cfc4e84c3d1d1170b733c1e231dfe5edf28379c47aff56592,852ee282f1f2bfb4ef00dc3752346dcd0f545ad4b425fc58d0dfb2b9285e04ad,1.104,0,62,51,0,51,11,82.25806451612904,87.5,90.0,100.0,80.76923076923077,78.37837837837837,822,16.11764705882353,0,0,0,0,6,0,0,0,0,0,5.6677,3.8709,4890,1205256,154,38,101,0.6411543287327478,10,0.914265,0.111141,135,5.055,23.831000000000003,34.302,61,0.447,0.533,0,0,0,0,0,0,
K8_R0.90_T1_H1_A0.65M15_S8008_HYBRID_inprocess,8008,8,0.9,1,1,SWEEP,0.65,15.0,,HYBRID,inprocess,a955dfe0659cd94cfc4e84c3d1d1170b733c1e231dfe5edf28379c47aff56592,f5a056a9a04e2d573e8ecf8a10abc6a48b249691544996a3c71d9a23d55501ec,1.071,0,62,51,0,51,11,82.25806451612904,87.5,90.0,100.0,80.76923076923077,78.37837837837837,822,16.11764705882353,0,0,0,0,6,0,0,0,0,0,5.6677,3.8709,4890,1205256,154,38,101,0.6411543287327478,10,0.899678,0.10261200000000002,135,4.581,22.936,35.11,61,0.46900000000000003,0.533,0,0,0,0,0,0,
K8_R0.90_T1_H1_A0.65M15_S8008_HYBRID_EAGER_inprocess,8008,8,0.9,1,1,SWEEP,0.65,15.0,,HYBRID_EAGER,inprocess,a955dfe0659cd94cfc4e84c3d1d1170b733c1e231dfe5edf28379c47aff56592,d94e8dc0fd884f02be9281953c23c5bc2ae2cd885998fb9f744f2be055c24489,1.174,0,62,51,0,51,11,82.25806451612904,86.45833333333333,90.0,100.0,80.76923076923077,81.08108108108108,829,16.254901960784313,0,0,0,0,6,0,0,0,0,0,5.6707,3.8709,4969,1205856,174,40,101,0.6941284967722102,9,0.963908,0.112605,141,4.6899999999999995,22.383,46.272,78,0.424,3.115,0,0,0,0,0,0,
K8_R0.90_T1_H1_A0.65M15_S8008_EDGE_MARKET_inprocess,8008,8,0.9,1,1,SWEEP,0.65,15.0,,EDGE_MARKET,inprocess,a955dfe0659cd94cfc4e84c3d1d1170b733c1e231dfe5edf28379c47aff56592,d114354009530b9ffed9ce70c74453d98c04cd004c815e716496300de1f1248c,0.193,0,62,51,0,51,11,82.25806451612904,83.33333333333333,70.0,80.0,84.61538461538461,86.48648648648648,749,14.686274509803921,0,0,0,0,7,0,0,0,0,0,5.6505,3.8709,4240,1197790,122,30,56,0.49881046788263284,5,0.018299,0.12441799999999999,89,0.026,0.106,0.11,482,0.36200000000000004,2.491,0,13,0,0,0,0,
K8_R0.90_T1_H1_A0.65M30_S8008_CENTRAL_FB_inprocess,8008,8,0.9,1,1,SWEEP,0.65,30.0,,CENTRAL_FB,inprocess,240d20d8becaf8f4835a645a624618129c9b78052dfd25d9356e69e47d0f0c28,e725fddbe6707317cf597407015c2330f90a27e06e49eb644f98c6c763c75ac1,0.802,0,62,53,0,53,9,85.48387096774194,88.54166666666667,80.0,100.0,86.53846153846153,83.78378378378379,733,13.830188679245284,0,0,0,0,5,0,0,0,0,0,5.7011,3.8709,4751,1196218,152,29,60,0.3225433526011561,5,0.624828,0.10875800000000001,96,6.454,13.511000000000001,33.247,48,0.397,2.6580000000000004,0,0,0,0,0,0,
K8_R0.90_T1_H1_A0.65M30_S8008_CENTRAL_inprocess,8008,8,0.9,1,1,SWEEP,0.65,30.0,,CENTRAL,inprocess,240d20d8becaf8f4835a645a624618129c9b78052dfd25d9356e69e47d0f0c28,014d82ced91816a4c3a7e2f8b4e5342db2295a8f160443cb3346536d8b4b7fa5,0.946,0,62,51,0,51,11,82.25806451612904,85.41666666666667,80.0,80.0,82.6923076923077,81.08108108108108,783,15.352941176470589,0,0,0,0,7,0,0,0,0,0,5.6558,3.8709,4954,1245889,202,38,60,0.4113124656781988,4,0.740495,0.10488199999999999,106,6.571,14.097,35.598,0,0.0,0.0,0,0,0,0,0,0,
K8_R0.90_T1_H1_A0.65M30_S8008_HYBRID_inprocess,8008,8,0.9,1,1,SWEEP,0.65,30.0,,HYBRID,inprocess,240d20d8becaf8f4835a645a624618129c9b78052dfd25d9356e69e47d0f0c28,96612a62f651f26ad609a6f4c6b8ac88f97856347ebac7724f0a680e8e281e18,0.792,0,62,53,0,53,9,85.48387096774194,88.54166666666667,80.0,100.0,86.53846153846153,83.78378378378379,733,13.830188679245284,0,0,0,0,5,0,0,0,0,0,5.7011,3.8709,4751,1196218,152,29,60,0.3225433526011561,5,0.600211,0.10027599999999999,96,5.083,16.316,42.128,48,1.2550000000000001,2.9589999999999996,0,0,0,0,0,0,
K8_R0.90_T1_H1_A0.65M30_S8008_HYBRID_EAGER_inprocess,8008,8,0.9,1,1,SWEEP,0.65,30.0,,HYBRID_EAGER,inprocess,240d20d8becaf8f4835a645a624618129c9b78052dfd25d9356e69e47d0f0c28,7b58a70db473770d6609fc00d6530ee758e3f01361ffceb2c9804e34c5ed8760,0.79,0,62,53,0,53,9,85.48387096774194,88.54166666666667,90.0,100.0,84.61538461538461,81.08108108108108,773,14.584905660377359,0,0,0,0,6,0,0,0,0,0,5.6869,3.8709,4720,1202860,187,32,59,0.3306831566548881,4,0.59684,0.110303,95,5.6979999999999995,14.75,30.634999999999998,58,0.325,2.7239999999999998,0,0,0,0,0,0,
K8_R0.90_T1_H1_A0.65M30_S8008_EDGE_MARKET_inprocess,8008,8,0.9,1,1,SWEEP,0.65,30.0,,EDGE_MARKET,inprocess,240d20d8becaf8f4835a645a624618129c9b78052dfd25d9356e69e47d0f0c28,682ad440992f5e908801bc4cdc7c4ddae522f86b54e1210a498f3c68f7a8fcb2,0.236,0,62,53,0,53,9,85.48387096774194,87.5,80.0,80.0,86.53846153846153,86.48648648648648,728,13.735849056603774,0,0,0,0,7,0,0,0,0,0,5.6622,3.8709,4436,1237638,156,31,48,0.3530729833546735,4,0.024327,0.14783500000000002,109,0.048,0.114,0.275,677,0.45399999999999996,3.3440000000000003,0,13,0,0,0,0,
K8_R0.90_T1_H1_A0.55M5_S8008_CENTRAL_FB_inprocess,8008,8,0.9,1,1,SWEEP,0.55,5.0,,CENTRAL_FB,inprocess,1ff5a07445ac46d1cd35a9769febb9acca83c936b6e5e113975dc1867793eb3d,067b6691e107ac985e633c2061e873bfcd20af3f576f4076167a137a57272b6a,1.582,0,62,52,0,52,10,83.87096774193549,88.54166666666667,90.0,100.0,82.6923076923077,81.08108108108108,777,14.942307692307692,0,0,0,0,8,0,0,0,0,0,5.6979,3.8709,6162,1322144,253,44,49,0.6292134831460674,9,1.373116,0.113731,242,3.847,19.988,40.861000000000004,40,0.088,0.503,0,0,0,0,0,0,
K8_R0.90_T1_H1_A0.55M5_S8008_CENTRAL_inprocess,8008,8,0.9,1,1,SWEEP,0.55,5.0,,CENTRAL,inprocess,1ff5a07445ac46d1cd35a9769febb9acca83c936b6e5e113975dc1867793eb3d,a8b93c53447b522e1e562a44431c43a4e85eba875a5b2bab9f612a5ed4f7e1e6,1.836,0,62,52,0,52,10,83.87096774193549,88.54166666666667,90.0,100.0,82.6923076923077,81.08108108108108,777,14.942307692307692,0,0,0,0,8,0,0,0,0,0,5.6979,3.8709,6162,1322148,253,44,49,0.6292134831460674,9,1.587297,0.127771,242,4.45,22.381,51.882999999999996,0,0.0,0.0,0,0,0,0,0,0,
K8_R0.90_T1_H1_A0.55M5_S8008_HYBRID_inprocess,8008,8,0.9,1,1,SWEEP,0.55,5.0,,HYBRID,inprocess,1ff5a07445ac46d1cd35a9769febb9acca83c936b6e5e113975dc1867793eb3d,0a12ac5b1ea0e05c71a2179927529d13f833d149622d82eb52e0f8c55c68938d,1.554,0,62,52,0,52,10,83.87096774193549,88.54166666666667,90.0,100.0,82.6923076923077,81.08108108108108,777,14.942307692307692,0,0,0,0,8,0,0,0,0,0,5.6979,3.8709,6162,1322144,253,44,49,0.6292134831460674,9,1.358512,0.11072499999999999,242,3.9699999999999998,19.723000000000003,34.156,40,0.121,0.464,0,0,0,0,0,0,
K8_R0.90_T1_H1_A0.55M5_S8008_HYBRID_EAGER_inprocess,8008,8,0.9,1,1,SWEEP,0.55,5.0,,HYBRID_EAGER,inprocess,1ff5a07445ac46d1cd35a9769febb9acca83c936b6e5e113975dc1867793eb3d,5ee1fca41faef591c5f59456e42b9a9b768df961e0f7b40d8ab363293b0cbe7f,1.624,0,62,52,0,52,10,83.87096774193549,88.54166666666667,100.0,100.0,80.76923076923077,78.37837837837837,786,15.115384615384615,0,0,0,0,7,0,0,0,0,0,5.7318,3.8709,6203,1324868,237,46,49,0.5505892817433845,8,1.381118,0.13450099999999998,244,4.208,19.253,40.739,117,0.37,2.468,0,0,0,0,0,0,
K8_R0.90_T1_H1_A0.55M5_S8008_EDGE_MARKET_inprocess,8008,8,0.9,1,1,SWEEP,0.55,5.0,,EDGE_MARKET,inprocess,1ff5a07445ac46d1cd35a9769febb9acca83c936b6e5e113975dc1867793eb3d,cd91779cb62b7fb63b1beb7f07f5e6ad509c70c46c8befba498a643a39a53813,0.232,0,62,51,0,51,11,82.25806451612904,88.54166666666667,100.0,100.0,78.84615384615384,78.37837837837837,776,15.215686274509803,0,0,0,0,7,0,0,0,0,0,5.6567,3.8709,4324,1215880,136,33,23,0.3095785440613027,6,0.021707,0.14407199999999998,83,0.039,0.153,0.19,566,0.425,2.73,0,12,0,0,0,0,
K8_R0.90_T1_H1_A0.55M15_S8008_CENTRAL_inprocess,8008,8,0.9,1,1,SWEEP,0.55,15.0,,CENTRAL,inprocess,169bad03cb35de1dee4283971100c46b786e0201ea3539d11c5588fe2ff9a962,113e62279280626abdc44e3b6d0041a7ae76458810ba97de93fe1173c81a0f1d,0.888,0,62,51,0,51,11,82.25806451612904,87.5,100.0,100.0,78.84615384615384,86.48648648648648,793,15.549019607843137,0,0,0,0,7,0,0,0,0,0,5.6544,3.8709,4884,1200530,138,19,101,0.7506896551724138,7,0.686253,0.101548,143,4.0280000000000005,15.424,26.663,0,0.0,0.0,0,0,0,0,0,0,
K8_R0.90_T1_H1_A0.55M15_S8008_CENTRAL_FB_inprocess,8008,8,0.9,1,1,SWEEP,0.55,15.0,,CENTRAL_FB,inprocess,169bad03cb35de1dee4283971100c46b786e0201ea3539d11c5588fe2ff9a962,5a1b831554e4722f64be1d5fa00de70ec74fae60eef6d8d04741e8c6b0e40461,0.828,0,62,52,0,52,10,83.87096774193549,87.5,90.0,100.0,82.6923076923077,83.78378378378379,772,14.846153846153847,0,0,0,0,5,0,0,0,0,0,5.6421,3.8709,4922,1212035,160,21,101,0.7449641515875726,8,0.638463,0.10900399999999999,144,3.584,10.437,24.178,66,0.367,2.054,0,0,0,0,0,0,
K8_R0.90_T1_H1_A0.55M15_S8008_HYBRID_inprocess,8008,8,0.9,1,1,SWEEP,0.55,15.0,,HYBRID,inprocess,169bad03cb35de1dee4283971100c46b786e0201ea3539d11c5588fe2ff9a962,68ff4e884756067fd03410ceea4bea3e44f34635c77ebf7730edc46a34882cea,0.818,0,62,52,0,52,10,83.87096774193549,87.5,90.0,100.0,82.6923076923077,83.78378378378379,772,14.846153846153847,0,0,0,0,5,0,0,0,0,0,5.6421,3.8709,4922,1212035,160,21,101,0.7449641515875726,8,0.633722,0.09941999999999998,144,2.883,16.092,30.912,66,0.46099999999999997,2.093,0,0,0,0,0,0,
K8_R0.90_T1_H1_A0.55M15_S8008_HYBRID_EAGER_inprocess,8008,8,0.9,1,1,SWEEP,0.55,15.0,,HYBRID_EAGER,inprocess,169bad03cb35de1dee4283971100c46b786e0201ea3539d11c5588fe2ff9a962,4c026677c96da297cccb65b0439524bf7a68d8e97237d005af2bdf671220fc8c,0.917,0,62,52,0,52,10,83.87096774193549,87.5,90.0,100.0,82.6923076923077,83.78378378378379,772,14.846153846153847,0,0,0,0,5,0,0,0,0,0,5.6421,3.8709,4922,1211520,160,21,101,0.7449641515875726,8,0.707724,0.121736,144,3.605,13.76,29.529,87,0.38499999999999995,2.677,0,0,0,0,0,0,
K8_R0.90_T1_H1_A0.55M15_S8008_EDGE_MARKET_inprocess,8008,8,0.9,1,1,SWEEP,0.55,15.0,,EDGE_MARKET,inprocess,169bad03cb35de1dee4283971100c46b786e0201ea3539d11c5588fe2ff9a962,87f1241184c1a37c0441b406a3899d88f0c2dbe91b8a8509529eef442b60ff2a,0.236,0,62,51,0,51,11,82.25806451612904,86.45833333333333,90.0,80.0,80.76923076923077,75.67567567567568,745,14.607843137254902,0,0,0,0,6,0,0,0,0,0,5.6526,3.8709,4213,1185476,114,24,55,0.7147982062780269,6,0.020576,0.14512899999999998,106,0.038,0.095,0.14100000000000001,468,0.46599999999999997,3.124,0,13,0,0,0,0,
K8_R0.90_T1_H1_A0.55M30_S8008_CENTRAL_inprocess,8008,8,0.9,1,1,SWEEP,0.55,30.0,,CENTRAL,inprocess,3c04c3db146a162e1ef74eb6631b62d17659deda7136e20a2a4425503e505740,41ef50ec5a481aa168587fdf7f25bedfe464e256c6f83410eb0355d395f2837f,0.748,0,62,50,0,50,12,80.64516129032258,86.45833333333333,100.0,100.0,76.92307692307692,83.78378378378379,812,16.24,0,0,0,0,7,0,0,0,0,0,5.7122,3.8709,4692,1219385,135,28,143,0.884968242766408,3,0.573861,0.099307,107,3.709,16.781000000000002,25.973,0,0.0,0.0,0,0,0,0,0,0,
K8_R0.90_T1_H1_A0.55M30_S8008_CENTRAL_FB_inprocess,8008,8,0.9,1,1,SWEEP,0.55,30.0,,CENTRAL_FB,inprocess,3c04c3db146a162e1ef74eb6631b62d17659deda7136e20a2a4425503e505740,47acb840327d1c65760f5e4cfbe3e2ee63c8283118cee7f1db338d672b8b3a14,0.735,0,62,50,0,50,12,80.64516129032258,86.45833333333333,90.0,100.0,78.84615384615384,78.37837837837837,810,16.2,0,0,0,0,7,0,0,0,0,0,5.6558,3.8709,4750,1224027,150,26,143,0.8877266387726639,3,0.549929,0.10560499999999999,116,3.565,12.357,45.218,62,0.313,2.834,0,0,0,0,0,0,
K8_R0.90_T1_H1_A0.55M30_S8008_HYBRID_inprocess,8008,8,0.9,1,1,SWEEP,0.55,30.0,,HYBRID,inprocess,3c04c3db146a162e1ef74eb6631b62d17659deda7136e20a2a4425503e505740,13f35101705b4dc42aff130ad19f8b7830f6d7557e4272e50a1b4073152a57e8,0.68,0,62,50,0,50,12,80.64516129032258,86.45833333333333,90.0,100.0,78.84615384615384,78.37837837837837,810,16.2,0,0,0,0,7,0,0,0,0,0,5.6558,3.8709,4750,1224027,150,26,143,0.8877266387726639,3,0.513524,0.09626400000000002,116,3.04,11.953999999999999,25.835,62,0.333,3.265,0,0,0,0,0,0,
K8_R0.90_T1_H1_A0.55M30_S8008_EDGE_MARKET_inprocess,8008,8,0.9,1,1,SWEEP,0.55,30.0,,EDGE_MARKET,inprocess,3c04c3db146a162e1ef74eb6631b62d17659deda7136e20a2a4425503e505740,06c77bb8e785fb8b4c10cae904f7174f0c6e4bb52d0105aa32210443dcdc113c,0.192,0,62,50,0,50,12,80.64516129032258,81.25,70.0,80.0,82.6923076923077,81.08108108108108,715,14.3,0,0,0,0,7,0,0,0,0,0,5.6622,3.8709,4332,1212894,100,32,111,0.5744766505636071,3,0.018582,0.123713,108,0.032,0.098,0.273,574,0.36200000000000004,2.327,0,15,0,0,0,0,
K8_R0.90_T1_H1_A0.55M30_S8008_HYBRID_EAGER_inprocess,8008,8,0.9,1,1,SWEEP,0.55,30.0,,HYBRID_EAGER,inprocess,3c04c3db146a162e1ef74eb6631b62d17659deda7136e20a2a4425503e505740,ec82c594c3a9dde6a2b1e264b7babd21d92f46337c9eb28f7abb3ff00b6c3852,0.783,0,62,50,0,50,12,80.64516129032258,86.45833333333333,90.0,100.0,78.84615384615384,81.08108108108108,817,16.34,0,0,0,0,7,0,0,0,0,0,5.6691,3.8709,4723,1225740,143,23,143,0.8935946797339867,3,0.587189,0.11663000000000001,111,4.033,13.851,26.494,79,0.361,3.0599999999999996,0,1,0,0,0,0,
K8_R0.90_T1_H1_A0.95M5_S8009_CENTRAL_FB_inprocess,8009,8,0.9,1,1,SWEEP,0.95,5.0,,CENTRAL_FB,inprocess,da19582eb5cac46ff09e5c53369615394fdb79c9353d3232bcbd59a3cde45e86,43224bb0cf712dff08b547ff14ee66920702481018f0e78651d49e174f79376b,1.229,0,62,55,4,59,3,95.16129032258064,96.7032967032967,100.0,100.0,93.61702127659575,96.875,782,13.254237288135593,11,11,0,0,8,0,0,0,0,0,5.6314,3.9689,5802,1239466,293,49,19,0.061600885282183694,1,1.034656,0.100334,131,5.401000000000001,24.693,33.215,3,0.013,0.013,0,0,0,0,0,0,
K8_R0.90_T1_H1_A0.95M5_S8009_CENTRAL_inprocess,8009,8,0.9,1,1,SWEEP,0.95,5.0,,CENTRAL,inprocess,da19582eb5cac46ff09e5c53369615394fdb79c9353d3232bcbd59a3cde45e86,5f4715106075b488863e295fe87acf303319c849d9bb9557c6f497f17102a26c,1.371,0,62,55,4,59,3,95.16129032258064,96.7032967032967,100.0,100.0,93.61702127659575,96.875,782,13.254237288135593,11,11,0,0,8,0,0,0,0,0,5.6314,3.9689,5802,1239466,293,49,19,0.061600885282183694,1,1.177368,0.106072,131,5.333,27.486,30.494,0,0.0,0.0,0,0,0,0,0,0,
K8_R0.90_T1_H1_A0.95M5_S8009_HYBRID_inprocess,8009,8,0.9,1,1,SWEEP,0.95,5.0,,HYBRID,inprocess,da19582eb5cac46ff09e5c53369615394fdb79c9353d3232bcbd59a3cde45e86,d0a1c9805f8201530a15afe95eaf5cb9b90ee8e61fdf4b2898061897fe553ca1,1.425,0,62,55,4,59,3,95.16129032258064,96.7032967032967,100.0,100.0,93.61702127659575,96.875,782,13.254237288135593,11,11,0,0,8,0,0,0,0,0,5.6314,3.9689,5802,1239466,293,49,19,0.061600885282183694,1,1.202568,0.106308,131,6.002999999999999,28.746000000000002,40.847,3,0.012,0.012,0,0,0,0,0,0,
K8_R0.90_T1_H1_A0.95M5_S8009_HYBRID_EAGER_inprocess,8009,8,0.9,1,1,SWEEP,0.95,5.0,,HYBRID_EAGER,inprocess,da19582eb5cac46ff09e5c53369615394fdb79c9353d3232bcbd59a3cde45e86,1f3ec20cc487e4caa93c1a2f5bebbe02a1cf8db3615729c11526453f352adf8e,1.467,0,62,54,4,58,4,93.54838709677419,95.6043956043956,100.0,100.0,91.48936170212765,93.75,756,13.03448275862069,6,6,0,0,8,0,0,0,0,0,5.6644,3.9689,6052,1279668,293,45,13,0.06461267605633803,0,1.250274,0.116646,136,7.787999999999999,25.259,31.641000000000002,18,0.091,0.40099999999999997,0,1,0,0,0,0,
K8_R0.90_T1_H1_A0.95M5_S8009_EDGE_MARKET_inprocess,8009,8,0.9,1,1,SWEEP,0.95,5.0,,EDGE_MARKET,inprocess,da19582eb5cac46ff09e5c53369615394fdb79c9353d3232bcbd59a3cde45e86,ae2005f835d6541993dd796e3777df97735d70750127ec1453c1ff62a1437de1,0.268,0,62,51,3,54,8,87.09677419354838,91.20879120879121,100.0,100.0,82.97872340425532,84.375,756,14.0,17,17,0,0,8,0,0,0,0,0,5.6611,3.9689,4485,1199100,189,48,13,0.031052886948083454,0,0.032531,0.16555899999999998,100,0.06999999999999999,0.147,0.187,660,0.451,2.747,0,12,0,0,0,0,
K8_R0.90_T1_H1_A0.95M15_S8009_CENTRAL_inprocess,8009,8,0.9,1,1,SWEEP,0.95,15.0,,CENTRAL,inprocess,59efca5d6a50eccc7df9224a0e29c5207aa273a2fb721d6df404d257ef577e05,955acf8c411a3f010ed54a32008a87a2915cbe288965f36383c6b94a0fdd4acb,1.298,0,62,54,3,57,5,91.93548387096774,94.50549450549451,100.0,100.0,89.36170212765957,90.625,803,14.087719298245615,0,0,0,0,8,0,0,0,0,0,5.7242,3.9689,5534,1246679,269,53,47,0.09481251214299592,3,1.086269,0.10642099999999999,115,7.05,24.311,35.522999999999996,0,0.0,0.0,0,0,0,0,0,0,
K8_R0.90_T1_H1_A0.95M15_S8009_CENTRAL_FB_inprocess,8009,8,0.9,1,1,SWEEP,0.95,15.0,,CENTRAL_FB,inprocess,59efca5d6a50eccc7df9224a0e29c5207aa273a2fb721d6df404d257ef577e05,f3a66ba1d61e2c74d66b908b554b9949e6bf75ab087aba489f55fd535e18ccfe,1.323,0,62,54,3,57,5,91.93548387096774,94.50549450549451,100.0,100.0,89.36170212765957,90.625,803,14.087719298245615,0,0,0,0,8,0,0,0,0,0,5.7242,3.9689,5534,1246679,269,53,47,0.09481251214299592,3,1.092835,0.11274799999999999,115,7.702,23.299,32.729,9,2.641,2.641,0,0,0,0,0,0,
K8_R0.90_T1_H1_A0.95M15_S8009_HYBRID_inprocess,8009,8,0.9,1,1,SWEEP,0.95,15.0,,HYBRID,inprocess,59efca5d6a50eccc7df9224a0e29c5207aa273a2fb721d6df404d257ef577e05,e1b2a7bb9f30e65d8b4ad244691090f5b35455571185bd94c1e525469698d987,1.376,0,62,54,3,57,5,91.93548387096774,94.50549450549451,100.0,100.0,89.36170212765957,90.625,803,14.087719298245615,0,0,0,0,8,0,0,0,0,0,5.7242,3.9689,5534,1246679,269,53,47,0.09481251214299592,3,1.15745,0.11045000000000002,115,7.617999999999999,27.048,35.15,9,3.251,3.251,0,0,0,0,0,0,
K8_R0.90_T1_H1_A0.95M15_S8009_HYBRID_EAGER_inprocess,8009,8,0.9,1,1,SWEEP,0.95,15.0,,HYBRID_EAGER,inprocess,59efca5d6a50eccc7df9224a0e29c5207aa273a2fb721d6df404d257ef577e05,bc5d534f4d452ccf82867f0033b3b2da6eb2059f242291120ba235c9f1248291,1.369,0,62,53,3,56,6,90.3225806451613,93.4065934065934,100.0,100.0,87.23404255319149,87.5,755,13.482142857142858,0,0,0,0,8,0,0,0,0,0,5.7242,3.9689,5531,1246651,258,53,47,0.08524717789022966,2,1.154155,0.116758,113,7.268,29.0,38.269999999999996,15,0.46299999999999997,3.0109999999999997,0,0,0,0,0,0,
K8_R0.90_T1_H1_A0.95M15_S8009_EDGE_MARKET_inprocess,8009,8,0.9,1,1,SWEEP,0.95,15.0,,EDGE_MARKET,inprocess,59efca5d6a50eccc7df9224a0e29c5207aa273a2fb721d6df404d257ef577e05,03007f78bf8bc2b705dc5ea19d3ae9695be472ef9546713997a2cb601345366c,0.227,0,62,51,3,54,8,87.09677419354838,90.10989010989012,93.33333333333333,100.0,85.1063829787234,87.5,718,13.296296296296296,0,0,0,0,7,0,0,0,0,0,5.7565,3.9689,4505,1202566,234,42,23,0.04050073637702504,1,0.025414,0.139315,95,0.054,0.116,2.8649999999999998,675,0.378,2.4250000000000003,0,15,0,0,0,0,
K8_R0.90_T1_H1_A0.95M30_S8009_CENTRAL_inprocess,8009,8,0.9,1,1,SWEEP,0.95,30.0,,CENTRAL,inprocess,ce30124e5aa46beafe4f1fce3ff0febcaded2864b9b27cbe03853d3bb58c07b0,6f31f7ff9cd97149ad0507240488a71a8cf80eaa0493a0a2153841e5bcd8e026,1.303,0,62,52,4,56,6,90.3225806451613,90.10989010989012,93.33333333333333,75.0,89.36170212765957,87.5,687,12.267857142857142,0,0,0,0,7,0,0,0,0,0,5.663,3.9689,5484,1210351,252,51,19,0.03559808612440191,2,1.127997,0.094038,105,8.188,26.683,32.571999999999996,0,0.0,0.0,0,2,0,0,0,0,
K8_R0.90_T1_H1_A0.95M30_S8009_CENTRAL_FB_inprocess,8009,8,0.9,1,1,SWEEP,0.95,30.0,,CENTRAL_FB,inprocess,ce30124e5aa46beafe4f1fce3ff0febcaded2864b9b27cbe03853d3bb58c07b0,e5eb9d18bdb2278584a9c1acdf53accd4fdf32195e85c1399702770f2b64b4b0,1.399,0,62,52,4,56,6,90.3225806451613,90.10989010989012,93.33333333333333,75.0,89.36170212765957,87.5,687,12.267857142857142,0,0,0,0,7,0,0,0,0,0,5.663,3.9689,5484,1210351,252,51,19,0.03559808612440191,2,1.19775,0.09878400000000001,105,8.71,29.867,38.316,6,0.41,0.41,0,2,0,0,0,0,
K8_R0.90_T1_H1_A0.95M30_S8009_HYBRID_inprocess,8009,8,0.9,1,1,SWEEP,0.95,30.0,,HYBRID,inprocess,ce30124e5aa46beafe4f1fce3ff0febcaded2864b9b27cbe03853d3bb58c07b0,601f17f86543a195934aa2f5101f694edb6dbcf895b6fd52411c74bd0318c280,1.226,0,62,52,4,56,6,90.3225806451613,90.10989010989012,93.33333333333333,75.0,89.36170212765957,87.5,687,12.267857142857142,0,0,0,0,7,0,0,0,0,0,5.663,3.9689,5484,1210351,252,51,19,0.03559808612440191,2,1.041042,0.090179,105,8.325000000000001,24.885,36.754000000000005,6,0.313,0.313,0,2,0,0,0,0,
K8_R0.90_T1_H1_A0.95M30_S8009_EDGE_MARKET_inprocess,8009,8,0.9,1,1,SWEEP,0.95,30.0,,EDGE_MARKET,inprocess,ce30124e5aa46beafe4f1fce3ff0febcaded2864b9b27cbe03853d3bb58c07b0,36ce5792145e7350abf4356f64bdd4db7294bf712bcbdc278bfd68b300012634,0.244,0,62,52,3,55,7,88.70967741935483,92.3076923076923,100.0,100.0,85.1063829787234,87.5,747,13.581818181818182,19,19,0,0,8,0,0,0,0,0,5.6611,3.9689,4438,1181479,226,46,13,0.0180158539514773,1,0.028956,0.15264999999999998,93,0.062,0.103,0.127,597,0.40299999999999997,2.948,0,14,0,0,0,0,
K8_R0.90_T1_H1_A0.95M30_S8009_HYBRID_EAGER_inprocess,8009,8,0.9,1,1,SWEEP,0.95,30.0,,HYBRID_EAGER,inprocess,ce30124e5aa46beafe4f1fce3ff0febcaded2864b9b27cbe03853d3bb58c07b0,3446fc65e27d479140d2053d9e8e0866fee565b1fa6f0d5f1bab52f20730bc44,1.425,0,62,52,4,56,6,90.3225806451613,92.3076923076923,100.0,100.0,87.23404255319149,87.5,692,12.357142857142858,0,0,0,0,7,0,0,0,0,0,5.666,3.9689,5516,1197502,259,53,19,0.037685572896840505,1,1.182058,0.112624,106,8.765,25.391000000000002,35.842,11,0.326,0.326,0,0,0,0,0,0,
K8_R0.90_T1_H1_A0.85M5_S8009_CENTRAL_inprocess,8009,8,0.9,1,1,SWEEP,0.85,5.0,,CENTRAL,inprocess,d8c1a61bb74b45205a76a25250c1e705e86583df7122a4373b9f659ae16e136c,73b0ce85f4b8734ae2354bfdf37382c9797e0fee79ee7bfc635977145d22642b,1.636,0,62,52,3,55,7,88.70967741935483,92.3076923076923,100.0,100.0,85.1063829787234,81.25,787,14.309090909090909,0,0,0,0,8,0,0,0,0,0,5.6711,3.9879,6221,1282897,295,55,14,0.14417344173441735,1,1.446173,0.104357,172,5.97,26.506999999999998,39.244,0,0.0,0.0,0,0,0,0,0,0,
K8_R0.90_T1_H1_A0.85M5_S8009_CENTRAL_FB_inprocess,8009,8,0.9,1,1,SWEEP,0.85,5.0,,CENTRAL_FB,inprocess,d8c1a61bb74b45205a76a25250c1e705e86583df7122a4373b9f659ae16e136c,9a851c12a29bdf824531a9a389abdf6954ae78cdaf1e0307fb7cb8e86df7c3d0,1.517,0,62,52,3,55,7,88.70967741935483,92.3076923076923,100.0,100.0,85.1063829787234,81.25,787,14.309090909090909,0,0,0,0,8,0,0,0,0,0,5.6711,3.9879,6221,1282897,295,55,14,0.14417344173441735,1,1.314618,0.100826,172,5.9239999999999995,24.752,33.063,15,0.017,0.088,0,0,0,0,0,0,
K8_R0.90_T1_H1_A0.85M5_S8009_HYBRID_EAGER_inprocess,8009,8,0.9,1,1,SWEEP,0.85,5.0,,HYBRID_EAGER,inprocess,d8c1a61bb74b45205a76a25250c1e705e86583df7122a4373b9f659ae16e136c,4fd65fcc5f8d3303cb4f151dd125660fd85629386a3f7d917ca6f05c701fc258,1.373,0,62,52,4,56,6,90.3225806451613,93.4065934065934,100.0,100.0,87.23404255319149,87.5,754,13.464285714285714,14,14,0,0,8,0,0,0,0,0,5.6566,3.9879,6105,1289491,308,52,18,0.1497405485544848,2,1.167318,0.100154,160,5.0200000000000005,23.299,33.806000000000004,46,0.098,0.429,0,0,0,0,0,0,
K8_R0.90_T1_H1_A0.85M5_S8009_EDGE_MARKET_inprocess,8009,8,0.9,1,1,SWEEP,0.85,5.0,,EDGE_MARKET,inprocess,d8c1a61bb74b45205a76a25250c1e705e86583df7122a4373b9f659ae16e136c,d8fe6725aef8d761af1e7364e9f75a5f71cf17cafcefd61345cab5d3b29da0b9,0.196,0,62,52,4,56,6,90.3225806451613,92.3076923076923,93.33333333333333,100.0,89.36170212765957,90.625,717,12.803571428571429,0,0,0,0,7,0,0,0,0,0,5.6611,3.9879,4328,1180806,181,42,13,0.06572769953051644,1,0.022854,0.12213,72,0.049,0.108,0.145,492,0.372,2.375,0,15,0,0,0,0,
K8_R0.90_T1_H1_A0.85M5_S8009_HYBRID_inprocess,8009,8,0.9,1,1,SWEEP,0.85,5.0,,HYBRID,inprocess,d8c1a61bb74b45205a76a25250c1e705e86583df7122a4373b9f659ae16e136c,401912c975d1b2ed966f8051444ab44306f73a5baa03db571938549931536a81,1.754,0,62,52,3,55,7,88.70967741935483,92.3076923076923,100.0,100.0,85.1063829787234,81.25,787,14.309090909090909,0,0,0,0,8,0,0,0,0,0,5.6711,3.9879,6221,1282897,295,55,14,0.14417344173441735,1,1.52845,0.12057099999999998,172,6.893,27.576,42.714,15,0.018000000000000002,0.103,0,0,0,0,0,0,
K8_R0.90_T1_H1_A0.85M15_S8009_CENTRAL_inprocess,8009,8,0.9,1,1,SWEEP,0.85,15.0,,CENTRAL,inprocess,b2c7ca3098bff90603ab56a0ff5fb0385a04f745d37eed74413383728ecbdb6a,c78ebe1740b581ae8ef49ce860a53a42a80efc8307cb859fa001e69aa3d0b819,1.058,0,62,53,3,56,6,90.3225806451613,93.4065934065934,100.0,100.0,87.23404255319149,87.5,787,14.053571428571429,0,0,0,0,8,0,0,0,0,0,5.6446,3.989,5389,1185207,245,56,54,0.1881145788798632,3,0.903704,0.08548399999999999,121,4.428999999999999,21.298000000000002,31.572000000000003,0,0.0,0.0,0,0,0,0,0,0,
K8_R0.90_T1_H1_A0.85M15_S8009_CENTRAL_FB_inprocess,8009,8,0.9,1,1,SWEEP,0.85,15.0,,CENTRAL_FB,inprocess,b2c7ca3098bff90603ab56a0ff5fb0385a04f745d37eed74413383728ecbdb6a,72e90a32f78a818215ed7a24cfc764f071767992240f736a28fde8dd2b2bac04,1.333,0,62,54,3,57,5,91.93548387096774,94.50549450549451,100.0,100.0,89.36170212765957,90.625,744,13.052631578947368,0,0,0,0,8,0,0,0,0,0,5.7304,3.989,5464,1192654,246,55,54,0.18838139339086507,3,1.120881,0.11038500000000001,122,5.727,27.904999999999998,36.718,23,0.47,0.477,0,0,0,0,0,0,
K8_R0.90_T1_H1_A0.85M15_S8009_HYBRID_inprocess,8009,8,0.9,1,1,SWEEP,0.85,15.0,,HYBRID,inprocess,b2c7ca3098bff90603ab56a0ff5fb0385a04f745d37eed74413383728ecbdb6a,deeeda17c951395d1ed94a0653e29e27d4a2fcb217b2a555e4363ced55261602,1.076,0,62,54,3,57,5,91.93548387096774,94.50549450549451,100.0,100.0,89.36170212765957,90.625,744,13.052631578947368,0,0,0,0,8,0,0,0,0,0,5.7304,3.989,5464,1192654,246,55,54,0.18838139339086507,3,0.895791,0.095521,122,4.819999999999999,20.473000000000003,32.561,23,0.32699999999999996,0.34,0,0,0,0,0,0,
K8_R0.90_T1_H1_A0.85M15_S8009_EDGE_MARKET_inprocess,8009,8,0.9,1,1,SWEEP,0.85,15.0,,EDGE_MARKET,inprocess,b2c7ca3098bff90603ab56a0ff5fb0385a04f745d37eed74413383728ecbdb6a,cf5b636b308f0537c3c3f1ad08325af051c9d59e97c6fc18a9853773e427de5b,0.263,0,62,50,3,53,9,85.48387096774194,89.01098901098901,100.0,100.0,80.85106382978724,87.5,692,13.056603773584905,0,0,0,0,7,0,0,0,0,0,5.6611,3.989,4490,1215654,220,33,53,0.1201385189131593,3,0.029623,0.16349,100,0.062,0.14300000000000002,0.204,678,0.457,3.0599999999999996,0,12,0,0,0,0,
K8_R0.90_T1_H1_A0.85M15_S8009_HYBRID_EAGER_inprocess,8009,8,0.9,1,1,SWEEP,0.85,15.0,,HYBRID_EAGER,inprocess,b2c7ca3098bff90603ab56a0ff5fb0385a04f745d37eed74413383728ecbdb6a,95b02e49b9b13079ac3a07545419826d7ced4b6f01a43900fc4f6ed46f41ec39,1.29,0,62,54,3,57,5,91.93548387096774,94.50549450549451,100.0,100.0,89.36170212765957,90.625,744,13.052631578947368,0,0,0,0,8,0,0,0,0,0,5.7304,3.989,5464,1192489,246,55,54,0.18838139339086507,3,1.099409,0.106613,122,5.118,27.663,35.236999999999995,39,0.14200000000000002,0.48700000000000004,0,0,0,0,0,0,
K8_R0.90_T1_H1_A0.85M30_S8009_CENTRAL_inprocess,8009,8,0.9,1,1,SWEEP,0.85,30.0,,CENTRAL,inprocess,03a7d29c7c612cc1b2046c746bc036f56151a358d170b0cbd79867ab301ed1e7,979efe7a9ce676ed37188450f5022a7bba1674483ef4574ea1a415d4d5d28647,0.924,0,62,52,3,55,7,88.70967741935483,91.20879120879121,93.33333333333333,100.0,87.23404255319149,90.625,728,13.236363636363636,22,22,0,0,7,0,0,0,0,0,5.6507,3.989,5279,1197842,227,50,81,0.21968014215904041,3,0.733567,0.09964899999999999,110,4.069999999999999,17.884,23.351,0,0.0,0.0,0,0,0,0,0,0,
K8_R0.90_T1_H1_A0.85M30_S8009_CENTRAL_FB_inprocess,8009,8,0.9,1,1,SWEEP,0.85,30.0,,CENTRAL_FB,inprocess,03a7d29c7c612cc1b2046c746bc036f56151a358d170b0cbd79867ab301ed1e7,6f86e73d71c9daed34ae7f3ccab7b6576b74237e8f396ee204976d311561f473,0.907,0,62,54,3,57,5,91.93548387096774,94.50549450549451,100.0,100.0,89.36170212765957,90.625,721,12.649122807017545,0,0,0,0,7,0,0,0,0,0,5.6753,3.989,5186,1205674,228,43,75,0.1991381265593105,1,0.731166,0.09260399999999999,106,6.6530000000000005,18.203,24.842,24,0.481,2.213,0,0,0,0,0,0,
K8_R0.90_T1_H1_A0.85M30_S8009_HYBRID_inprocess,8009,8,0.9,1,1,SWEEP,0.85,30.0,,HYBRID,inprocess,03a7d29c7c612cc1b2046c746bc036f56151a358d170b0cbd79867ab301ed1e7,611a66fbde0eab5a9f64f20a9bd26803646f08d05c62cf43a6a9e5a3824f9530,0.929,0,62,54,3,57,5,91.93548387096774,94.50549450549451,100.0,100.0,89.36170212765957,90.625,721,12.649122807017545,0,0,0,0,7,0,0,0,0,0,5.6753,3.989,5186,1205674,228,43,75,0.1991381265593105,1,0.745993,0.105108,106,6.178,16.607,31.043000000000003,24,0.441,2.543,0,0,0,0,0,0,
K8_R0.90_T1_H1_A0.85M30_S8009_HYBRID_EAGER_inprocess,8009,8,0.9,1,1,SWEEP,0.85,30.0,,HYBRID_EAGER,inprocess,03a7d29c7c612cc1b2046c746bc036f56151a358d170b0cbd79867ab301ed1e7,0b1294869882677ffa0a588a86706bf5ef58df2ba911c20279afe52796d7d1d5,0.848,0,62,53,3,56,6,90.3225806451613,91.20879120879121,93.33333333333333,75.0,89.36170212765957,93.75,731,13.053571428571429,0,0,0,0,7,0,0,0,0,0,5.6761,3.989,5166,1204353,218,50,75,0.20505234410559856,1,0.68685,0.094493,102,6.609,15.461,19.528,32,0.382,2.189,0,0,0,0,0,0,
K8_R0.90_T1_H1_A0.85M30_S8009_EDGE_MARKET_inprocess,8009,8,0.9,1,1,SWEEP,0.85,30.0,,EDGE_MARKET,inprocess,03a7d29c7c612cc1b2046c746bc036f56151a358d170b0cbd79867ab301ed1e7,96a4227876bfbe44aa66194f62d6b66a886565713c0c8563e4da196179817171,0.236,0,62,50,3,53,9,85.48387096774194,89.01098901098901,93.33333333333333,100.0,82.97872340425532,84.375,687,12.962264150943396,0,0,0,0,6,0,0,0,0,0,5.6611,3.989,4452,1193939,198,35,54,0.162250751160885,2,0.025362,0.14441800000000002,86,0.054,0.122,0.156,644,0.39399999999999996,2.8080000000000003,0,13,0,0,0,0,
K8_R0.90_T1_H1_A0.75M5_S8009_CENTRAL_inprocess,8009,8,0.9,1,1,SWEEP,0.75,5.0,,CENTRAL,inprocess,14d066a0ed6abd9ddc471dd77b6605fe0607469d090e0a48d6d607355c3f8d59,9841ce1b0b6e0466202fdbd6f4d6ce6ca921db9b53214a8ec58a0e0b01ec6511,1.402,0,62,54,4,58,4,93.54838709677419,94.50549450549451,93.33333333333333,100.0,93.61702127659575,90.625,749,12.913793103448276,2,2,0,0,8,0,0,0,0,0,5.6869,3.9879,5800,1257959,251,55,26,0.250052443885043,6,1.199506,0.10459199999999999,182,3.242,25.381,33.795,0,0.0,0.0,0,0,0,0,0,0,
K8_R0.90_T1_H1_A0.75M5_S8009_CENTRAL_FB_inprocess,8009,8,0.9,1,1,SWEEP,0.75,5.0,,CENTRAL_FB,inprocess,14d066a0ed6abd9ddc471dd77b6605fe0607469d090e0a48d6d607355c3f8d59,c56b6a821cd91efecc2d8de0786f4277ad2250893d2c055179f23e94b692db12,1.658,0,62,54,4,58,4,93.54838709677419,94.50549450549451,93.33333333333333,100.0,93.61702127659575,90.625,749,12.913793103448276,2,2,0,0,8,0,0,0,0,0,5.6869,3.9879,5764,1254929,268,60,26,0.2544491525423729,7,1.412369,0.119398,177,4.173,25.019,34.136,26,0.045000000000000005,0.062,0,0,0,0,0,0,
K8_R0.90_T1_H1_A0.75M5_S8009_HYBRID_inprocess,8009,8,0.9,1,1,SWEEP,0.75,5.0,,HYBRID,inprocess,14d066a0ed6abd9ddc471dd77b6605fe0607469d090e0a48d6d607355c3f8d59,90bb52d44a85eb8de6810e5bc23e1e1e0d88cad128e20c06a498c0f1b1ff0899,1.671,0,62,54,4,58,4,93.54838709677419,94.50549450549451,93.33333333333333,100.0,93.61702127659575,90.625,749,12.913793103448276,2,2,0,0,8,0,0,0,0,0,5.6869,3.9879,5764,1254929,268,60,26,0.2544491525423729,7,1.436568,0.11957399999999999,177,4.124,27.366999999999997,37.055,26,0.044,0.097,0,0,0,0,0,0,
K8_R0.90_T1_H1_A0.75M5_S8009_HYBRID_EAGER_inprocess,8009,8,0.9,1,1,SWEEP,0.75,5.0,,HYBRID_EAGER,inprocess,14d066a0ed6abd9ddc471dd77b6605fe0607469d090e0a48d6d607355c3f8d59,33386bb31c73f9ed71f312caf2c543edd7b213b50f692aa4defe9053a653e5ed,1.713,0,62,54,4,58,4,93.54838709677419,93.4065934065934,86.66666666666667,100.0,95.74468085106383,90.625,758,13.068965517241379,6,6,0,0,7,1,1,0,7,7,8.7039,3.9879,5940,1267006,235,52,26,0.2514714836614573,6,1.46258,0.125744,180,3.885,28.28,39.072,72,0.059,0.46799999999999997,0,0,0,0,0,0,
K8_R0.90_T1_H1_A0.75M5_S8009_EDGE_MARKET_inprocess,8009,8,0.9,1,1,SWEEP,0.75,5.0,,EDGE_MARKET,inprocess,14d066a0ed6abd9ddc471dd77b6605fe0607469d090e0a48d6d607355c3f8d59,9bf557dc23c0b690514d667c77ddf1b8bbee1b341a85c31135e1da21ef369fe4,0.276,0,62,53,3,56,6,90.3225806451613,93.4065934065934,100.0,100.0,87.23404255319149,96.875,750,13.392857142857142,19,19,0,0,8,0,0,0,0,0,5.6587,3.9879,4266,1150124,167,34,18,0.10491905354919054,3,0.02901,0.175545,71,0.047,0.13699999999999998,0.298,427,0.601,4.255,0,12,0,0,0,0,
K8_R0.90_T1_H1_A0.75M15_S8009_CENTRAL_FB_inprocess,8009,8,0.9,1,1,SWEEP,0.75,15.0,,CENTRAL_FB,inprocess,9c07303faef2ee4272ab1d09227bf7c9076007fc408831aa9142a791c0126a10,c3fdb468a0e7fa227d56e06724ae47dfc2071711abd0b1e84c20db3f615ccbc9,1.115,0,62,53,3,56,6,90.3225806451613,92.3076923076923,93.33333333333333,100.0,89.36170212765957,87.5,743,13.267857142857142,19,19,0,0,6,0,0,0,0,0,5.6502,3.989,5747,1238264,245,43,68,0.2710105831085287,4,0.927118,0.102236,145,5.041,16.676,33.008,35,0.08600000000000001,0.347,0,0,0,0,0,0,
K8_R0.90_T1_H1_A0.75M15_S8009_CENTRAL_inprocess,8009,8,0.9,1,1,SWEEP,0.75,15.0,,CENTRAL,inprocess,9c07303faef2ee4272ab1d09227bf7c9076007fc408831aa9142a791c0126a10,1fb372cf3466658bd37189484eaa6fab137da6a7a320fa4bcac601683e6d5218,1.125,0,62,52,4,56,6,90.3225806451613,92.3076923076923,100.0,100.0,87.23404255319149,87.5,714,12.75,0,0,0,0,7,0,0,0,0,0,5.7098,3.989,5636,1229068,250,43,68,0.2961309523809524,3,0.930583,0.104069,137,3.866,21.32,28.899,0,0.0,0.0,0,1,0,0,0,0,
K8_R0.90_T1_H1_A0.75M15_S8009_HYBRID_EAGER_inprocess,8009,8,0.9,1,1,SWEEP,0.75,15.0,,HYBRID_EAGER,inprocess,9c07303faef2ee4272ab1d09227bf7c9076007fc408831aa9142a791c0126a10,313be311fb474b82665aad1e0e5c7b8afd64113ad7f8713eb10a41ced0a2197a,1.227,0,62,51,4,55,7,88.70967741935483,92.3076923076923,100.0,100.0,85.1063829787234,87.5,717,13.036363636363637,0,0,0,0,7,0,0,0,0,0,5.719,3.989,5473,1206274,232,40,68,0.2720475038486914,3,1.002071,0.12189799999999998,126,6.523000000000001,22.771,38.781000000000006,48,0.104,0.448,0,0,0,0,0,0,
K8_R0.90_T1_H1_A0.75M15_S8009_HYBRID_inprocess,8009,8,0.9,1,1,SWEEP,0.75,15.0,,HYBRID,inprocess,9c07303faef2ee4272ab1d09227bf7c9076007fc408831aa9142a791c0126a10,ba3641db392c8c0dbd8898732366c7eae481e0047045fe30b7437d362f04547e,1.371,0,62,53,3,56,6,90.3225806451613,92.3076923076923,93.33333333333333,100.0,89.36170212765957,87.5,743,13.267857142857142,19,19,0,0,6,0,0,0,0,0,5.6502,3.989,5747,1238264,245,43,68,0.2710105831085287,4,1.153045,0.11868100000000001,145,6.673,20.505,31.919999999999998,35,0.11900000000000001,0.348,0,0,0,0,0,0,
K8_R0.90_T1_H1_A0.75M15_S8009_EDGE_MARKET_inprocess,8009,8,0.9,1,1,SWEEP,0.75,15.0,,EDGE_MARKET,inprocess,9c07303faef2ee4272ab1d09227bf7c9076007fc408831aa9142a791c0126a10,b9cab8f558601a94a0997287457ee845bb451fcbf2750b687b21b01e4bf2609e,0.269,0,62,51,4,55,7,88.70967741935483,90.10989010989012,93.33333333333333,100.0,87.23404255319149,90.625,677,12.309090909090909,0,0,0,0,6,0,0,0,0,0,5.6611,3.989,4389,1175829,183,32,58,0.1485581124381008,3,0.029778,0.16907399999999997,104,0.060000000000000005,0.107,0.13699999999999998,567,0.514,3.298,0,12,0,0,0,0,
K8_R0.90_T1_H1_A0.75M30_S8009_CENTRAL_inprocess,8009,8,0.9,1,1,SWEEP,0.75,30.0,,CENTRAL,inprocess,926200298cdc55efde3012dd7c437dd1a176f0577c9e64bf30586e7e58cc72cc,3265b6aca053ff800eaa94b209dc8458b74b219f44f82d04ea2bfc22c8afb06a,0.92,0,62,52,4,56,6,90.3225806451613,93.4065934065934,100.0,100.0,87.23404255319149,87.5,728,13.0,0,0,0,0,5,0,0,0,0,0,5.6548,3.989,5132,1184368,215,44,64,0.46635674088573525,3,0.702902,0.11062200000000001,108,5.439,15.654000000000002,26.096999999999998,0,0.0,0.0,0,1,0,0,0,0,
K8_R0.90_T1_H1_A0.75M30_S8009_CENTRAL_FB_inprocess,8009,8,0.9,1,1,SWEEP,0.75,30.0,,CENTRAL_FB,inprocess,926200298cdc55efde3012dd7c437dd1a176f0577c9e64bf30586e7e58cc72cc,a7b41a772ef7e23eb2cf46ac6904f308a9910de1f044eb5ec6e37a37a33a47d6,0.812,0,62,51,4,55,7,88.70967741935483,89.01098901098901,86.66666666666667,75.0,89.36170212765957,87.5,689,12.527272727272727,0,0,0,0,6,0,0,0,0,0,5.6769,3.989,5173,1185047,217,43,61,0.47899975722262683,3,0.631454,0.09852499999999999,116,4.47,12.943,19.308,40,0.43,3.157,0,0,0,0,0,0,
K8_R0.90_T1_H1_A0.75M30_S8009_HYBRID_EAGER_inprocess,8009,8,0.9,1,1,SWEEP,0.75,30.0,,HYBRID_EAGER,inprocess,926200298cdc55efde3012dd7c437dd1a176f0577c9e64bf30586e7e58cc72cc,655065ad63bc7be493d0f678f52d4f7a7af4f41adb5e63a2bc78f53e7a955ef5,0.818,0,62,51,4,55,7,88.70967741935483,89.01098901098901,86.66666666666667,75.0,89.36170212765957,87.5,689,12.527272727272727,0,0,0,0,6,0,0,0,0,0,5.6769,3.989,5173,1185038,217,43,61,0.47899975722262683,3,0.621612,0.11263399999999998,116,5.526,11.857,15.084999999999999,50,0.41100000000000003,2.42,0,0,0,0,0,0,
K8_R0.90_T1_H1_A0.75M30_S8009_HYBRID_inprocess,8009,8,0.9,1,1,SWEEP,0.75,30.0,,HYBRID,inprocess,926200298cdc55efde3012dd7c437dd1a176f0577c9e64bf30586e7e58cc72cc,3fdb43d8bf7c6631be0d2ba29ee4617c6541b37cbf08c7cdedcc5b3452ce3acc,0.898,0,62,51,4,55,7,88.70967741935483,89.01098901098901,86.66666666666667,75.0,89.36170212765957,87.5,689,12.527272727272727,0,0,0,0,6,0,0,0,0,0,5.6769,3.989,5173,1185047,217,43,61,0.47899975722262683,3,0.697903,0.111925,116,5.513,12.645999999999999,23.506,40,0.504,3.0,0,0,0,0,0,0,
K8_R0.90_T1_H1_A0.75M30_S8009_EDGE_MARKET_inprocess,8009,8,0.9,1,1,SWEEP,0.75,30.0,,EDGE_MARKET,inprocess,926200298cdc55efde3012dd7c437dd1a176f0577c9e64bf30586e7e58cc72cc,61715dd91c0f5e0887d2353ff1f732dc5247d1bb86aa8c0894f7a5dbacdae634,0.248,0,62,50,3,53,9,85.48387096774194,89.01098901098901,100.0,100.0,80.85106382978724,87.5,682,12.867924528301886,0,0,0,0,6,0,0,0,0,0,5.6452,3.989,4467,1208323,200,43,80,0.4130819092516205,2,0.027104,0.152983,96,0.047,0.145,0.21800000000000003,661,0.414,2.846,0,14,0,0,0,0,
K8_R0.90_T1_H1_A0.65M5_S8009_CENTRAL_inprocess,8009,8,0.9,1,1,SWEEP,0.65,5.0,,CENTRAL,inprocess,4fb4bc2d3c7e9b3781f5e9db2da5bfffd858a9e393c7fc7084ba5a47272e8ae9,4c2f4d41b149b9f1e20115d6fe5dacac2fe6dbdeaa6d929c46444f7a6f945f30,1.521,0,62,52,4,56,6,90.3225806451613,92.3076923076923,100.0,100.0,87.23404255319149,90.625,711,12.696428571428571,0,0,0,0,8,0,0,0,0,0,5.6752,3.9879,6567,1328463,257,62,19,0.48577511128314305,8,1.311846,0.104262,223,3.039,22.71,37.863,0,0.0,0.0,0,0,0,0,0,0,
K8_R0.90_T1_H1_A0.65M5_S8009_CENTRAL_FB_inprocess,8009,8,0.9,1,1,SWEEP,0.65,5.0,,CENTRAL_FB,inprocess,4fb4bc2d3c7e9b3781f5e9db2da5bfffd858a9e393c7fc7084ba5a47272e8ae9,adf7d3af7d89fd1be798f12f73425e40552a034f79a1172aecca8c938f3fb68a,1.572,0,62,50,4,54,8,87.09677419354838,90.10989010989012,93.33333333333333,100.0,85.1063829787234,90.625,755,13.981481481481481,0,0,0,0,7,0,0,0,0,0,5.6371,3.9879,6711,1335256,250,47,19,0.5220989279668986,8,1.332925,0.120806,232,2.9139999999999997,23.205,36.36000000000001,39,0.09899999999999999,0.527,0,1,0,0,0,0,
K8_R0.90_T1_H1_A0.65M5_S8009_HYBRID_inprocess,8009,8,0.9,1,1,SWEEP,0.65,5.0,,HYBRID,inprocess,4fb4bc2d3c7e9b3781f5e9db2da5bfffd858a9e393c7fc7084ba5a47272e8ae9,60016f50eb3dd47717f9e5d85d0d5498581271618911e51cf332d0adcda12c90,1.639,0,62,50,4,54,8,87.09677419354838,90.10989010989012,93.33333333333333,100.0,85.1063829787234,90.625,755,13.981481481481481,0,0,0,0,7,0,0,0,0,0,5.6371,3.9879,6711,1335256,250,47,19,0.5220989279668986,8,1.410915,0.1268,232,2.975,21.808,40.533,39,0.10500000000000001,0.742,0,1,0,0,0,0,
K8_R0.90_T1_H1_A0.65M5_S8009_EDGE_MARKET_inprocess,8009,8,0.9,1,1,SWEEP,0.65,5.0,,EDGE_MARKET,inprocess,4fb4bc2d3c7e9b3781f5e9db2da5bfffd858a9e393c7fc7084ba5a47272e8ae9,03b415037106d235e8419d145503aa9c157a3ea764c37167e0a5a06c26930d33,0.262,0,62,49,3,52,10,83.87096774193549,85.71428571428571,93.33333333333333,75.0,80.85106382978724,87.5,697,13.403846153846153,0,0,0,0,8,0,0,0,0,0,5.6587,3.9879,4303,1146157,159,39,18,0.18447615732683606,4,0.025161,0.171486,84,0.048,0.129,0.159,469,0.49,3.057,0,18,0,0,0,0,
K8_R0.90_T1_H1_A0.65M5_S8009_HYBRID_EAGER_inprocess,8009,8,0.9,1,1,SWEEP,0.65,5.0,,HYBRID_EAGER,inprocess,4fb4bc2d3c7e9b3781f5e9db2da5bfffd858a9e393c7fc7084ba5a47272e8ae9,b808b88f48b846fad967ceddf08038cfc9cc723982e3c80e6abf89549d62ac01,1.723,0,62,52,4,56,6,90.3225806451613,91.20879120879121,93.33333333333333,100.0,89.36170212765957,84.375,713,12.732142857142858,0,0,0,0,7,0,0,0,0,0,5.6799,3.9879,6266,1256878,256,44,19,0.43071546052631576,7,1.448677,0.11680400000000002,226,3.343,26.483,48.196000000000005,97,0.116,3.108,0,0,0,0,0,0,
K8_R0.90_T1_H1_A0.65M15_S8009_CENTRAL_inprocess,8009,8,0.9,1,1,SWEEP,0.65,15.0,,CENTRAL,inprocess,de3584e27a98f29889836b452151ebf7d76dcdab75d486203a9d5064a2605df6,62eebefffb9eeb9b28ec67e190947a6e57ee8fb2352565f8e2718ed467d447ba,1.197,0,62,51,4,55,7,88.70967741935483,92.3076923076923,100.0,100.0,85.1063829787234,90.625,775,14.090909090909092,0,0,0,0,8,0,0,0,0,0,5.6393,3.989,5468,1218061,221,47,103,0.4550813487385051,3,0.999834,0.106955,141,3.643,22.481,36.517,0,0.0,0.0,0,0,0,0,0,0,
K8_R0.90_T1_H1_A0.65M15_S8009_CENTRAL_FB_inprocess,8009,8,0.9,1,1,SWEEP,0.65,15.0,,CENTRAL_FB,inprocess,de3584e27a98f29889836b452151ebf7d76dcdab75d486203a9d5064a2605df6,af4db650853417bb77f7c6f0df09c09949a8cbd4a0caa3efe8385b37f004af25,1.199,0,62,51,4,55,7,88.70967741935483,92.3076923076923,100.0,100.0,85.1063829787234,90.625,773,14.054545454545455,0,0,0,0,8,0,0,0,0,0,5.6562,3.989,5486,1219102,254,49,103,0.45596221959858324,2,0.969136,0.11146500000000001,144,3.575,22.626,37.074000000000005,43,0.08,0.406,0,0,0,0,0,0,
K8_R0.90_T1_H1_A0.65M15_S8009_HYBRID_inprocess,8009,8,0.9,1,1,SWEEP,0.65,15.0,,HYBRID,inprocess,de3584e27a98f29889836b452151ebf7d76dcdab75d486203a9d5064a2605df6,f3370a1caf4fb37edfff94dd0a75bf0d01d6e786e47bd74d12be34b7fc87016a,0.981,0,62,51,4,55,7,88.70967741935483,92.3076923076923,100.0,100.0,85.1063829787234,90.625,773,14.054545454545455,0,0,0,0,8,0,0,0,0,0,5.6562,3.989,5486,1219102,254,49,103,0.45596221959858324,2,0.822511,0.091988,144,2.666,20.741,31.615,43,0.044,0.376,0,0,0,0,0,0,
K8_R0.90_T1_H1_A0.65M15_S8009_HYBRID_EAGER_inprocess,8009,8,0.9,1,1,SWEEP,0.65,15.0,,HYBRID_EAGER,inprocess,de3584e27a98f29889836b452151ebf7d76dcdab75d486203a9d5064a2605df6,3cfd090a4161ba12828a42eb44cc131b5eb4121a2070be18a7100622bae8fcd1,1.014,0,62,49,4,53,9,85.48387096774194,85.71428571428571,86.66666666666667,75.0,85.1063829787234,81.25,730,13.773584905660377,0,0,0,0,7,0,0,0,0,0,5.6539,3.989,5456,1202999,228,53,103,0.4476483100921768,2,0.817491,0.10460299999999999,137,2.963,18.922,30.906,67,0.051,0.378,0,1,0,0,0,0,
K8_R0.90_T1_H1_A0.65M15_S8009_EDGE_MARKET_inprocess,8009,8,0.9,1,1,SWEEP,0.65,15.0,,EDGE_MARKET,inprocess,de3584e27a98f29889836b452151ebf7d76dcdab75d486203a9d5064a2605df6,ea6d81cff7527b6492d1ddd5c35fb12964c9afe84d3ce302eb7c486a6688d76a,0.18,0,62,52,4,56,6,90.3225806451613,93.4065934065934,100.0,100.0,87.23404255319149,90.625,775,13.839285714285714,17,17,0,0,7,0,0,0,0,0,5.6127,3.989,4099,1117742,146,31,59,0.22334847955260398,3,0.018254,0.111229,47,0.037,0.06899999999999999,0.083,298,0.39,2.4699999999999998,0,5,0,0,0,0,
K8_R0.90_T1_H1_A0.65M30_S8009_CENTRAL_inprocess,8009,8,0.9,1,1,SWEEP,0.65,30.0,,CENTRAL,inprocess,6aed2edf0891e18f5ea14c14a25be2fac9f241bba9b8725cfbf8f7d7fb9b491d,a1f9b8a648b2a4dfb97a34437ee6378701a9ff1e8330be0c73b422d670dd5d99,0.75,0,62,53,3,56,6,90.3225806451613,92.3076923076923,93.33333333333333,100.0,89.36170212765957,87.5,759,13.553571428571429,11,11,0,0,8,0,0,0,0,0,5.6675,3.989,4906,1186147,201,37,126,0.6589722451222864,4,0.547369,0.106263,109,4.469,13.692,19.578000000000003,0,0.0,0.0,0,0,0,0,0,0,
K8_R0.90_T1_H1_A0.65M30_S8009_CENTRAL_FB_inprocess,8009,8,0.9,1,1,SWEEP,0.65,30.0,,CENTRAL_FB,inprocess,6aed2edf0891e18f5ea14c14a25be2fac9f241bba9b8725cfbf8f7d7fb9b491d,da3383c03b79bc7dc69c830858019bd2324b99a2bec6826c84caf9e7bf86aff8,0.795,0,62,52,3,55,7,88.70967741935483,91.20879120879121,93.33333333333333,100.0,87.23404255319149,87.5,732,13.309090909090909,15,15,0,0,6,0,0,0,0,0,5.6539,3.989,5057,1179319,204,31,125,0.6110236220472441,4,0.603013,0.11207700000000001,120,5.053,10.104999999999999,15.628,44,0.39599999999999996,2.401,0,0,0,0,0,0,
K8_R0.90_T1_H1_A0.65M30_S8009_HYBRID_inprocess,8009,8,0.9,1,1,SWEEP,0.65,30.0,,HYBRID,inprocess,6aed2edf0891e18f5ea14c14a25be2fac9f241bba9b8725cfbf8f7d7fb9b491d,be931e39690ce062bca65909abc3bda451079e623c7ae50b8fd3eec9681b9088,0.839,0,62,52,3,55,7,88.70967741935483,91.20879120879121,93.33333333333333,100.0,87.23404255319149,87.5,732,13.309090909090909,15,15,0,0,6,0,0,0,0,0,5.6539,3.989,5057,1179319,204,31,125,0.6110236220472441,4,0.641139,0.11265,120,4.872,12.804,15.647999999999998,44,0.472,3.0460000000000003,0,0,0,0,0,0,
K8_R0.90_T1_H1_A0.65M30_S8009_HYBRID_EAGER_inprocess,8009,8,0.9,1,1,SWEEP,0.65,30.0,,HYBRID_EAGER,inprocess,6aed2edf0891e18f5ea14c14a25be2fac9f241bba9b8725cfbf8f7d7fb9b491d,a415edb9349c42c1df6172b56981b1f4dac611ae5cdc23fe5c2bb5c568ea2b37,0.888,0,62,51,3,54,8,87.09677419354838,90.10989010989012,93.33333333333333,100.0,85.1063829787234,87.5,707,13.092592592592593,0,0,0,0,6,0,0,0,0,0,6.1928,3.989,5136,1172296,209,43,125,0.5688049663735126,3,0.66141,0.126204,116,4.9750000000000005,14.192,16.477999999999998,55,0.46099999999999997,3.1159999999999997,0,0,0,0,0,0,
K8_R0.90_T1_H1_A0.65M30_S8009_EDGE_MARKET_inprocess,8009,8,0.9,1,1,SWEEP,0.65,30.0,,EDGE_MARKET,inprocess,6aed2edf0891e18f5ea14c14a25be2fac9f241bba9b8725cfbf8f7d7fb9b491d,4939bb2e21e9cb36a7d65ec3f9fdb2832537df283453b1f1787f982c908694f6,0.261,0,62,50,4,54,8,87.09677419354838,86.81318681318682,86.66666666666667,75.0,87.23404255319149,84.375,789,14.61111111111111,24,24,0,0,7,0,0,0,0,0,5.666,3.989,4236,1150052,148,29,85,0.46153846153846156,2,0.028237,0.162975,78,0.041999999999999996,0.118,0.23900000000000002,423,0.483,3.715,0,14,0,0,0,0,
K8_R0.90_T1_H1_A0.55M5_S8009_CENTRAL_inprocess,8009,8,0.9,1,1,SWEEP,0.55,5.0,,CENTRAL,inprocess,6cef502f3745bf0264ce1b7cc46c4ef3101b2ac927fd2b81c709c57e3ef5f62c,e590c22f1d0f46ffa20aad86ab9a3c3edeebb59b2c2a1196dbe1ca4458999d81,1.531,0,62,53,3,56,6,90.3225806451613,92.3076923076923,93.33333333333333,100.0,89.36170212765957,84.375,714,12.75,0,0,0,0,7,0,0,0,0,0,5.6667,3.9474,6498,1302461,232,49,25,0.6018193094893529,5,1.31784,0.10679200000000001,250,3.199,20.462,40.75899999999999,0,0.0,0.0,0,1,0,0,0,0,
K8_R0.90_T1_H1_A0.55M5_S8009_CENTRAL_FB_inprocess,8009,8,0.9,1,1,SWEEP,0.55,5.0,,CENTRAL_FB,inprocess,6cef502f3745bf0264ce1b7cc46c4ef3101b2ac927fd2b81c709c57e3ef5f62c,c91c5196d60780b8d5ee222b9b8b23c823d93a760ef0484b7d984226b43de9bc,1.632,0,62,55,4,59,3,95.16129032258064,95.6043956043956,93.33333333333333,100.0,95.74468085106383,93.75,713,12.084745762711865,0,0,0,0,8,0,0,0,0,0,5.7177,3.9474,6379,1290570,224,56,25,0.6045772409408773,5,1.378889,0.12402700000000001,243,2.5869999999999997,22.332,37.134,50,0.111,0.635,0,0,0,0,0,0,
K8_R0.90_T1_H1_A0.55M5_S8009_HYBRID_inprocess,8009,8,0.9,1,1,SWEEP,0.55,5.0,,HYBRID,inprocess,6cef502f3745bf0264ce1b7cc46c4ef3101b2ac927fd2b81c709c57e3ef5f62c,1610d49cfcf1b04eda2fed4f4572282289a5b56e0b834037b3fed996fbc9bcbc,1.641,0,62,55,4,59,3,95.16129032258064,95.6043956043956,93.33333333333333,100.0,95.74468085106383,93.75,713,12.084745762711865,0,0,0,0,8,0,0,0,0,0,5.7177,3.9474,6379,1290570,224,56,25,0.6045772409408773,5,1.400917,0.11693200000000001,243,2.408,20.311,45.718,50,0.11,0.635,0,0,0,0,0,0,
K8_R0.90_T1_H1_A0.55M5_S8009_EDGE_MARKET_inprocess,8009,8,0.9,1,1,SWEEP,0.55,5.0,,EDGE_MARKET,inprocess,6cef502f3745bf0264ce1b7cc46c4ef3101b2ac927fd2b81c709c57e3ef5f62c,2b682193687213f7972e47e62b72f8a0b8722ccd1f58d9a8cf6bb84ba7a9d73a,0.228,0,62,51,3,54,8,87.09677419354838,89.01098901098901,93.33333333333333,75.0,85.1063829787234,90.625,764,14.148148148148149,0,0,0,0,7,0,0,0,0,0,5.6611,3.9879,4177,1154213,138,26,18,0.3235175473981444,3,0.021327,0.141838,50,0.044,0.177,2.297,369,0.45,2.79,0,8,0,0,0,0,
K8_R0.90_T1_H1_A0.55M5_S8009_HYBRID_EAGER_inprocess,8009,8,0.9,1,1,SWEEP,0.55,5.0,,HYBRID_EAGER,inprocess,6cef502f3745bf0264ce1b7cc46c4ef3101b2ac927fd2b81c709c57e3ef5f62c,bfe1d7f4d886a18da6aaaf8b44cd0af01393da52bf3a1b2a6e6d866c7cc51cfa,1.713,0,62,50,4,54,8,87.09677419354838,90.10989010989012,100.0,100.0,82.97872340425532,84.375,721,13.351851851851851,0,0,0,0,7,0,0,0,0,0,5.6698,3.9474,6632,1315455,234,38,26,0.6116720516962844,6,1.435248,0.135272,249,2.996,23.02,40.099999999999994,111,0.112,0.705,0,0,0,0,0,0,
K8_R0.90_T1_H1_A0.55M15_S8009_CENTRAL_inprocess,8009,8,0.9,1,1,SWEEP,0.55,15.0,,CENTRAL,inprocess,137b54302d29fd0fb244f05e8a8109706f2ea389d99002da3171d95b565b80ca,d0eaa06ab1d644dc88c480beff053fb9dead130ae1e3848db09a2c1727514451,0.884,0,62,52,2,54,8,87.09677419354838,90.10989010989012,100.0,100.0,82.97872340425532,84.375,747,13.833333333333334,0,0,0,0,7,0,0,0,0,0,5.683,3.989,5110,1172337,199,36,118,1.021014710297208,2,0.681551,0.11746399999999997,152,3.258,13.946,28.644,0,0.0,0.0,0,1,0,0,0,0,
K8_R0.90_T1_H1_A0.55M15_S8009_CENTRAL_FB_inprocess,8009,8,0.9,1,1,SWEEP,0.55,15.0,,CENTRAL_FB,inprocess,137b54302d29fd0fb244f05e8a8109706f2ea389d99002da3171d95b565b80ca,1fd47294ba4ff0ffe12f477d520f991990bcd7912e11fe60539b24d7e88c03c9,0.83,0,62,51,3,54,8,87.09677419354838,89.01098901098901,100.0,100.0,82.97872340425532,81.25,754,13.962962962962964,0,0,0,0,6,0,0,0,0,0,5.644,3.989,5080,1168765,204,40,118,1.1207890743550835,2,0.601725,0.112252,153,2.376,14.439,25.999000000000002,61,0.078,0.448,0,0,0,0,0,0,
K8_R0.90_T1_H1_A0.55M15_S8009_HYBRID_EAGER_inprocess,8009,8,0.9,1,1,SWEEP,0.55,15.0,,HYBRID_EAGER,inprocess,137b54302d29fd0fb244f05e8a8109706f2ea389d99002da3171d95b565b80ca,038e65024666f6d55ae0f9c05eaa44314764f8f76a49210fddba7119b6d9ed8e,0.676,0,62,52,3,55,7,88.70967741935483,91.20879120879121,100.0,100.0,85.1063829787234,87.5,741,13.472727272727273,0,0,0,0,7,0,0,0,0,0,5.6528,3.989,4802,1145889,159,35,118,0.9937438261442213,2,0.501189,0.096889,130,2.128,15.767,24.524,83,0.094,2.656,0,0,0,0,0,0,
K8_R0.90_T1_H1_A0.55M15_S8009_HYBRID_inprocess,8009,8,0.9,1,1,SWEEP,0.55,15.0,,HYBRID,inprocess,137b54302d29fd0fb244f05e8a8109706f2ea389d99002da3171d95b565b80ca,08f878fa2abbdb001d8541df4a0e2d882e3d27adb3196f72ab99921dbbb6da34,0.819,0,62,51,3,54,8,87.09677419354838,89.01098901098901,100.0,100.0,82.97872340425532,81.25,754,13.962962962962964,0,0,0,0,6,0,0,0,0,0,5.644,3.989,5080,1168765,204,40,118,1.1207890743550835,2,0.622151,0.10943499999999999,153,2.4520000000000004,14.981,25.419,61,0.101,0.406,0,0,0,0,0,0,
K8_R0.90_T1_H1_A0.55M15_S8009_EDGE_MARKET_inprocess,8009,8,0.9,1,1,SWEEP,0.55,15.0,,EDGE_MARKET,inprocess,137b54302d29fd0fb244f05e8a8109706f2ea389d99002da3171d95b565b80ca,973110ab796da28a37aadf6ac51e867638f604e6aa629ad5ee8d3a8627b937ab,0.214,0,62,46,4,50,12,80.64516129032258,82.41758241758242,80.0,75.0,80.85106382978724,75.0,653,13.06,0,0,0,0,2,0,0,0,0,0,5.6364,3.989,4202,1116008,139,21,59,0.5496907216494845,4,0.019538,0.132947,67,0.036000000000000004,0.121,0.232,397,0.402,2.534,0,19,0,0,0,0,
K8_R0.90_T1_H1_A0.55M30_S8009_CENTRAL_inprocess,8009,8,0.9,1,1,SWEEP,0.55,30.0,,CENTRAL,inprocess,5815237fecf60ae5c0ef60a040401246c0874cd20c957f4c0cc5fe6a0d5656b9,6621bdce4c4fc0c80a08a18def2fc36604a2348dcb436d9afad7d41afb201d73,0.636,0,62,51,4,55,7,88.70967741935483,92.3076923076923,100.0,100.0,85.1063829787234,84.375,722,13.127272727272727,0,0,0,0,5,0,0,0,0,0,5.6289,3.989,4633,1145455,181,38,194,1.131560773480663,6,0.464512,0.09406700000000001,107,2.448,15.493,20.988,0,0.0,0.0,0,1,0,0,0,0,
K8_R0.90_T1_H1_A0.55M30_S8009_CENTRAL_FB_inprocess,8009,8,0.9,1,1,SWEEP,0.55,30.0,,CENTRAL_FB,inprocess,5815237fecf60ae5c0ef60a040401246c0874cd20c957f4c0cc5fe6a0d5656b9,bfe0fa9a96957dc86173ee0a3388a4c4a0a19cdcdc4afd45e0c03919d57db09a,0.634,0,62,51,4,55,7,88.70967741935483,92.3076923076923,100.0,100.0,85.1063829787234,84.375,713,12.963636363636363,0,0,0,0,4,0,0,0,0,0,5.6433,3.989,4673,1149979,157,35,194,1.018989487962021,6,0.463806,0.09644499999999999,113,2.2079999999999997,13.610000000000001,29.909000000000002,66,0.40299999999999997,3.371,0,0,0,0,0,0,
K8_R0.90_T1_H1_A0.55M30_S8009_HYBRID_EAGER_inprocess,8009,8,0.9,1,1,SWEEP,0.55,30.0,,HYBRID_EAGER,inprocess,5815237fecf60ae5c0ef60a040401246c0874cd20c957f4c0cc5fe6a0d5656b9,f8c69a7cdc8d14410078ee9ee1bd5939aaab5bc5d23ac67e81e98098131cbe9a,0.528,0,62,54,4,58,4,93.54838709677419,93.4065934065934,86.66666666666667,100.0,95.74468085106383,90.625,727,12.53448275862069,20,20,0,0,5,0,0,0,0,0,5.6507,3.989,4700,1153430,160,28,194,1.1075991930060525,6,0.367197,0.093034,107,2.2030000000000003,11.407,15.142,77,0.37,2.456,0,1,0,0,0,0,
K8_R0.90_T1_H1_A0.55M30_S8009_HYBRID_inprocess,8009,8,0.9,1,1,SWEEP,0.55,30.0,,HYBRID,inprocess,5815237fecf60ae5c0ef60a040401246c0874cd20c957f4c0cc5fe6a0d5656b9,4fc1f28f3956cf707ce5ebecfaed8b4404c88a6c80ea629a9e5e84409d0f0291,0.619,0,62,51,4,55,7,88.70967741935483,92.3076923076923,100.0,100.0,85.1063829787234,84.375,713,12.963636363636363,0,0,0,0,4,0,0,0,0,0,5.6433,3.989,4673,1149979,157,35,194,1.018989487962021,6,0.452307,0.10128700000000002,113,2.626,12.901,19.339,66,0.455,2.73,0,0,0,0,0,0,
K8_R0.90_T1_H1_A0.55M30_S8009_EDGE_MARKET_inprocess,8009,8,0.9,1,1,SWEEP,0.55,30.0,,EDGE_MARKET,inprocess,5815237fecf60ae5c0ef60a040401246c0874cd20c957f4c0cc5fe6a0d5656b9,26a3152fa36ae103a45c64bc44fb36e60804dd6a0664e012037fe5edfe098d49,0.181,0,62,50,4,54,8,87.09677419354838,89.01098901098901,86.66666666666667,100.0,87.23404255319149,87.5,713,13.203703703703704,0,0,0,0,4,0,0,0,0,0,5.6621,3.989,4164,1125363,129,20,186,1.094788674599918,5,0.01692,0.113989,76,0.034,0.06899999999999999,0.095,371,0.393,2.541,0,14,0,0,0,0,
K8_R0.90_T1_H1_A0.95M5_S8010_CENTRAL_inprocess,8010,8,0.9,1,1,SWEEP,0.95,5.0,,CENTRAL,inprocess,57406f6109b11dd652d53b9e5a5a71eeb92b94593f0f823dc862124d11f443d6,e87a4f3bfd5dc2cd6dafaeac190c30124d4b197ec7a98832230e3df2db295a0d,1.566,0,62,54,0,54,8,87.09677419354838,91.39784946236558,100.0,100.0,83.6734693877551,83.87096774193549,742,13.74074074074074,0,0,0,0,7,0,0,0,0,0,5.671,3.8528,5620,1266403,289,51,18,0.07086914995224451,0,1.381272,0.09829800000000001,120,9.083,26.362,34.268,0,0.0,0.0,0,0,0,0,0,0,
K8_R0.90_T1_H1_A0.95M5_S8010_CENTRAL_FB_inprocess,8010,8,0.9,1,1,SWEEP,0.95,5.0,,CENTRAL_FB,inprocess,57406f6109b11dd652d53b9e5a5a71eeb92b94593f0f823dc862124d11f443d6,75624992c3283a66e95f3eac48ec1bebbdd9fcfb7720dbc15191b0939ff57be8,1.676,0,62,54,0,54,8,87.09677419354838,91.39784946236558,100.0,100.0,83.6734693877551,83.87096774193549,742,13.74074074074074,0,0,0,0,7,0,0,0,0,0,5.671,3.8528,5620,1266367,289,51,18,0.07086914995224451,0,1.463191,0.10868699999999999,120,9.906,28.679,37.112,8,0.40700000000000003,0.40700000000000003,0,0,0,0,0,0,
K8_R0.90_T1_H1_A0.95M5_S8010_HYBRID_inprocess,8010,8,0.9,1,1,SWEEP,0.95,5.0,,HYBRID,inprocess,57406f6109b11dd652d53b9e5a5a71eeb92b94593f0f823dc862124d11f443d6,abbe33d203376c3dafe5cfc8d58c7531571d7f9fbc4e22f33ee93463c004cbdb,1.746,0,62,54,0,54,8,87.09677419354838,91.39784946236558,100.0,100.0,83.6734693877551,83.87096774193549,742,13.74074074074074,0,0,0,0,7,0,0,0,0,0,5.671,3.8528,5620,1266367,289,51,18,0.07086914995224451,0,1.529483,0.112149,120,8.855,30.204,51.217,8,0.38499999999999995,0.38499999999999995,0,0,0,0,0,0,
K8_R0.90_T1_H1_A0.95M5_S8010_EDGE_MARKET_inprocess,8010,8,0.9,1,1,SWEEP,0.95,5.0,,EDGE_MARKET,inprocess,57406f6109b11dd652d53b9e5a5a71eeb92b94593f0f823dc862124d11f443d6,b74451aedaf6d0da2fd8a7a98d4846f60e675b1526a7e4f049d8f2ea9b523024,0.312,0,62,53,0,53,9,85.48387096774194,88.17204301075269,92.3076923076923,75.0,83.6734693877551,83.87096774193549,735,13.867924528301886,0,0,0,0,6,0,0,0,0,0,5.6628,3.8528,4503,1231107,224,37,10,0.046460715154463636,3,0.035331,0.201831,83,0.068,0.308,0.311,681,0.514,3.115,0,18,0,0,0,0,
K8_R0.90_T1_H1_A0.95M5_S8010_HYBRID_EAGER_inprocess,8010,8,0.9,1,1,SWEEP,0.95,5.0,,HYBRID_EAGER,inprocess,57406f6109b11dd652d53b9e5a5a71eeb92b94593f0f823dc862124d11f443d6,02ac544ac5434636201ab36b06bd37153874aaec7fccd3936041d82a69274806,1.815,0,62,50,0,50,12,80.64516129032258,84.94623655913979,100.0,100.0,75.51020408163265,87.09677419354838,733,14.66,0,0,0,0,7,0,0,0,0,0,5.671,3.8528,5450,1256687,261,44,17,0.09568812758417011,1,1.546309,0.143095,115,11.328,29.877999999999997,49.666000000000004,23,0.389,0.664,0,0,0,0,0,0,
K8_R0.90_T1_H1_A0.95M15_S8010_CENTRAL_inprocess,8010,8,0.9,1,1,SWEEP,0.95,15.0,,CENTRAL,inprocess,9e15cb5d24e9df3c8fababc99157bd4ea19d70bc44007dfdae59631b6c463996,23723795dea2c6ae9ebb39e777ccb28d0d189309b31e8f0fef778a069492e28b,2.172,0,62,52,0,52,10,83.87096774193549,87.09677419354838,84.61538461538461,100.0,83.6734693877551,90.3225806451613,770,14.807692307692308,0,0,0,0,8,0,0,0,0,0,5.6421,3.8528,5961,1286577,284,69,57,0.0914526908195568,1,1.957922,0.10437600000000001,128,13.5,31.743000000000002,38.747,0,0.0,0.0,0,1,0,0,0,0,
K8_R0.90_T1_H1_A0.95M15_S8010_CENTRAL_FB_inprocess,8010,8,0.9,1,1,SWEEP,0.95,15.0,,CENTRAL_FB,inprocess,9e15cb5d24e9df3c8fababc99157bd4ea19d70bc44007dfdae59631b6c463996,f107ea8cc93613e61ca6092e6ae50b332ab1bf264aa823a6f33c56fbbd38f4e6,2.127,0,62,51,0,51,11,82.25806451612904,86.02150537634408,100.0,100.0,77.55102040816327,90.3225806451613,711,13.941176470588236,0,0,0,0,6,0,0,0,0,0,5.6517,3.8528,6099,1279312,291,54,57,0.08970613507475511,0,1.882451,0.10810599999999998,141,11.729,28.087999999999997,33.296,3,0.077,0.077,0,0,0,0,0,0,
K8_R0.90_T1_H1_A0.95M15_S8010_HYBRID_inprocess,8010,8,0.9,1,1,SWEEP,0.95,15.0,,HYBRID,inprocess,9e15cb5d24e9df3c8fababc99157bd4ea19d70bc44007dfdae59631b6c463996,d704551eb28654f8b21ea920977f46476718b9027e35c4a0ec6285b1b1a70fbb,2.082,0,62,51,0,51,11,82.25806451612904,86.02150537634408,100.0,100.0,77.55102040816327,90.3225806451613,711,13.941176470588236,0,0,0,0,6,0,0,0,0,0,5.6517,3.8528,6099,1279312,291,54,57,0.08970613507475511,0,1.896859,0.101282,141,11.797,28.077,34.345,3,0.076,0.076,0,0,0,0,0,0,
K8_R0.90_T1_H1_A0.95M15_S8010_HYBRID_EAGER_inprocess,8010,8,0.9,1,1,SWEEP,0.95,15.0,,HYBRID_EAGER,inprocess,9e15cb5d24e9df3c8fababc99157bd4ea19d70bc44007dfdae59631b6c463996,f1d31f7d15d730ad426d1309e642910d9c3cd386ceaf1d33aa96b501ad580d44,2.296,0,62,51,0,51,11,82.25806451612904,86.02150537634408,100.0,100.0,77.55102040816327,90.3225806451613,711,13.941176470588236,0,0,0,0,6,0,0,0,0,0,5.6517,3.8528,6099,1279228,291,54,57,0.08970613507475511,0,2.047793,0.11304499999999999,141,12.132,32.211999999999996,39.459,11,0.359,0.359,0,0,0,0,0,0,
K8_R0.90_T1_H1_A0.95M15_S8010_EDGE_MARKET_inprocess,8010,8,0.9,1,1,SWEEP,0.95,15.0,,EDGE_MARKET,inprocess,9e15cb5d24e9df3c8fababc99157bd4ea19d70bc44007dfdae59631b6c463996,b9c8e8392e729ad82618db65c4a7ea75a3b6b2ce38c09fc540606bdde1b551c3,0.244,0,62,51,0,51,11,82.25806451612904,83.87096774193549,84.61538461538461,50.0,81.63265306122449,83.87096774193549,694,13.607843137254902,0,0,0,0,6,0,0,0,0,0,5.6628,3.8528,4545,1244074,209,39,57,0.05223529411764706,0,0.026735,0.16258499999999998,88,0.057,0.157,0.245,713,0.402,2.577,0,26,0,0,0,0,
K8_R0.90_T1_H1_A0.95M30_S8010_CENTRAL_FB_inprocess,8010,8,0.9,1,1,SWEEP,0.95,30.0,,CENTRAL_FB,inprocess,1bfc5e72e19483bd7ceb9665c29a0d6209a937828547688e4b0a922578191dd6,f98984a08041bc36252fbcfaf3588bd6d4b9c85ff4b4d5e49de736e5b00be8dd,1.605,0,62,52,0,52,10,83.87096774193549,88.17204301075269,100.0,100.0,79.59183673469387,83.87096774193549,733,14.096153846153847,0,0,0,0,7,0,0,0,0,0,5.6699,3.8528,5936,1280074,304,52,90,0.12343694176491604,1,1.428423,0.09232400000000002,133,9.235999999999999,24.266,35.752,4,0.472,0.472,0,0,0,0,0,0,
K8_R0.90_T1_H1_A0.95M30_S8010_CENTRAL_inprocess,8010,8,0.9,1,1,SWEEP,0.95,30.0,,CENTRAL,inprocess,1bfc5e72e19483bd7ceb9665c29a0d6209a937828547688e4b0a922578191dd6,3f79872d0b30ac2b5c4fa17d10d51a91b1be88cd1b958e796acbe0626f869431,1.805,0,62,52,0,52,10,83.87096774193549,88.17204301075269,100.0,100.0,79.59183673469387,83.87096774193549,733,14.096153846153847,0,0,0,0,7,0,0,0,0,0,5.6699,3.8528,5936,1280074,304,52,90,0.12343694176491604,1,1.602469,0.106982,133,12.115,26.52,40.27,0,0.0,0.0,0,0,0,0,0,0,
K8_R0.90_T1_H1_A0.95M30_S8010_HYBRID_EAGER_inprocess,8010,8,0.9,1,1,SWEEP,0.95,30.0,,HYBRID_EAGER,inprocess,1bfc5e72e19483bd7ceb9665c29a0d6209a937828547688e4b0a922578191dd6,336c44544e742d335ed2384f3c910434a90c4c04e20a4a9e15dbb999e247782f,1.663,0,62,53,0,53,9,85.48387096774194,90.3225806451613,100.0,100.0,81.63265306122449,83.87096774193549,732,13.81132075471698,0,0,0,0,6,1,1,0,11,8,8.8675,3.8528,5639,1263224,260,43,90,0.11997746901990236,0,1.460773,0.109308,118,10.641,25.513,37.419000000000004,17,0.477,2.276,0,0,0,0,0,0,
K8_R0.90_T1_H1_A0.95M30_S8010_HYBRID_inprocess,8010,8,0.9,1,1,SWEEP,0.95,30.0,,HYBRID,inprocess,1bfc5e72e19483bd7ceb9665c29a0d6209a937828547688e4b0a922578191dd6,ea3c46ed148d8035e963e2554fa7fece5a58a99797380c16fca6074daead9419,1.916,0,62,52,0,52,10,83.87096774193549,88.17204301075269,100.0,100.0,79.59183673469387,83.87096774193549,733,14.096153846153847,0,0,0,0,7,0,0,0,0,0,5.6699,3.8528,5936,1280074,304,52,90,0.12343694176491604,1,1.697574,0.10906099999999999,133,10.651000000000002,29.872,35.17,4,0.495,0.495,0,0,0,0,0,0,
K8_R0.90_T1_H1_A0.95M30_S8010_EDGE_MARKET_inprocess,8010,8,0.9,1,1,SWEEP,0.95,30.0,,EDGE_MARKET,inprocess,1bfc5e72e19483bd7ceb9665c29a0d6209a937828547688e4b0a922578191dd6,ec75ebb882d19bf61c69f838521a37ba3778dff1d8fd9e736c34d65feb0b563a,0.275,0,62,51,0,51,11,82.25806451612904,83.87096774193549,76.92307692307692,100.0,83.6734693877551,80.64516129032258,672,13.176470588235293,0,0,0,0,5,0,0,0,0,0,5.66,3.8528,4597,1236030,229,40,88,0.11531235321747299,1,0.028876,0.184013,94,0.058,0.177,0.266,768,0.423,2.441,0,28,0,0,0,0,
K8_R0.90_T1_H1_A0.85M5_S8010_CENTRAL_inprocess,8010,8,0.9,1,1,SWEEP,0.85,5.0,,CENTRAL,inprocess,6c56d6af77b2381de54741f43dc7eea79b7d73ebfda0c01d471a912739881191,236b690975c4fde99850e9d365a7bff6d32431f144ee88f93bec6e0191b22313,1.911,0,62,52,0,52,10,83.87096774193549,89.24731182795699,100.0,100.0,79.59183673469387,87.09677419354838,740,14.23076923076923,0,0,0,0,7,0,0,0,0,0,5.6383,3.8528,6177,1315693,305,46,21,0.22031421264157838,2,1.696271,0.11411600000000001,164,9.514999999999999,25.822000000000003,29.772,0,0.0,0.0,0,0,0,0,0,0,
K8_R0.90_T1_H1_A0.85M5_S8010_CENTRAL_FB_inprocess,8010,8,0.9,1,1,SWEEP,0.85,5.0,,CENTRAL_FB,inprocess,6c56d6af77b2381de54741f43dc7eea79b7d73ebfda0c01d471a912739881191,c9cde9899474ce2174a45c1f98d9e973920a3b883a79e12da31ed1f512115757,1.854,0,62,52,0,52,10,83.87096774193549,88.17204301075269,100.0,100.0,79.59183673469387,83.87096774193549,766,14.73076923076923,0,0,0,0,7,0,0,0,0,0,5.6383,3.8528,6216,1338625,277,47,21,0.229673697494141,1,1.649517,0.115071,169,8.319999999999999,23.108,30.659,14,0.04,0.048,0,1,0,0,0,0,
K8_R0.90_T1_H1_A0.85M5_S8010_HYBRID_inprocess,8010,8,0.9,1,1,SWEEP,0.85,5.0,,HYBRID,inprocess,6c56d6af77b2381de54741f43dc7eea79b7d73ebfda0c01d471a912739881191,b6b01bee099a04ba30f1ea66aee2122daddf3709f6bf51bc66f87ddedd029f4c,2.119,0,62,52,0,52,10,83.87096774193549,88.17204301075269,100.0,100.0,79.59183673469387,83.87096774193549,766,14.73076923076923,0,0,0,0,7,0,0,0,0,0,5.6383,3.8528,6216,1338625,277,47,21,0.229673697494141,1,1.866513,0.117212,169,9.203,27.671999999999997,38.839,14,0.034999999999999996,0.059,0,1,0,0,0,0,
K8_R0.90_T1_H1_A0.85M5_S8010_HYBRID_EAGER_inprocess,8010,8,0.9,1,1,SWEEP,0.85,5.0,,HYBRID_EAGER,inprocess,6c56d6af77b2381de54741f43dc7eea79b7d73ebfda0c01d471a912739881191,00742bfcd3094148c67c1ba7328c7e69a61e072502aa3da4fa3557b36e6d175e,2.22,0,62,50,0,50,12,80.64516129032258,86.02150537634408,100.0,100.0,75.51020408163265,77.41935483870968,743,14.86,0,0,0,0,6,0,0,0,0,0,5.7027,3.8528,6204,1302347,301,49,20,0.18053033054849255,1,1.986184,0.12548399999999998,171,10.040000000000001,25.673000000000002,39.146,39,0.10900000000000001,0.5569999999999999,0,1,0,0,0,0,
K8_R0.90_T1_H1_A0.85M5_S8010_EDGE_MARKET_inprocess,8010,8,0.9,1,1,SWEEP,0.85,5.0,,EDGE_MARKET,inprocess,6c56d6af77b2381de54741f43dc7eea79b7d73ebfda0c01d471a912739881191,85367b0cf968849ccdf90ad721791450707eeb96c21bd696985d4e3ee6e7e8d5,0.239,0,62,54,0,54,8,87.09677419354838,88.17204301075269,92.3076923076923,75.0,85.71428571428571,90.3225806451613,737,13.648148148148149,0,0,0,0,6,0,0,0,0,0,5.6628,3.8528,4381,1207654,194,27,20,0.12469437652811736,1,0.025288,0.15750999999999998,100,0.054,0.083,0.12300000000000001,558,0.448,2.8080000000000003,0,18,0,0,0,0,
K8_R0.90_T1_H1_A0.85M15_S8010_CENTRAL_inprocess,8010,8,0.9,1,1,SWEEP,0.85,15.0,,CENTRAL,inprocess,3fda70fd276efdc848f34a3c7b5185e41b8590637658264fa0e23ce99aa74820,9df04cbea84b27d7f57b81b81a691e5651eff6c1ecab7da6c34740c1c7987cd2,1.355,0,62,51,0,51,11,82.25806451612904,86.02150537634408,92.3076923076923,100.0,79.59183673469387,80.64516129032258,606,11.882352941176471,0,0,0,0,5,0,0,0,0,0,5.6391,3.8528,5500,1251706,250,39,59,0.368165505594258,2,1.166967,0.10146000000000001,124,9.218,20.884,40.57899999999999,0,0.0,0.0,0,0,0,0,0,0,
K8_R0.90_T1_H1_A0.85M15_S8010_CENTRAL_FB_inprocess,8010,8,0.9,1,1,SWEEP,0.85,15.0,,CENTRAL_FB,inprocess,3fda70fd276efdc848f34a3c7b5185e41b8590637658264fa0e23ce99aa74820,899e79e9af5cbe4e0fc6d4177bfb02d6de1e4569900e9fb2311b3046f7ae22e4,1.462,0,62,51,0,51,11,82.25806451612904,86.02150537634408,92.3076923076923,100.0,79.59183673469387,80.64516129032258,606,11.882352941176471,0,0,0,0,5,0,0,0,0,0,5.6391,3.8528,5500,1251505,250,39,59,0.368165505594258,2,1.245527,0.11305199999999999,124,9.516,24.579,36.544,26,0.48700000000000004,0.516,0,0,0,0,0,0,
K8_R0.90_T1_H1_A0.85M15_S8010_HYBRID_inprocess,8010,8,0.9,1,1,SWEEP,0.85,15.0,,HYBRID,inprocess,3fda70fd276efdc848f34a3c7b5185e41b8590637658264fa0e23ce99aa74820,66d33f44dc85485d9e519ea4438f84d1aafbb748456e1b3522ee91facf662a62,1.391,0,62,51,0,51,11,82.25806451612904,86.02150537634408,92.3076923076923,100.0,79.59183673469387,80.64516129032258,606,11.882352941176471,0,0,0,0,5,0,0,0,0,0,5.6391,3.8528,5500,1251505,250,39,59,0.368165505594258,2,1.192145,0.106101,124,9.071,21.158,35.582,26,0.507,3.353,0,0,0,0,0,0,
K8_R0.90_T1_H1_A0.85M15_S8010_HYBRID_EAGER_inprocess,8010,8,0.9,1,1,SWEEP,0.85,15.0,,HYBRID_EAGER,inprocess,3fda70fd276efdc848f34a3c7b5185e41b8590637658264fa0e23ce99aa74820,ea5f2a6d2a819da01884bb15d8510c921a6d6b19b1d913f651b14412bedc6512,1.38,0,62,51,0,51,11,82.25806451612904,86.02150537634408,92.3076923076923,100.0,79.59183673469387,80.64516129032258,606,11.882352941176471,0,0,0,0,5,0,0,0,0,0,5.6391,3.8528,5500,1251226,250,39,59,0.368165505594258,2,1.168668,0.110401,124,8.961,23.144000000000002,31.058,32,0.107,0.399,0,0,0,0,0,0,
K8_R0.90_T1_H1_A0.85M15_S8010_EDGE_MARKET_inprocess,8010,8,0.9,1,1,SWEEP,0.85,15.0,,EDGE_MARKET,inprocess,3fda70fd276efdc848f34a3c7b5185e41b8590637658264fa0e23ce99aa74820,32c607d6fcf3cc8b1db7427d7f22251e521139e4a077670453875858ad78d9de,0.244,0,62,52,0,52,10,83.87096774193549,84.94623655913979,84.61538461538461,75.0,83.6734693877551,90.3225806451613,650,12.5,0,0,0,0,6,0,0,0,0,0,5.6628,3.8528,4428,1205485,183,32,59,0.298134942402633,1,0.025517,0.16125099999999998,92,0.051,0.12000000000000001,0.15100000000000002,627,0.425,2.698,0,18,0,0,0,0,
K8_R0.90_T1_H1_A0.85M30_S8010_CENTRAL_inprocess,8010,8,0.9,1,1,SWEEP,0.85,30.0,,CENTRAL,inprocess,1e14ac49698bcdc06d0c25c455a6d8712f614ed3d22b2a39cb4f7d28899732e7,55ce9d17419961e96beac36e2ce8fed4465da0063d4a08c419eefcb861ee53a8,1.678,0,62,48,0,48,14,77.41935483870968,79.56989247311827,92.3076923076923,75.0,73.46938775510205,74.19354838709677,644,13.416666666666666,0,0,0,0,5,0,0,0,0,0,5.6603,3.8528,5496,1232015,254,43,116,0.3479876160990712,2,1.478768,0.10510800000000001,118,11.562,25.132,39.614000000000004,0,0.0,0.0,0,0,0,0,0,0,
K8_R0.90_T1_H1_A0.85M30_S8010_CENTRAL_FB_inprocess,8010,8,0.9,1,1,SWEEP,0.85,30.0,,CENTRAL_FB,inprocess,1e14ac49698bcdc06d0c25c455a6d8712f614ed3d22b2a39cb4f7d28899732e7,6b78589eb48e6caf955e62ad43ecda3151f888e9ef1a2eb82e0278fa6f8a52ae,1.652,0,62,48,0,48,14,77.41935483870968,79.56989247311827,92.3076923076923,75.0,73.46938775510205,74.19354838709677,633,13.1875,0,0,0,0,4,0,0,0,0,0,5.6603,3.8528,5496,1231869,259,41,116,0.34936029715229056,2,1.435686,0.10286300000000001,118,11.286,24.029999999999998,34.592,16,0.041999999999999996,0.107,0,0,0,0,0,0,
K8_R0.90_T1_H1_A0.85M30_S8010_HYBRID_EAGER_inprocess,8010,8,0.9,1,1,SWEEP,0.85,30.0,,HYBRID_EAGER,inprocess,1e14ac49698bcdc06d0c25c455a6d8712f614ed3d22b2a39cb4f7d28899732e7,5837583781711de7c0c82a320da87249c71566fcfea7c51c4f1b83dc87cdf43d,1.538,0,62,48,0,48,14,77.41935483870968,79.56989247311827,92.3076923076923,75.0,73.46938775510205,74.19354838709677,633,13.1875,0,0,0,0,4,0,0,0,0,0,5.6603,3.8528,5496,1231782,259,41,116,0.34936029715229056,2,1.351265,0.10198900000000001,118,11.916,20.52,28.227,20,0.09899999999999999,0.103,0,0,0,0,0,0,
K8_R0.90_T1_H1_A0.85M30_S8010_HYBRID_inprocess,8010,8,0.9,1,1,SWEEP,0.85,30.0,,HYBRID,inprocess,1e14ac49698bcdc06d0c25c455a6d8712f614ed3d22b2a39cb4f7d28899732e7,5a3ed0cfc2deb8b008e32758655ef4cc218572ffb9b60542e95bc09a6ac02e71,1.803,0,62,48,0,48,14,77.41935483870968,79.56989247311827,92.3076923076923,75.0,73.46938775510205,74.19354838709677,633,13.1875,0,0,0,0,4,0,0,0,0,0,5.6603,3.8528,5496,1231869,259,41,116,0.34936029715229056,2,1.59284,0.11255000000000001,118,12.61,25.571,33.88,16,0.048,0.135,0,0,0,0,0,0,
K8_R0.90_T1_H1_A0.85M30_S8010_EDGE_MARKET_inprocess,8010,8,0.9,1,1,SWEEP,0.85,30.0,,EDGE_MARKET,inprocess,1e14ac49698bcdc06d0c25c455a6d8712f614ed3d22b2a39cb4f7d28899732e7,7c9298660e88b9bcdf86820b0b3eed17a3d18b6a32f1ff89768010278a7b0fce,0.275,0,62,50,0,50,12,80.64516129032258,81.72043010752688,84.61538461538461,100.0,79.59183673469387,77.41935483870968,637,12.74,0,0,0,0,4,0,0,0,0,0,5.66,3.8528,4484,1193108,194,33,116,0.4375326711970727,1,0.029932,0.18003000000000002,99,0.052,0.14400000000000002,0.9470000000000001,680,0.432,2.4979999999999998,0,24,0,0,0,0,
K8_R0.90_T1_H1_A0.75M5_S8010_CENTRAL_inprocess,8010,8,0.9,1,1,SWEEP,0.75,5.0,,CENTRAL,inprocess,1baba4a21449457b4fd00b288530ad19cbd97f0713d07f975c606904d6a657e8,5e15d0d01156398e742612bcc1744483c2728911a3f3a996ecf3f608c11946cc,2.12,0,62,50,0,50,12,80.64516129032258,84.94623655913979,92.3076923076923,100.0,77.55102040816327,83.87096774193549,803,16.06,0,0,0,0,8,0,0,0,0,0,5.6406,3.8528,6411,1311084,266,48,22,0.35888763622698233,4,1.897482,0.10540099999999998,206,6.039,27.346,56.933,0,0.0,0.0,0,1,0,0,0,0,
K8_R0.90_T1_H1_A0.75M5_S8010_CENTRAL_FB_inprocess,8010,8,0.9,1,1,SWEEP,0.75,5.0,,CENTRAL_FB,inprocess,1baba4a21449457b4fd00b288530ad19cbd97f0713d07f975c606904d6a657e8,212a65cf9b158c2d387491fae4021feb26e9355f76df5b892d71c7b6878ce183,2.103,0,62,51,0,51,11,82.25806451612904,84.94623655913979,84.61538461538461,75.0,81.63265306122449,83.87096774193549,793,15.549019607843137,0,0,0,0,8,0,0,0,0,0,5.6439,3.8528,6420,1307943,245,56,23,0.36382303528094084,6,1.850787,0.109144,205,6.353,30.96,38.537,20,0.026,0.06899999999999999,0,0,0,0,0,0,
K8_R0.90_T1_H1_A0.75M5_S8010_HYBRID_EAGER_inprocess,8010,8,0.9,1,1,SWEEP,0.75,5.0,,HYBRID_EAGER,inprocess,1baba4a21449457b4fd00b288530ad19cbd97f0713d07f975c606904d6a657e8,d71f19220024ed228125afd93eb033a050e0198c9f7b17dd2d110c8596aacc6e,1.848,0,62,52,0,52,10,83.87096774193549,87.09677419354838,100.0,100.0,79.59183673469387,80.64516129032258,766,14.73076923076923,0,0,0,0,7,0,0,0,0,0,5.6521,3.8528,6220,1311343,264,55,21,0.37055738978442415,6,1.627433,0.11604599999999998,205,5.7780000000000005,23.43,37.873,67,0.38,2.408,0,0,0,0,0,0,
K8_R0.90_T1_H1_A0.75M5_S8010_HYBRID_inprocess,8010,8,0.9,1,1,SWEEP,0.75,5.0,,HYBRID,inprocess,1baba4a21449457b4fd00b288530ad19cbd97f0713d07f975c606904d6a657e8,63d0c2e028f988f3f842bf0122c1ecd46d62524cbfc447894f4f3df795cb6563,2.09,0,62,51,0,51,11,82.25806451612904,84.94623655913979,84.61538461538461,75.0,81.63265306122449,83.87096774193549,793,15.549019607843137,0,0,0,0,8,0,0,0,0,0,5.6439,3.8528,6420,1307943,245,56,23,0.36382303528094084,6,1.873374,0.108164,205,6.208,27.781,39.631,20,0.029,0.034,0,0,0,0,0,0,
K8_R0.90_T1_H1_A0.75M5_S8010_EDGE_MARKET_inprocess,8010,8,0.9,1,1,SWEEP,0.75,5.0,,EDGE_MARKET,inprocess,1baba4a21449457b4fd00b288530ad19cbd97f0713d07f975c606904d6a657e8,eab627416730fcbd85f2085191ab6515ba711ff136421f067375d2ba407e8a99,0.336,0,62,52,0,52,10,83.87096774193549,89.24731182795699,100.0,100.0,79.59183673469387,87.09677419354838,784,15.076923076923077,0,0,0,0,8,0,0,0,0,0,5.6628,3.8528,4458,1221771,171,40,20,0.21377672209026127,3,0.030948,0.224785,126,0.058,0.11699999999999999,0.171,645,0.5680000000000001,5.056,0,18,0,0,0,0,
K8_R0.90_T1_H1_A0.75M15_S8010_CENTRAL_inprocess,8010,8,0.9,1,1,SWEEP,0.75,15.0,,CENTRAL,inprocess,f1123dd43a892c6a1ce713416151b1d24596178a6efa883d07bc7aa3d6f54f44,08480ef2da176d5b454e40022ffa822d9623e25c9304cf531ede19ae5ec4f950,1.429,0,62,52,0,52,10,83.87096774193549,89.24731182795699,100.0,100.0,79.59183673469387,80.64516129032258,639,12.288461538461538,0,0,0,0,6,0,0,0,0,0,5.6632,3.8528,5191,1209702,192,44,59,0.48872727272727273,3,1.246596,0.102191,133,9.035,20.145,29.347,0,0.0,0.0,0,0,0,0,0,0,
K8_R0.90_T1_H1_A0.75M15_S8010_CENTRAL_FB_inprocess,8010,8,0.9,1,1,SWEEP,0.75,15.0,,CENTRAL_FB,inprocess,f1123dd43a892c6a1ce713416151b1d24596178a6efa883d07bc7aa3d6f54f44,5cb584ed22ef99d32bde4f6a43353ebc804c7ba1f6c2a10560573ba8192a234c,1.589,0,62,50,0,50,12,80.64516129032258,86.02150537634408,92.3076923076923,100.0,77.55102040816327,90.3225806451613,646,12.92,0,0,0,0,5,0,0,0,0,0,5.6627,3.8528,5304,1199063,221,43,59,0.4749290444654683,3,1.351913,0.107214,139,9.187000000000001,22.34,36.502,37,0.171,0.569,0,0,0,0,0,0,
K8_R0.90_T1_H1_A0.75M15_S8010_HYBRID_inprocess,8010,8,0.9,1,1,SWEEP,0.75,15.0,,HYBRID,inprocess,f1123dd43a892c6a1ce713416151b1d24596178a6efa883d07bc7aa3d6f54f44,9aa264d2461347f8600ba1374fb273a998f498344c5303d8d54a3ca122cff3ac,1.517,0,62,50,0,50,12,80.64516129032258,86.02150537634408,92.3076923076923,100.0,77.55102040816327,90.3225806451613,646,12.92,0,0,0,0,5,0,0,0,0,0,5.6627,3.8528,5304,1199063,221,43,59,0.4749290444654683,3,1.308765,0.11432999999999999,139,8.033,23.459,32.627,37,0.133,0.5569999999999999,0,0,0,0,0,0,
K8_R0.90_T1_H1_A0.75M15_S8010_EDGE_MARKET_inprocess,8010,8,0.9,1,1,SWEEP,0.75,15.0,,EDGE_MARKET,inprocess,f1123dd43a892c6a1ce713416151b1d24596178a6efa883d07bc7aa3d6f54f44,d8dba69a54f385fe4d14133a346dc0f2533e0f4be358560ca1cb96236a0598f2,0.317,0,62,51,0,51,11,82.25806451612904,87.09677419354838,100.0,100.0,77.55102040816327,90.3225806451613,661,12.96078431372549,0,0,0,0,5,0,0,0,0,0,5.6628,3.8528,4483,1209456,203,29,59,0.42950236966824645,2,0.030499,0.203741,112,0.058,0.13799999999999998,0.207,683,0.531,5.754,0,21,0,0,0,0,
K8_R0.90_T1_H1_A0.75M15_S8010_HYBRID_EAGER_inprocess,8010,8,0.9,1,1,SWEEP,0.75,15.0,,HYBRID_EAGER,inprocess,f1123dd43a892c6a1ce713416151b1d24596178a6efa883d07bc7aa3d6f54f44,a4d592b366d120538f6361fc4f524d701e8c121ffe184c5f8a090bceab57d5ef,1.6,0,62,49,0,49,13,79.03225806451613,81.72043010752688,84.61538461538461,100.0,77.55102040816327,77.41935483870968,677,13.816326530612244,0,0,0,0,5,0,0,0,0,0,5.7103,3.8528,5577,1247433,254,43,59,0.5237989323843416,4,1.373665,0.120853,143,8.368,21.607000000000003,32.152,47,0.101,0.5379999999999999,0,1,0,0,0,0,
K8_R0.90_T1_H1_A0.75M30_S8010_CENTRAL_inprocess,8010,8,0.9,1,1,SWEEP,0.75,30.0,,CENTRAL,inprocess,5380246bcc288d943fe4f58cc44ff99f028eb8913b8ec40600b276f45c4a2b65,6f57ca2ac717e340d29f337af8cc4b35e56103e3028c86cfdc5bc8bfead853cf,1.208,0,62,47,0,47,15,75.80645161290323,78.49462365591398,92.3076923076923,75.0,71.42857142857143,74.19354838709677,639,13.595744680851064,0,0,0,0,4,0,0,0,0,0,5.6435,3.8528,5104,1179044,202,39,116,0.5945945945945946,3,1.04833,0.091492,121,6.597,22.034000000000002,28.555,0,0.0,0.0,0,0,0,0,0,0,
K8_R0.90_T1_H1_A0.75M30_S8010_CENTRAL_FB_inprocess,8010,8,0.9,1,1,SWEEP,0.75,30.0,,CENTRAL_FB,inprocess,5380246bcc288d943fe4f58cc44ff99f028eb8913b8ec40600b276f45c4a2b65,0dff599bb06cc3162f43c58c174a392e8004ae083cb4240aceb4aaf3016e7751,1.273,0,62,48,0,48,14,77.41935483870968,81.72043010752688,92.3076923076923,100.0,73.46938775510205,77.41935483870968,631,13.145833333333334,0,0,0,0,4,0,0,0,0,0,5.6603,3.8528,5153,1183443,191,35,116,0.5928553331644287,3,1.09934,0.095184,124,6.43,21.745,27.051,42,0.153,0.465,0,0,0,0,0,0,
K8_R0.90_T1_H1_A0.75M30_S8010_HYBRID_inprocess,8010,8,0.9,1,1,SWEEP,0.75,30.0,,HYBRID,inprocess,5380246bcc288d943fe4f58cc44ff99f028eb8913b8ec40600b276f45c4a2b65,bdab2aa6d229356f3b99bdf1ff8edec549a5c5937e8944b8b2403192de1cde0e,1.369,0,62,48,0,48,14,77.41935483870968,81.72043010752688,92.3076923076923,100.0,73.46938775510205,77.41935483870968,631,13.145833333333334,0,0,0,0,4,0,0,0,0,0,5.6603,3.8528,5153,1183443,191,35,116,0.5928553331644287,3,1.169682,0.10622,124,8.484,22.741,28.413,42,0.10900000000000001,0.43,0,0,0,0,0,0,
K8_R0.90_T1_H1_A0.75M30_S8010_HYBRID_EAGER_inprocess,8010,8,0.9,1,1,SWEEP,0.75,30.0,,HYBRID_EAGER,inprocess,5380246bcc288d943fe4f58cc44ff99f028eb8913b8ec40600b276f45c4a2b65,2f7e689b20db781a046cd3e57fceafe66548787ffaaa41971ff16b7992423c5d,1.218,0,62,46,0,46,16,74.19354838709677,77.41935483870968,92.3076923076923,75.0,69.38775510204081,70.96774193548387,606,13.173913043478262,0,0,0,0,4,0,0,0,0,0,5.6531,3.8528,5087,1177283,197,42,116,0.6722408026755853,3,1.031347,0.098924,118,7.3790000000000004,21.154,25.866,54,0.089,0.474,0,1,0,0,0,0,
K8_R0.90_T1_H1_A0.75M30_S8010_EDGE_MARKET_inprocess,8010,8,0.9,1,1,SWEEP,0.75,30.0,,EDGE_MARKET,inprocess,5380246bcc288d943fe4f58cc44ff99f028eb8913b8ec40600b276f45c4a2b65,1d146fdcc7af6f080c3962ffc13884180de4dcca129a80ee922a85ea4fc2fe23,0.286,0,62,49,0,49,13,79.03225806451613,81.72043010752688,92.3076923076923,100.0,75.51020408163265,83.87096774193549,621,12.673469387755102,0,0,0,0,4,0,0,0,0,0,5.6577,3.8528,4411,1176558,197,37,116,0.7470069313169502,3,0.027735,0.19157000000000002,109,0.051,0.15100000000000002,0.228,627,0.507,3.258,0,21,0,0,0,0,
K8_R0.90_T1_H1_A0.65M5_S8010_CENTRAL_inprocess,8010,8,0.9,1,1,SWEEP,0.65,5.0,,CENTRAL,inprocess,f9f81983b1dde4549fdfadf2dc5d06f38831e91dd7069051eb5b6187caeba2b0,ae3231145c33af91a80d4ff021ca1ce78a0c56dd449178bb30e89a573f213c32,1.681,0,62,51,0,51,11,82.25806451612904,83.87096774193549,76.92307692307692,75.0,83.6734693877551,83.87096774193549,786,15.411764705882353,9,9,0,0,8,0,0,0,0,0,5.666,3.8528,6303,1314309,260,45,21,0.5195071868583162,7,1.489337,0.10078300000000001,234,4.993,19.608,35.306999999999995,0,0.0,0.0,0,0,0,0,0,0,
K8_R0.90_T1_H1_A0.65M5_S8010_CENTRAL_FB_inprocess,8010,8,0.9,1,1,SWEEP,0.65,5.0,,CENTRAL_FB,inprocess,f9f81983b1dde4549fdfadf2dc5d06f38831e91dd7069051eb5b6187caeba2b0,8cbcc55d1597125fde4ab66ae3ac858e669f92bf98fa94d398e587b8b5eefd0f,1.585,0,62,50,0,50,12,80.64516129032258,87.09677419354838,100.0,100.0,75.51020408163265,83.87096774193549,749,14.98,0,0,0,0,7,0,0,0,0,0,5.6652,3.8528,6243,1291618,255,47,20,0.4784599375650364,6,1.419806,0.095584,235,4.282,18.193,36.979,33,0.025,0.126,0,0,0,0,0,0,
K8_R0.90_T1_H1_A0.65M5_S8010_HYBRID_EAGER_inprocess,8010,8,0.9,1,1,SWEEP,0.65,5.0,,HYBRID_EAGER,inprocess,f9f81983b1dde4549fdfadf2dc5d06f38831e91dd7069051eb5b6187caeba2b0,145e68206bfcfc2eb721956363e0a12895489e70af2ed1c04ded9fdb142e7d07,1.716,0,62,50,0,50,12,80.64516129032258,86.02150537634408,100.0,100.0,75.51020408163265,77.41935483870968,736,14.72,0,0,0,0,6,0,0,0,0,0,5.6441,3.8528,6475,1310767,294,45,22,0.5032718619869125,5,1.48471,0.12916699999999998,229,5.706,19.023000000000003,31.375,109,0.36200000000000004,2.449,0,0,0,0,0,0,
K8_R0.90_T1_H1_A0.65M5_S8010_HYBRID_inprocess,8010,8,0.9,1,1,SWEEP,0.65,5.0,,HYBRID,inprocess,f9f81983b1dde4549fdfadf2dc5d06f38831e91dd7069051eb5b6187caeba2b0,9deffb52c579ee7ba8d3dea04cd92de335e5ab6302ba6c1cd822fd8712ff32a7,1.964,0,62,50,0,50,12,80.64516129032258,87.09677419354838,100.0,100.0,75.51020408163265,83.87096774193549,749,14.98,0,0,0,0,7,0,0,0,0,0,5.6652,3.8528,6243,1291618,255,47,20,0.4784599375650364,6,1.758032,0.11446100000000001,235,4.346,24.331,33.754,33,0.019,0.16,0,0,0,0,0,0,
K8_R0.90_T1_H1_A0.65M5_S8010_EDGE_MARKET_inprocess,8010,8,0.9,1,1,SWEEP,0.65,5.0,,EDGE_MARKET,inprocess,f9f81983b1dde4549fdfadf2dc5d06f38831e91dd7069051eb5b6187caeba2b0,4aaac6ad84ef55a3217ce7e2521b506170de7ffde3ceb141560fca5e1e2f0a65,0.264,0,62,50,0,50,12,80.64516129032258,83.87096774193549,92.3076923076923,100.0,77.55102040816327,80.64516129032258,695,13.9,0,0,0,0,6,0,0,0,0,0,5.6628,3.8528,4457,1224746,168,26,20,0.362670209232813,4,0.022599,0.17662,89,0.041999999999999996,0.14400000000000002,0.257,653,0.457,3.7039999999999997,0,19,0,0,0,0,
K8_R0.90_T1_H1_A0.65M15_S8010_CENTRAL_inprocess,8010,8,0.9,1,1,SWEEP,0.65,15.0,,CENTRAL,inprocess,79f1ca60c0dca9350da6aee466990e7e7cf24ea6ef9b39aa3e762a97f16b6a55,71e923a6a25058b5384cd61f80afc9a11fadc85f0f6fe079ea4dc81258e0b0d1,1.652,0,62,49,0,49,13,79.03225806451613,83.87096774193549,100.0,100.0,73.46938775510205,83.87096774193549,624,12.73469387755102,0,0,0,0,6,0,0,0,0,0,5.6683,3.8528,5278,1198247,223,45,59,0.5203722334004024,1,1.437871,0.102845,153,8.515,25.171,31.102,0,0.0,0.0,0,1,0,0,0,0,
K8_R0.90_T1_H1_A0.65M15_S8010_CENTRAL_FB_inprocess,8010,8,0.9,1,1,SWEEP,0.65,15.0,,CENTRAL_FB,inprocess,79f1ca60c0dca9350da6aee466990e7e7cf24ea6ef9b39aa3e762a97f16b6a55,889da6e6fba6543b98e741e66887e550262738313535d61128beab650511bae4,1.635,0,62,49,0,49,13,79.03225806451613,83.87096774193549,100.0,100.0,73.46938775510205,83.87096774193549,624,12.73469387755102,0,0,0,0,6,0,0,0,0,0,5.6683,3.8528,5278,1198247,223,45,59,0.5203722334004024,1,1.40022,0.107536,153,8.271,24.965999999999998,44.199000000000005,49,0.434,0.566,0,1,0,0,0,0,
K8_R0.90_T1_H1_A0.65M15_S8010_HYBRID_inprocess,8010,8,0.9,1,1,SWEEP,0.65,15.0,,HYBRID,inprocess,79f1ca60c0dca9350da6aee466990e7e7cf24ea6ef9b39aa3e762a97f16b6a55,831acce16a74d090ccb1352b70de7e118f347afcc3f7ee480c7cc5f2a68f7c01,1.417,0,62,49,0,49,13,79.03225806451613,83.87096774193549,100.0,100.0,73.46938775510205,83.87096774193549,624,12.73469387755102,0,0,0,0,6,0,0,0,0,0,5.6683,3.8528,5278,1198247,223,45,59,0.5203722334004024,1,1.244534,0.096229,153,6.926,23.59,30.134,49,0.376,0.444,0,1,0,0,0,0,
K8_R0.90_T1_H1_A0.65M15_S8010_EDGE_MARKET_inprocess,8010,8,0.9,1,1,SWEEP,0.65,15.0,,EDGE_MARKET,inprocess,79f1ca60c0dca9350da6aee466990e7e7cf24ea6ef9b39aa3e762a97f16b6a55,ba75f5ff234f31d2cd2b79da4af2d59e5bc37ebe3a56416e7e8035dd6f2392a5,0.253,0,62,49,0,49,13,79.03225806451613,80.64516129032258,76.92307692307692,75.0,79.59183673469387,90.3225806451613,701,14.306122448979592,0,0,0,0,4,0,0,0,0,0,5.6577,3.8528,4478,1227147,175,34,59,0.5771050141911069,2,0.024933,0.170553,115,0.048,0.12999999999999998,0.204,697,0.422,2.5799999999999996,0,20,0,0,0,0,
K8_R0.90_T1_H1_A0.65M15_S8010_HYBRID_EAGER_inprocess,8010,8,0.9,1,1,SWEEP,0.65,15.0,,HYBRID_EAGER,inprocess,79f1ca60c0dca9350da6aee466990e7e7cf24ea6ef9b39aa3e762a97f16b6a55,e3cb9690bf7fc0d6e2827ce902b8a99efc3349b594b9f12299cf9a38d6d78c29,1.677,0,62,49,0,49,13,79.03225806451613,84.94623655913979,100.0,100.0,73.46938775510205,83.87096774193549,609,12.428571428571429,0,0,0,0,4,0,0,0,0,0,5.6593,3.8528,5147,1181173,228,41,59,0.526591564055541,3,1.433483,0.131124,141,9.511000000000001,27.089,33.151,65,0.458,0.539,0,0,0,0,0,0,
K8_R0.90_T1_H1_A0.65M30_S8010_CENTRAL_inprocess,8010,8,0.9,1,1,SWEEP,0.65,30.0,,CENTRAL,inprocess,e4641d119c72bd14c7688113bda0a9a95e63c13c7f0015f48f7ec6360201b79b,ea1558fa79584db2aceaf4439e0efeacd62588d07d9efa84274ccadca4a537d5,1.167,0,62,46,0,46,16,74.19354838709677,80.64516129032258,92.3076923076923,100.0,69.38775510204081,77.41935483870968,614,13.347826086956522,0,0,0,0,4,0,0,0,0,0,5.6469,3.8528,5225,1189524,191,27,116,0.9659527732015376,4,1.001732,0.091194,125,7.053,20.629,30.282,0,0.0,0.0,0,0,0,0,0,0,
K8_R0.90_T1_H1_A0.65M30_S8010_CENTRAL_FB_inprocess,8010,8,0.9,1,1,SWEEP,0.65,30.0,,CENTRAL_FB,inprocess,e4641d119c72bd14c7688113bda0a9a95e63c13c7f0015f48f7ec6360201b79b,5a87499e5b5368066f478599a840bf4f894e96197209afa35d565bad3d6dbf66,1.349,0,62,45,0,45,17,72.58064516129032,79.56989247311827,92.3076923076923,100.0,67.34693877551021,77.41935483870968,602,13.377777777777778,0,0,0,0,4,0,0,0,0,0,5.6603,3.8528,5243,1190390,197,27,116,0.939087680961486,4,1.161077,0.10276800000000001,127,8.184999999999999,19.921000000000003,33.894,70,0.093,0.424,0,0,0,0,0,0,
K8_R0.90_T1_H1_A0.65M30_S8010_HYBRID_inprocess,8010,8,0.9,1,1,SWEEP,0.65,30.0,,HYBRID,inprocess,e4641d119c72bd14c7688113bda0a9a95e63c13c7f0015f48f7ec6360201b79b,492f6e11469ff298b3a334c38032102810571b65025701777b65e00caa712686,1.083,0,62,45,0,45,17,72.58064516129032,79.56989247311827,92.3076923076923,100.0,67.34693877551021,77.41935483870968,602,13.377777777777778,0,0,0,0,4,0,0,0,0,0,5.6603,3.8528,5243,1190390,197,27,116,0.939087680961486,4,0.918837,0.08934199999999999,127,6.403,17.163,29.085,70,0.076,0.34400000000000003,0,0,0,0,0,0,
K8_R0.90_T1_H1_A0.65M30_S8010_EDGE_MARKET_inprocess,8010,8,0.9,1,1,SWEEP,0.65,30.0,,EDGE_MARKET,inprocess,e4641d119c72bd14c7688113bda0a9a95e63c13c7f0015f48f7ec6360201b79b,66570d1f68f0ed4e1a6d762819aaa969ecd302adcbdf7ffbf2a4f693f2638631,0.231,0,62,47,0,47,15,75.80645161290323,82.79569892473118,100.0,100.0,69.38775510204081,83.87096774193549,812,17.27659574468085,10,10,0,0,6,0,0,0,0,0,5.6628,3.8528,4384,1200250,146,34,116,0.8940373563218391,3,0.020425,0.150688,118,0.041999999999999996,0.08399999999999999,0.152,598,0.39599999999999996,2.882,0,19,0,0,0,0,
K8_R0.90_T1_H1_A0.65M30_S8010_HYBRID_EAGER_inprocess,8010,8,0.9,1,1,SWEEP,0.65,30.0,,HYBRID_EAGER,inprocess,e4641d119c72bd14c7688113bda0a9a95e63c13c7f0015f48f7ec6360201b79b,9763d6509d9862de2f035ae1c2e9f72431864364eabf5aa0a98682ee417e3ff6,0.984,0,62,51,0,51,11,82.25806451612904,83.87096774193549,84.61538461538461,75.0,81.63265306122449,80.64516129032258,704,13.803921568627452,0,0,0,0,5,0,0,0,0,0,5.671,3.8528,5022,1204320,181,37,116,0.8361565420560748,4,0.796573,0.10573300000000001,115,6.473,14.200000000000001,25.82,70,0.106,0.36900000000000005,0,0,0,0,0,0,
K8_R0.90_T1_H1_A0.55M5_S8010_CENTRAL_inprocess,8010,8,0.9,1,1,SWEEP,0.55,5.0,,CENTRAL,inprocess,99889eb9b1631ff17ba3d2dec91487564b22e63543d1ac99521981bf816286bf,57e75bd6774f18ff1767775f817da4154ebe5157c08377f8443cd128930b8c7c,1.715,0,62,52,0,52,10,83.87096774193549,88.17204301075269,100.0,100.0,79.59183673469387,87.09677419354838,752,14.461538461538462,0,0,0,0,6,0,0,0,0,0,5.6639,3.8528,6421,1311297,230,54,26,0.6617927527018436,10,1.508406,0.10796899999999998,267,4.059,16.68,38.491,0,0.0,0.0,0,0,0,0,0,0,
K8_R0.90_T1_H1_A0.55M5_S8010_CENTRAL_FB_inprocess,8010,8,0.9,1,1,SWEEP,0.55,5.0,,CENTRAL_FB,inprocess,99889eb9b1631ff17ba3d2dec91487564b22e63543d1ac99521981bf816286bf,501ab1fde018416803ebd7b26ef4794d42d4c51d8ea76185c31f55467b681a17,1.715,0,62,51,0,51,11,82.25806451612904,83.87096774193549,76.92307692307692,100.0,83.6734693877551,77.41935483870968,757,14.843137254901961,0,0,0,0,7,0,0,0,0,0,5.6433,3.8528,6523,1362835,234,46,26,0.6811594202898551,9,1.480749,0.119035,273,4.457,16.752,31.679,41,0.081,3.8440000000000003,0,0,0,0,0,0,
K8_R0.90_T1_H1_A0.55M5_S8010_HYBRID_inprocess,8010,8,0.9,1,1,SWEEP,0.55,5.0,,HYBRID,inprocess,99889eb9b1631ff17ba3d2dec91487564b22e63543d1ac99521981bf816286bf,505f546d684857508d936db32d8f4b0b986388894e2e328abf9da08bb26e1139,1.663,0,62,51,0,51,11,82.25806451612904,83.87096774193549,76.92307692307692,100.0,83.6734693877551,77.41935483870968,757,14.843137254901961,0,0,0,0,7,0,0,0,0,0,5.6433,3.8528,6523,1362835,234,46,26,0.6811594202898551,9,1.447935,0.118688,273,4.165,15.908999999999999,25.35,41,0.041999999999999996,3.081,0,0,0,0,0,0,
K8_R0.90_T1_H1_A0.55M5_S8010_HYBRID_EAGER_inprocess,8010,8,0.9,1,1,SWEEP,0.55,5.0,,HYBRID_EAGER,inprocess,99889eb9b1631ff17ba3d2dec91487564b22e63543d1ac99521981bf816286bf,2cd7a935309f1e046f7b7e65b4877f38725d9c1356971ea4d8c9eef02c23ed21,1.793,0,62,52,0,52,10,83.87096774193549,87.09677419354838,92.3076923076923,100.0,81.63265306122449,87.09677419354838,769,14.788461538461538,0,0,0,0,8,0,0,0,0,0,5.6662,3.8528,6934,1352922,284,55,26,0.72,9,1.537869,0.14019800000000002,284,4.226,16.8,31.232,113,0.081,2.913,0,0,0,0,0,0,
K8_R0.90_T1_H1_A0.55M5_S8010_EDGE_MARKET_inprocess,8010,8,0.9,1,1,SWEEP,0.55,5.0,,EDGE_MARKET,inprocess,99889eb9b1631ff17ba3d2dec91487564b22e63543d1ac99521981bf816286bf,14400c798f7f14ab656aa9078a2b2da0fbab03f428587163f2de542035b7e0df,0.339,0,62,49,0,49,13,79.03225806451613,80.64516129032258,69.23076923076923,75.0,81.63265306122449,83.87096774193549,781,15.938775510204081,0,0,0,0,7,0,0,0,0,0,5.6628,3.8528,4326,1199701,148,27,26,0.39799846035411857,3,0.031744,0.22662,102,0.061,0.14200000000000002,0.2,527,0.583,3.248,0,15,0,0,0,0,
K8_R0.90_T1_H1_A0.55M15_S8010_CENTRAL_FB_inprocess,8010,8,0.9,1,1,SWEEP,0.55,15.0,,CENTRAL_FB,inprocess,1ce6cfd22201fdeb798d056b5d981410b31b17757051aebee6fa660515f811ba,198758d365b92980809e351b87b028cf50a278f3288eae92429a35f0fc643ae7,1.198,0,62,48,0,48,14,77.41935483870968,81.72043010752688,84.61538461538461,100.0,75.51020408163265,77.41935483870968,684,14.25,0,0,0,0,5,0,0,0,0,0,5.6467,3.8528,5323,1214538,175,34,59,0.9582582582582583,6,1.016405,0.10354000000000001,161,5.0889999999999995,16.046999999999997,32.917,74,0.036000000000000004,3.353,0,1,0,0,0,0,
K8_R0.90_T1_H1_A0.55M15_S8010_CENTRAL_inprocess,8010,8,0.9,1,1,SWEEP,0.55,15.0,,CENTRAL,inprocess,1ce6cfd22201fdeb798d056b5d981410b31b17757051aebee6fa660515f811ba,1dce4a25b63fdba4e71e2f90adf580f6d673f1840fd8bd42848b69a4efb77786,1.493,0,62,47,0,47,15,75.80645161290323,81.72043010752688,100.0,100.0,69.38775510204081,80.64516129032258,728,15.48936170212766,0,0,0,0,6,0,0,0,0,0,5.6543,3.8528,5279,1225149,157,30,83,0.9705167173252279,4,1.277305,0.11428399999999998,169,6.904999999999999,20.738,35.295,0,0.0,0.0,0,1,0,0,0,0,
K8_R0.90_T1_H1_A0.55M15_S8010_HYBRID_inprocess,8010,8,0.9,1,1,SWEEP,0.55,15.0,,HYBRID,inprocess,1ce6cfd22201fdeb798d056b5d981410b31b17757051aebee6fa660515f811ba,345507550ef0ca7e312b54f81e4d948f77abca69c60c3b11d81279a192e21083,1.128,0,62,48,0,48,14,77.41935483870968,81.72043010752688,84.61538461538461,100.0,75.51020408163265,77.41935483870968,684,14.25,0,0,0,0,5,0,0,0,0,0,5.6467,3.8528,5323,1214538,175,34,59,0.9582582582582583,6,0.952841,0.100786,161,5.2,15.552,29.565,74,0.034,2.415,0,1,0,0,0,0,
K8_R0.90_T1_H1_A0.55M15_S8010_EDGE_MARKET_inprocess,8010,8,0.9,1,1,SWEEP,0.55,15.0,,EDGE_MARKET,inprocess,1ce6cfd22201fdeb798d056b5d981410b31b17757051aebee6fa660515f811ba,cd5e95f99fd7ba27ff5d0f47d057d7235dc78a30354c04da08251c9fd37043b1,0.263,0,62,47,0,47,15,75.80645161290323,79.56989247311827,84.61538461538461,100.0,73.46938775510205,80.64516129032258,728,15.48936170212766,0,0,0,0,4,0,0,0,0,0,5.6636,3.8528,4454,1217770,115,29,60,0.9458248472505092,4,0.020745,0.18173,96,0.043000000000000003,0.153,0.323,665,0.423,2.57,0,23,0,0,0,0,
K8_R0.90_T1_H1_A0.55M15_S8010_HYBRID_EAGER_inprocess,8010,8,0.9,1,1,SWEEP,0.55,15.0,,HYBRID_EAGER,inprocess,1ce6cfd22201fdeb798d056b5d981410b31b17757051aebee6fa660515f811ba,f08e552bd499f2c96f6df6c708d41d25adbe1ad0536e725e65c277d474a52360,1.336,0,62,47,0,47,15,75.80645161290323,80.64516129032258,84.61538461538461,75.0,73.46938775510205,77.41935483870968,749,15.936170212765957,0,0,0,0,6,0,0,0,0,0,5.6578,3.8528,5346,1220606,178,33,59,0.9814482345900658,7,1.097879,0.12461900000000001,165,5.861,17.128999999999998,26.611,95,0.101,2.973,0,0,0,0,0,0,
K8_R0.90_T1_H1_A0.55M30_S8010_CENTRAL_inprocess,8010,8,0.9,1,1,SWEEP,0.55,30.0,,CENTRAL,inprocess,33be087f84acbc84db51a86a19d6d233b3da2ada02c574cc78f5e2bc9e291228,10f399d32320ea4dd713e358e6ca620168b96b3facbccdcb4103627119967fb8,0.698,0,62,49,0,49,13,79.03225806451613,80.64516129032258,92.3076923076923,75.0,75.51020408163265,77.41935483870968,731,14.918367346938776,0,0,0,0,6,0,0,0,0,0,5.6656,3.8528,4797,1181623,160,29,116,1.342406876790831,7,0.519379,0.10006999999999999,108,4.377,11.792,16.495,0,0.0,0.0,0,0,0,0,0,0,
K8_R0.90_T1_H1_A0.55M30_S8010_CENTRAL_FB_inprocess,8010,8,0.9,1,1,SWEEP,0.55,30.0,,CENTRAL_FB,inprocess,33be087f84acbc84db51a86a19d6d233b3da2ada02c574cc78f5e2bc9e291228,468cc30f7c00bf1ce1ec3d9743e8355c99357e87ee1df978165cb937453d31de,0.766,0,62,46,0,46,16,74.19354838709677,73.11827956989248,61.53846153846154,50.0,77.55102040816327,77.41935483870968,810,17.608695652173914,0,0,0,0,6,0,0,0,0,0,5.6632,3.8528,4974,1177101,145,24,116,1.426747311827957,6,0.585886,0.105355,120,3.866,11.197000000000001,18.117,69,0.048,0.486,0,0,0,0,0,0,
K8_R0.90_T1_H1_A0.55M30_S8010_HYBRID_inprocess,8010,8,0.9,1,1,SWEEP,0.55,30.0,,HYBRID,inprocess,33be087f84acbc84db51a86a19d6d233b3da2ada02c574cc78f5e2bc9e291228,77d44d53cf8cc36d986a0ab717068f2e454c943eb1202cb89781397e57db1a8b,0.665,0,62,46,0,46,16,74.19354838709677,73.11827956989248,61.53846153846154,50.0,77.55102040816327,77.41935483870968,810,17.608695652173914,0,0,0,0,6,0,0,0,0,0,5.6632,3.8528,4974,1177101,145,24,116,1.426747311827957,6,0.501326,0.088704,120,3.117,11.415,19.302,69,0.054,0.45899999999999996,0,0,0,0,0,0,
K8_R0.90_T1_H1_A0.55M30_S8010_HYBRID_EAGER_inprocess,8010,8,0.9,1,1,SWEEP,0.55,30.0,,HYBRID_EAGER,inprocess,33be087f84acbc84db51a86a19d6d233b3da2ada02c574cc78f5e2bc9e291228,e1f2161d7560c69bb2f60026f51ba0d87ffe40ba859e4a4075dbe3170c223db0,0.707,0,62,47,0,47,15,75.80645161290323,75.26881720430107,69.23076923076923,50.0,77.55102040816327,80.64516129032258,822,17.48936170212766,7,7,0,0,6,0,0,0,0,0,5.6402,3.8528,4943,1176792,168,23,116,1.3103566529492456,6,0.544957,0.096349,119,4.178,10.218,20.506,80,0.075,3.637,0,0,0,0,0,0,
K8_R0.90_T1_H1_A0.55M30_S8010_EDGE_MARKET_inprocess,8010,8,0.9,1,1,SWEEP,0.55,30.0,,EDGE_MARKET,inprocess,33be087f84acbc84db51a86a19d6d233b3da2ada02c574cc78f5e2bc9e291228,7437f2fc4eff72a64e05f351614a096da740572e01d3a036b98b7ecff57e88b6,0.246,0,62,48,0,48,14,77.41935483870968,81.72043010752688,84.61538461538461,100.0,75.51020408163265,87.09677419354838,725,15.104166666666666,0,0,0,0,6,0,0,0,0,0,5.6628,3.8528,4164,1155634,108,17,116,1.3461716937354988,5,0.020016,0.163695,110,0.026,0.067,0.122,399,0.496,2.9949999999999997,0,13,0,0,0,0,
K8_R0.90_T1_H1_A0.95M5_S8011_CENTRAL_inprocess,8011,8,0.9,1,1,SWEEP,0.95,5.0,,CENTRAL,inprocess,26879b3f896e43dffaaa21f1d1b9d287e186d6412fd735248783a24add49bd3e,68b7f6fa6c14a98792779f4b0b4dcdf0fbe235adda236503141d50b1eba98f3e,1.164,0,62,47,1,48,14,77.41935483870968,81.9047619047619,86.95652173913044,100.0,71.7948717948718,82.6086956521739,691,14.395833333333334,0,0,0,0,5,0,0,0,0,0,5.5829,3.8721,5287,1153617,252,55,14,0.040787623066104076,2,0.965486,0.101481,120,8.474,16.025000000000002,18.358,0,0.0,0.0,0,0,0,0,0,0,
K8_R0.90_T1_H1_A0.95M5_S8011_CENTRAL_FB_inprocess,8011,8,0.9,1,1,SWEEP,0.95,5.0,,CENTRAL_FB,inprocess,26879b3f896e43dffaaa21f1d1b9d287e186d6412fd735248783a24add49bd3e,0a2616be18462c79d434d84e2efddf17d49ca0615d17f941367fe22245a18a6e,1.168,0,62,47,1,48,14,77.41935483870968,81.9047619047619,86.95652173913044,100.0,71.7948717948718,82.6086956521739,691,14.395833333333334,0,0,0,0,5,0,0,0,0,0,5.5829,3.8721,5287,1153617,252,55,14,0.040787623066104076,2,0.981332,0.09179999999999999,120,8.248,16.625,28.431,7,0.013,0.013,0,0,0,0,0,0,
K8_R0.90_T1_H1_A0.95M5_S8011_HYBRID_inprocess,8011,8,0.9,1,1,SWEEP,0.95,5.0,,HYBRID,inprocess,26879b3f896e43dffaaa21f1d1b9d287e186d6412fd735248783a24add49bd3e,13f532e0bbdbbd30f7c9feec479793582b5393cbb0d548086bf83772aac112fe,1.344,0,62,47,1,48,14,77.41935483870968,81.9047619047619,86.95652173913044,100.0,71.7948717948718,82.6086956521739,691,14.395833333333334,0,0,0,0,5,0,0,0,0,0,5.5829,3.8721,5287,1153617,252,55,14,0.040787623066104076,2,1.141666,0.105979,120,9.483,19.879,27.179,7,0.014,0.014,0,0,0,0,0,0,
K8_R0.90_T1_H1_A0.95M5_S8011_HYBRID_EAGER_inprocess,8011,8,0.9,1,1,SWEEP,0.95,5.0,,HYBRID_EAGER,inprocess,26879b3f896e43dffaaa21f1d1b9d287e186d6412fd735248783a24add49bd3e,518958472f5f80f7b5f5d4ca7b12ab3fc840d734616907c426f96c968ae1d902,1.206,0,62,47,1,48,14,77.41935483870968,80.0,73.91304347826087,100.0,79.48717948717949,86.95652173913044,649,13.520833333333334,0,0,0,0,6,0,0,0,0,0,5.648,3.8721,5451,1169610,268,52,20,0.04616283599532528,2,1.001745,0.104649,124,8.397,15.372,20.621000000000002,25,0.057,0.14200000000000002,0,0,0,0,0,0,
K8_R0.90_T1_H1_A0.95M5_S8011_EDGE_MARKET_inprocess,8011,8,0.9,1,1,SWEEP,0.95,5.0,,EDGE_MARKET,inprocess,26879b3f896e43dffaaa21f1d1b9d287e186d6412fd735248783a24add49bd3e,6fe333c72d007a6ac686818430594cc351bf15137f0a64c13547942dfa91f2fd,0.276,0,62,48,1,49,13,79.03225806451613,80.0,82.6086956521739,85.71428571428571,76.92307692307692,95.65217391304348,706,14.408163265306122,0,0,0,0,5,0,0,0,0,0,5.6508,3.8721,4756,1220444,230,39,7,0.02193081618810762,2,0.034104,0.17409400000000003,85,0.077,0.281,0.5640000000000001,856,0.449,2.892,0,29,0,0,0,0,
K8_R0.90_T1_H1_A0.95M15_S8011_CENTRAL_inprocess,8011,8,0.9,1,1,SWEEP,0.95,15.0,,CENTRAL,inprocess,29174f0db33a942cb99dfc33e5d542fab5cafa6fcdd591f479a7b179299f2ef2,5b955f5aab1cd4848829547283b1988264bb1d880d11a825ed03207005a9afb0,1.138,0,62,46,1,47,15,75.80645161290323,79.04761904761905,78.26086956521739,85.71428571428571,74.35897435897436,86.95652173913044,644,13.702127659574469,0,0,0,0,5,0,0,0,0,0,5.6605,3.8721,5539,1155601,265,55,17,0.04728177641653905,1,0.925182,0.09808399999999999,114,8.822999999999999,16.201,25.313,0,0.0,0.0,0,0,0,0,0,0,
K8_R0.90_T1_H1_A0.95M15_S8011_CENTRAL_FB_inprocess,8011,8,0.9,1,1,SWEEP,0.95,15.0,,CENTRAL_FB,inprocess,29174f0db33a942cb99dfc33e5d542fab5cafa6fcdd591f479a7b179299f2ef2,cb01ab0b8a20861490f4bcf491f2cce58065f298d013c270f618e51ab459daeb,1.142,0,62,47,1,48,14,77.41935483870968,81.9047619047619,82.6086956521739,100.0,74.35897435897436,86.95652173913044,653,13.604166666666666,0,0,0,0,5,0,0,0,0,0,5.6477,3.8721,5461,1164486,255,54,17,0.04699029126213592,1,0.956945,0.102961,109,9.364,15.757,22.912,6,2.2880000000000003,2.2880000000000003,0,0,0,0,0,0,
K8_R0.90_T1_H1_A0.95M15_S8011_HYBRID_inprocess,8011,8,0.9,1,1,SWEEP,0.95,15.0,,HYBRID,inprocess,29174f0db33a942cb99dfc33e5d542fab5cafa6fcdd591f479a7b179299f2ef2,2e2b2b6b5788007d9ec7c1973b391ccda3d55aa0f25adce4e7fc89c05584d401,1.191,0,62,47,1,48,14,77.41935483870968,81.9047619047619,82.6086956521739,100.0,74.35897435897436,86.95652173913044,653,13.604166666666666,0,0,0,0,5,0,0,0,0,0,5.6477,3.8721,5461,1164486,255,54,17,0.04699029126213592,1,0.951326,0.12811699999999998,109,9.349,15.663,19.611,6,2.282,2.282,0,0,0,0,0,0,
K8_R0.90_T1_H1_A0.95M15_S8011_EDGE_MARKET_inprocess,8011,8,0.9,1,1,SWEEP,0.95,15.0,,EDGE_MARKET,inprocess,29174f0db33a942cb99dfc33e5d542fab5cafa6fcdd591f479a7b179299f2ef2,487530eea5d956759b36fd5ad6f4d2a058731a74e0a2e01a51901dc5c2578125,0.289,0,62,48,1,49,13,79.03225806451613,80.0,82.6086956521739,85.71428571428571,76.92307692307692,95.65217391304348,706,14.408163265306122,0,0,0,0,5,0,0,0,0,0,5.6508,3.8721,4705,1209584,246,37,17,0.028069374714742128,1,0.03503,0.17740999999999998,86,0.077,0.265,0.457,808,0.477,2.976,0,27,0,0,0,0,
K8_R0.90_T1_H1_A0.95M15_S8011_HYBRID_EAGER_inprocess,8011,8,0.9,1,1,SWEEP,0.95,15.0,,HYBRID_EAGER,inprocess,29174f0db33a942cb99dfc33e5d542fab5cafa6fcdd591f479a7b179299f2ef2,3f416414349eac0bdb0fd51c16d05f73e3be924154292c8317ec683e58b7d9fd,1.296,0,62,47,1,48,14,77.41935483870968,81.9047619047619,82.6086956521739,100.0,74.35897435897436,86.95652173913044,653,13.604166666666666,0,0,0,0,5,0,0,0,0,0,5.6477,3.8721,5461,1164312,255,54,17,0.04699029126213592,1,1.045743,0.11882699999999999,109,9.176,20.42,30.649,14,0.093,2.57,0,0,0,0,0,0,
K8_R0.90_T1_H1_A0.95M30_S8011_CENTRAL_inprocess,8011,8,0.9,1,1,SWEEP,0.95,30.0,,CENTRAL,inprocess,fcb30ddf4ee27cdb9367a70e1454867c520ed69a8b82956fdf9094406bad76f6,59aace37607a82be4750c82833a8bf432ac714cdd0204165ab10d53db58f1ac5,1.087,0,62,47,1,48,14,77.41935483870968,80.0,78.26086956521739,85.71428571428571,76.92307692307692,82.6086956521739,674,14.041666666666666,0,0,0,0,6,0,0,0,0,0,5.5995,3.8721,5363,1164104,270,47,22,0.028577020943433156,0,0.920976,0.094559,109,8.149,18.023999999999997,27.463,0,0.0,0.0,0,1,0,0,0,0,
K8_R0.90_T1_H1_A0.95M30_S8011_CENTRAL_FB_inprocess,8011,8,0.9,1,1,SWEEP,0.95,30.0,,CENTRAL_FB,inprocess,fcb30ddf4ee27cdb9367a70e1454867c520ed69a8b82956fdf9094406bad76f6,dd59ce50bfeff83e36907d1ec73407ed30b1556f8e6105dfc2f0f3e156cf4557,1.266,0,62,47,1,48,14,77.41935483870968,80.0,78.26086956521739,85.71428571428571,76.92307692307692,82.6086956521739,674,14.041666666666666,0,0,0,0,6,0,0,0,0,0,5.5995,3.8721,5363,1164158,270,47,22,0.028577020943433156,0,1.049794,0.10676700000000001,109,9.768,18.033,26.304000000000002,4,0.027,0.027,0,1,0,0,0,0,
K8_R0.90_T1_H1_A0.95M30_S8011_HYBRID_inprocess,8011,8,0.9,1,1,SWEEP,0.95,30.0,,HYBRID,inprocess,fcb30ddf4ee27cdb9367a70e1454867c520ed69a8b82956fdf9094406bad76f6,022665f9c8fd49d25653e7647c35b07cfa5d5df3a193589691127acb22675394,1.145,0,62,47,1,48,14,77.41935483870968,80.0,78.26086956521739,85.71428571428571,76.92307692307692,82.6086956521739,674,14.041666666666666,0,0,0,0,6,0,0,0,0,0,5.5995,3.8721,5363,1164158,270,47,22,0.028577020943433156,0,0.96367,0.10377,109,8.943,15.761000000000001,17.704,4,0.028,0.028,0,1,0,0,0,0,
K8_R0.90_T1_H1_A0.95M30_S8011_EDGE_MARKET_inprocess,8011,8,0.9,1,1,SWEEP,0.95,30.0,,EDGE_MARKET,inprocess,fcb30ddf4ee27cdb9367a70e1454867c520ed69a8b82956fdf9094406bad76f6,f3854d9e8f2ce47c3906df8378dee03caa785b1a00344adb74e04240db11f8db,0.277,0,62,46,1,47,15,75.80645161290323,76.19047619047619,73.91304347826087,85.71428571428571,76.92307692307692,86.95652173913044,738,15.702127659574469,0,0,0,0,5,0,0,0,0,0,5.6675,3.8721,4741,1212392,216,41,26,0.034658964674516776,1,0.033439,0.175455,107,0.061,0.149,0.281,836,0.462,3.124,0,29,0,0,0,0,
K8_R0.90_T1_H1_A0.95M30_S8011_HYBRID_EAGER_inprocess,8011,8,0.9,1,1,SWEEP,0.95,30.0,,HYBRID_EAGER,inprocess,fcb30ddf4ee27cdb9367a70e1454867c520ed69a8b82956fdf9094406bad76f6,7ef57b4e542ca8a9dc9fcf4be3d6066121238847b4e4082075ba9c66e26344b4,1.267,0,62,48,1,49,13,79.03225806451613,82.85714285714286,82.6086956521739,100.0,76.92307692307692,86.95652173913044,654,13.346938775510203,0,0,0,0,4,0,0,0,0,0,5.5995,3.8721,5347,1162153,252,50,22,0.028772753963593658,1,1.063584,0.112467,108,9.758,19.227,29.808999999999997,11,0.091,0.091,0,0,0,0,0,0,
K8_R0.90_T1_H1_A0.85M5_S8011_CENTRAL_inprocess,8011,8,0.9,1,1,SWEEP,0.85,5.0,,CENTRAL,inprocess,d0bbe22a8eb8f16a0ddddbbc4a5a268dd60a03174fb6a403abc2f56732ab75cc,2dc1dc0936ecd7c570c67373c8e9f6ef320dc3b46db2e203f187769e527c84ef,1.436,0,62,47,1,48,14,77.41935483870968,80.0,82.6086956521739,85.71428571428571,74.35897435897436,86.95652173913044,720,15.0,0,0,0,0,6,0,0,0,0,0,5.5999,3.8721,5769,1195239,267,51,21,0.11164860681114551,4,1.258612,0.098836,163,8.102,14.18,18.584,0,0.0,0.0,0,0,0,0,0,0,
K8_R0.90_T1_H1_A0.85M5_S8011_CENTRAL_FB_inprocess,8011,8,0.9,1,1,SWEEP,0.85,5.0,,CENTRAL_FB,inprocess,d0bbe22a8eb8f16a0ddddbbc4a5a268dd60a03174fb6a403abc2f56732ab75cc,8e900a505db5f6d8ca6c9f357e73794bb5124b1735433d7f760fd130a3e1fb9c,1.523,0,62,47,1,48,14,77.41935483870968,79.04761904761905,78.26086956521739,85.71428571428571,76.92307692307692,86.95652173913044,695,14.479166666666666,0,0,0,0,5,0,0,0,0,0,5.5999,3.8721,5763,1193498,259,47,22,0.11598685482312004,5,1.304113,0.11255,164,8.600999999999999,15.157,21.253,12,0.019,0.025,0,0,0,0,0,0,
K8_R0.90_T1_H1_A0.85M5_S8011_HYBRID_inprocess,8011,8,0.9,1,1,SWEEP,0.85,5.0,,HYBRID,inprocess,d0bbe22a8eb8f16a0ddddbbc4a5a268dd60a03174fb6a403abc2f56732ab75cc,eae71bb1fddf38ae14626a0c1119d3ff9f9159ff941c6576f8bd5e4c91bde1fe,1.554,0,62,47,1,48,14,77.41935483870968,79.04761904761905,78.26086956521739,85.71428571428571,76.92307692307692,86.95652173913044,695,14.479166666666666,0,0,0,0,5,0,0,0,0,0,5.5999,3.8721,5763,1193498,259,47,22,0.11598685482312004,5,1.35812,0.109949,164,8.489,15.64,31.183,12,0.019,0.027,0,0,0,0,0,0,
K8_R0.90_T1_H1_A0.85M5_S8011_HYBRID_EAGER_inprocess,8011,8,0.9,1,1,SWEEP,0.85,5.0,,HYBRID_EAGER,inprocess,d0bbe22a8eb8f16a0ddddbbc4a5a268dd60a03174fb6a403abc2f56732ab75cc,ef0d7c29de6ff52c746ca576f1c44ccfe33a110ac7cfed3e5bcc67329099bb3f,1.466,0,62,46,1,47,15,75.80645161290323,81.9047619047619,95.65217391304348,100.0,64.1025641025641,91.30434782608695,685,14.574468085106384,0,0,0,0,4,0,0,0,0,0,5.6102,3.8721,5829,1175956,262,48,21,0.09502868068833652,4,1.247691,0.116256,157,7.99,17.509,22.296,41,0.019,0.088,0,0,0,0,0,0,
K8_R0.90_T1_H1_A0.85M5_S8011_EDGE_MARKET_inprocess,8011,8,0.9,1,1,SWEEP,0.85,5.0,,EDGE_MARKET,inprocess,d0bbe22a8eb8f16a0ddddbbc4a5a268dd60a03174fb6a403abc2f56732ab75cc,70fee6952a348e04b31c7ea375c075cfd3d4f22ce2a86177692fd50c13994ebe,0.29,0,62,48,1,49,13,79.03225806451613,82.85714285714286,91.30434782608695,100.0,71.7948717948718,86.95652173913044,783,15.979591836734693,0,0,0,0,6,0,0,0,0,0,5.666,3.8721,4769,1226607,234,33,14,0.07764876632801161,3,0.033219,0.18870800000000004,115,0.066,0.241,0.376,891,0.453,2.9499999999999997,0,22,0,0,0,0,
K8_R0.90_T1_H1_A0.85M15_S8011_CENTRAL_FB_inprocess,8011,8,0.9,1,1,SWEEP,0.85,15.0,,CENTRAL_FB,inprocess,5a5d10f55f2305315f7a4a39d64cbadee700d65d5b4e15a618903c43815d6a63,e54449e72a6472eb91a039e470c1d80f93d4f183f32f1dc984b6a169386b496f,1.179,0,62,46,1,47,15,75.80645161290323,77.14285714285714,78.26086956521739,100.0,74.35897435897436,82.6086956521739,695,14.787234042553191,0,0,0,0,5,0,0,0,0,0,5.666,3.8721,5964,1219516,290,52,35,0.11014599889114766,3,0.994325,0.10562400000000001,139,6.518000000000001,16.011,22.189,14,0.017,0.034999999999999996,0,0,0,0,0,0,
K8_R0.90_T1_H1_A0.85M15_S8011_CENTRAL_inprocess,8011,8,0.9,1,1,SWEEP,0.85,15.0,,CENTRAL,inprocess,5a5d10f55f2305315f7a4a39d64cbadee700d65d5b4e15a618903c43815d6a63,db6d6af4778c879eb6214fc9a74e8968769082ff7874baf9d3bd48d593648ad9,1.462,0,62,47,1,48,14,77.41935483870968,79.04761904761905,82.6086956521739,100.0,74.35897435897436,82.6086956521739,705,14.6875,0,0,0,0,6,0,0,0,0,0,5.6558,3.8721,5988,1222010,281,47,35,0.11086596800882516,3,1.236908,0.11888,143,8.439,16.448,28.361,0,0.0,0.0,0,0,0,0,0,0,
K8_R0.90_T1_H1_A0.85M15_S8011_HYBRID_inprocess,8011,8,0.9,1,1,SWEEP,0.85,15.0,,HYBRID,inprocess,5a5d10f55f2305315f7a4a39d64cbadee700d65d5b4e15a618903c43815d6a63,035ab2d2f55046a91d06c56cb6e38d88740b2be715b5bbca3374229b32f0eec3,1.207,0,62,46,1,47,15,75.80645161290323,77.14285714285714,78.26086956521739,100.0,74.35897435897436,82.6086956521739,695,14.787234042553191,0,0,0,0,5,0,0,0,0,0,5.666,3.8721,5964,1219516,290,52,35,0.11014599889114766,3,1.025078,0.096542,139,6.902,14.663,20.423000000000002,14,0.016,0.029,0,0,0,0,0,0,
K8_R0.90_T1_H1_A0.85M15_S8011_EDGE_MARKET_inprocess,8011,8,0.9,1,1,SWEEP,0.85,15.0,,EDGE_MARKET,inprocess,5a5d10f55f2305315f7a4a39d64cbadee700d65d5b4e15a618903c43815d6a63,493decadb13784adeaa8d50706ebaf82c282e43fd273c04d354b6c68dcbcad58,0.216,0,62,48,1,49,13,79.03225806451613,80.0,82.6086956521739,85.71428571428571,76.92307692307692,95.65217391304348,706,14.408163265306122,0,0,0,0,5,0,0,0,0,0,5.6508,3.8721,4604,1189600,197,22,16,0.047783251231527095,3,0.025876,0.135477,81,0.054,0.162,0.434,721,0.366,2.3440000000000003,0,26,0,0,0,0,
K8_R0.90_T1_H1_A0.85M15_S8011_HYBRID_EAGER_inprocess,8011,8,0.9,1,1,SWEEP,0.85,15.0,,HYBRID_EAGER,inprocess,5a5d10f55f2305315f7a4a39d64cbadee700d65d5b4e15a618903c43815d6a63,cfb26c6be904581936e1a1bff83ead4debd825d0c668c735e678af369dea162d,1.406,0,62,46,1,47,15,75.80645161290323,77.14285714285714,78.26086956521739,100.0,74.35897435897436,82.6086956521739,695,14.787234042553191,0,0,0,0,5,0,0,0,0,0,5.666,3.8721,5964,1219150,290,52,35,0.11014599889114766,3,1.161982,0.130483,139,8.101,16.526,18.592000000000002,31,0.036000000000000004,0.088,0,0,0,0,0,0,
K8_R0.90_T1_H1_A0.85M30_S8011_CENTRAL_inprocess,8011,8,0.9,1,1,SWEEP,0.85,30.0,,CENTRAL,inprocess,f2047027c9bf4797fe57e5fb3ea7f8d0f9396f17e17b4d836281c22835fa4c86,8400c99dd50a9fef0e494a51da6815be5844367b1d33e81367b7a9e1b3da0c7a,0.851,0,62,46,1,47,15,75.80645161290323,78.0952380952381,73.91304347826087,100.0,76.92307692307692,82.6086956521739,652,13.872340425531915,0,0,0,0,6,0,0,0,0,0,5.6011,3.8721,5183,1147184,242,51,117,0.28081740276862227,1,0.685404,0.089905,112,5.863,12.357999999999999,19.759999999999998,0,0.0,0.0,0,1,0,0,0,0,
K8_R0.90_T1_H1_A0.85M30_S8011_CENTRAL_FB_inprocess,8011,8,0.9,1,1,SWEEP,0.85,30.0,,CENTRAL_FB,inprocess,f2047027c9bf4797fe57e5fb3ea7f8d0f9396f17e17b4d836281c22835fa4c86,5c5782e618e16039ef8b70ff0ea7f23341f6ba2add2ff7e110c01a56fdc0a363,1.159,0,62,47,1,48,14,77.41935483870968,80.95238095238095,78.26086956521739,100.0,76.92307692307692,91.30434782608695,707,14.729166666666666,0,0,0,0,6,0,0,0,0,0,5.6355,3.8721,5497,1178005,265,49,117,0.223911257189811,1,0.936168,0.1068,117,8.654,16.612,24.396,15,0.046,2.8489999999999998,0,0,0,0,0,0,
K8_R0.90_T1_H1_A0.85M30_S8011_HYBRID_inprocess,8011,8,0.9,1,1,SWEEP,0.85,30.0,,HYBRID,inprocess,f2047027c9bf4797fe57e5fb3ea7f8d0f9396f17e17b4d836281c22835fa4c86,63b0a9d75e5e75886b6bdd6e52a3086c2f176d8737c445708999d406a437bf36,0.968,0,62,47,1,48,14,77.41935483870968,80.95238095238095,78.26086956521739,100.0,76.92307692307692,91.30434782608695,707,14.729166666666666,0,0,0,0,6,0,0,0,0,0,5.6355,3.8721,5497,1178005,265,49,117,0.223911257189811,1,0.750308,0.103211,117,6.627,13.347,24.081000000000003,15,0.04,2.235,0,0,0,0,0,0,
K8_R0.90_T1_H1_A0.85M30_S8011_EDGE_MARKET_inprocess,8011,8,0.9,1,1,SWEEP,0.85,30.0,,EDGE_MARKET,inprocess,f2047027c9bf4797fe57e5fb3ea7f8d0f9396f17e17b4d836281c22835fa4c86,a355748aa43e3292f6513a84c9b876b0ed24309f54eaaa8429b6d3a9a8d2ac41,0.216,0,62,49,1,50,12,80.64516129032258,81.9047619047619,82.6086956521739,85.71428571428571,79.48717948717949,100.0,721,14.42,0,0,0,0,4,0,0,0,0,0,5.6508,3.8721,4537,1176465,210,31,89,0.12295081967213115,1,0.024697,0.134406,82,0.047,0.14400000000000002,0.242,662,0.38499999999999995,2.449,0,25,0,0,0,0,
K8_R0.90_T1_H1_A0.85M30_S8011_HYBRID_EAGER_inprocess,8011,8,0.9,1,1,SWEEP,0.85,30.0,,HYBRID_EAGER,inprocess,f2047027c9bf4797fe57e5fb3ea7f8d0f9396f17e17b4d836281c22835fa4c86,e2c50f4a5a46f58535ec39d1852d0dc9c2f1ee9c989508a02526f87c3c3fcdbf,0.987,0,62,47,1,48,14,77.41935483870968,80.95238095238095,78.26086956521739,100.0,76.92307692307692,91.30434782608695,707,14.729166666666666,0,0,0,0,6,0,0,0,0,0,5.6355,3.8721,5497,1177748,265,49,117,0.223911257189811,1,0.789401,0.109729,117,6.599,16.6,25.398,24,0.082,2.786,0,0,0,0,0,0,
K8_R0.90_T1_H1_A0.75M5_S8011_CENTRAL_inprocess,8011,8,0.9,1,1,SWEEP,0.75,5.0,,CENTRAL,inprocess,349592ab05ba37e916708862b07e9ce61c3c5b32840fa2cdd879635a28c29d87,0b348a3a4b40138fa1484aecce576d98d8ffdf46cfcc803a61c0ec03738553ea,1.254,0,62,47,1,48,14,77.41935483870968,80.0,78.26086956521739,100.0,76.92307692307692,82.6086956521739,698,14.541666666666666,0,0,0,0,7,0,0,0,0,0,5.6535,3.8721,6298,1257874,272,39,23,0.28904161893852615,3,1.065558,0.10215099999999999,211,4.756,12.838000000000001,20.613,0,0.0,0.0,0,0,0,0,0,0,
K8_R0.90_T1_H1_A0.75M5_S8011_CENTRAL_FB_inprocess,8011,8,0.9,1,1,SWEEP,0.75,5.0,,CENTRAL_FB,inprocess,349592ab05ba37e916708862b07e9ce61c3c5b32840fa2cdd879635a28c29d87,12e4966fce20c62554b28210842bc53ffa8cdd0df332f7ddd93b84c8cd5928fb,1.381,0,62,47,1,48,14,77.41935483870968,80.0,78.26086956521739,100.0,76.92307692307692,82.6086956521739,698,14.541666666666666,0,0,0,0,7,0,0,0,0,0,5.6535,3.8721,6298,1257894,272,39,23,0.28904161893852615,3,1.164184,0.109247,211,4.994,15.018,18.733,25,0.077,0.079,0,0,0,0,0,0,
K8_R0.90_T1_H1_A0.75M5_S8011_HYBRID_inprocess,8011,8,0.9,1,1,SWEEP,0.75,5.0,,HYBRID,inprocess,349592ab05ba37e916708862b07e9ce61c3c5b32840fa2cdd879635a28c29d87,e378ff32957a60138a52615f4fcfcf85ecf5b354d1cfd2176520985a57c15e0e,1.53,0,62,47,1,48,14,77.41935483870968,80.0,78.26086956521739,100.0,76.92307692307692,82.6086956521739,698,14.541666666666666,0,0,0,0,7,0,0,0,0,0,5.6535,3.8721,6298,1257894,272,39,23,0.28904161893852615,3,1.315744,0.12037199999999999,211,6.018,15.313,24.128,25,0.097,0.1,0,0,0,0,0,0,
K8_R0.90_T1_H1_A0.75M5_S8011_HYBRID_EAGER_inprocess,8011,8,0.9,1,1,SWEEP,0.75,5.0,,HYBRID_EAGER,inprocess,349592ab05ba37e916708862b07e9ce61c3c5b32840fa2cdd879635a28c29d87,5e726f05804e881326f0ce7be50ffad8be603c9c2e70738435dbd421e4f9436a,1.519,0,62,45,1,46,16,74.19354838709677,78.0952380952381,78.26086956521739,100.0,71.7948717948718,82.6086956521739,723,15.717391304347826,0,0,0,0,5,0,0,0,0,0,5.6507,3.8721,6140,1225264,256,38,23,0.2733359590389917,3,1.285018,0.120259,205,5.712,16.188000000000002,22.689999999999998,79,0.058,2.63,0,0,0,0,0,0,
K8_R0.90_T1_H1_A0.75M5_S8011_EDGE_MARKET_inprocess,8011,8,0.9,1,1,SWEEP,0.75,5.0,,EDGE_MARKET,inprocess,349592ab05ba37e916708862b07e9ce61c3c5b32840fa2cdd879635a28c29d87,4c5eee929de6924295feb860417d7e0914af7eaba659ae23380a880645984c80,0.296,0,62,47,1,48,14,77.41935483870968,80.0,82.6086956521739,85.71428571428571,74.35897435897436,91.30434782608695,771,16.0625,0,0,0,0,5,0,0,0,0,0,5.6663,3.8721,4487,1167410,178,43,21,0.13071512309495897,3,0.029082,0.189593,100,0.061,0.126,0.8360000000000001,609,0.526,3.235,0,20,0,0,0,0,
K8_R0.90_T1_H1_A0.75M15_S8011_CENTRAL_FB_inprocess,8011,8,0.9,1,1,SWEEP,0.75,15.0,,CENTRAL_FB,inprocess,62fe44e8d299978698d927ec3da8b9b51fa528eb29b25e42e5a2ae4834726d99,2f8acac45c3e76761a4238316b871025efecce6b6eb082bd140263b9d3599381,1.341,0,62,48,1,49,13,79.03225806451613,82.85714285714286,86.95652173913044,100.0,74.35897435897436,82.6086956521739,730,14.89795918367347,0,0,0,0,7,0,0,0,0,0,5.6693,3.8721,5803,1202712,238,56,46,0.21158129175946547,3,1.144441,0.111848,155,7.797,13.756,22.718,25,0.148,0.415,0,0,0,0,0,0,
K8_R0.90_T1_H1_A0.75M15_S8011_CENTRAL_inprocess,8011,8,0.9,1,1,SWEEP,0.75,15.0,,CENTRAL,inprocess,62fe44e8d299978698d927ec3da8b9b51fa528eb29b25e42e5a2ae4834726d99,07b147ced5a9a846ca88aaa9dfb1bf3a9a7431b521c8f94e20a1c011ee104738,1.441,0,62,48,1,49,13,79.03225806451613,82.85714285714286,86.95652173913044,100.0,74.35897435897436,82.6086956521739,730,14.89795918367347,0,0,0,0,7,0,0,0,0,0,5.6693,3.8721,5803,1202712,238,56,46,0.21158129175946547,3,1.212781,0.11541699999999999,155,8.297,15.78,21.803,0,0.0,0.0,0,0,0,0,0,0,
K8_R0.90_T1_H1_A0.75M15_S8011_HYBRID_EAGER_inprocess,8011,8,0.9,1,1,SWEEP,0.75,15.0,,HYBRID_EAGER,inprocess,62fe44e8d299978698d927ec3da8b9b51fa528eb29b25e42e5a2ae4834726d99,54d222dcf515669865629387990f3ddd72afd8b14a4f309db29321b78d613be9,1.233,0,62,48,1,49,13,79.03225806451613,82.85714285714286,86.95652173913044,100.0,74.35897435897436,82.6086956521739,656,13.387755102040817,0,0,0,0,4,0,0,0,0,0,5.7804,3.8721,5566,1182093,231,59,46,0.16996383748138694,3,1.000847,0.118841,139,7.839,13.993,21.225,48,0.106,0.364,0,0,0,0,0,0,
K8_R0.90_T1_H1_A0.75M15_S8011_HYBRID_inprocess,8011,8,0.9,1,1,SWEEP,0.75,15.0,,HYBRID,inprocess,62fe44e8d299978698d927ec3da8b9b51fa528eb29b25e42e5a2ae4834726d99,48d6c03fa78b2df6c061cdc7bfa4cb7267f567bcd9aeb01ad66a78385e24a0b3,1.32,0,62,48,1,49,13,79.03225806451613,82.85714285714286,86.95652173913044,100.0,74.35897435897436,82.6086956521739,730,14.89795918367347,0,0,0,0,7,0,0,0,0,0,5.6693,3.8721,5803,1202712,238,56,46,0.21158129175946547,3,1.109936,0.11265,155,7.768,13.625,21.097,25,0.159,0.354,0,0,0,0,0,0,
K8_R0.90_T1_H1_A0.75M15_S8011_EDGE_MARKET_inprocess,8011,8,0.9,1,1,SWEEP,0.75,15.0,,EDGE_MARKET,inprocess,62fe44e8d299978698d927ec3da8b9b51fa528eb29b25e42e5a2ae4834726d99,e3273256bc4c0f96bf1211b66692564cef6fd9b9669e9c5d07727c5ecbe6ba44,0.279,0,62,49,1,50,12,80.64516129032258,82.85714285714286,82.6086956521739,100.0,79.48717948717949,95.65217391304348,746,14.92,0,0,0,0,5,0,0,0,0,0,5.6611,3.8721,4563,1164959,193,43,25,0.04986376021798365,4,0.029659,0.18151199999999998,104,0.063,0.156,0.23900000000000002,703,0.479,3.366,0,22,0,0,0,0,
K8_R0.90_T1_H1_A0.75M30_S8011_CENTRAL_inprocess,8011,8,0.9,1,1,SWEEP,0.75,30.0,,CENTRAL,inprocess,a73c12e93c0709b09f9889a88b1e65985add3ff62c71c589be7fe2e5aada3cf0,63f0b2c19864de36c759b3a8452c0b6220832b6745d2fd161f931558f4a50cf6,0.838,0,62,47,1,48,14,77.41935483870968,80.95238095238095,82.6086956521739,100.0,74.35897435897436,82.6086956521739,738,15.375,0,0,0,0,8,0,0,0,0,0,5.633,3.8721,5050,1150746,195,33,118,0.46117234468937873,2,0.669039,0.096222,116,4.864,15.906,26.703,0,0.0,0.0,0,0,0,0,0,0,
K8_R0.90_T1_H1_A0.75M30_S8011_CENTRAL_FB_inprocess,8011,8,0.9,1,1,SWEEP,0.75,30.0,,CENTRAL_FB,inprocess,a73c12e93c0709b09f9889a88b1e65985add3ff62c71c589be7fe2e5aada3cf0,be17924fbecfefe1594a5e0f05efb71cb9d2e6b75cb682abf7234bc398b60698,0.901,0,62,47,1,48,14,77.41935483870968,80.95238095238095,82.6086956521739,100.0,74.35897435897436,82.6086956521739,738,15.375,0,0,0,0,8,0,0,0,0,0,5.633,3.8721,5050,1150707,195,33,118,0.46117234468937873,2,0.707416,0.10837200000000001,116,5.361000000000001,16.004,22.426000000000002,33,0.044,0.132,0,0,0,0,0,0,
K8_R0.90_T1_H1_A0.75M30_S8011_HYBRID_inprocess,8011,8,0.9,1,1,SWEEP,0.75,30.0,,HYBRID,inprocess,a73c12e93c0709b09f9889a88b1e65985add3ff62c71c589be7fe2e5aada3cf0,416381279a0742b37d23bab939cdee857f4c858d6260364d2f0090c872b83f72,0.842,0,62,47,1,48,14,77.41935483870968,80.95238095238095,82.6086956521739,100.0,74.35897435897436,82.6086956521739,738,15.375,0,0,0,0,8,0,0,0,0,0,5.633,3.8721,5050,1150707,195,33,118,0.46117234468937873,2,0.653401,0.101614,116,5.109,14.638,21.705,33,0.041,0.082,0,0,0,0,0,0,
K8_R0.90_T1_H1_A0.75M30_S8011_EDGE_MARKET_inprocess,8011,8,0.9,1,1,SWEEP,0.75,30.0,,EDGE_MARKET,inprocess,a73c12e93c0709b09f9889a88b1e65985add3ff62c71c589be7fe2e5aada3cf0,6885b2727de06f6487e3f9c39d393d1ce836f3efe671501dd43b0abf266e3211,0.253,0,62,50,1,51,11,82.25806451612904,82.85714285714286,82.6086956521739,100.0,82.05128205128206,86.95652173913044,708,13.882352941176471,0,0,0,0,4,0,0,0,0,0,5.663,3.8721,4443,1155151,155,34,89,0.2443653618030842,2,0.028925,0.156619,100,0.046,0.19699999999999998,0.289,602,0.434,2.7439999999999998,0,22,0,0,0,0,
K8_R0.90_T1_H1_A0.75M30_S8011_HYBRID_EAGER_inprocess,8011,8,0.9,1,1,SWEEP,0.75,30.0,,HYBRID_EAGER,inprocess,a73c12e93c0709b09f9889a88b1e65985add3ff62c71c589be7fe2e5aada3cf0,0b5bfcd02acf5e550e43ccf177096ca9081a47843b6ab675c343055d913764eb,0.847,0,62,48,1,49,13,79.03225806451613,82.85714285714286,86.95652173913044,100.0,74.35897435897436,82.6086956521739,743,15.16326530612245,0,0,0,0,7,0,0,0,0,0,5.633,3.8721,5041,1150082,176,36,118,0.465400949288034,2,0.658708,0.10652800000000001,115,5.015000000000001,14.462,23.831000000000003,43,0.041,0.106,0,0,0,0,0,0,
K8_R0.90_T1_H1_A0.65M5_S8011_CENTRAL_inprocess,8011,8,0.9,1,1,SWEEP,0.65,5.0,,CENTRAL,inprocess,42124122c5e92ab6af5027f7b83d3d3a55977066a74eda1f1d3796f599316eed,3c3ce31fe3ca312f63d173a95f03b6cd8067d993f907710d55111261d3dd9e0b,1.46,0,62,46,1,47,15,75.80645161290323,78.0952380952381,69.56521739130434,100.0,79.48717948717949,86.95652173913044,672,14.297872340425531,0,0,0,0,4,0,0,0,0,0,5.6314,3.8721,6649,1275846,258,56,23,0.458047292143402,4,1.243358,0.11444299999999999,238,4.999,13.339,20.483999999999998,0,0.0,0.0,0,0,0,0,0,0,
K8_R0.90_T1_H1_A0.65M5_S8011_CENTRAL_FB_inprocess,8011,8,0.9,1,1,SWEEP,0.65,5.0,,CENTRAL_FB,inprocess,42124122c5e92ab6af5027f7b83d3d3a55977066a74eda1f1d3796f599316eed,b5af958629698750de935872ab69f76b12cc3bc340e909729807f4bc1d86a484,1.557,0,62,45,1,46,16,74.19354838709677,78.0952380952381,82.6086956521739,100.0,69.23076923076923,82.6086956521739,667,14.5,0,0,0,0,5,0,0,0,0,0,5.6341,3.8721,6377,1247515,239,52,23,0.44806763285024154,4,1.297188,0.12822,238,4.890000000000001,15.344999999999999,26.943,41,0.118,2.791,0,0,0,0,0,0,
K8_R0.90_T1_H1_A0.65M5_S8011_HYBRID_inprocess,8011,8,0.9,1,1,SWEEP,0.65,5.0,,HYBRID,inprocess,42124122c5e92ab6af5027f7b83d3d3a55977066a74eda1f1d3796f599316eed,afd3c0c6440baad2d1512d3f0c545663e5357295e50554b6c3da7d65ed9879fb,1.338,0,62,45,1,46,16,74.19354838709677,78.0952380952381,82.6086956521739,100.0,69.23076923076923,82.6086956521739,667,14.5,0,0,0,0,5,0,0,0,0,0,5.6341,3.8721,6377,1247515,239,52,23,0.44806763285024154,4,1.117948,0.10573099999999999,238,4.159999999999999,13.009,19.399,41,0.102,4.124,0,0,0,0,0,0,
K8_R0.90_T1_H1_A0.65M5_S8011_EDGE_MARKET_inprocess,8011,8,0.9,1,1,SWEEP,0.65,5.0,,EDGE_MARKET,inprocess,42124122c5e92ab6af5027f7b83d3d3a55977066a74eda1f1d3796f599316eed,3f9707abc8fe91181b322695aa2efd535b1e7a7b953d0f9921e1efee77a6907c,0.206,0,62,48,1,49,13,79.03225806451613,79.04761904761905,73.91304347826087,71.42857142857143,82.05128205128206,95.65217391304348,795,16.224489795918366,0,0,0,0,6,0,0,0,0,0,5.6371,3.8721,4309,1144804,165,32,23,0.16924157303370788,4,0.020535,0.13259100000000001,71,0.043000000000000003,0.097,0.18000000000000002,450,0.393,2.64,0,16,0,0,0,0,
K8_R0.90_T1_H1_A0.65M5_S8011_HYBRID_EAGER_inprocess,8011,8,0.9,1,1,SWEEP,0.65,5.0,,HYBRID_EAGER,inprocess,42124122c5e92ab6af5027f7b83d3d3a55977066a74eda1f1d3796f599316eed,72175d38f44170a5cee9b51c3624d4cc8d94059ce0577d62b35bb796767318fb,1.398,0,62,47,1,48,14,77.41935483870968,81.9047619047619,82.6086956521739,100.0,74.35897435897436,91.30434782608695,681,14.1875,0,0,0,0,6,0,0,0,0,0,5.6459,3.8721,6163,1246027,232,47,23,0.440337909186906,5,1.16746,0.12489,235,4.797,11.540999999999999,25.57,105,0.10500000000000001,0.472,0,0,0,0,0,0,
K8_R0.90_T1_H1_A0.65M15_S8011_CENTRAL_FB_inprocess,8011,8,0.9,1,1,SWEEP,0.65,15.0,,CENTRAL_FB,inprocess,d384d8c98c9f2f810c803baee98c3f980d03241dde6c4bec62d39a31db9fcf34,9407e805bac5897e41d6b47023cbb78dc2020877234ae77f2f9f980205a3ddf6,1.103,0,62,46,1,47,15,75.80645161290323,79.04761904761905,78.26086956521739,100.0,74.35897435897436,95.65217391304348,667,14.191489361702128,0,0,0,0,6,0,0,0,0,0,5.648,3.8721,5680,1191827,227,40,101,0.3652466367713004,4,0.917546,0.10121999999999999,156,6.125,13.280999999999999,21.326,37,0.041,0.09899999999999999,0,0,0,0,0,0,
K8_R0.90_T1_H1_A0.65M15_S8011_CENTRAL_inprocess,8011,8,0.9,1,1,SWEEP,0.65,15.0,,CENTRAL,inprocess,d384d8c98c9f2f810c803baee98c3f980d03241dde6c4bec62d39a31db9fcf34,0c8a012706966640a002c2c0729a800da75a8684372929e4c61c17f550b2ce68,1.189,0,62,45,1,46,16,74.19354838709677,77.14285714285714,73.91304347826087,100.0,74.35897435897436,82.6086956521739,663,14.41304347826087,0,0,0,0,5,0,0,0,0,0,5.6166,3.8721,5817,1204691,224,48,84,0.3876929767340726,4,0.993265,0.111813,169,5.638,13.918,21.253999999999998,0,0.0,0.0,0,0,0,0,0,0,
K8_R0.90_T1_H1_A0.65M15_S8011_HYBRID_inprocess,8011,8,0.9,1,1,SWEEP,0.65,15.0,,HYBRID,inprocess,d384d8c98c9f2f810c803baee98c3f980d03241dde6c4bec62d39a31db9fcf34,c42119df26774a659d0de139c27fecd3e6160450ddc39df8b852da44fe6fb452,1.213,0,62,46,1,47,15,75.80645161290323,79.04761904761905,78.26086956521739,100.0,74.35897435897436,95.65217391304348,667,14.191489361702128,0,0,0,0,6,0,0,0,0,0,5.648,3.8721,5680,1191827,227,40,101,0.3652466367713004,4,1.016021,0.11254199999999998,156,7.288,12.947000000000001,22.22,37,0.045000000000000005,0.12000000000000001,0,0,0,0,0,0,
K8_R0.90_T1_H1_A0.65M15_S8011_HYBRID_EAGER_inprocess,8011,8,0.9,1,1,SWEEP,0.65,15.0,,HYBRID_EAGER,inprocess,d384d8c98c9f2f810c803baee98c3f980d03241dde6c4bec62d39a31db9fcf34,b0fa8afd8acb270130bfd54b243f5c6539c0aec4ea8bde7a44f285cd82536b56,1.282,0,62,47,1,48,14,77.41935483870968,78.0952380952381,82.6086956521739,57.142857142857146,74.35897435897436,86.95652173913044,723,15.0625,0,0,0,0,6,0,0,0,0,0,5.648,3.8721,5869,1207464,233,52,46,0.38021505376344084,3,1.0474,0.122068,166,5.792000000000001,13.759,21.503999999999998,55,0.051,0.49299999999999994,0,1,0,0,0,0,
K8_R0.90_T1_H1_A0.65M15_S8011_EDGE_MARKET_inprocess,8011,8,0.9,1,1,SWEEP,0.65,15.0,,EDGE_MARKET,inprocess,d384d8c98c9f2f810c803baee98c3f980d03241dde6c4bec62d39a31db9fcf34,d4b361e0769a51627036f50fa2a7f4780bfefba07a53e6f9a33045267b550446,0.313,0,62,47,1,48,14,77.41935483870968,79.04761904761905,78.26086956521739,100.0,76.92307692307692,91.30434782608695,747,15.5625,0,0,0,0,6,0,0,0,0,0,5.6569,3.8721,4563,1186289,195,35,113,0.22265742693582405,4,0.032543,0.201321,111,0.064,0.221,0.417,699,0.5199999999999999,3.6470000000000002,0,21,0,0,0,0,
K8_R0.90_T1_H1_A0.65M30_S8011_CENTRAL_inprocess,8011,8,0.9,1,1,SWEEP,0.65,30.0,,CENTRAL,inprocess,fb13d3c8198161e5e01f2ea4701bf5e7a8129270c2edbf1139ed5edf652270ac,a3a237bbdad5bc8d5ed10f2afb82598896c015432112290840aa76fa84b1701b,0.957,0,62,46,1,47,15,75.80645161290323,78.0952380952381,78.26086956521739,100.0,74.35897435897436,82.6086956521739,712,15.148936170212766,0,0,0,0,6,0,0,0,0,0,5.6069,3.8721,5277,1147491,199,32,117,0.3959224767178455,3,0.775382,0.10140099999999999,122,5.829,13.653,16.666,0,0.0,0.0,0,1,0,0,0,0,
K8_R0.90_T1_H1_A0.65M30_S8011_CENTRAL_FB_inprocess,8011,8,0.9,1,1,SWEEP,0.65,30.0,,CENTRAL_FB,inprocess,fb13d3c8198161e5e01f2ea4701bf5e7a8129270c2edbf1139ed5edf652270ac,b33b360d8b4a04d66b025e0779e2ffaeb2c4b3dc1e8a705d901acb50931ca650,0.836,0,62,46,1,47,15,75.80645161290323,78.0952380952381,78.26086956521739,100.0,74.35897435897436,82.6086956521739,712,15.148936170212766,0,0,0,0,6,0,0,0,0,0,5.6069,3.8721,5277,1147491,199,32,117,0.3959224767178455,3,0.679818,0.088753,122,4.812,11.422,23.433,45,0.107,0.39599999999999996,0,1,0,0,0,0,
K8_R0.90_T1_H1_A0.65M30_S8011_HYBRID_EAGER_inprocess,8011,8,0.9,1,1,SWEEP,0.65,30.0,,HYBRID_EAGER,inprocess,fb13d3c8198161e5e01f2ea4701bf5e7a8129270c2edbf1139ed5edf652270ac,d764cbd59175301d4abb0916265e7b1e8942bedaf48787bf5436e540324f9ea1,0.798,0,62,46,1,47,15,75.80645161290323,78.0952380952381,78.26086956521739,100.0,74.35897435897436,82.6086956521739,712,15.148936170212766,0,0,0,0,6,0,0,0,0,0,5.6069,3.8721,5277,1147521,199,32,117,0.3959224767178455,3,0.650492,0.08863400000000002,122,4.688999999999999,11.068,17.365,58,0.08,0.38499999999999995,0,1,0,0,0,0,
K8_R0.90_T1_H1_A0.65M30_S8011_HYBRID_inprocess,8011,8,0.9,1,1,SWEEP,0.65,30.0,,HYBRID,inprocess,fb13d3c8198161e5e01f2ea4701bf5e7a8129270c2edbf1139ed5edf652270ac,0e8d02cb4302e9b834c4b73305b16aa6fec6ad2b0d88f8193ff86c643c7e2562,1.037,0,62,46,1,47,15,75.80645161290323,78.0952380952381,78.26086956521739,100.0,74.35897435897436,82.6086956521739,712,15.148936170212766,0,0,0,0,6,0,0,0,0,0,5.6069,3.8721,5277,1147491,199,32,117,0.3959224767178455,3,0.82881,0.108519,122,6.041,15.270999999999999,33.689,45,0.104,0.535,0,1,0,0,0,0,
K8_R0.90_T1_H1_A0.65M30_S8011_EDGE_MARKET_inprocess,8011,8,0.9,1,1,SWEEP,0.65,30.0,,EDGE_MARKET,inprocess,fb13d3c8198161e5e01f2ea4701bf5e7a8129270c2edbf1139ed5edf652270ac,1fc4aafa1b3e9aa4fc7ffb1fa2dd68ab052fdf90be5a76da29ad232fd6a83003,0.254,0,62,50,1,51,11,82.25806451612904,84.76190476190476,86.95652173913044,100.0,79.48717948717949,82.6086956521739,752,14.745098039215685,0,0,0,0,5,0,0,0,0,0,5.6318,3.8721,4498,1169474,163,27,76,0.21271239773442416,2,0.027934,0.15768999999999997,111,0.049,0.14100000000000001,0.201,620,0.378,2.355,0,28,0,0,0,0,
K8_R0.90_T1_H1_A0.55M5_S8011_CENTRAL_FB_inprocess,8011,8,0.9,1,1,SWEEP,0.55,5.0,,CENTRAL_FB,inprocess,945b83b116e7dd43c1b3ca9c511b902bfd829c66e6250c10b20d49e5ed141d16,0363b2ee3253652171db6bb499a0d7055b89ccae9c9a4ae430c371f3ab2d3f85,1.143,0,62,46,1,47,15,75.80645161290323,79.04761904761905,73.91304347826087,100.0,76.92307692307692,82.6086956521739,708,15.063829787234043,0,0,0,0,5,0,0,0,0,0,5.642,3.8721,6344,1264258,230,40,23,0.6313940724478595,11,0.954067,0.108603,257,3.354,9.548,15.979000000000001,51,0.037,0.083,0,1,0,0,0,0,
K8_R0.90_T1_H1_A0.55M5_S8011_CENTRAL_inprocess,8011,8,0.9,1,1,SWEEP,0.55,5.0,,CENTRAL,inprocess,945b83b116e7dd43c1b3ca9c511b902bfd829c66e6250c10b20d49e5ed141d16,dba953c928f390000769a551b2646ffbfb6312ef14cd45b1181ecf72fc6454ee,1.37,0,62,46,1,47,15,75.80645161290323,79.04761904761905,73.91304347826087,100.0,76.92307692307692,82.6086956521739,708,15.063829787234043,0,0,0,0,5,0,0,0,0,0,5.642,3.8721,6344,1264294,230,40,23,0.6313940724478595,11,1.132324,0.122713,257,4.066,12.247,22.003999999999998,0,0.0,0.0,0,1,0,0,0,0,
K8_R0.90_T1_H1_A0.55M5_S8011_HYBRID_EAGER_inprocess,8011,8,0.9,1,1,SWEEP,0.55,5.0,,HYBRID_EAGER,inprocess,945b83b116e7dd43c1b3ca9c511b902bfd829c66e6250c10b20d49e5ed141d16,e008042cd83c94dbcf13d3e16d27f21f42b3449addc1a6c76ecd9e814a3ca84c,1.231,0,62,49,1,50,12,80.64516129032258,81.9047619047619,86.95652173913044,71.42857142857143,76.92307692307692,91.30434782608695,739,14.78,0,0,0,0,6,0,0,0,0,0,5.6579,3.8721,6163,1227010,215,50,24,0.5490867579908676,8,1.026995,0.11131,260,3.8440000000000003,10.462000000000002,19.773,132,0.039,0.40299999999999997,0,1,0,0,0,0,
K8_R0.90_T1_H1_A0.55M5_S8011_HYBRID_inprocess,8011,8,0.9,1,1,SWEEP,0.55,5.0,,HYBRID,inprocess,945b83b116e7dd43c1b3ca9c511b902bfd829c66e6250c10b20d49e5ed141d16,ddb8cf05db2fe1ee20820885ddadeb4fb1ef59ad390179f825c312250c2b7f14,1.363,0,62,46,1,47,15,75.80645161290323,79.04761904761905,73.91304347826087,100.0,76.92307692307692,82.6086956521739,708,15.063829787234043,0,0,0,0,5,0,0,0,0,0,5.642,3.8721,6344,1264258,230,40,23,0.6313940724478595,11,1.120752,0.12191300000000002,257,3.774,13.001999999999999,23.303,51,0.039,0.13699999999999998,0,1,0,0,0,0,
K8_R0.90_T1_H1_A0.55M5_S8011_EDGE_MARKET_inprocess,8011,8,0.9,1,1,SWEEP,0.55,5.0,,EDGE_MARKET,inprocess,945b83b116e7dd43c1b3ca9c511b902bfd829c66e6250c10b20d49e5ed141d16,e588393c8a23cbb371a12415999fd872edfd233b93bd2f71f0bbb05e82257ed6,0.227,0,62,46,1,47,15,75.80645161290323,75.23809523809524,65.21739130434783,85.71428571428571,82.05128205128206,86.95652173913044,702,14.936170212765957,0,0,0,0,5,0,0,0,0,0,5.6498,3.8721,4368,1143471,157,36,22,0.31061496278887585,5,0.021392,0.140997,85,0.051,0.124,0.222,546,0.434,2.9139999999999997,0,14,0,0,0,0,
K8_R0.90_T1_H1_A0.55M15_S8011_CENTRAL_inprocess,8011,8,0.9,1,1,SWEEP,0.55,15.0,,CENTRAL,inprocess,e70d9d50accae1a0cd4124119c069d581458965442474808658e40bfa49c4729,03c9a94480eb97dd9257b084dd24176b8c0ea4e70bd3840eacb598c16b0a1192,0.784,0,62,48,1,49,13,79.03225806451613,82.85714285714286,86.95652173913044,100.0,74.35897435897436,86.95652173913044,742,15.142857142857142,0,0,0,0,6,0,0,0,0,0,5.6266,3.8721,5317,1172055,182,35,113,0.6764137931034483,6,0.610613,0.09857700000000001,161,3.381,9.205,20.206,0,0.0,0.0,0,0,0,0,0,0,
K8_R0.90_T1_H1_A0.55M15_S8011_CENTRAL_FB_inprocess,8011,8,0.9,1,1,SWEEP,0.55,15.0,,CENTRAL_FB,inprocess,e70d9d50accae1a0cd4124119c069d581458965442474808658e40bfa49c4729,49ebe7271aebbffb499cc16b3efd07aa1e946e557f825d3a5c4d85bbc0749931,0.783,0,62,48,1,49,13,79.03225806451613,82.85714285714286,86.95652173913044,100.0,74.35897435897436,86.95652173913044,742,15.142857142857142,0,0,0,0,7,0,0,0,0,0,5.6679,3.8721,5317,1172294,181,35,113,0.673289183222958,6,0.600924,0.10259100000000002,161,3.377,9.336,16.714,59,0.041999999999999996,2.2790000000000004,0,0,0,0,0,0,
K8_R0.90_T1_H1_A0.55M15_S8011_HYBRID_inprocess,8011,8,0.9,1,1,SWEEP,0.55,15.0,,HYBRID,inprocess,e70d9d50accae1a0cd4124119c069d581458965442474808658e40bfa49c4729,ef5a789aceb9c889cbe3317d7e3de6afe8dc74189ea1cb345aaa13c4a2ff6167,0.911,0,62,48,1,49,13,79.03225806451613,82.85714285714286,86.95652173913044,100.0,74.35897435897436,86.95652173913044,742,15.142857142857142,0,0,0,0,7,0,0,0,0,0,5.6679,3.8721,5317,1172294,181,35,113,0.673289183222958,6,0.722334,0.10678399999999998,161,4.074999999999999,10.844,22.101,59,0.056,2.406,0,0,0,0,0,0,
K8_R0.90_T1_H1_A0.55M15_S8011_HYBRID_EAGER_inprocess,8011,8,0.9,1,1,SWEEP,0.55,15.0,,HYBRID_EAGER,inprocess,e70d9d50accae1a0cd4124119c069d581458965442474808658e40bfa49c4729,4df048ec797c61eb93237bced19031dbe6a87516cd06150fac37900ae6e97d5a,0.889,0,62,48,1,49,13,79.03225806451613,80.95238095238095,82.6086956521739,85.71428571428571,76.92307692307692,91.30434782608695,650,13.26530612244898,0,0,0,0,4,0,0,0,0,0,5.6444,3.8721,5127,1141673,190,29,84,0.5685472084185911,6,0.653293,0.123384,150,4.035,10.157,20.802999999999997,90,0.097,13.812,0,0,0,0,0,0,
K8_R0.90_T1_H1_A0.55M15_S8011_EDGE_MARKET_inprocess,8011,8,0.9,1,1,SWEEP,0.55,15.0,,EDGE_MARKET,inprocess,e70d9d50accae1a0cd4124119c069d581458965442474808658e40bfa49c4729,a7a2a07200aaf13158d9c7ca0e7198f94b99f9ba0f56f99c823171224193655a,0.206,0,62,45,1,46,16,74.19354838709677,74.28571428571429,65.21739130434783,71.42857142857143,79.48717948717949,86.95652173913044,770,16.73913043478261,0,0,0,0,6,0,0,0,0,0,5.6653,3.8721,4485,1190660,152,21,113,0.4111913357400722,4,0.019997,0.134692,107,0.034999999999999996,0.13999999999999999,0.254,648,0.375,2.3800000000000003,0,24,0,0,0,0,
K8_R0.90_T1_H1_A0.55M30_S8011_CENTRAL_inprocess,8011,8,0.9,1,1,SWEEP,0.55,30.0,,CENTRAL,inprocess,b429ecbc06cde789f9c2a6c9ca1d96ed813b36e8c9e18c043907bb9fdb536ff8,cfbb98e45ac3d05ab4f92e52918efa5349d9887fffcaeb165c6185012882d823,0.834,0,62,47,1,48,14,77.41935483870968,81.9047619047619,91.30434782608695,85.71428571428571,69.23076923076923,91.30434782608695,643,13.395833333333334,0,0,0,0,4,0,0,0,0,0,5.6656,3.8721,4929,1110910,149,28,126,0.790357698289269,2,0.650825,0.09938100000000001,127,4.814,12.064,15.448,0,0.0,0.0,0,0,0,0,0,0,
K8_R0.90_T1_H1_A0.55M30_S8011_CENTRAL_FB_inprocess,8011,8,0.9,1,1,SWEEP,0.55,30.0,,CENTRAL_FB,inprocess,b429ecbc06cde789f9c2a6c9ca1d96ed813b36e8c9e18c043907bb9fdb536ff8,6082b7588bfcabf8db1bbca9bf680e3c4e912b99425f2773560ca44b9713b0d4,0.813,0,62,47,1,48,14,77.41935483870968,82.85714285714286,86.95652173913044,100.0,71.7948717948718,95.65217391304348,687,14.3125,0,0,0,0,5,0,0,0,0,0,5.6448,3.8721,4986,1100433,144,26,126,0.7868453105968332,2,0.633316,0.099569,130,4.7780000000000005,11.285,15.023,65,0.446,2.884,0,0,0,0,0,0,
K8_R0.90_T1_H1_A0.55M30_S8011_HYBRID_EAGER_inprocess,8011,8,0.9,1,1,SWEEP,0.55,30.0,,HYBRID_EAGER,inprocess,b429ecbc06cde789f9c2a6c9ca1d96ed813b36e8c9e18c043907bb9fdb536ff8,2d6c7c96669f065bbbddd3409a2ff4bbeeee9169aeee0eebf9a11910826721ab,0.812,0,62,47,1,48,14,77.41935483870968,82.85714285714286,86.95652173913044,100.0,71.7948717948718,95.65217391304348,687,14.3125,0,0,0,0,5,0,0,0,0,0,5.6448,3.8721,4986,1100190,144,26,126,0.7868453105968332,2,0.630395,0.10311800000000002,130,4.699,11.28,15.232000000000001,77,0.124,2.9650000000000003,0,0,0,0,0,0,
K8_R0.90_T1_H1_A0.55M30_S8011_HYBRID_inprocess,8011,8,0.9,1,1,SWEEP,0.55,30.0,,HYBRID,inprocess,b429ecbc06cde789f9c2a6c9ca1d96ed813b36e8c9e18c043907bb9fdb536ff8,3d02b803d07b776fc16626b4d7aced497899f0d4f8d9a65fe3d60a83466e69e9,0.87,0,62,47,1,48,14,77.41935483870968,82.85714285714286,86.95652173913044,100.0,71.7948717948718,95.65217391304348,687,14.3125,0,0,0,0,5,0,0,0,0,0,5.6448,3.8721,4986,1100433,144,26,126,0.7868453105968332,2,0.692654,0.10127300000000002,130,4.936,13.749,16.268,65,0.48000000000000004,2.8579999999999997,0,0,0,0,0,0,
K8_R0.90_T1_H1_A0.55M30_S8011_EDGE_MARKET_inprocess,8011,8,0.9,1,1,SWEEP,0.55,30.0,,EDGE_MARKET,inprocess,b429ecbc06cde789f9c2a6c9ca1d96ed813b36e8c9e18c043907bb9fdb536ff8,be06b53c92e11486fbe5908447d62900cbf28ea9de0038b1deb1b1442f28b631,0.233,0,62,47,1,48,14,77.41935483870968,76.19047619047619,69.56521739130434,71.42857142857143,82.05128205128206,95.65217391304348,722,15.041666666666666,0,0,0,0,5,0,0,0,0,0,5.6653,3.8721,4297,1106980,144,23,126,0.6016387046429965,2,0.020665,0.14871099999999998,64,0.047,0.207,0.342,462,0.514,2.761,0,19,0,0,0,0,
K8_R0.90_T1_H1_A0.95M5_S8012_CENTRAL_inprocess,8012,8,0.9,1,1,SWEEP,0.95,5.0,,CENTRAL,inprocess,5c824e25efc8e4051307f98498f0b67b75c6168b0e4c9587fc6d24b9d51710d1,520ddf19f5e891fdb406682626b9ef89b35fd6b161aecaa6f50ee4dc14fa7e19,1.242,0,62,45,2,47,15,75.80645161290323,81.08108108108108,83.33333333333333,100.0,71.05263157894737,72.72727272727273,749,15.936170212765957,0,0,0,0,6,0,0,0,0,0,5.6608,3.8738,5442,1192882,255,51,29,0.10684606252473289,1,1.068863,0.098985,130,7.666,15.699000000000002,19.16,0,0.0,0.0,0,8,0,0,0,0,
K8_R0.90_T1_H1_A0.95M5_S8012_CENTRAL_FB_inprocess,8012,8,0.9,1,1,SWEEP,0.95,5.0,,CENTRAL_FB,inprocess,5c824e25efc8e4051307f98498f0b67b75c6168b0e4c9587fc6d24b9d51710d1,b8a3a079f24e08f3390e9b2a6ee5dcfdccce49dfd89dacc9acf76ee008792b68,1.419,0,62,45,2,47,15,75.80645161290323,81.08108108108108,83.33333333333333,100.0,71.05263157894737,72.72727272727273,749,15.936170212765957,0,0,0,0,6,0,0,0,0,0,5.6608,3.8738,5442,1192882,255,51,29,0.10684606252473289,1,1.210119,0.104673,130,9.594,18.154,29.086000000000002,4,0.029,0.029,0,8,0,0,0,0,
K8_R0.90_T1_H1_A0.95M5_S8012_HYBRID_inprocess,8012,8,0.9,1,1,SWEEP,0.95,5.0,,HYBRID,inprocess,5c824e25efc8e4051307f98498f0b67b75c6168b0e4c9587fc6d24b9d51710d1,16c241a6786f37afe9293636ad7f812bf64d837c7806516ebc891c3e6b52915e,1.418,0,62,45,2,47,15,75.80645161290323,81.08108108108108,83.33333333333333,100.0,71.05263157894737,72.72727272727273,749,15.936170212765957,0,0,0,0,6,0,0,0,0,0,5.6608,3.8738,5442,1192882,255,51,29,0.10684606252473289,1,1.20769,0.113256,130,9.792,16.101,25.248,4,0.029,0.029,0,8,0,0,0,0,
K8_R0.90_T1_H1_A0.95M5_S8012_EDGE_MARKET_inprocess,8012,8,0.9,1,1,SWEEP,0.95,5.0,,EDGE_MARKET,inprocess,5c824e25efc8e4051307f98498f0b67b75c6168b0e4c9587fc6d24b9d51710d1,2123e72e2462bdbc929ab44b19ec7d073cefe68483a4197a08bed7e4e6d97938,0.258,0,62,45,2,47,15,75.80645161290323,81.08108108108108,87.5,90.9090909090909,68.42105263157895,81.81818181818181,750,15.957446808510639,0,0,0,0,7,0,0,0,0,0,5.6338,3.8738,4760,1290712,192,46,28,0.043627227044312475,2,0.030352,0.165907,101,0.060000000000000005,0.192,0.215,881,0.421,3.3240000000000003,0,23,0,0,0,0,
K8_R0.90_T1_H1_A0.95M5_S8012_HYBRID_EAGER_inprocess,8012,8,0.9,1,1,SWEEP,0.95,5.0,,HYBRID_EAGER,inprocess,5c824e25efc8e4051307f98498f0b67b75c6168b0e4c9587fc6d24b9d51710d1,e42b3464c11e3f81bcd5231e509c5eea1fb61804edcca38c80a96dc2d71ec306,1.415,0,62,45,2,47,15,75.80645161290323,79.27927927927928,79.16666666666667,81.81818181818181,73.6842105263158,78.78787878787878,726,15.446808510638299,0,0,0,0,7,0,0,0,0,0,5.648,3.8738,5472,1223393,242,50,29,0.0661692519143923,2,1.193582,0.11953599999999999,131,9.14,17.81,23.808,29,0.058,0.45199999999999996,0,6,0,0,0,0,
K8_R0.90_T1_H1_A0.95M15_S8012_CENTRAL_inprocess,8012,8,0.9,1,1,SWEEP,0.95,15.0,,CENTRAL,inprocess,9c9fba02f6fa98981071f68aac135eb254854a3f749fe54181b221a9b599bff3,5843499cac2f5b1253c7e74a1ad3096fc1f60c820aa62f09c41a7860d196fa9e,1.315,0,62,46,3,49,13,79.03225806451613,81.98198198198199,83.33333333333333,90.9090909090909,76.3157894736842,81.81818181818181,723,14.755102040816327,0,0,0,0,7,0,0,0,0,0,5.6348,3.8738,5503,1201152,255,56,14,0.033441620485381233,1,1.117737,0.106956,130,8.681,17.865,21.279,0,0.0,0.0,0,0,0,0,0,0,
K8_R0.90_T1_H1_A0.95M15_S8012_CENTRAL_FB_inprocess,8012,8,0.9,1,1,SWEEP,0.95,15.0,,CENTRAL_FB,inprocess,9c9fba02f6fa98981071f68aac135eb254854a3f749fe54181b221a9b599bff3,c91b73f304410896973b7530cce325c5c8b64b59dee489786f6b9d2b47b92841,1.55,0,62,46,2,48,14,77.41935483870968,81.98198198198199,87.5,90.9090909090909,71.05263157894737,81.81818181818181,736,15.333333333333334,0,0,0,0,7,0,0,0,0,0,5.6597,3.8738,5605,1225032,296,47,14,0.046235138705416116,2,1.319784,0.10937799999999999,133,9.719999999999999,19.591,27.591,3,0.391,0.391,0,0,0,0,0,0,
K8_R0.90_T1_H1_A0.95M15_S8012_HYBRID_inprocess,8012,8,0.9,1,1,SWEEP,0.95,15.0,,HYBRID,inprocess,9c9fba02f6fa98981071f68aac135eb254854a3f749fe54181b221a9b599bff3,22878b2cb1a8601f34d824310ab2d903ac8c113a4b6f246431742e809758d436,1.486,0,62,46,2,48,14,77.41935483870968,81.98198198198199,87.5,90.9090909090909,71.05263157894737,81.81818181818181,736,15.333333333333334,0,0,0,0,7,0,0,0,0,0,5.6597,3.8738,5605,1225032,296,47,14,0.046235138705416116,2,1.279289,0.10752300000000001,133,9.225999999999999,18.283,24.185000000000002,3,0.38,0.38,0,0,0,0,0,0,
K8_R0.90_T1_H1_A0.95M15_S8012_HYBRID_EAGER_inprocess,8012,8,0.9,1,1,SWEEP,0.95,15.0,,HYBRID_EAGER,inprocess,9c9fba02f6fa98981071f68aac135eb254854a3f749fe54181b221a9b599bff3,6b3f386474f4e3fa7bb8dc7fbb8e5dc1d8a65037254b7efd914437782eb5c724,1.273,0,62,46,2,48,14,77.41935483870968,81.08108108108108,87.5,90.9090909090909,71.05263157894737,78.78787878787878,778,16.208333333333332,0,0,0,0,8,0,0,0,0,0,5.6884,3.8738,5537,1230172,259,52,14,0.03479087452471483,1,1.053184,0.110424,116,9.051,18.318,21.5,16,0.055,0.388,0,0,0,0,0,0,
K8_R0.90_T1_H1_A0.95M15_S8012_EDGE_MARKET_inprocess,8012,8,0.9,1,1,SWEEP,0.95,15.0,,EDGE_MARKET,inprocess,9c9fba02f6fa98981071f68aac135eb254854a3f749fe54181b221a9b599bff3,bec358af2a368bd4364ec8ddc2451a3e425c2cc73ee83085d53cff629ffd6c0e,0.346,0,62,44,2,46,16,74.19354838709677,79.27927927927928,83.33333333333333,90.9090909090909,68.42105263157895,75.75757575757575,751,16.32608695652174,0,0,0,0,6,0,0,0,0,0,5.651,3.8738,4826,1287656,213,41,13,0.03583205100021983,3,0.042337,0.221803,100,0.076,0.339,0.501,950,0.51,3.042,0,23,0,0,0,0,
K8_R0.90_T1_H1_A0.95M30_S8012_CENTRAL_inprocess,8012,8,0.9,1,1,SWEEP,0.95,30.0,,CENTRAL,inprocess,739344b81913de9f76b20d11158e643b442677bcc656b98dcfd2e487b5449d2e,cf2499d40b5384737e4d2f87b972efb0362c37731d8417c8553e1f388e626940,1.423,0,62,43,2,45,17,72.58064516129032,76.57657657657657,70.83333333333333,90.9090909090909,73.6842105263158,72.72727272727273,709,15.755555555555556,0,0,0,0,6,0,0,0,0,0,5.6487,3.8738,5536,1199594,280,42,40,0.04028886354998099,1,1.232809,0.097653,128,9.788,19.548,23.944,0,0.0,0.0,0,9,0,0,0,0,
K8_R0.90_T1_H1_A0.95M30_S8012_CENTRAL_FB_inprocess,8012,8,0.9,1,1,SWEEP,0.95,30.0,,CENTRAL_FB,inprocess,739344b81913de9f76b20d11158e643b442677bcc656b98dcfd2e487b5449d2e,2ef1927879d222c338036b803f2ec7043cb248c134a359db75ad0fb1df82e351,1.568,0,62,43,2,45,17,72.58064516129032,76.57657657657657,70.83333333333333,90.9090909090909,73.6842105263158,72.72727272727273,709,15.755555555555556,0,0,0,0,6,0,0,0,0,0,5.6487,3.8738,5536,1199594,280,42,40,0.04028886354998099,1,1.332022,0.11519900000000001,128,10.928,18.277,24.580000000000002,1,0.02,0.02,0,9,0,0,0,0,
K8_R0.90_T1_H1_A0.95M30_S8012_HYBRID_inprocess,8012,8,0.9,1,1,SWEEP,0.95,30.0,,HYBRID,inprocess,739344b81913de9f76b20d11158e643b442677bcc656b98dcfd2e487b5449d2e,fab09ecadd5b3e915a6e9321f8149f3ae40fdd00c9bccfcc007b639cc680efcb,1.409,0,62,43,2,45,17,72.58064516129032,76.57657657657657,70.83333333333333,90.9090909090909,73.6842105263158,72.72727272727273,709,15.755555555555556,0,0,0,0,6,0,0,0,0,0,5.6487,3.8738,5536,1199594,280,42,40,0.04028886354998099,1,1.188334,0.10378799999999999,128,8.649000000000001,22.512999999999998,32.616,1,0.009000000000000001,0.009000000000000001,0,9,0,0,0,0,
K8_R0.90_T1_H1_A0.95M30_S8012_EDGE_MARKET_inprocess,8012,8,0.9,1,1,SWEEP,0.95,30.0,,EDGE_MARKET,inprocess,739344b81913de9f76b20d11158e643b442677bcc656b98dcfd2e487b5449d2e,c571f30838f75f0bd6463d3862f9bc469944394a93f140f19da5823f9eba0dea,0.289,0,62,45,1,46,16,74.19354838709677,79.27927927927928,83.33333333333333,90.9090909090909,68.42105263157895,78.78787878787878,760,16.52173913043478,0,0,0,0,7,0,0,0,0,0,5.651,3.8738,4799,1297799,212,47,38,0.0354157501099868,2,0.03495,0.18579099999999998,87,0.06499999999999999,0.38699999999999996,0.481,923,0.45899999999999996,2.957,0,26,0,0,0,0,
K8_R0.90_T1_H1_A0.95M30_S8012_HYBRID_EAGER_inprocess,8012,8,0.9,1,1,SWEEP,0.95,30.0,,HYBRID_EAGER,inprocess,739344b81913de9f76b20d11158e643b442677bcc656b98dcfd2e487b5449d2e,c1ea176100f8fb306507139912883c29de7572090e02b7ebc822a920b64933b5,1.536,0,62,43,2,45,17,72.58064516129032,76.57657657657657,70.83333333333333,90.9090909090909,73.6842105263158,72.72727272727273,709,15.755555555555556,0,0,0,0,6,0,0,0,0,0,5.6487,3.8738,5536,1199594,280,42,40,0.04028886354998099,1,1.324471,0.11915400000000001,128,10.234,20.727,26.831,17,0.05,0.055,0,9,0,0,0,0,
K8_R0.90_T1_H1_A0.85M5_S8012_CENTRAL_inprocess,8012,8,0.9,1,1,SWEEP,0.85,5.0,,CENTRAL,inprocess,fe103ee651e702e6872cf4032c7304454be10798816e63e6d2d8f084b776bd99,d90cb21132ff9c3e225e6348f84f741b0d984c45283c36692dee18c112aa76aa,1.882,0,62,44,2,46,16,74.19354838709677,80.18018018018019,83.33333333333333,100.0,68.42105263157895,69.6969696969697,695,15.108695652173912,0,0,0,0,6,0,0,0,0,0,5.7284,3.8738,6203,1292759,271,51,28,0.17962660866412905,3,1.64855,0.11022600000000002,185,9.275,19.331999999999997,32.285000000000004,0,0.0,0.0,0,0,0,0,0,0,
K8_R0.90_T1_H1_A0.85M5_S8012_CENTRAL_FB_inprocess,8012,8,0.9,1,1,SWEEP,0.85,5.0,,CENTRAL_FB,inprocess,fe103ee651e702e6872cf4032c7304454be10798816e63e6d2d8f084b776bd99,d793d1cba2708471403737506c028ad0279f27ddc168437c3efc80be05c43421,1.717,0,62,45,1,46,16,74.19354838709677,80.18018018018019,83.33333333333333,90.9090909090909,68.42105263157895,69.6969696969697,739,16.065217391304348,0,0,0,0,6,0,0,0,0,0,5.6775,3.8738,6192,1294864,286,48,28,0.1631089217296114,3,1.498677,0.107892,190,8.164,17.099,25.157,14,0.018000000000000002,0.055,0,0,0,0,0,0,
K8_R0.90_T1_H1_A0.85M5_S8012_HYBRID_EAGER_inprocess,8012,8,0.9,1,1,SWEEP,0.85,5.0,,HYBRID_EAGER,inprocess,fe103ee651e702e6872cf4032c7304454be10798816e63e6d2d8f084b776bd99,4076d4784722b4115f839555eda98ee98672e850547716ba09ae7142c90ed047,1.387,0,62,46,2,48,14,77.41935483870968,82.88288288288288,87.5,100.0,71.05263157894737,72.72727272727273,717,14.9375,0,0,0,0,7,0,0,0,0,0,5.7324,3.8738,5636,1246172,271,50,29,0.16226108174054493,3,1.162865,0.110135,166,7.639,16.080000000000002,26.001,51,0.045000000000000005,0.544,0,0,0,0,0,0,
K8_R0.90_T1_H1_A0.85M5_S8012_EDGE_MARKET_inprocess,8012,8,0.9,1,1,SWEEP,0.85,5.0,,EDGE_MARKET,inprocess,fe103ee651e702e6872cf4032c7304454be10798816e63e6d2d8f084b776bd99,ab73ce07c1e88fb5097073f718557df79a2e9d6675249218e3d8a5b2730eb709,0.28,0,62,45,2,47,15,75.80645161290323,77.47747747747748,70.83333333333333,81.81818181818181,78.94736842105263,75.75757575757575,658,14.0,0,0,0,0,7,0,0,0,0,0,5.6604,3.8738,4604,1235988,195,51,28,0.07785511729827276,2,0.030228,0.18196400000000001,99,0.055,0.193,0.326,729,0.49299999999999994,2.9450000000000003,0,28,0,0,0,0,
K8_R0.90_T1_H1_A0.85M5_S8012_HYBRID_inprocess,8012,8,0.9,1,1,SWEEP,0.85,5.0,,HYBRID,inprocess,fe103ee651e702e6872cf4032c7304454be10798816e63e6d2d8f084b776bd99,37323c87543f52a9574270afd0c8c2732d3e616471694732bef11dee75340e75,1.845,0,62,45,1,46,16,74.19354838709677,80.18018018018019,83.33333333333333,90.9090909090909,68.42105263157895,69.6969696969697,739,16.065217391304348,0,0,0,0,6,0,0,0,0,0,5.6775,3.8738,6192,1294864,286,48,28,0.1631089217296114,3,1.59005,0.117837,190,9.062000000000001,18.343,25.45,14,0.02,0.038,0,0,0,0,0,0,
K8_R0.90_T1_H1_A0.85M15_S8012_CENTRAL_inprocess,8012,8,0.9,1,1,SWEEP,0.85,15.0,,CENTRAL,inprocess,77fdf033e2fa725b3d77e1f1f94edd5ffa7b13ec31c66a7915abbe16b5ed0969,1faceec3b5f87947bbe93bb0f3e12e4958efc69f27048c0f783629db83348211,1.298,0,62,43,3,46,16,74.19354838709677,80.18018018018019,83.33333333333333,100.0,68.42105263157895,75.75757575757575,762,16.565217391304348,0,0,0,0,6,0,0,0,0,0,5.6256,3.8738,5475,1207384,250,42,48,0.200503355704698,1,1.126995,0.097847,136,8.42,15.777,25.38,0,0.0,0.0,0,2,0,0,0,0,
K8_R0.90_T1_H1_A0.85M15_S8012_CENTRAL_FB_inprocess,8012,8,0.9,1,1,SWEEP,0.85,15.0,,CENTRAL_FB,inprocess,77fdf033e2fa725b3d77e1f1f94edd5ffa7b13ec31c66a7915abbe16b5ed0969,613892091b03f4aada37f55b0797a01c2fdf1464ed88998f4f1292f03e867e59,1.384,0,62,43,3,46,16,74.19354838709677,81.08108108108108,83.33333333333333,100.0,68.42105263157895,69.6969696969697,742,16.130434782608695,0,0,0,0,6,0,0,0,0,0,5.6168,3.8738,5361,1213611,255,45,48,0.20030185424752048,2,1.162015,0.11901700000000001,131,8.943,17.423000000000002,30.596,21,0.145,0.44499999999999995,0,0,0,0,0,0,
K8_R0.90_T1_H1_A0.85M15_S8012_HYBRID_inprocess,8012,8,0.9,1,1,SWEEP,0.85,15.0,,HYBRID,inprocess,77fdf033e2fa725b3d77e1f1f94edd5ffa7b13ec31c66a7915abbe16b5ed0969,c5fc67347b6ae70fe6b01ab54246827006e8cd00f21993532ae546158a0d4a3e,1.288,0,62,43,3,46,16,74.19354838709677,81.08108108108108,83.33333333333333,100.0,68.42105263157895,69.6969696969697,742,16.130434782608695,0,0,0,0,6,0,0,0,0,0,5.6168,3.8738,5361,1213611,255,45,48,0.20030185424752048,2,1.094324,0.10804899999999999,131,8.682,14.867999999999999,24.808,21,0.154,0.46900000000000003,0,0,0,0,0,0,
K8_R0.90_T1_H1_A0.85M15_S8012_HYBRID_EAGER_inprocess,8012,8,0.9,1,1,SWEEP,0.85,15.0,,HYBRID_EAGER,inprocess,77fdf033e2fa725b3d77e1f1f94edd5ffa7b13ec31c66a7915abbe16b5ed0969,52ac3788e0d29649243cee4794b5d7c8b4b9d0a36bd1dc275d4ce56b45b47f49,1.283,0,62,46,2,48,14,77.41935483870968,81.98198198198199,91.66666666666667,90.9090909090909,68.42105263157895,78.78787878787878,721,15.020833333333334,0,0,0,0,8,0,0,0,0,0,5.6775,3.8738,5131,1169522,224,43,48,0.14043419267299864,1,1.061683,0.114921,117,8.709,21.065,35.168,33,0.054,0.458,0,0,0,0,0,0,
K8_R0.90_T1_H1_A0.85M15_S8012_EDGE_MARKET_inprocess,8012,8,0.9,1,1,SWEEP,0.85,15.0,,EDGE_MARKET,inprocess,77fdf033e2fa725b3d77e1f1f94edd5ffa7b13ec31c66a7915abbe16b5ed0969,091c1eda2a34343e5a1114e89a3266a307afe9eddc44f86053ee4118a5ae229a,0.27,0,62,46,1,47,15,75.80645161290323,77.47747747747748,70.83333333333333,81.81818181818181,78.94736842105263,75.75757575757575,677,14.404255319148936,0,0,0,0,6,0,0,0,0,0,5.6354,3.8738,4639,1247173,190,50,41,0.17395727365208546,1,0.030031,0.17416800000000002,97,0.059,0.203,0.27799999999999997,774,0.47600000000000003,2.669,0,21,0,0,0,0,
K8_R0.90_T1_H1_A0.85M30_S8012_CENTRAL_FB_inprocess,8012,8,0.9,1,1,SWEEP,0.85,30.0,,CENTRAL_FB,inprocess,7db8997563849d1feb84ba99a7d67ea7cef34343120a1f6a57bb00be43e8e93f,5b9c7f455abab95637df15ab49867a00fe9d6c930d2eba7cfa7ee001811fdbb5,0.94,0,62,42,1,43,19,69.35483870967742,72.07207207207207,62.5,81.81818181818181,73.6842105263158,63.63636363636363,730,16.976744186046513,0,0,0,0,5,0,0,0,0,0,5.6476,3.8738,5050,1155664,210,37,192,0.42460125664572257,1,0.789646,0.08560400000000001,115,7.25,10.451,15.167,24,0.081,0.08399999999999999,0,0,0,0,0,0,
K8_R0.90_T1_H1_A0.85M30_S8012_CENTRAL_inprocess,8012,8,0.9,1,1,SWEEP,0.85,30.0,,CENTRAL,inprocess,7db8997563849d1feb84ba99a7d67ea7cef34343120a1f6a57bb00be43e8e93f,52fe393e97c4be48ceaaeb8a733203caa4eb1fec78f80fc506d6977ee4e2d381,1.158,0,62,42,1,43,19,69.35483870967742,72.07207207207207,62.5,81.81818181818181,73.6842105263158,63.63636363636363,730,16.976744186046513,0,0,0,0,5,0,0,0,0,0,5.6476,3.8738,5050,1155664,210,37,192,0.42460125664572257,1,0.951218,0.096395,115,8.773,15.530999999999999,18.718,0,0.0,0.0,0,0,0,0,0,0,
K8_R0.90_T1_H1_A0.85M30_S8012_HYBRID_inprocess,8012,8,0.9,1,1,SWEEP,0.85,30.0,,HYBRID,inprocess,7db8997563849d1feb84ba99a7d67ea7cef34343120a1f6a57bb00be43e8e93f,c3fa275644d4a3fdf6e79499a842166cdbf49f3f3b2c105e5b2b7a323be87f1c,0.978,0,62,42,1,43,19,69.35483870967742,72.07207207207207,62.5,81.81818181818181,73.6842105263158,63.63636363636363,730,16.976744186046513,0,0,0,0,5,0,0,0,0,0,5.6476,3.8738,5050,1155664,210,37,192,0.42460125664572257,1,0.815404,0.089662,115,7.571,10.41,20.872999999999998,24,0.08399999999999999,0.102,0,0,0,0,0,0,
K8_R0.90_T1_H1_A0.85M30_S8012_HYBRID_EAGER_inprocess,8012,8,0.9,1,1,SWEEP,0.85,30.0,,HYBRID_EAGER,inprocess,7db8997563849d1feb84ba99a7d67ea7cef34343120a1f6a57bb00be43e8e93f,d305c9c145c6ba24c08c3b1aceca0141483991daa4c5b3877701735d743d5bde,0.878,0,62,46,2,48,14,77.41935483870968,80.18018018018019,79.16666666666667,90.9090909090909,76.3157894736842,84.84848484848484,748,15.583333333333334,0,0,0,0,6,0,0,0,0,0,5.6657,3.8738,5147,1218955,218,40,191,0.4957527135441246,1,0.6958,0.097845,121,4.664,16.575,19.706000000000003,45,0.088,0.392,0,13,0,0,0,0,
K8_R0.90_T1_H1_A0.85M30_S8012_EDGE_MARKET_inprocess,8012,8,0.9,1,1,SWEEP,0.85,30.0,,EDGE_MARKET,inprocess,7db8997563849d1feb84ba99a7d67ea7cef34343120a1f6a57bb00be43e8e93f,fc139b288e061d5c634fea27bb747f4ce8c43af91ae3304111019fbf4900a070,0.236,0,62,45,1,46,16,74.19354838709677,75.67567567567568,70.83333333333333,81.81818181818181,76.3157894736842,78.78787878787878,631,13.717391304347826,0,0,0,0,5,0,0,0,0,0,5.6535,3.8738,4594,1236486,187,34,190,0.32935754947140145,1,0.025581,0.151839,112,0.045000000000000005,0.11299999999999999,0.245,738,0.439,2.381,0,25,0,0,0,0,
K8_R0.90_T1_H1_A0.75M5_S8012_CENTRAL_inprocess,8012,8,0.9,1,1,SWEEP,0.75,5.0,,CENTRAL,inprocess,2ffff2e163d78b59b7a633a9026731ae1d6e554a3d77a2f315267a027bb22527,f3bb6596493fc31b5671837732b10bf836bdd62d1b95efe1545877529047a7f0,1.342,0,62,47,2,49,13,79.03225806451613,82.88288288288288,83.33333333333333,100.0,76.3157894736842,75.75757575757575,757,15.448979591836734,0,0,0,0,6,0,0,0,0,0,5.9245,3.8738,6210,1285794,288,52,31,0.39300970873786406,3,1.154701,0.096111,212,5.032,14.138,19.771,0,0.0,0.0,0,0,0,0,0,0,
K8_R0.90_T1_H1_A0.75M5_S8012_CENTRAL_FB_inprocess,8012,8,0.9,1,1,SWEEP,0.75,5.0,,CENTRAL_FB,inprocess,2ffff2e163d78b59b7a633a9026731ae1d6e554a3d77a2f315267a027bb22527,d4620916afdba1381635d9ddaf536611768dd0f799693e7c4623c70a418c8775,1.554,0,62,45,2,47,15,75.80645161290323,76.57657657657657,79.16666666666667,81.81818181818181,73.6842105263158,84.84848484848484,708,15.063829787234043,0,0,0,0,7,0,0,0,0,0,5.6675,3.8738,5987,1234076,247,50,31,0.3378048780487805,3,1.344794,0.11648200000000002,210,5.988,15.32,35.566,22,0.029,0.494,0,5,0,0,0,0,
K8_R0.90_T1_H1_A0.75M5_S8012_HYBRID_inprocess,8012,8,0.9,1,1,SWEEP,0.75,5.0,,HYBRID,inprocess,2ffff2e163d78b59b7a633a9026731ae1d6e554a3d77a2f315267a027bb22527,b14c015fd9f2430ff23ec80400a697754bc12039d1b185165cac5f7452250089,1.551,0,62,45,2,47,15,75.80645161290323,76.57657657657657,79.16666666666667,81.81818181818181,73.6842105263158,84.84848484848484,708,15.063829787234043,0,0,0,0,7,0,0,0,0,0,5.6675,3.8738,5987,1234076,247,50,31,0.3378048780487805,3,1.320478,0.10904499999999999,210,5.4799999999999995,16.319,33.300999999999995,22,0.028,0.374,0,5,0,0,0,0,
K8_R0.90_T1_H1_A0.75M5_S8012_EDGE_MARKET_inprocess,8012,8,0.9,1,1,SWEEP,0.75,5.0,,EDGE_MARKET,inprocess,2ffff2e163d78b59b7a633a9026731ae1d6e554a3d77a2f315267a027bb22527,4b45ae1e1ca67804da20ad3207f79bab03972a89cab5dfdaf7108ae557986e20,0.233,0,62,43,1,44,18,70.96774193548387,72.07207207207207,66.66666666666667,81.81818181818181,73.6842105263158,75.75757575757575,707,16.068181818181817,0,0,0,0,5,0,0,0,0,0,5.633,3.8738,4494,1236682,171,38,31,0.17470588235294118,2,0.023445,0.15379299999999999,89,0.039,0.159,0.314,659,0.404,2.4290000000000003,0,20,0,0,0,0,
K8_R0.90_T1_H1_A0.75M5_S8012_HYBRID_EAGER_inprocess,8012,8,0.9,1,1,SWEEP,0.75,5.0,,HYBRID_EAGER,inprocess,2ffff2e163d78b59b7a633a9026731ae1d6e554a3d77a2f315267a027bb22527,61b254220799995ae46630c75008984b838bdd1ca13b129218adbc378665ed30,1.615,0,62,43,2,45,17,72.58064516129032,77.47747747747748,75.0,100.0,71.05263157894737,66.66666666666667,749,16.644444444444446,0,0,0,0,4,0,0,0,0,0,5.6462,3.8738,5922,1225447,238,32,31,0.34695562435500515,4,1.410605,0.115789,205,6.617,16.944,26.035,75,0.055,0.491,0,0,0,0,0,0,
K8_R0.90_T1_H1_A0.75M15_S8012_CENTRAL_inprocess,8012,8,0.9,1,1,SWEEP,0.75,15.0,,CENTRAL,inprocess,9e1a5283ac76d90abea0db4961ba25252dbb77e26d283f2f1cd22d493e9cfce2,310bb6954bb616168de8ebf771d28a73d6e259121d56bba0ed810601d55a3c41,1.526,0,62,41,2,43,19,69.35483870967742,76.57657657657657,83.33333333333333,90.9090909090909,60.526315789473685,75.75757575757575,750,17.441860465116278,26,26,0,0,6,0,0,0,0,0,6.1191,3.8738,5626,1193907,232,48,89,0.3493894165535957,5,1.315287,0.105652,152,8.496,16.983999999999998,28.185000000000002,0,0.0,0.0,0,1,0,0,0,0,
K8_R0.90_T1_H1_A0.75M15_S8012_CENTRAL_FB_inprocess,8012,8,0.9,1,1,SWEEP,0.75,15.0,,CENTRAL_FB,inprocess,9e1a5283ac76d90abea0db4961ba25252dbb77e26d283f2f1cd22d493e9cfce2,36bec4bd5aa1e737a6a4ff9659eeb45e5382df4e3b05149665486d0ee429c0e1,1.429,0,62,41,2,43,19,69.35483870967742,76.57657657657657,83.33333333333333,90.9090909090909,60.526315789473685,75.75757575757575,750,17.441860465116278,26,26,0,0,6,0,0,0,0,0,6.1191,3.8738,5626,1193907,232,48,89,0.3493894165535957,5,1.236207,0.09841,152,8.147,16.092,26.904,42,0.10900000000000001,0.41,0,1,0,0,0,0,
K8_R0.90_T1_H1_A0.75M15_S8012_HYBRID_inprocess,8012,8,0.9,1,1,SWEEP,0.75,15.0,,HYBRID,inprocess,9e1a5283ac76d90abea0db4961ba25252dbb77e26d283f2f1cd22d493e9cfce2,16d8bd2731a2d07218dc1977c58823c67118053d5d205bf6869a21518bbcc650,1.467,0,62,41,2,43,19,69.35483870967742,76.57657657657657,83.33333333333333,90.9090909090909,60.526315789473685,75.75757575757575,750,17.441860465116278,26,26,0,0,6,0,0,0,0,0,6.1191,3.8738,5626,1193907,232,48,89,0.3493894165535957,5,1.265458,0.10776000000000001,152,8.487,16.244999999999997,29.133,42,0.088,0.606,0,1,0,0,0,0,
K8_R0.90_T1_H1_A0.75M15_S8012_HYBRID_EAGER_inprocess,8012,8,0.9,1,1,SWEEP,0.75,15.0,,HYBRID_EAGER,inprocess,9e1a5283ac76d90abea0db4961ba25252dbb77e26d283f2f1cd22d493e9cfce2,a5edebaef931dd02c7a60bf8dc8b0a2eccc7f6852c392a18255b49d3886c951c,1.319,0,62,43,2,45,17,72.58064516129032,80.18018018018019,91.66666666666667,90.9090909090909,60.526315789473685,81.81818181818181,762,16.933333333333334,26,26,0,0,6,0,0,0,0,0,6.1191,3.8738,5613,1190578,215,48,89,0.3713641488162345,5,1.150289,0.09879299999999999,151,7.534,16.364,26.451999999999998,57,0.094,0.36900000000000005,0,0,0,0,0,0,
K8_R0.90_T1_H1_A0.75M15_S8012_EDGE_MARKET_inprocess,8012,8,0.9,1,1,SWEEP,0.75,15.0,,EDGE_MARKET,inprocess,9e1a5283ac76d90abea0db4961ba25252dbb77e26d283f2f1cd22d493e9cfce2,81db1a5039f4c94de71469d93a36efb818808214dbd5432004d372a2cf062e15,0.267,0,62,45,3,48,14,77.41935483870968,78.37837837837837,70.83333333333333,81.81818181818181,81.57894736842105,81.81818181818181,677,14.104166666666666,0,0,0,0,6,0,0,0,0,0,5.6476,3.8738,4452,1193673,188,34,49,0.3389303482587065,4,0.028081,0.17383200000000001,89,0.054,0.157,0.292,606,0.517,3.503,0,21,0,0,0,0,
K8_R0.90_T1_H1_A0.75M30_S8012_CENTRAL_inprocess,8012,8,0.9,1,1,SWEEP,0.75,30.0,,CENTRAL,inprocess,02ffa853157cb4286cbea308f376684331ce552d0aeb87e0a3eba7f092608d89,5a188639341c6d82aad22ad0664d833894060c6da716800eef80df5287664ccf,0.945,0,62,44,2,46,16,74.19354838709677,78.37837837837837,83.33333333333333,100.0,68.42105263157895,72.72727272727273,705,15.326086956521738,14,14,0,0,6,0,0,0,0,0,5.636,3.8738,4909,1142278,196,36,192,0.5510787626722121,2,0.76505,0.099934,112,6.893,13.917,21.755,0,0.0,0.0,0,0,0,0,0,0,
K8_R0.90_T1_H1_A0.75M30_S8012_CENTRAL_FB_inprocess,8012,8,0.9,1,1,SWEEP,0.75,30.0,,CENTRAL_FB,inprocess,02ffa853157cb4286cbea308f376684331ce552d0aeb87e0a3eba7f092608d89,f49b15d9e6b3f7cf2969a2a136dffbb8bd9a38a212c8cda0b81c738746677d0a,1.012,0,62,45,2,47,15,75.80645161290323,80.18018018018019,83.33333333333333,100.0,71.05263157894737,75.75757575757575,719,15.297872340425531,14,14,0,0,6,0,0,0,0,0,5.6788,3.8738,5023,1152781,194,40,192,0.5802313883299799,2,0.803095,0.09927499999999999,120,6.4799999999999995,17.232,20.651,39,0.1,0.479,0,0,0,0,0,0,
K8_R0.90_T1_H1_A0.75M30_S8012_HYBRID_inprocess,8012,8,0.9,1,1,SWEEP,0.75,30.0,,HYBRID,inprocess,02ffa853157cb4286cbea308f376684331ce552d0aeb87e0a3eba7f092608d89,b75260637db6e84fed9f14880d0836d6e692b6a51fb735880f0a7f15ddde1531,1.1,0,62,45,2,47,15,75.80645161290323,80.18018018018019,83.33333333333333,100.0,71.05263157894737,75.75757575757575,719,15.297872340425531,14,14,0,0,6,0,0,0,0,0,5.6788,3.8738,5023,1152781,194,40,192,0.5802313883299799,2,0.884261,0.10937,120,6.713,17.468999999999998,26.927,39,0.106,0.5199999999999999,0,0,0,0,0,0,
K8_R0.90_T1_H1_A0.75M30_S8012_HYBRID_EAGER_inprocess,8012,8,0.9,1,1,SWEEP,0.75,30.0,,HYBRID_EAGER,inprocess,02ffa853157cb4286cbea308f376684331ce552d0aeb87e0a3eba7f092608d89,2418418f8077932424e1ea79fecfee271be2eabfee9cd1f1f8ee5fa1a5920bad,0.943,0,62,45,2,47,15,75.80645161290323,80.18018018018019,83.33333333333333,100.0,71.05263157894737,75.75757575757575,719,15.297872340425531,14,14,0,0,6,0,0,0,0,0,5.6788,3.8738,5023,1152717,194,40,192,0.5802313883299799,2,0.761964,0.09570000000000001,120,6.381,14.616,16.939,49,0.095,0.45399999999999996,0,0,0,0,0,0,
K8_R0.90_T1_H1_A0.75M30_S8012_EDGE_MARKET_inprocess,8012,8,0.9,1,1,SWEEP,0.75,30.0,,EDGE_MARKET,inprocess,02ffa853157cb4286cbea308f376684331ce552d0aeb87e0a3eba7f092608d89,9b239a039b2d6c80ab7b04bdd7fb49a72cc2b9dd707a929ffff523a970d2dd70,0.27,0,62,45,1,46,16,74.19354838709677,77.47747747747748,70.83333333333333,90.9090909090909,76.3157894736842,72.72727272727273,713,15.5,0,0,0,0,6,0,0,0,0,0,5.6662,3.8738,4655,1252161,181,39,190,0.4228412256267409,1,0.029978,0.17434699999999997,120,0.049,0.17,0.367,797,0.494,2.8600000000000003,0,31,0,0,0,0,
K8_R0.90_T1_H1_A0.65M5_S8012_CENTRAL_inprocess,8012,8,0.9,1,1,SWEEP,0.65,5.0,,CENTRAL,inprocess,9270acae0abb45851587d4da704adda847225aadc8fcf67bae5495b63b7ae716,71d0000aba1ed973e30dd646163c271694d4eb3ffcb55b0fb8344078e8dd6ce5,1.531,0,62,44,2,46,16,74.19354838709677,77.47747747747748,79.16666666666667,90.9090909090909,71.05263157894737,72.72727272727273,719,15.630434782608695,0,0,0,0,6,0,0,0,0,0,5.6503,3.888,5915,1263117,244,44,33,0.49566605839416056,5,1.324712,0.12014799999999999,237,5.8389999999999995,12.696000000000002,17.336000000000002,0,0.0,0.0,0,0,0,0,0,0,
K8_R0.90_T1_H1_A0.65M5_S8012_CENTRAL_FB_inprocess,8012,8,0.9,1,1,SWEEP,0.65,5.0,,CENTRAL_FB,inprocess,9270acae0abb45851587d4da704adda847225aadc8fcf67bae5495b63b7ae716,979d32d7af2aae2aed5e3762ba1d349e9cdc60e3589abe41144ef087856ed74e,1.542,0,62,45,3,48,14,77.41935483870968,81.98198198198199,87.5,100.0,71.05263157894737,78.78787878787878,724,15.083333333333334,0,0,0,0,6,0,0,0,0,0,5.6555,3.888,5834,1260992,225,52,33,0.49594249942035706,5,1.314419,0.12220899999999998,229,5.161,15.212,21.971,38,0.063,0.5569999999999999,0,0,0,0,0,0,
K8_R0.90_T1_H1_A0.65M5_S8012_HYBRID_inprocess,8012,8,0.9,1,1,SWEEP,0.65,5.0,,HYBRID,inprocess,9270acae0abb45851587d4da704adda847225aadc8fcf67bae5495b63b7ae716,b857c0e615644beeda409ca3a346ec4c3cbf1f79b06f6c7fef65d55dd00ce9f6,1.522,0,62,45,3,48,14,77.41935483870968,81.98198198198199,87.5,100.0,71.05263157894737,78.78787878787878,724,15.083333333333334,0,0,0,0,6,0,0,0,0,0,5.6555,3.888,5834,1260992,225,52,33,0.49594249942035706,5,1.302785,0.12337100000000001,229,5.432,13.514999999999999,23.197,38,0.047,0.434,0,0,0,0,0,0,
K8_R0.90_T1_H1_A0.65M5_S8012_HYBRID_EAGER_inprocess,8012,8,0.9,1,1,SWEEP,0.65,5.0,,HYBRID_EAGER,inprocess,9270acae0abb45851587d4da704adda847225aadc8fcf67bae5495b63b7ae716,d429cd690260935d08a3e04f369d77303bb7fa1097e51895bff991dc9287003b,1.556,0,62,45,3,48,14,77.41935483870968,81.08108108108108,83.33333333333333,100.0,73.6842105263158,78.78787878787878,699,14.5625,0,0,0,0,6,0,0,0,0,0,5.6611,3.888,5961,1254148,245,54,33,0.5468223669436335,6,1.304825,0.12483999999999999,240,5.178,14.083,35.907000000000004,109,0.11699999999999999,0.5379999999999999,0,0,0,0,0,0,
K8_R0.90_T1_H1_A0.65M5_S8012_EDGE_MARKET_inprocess,8012,8,0.9,1,1,SWEEP,0.65,5.0,,EDGE_MARKET,inprocess,9270acae0abb45851587d4da704adda847225aadc8fcf67bae5495b63b7ae716,1e04822f7de7b6b614941c5de21e3cb6b6890b1fad82908f906b5716785fdc85,0.303,0,62,41,2,43,19,69.35483870967742,72.07207207207207,70.83333333333333,72.72727272727273,68.42105263157895,69.6969696969697,737,17.13953488372093,0,0,0,0,6,0,0,0,0,0,5.6424,3.888,4343,1186640,143,23,31,0.23112535612535612,3,0.029317,0.199992,86,0.045000000000000005,0.177,0.439,513,0.5289999999999999,4.244000000000001,0,14,0,0,0,0,
K8_R0.90_T1_H1_A0.65M15_S8012_CENTRAL_FB_inprocess,8012,8,0.9,1,1,SWEEP,0.65,15.0,,CENTRAL_FB,inprocess,624b74edbc1411263c80fce755e728acc76ea391a98cfebf96d2a5669f1a975f,6c6b78d394db221afbfc27ae37be6a793327fc4c2b67d3e8cfc4c46891aeb933,1.087,0,62,45,2,47,15,75.80645161290323,80.18018018018019,79.16666666666667,81.81818181818181,73.6842105263158,72.72727272727273,780,16.595744680851062,0,0,0,0,5,0,0,0,0,0,5.6788,3.888,5336,1193635,197,35,49,0.4517521584560691,4,0.90497,0.09978,152,6.221,13.382,23.266,43,0.041999999999999996,0.096,0,1,0,0,0,0,
K8_R0.90_T1_H1_A0.65M15_S8012_CENTRAL_inprocess,8012,8,0.9,1,1,SWEEP,0.65,15.0,,CENTRAL,inprocess,624b74edbc1411263c80fce755e728acc76ea391a98cfebf96d2a5669f1a975f,9d14388aea0e6c7c653d01ec4afa363da05e3d61bd90bbde77a45ebc81c07abf,1.266,0,62,44,2,46,16,74.19354838709677,77.47747747747748,70.83333333333333,81.81818181818181,76.3157894736842,69.6969696969697,767,16.67391304347826,0,0,0,0,7,0,0,0,0,0,5.6788,3.888,5398,1199998,201,36,49,0.4522915101427498,4,1.038449,0.109984,161,6.518000000000001,13.851,27.278,0,0.0,0.0,0,11,0,0,0,0,
K8_R0.90_T1_H1_A0.65M15_S8012_HYBRID_inprocess,8012,8,0.9,1,1,SWEEP,0.65,15.0,,HYBRID,inprocess,624b74edbc1411263c80fce755e728acc76ea391a98cfebf96d2a5669f1a975f,b93d599ff5e4f8806179c0f6edcb64cfea9a4eba9575d42da6d4e4a266c16636,1.115,0,62,45,2,47,15,75.80645161290323,80.18018018018019,79.16666666666667,81.81818181818181,73.6842105263158,72.72727272727273,780,16.595744680851062,0,0,0,0,5,0,0,0,0,0,5.6788,3.888,5336,1193635,197,35,49,0.4517521584560691,4,0.923012,0.10548099999999999,152,6.352,12.523,18.163999999999998,43,0.034999999999999996,0.103,0,1,0,0,0,0,
K8_R0.90_T1_H1_A0.65M15_S8012_HYBRID_EAGER_inprocess,8012,8,0.9,1,1,SWEEP,0.65,15.0,,HYBRID_EAGER,inprocess,624b74edbc1411263c80fce755e728acc76ea391a98cfebf96d2a5669f1a975f,a09753b87cf2d7afcfda1f992005289f757d6851e1d12a4a09ff44527c640a07,1.202,0,62,45,2,47,15,75.80645161290323,81.08108108108108,79.16666666666667,90.9090909090909,73.6842105263158,69.6969696969697,777,16.53191489361702,0,0,0,0,4,0,0,0,0,0,5.5965,3.888,5340,1193504,176,29,49,0.46814964610717896,6,0.988,0.115154,152,6.6080000000000005,13.521999999999998,17.697,65,0.08,0.456,0,0,0,0,0,0,
K8_R0.90_T1_H1_A0.65M15_S8012_EDGE_MARKET_inprocess,8012,8,0.9,1,1,SWEEP,0.65,15.0,,EDGE_MARKET,inprocess,624b74edbc1411263c80fce755e728acc76ea391a98cfebf96d2a5669f1a975f,df88ddc582da2fcfc7d1a2b6fd31dc27a8d0f21e715e10bcee64d3136fae06d0,0.278,0,62,45,2,47,15,75.80645161290323,78.37837837837837,75.0,90.9090909090909,76.3157894736842,75.75757575757575,721,15.340425531914894,0,0,0,0,6,0,0,0,0,0,5.6528,3.888,4451,1224532,160,43,43,0.33278688524590166,4,0.026915,0.183913,81,0.053,0.235,0.315,594,0.48899999999999993,3.115,0,24,0,0,0,0,
K8_R0.90_T1_H1_A0.65M30_S8012_CENTRAL_inprocess,8012,8,0.9,1,1,SWEEP,0.65,30.0,,CENTRAL,inprocess,cb0dafcfaed09736a40ad1af0148ef3718962f85f99a2f99a5d5194b1953f879,b0846d9eaae8e19bad57c8c7c31547908ce37a6e9aded5f76f53e9e9bec95602,0.852,0,62,42,2,44,18,70.96774193548387,73.87387387387388,66.66666666666667,81.81818181818181,73.6842105263158,75.75757575757575,701,15.931818181818182,0,0,0,0,6,0,0,0,0,0,5.631,3.888,5116,1151010,196,45,68,0.4512226512226512,1,0.6871,0.09053099999999999,127,5.013,11.852,14.749,0,0.0,0.0,0,0,0,0,0,0,
K8_R0.90_T1_H1_A0.65M30_S8012_CENTRAL_FB_inprocess,8012,8,0.9,1,1,SWEEP,0.65,30.0,,CENTRAL_FB,inprocess,cb0dafcfaed09736a40ad1af0148ef3718962f85f99a2f99a5d5194b1953f879,758b62cc785ac19a376850b4ed329496d89a777710dcaa266ad84887004e3926,1.029,0,62,42,2,44,18,70.96774193548387,73.87387387387388,66.66666666666667,81.81818181818181,73.6842105263158,75.75757575757575,701,15.931818181818182,0,0,0,0,6,0,0,0,0,0,5.631,3.888,5116,1151010,196,45,68,0.4512226512226512,1,0.834177,0.107961,127,6.222,13.045,17.643,42,0.136,0.47,0,0,0,0,0,0,
K8_R0.90_T1_H1_A0.65M30_S8012_HYBRID_inprocess,8012,8,0.9,1,1,SWEEP,0.65,30.0,,HYBRID,inprocess,cb0dafcfaed09736a40ad1af0148ef3718962f85f99a2f99a5d5194b1953f879,d06234be9a835d1e9e3994956b74fa1f6f242cf5c2b21f15e0e1ca628d6fc39e,0.945,0,62,42,2,44,18,70.96774193548387,73.87387387387388,66.66666666666667,81.81818181818181,73.6842105263158,75.75757575757575,701,15.931818181818182,0,0,0,0,6,0,0,0,0,0,5.631,3.888,5116,1151010,196,45,68,0.4512226512226512,1,0.772517,0.09758900000000001,127,5.612,13.108,16.782999999999998,42,0.134,0.501,0,0,0,0,0,0,
K8_R0.90_T1_H1_A0.65M30_S8012_EDGE_MARKET_inprocess,8012,8,0.9,1,1,SWEEP,0.65,30.0,,EDGE_MARKET,inprocess,cb0dafcfaed09736a40ad1af0148ef3718962f85f99a2f99a5d5194b1953f879,8f99e71dbe1b4162280ef234121e2cba2c2859327dd4706df1574c37b250d304,0.22,0,62,42,2,44,18,70.96774193548387,74.77477477477477,75.0,90.9090909090909,68.42105263157895,72.72727272727273,672,15.272727272727273,0,0,0,0,5,0,0,0,0,0,5.6552,3.888,4661,1252585,180,36,68,0.36496350364963503,3,0.023488,0.143505,109,0.043000000000000003,0.158,0.272,833,0.372,2.2659999999999996,0,25,0,0,0,0,
K8_R0.90_T1_H1_A0.65M30_S8012_HYBRID_EAGER_inprocess,8012,8,0.9,1,1,SWEEP,0.65,30.0,,HYBRID_EAGER,inprocess,cb0dafcfaed09736a40ad1af0148ef3718962f85f99a2f99a5d5194b1953f879,bea1117124f5e031d0d6a82984728806ffe02e727d580ca4688be82e8e7ee69e,1.016,0,62,42,2,44,18,70.96774193548387,73.87387387387388,66.66666666666667,81.81818181818181,73.6842105263158,75.75757575757575,701,15.931818181818182,0,0,0,0,6,0,0,0,0,0,5.631,3.888,5116,1150983,196,45,68,0.4512226512226512,1,0.833414,0.110215,127,5.906,13.588,22.511,54,0.13799999999999998,0.48000000000000004,0,0,0,0,0,0,
K8_R0.90_T1_H1_A0.55M5_S8012_CENTRAL_inprocess,8012,8,0.9,1,1,SWEEP,0.55,5.0,,CENTRAL,inprocess,32dec33567c283143a8779c509e5cc805d2d03af6550d8255837183888f81a79,d5ded52f849d061d560a46287945ec7e6dbebab30e3d9ac3f964ef48cca2b9de,1.632,0,62,43,2,45,17,72.58064516129032,74.77477477477477,70.83333333333333,90.9090909090909,73.6842105263158,75.75757575757575,723,16.066666666666666,0,0,0,0,5,0,0,0,0,0,5.9245,3.888,6244,1279279,234,41,29,0.5668122270742358,10,1.40258,0.117702,259,5.6579999999999995,13.100000000000001,27.081999999999997,0,0.0,0.0,0,0,0,0,0,0,
K8_R0.90_T1_H1_A0.55M5_S8012_CENTRAL_FB_inprocess,8012,8,0.9,1,1,SWEEP,0.55,5.0,,CENTRAL_FB,inprocess,32dec33567c283143a8779c509e5cc805d2d03af6550d8255837183888f81a79,20a0081e67ae30c86508696c9c6135afc1a47f4b99cbcd6559952d450876f01f,1.635,0,62,46,2,48,14,77.41935483870968,81.08108108108108,83.33333333333333,81.81818181818181,73.6842105263158,75.75757575757575,709,14.770833333333334,0,0,0,0,4,0,0,0,0,0,5.6528,3.888,6312,1284849,250,44,29,0.6127018299246502,8,1.423756,0.114756,261,5.126,14.065,24.729,42,0.055,0.49200000000000005,0,0,0,0,0,0,
K8_R0.90_T1_H1_A0.55M5_S8012_HYBRID_inprocess,8012,8,0.9,1,1,SWEEP,0.55,5.0,,HYBRID,inprocess,32dec33567c283143a8779c509e5cc805d2d03af6550d8255837183888f81a79,de62fafd860859da7492d3beb59ac96647d9ac27a6977586a4bd2f4d0bc3ede4,1.736,0,62,46,2,48,14,77.41935483870968,81.08108108108108,83.33333333333333,81.81818181818181,73.6842105263158,75.75757575757575,709,14.770833333333334,0,0,0,0,4,0,0,0,0,0,5.6528,3.888,6312,1284849,250,44,29,0.6127018299246502,8,1.460693,0.126894,261,4.906,15.403,35.957,42,0.025,0.508,0,0,0,0,0,0,
K8_R0.90_T1_H1_A0.55M5_S8012_HYBRID_EAGER_inprocess,8012,8,0.9,1,1,SWEEP,0.55,5.0,,HYBRID_EAGER,inprocess,32dec33567c283143a8779c509e5cc805d2d03af6550d8255837183888f81a79,b0bd2e8ea4926feb9ae60d35904a29ad8ddab886330154ff4d72ecb2ddb87bb9,1.686,0,62,43,2,45,17,72.58064516129032,77.47747747747748,83.33333333333333,90.9090909090909,65.78947368421052,72.72727272727273,753,16.733333333333334,0,0,0,0,6,0,0,0,0,0,5.639,3.888,6189,1251188,235,44,42,0.61529933481153,9,1.463853,0.128905,262,5.923,12.605,19.343,126,0.081,2.3600000000000003,0,0,0,0,0,0,
K8_R0.90_T1_H1_A0.55M5_S8012_EDGE_MARKET_inprocess,8012,8,0.9,1,1,SWEEP,0.55,5.0,,EDGE_MARKET,inprocess,32dec33567c283143a8779c509e5cc805d2d03af6550d8255837183888f81a79,2a4482c91d1151798d3fdbd62306ae3e1cc99ffc1e367a88e63b7f4f17379727,0.282,0,62,43,2,45,17,72.58064516129032,74.77477477477477,75.0,81.81818181818181,71.05263157894737,69.6969696969697,749,16.644444444444446,0,0,0,0,4,0,0,0,0,0,6.3806,3.888,4455,1226691,126,39,28,0.2917562724014337,4,0.027094,0.18140599999999998,112,0.054,0.133,0.211,621,0.515,2.856,0,18,0,0,0,0,
K8_R0.90_T1_H1_A0.55M15_S8012_CENTRAL_inprocess,8012,8,0.9,1,1,SWEEP,0.55,15.0,,CENTRAL,inprocess,680993eade59b6a1e36f2c5386b796c6bca907c861c2fd859fd35bdd31312095,e7407dc78469ec18aaedac866a7172df9034376b5e874d7b96c711183d3b597a,1.026,0,62,44,3,47,15,75.80645161290323,81.98198198198199,87.5,100.0,68.42105263157895,69.6969696969697,716,15.23404255319149,0,0,0,0,5,0,0,0,0,0,5.6282,3.888,5158,1184467,160,36,49,0.7568604308055473,4,0.8555,0.09928799999999999,148,5.548,15.022,22.405,0,0.0,0.0,0,1,0,0,0,0,
K8_R0.90_T1_H1_A0.55M15_S8012_CENTRAL_FB_inprocess,8012,8,0.9,1,1,SWEEP,0.55,15.0,,CENTRAL_FB,inprocess,680993eade59b6a1e36f2c5386b796c6bca907c861c2fd859fd35bdd31312095,3caee930abcd41c9fbe12e89b87ed293dee1a853cbe9542d2912557781143276,1.108,0,62,44,3,47,15,75.80645161290323,81.98198198198199,87.5,100.0,68.42105263157895,69.6969696969697,716,15.23404255319149,0,0,0,0,5,0,0,0,0,0,5.6282,3.888,5158,1184446,160,36,49,0.7568604308055473,4,0.911914,0.102378,148,6.814,13.336,23.101,61,0.056,0.516,0,1,0,0,0,0,
K8_R0.90_T1_H1_A0.55M15_S8012_HYBRID_inprocess,8012,8,0.9,1,1,SWEEP,0.55,15.0,,HYBRID,inprocess,680993eade59b6a1e36f2c5386b796c6bca907c861c2fd859fd35bdd31312095,cd84a41e190317d2ef5d1d75611c617a54dfed81820bf4a168c50fcb9b26deda,1.087,0,62,44,3,47,15,75.80645161290323,81.98198198198199,87.5,100.0,68.42105263157895,69.6969696969697,716,15.23404255319149,0,0,0,0,5,0,0,0,0,0,5.6282,3.888,5158,1184446,160,36,49,0.7568604308055473,4,0.915095,0.09862599999999999,148,5.928,15.915,27.238,61,0.046,0.45,0,1,0,0,0,0,
K8_R0.90_T1_H1_A0.55M15_S8012_HYBRID_EAGER_inprocess,8012,8,0.9,1,1,SWEEP,0.55,15.0,,HYBRID_EAGER,inprocess,680993eade59b6a1e36f2c5386b796c6bca907c861c2fd859fd35bdd31312095,865f0abac172feef8ca40f4d449ab35c338e0f363632acd6bb0c8993cf993589,1.123,0,62,44,2,46,16,74.19354838709677,80.18018018018019,87.5,90.9090909090909,65.78947368421052,75.75757575757575,711,15.456521739130435,0,0,0,0,6,0,0,0,0,0,5.6607,3.888,5364,1221097,182,35,60,0.7441471571906354,5,0.931744,0.110563,167,5.538,12.751999999999999,18.538,83,0.045000000000000005,0.358,0,0,0,0,0,0,
K8_R0.90_T1_H1_A0.55M15_S8012_EDGE_MARKET_inprocess,8012,8,0.9,1,1,SWEEP,0.55,15.0,,EDGE_MARKET,inprocess,680993eade59b6a1e36f2c5386b796c6bca907c861c2fd859fd35bdd31312095,f791a5a7925fd20dfd2e03fab6f8ba9821652f3ffe83d0180204d43be06795c1,0.249,0,62,42,1,43,19,69.35483870967742,70.27027027027027,62.5,72.72727272727273,73.6842105263158,72.72727272727273,613,14.255813953488373,0,0,0,0,4,0,0,0,0,0,5.6572,3.888,4357,1181668,149,24,43,0.7140625,5,0.024383,0.163665,102,0.039,0.128,0.199,537,0.475,3.1679999999999997,0,19,0,0,0,0,
K8_R0.90_T1_H1_A0.55M30_S8012_CENTRAL_inprocess,8012,8,0.9,1,1,SWEEP,0.55,30.0,,CENTRAL,inprocess,a096c220029539b976a26c0191b2539184c860e7f8f667f3707e1074fd6c7b6b,380bd3e5b6814fa76fb5657230ca11c72831725daebd460ee976a619b704ff6c,0.895,0,62,43,2,45,17,72.58064516129032,76.57657657657657,75.0,90.9090909090909,71.05263157894737,69.6969696969697,659,14.644444444444444,0,0,0,0,6,0,0,0,0,0,5.6326,3.888,4796,1143417,172,32,106,0.8653719552337064,6,0.7232,0.090784,123,5.095,12.944,22.894000000000002,0,0.0,0.0,0,2,0,0,0,0,
K8_R0.90_T1_H1_A0.55M30_S8012_CENTRAL_FB_inprocess,8012,8,0.9,1,1,SWEEP,0.55,30.0,,CENTRAL_FB,inprocess,a096c220029539b976a26c0191b2539184c860e7f8f667f3707e1074fd6c7b6b,c1536262fe498ab8f3da7f34085931ddfa24db2ea217935b5bba4a971627b2a6,0.998,0,62,40,2,42,20,67.74193548387096,74.77477477477477,75.0,100.0,63.1578947368421,72.72727272727273,723,17.214285714285715,0,0,0,0,4,0,0,0,0,0,5.6402,3.888,4866,1171194,142,36,106,0.8571428571428571,7,0.815582,0.108841,125,6.053,13.343,17.095,71,0.098,3.028,0,0,0,0,0,0,
K8_R0.90_T1_H1_A0.55M30_S8012_HYBRID_inprocess,8012,8,0.9,1,1,SWEEP,0.55,30.0,,HYBRID,inprocess,a096c220029539b976a26c0191b2539184c860e7f8f667f3707e1074fd6c7b6b,d647d87bc2dddd57dc61db09c8e5b183e7126fd3d60d347a2851a3e61d7d75bd,0.877,0,62,40,2,42,20,67.74193548387096,74.77477477477477,75.0,100.0,63.1578947368421,72.72727272727273,723,17.214285714285715,0,0,0,0,4,0,0,0,0,0,5.6402,3.888,4866,1171194,142,36,106,0.8571428571428571,7,0.690885,0.10009299999999999,125,4.942,11.145999999999999,13.001000000000001,71,0.08,2.312,0,0,0,0,0,0,
K8_R0.90_T1_H1_A0.55M30_S8012_EDGE_MARKET_inprocess,8012,8,0.9,1,1,SWEEP,0.55,30.0,,EDGE_MARKET,inprocess,a096c220029539b976a26c0191b2539184c860e7f8f667f3707e1074fd6c7b6b,855b4257882bc18aca7da0c46820ac6bc292cd0715238d5661dbf8b995ca7c65,0.295,0,62,42,3,45,17,72.58064516129032,76.57657657657657,75.0,90.9090909090909,71.05263157894737,69.6969696969697,728,16.177777777777777,0,0,0,0,4,0,0,0,0,0,5.6241,3.888,4612,1231695,153,25,89,0.7223389355742297,3,0.029265,0.192787,112,0.055,0.183,0.367,790,0.495,3.0300000000000002,0,27,0,0,0,0,
K8_R0.90_T1_H1_A0.55M30_S8012_HYBRID_EAGER_inprocess,8012,8,0.9,1,1,SWEEP,0.55,30.0,,HYBRID_EAGER,inprocess,a096c220029539b976a26c0191b2539184c860e7f8f667f3707e1074fd6c7b6b,b75a32bab723c6c556a16f1ce226e4448dcb703f4c588d9fc2bc7b93e042cbee,1.139,0,62,42,1,43,19,69.35483870967742,72.97297297297297,66.66666666666667,90.9090909090909,71.05263157894737,66.66666666666667,684,15.906976744186046,0,0,0,0,5,0,0,0,0,0,5.6788,3.888,5060,1164253,166,31,106,0.9045605557233464,6,0.951115,0.11278899999999999,131,6.373,15.136000000000001,20.451,81,0.087,0.495,0,0,0,0,0,0,
K8_R0.90_T1_H1_A0.95M5_S8013_CENTRAL_FB_inprocess,8013,8,0.9,1,1,SWEEP,0.95,5.0,,CENTRAL_FB,inprocess,2bee49b95e24a46aef3ac1f51cadec41f64e39ead866bc3cda2b37f210fd3e89,8b69e6a83199b827fa2b0661d96e8f269b7117220ddd5c8db28dd460fc5f1fd4,1.032,0,62,49,2,51,11,82.25806451612904,84.46601941747574,80.0,88.88888888888889,83.33333333333333,81.25,719,14.098039215686274,0,0,0,0,8,0,0,0,0,0,5.6592,3.8677,5602,1213404,268,52,14,0.04350314825414997,0,0.874136,0.090613,120,7.036,17.554,23.421,8,0.39,0.39,0,0,0,0,0,0,
K8_R0.90_T1_H1_A0.95M5_S8013_CENTRAL_inprocess,8013,8,0.9,1,1,SWEEP,0.95,5.0,,CENTRAL,inprocess,2bee49b95e24a46aef3ac1f51cadec41f64e39ead866bc3cda2b37f210fd3e89,fc5a3254f925b8fe1550c7c172b006f75e37426936fd3ce739b582ffea43260f,1.345,0,62,49,2,51,11,82.25806451612904,84.46601941747574,80.0,88.88888888888889,83.33333333333333,81.25,719,14.098039215686274,0,0,0,0,8,0,0,0,0,0,5.6592,3.8677,5602,1213404,268,52,14,0.04350314825414997,0,1.108465,0.108838,120,8.975999999999999,22.610000000000003,41.886,0,0.0,0.0,0,0,0,0,0,0,
K8_R0.90_T1_H1_A0.95M5_S8013_HYBRID_inprocess,8013,8,0.9,1,1,SWEEP,0.95,5.0,,HYBRID,inprocess,2bee49b95e24a46aef3ac1f51cadec41f64e39ead866bc3cda2b37f210fd3e89,c73723032130b628d91193563da28833d54168240a1ce92f890634d03ef1ae04,1.063,0,62,49,2,51,11,82.25806451612904,84.46601941747574,80.0,88.88888888888889,83.33333333333333,81.25,719,14.098039215686274,0,0,0,0,8,0,0,0,0,0,5.6592,3.8677,5602,1213404,268,52,14,0.04350314825414997,0,0.894485,0.09896599999999998,120,7.055,17.485,27.523,8,0.35300000000000004,0.35300000000000004,0,0,0,0,0,0,
K8_R0.90_T1_H1_A0.95M5_S8013_EDGE_MARKET_inprocess,8013,8,0.9,1,1,SWEEP,0.95,5.0,,EDGE_MARKET,inprocess,2bee49b95e24a46aef3ac1f51cadec41f64e39ead866bc3cda2b37f210fd3e89,9e35ccf4106017f7e9f3f9a945adf2213c3814bbc283144c27596aadfe9684aa,0.322,0,62,49,1,50,12,80.64516129032258,83.49514563106796,80.0,100.0,80.95238095238095,84.375,675,13.5,0,0,0,0,8,0,0,0,0,0,5.6775,3.8677,4802,1264854,276,35,18,0.05182996135485338,2,0.03627,0.21111300000000002,124,0.07200000000000001,0.177,0.28800000000000003,931,0.46799999999999997,4.582,0,27,0,0,0,0,
K8_R0.90_T1_H1_A0.95M5_S8013_HYBRID_EAGER_inprocess,8013,8,0.9,1,1,SWEEP,0.95,5.0,,HYBRID_EAGER,inprocess,2bee49b95e24a46aef3ac1f51cadec41f64e39ead866bc3cda2b37f210fd3e89,3fdea91f492c52101a3cb27cc72011488d89134364b6b484408d1109730039fb,1.329,0,62,49,2,51,11,82.25806451612904,84.46601941747574,80.0,88.88888888888889,83.33333333333333,81.25,719,14.098039215686274,0,0,0,0,8,0,0,0,0,0,5.6592,3.8677,5602,1213368,268,52,14,0.04350314825414997,0,1.110263,0.119144,120,8.872,22.07,29.007,18,0.111,0.441,0,0,0,0,0,0,
K8_R0.90_T1_H1_A0.95M15_S8013_CENTRAL_inprocess,8013,8,0.9,1,1,SWEEP,0.95,15.0,,CENTRAL,inprocess,fae714c9d3869a3437ad72b0c46562d4db072d5ced38b77ab6f9961ff230618c,c39c3089df8c1eee089e6317d844ac1b74c100c2b50a374bb012198c9e8dfa4a,1.086,0,62,51,2,53,9,85.48387096774194,87.37864077669903,85.0,88.88888888888889,85.71428571428571,87.5,726,13.69811320754717,0,0,0,0,8,0,0,0,0,0,5.6603,3.8677,5326,1188138,269,44,66,0.10378710337768679,2,0.89469,0.102836,107,6.904999999999999,22.121,36.604,0,0.0,0.0,0,0,0,0,0,0,
K8_R0.90_T1_H1_A0.95M15_S8013_CENTRAL_FB_inprocess,8013,8,0.9,1,1,SWEEP,0.95,15.0,,CENTRAL_FB,inprocess,fae714c9d3869a3437ad72b0c46562d4db072d5ced38b77ab6f9961ff230618c,85239c2ae6557170bb1f7669d46dc0460a37ee7a5ea03e367483c43bf61e7794,1.178,0,62,49,2,51,11,82.25806451612904,83.49514563106796,85.0,77.77777777777777,80.95238095238095,87.5,750,14.705882352941176,0,0,0,0,8,0,0,0,0,0,5.6912,3.8677,5326,1170889,280,49,66,0.1037310373103731,2,0.974336,0.10357899999999999,114,6.696,22.217000000000002,50.052,12,0.089,0.106,0,0,0,0,0,0,
K8_R0.90_T1_H1_A0.95M15_S8013_HYBRID_inprocess,8013,8,0.9,1,1,SWEEP,0.95,15.0,,HYBRID,inprocess,fae714c9d3869a3437ad72b0c46562d4db072d5ced38b77ab6f9961ff230618c,52620b888c12340e2800e5d9efe77a6115caa673723529339ccb65515e92e24c,1.116,0,62,49,2,51,11,82.25806451612904,83.49514563106796,85.0,77.77777777777777,80.95238095238095,87.5,750,14.705882352941176,0,0,0,0,8,0,0,0,0,0,5.6912,3.8677,5326,1170889,280,49,66,0.1037310373103731,2,0.91831,0.10038399999999997,114,6.866,19.941,26.809,12,0.094,0.096,0,0,0,0,0,0,
K8_R0.90_T1_H1_A0.95M15_S8013_HYBRID_EAGER_inprocess,8013,8,0.9,1,1,SWEEP,0.95,15.0,,HYBRID_EAGER,inprocess,fae714c9d3869a3437ad72b0c46562d4db072d5ced38b77ab6f9961ff230618c,54235f00d53d869f2351cccad691bebf5091a35d5e63c735597be49f619361a0,1.13,0,62,49,2,51,11,82.25806451612904,83.49514563106796,85.0,77.77777777777777,80.95238095238095,87.5,750,14.705882352941176,0,0,0,0,8,0,0,0,0,0,5.6912,3.8677,5326,1170706,280,49,66,0.1037310373103731,2,0.88596,0.108812,114,6.074999999999999,25.156000000000002,31.206,18,0.09899999999999999,0.18000000000000002,0,0,0,0,0,0,
K8_R0.90_T1_H1_A0.95M15_S8013_EDGE_MARKET_inprocess,8013,8,0.9,1,1,SWEEP,0.95,15.0,,EDGE_MARKET,inprocess,fae714c9d3869a3437ad72b0c46562d4db072d5ced38b77ab6f9961ff230618c,de7ab1d18e20952e7963e0f8306ba3fcf1400c20a41b56e4ff948629249ec882,0.32,0,62,47,1,48,14,77.41935483870968,80.58252427184466,80.0,88.88888888888889,76.19047619047619,81.25,678,14.125,0,0,0,0,7,0,0,0,0,0,5.6775,3.8677,4840,1257148,259,39,30,0.059439763151901616,1,0.036735,0.207225,120,0.07100000000000001,0.217,0.355,996,0.448,2.911,0,22,0,0,0,0,
K8_R0.90_T1_H1_A0.95M30_S8013_CENTRAL_FB_inprocess,8013,8,0.9,1,1,SWEEP,0.95,30.0,,CENTRAL_FB,inprocess,7ae55d15161e936a658d2c147908da7a5588210a3c5a0e6e14f86c70afe328ca,03ab21f44c028c48c4a696b5864f211183f916b79e36b0b80d97b26229ad7f0c,1.099,0,62,50,2,52,10,83.87096774193549,87.37864077669903,85.0,100.0,83.33333333333333,90.625,708,13.615384615384615,0,0,0,0,7,0,0,0,0,0,5.6512,3.8677,5515,1207269,289,41,41,0.037889039242219216,3,0.933604,0.089807,106,7.318,21.372,29.967000000000002,11,0.019,0.019,0,1,0,0,0,0,
K8_R0.90_T1_H1_A0.95M30_S8013_CENTRAL_inprocess,8013,8,0.9,1,1,SWEEP,0.95,30.0,,CENTRAL,inprocess,7ae55d15161e936a658d2c147908da7a5588210a3c5a0e6e14f86c70afe328ca,5d9a53582c7299d5ad7f88530d93a0508658b584c053a6ceed0e6e1f56a42f9a,1.394,0,62,50,2,52,10,83.87096774193549,87.37864077669903,85.0,100.0,83.33333333333333,90.625,708,13.615384615384615,0,0,0,0,7,0,0,0,0,0,5.6512,3.8677,5515,1207269,289,41,41,0.037889039242219216,3,1.16987,0.112297,106,9.92,24.996000000000002,38.413999999999994,0,0.0,0.0,0,1,0,0,0,0,
K8_R0.90_T1_H1_A0.95M30_S8013_HYBRID_inprocess,8013,8,0.9,1,1,SWEEP,0.95,30.0,,HYBRID,inprocess,7ae55d15161e936a658d2c147908da7a5588210a3c5a0e6e14f86c70afe328ca,95ea1c460e53777f7adb929863011a8a730685d2bdf3c781562f4c5f4eb00279,1.119,0,62,50,2,52,10,83.87096774193549,87.37864077669903,85.0,100.0,83.33333333333333,90.625,708,13.615384615384615,0,0,0,0,7,0,0,0,0,0,5.6512,3.8677,5515,1207269,289,41,41,0.037889039242219216,3,0.94613,0.09266899999999999,106,8.106,20.44,26.055,11,0.017,0.017,0,1,0,0,0,0,
K8_R0.90_T1_H1_A0.95M30_S8013_EDGE_MARKET_inprocess,8013,8,0.9,1,1,SWEEP,0.95,30.0,,EDGE_MARKET,inprocess,7ae55d15161e936a658d2c147908da7a5588210a3c5a0e6e14f86c70afe328ca,5cb08a631ff8bb50218fa1e5e624571e28637b8758af028e70596fa6a5797f73,0.264,0,62,46,2,48,14,77.41935483870968,80.58252427184466,80.0,100.0,76.19047619047619,75.0,691,14.395833333333334,0,0,0,0,7,0,0,0,0,0,5.6775,3.8677,4945,1278415,254,38,34,0.025880817746846457,3,0.029909,0.17772700000000002,133,0.062,0.13899999999999998,0.171,1094,0.38,2.399,0,22,0,0,0,0,
K8_R0.90_T1_H1_A0.95M30_S8013_HYBRID_EAGER_inprocess,8013,8,0.9,1,1,SWEEP,0.95,30.0,,HYBRID_EAGER,inprocess,7ae55d15161e936a658d2c147908da7a5588210a3c5a0e6e14f86c70afe328ca,7268da80fffd668f98d4b7b0319db434fed2af5fb5e056813d3e51c8bf4533f5,1.414,0,62,50,2,52,10,83.87096774193549,87.37864077669903,85.0,100.0,83.33333333333333,90.625,708,13.615384615384615,0,0,0,0,7,0,0,0,0,0,5.6512,3.8677,5515,1207269,289,41,41,0.037889039242219216,3,1.16788,0.12498299999999998,106,9.553,24.244999999999997,32.775,14,0.055,0.104,0,1,0,0,0,0,
K8_R0.90_T1_H1_A0.85M5_S8013_CENTRAL_inprocess,8013,8,0.9,1,1,SWEEP,0.85,5.0,,CENTRAL,inprocess,f0d47ef699bfdc46dff6ee6faaecf7041ff5370dae2c4ec3efd49b222a2f79c7,a70be3e37dd88b2107528101f7d7835e2df09583f7946a5f184b463763bf03d3,1.421,0,62,51,2,53,9,85.48387096774194,88.3495145631068,85.0,100.0,85.71428571428571,87.5,657,12.39622641509434,0,0,0,0,6,0,0,0,0,0,5.6786,3.8677,5741,1208957,290,52,18,0.0996644957568581,1,1.224987,0.109697,155,6.772,21.11,23.346,0,0.0,0.0,0,0,0,0,0,0,
K8_R0.90_T1_H1_A0.85M5_S8013_CENTRAL_FB_inprocess,8013,8,0.9,1,1,SWEEP,0.85,5.0,,CENTRAL_FB,inprocess,f0d47ef699bfdc46dff6ee6faaecf7041ff5370dae2c4ec3efd49b222a2f79c7,c03a3757deb0366a3e66f1d44f7a723f5f258bcd2df36b97eaa8693fd61b8538,1.54,0,62,51,2,53,9,85.48387096774194,88.3495145631068,85.0,100.0,85.71428571428571,87.5,657,12.39622641509434,0,0,0,0,6,0,0,0,0,0,5.6786,3.8677,5741,1208945,290,52,18,0.0996644957568581,1,1.312272,0.11829300000000001,155,7.033,21.733999999999998,31.59,16,0.05,0.104,0,0,0,0,0,0,
K8_R0.90_T1_H1_A0.85M5_S8013_HYBRID_inprocess,8013,8,0.9,1,1,SWEEP,0.85,5.0,,HYBRID,inprocess,f0d47ef699bfdc46dff6ee6faaecf7041ff5370dae2c4ec3efd49b222a2f79c7,e2be1b4c8ee532728944b342f10594a5aea940212244f277d5bbc555ed7f6ea4,1.284,0,62,51,2,53,9,85.48387096774194,88.3495145631068,85.0,100.0,85.71428571428571,87.5,657,12.39622641509434,0,0,0,0,6,0,0,0,0,0,5.6786,3.8677,5741,1208945,290,52,18,0.0996644957568581,1,1.099057,0.09706000000000001,155,5.634,19.559,27.413,16,0.036000000000000004,0.108,0,0,0,0,0,0,
K8_R0.90_T1_H1_A0.85M5_S8013_EDGE_MARKET_inprocess,8013,8,0.9,1,1,SWEEP,0.85,5.0,,EDGE_MARKET,inprocess,f0d47ef699bfdc46dff6ee6faaecf7041ff5370dae2c4ec3efd49b222a2f79c7,215749c2327999f75b5627dc019f96191e7feaba496d0c36bfe31c9dd2a2b483,0.254,0,62,49,1,50,12,80.64516129032258,82.52427184466019,75.0,88.88888888888889,83.33333333333333,81.25,665,13.3,0,0,0,0,7,0,0,0,0,0,7.977,3.8677,4741,1248286,217,21,18,0.08954857703631011,0,0.027665,0.165859,120,0.054,0.12300000000000001,0.23800000000000002,875,0.38,2.555,0,26,0,0,0,0,
K8_R0.90_T1_H1_A0.85M5_S8013_HYBRID_EAGER_inprocess,8013,8,0.9,1,1,SWEEP,0.85,5.0,,HYBRID_EAGER,inprocess,f0d47ef699bfdc46dff6ee6faaecf7041ff5370dae2c4ec3efd49b222a2f79c7,5eba5677199c2cdf4b2829004ab6a35d0efa30fa038217325e9db5f223252ba0,1.335,0,62,51,2,53,9,85.48387096774194,88.3495145631068,85.0,100.0,85.71428571428571,87.5,657,12.39622641509434,0,0,0,0,6,0,0,0,0,0,5.6786,3.8677,5741,1208763,290,52,18,0.0996644957568581,1,1.125194,0.10857599999999999,155,5.6579999999999995,21.172,23.397000000000002,36,0.08,0.484,0,0,0,0,0,0,
K8_R0.90_T1_H1_A0.85M15_S8013_CENTRAL_inprocess,8013,8,0.9,1,1,SWEEP,0.85,15.0,,CENTRAL,inprocess,a17829e412fcf92178637f3f6ef15aa453e707753f253406d7274c714c017115,ee5f5c39f2c6ad63ebd305661f46d74a03e489edd7dbd8c37725f3a1bbaa70c9,1.177,0,62,49,2,51,11,82.25806451612904,85.4368932038835,90.0,88.88888888888889,78.57142857142857,100.0,684,13.411764705882353,0,0,0,0,7,0,0,0,0,0,5.6912,3.8677,5178,1157609,254,40,34,0.09966923925027564,3,0.987554,0.09567500000000001,112,8.527,20.637,27.477999999999998,0,0.0,0.0,0,0,0,0,0,0,
K8_R0.90_T1_H1_A0.85M15_S8013_CENTRAL_FB_inprocess,8013,8,0.9,1,1,SWEEP,0.85,15.0,,CENTRAL_FB,inprocess,a17829e412fcf92178637f3f6ef15aa453e707753f253406d7274c714c017115,a02ce1ed6b0b45cba090edd8c2dc87d387b6453e646c22164dbd854100d68656,1.214,0,62,49,2,51,11,82.25806451612904,85.4368932038835,90.0,88.88888888888889,78.57142857142857,100.0,684,13.411764705882353,0,0,0,0,7,0,0,0,0,0,5.6912,3.8677,5178,1157609,254,40,34,0.09966923925027564,3,1.020608,0.09894900000000001,112,8.661,20.393,29.121000000000002,18,0.048,0.154,0,0,0,0,0,0,
K8_R0.90_T1_H1_A0.85M15_S8013_HYBRID_inprocess,8013,8,0.9,1,1,SWEEP,0.85,15.0,,HYBRID,inprocess,a17829e412fcf92178637f3f6ef15aa453e707753f253406d7274c714c017115,408e04f98df7e0f28e22285abc17348343be67e7569522af27934e6ecd7f6eee,1.251,0,62,49,2,51,11,82.25806451612904,85.4368932038835,90.0,88.88888888888889,78.57142857142857,100.0,684,13.411764705882353,0,0,0,0,7,0,0,0,0,0,5.6912,3.8677,5178,1157609,254,40,34,0.09966923925027564,3,1.067323,0.09803100000000001,112,8.933,21.572999999999997,43.574,18,0.043000000000000003,0.114,0,0,0,0,0,0,
K8_R0.90_T1_H1_A0.85M15_S8013_HYBRID_EAGER_inprocess,8013,8,0.9,1,1,SWEEP,0.85,15.0,,HYBRID_EAGER,inprocess,a17829e412fcf92178637f3f6ef15aa453e707753f253406d7274c714c017115,db487f197e28e75e2edddfd0625a1316307e5375519b0369673bbe0f8aa0707d,1.249,0,62,49,2,51,11,82.25806451612904,85.4368932038835,90.0,88.88888888888889,78.57142857142857,100.0,684,13.411764705882353,0,0,0,0,7,0,0,0,0,0,5.6912,3.8677,5178,1157582,254,40,34,0.09966923925027564,3,1.033574,0.10921099999999999,112,8.309000000000001,22.598,31.833,28,0.14100000000000001,0.496,0,0,0,0,0,0,
K8_R0.90_T1_H1_A0.85M15_S8013_EDGE_MARKET_inprocess,8013,8,0.9,1,1,SWEEP,0.85,15.0,,EDGE_MARKET,inprocess,a17829e412fcf92178637f3f6ef15aa453e707753f253406d7274c714c017115,aff41fdc7e9c9cebec9fd2b7154127ab3157327a54feed9f89949d7b5d18060c,0.347,0,62,48,1,49,13,79.03225806451613,79.6116504854369,65.0,88.88888888888889,85.71428571428571,81.25,641,13.081632653061224,0,0,0,0,8,0,0,0,0,0,5.6568,3.8677,4719,1247760,191,34,51,0.10814778566185466,2,0.036253,0.232458,109,0.06899999999999999,0.241,0.415,864,0.513,5.128,0,27,0,0,0,0,
K8_R0.90_T1_H1_A0.85M30_S8013_CENTRAL_inprocess,8013,8,0.9,1,1,SWEEP,0.85,30.0,,CENTRAL,inprocess,89deefe2348ed40ab0a2696361b234a5aae2e5eac40404e6e81e506cd45653b2,1caf0120cce7cfef221700bba7cb940f31c01f8e538c70718e5ddedfefa561e1,0.966,0,62,50,2,52,10,83.87096774193549,88.3495145631068,95.0,100.0,78.57142857142857,87.5,696,13.384615384615385,0,0,0,0,6,0,0,0,0,0,5.6454,3.8677,5246,1184670,244,38,65,0.20785219399538107,4,0.748016,0.101381,108,6.508,14.065,35.02,0,0.0,0.0,0,0,0,0,0,0,
K8_R0.90_T1_H1_A0.85M30_S8013_CENTRAL_FB_inprocess,8013,8,0.9,1,1,SWEEP,0.85,30.0,,CENTRAL_FB,inprocess,89deefe2348ed40ab0a2696361b234a5aae2e5eac40404e6e81e506cd45653b2,207b13f15c7b008758e352dedf332363efd183a1cd474b6426ae8bdfba6193be,1.037,0,62,50,2,52,10,83.87096774193549,88.3495145631068,90.0,100.0,80.95238095238095,90.625,770,14.807692307692308,0,0,0,0,7,0,0,0,0,0,5.6789,3.8677,5361,1195453,250,43,51,0.19807735300693047,3,0.833743,0.11081600000000001,107,7.426,17.093,19.619999999999997,40,0.091,0.437,0,0,0,0,0,0,
K8_R0.90_T1_H1_A0.85M30_S8013_HYBRID_inprocess,8013,8,0.9,1,1,SWEEP,0.85,30.0,,HYBRID,inprocess,89deefe2348ed40ab0a2696361b234a5aae2e5eac40404e6e81e506cd45653b2,0cb614dc6c7dbd73361a1e09e92e7937e8e24b31623049cf5de976ef335a66b7,1.012,0,62,50,2,52,10,83.87096774193549,88.3495145631068,90.0,100.0,80.95238095238095,90.625,770,14.807692307692308,0,0,0,0,7,0,0,0,0,0,5.6789,3.8677,5361,1195453,250,43,51,0.19807735300693047,3,0.81893,0.10280299999999998,107,7.406000000000001,15.341000000000001,31.475,40,0.10900000000000001,0.47100000000000003,0,0,0,0,0,0,
K8_R0.90_T1_H1_A0.85M30_S8013_EDGE_MARKET_inprocess,8013,8,0.9,1,1,SWEEP,0.85,30.0,,EDGE_MARKET,inprocess,89deefe2348ed40ab0a2696361b234a5aae2e5eac40404e6e81e506cd45653b2,af7a3834e4a916a444311b4d306e8c7c2bfc8391b7a8462e15dd513112ce1144,0.282,0,62,45,2,47,15,75.80645161290323,75.72815533980582,60.0,77.77777777777777,83.33333333333333,75.0,715,15.212765957446809,0,0,0,0,7,0,0,0,0,0,5.6775,3.8677,4588,1204470,191,29,66,0.16235358213020976,3,0.030795,0.18028100000000002,96,0.06499999999999999,0.205,0.261,779,0.505,3.543,0,15,0,0,0,0,
K8_R0.90_T1_H1_A0.85M30_S8013_HYBRID_EAGER_inprocess,8013,8,0.9,1,1,SWEEP,0.85,30.0,,HYBRID_EAGER,inprocess,89deefe2348ed40ab0a2696361b234a5aae2e5eac40404e6e81e506cd45653b2,69195a8eb21fb076ae91e719c656ccfedaa309aa89c8d701b7d5946e9dcefffb,1.103,0,62,50,2,52,10,83.87096774193549,88.3495145631068,90.0,100.0,80.95238095238095,90.625,770,14.807692307692308,0,0,0,0,7,0,0,0,0,0,5.6789,3.8677,5361,1195287,250,43,51,0.19807735300693047,3,0.88445,0.11881599999999999,107,7.429,15.079,38.209,45,0.15,0.515,0,0,0,0,0,0,
K8_R0.90_T1_H1_A0.75M5_S8013_CENTRAL_inprocess,8013,8,0.9,1,1,SWEEP,0.75,5.0,,CENTRAL,inprocess,9385beb1f01d0248a08d6336325ad3197188f1f91bd9ce073b166e8f52c5b418,c38ae5e328910c7d8e577a17bf733339f8f23078d943050b0e3ea812318eb202,1.531,0,62,52,2,54,8,87.09677419354838,92.23300970873787,100.0,100.0,80.95238095238095,90.625,713,13.203703703703704,0,0,0,0,8,0,0,0,0,0,5.6715,3.8847,6206,1249951,270,62,36,0.2888372992841942,2,1.328263,0.10397499999999998,207,5.75,17.033,25.476,0,0.0,0.0,0,0,0,0,0,0,
K8_R0.90_T1_H1_A0.75M5_S8013_CENTRAL_FB_inprocess,8013,8,0.9,1,1,SWEEP,0.75,5.0,,CENTRAL_FB,inprocess,9385beb1f01d0248a08d6336325ad3197188f1f91bd9ce073b166e8f52c5b418,e68828f056f0ecc1242ce334c7e6c1c0d48126414e626ee102769073f4f47903,1.619,0,62,47,2,49,13,79.03225806451613,81.55339805825243,75.0,88.88888888888889,80.95238095238095,81.25,673,13.73469387755102,0,0,0,0,7,0,0,0,0,0,5.6629,3.8847,6162,1258491,280,56,36,0.27718342734876483,2,1.409632,0.10792399999999999,195,6.644,18.822,24.542,25,0.044,0.095,0,1,0,0,0,0,
K8_R0.90_T1_H1_A0.75M5_S8013_HYBRID_inprocess,8013,8,0.9,1,1,SWEEP,0.75,5.0,,HYBRID,inprocess,9385beb1f01d0248a08d6336325ad3197188f1f91bd9ce073b166e8f52c5b418,1d7d598faacb80d267d1d72ef91573a8943cffd9e944eefefd9a6d8ba71ae2f9,1.511,0,62,47,2,49,13,79.03225806451613,81.55339805825243,75.0,88.88888888888889,80.95238095238095,81.25,673,13.73469387755102,0,0,0,0,7,0,0,0,0,0,5.6629,3.8847,6162,1258491,280,56,36,0.27718342734876483,2,1.310001,0.11077100000000001,195,6.222,15.538,20.941000000000003,25,0.034999999999999996,0.087,0,1,0,0,0,0,
K8_R0.90_T1_H1_A0.75M5_S8013_EDGE_MARKET_inprocess,8013,8,0.9,1,1,SWEEP,0.75,5.0,,EDGE_MARKET,inprocess,9385beb1f01d0248a08d6336325ad3197188f1f91bd9ce073b166e8f52c5b418,56b2a57ac930c37acfd6ed3fc4d673e11abe4f09e150e3a8dc134066a0975541,0.224,0,62,48,1,49,13,79.03225806451613,83.49514563106796,90.0,100.0,73.80952380952381,81.25,728,14.857142857142858,0,0,0,0,8,0,0,0,0,0,5.6775,3.8847,4500,1188030,200,33,27,0.13589967920676582,3,0.023731,0.141815,103,0.048,0.112,0.299,673,0.384,2.7729999999999997,0,15,0,0,0,0,
K8_R0.90_T1_H1_A0.75M5_S8013_HYBRID_EAGER_inprocess,8013,8,0.9,1,1,SWEEP,0.75,5.0,,HYBRID_EAGER,inprocess,9385beb1f01d0248a08d6336325ad3197188f1f91bd9ce073b166e8f52c5b418,e736d067f6f4436298a13107b05561010251e9f454d758d9425a787e985182ed,1.701,0,62,51,2,53,9,85.48387096774194,90.29126213592232,95.0,100.0,80.95238095238095,87.5,728,13.735849056603774,0,0,0,0,7,0,0,0,0,0,5.6912,3.8847,5940,1222370,237,60,36,0.2730042656916514,2,1.495699,0.114868,198,6.386,20.979999999999997,34.611999999999995,60,0.044,2.561,0,0,0,0,0,0,
K8_R0.90_T1_H1_A0.75M15_S8013_CENTRAL_FB_inprocess,8013,8,0.9,1,1,SWEEP,0.75,15.0,,CENTRAL_FB,inprocess,74df5ff4dace62748ad0232acc2998fc3382cb8ae112956e77498f170008aaee,8a05a800af97af65b4bf5331d6764fefd98ba6aac06e577210a0830d673cc95a,1.168,0,62,49,1,50,12,80.64516129032258,83.49514563106796,90.0,88.88888888888889,76.19047619047619,90.625,721,14.42,0,0,0,0,7,0,0,0,0,0,5.6663,3.9154,5482,1201966,225,43,74,0.3588025022341376,4,0.982482,0.097963,132,5.904999999999999,21.424,41.597,27,0.073,0.095,0,1,0,0,0,0,
K8_R0.90_T1_H1_A0.75M15_S8013_CENTRAL_inprocess,8013,8,0.9,1,1,SWEEP,0.75,15.0,,CENTRAL,inprocess,74df5ff4dace62748ad0232acc2998fc3382cb8ae112956e77498f170008aaee,56a4f180aa5cbfefbf8cddc398a3e03bf2a62b0c165d9913b413e4321089e516,1.344,0,62,50,1,51,11,82.25806451612904,83.49514563106796,85.0,77.77777777777777,80.95238095238095,90.625,716,14.03921568627451,0,0,0,0,7,0,0,0,0,0,5.6663,3.9154,5566,1191705,232,54,74,0.3943908851884312,4,1.135659,0.10993599999999999,139,6.228,26.141000000000002,46.278,0,0.0,0.0,0,0,0,0,0,0,
K8_R0.90_T1_H1_A0.75M15_S8013_HYBRID_inprocess,8013,8,0.9,1,1,SWEEP,0.75,15.0,,HYBRID,inprocess,74df5ff4dace62748ad0232acc2998fc3382cb8ae112956e77498f170008aaee,c42a030ac7185c57cb957ed1c276d928024dc1589c41c60572477a6ed8d4ae25,1.117,0,62,49,1,50,12,80.64516129032258,83.49514563106796,90.0,88.88888888888889,76.19047619047619,90.625,721,14.42,0,0,0,0,7,0,0,0,0,0,5.6663,3.9154,5482,1201966,225,43,74,0.3588025022341376,4,0.929038,0.094676,132,6.303,17.797,25.922,27,0.062,0.11900000000000001,0,1,0,0,0,0,
K8_R0.90_T1_H1_A0.75M15_S8013_HYBRID_EAGER_inprocess,8013,8,0.9,1,1,SWEEP,0.75,15.0,,HYBRID_EAGER,inprocess,74df5ff4dace62748ad0232acc2998fc3382cb8ae112956e77498f170008aaee,4caae57fa6a73eac73362cb800dfa8373efc11055d35009f743918d8679dd164,1.157,0,62,49,2,51,11,82.25806451612904,81.55339805825243,70.0,77.77777777777777,88.0952380952381,87.5,664,13.019607843137255,0,0,0,0,7,0,0,0,0,0,5.6674,3.9154,5243,1181208,224,41,74,0.3707201889020071,6,0.935916,0.123015,125,5.106,21.966,29.907,45,0.102,0.111,0,0,0,0,0,0,
K8_R0.90_T1_H1_A0.75M15_S8013_EDGE_MARKET_inprocess,8013,8,0.9,1,1,SWEEP,0.75,15.0,,EDGE_MARKET,inprocess,74df5ff4dace62748ad0232acc2998fc3382cb8ae112956e77498f170008aaee,aa3c47f8663e162a28dc8e423c4fc1e952a37f74470e1bd485a5e30497aa60e1,0.245,0,62,44,1,45,17,72.58064516129032,74.75728155339806,65.0,77.77777777777777,76.19047619047619,75.0,701,15.577777777777778,0,0,0,0,8,0,0,0,0,0,5.6775,3.9154,4601,1204293,188,24,66,0.3070053028188669,2,0.024536,0.15987099999999999,111,0.048,0.12300000000000001,0.261,759,0.38499999999999995,2.411,0,25,0,0,0,0,
K8_R0.90_T1_H1_A0.75M30_S8013_CENTRAL_inprocess,8013,8,0.9,1,1,SWEEP,0.75,30.0,,CENTRAL,inprocess,99a6211d097267d97efb88867aca076060d60c03986ce586334d3b8af9eb42d0,d6f101ce9f18feb6bcc1cb263b5a6142ee4b082d2c63a8eba40205c7abfa67ed,0.977,0,62,48,2,50,12,80.64516129032258,83.49514563106796,85.0,100.0,78.57142857142857,81.25,702,14.04,0,0,0,0,5,0,0,0,0,0,5.6472,3.9154,5149,1176429,205,38,118,0.259682224428997,3,0.761982,0.096659,108,6.557,15.566999999999998,35.428000000000004,0,0.0,0.0,0,1,0,0,0,0,
K8_R0.90_T1_H1_A0.75M30_S8013_CENTRAL_FB_inprocess,8013,8,0.9,1,1,SWEEP,0.75,30.0,,CENTRAL_FB,inprocess,99a6211d097267d97efb88867aca076060d60c03986ce586334d3b8af9eb42d0,1761b69fb7314f3e0c47207a0402ee248431bef5b7753e9043be32d694a6b086,1.022,0,62,48,2,50,12,80.64516129032258,83.49514563106796,85.0,100.0,78.57142857142857,81.25,702,14.04,0,0,0,0,5,0,0,0,0,0,5.6472,3.9154,5149,1176327,205,38,118,0.259682224428997,3,0.832819,0.111197,108,7.409,15.334,21.006,50,0.093,0.541,0,1,0,0,0,0,
K8_R0.90_T1_H1_A0.75M30_S8013_HYBRID_inprocess,8013,8,0.9,1,1,SWEEP,0.75,30.0,,HYBRID,inprocess,99a6211d097267d97efb88867aca076060d60c03986ce586334d3b8af9eb42d0,b37d85c0446eedf43a8ca298a1209c315aa89160c6b245ee8869ab4f606a7cc5,0.898,0,62,48,2,50,12,80.64516129032258,83.49514563106796,85.0,100.0,78.57142857142857,81.25,702,14.04,0,0,0,0,5,0,0,0,0,0,5.6472,3.9154,5149,1176327,205,38,118,0.259682224428997,3,0.722706,0.099317,108,6.593,12.187,15.868,50,0.08,0.388,0,1,0,0,0,0,
K8_R0.90_T1_H1_A0.75M30_S8013_HYBRID_EAGER_inprocess,8013,8,0.9,1,1,SWEEP,0.75,30.0,,HYBRID_EAGER,inprocess,99a6211d097267d97efb88867aca076060d60c03986ce586334d3b8af9eb42d0,330f735bc23bc558fe75dadd55b731e6e8ad90ddb39ea906be5d4acb0a28e847,0.881,0,62,48,2,50,12,80.64516129032258,83.49514563106796,85.0,100.0,78.57142857142857,81.25,702,14.04,0,0,0,0,5,0,0,0,0,0,5.6472,3.9154,5149,1176279,205,38,118,0.259682224428997,3,0.698281,0.099148,108,6.141,15.530000000000001,17.602,62,0.08399999999999999,0.509,0,1,0,0,0,0,
K8_R0.90_T1_H1_A0.75M30_S8013_EDGE_MARKET_inprocess,8013,8,0.9,1,1,SWEEP,0.75,30.0,,EDGE_MARKET,inprocess,99a6211d097267d97efb88867aca076060d60c03986ce586334d3b8af9eb42d0,d8639ef55cc87c42d00c0e42e53eb417bd0a7b130c065e03bdcad6abe3b79029,0.296,0,62,45,1,46,16,74.19354838709677,73.7864077669903,65.0,77.77777777777777,78.57142857142857,75.0,641,13.934782608695652,0,0,0,0,5,0,0,0,0,0,5.6775,3.9154,4549,1189690,178,31,51,0.28638635695383713,3,0.030165,0.19745599999999996,96,0.064,0.2,0.448,705,0.499,3.0140000000000002,0,21,0,0,0,0,
K8_R0.90_T1_H1_A0.65M5_S8013_CENTRAL_inprocess,8013,8,0.9,1,1,SWEEP,0.65,5.0,,CENTRAL,inprocess,f36fa533d85cf5aae8635783c14d5d98c6caa6138812b3c34a330b7cae6acc4a,df31c351768587acb8dd20ecbf00e70ac487d542c74d02042c1fc985075c09f4,1.365,0,62,52,1,53,9,85.48387096774194,88.3495145631068,95.0,88.88888888888889,80.95238095238095,90.625,707,13.339622641509434,0,0,0,0,7,0,0,0,0,0,5.6646,3.8847,5942,1220478,233,55,29,0.4137323943661972,6,1.155934,0.109127,225,5.022,13.067,20.580000000000002,0,0.0,0.0,0,0,0,0,0,0,
K8_R0.90_T1_H1_A0.65M5_S8013_CENTRAL_FB_inprocess,8013,8,0.9,1,1,SWEEP,0.65,5.0,,CENTRAL_FB,inprocess,f36fa533d85cf5aae8635783c14d5d98c6caa6138812b3c34a330b7cae6acc4a,e2cff1885d0c1fab65e6d7713cf9bb3e7d1b6b198b5215aafd6c7e9eff00650b,1.611,0,62,46,2,48,14,77.41935483870968,80.58252427184466,80.0,88.88888888888889,76.19047619047619,78.125,702,14.625,0,0,0,0,7,0,0,0,0,0,5.6421,3.8847,6625,1315665,292,47,29,0.4461273006134969,6,1.354335,0.121866,243,5.449,14.09,20.657999999999998,39,0.076,0.148,0,1,0,0,0,0,
K8_R0.90_T1_H1_A0.65M5_S8013_HYBRID_inprocess,8013,8,0.9,1,1,SWEEP,0.65,5.0,,HYBRID,inprocess,f36fa533d85cf5aae8635783c14d5d98c6caa6138812b3c34a330b7cae6acc4a,bd12b95e2c8c5a4c6aa853594e6b9adbc9cb6e9a0ae27430f4c73a531690c525,1.506,0,62,46,2,48,14,77.41935483870968,80.58252427184466,80.0,88.88888888888889,76.19047619047619,78.125,702,14.625,0,0,0,0,7,0,0,0,0,0,5.6421,3.8847,6625,1315665,292,47,29,0.4461273006134969,6,1.296379,0.116359,243,4.801,15.098,21.242,39,0.081,0.10900000000000001,0,1,0,0,0,0,
K8_R0.90_T1_H1_A0.65M5_S8013_EDGE_MARKET_inprocess,8013,8,0.9,1,1,SWEEP,0.65,5.0,,EDGE_MARKET,inprocess,f36fa533d85cf5aae8635783c14d5d98c6caa6138812b3c34a330b7cae6acc4a,82cc59da7c036e240ccdca9e7b1ef0c0bae053496196aaf3017b8bd0546ddfdc,0.276,0,62,46,1,47,15,75.80645161290323,76.69902912621359,70.0,77.77777777777777,78.57142857142857,75.0,633,13.46808510638298,0,0,0,0,7,0,0,0,0,0,5.6775,3.8847,4534,1194322,174,34,27,0.2323943661971831,3,0.027167,0.182482,128,0.057,0.122,0.207,714,0.457,3.287,0,19,0,0,0,0,
K8_R0.90_T1_H1_A0.65M5_S8013_HYBRID_EAGER_inprocess,8013,8,0.9,1,1,SWEEP,0.65,5.0,,HYBRID_EAGER,inprocess,f36fa533d85cf5aae8635783c14d5d98c6caa6138812b3c34a330b7cae6acc4a,60ef1b28e9c0a833ac5740a3762aea950cf0462f33feb1cb8e748e42be574488,1.664,0,62,50,2,52,10,83.87096774193549,90.29126213592232,100.0,100.0,76.19047619047619,93.75,722,13.884615384615385,0,0,0,0,8,0,0,0,0,0,5.697,3.8847,6397,1262948,268,58,29,0.42594075260208164,3,1.396269,0.12970199999999998,233,6.036,14.436,24.182,90,0.098,2.585,0,0,0,0,0,0,
K8_R0.90_T1_H1_A0.65M15_S8013_CENTRAL_inprocess,8013,8,0.9,1,1,SWEEP,0.65,15.0,,CENTRAL,inprocess,e6209b0e51f0d0fef31019a60ed6e6100a73ac8f544f62c1d4b3a430a1fd313e,1ceed134e3989cf63a9d8152777db32e557cb06d6c9d00081e922384b112c9f8,1.086,0,62,50,2,52,10,83.87096774193549,87.37864077669903,90.0,100.0,80.95238095238095,84.375,768,14.76923076923077,0,0,0,0,8,0,0,0,0,0,5.6455,3.9154,5105,1166936,205,41,64,0.512273212379936,3,0.895963,0.10707000000000001,137,5.446999999999999,17.963,22.666999999999998,0,0.0,0.0,0,0,0,0,0,0,
K8_R0.90_T1_H1_A0.65M15_S8013_CENTRAL_FB_inprocess,8013,8,0.9,1,1,SWEEP,0.65,15.0,,CENTRAL_FB,inprocess,e6209b0e51f0d0fef31019a60ed6e6100a73ac8f544f62c1d4b3a430a1fd313e,0505934c075a6e538e7ad54c2094dfad594a0c2b2e14d2c9190e720a824e0233,1.039,0,62,50,2,52,10,83.87096774193549,87.37864077669903,90.0,100.0,80.95238095238095,84.375,768,14.76923076923077,0,0,0,0,8,0,0,0,0,0,5.6455,3.9154,5105,1166822,205,41,64,0.512273212379936,3,0.841383,0.101513,137,4.811,18.964000000000002,52.17,41,0.11299999999999999,0.391,0,0,0,0,0,0,
K8_R0.90_T1_H1_A0.65M15_S8013_HYBRID_EAGER_inprocess,8013,8,0.9,1,1,SWEEP,0.65,15.0,,HYBRID_EAGER,inprocess,e6209b0e51f0d0fef31019a60ed6e6100a73ac8f544f62c1d4b3a430a1fd313e,7204f037747eb3a41c9e6a849ae0e9980a1b6c759ac80b668e1e397f16226a1b,0.843,0,62,47,2,49,13,79.03225806451613,80.58252427184466,85.0,77.77777777777777,76.19047619047619,81.25,736,15.020408163265307,0,0,0,0,7,0,0,0,0,0,5.6511,3.9154,5028,1163377,186,36,53,0.4916961611761503,4,0.676664,0.095763,130,4.51,14.5,19.708,59,0.093,0.4,0,0,0,0,0,0,
K8_R0.90_T1_H1_A0.65M15_S8013_HYBRID_inprocess,8013,8,0.9,1,1,SWEEP,0.65,15.0,,HYBRID,inprocess,e6209b0e51f0d0fef31019a60ed6e6100a73ac8f544f62c1d4b3a430a1fd313e,fe820abfde760c784b7bddffa786cea53b2b4cebe60147ca59b4ddd9140560ac,1.089,0,62,50,2,52,10,83.87096774193549,87.37864077669903,90.0,100.0,80.95238095238095,84.375,768,14.76923076923077,0,0,0,0,8,0,0,0,0,0,5.6455,3.9154,5105,1166822,205,41,64,0.512273212379936,3,0.873273,0.125463,137,5.308,17.322,24.922,41,0.108,0.424,0,0,0,0,0,0,
K8_R0.90_T1_H1_A0.65M15_S8013_EDGE_MARKET_inprocess,8013,8,0.9,1,1,SWEEP,0.65,15.0,,EDGE_MARKET,inprocess,e6209b0e51f0d0fef31019a60ed6e6100a73ac8f544f62c1d4b3a430a1fd313e,e8c3bf6532a52450413e4278328d6025ca2ce930d15366178f2abc085b815460,0.247,0,62,45,1,46,16,74.19354838709677,78.64077669902913,75.0,100.0,73.80952380952381,68.75,688,14.956521739130435,0,0,0,0,8,0,0,0,0,0,5.6775,3.9154,4399,1163234,163,32,51,0.35424232419940577,3,0.023383,0.15894200000000003,102,0.044,0.11900000000000001,0.232,593,0.402,4.44,0,19,0,0,0,0,
K8_R0.90_T1_H1_A0.65M30_S8013_CENTRAL_inprocess,8013,8,0.9,1,1,SWEEP,0.65,30.0,,CENTRAL,inprocess,690740125adfdc028d8f518b6088697671026424ff4a4c74375c32cf4c2f6886,678d19ce13dd807156b4d91eeace33e96d666907767f28ad4ff53facf6c7a813,0.79,0,62,46,2,48,14,77.41935483870968,80.58252427184466,75.0,88.88888888888889,78.57142857142857,87.5,673,14.020833333333334,0,0,0,0,5,0,0,0,0,0,5.6606,3.9154,4921,1151936,189,27,126,0.8663857959674992,5,0.601382,0.10429,115,4.202,13.912,21.701,0,0.0,0.0,0,0,0,0,0,0,
K8_R0.90_T1_H1_A0.65M30_S8013_CENTRAL_FB_inprocess,8013,8,0.9,1,1,SWEEP,0.65,30.0,,CENTRAL_FB,inprocess,690740125adfdc028d8f518b6088697671026424ff4a4c74375c32cf4c2f6886,15cdb638034dd7b44c3fa57c221dc682394ceb41dc6d091fe37518b82607aa5d,0.868,0,62,46,2,48,14,77.41935483870968,80.58252427184466,75.0,88.88888888888889,78.57142857142857,87.5,673,14.020833333333334,0,0,0,0,4,0,0,0,0,0,5.6606,3.9154,4921,1151465,189,27,126,0.8663857959674992,5,0.675304,0.10674499999999999,115,4.997,14.527,23.357,63,0.078,0.574,0,0,0,0,0,0,
K8_R0.90_T1_H1_A0.65M30_S8013_HYBRID_inprocess,8013,8,0.9,1,1,SWEEP,0.65,30.0,,HYBRID,inprocess,690740125adfdc028d8f518b6088697671026424ff4a4c74375c32cf4c2f6886,d3a767ffa935638fe9c4e7ed56ad8788ddecc390ba9810503387005d444b5717,0.82,0,62,46,2,48,14,77.41935483870968,80.58252427184466,75.0,88.88888888888889,78.57142857142857,87.5,673,14.020833333333334,0,0,0,0,4,0,0,0,0,0,5.6606,3.9154,4921,1151465,189,27,126,0.8663857959674992,5,0.638555,0.10511000000000001,115,4.469,13.897,26.65,63,0.078,0.432,0,0,0,0,0,0,
K8_R0.90_T1_H1_A0.65M30_S8013_EDGE_MARKET_inprocess,8013,8,0.9,1,1,SWEEP,0.65,30.0,,EDGE_MARKET,inprocess,690740125adfdc028d8f518b6088697671026424ff4a4c74375c32cf4c2f6886,d74b12829fcb39ae2f41663dd9875cbb7e23f281a58f6ea5012aa949287b2097,0.246,0,62,47,2,49,13,79.03225806451613,82.52427184466019,80.0,100.0,78.57142857142857,75.0,683,13.938775510204081,0,0,0,0,5,0,0,0,0,0,5.6748,3.9154,4390,1177534,153,23,125,0.7646638054363376,4,0.02267,0.16410000000000002,99,0.045000000000000005,0.134,0.225,582,0.509,3.357,0,18,0,0,0,0,
K8_R0.90_T1_H1_A0.65M30_S8013_HYBRID_EAGER_inprocess,8013,8,0.9,1,1,SWEEP,0.65,30.0,,HYBRID_EAGER,inprocess,690740125adfdc028d8f518b6088697671026424ff4a4c74375c32cf4c2f6886,44073e37d459595a9d79d3e01c86f13cef742df124ee93d26ab2aaf4c925d355,0.825,0,62,46,2,48,14,77.41935483870968,80.58252427184466,75.0,88.88888888888889,78.57142857142857,87.5,673,14.020833333333334,0,0,0,0,4,0,0,0,0,0,5.6606,3.9154,4921,1151243,189,27,126,0.8663857959674992,5,0.636834,0.10524199999999997,115,4.4559999999999995,12.479000000000001,25.753,75,0.102,0.465,0,0,0,0,0,0,
K8_R0.90_T1_H1_A0.55M5_S8013_CENTRAL_inprocess,8013,8,0.9,1,1,SWEEP,0.55,5.0,,CENTRAL,inprocess,be0a5c7a395974f7c179a0e8140ea04ebf9a641bbf677d11444b0bd199db644b,e5235829c646b174d0d46d79d3a407f86e9e7bec17ae2e95bcb5e8f62aff0078,1.458,0,62,50,1,51,11,82.25806451612904,85.4368932038835,90.0,100.0,78.57142857142857,84.375,696,13.647058823529411,0,0,0,0,8,0,0,0,0,0,5.6142,3.8847,6249,1262812,263,52,29,0.5649879041126017,5,1.244316,0.11636699999999998,249,4.617,12.959999999999999,27.764,0,0.0,0.0,0,1,0,0,0,0,
K8_R0.90_T1_H1_A0.55M5_S8013_CENTRAL_FB_inprocess,8013,8,0.9,1,1,SWEEP,0.55,5.0,,CENTRAL_FB,inprocess,be0a5c7a395974f7c179a0e8140ea04ebf9a641bbf677d11444b0bd199db644b,d8624b76ec0b6430cc4a1e31d81cc813ba66798a0592e156443b740caf041b10,1.476,0,62,50,1,51,11,82.25806451612904,85.4368932038835,90.0,100.0,78.57142857142857,84.375,696,13.647058823529411,0,0,0,0,8,0,0,0,0,0,5.6142,3.8847,6249,1262800,263,52,29,0.5649879041126017,5,1.242002,0.108573,249,4.335999999999999,15.046000000000001,26.056,52,0.044,0.467,0,1,0,0,0,0,
K8_R0.90_T1_H1_A0.55M5_S8013_HYBRID_EAGER_inprocess,8013,8,0.9,1,1,SWEEP,0.55,5.0,,HYBRID_EAGER,inprocess,be0a5c7a395974f7c179a0e8140ea04ebf9a641bbf677d11444b0bd199db644b,b698bc5921deb570c10b6d7cb8afb7bc35e328ef8b223361e8465d857153ae71,1.362,0,62,46,1,47,15,75.80645161290323,77.66990291262135,75.0,88.88888888888889,76.19047619047619,81.25,716,15.23404255319149,0,0,0,0,5,0,0,0,0,0,7.1335,3.8847,6745,1328526,290,39,29,0.6974706233817964,5,1.172015,0.110483,273,3.796,11.686,20.852,128,0.041,2.269,0,0,0,0,0,0,
K8_R0.90_T1_H1_A0.55M5_S8013_HYBRID_inprocess,8013,8,0.9,1,1,SWEEP,0.55,5.0,,HYBRID,inprocess,be0a5c7a395974f7c179a0e8140ea04ebf9a641bbf677d11444b0bd199db644b,0d053558aa1439aaa3dd9f9f242bfbed99b1c5b635dbcd67150c97ea458a73b2,1.479,0,62,50,1,51,11,82.25806451612904,85.4368932038835,90.0,100.0,78.57142857142857,84.375,696,13.647058823529411,0,0,0,0,8,0,0,0,0,0,5.6142,3.8847,6249,1262800,263,52,29,0.5649879041126017,5,1.267755,0.10755100000000001,249,4.151,17.230999999999998,28.387,52,0.037,0.406,0,1,0,0,0,0,
K8_R0.90_T1_H1_A0.55M5_S8013_EDGE_MARKET_inprocess,8013,8,0.9,1,1,SWEEP,0.55,5.0,,EDGE_MARKET,inprocess,be0a5c7a395974f7c179a0e8140ea04ebf9a641bbf677d11444b0bd199db644b,f5833910c5da7083051771d64949ee17a02927ffadcc4581c9a8a482f9a528ac,0.275,0,62,48,2,50,12,80.64516129032258,81.55339805825243,75.0,88.88888888888889,83.33333333333333,78.125,697,13.94,0,0,0,0,8,0,0,0,0,0,5.6775,3.8847,4536,1209024,157,27,19,0.31243358129649307,3,0.024853,0.180548,87,0.053,0.219,0.36900000000000005,690,0.458,2.901,0,25,0,0,0,0,
K8_R0.90_T1_H1_A0.55M15_S8013_CENTRAL_inprocess,8013,8,0.9,1,1,SWEEP,0.55,15.0,,CENTRAL,inprocess,353cbc9ad987189f212503bb9edbcd5fc7bc7f4a8bb80e0cb6ba10713a7c1790,2bbe66529dbf96c007f622a2f4b75a421f59b2541d503a88599e0536f57d9942,1.089,0,62,49,0,49,13,79.03225806451613,79.6116504854369,85.0,88.88888888888889,76.19047619047619,78.125,736,15.020408163265307,0,0,0,0,7,0,0,0,0,0,5.6472,3.9154,5662,1200810,196,36,81,0.7385637618195757,5,0.914386,0.096066,172,3.6870000000000003,15.58,26.694,0,0.0,0.0,0,0,0,0,0,0,
K8_R0.90_T1_H1_A0.55M15_S8013_CENTRAL_FB_inprocess,8013,8,0.9,1,1,SWEEP,0.55,15.0,,CENTRAL_FB,inprocess,353cbc9ad987189f212503bb9edbcd5fc7bc7f4a8bb80e0cb6ba10713a7c1790,d3941e5d6539460120b3f6f36c4a2e5d31873a01f4954c1dbdd71cee11e3914b,1.06,0,62,48,2,50,12,80.64516129032258,81.55339805825243,80.0,77.77777777777777,80.95238095238095,81.25,678,13.56,0,0,0,0,6,0,0,0,0,0,5.6676,3.9154,5519,1187050,208,24,78,0.6513614522156967,5,0.88833,0.09435500000000001,156,4.113,18.279,29.447999999999997,66,0.083,0.38,0,0,0,0,0,0,
K8_R0.90_T1_H1_A0.55M15_S8013_HYBRID_inprocess,8013,8,0.9,1,1,SWEEP,0.55,15.0,,HYBRID,inprocess,353cbc9ad987189f212503bb9edbcd5fc7bc7f4a8bb80e0cb6ba10713a7c1790,0dccd99a11dd4bdf7c33998df7dcc11d05a4cf3f5b1d0735a470ec7462eaf7d6,1.043,0,62,48,2,50,12,80.64516129032258,81.55339805825243,80.0,77.77777777777777,80.95238095238095,81.25,678,13.56,0,0,0,0,6,0,0,0,0,0,5.6676,3.9154,5519,1187050,208,24,78,0.6513614522156967,5,0.873968,0.09504499999999999,156,4.23,15.904000000000002,23.747,66,0.08,0.39399999999999996,0,0,0,0,0,0,
K8_R0.90_T1_H1_A0.55M15_S8013_EDGE_MARKET_inprocess,8013,8,0.9,1,1,SWEEP,0.55,15.0,,EDGE_MARKET,inprocess,353cbc9ad987189f212503bb9edbcd5fc7bc7f4a8bb80e0cb6ba10713a7c1790,a9ffea8aabe18a87bcc2845bf906c856ca311c9fc919230b97e8640dff40d78c,0.234,0,62,46,2,48,14,77.41935483870968,79.6116504854369,80.0,88.88888888888889,76.19047619047619,71.875,798,16.625,0,0,0,0,7,0,0,0,0,0,6.885,3.9154,4331,1175498,117,25,87,0.6031007751937985,5,0.021904,0.15099100000000001,89,0.044,0.145,0.176,505,0.446,2.7439999999999998,0,22,0,0,0,0,
K8_R0.90_T1_H1_A0.55M15_S8013_HYBRID_EAGER_inprocess,8013,8,0.9,1,1,SWEEP,0.55,15.0,,HYBRID_EAGER,inprocess,353cbc9ad987189f212503bb9edbcd5fc7bc7f4a8bb80e0cb6ba10713a7c1790,3893f5751c36539e550ae7e0f45f493e0697f733cf4a26383867baa26cd5426a,1.221,0,62,49,2,51,11,82.25806451612904,84.46601941747574,80.0,88.88888888888889,83.33333333333333,84.375,718,14.07843137254902,0,0,0,0,6,0,0,0,0,0,5.6786,3.9154,5428,1206805,183,45,86,0.6523977241939853,5,1.020777,0.117006,152,5.286,18.933,36.498000000000005,89,0.106,0.439,0,0,0,0,0,0,
K8_R0.90_T1_H1_A0.55M30_S8013_CENTRAL_inprocess,8013,8,0.9,1,1,SWEEP,0.55,30.0,,CENTRAL,inprocess,c0c1c52d4f62f52245c31c19bd07e120c3361f40e90301a4fd54564c8f2e89bf,9c0e1372b765465eebce353247381094ea4805c3541baa48b4d6e0f713f72e84,0.864,0,62,49,2,51,11,82.25806451612904,83.49514563106796,75.0,88.88888888888889,85.71428571428571,87.5,670,13.137254901960784,0,0,0,0,6,0,0,0,0,0,5.6606,3.9154,4815,1138516,191,31,65,0.5622798591098302,6,0.682838,0.10101399999999999,113,3.9589999999999996,19.189999999999998,42.972,0,0.0,0.0,0,1,0,0,0,0,
K8_R0.90_T1_H1_A0.55M30_S8013_CENTRAL_FB_inprocess,8013,8,0.9,1,1,SWEEP,0.55,30.0,,CENTRAL_FB,inprocess,c0c1c52d4f62f52245c31c19bd07e120c3361f40e90301a4fd54564c8f2e89bf,2d3b16b65a52b962fed7689687b503960a1c5302efa092ac104ab9ad29807b5c,0.963,0,62,50,2,52,10,83.87096774193549,85.4368932038835,85.0,88.88888888888889,83.33333333333333,90.625,681,13.096153846153847,0,0,0,0,7,0,0,0,0,0,5.6781,3.9154,4778,1122091,197,32,115,0.6611597019760285,5,0.760182,0.106123,108,4.929,18.477,36.015,64,0.087,0.45899999999999996,0,0,0,0,0,0,
K8_R0.90_T1_H1_A0.55M30_S8013_HYBRID_inprocess,8013,8,0.9,1,1,SWEEP,0.55,30.0,,HYBRID,inprocess,c0c1c52d4f62f52245c31c19bd07e120c3361f40e90301a4fd54564c8f2e89bf,5227997b2c826232a5e9305577f06bffe4f0d1325a8d9be0f378cc416ce0ae25,0.885,0,62,50,2,52,10,83.87096774193549,85.4368932038835,85.0,88.88888888888889,83.33333333333333,90.625,681,13.096153846153847,0,0,0,0,7,0,0,0,0,0,5.6781,3.9154,4778,1122091,197,32,115,0.6611597019760285,5,0.712638,0.099322,108,4.825,17.180999999999997,30.797,64,0.052,0.40299999999999997,0,0,0,0,0,0,
K8_R0.90_T1_H1_A0.55M30_S8013_HYBRID_EAGER_inprocess,8013,8,0.9,1,1,SWEEP,0.55,30.0,,HYBRID_EAGER,inprocess,c0c1c52d4f62f52245c31c19bd07e120c3361f40e90301a4fd54564c8f2e89bf,538aed72ffdfc79f93dc1ade5e018eb02d7086c7392b406475c76217c2ff89f8,0.831,0,62,50,2,52,10,83.87096774193549,85.4368932038835,85.0,88.88888888888889,83.33333333333333,90.625,681,13.096153846153847,0,0,0,0,7,0,0,0,0,0,5.6781,3.9154,4778,1121749,197,32,115,0.6611597019760285,5,0.66084,0.09305000000000001,108,4.5840000000000005,18.161,24.355999999999998,84,0.08600000000000001,0.388,0,0,0,0,0,0,
K8_R0.90_T1_H1_A0.55M30_S8013_EDGE_MARKET_inprocess,8013,8,0.9,1,1,SWEEP,0.55,30.0,,EDGE_MARKET,inprocess,c0c1c52d4f62f52245c31c19bd07e120c3361f40e90301a4fd54564c8f2e89bf,2dea2cbea9109584a9b2b228df74f673747ec04210e5838b1b8d16bd8964210f,0.253,0,62,48,1,49,13,79.03225806451613,81.55339805825243,75.0,88.88888888888889,80.95238095238095,84.375,684,13.959183673469388,0,0,0,0,7,0,0,0,0,0,5.6775,3.9154,4284,1141406,138,22,74,0.5753739930955121,5,0.023775,0.165206,98,0.04,0.114,0.132,490,0.505,3.2590000000000003,0,12,0,0,0,0,
K8_R0.90_T1_H1_A0.95M5_S8014_CENTRAL_inprocess,8014,8,0.9,1,1,SWEEP,0.95,5.0,,CENTRAL,inprocess,3e2108ec8db0a755f42b9cfdad1f20eaa9d675a47b4b93f8599fe3018806fbb5,7b8fa8417066ab83607d83e9f68bc31cb93ca12e02d688bed6cb0c7df3421626,0.927,0,62,55,1,56,6,90.3225806451613,92.38095238095238,90.47619047619048,100.0,90.2439024390244,85.18518518518519,764,13.642857142857142,0,0,0,0,6,0,0,0,0,0,5.6606,3.8731,5272,1213242,252,44,20,0.04457050243111831,0,0.757215,0.09411200000000002,123,3.415,18.087,22.014,0,0.0,0.0,0,0,0,0,0,0,
K8_R0.90_T1_H1_A0.95M5_S8014_CENTRAL_FB_inprocess,8014,8,0.9,1,1,SWEEP,0.95,5.0,,CENTRAL_FB,inprocess,3e2108ec8db0a755f42b9cfdad1f20eaa9d675a47b4b93f8599fe3018806fbb5,0ad5e6835c035aeae37d643a97426cb7e75b581a4ff47015b5ccf6f4c23588ff,1.006,0,62,55,1,56,6,90.3225806451613,92.38095238095238,90.47619047619048,100.0,90.2439024390244,85.18518518518519,764,13.642857142857142,0,0,0,0,6,0,0,0,0,0,5.6606,3.8731,5272,1213242,252,44,20,0.04457050243111831,0,0.834537,0.09070399999999999,123,3.606,21.083000000000002,25.22,4,0.011,0.011,0,0,0,0,0,0,
K8_R0.90_T1_H1_A0.95M5_S8014_HYBRID_inprocess,8014,8,0.9,1,1,SWEEP,0.95,5.0,,HYBRID,inprocess,3e2108ec8db0a755f42b9cfdad1f20eaa9d675a47b4b93f8599fe3018806fbb5,12cc1c6d3c263e177f8c2ab08b3ccf371c3e79a9fabd9ed6511f7473ba7782a7,1.156,0,62,55,1,56,6,90.3225806451613,92.38095238095238,90.47619047619048,100.0,90.2439024390244,85.18518518518519,764,13.642857142857142,0,0,0,0,6,0,0,0,0,0,5.6606,3.8731,5272,1213242,252,44,20,0.04457050243111831,0,0.960856,0.108743,123,4.3340000000000005,22.436,28.772,4,0.014,0.014,0,0,0,0,0,0,
K8_R0.90_T1_H1_A0.95M5_S8014_HYBRID_EAGER_inprocess,8014,8,0.9,1,1,SWEEP,0.95,5.0,,HYBRID_EAGER,inprocess,3e2108ec8db0a755f42b9cfdad1f20eaa9d675a47b4b93f8599fe3018806fbb5,8b0a7d0c4db8a9c729df0d6c7a878ebc6fd8cf36df06eddfcf23d0efc853ebb8,1.029,0,62,56,1,57,5,91.93548387096774,93.33333333333333,95.23809523809524,90.9090909090909,90.2439024390244,88.88888888888889,754,13.228070175438596,0,0,0,0,5,0,0,0,0,0,5.6807,3.8731,5625,1244161,278,51,20,0.05783086841107319,0,0.861007,0.095198,136,3.5860000000000003,17.984,24.528000000000002,20,0.032,0.034,0,0,0,0,0,0,
K8_R0.90_T1_H1_A0.95M5_S8014_EDGE_MARKET_inprocess,8014,8,0.9,1,1,SWEEP,0.95,5.0,,EDGE_MARKET,inprocess,3e2108ec8db0a755f42b9cfdad1f20eaa9d675a47b4b93f8599fe3018806fbb5,9364397802d199db6af5502f5c021b97d205b5a605c040918efa614cfc3bd2cd,0.266,0,62,53,1,54,8,87.09677419354838,88.57142857142857,90.47619047619048,100.0,85.36585365853658,88.88888888888889,823,15.24074074074074,0,0,0,0,6,0,0,0,0,0,5.6468,3.8731,4495,1203677,242,40,20,0.03075805279728748,0,0.029163,0.171824,95,0.058,0.116,0.13899999999999998,629,0.5109999999999999,3.322,0,19,0,0,0,0,
K8_R0.90_T1_H1_A0.95M15_S8014_CENTRAL_inprocess,8014,8,0.9,1,1,SWEEP,0.95,15.0,,CENTRAL,inprocess,a3178eeabdb6100e259c1039f87ab1f92003c48af3f3a280ff43fae0b68993c3,6f945c8f2119f3b86de9c5a6a66a2c2d291ae3c2340afe7a6962ccad986bc8de,0.927,0,62,55,1,56,6,90.3225806451613,92.38095238095238,95.23809523809524,90.9090909090909,87.8048780487805,85.18518518518519,793,14.160714285714286,0,0,0,0,6,0,0,0,0,0,5.6205,3.8731,5288,1212987,232,51,44,0.05087150385083097,0,0.771794,0.086649,111,3.503,18.861,25.051000000000002,0,0.0,0.0,0,0,0,0,0,0,
K8_R0.90_T1_H1_A0.95M15_S8014_CENTRAL_FB_inprocess,8014,8,0.9,1,1,SWEEP,0.95,15.0,,CENTRAL_FB,inprocess,a3178eeabdb6100e259c1039f87ab1f92003c48af3f3a280ff43fae0b68993c3,9908bbc0675da7468deef7ab9be8c55b9810624a4629f46441d8e012d7c393c9,0.88,0,62,55,1,56,6,90.3225806451613,92.38095238095238,95.23809523809524,90.9090909090909,87.8048780487805,85.18518518518519,793,14.160714285714286,0,0,0,0,6,0,0,0,0,0,5.6205,3.8731,5288,1212987,232,51,44,0.05087150385083097,0,0.720954,0.08584099999999999,111,3.4949999999999997,17.683,21.215999999999998,6,0.020999999999999998,0.020999999999999998,0,0,0,0,0,0,
K8_R0.90_T1_H1_A0.95M15_S8014_HYBRID_inprocess,8014,8,0.9,1,1,SWEEP,0.95,15.0,,HYBRID,inprocess,a3178eeabdb6100e259c1039f87ab1f92003c48af3f3a280ff43fae0b68993c3,de5deda425988bdd5a612153ad060d88391f0c93662a4d041846a92db46fcb41,0.885,0,62,55,1,56,6,90.3225806451613,92.38095238095238,95.23809523809524,90.9090909090909,87.8048780487805,85.18518518518519,793,14.160714285714286,0,0,0,0,6,0,0,0,0,0,5.6205,3.8731,5288,1212987,232,51,44,0.05087150385083097,0,0.733793,0.085662,111,3.68,17.548000000000002,21.784000000000002,6,0.02,0.02,0,0,0,0,0,0,
K8_R0.90_T1_H1_A0.95M15_S8014_EDGE_MARKET_inprocess,8014,8,0.9,1,1,SWEEP,0.95,15.0,,EDGE_MARKET,inprocess,a3178eeabdb6100e259c1039f87ab1f92003c48af3f3a280ff43fae0b68993c3,3c34ec5c3e0feaaea429de718bee1983a6bcf8260ae21294ecc0b66363620e0a,0.222,0,62,54,1,55,7,88.70967741935483,90.47619047619048,90.47619047619048,100.0,87.8048780487805,92.5925925925926,774,14.072727272727272,0,0,0,0,5,0,0,0,0,0,5.6443,3.8731,4473,1216547,202,51,39,0.0440818314661471,0,0.025198,0.14329799999999998,91,0.055,0.112,0.131,610,0.39599999999999996,2.2729999999999997,0,18,0,0,0,0,
K8_R0.90_T1_H1_A0.95M15_S8014_HYBRID_EAGER_inprocess,8014,8,0.9,1,1,SWEEP,0.95,15.0,,HYBRID_EAGER,inprocess,a3178eeabdb6100e259c1039f87ab1f92003c48af3f3a280ff43fae0b68993c3,7504c5626e6e5d83c8d528a26e92081d44e6bd3c19ed02de9a149bb7f5e54a27,1.073,0,62,55,1,56,6,90.3225806451613,93.33333333333333,100.0,100.0,85.36585365853658,81.48148148148148,752,13.428571428571429,0,0,0,0,3,0,0,0,0,0,5.6173,3.8731,5186,1205665,259,61,26,0.03685196752029981,1,0.871254,0.113649,109,5.823,21.767000000000003,27.625,17,0.039,0.04,0,0,0,0,0,0,
K8_R0.90_T1_H1_A0.95M30_S8014_CENTRAL_inprocess,8014,8,0.9,1,1,SWEEP,0.95,30.0,,CENTRAL,inprocess,f66d8178537a80d7b6967f226f8a4dc7aa8a34e87037b66ba60d569a982dc1a8,1a64b72bbc07ef209ae6aa68cd2f6a671f976ecbd52168d604dbe9f3e4409389,1.255,0,62,54,1,55,7,88.70967741935483,88.57142857142857,85.71428571428571,81.81818181818181,90.2439024390244,85.18518518518519,767,13.945454545454545,0,0,0,0,6,0,0,0,0,0,5.6424,3.8731,5322,1209652,255,52,53,0.04155844155844156,2,1.03201,0.112361,115,6.356,24.675,36.093,0,0.0,0.0,0,0,0,0,0,0,
K8_R0.90_T1_H1_A0.95M30_S8014_CENTRAL_FB_inprocess,8014,8,0.9,1,1,SWEEP,0.95,30.0,,CENTRAL_FB,inprocess,f66d8178537a80d7b6967f226f8a4dc7aa8a34e87037b66ba60d569a982dc1a8,5312b8e273b44739e4be2a108e5b83f94780be3d148661229e24a12d2ed6dcf3,1.134,0,62,54,1,55,7,88.70967741935483,87.61904761904762,85.71428571428571,72.72727272727273,90.2439024390244,85.18518518518519,750,13.636363636363637,0,0,0,0,6,0,0,0,0,0,5.6468,3.8731,5271,1207182,244,49,53,0.04554615074566707,0,0.933556,0.09650099999999999,110,4.930000000000001,22.449,57.974,6,0.08399999999999999,0.08399999999999999,0,0,0,0,0,0,
K8_R0.90_T1_H1_A0.95M30_S8014_HYBRID_EAGER_inprocess,8014,8,0.9,1,1,SWEEP,0.95,30.0,,HYBRID_EAGER,inprocess,f66d8178537a80d7b6967f226f8a4dc7aa8a34e87037b66ba60d569a982dc1a8,879dab9f021852cc7907ce446c5b5d4068f1d236e892d43d347e5d4ef14e4fa6,1.115,0,62,54,1,55,7,88.70967741935483,87.61904761904762,85.71428571428571,72.72727272727273,90.2439024390244,85.18518518518519,745,13.545454545454545,0,0,0,0,5,0,0,0,0,0,5.6849,3.8731,5236,1203989,244,51,53,0.03964220369993901,0,0.904103,0.11133499999999999,107,5.6690000000000005,24.819999999999997,36.024,17,0.046,0.097,0,0,0,0,0,0,
K8_R0.90_T1_H1_A0.95M30_S8014_HYBRID_inprocess,8014,8,0.9,1,1,SWEEP,0.95,30.0,,HYBRID,inprocess,f66d8178537a80d7b6967f226f8a4dc7aa8a34e87037b66ba60d569a982dc1a8,7eebe675714e961aa7e5825faf0ed4f787cc3d3d5e3020574304dd6c3467835f,1.207,0,62,54,1,55,7,88.70967741935483,87.61904761904762,85.71428571428571,72.72727272727273,90.2439024390244,85.18518518518519,750,13.636363636363637,0,0,0,0,6,0,0,0,0,0,5.6468,3.8731,5271,1207182,244,49,53,0.04554615074566707,0,0.987676,0.110505,110,5.675000000000001,26.05,34.897,6,0.10500000000000001,0.10500000000000001,0,0,0,0,0,0,
K8_R0.90_T1_H1_A0.95M30_S8014_EDGE_MARKET_inprocess,8014,8,0.9,1,1,SWEEP,0.95,30.0,,EDGE_MARKET,inprocess,f66d8178537a80d7b6967f226f8a4dc7aa8a34e87037b66ba60d569a982dc1a8,2e03056c8cbaa0e2af821f13858e4a1526843a086818d60fe0a554a1b8a1be48,0.264,0,62,52,1,53,9,85.48387096774194,85.71428571428571,80.95238095238095,90.9090909090909,87.8048780487805,92.5925925925926,827,15.60377358490566,0,0,0,0,6,0,0,0,0,0,5.6329,3.8731,4498,1204637,244,42,63,0.0515290151697568,1,0.029816,0.166423,96,0.064,0.118,0.206,630,0.47,2.956,0,19,0,0,0,0,
K8_R0.90_T1_H1_A0.85M5_S8014_CENTRAL_inprocess,8014,8,0.9,1,1,SWEEP,0.85,5.0,,CENTRAL,inprocess,b510efc472468b8ca4ce873ffca8a35810ae2d48bf0a84596bbda6ce9bdefea5,11490892fba583c328200c2b62a031a207c375a57b9cfa2277f4bfd315f1bdfa,1.29,0,62,53,1,54,8,87.09677419354838,90.47619047619048,90.47619047619048,100.0,85.36585365853658,88.88888888888889,792,14.666666666666666,0,0,0,0,7,0,0,0,0,0,5.6584,3.8731,5740,1248327,273,60,21,0.1362126245847176,0,1.070375,0.11626700000000001,153,4.746,19.865000000000002,27.88,0,0.0,0.0,0,0,0,0,0,0,
K8_R0.90_T1_H1_A0.85M5_S8014_CENTRAL_FB_inprocess,8014,8,0.9,1,1,SWEEP,0.85,5.0,,CENTRAL_FB,inprocess,b510efc472468b8ca4ce873ffca8a35810ae2d48bf0a84596bbda6ce9bdefea5,bed63f699d7ad4be5612faf49d4a6ecb06b09cbee7acd87e8bd32ad11441b8a4,1.241,0,62,53,1,54,8,87.09677419354838,90.47619047619048,90.47619047619048,100.0,85.36585365853658,88.88888888888889,792,14.666666666666666,0,0,0,0,7,0,0,0,0,0,5.6584,3.8731,5740,1248327,273,60,21,0.1362126245847176,0,1.027242,0.114182,153,4.7410000000000005,18.258,32.464,10,1.417,1.417,0,0,0,0,0,0,
K8_R0.90_T1_H1_A0.85M5_S8014_HYBRID_inprocess,8014,8,0.9,1,1,SWEEP,0.85,5.0,,HYBRID,inprocess,b510efc472468b8ca4ce873ffca8a35810ae2d48bf0a84596bbda6ce9bdefea5,c1abe41fd1548bf03c46d62c96682dbd724dd0e38a914288cfb4a018a5736cf4,1.303,0,62,53,1,54,8,87.09677419354838,90.47619047619048,90.47619047619048,100.0,85.36585365853658,88.88888888888889,792,14.666666666666666,0,0,0,0,7,0,0,0,0,0,5.6584,3.8731,5740,1248327,273,60,21,0.1362126245847176,0,1.084183,0.11410300000000001,153,4.8260000000000005,18.714000000000002,24.784,10,0.47100000000000003,0.47100000000000003,0,0,0,0,0,0,
K8_R0.90_T1_H1_A0.85M5_S8014_HYBRID_EAGER_inprocess,8014,8,0.9,1,1,SWEEP,0.85,5.0,,HYBRID_EAGER,inprocess,b510efc472468b8ca4ce873ffca8a35810ae2d48bf0a84596bbda6ce9bdefea5,bb76da98779312c8b1b45b809501a4145eb60f46b1585cbf523edc541c46f3ad,1.205,0,62,52,1,53,9,85.48387096774194,88.57142857142857,95.23809523809524,90.9090909090909,80.48780487804878,81.48148148148148,782,14.754716981132075,0,0,0,0,6,0,0,0,0,0,5.6555,3.8731,5783,1251684,262,61,21,0.14465287178495456,2,0.990708,0.12013200000000002,155,3.9810000000000003,19.926,29.446,40,0.051,0.432,0,1,0,0,0,0,
K8_R0.90_T1_H1_A0.85M5_S8014_EDGE_MARKET_inprocess,8014,8,0.9,1,1,SWEEP,0.85,5.0,,EDGE_MARKET,inprocess,b510efc472468b8ca4ce873ffca8a35810ae2d48bf0a84596bbda6ce9bdefea5,d249d31214dbb18065cab51e27a731ce883e323a4ba88796e7c7bc854cf79ae7,0.228,0,62,55,1,56,6,90.3225806451613,92.38095238095238,95.23809523809524,100.0,87.8048780487805,96.29629629629629,822,14.678571428571429,0,0,0,0,6,0,0,0,0,0,5.671,3.8731,4425,1185310,189,42,20,0.05567282321899736,0,0.024059,0.14601,90,0.052,0.079,0.192,559,0.43,2.448,0,19,0,0,0,0,
K8_R0.90_T1_H1_A0.85M15_S8014_CENTRAL_inprocess,8014,8,0.9,1,1,SWEEP,0.85,15.0,,CENTRAL,inprocess,fb06c6497dabf38b86754db898b4d65d7ef0957dae3d9cd80a90302bd977e67d,2398384f7fb57cd45e1c37d8ed866de7817eb47e485f9176b1b87975954ed45b,0.918,0,62,55,1,56,6,90.3225806451613,93.33333333333333,95.23809523809524,100.0,87.8048780487805,81.48148148148148,797,14.232142857142858,0,0,0,0,6,0,0,0,0,0,5.6575,3.8731,5057,1208562,226,42,95,0.17820631970260223,2,0.726235,0.098446,113,3.364,19.049,25.468,0,0.0,0.0,0,1,0,0,0,0,
K8_R0.90_T1_H1_A0.85M15_S8014_CENTRAL_FB_inprocess,8014,8,0.9,1,1,SWEEP,0.85,15.0,,CENTRAL_FB,inprocess,fb06c6497dabf38b86754db898b4d65d7ef0957dae3d9cd80a90302bd977e67d,bc43b53bc6adf04c8bc5a9aac4851d2d6d336409f962d4ff93c544575eb9d8ce,0.85,0,62,56,1,57,5,91.93548387096774,95.23809523809524,100.0,100.0,87.8048780487805,85.18518518518519,788,13.824561403508772,0,0,0,0,8,0,0,0,0,0,5.6904,3.8731,5091,1196569,213,42,95,0.1751269035532995,1,0.677175,0.09418599999999999,117,3.112,18.28,23.806,22,0.094,0.106,0,0,0,0,0,0,
K8_R0.90_T1_H1_A0.85M15_S8014_HYBRID_inprocess,8014,8,0.9,1,1,SWEEP,0.85,15.0,,HYBRID,inprocess,fb06c6497dabf38b86754db898b4d65d7ef0957dae3d9cd80a90302bd977e67d,adcb17af223cd47aa45afcc30e8f774f8434ecf15273de6fb4f4b720de458a49,0.948,0,62,56,1,57,5,91.93548387096774,95.23809523809524,100.0,100.0,87.8048780487805,85.18518518518519,788,13.824561403508772,0,0,0,0,8,0,0,0,0,0,5.6904,3.8731,5091,1196569,213,42,95,0.1751269035532995,1,0.786528,0.092641,117,2.6870000000000003,24.662,33.617000000000004,22,0.093,0.108,0,0,0,0,0,0,
K8_R0.90_T1_H1_A0.85M15_S8014_HYBRID_EAGER_inprocess,8014,8,0.9,1,1,SWEEP,0.85,15.0,,HYBRID_EAGER,inprocess,fb06c6497dabf38b86754db898b4d65d7ef0957dae3d9cd80a90302bd977e67d,5bfe3e5eaed4cbf69ad651e69fbfcd9e169634cfa32f91a45959d8fe4af19281,0.995,0,62,55,1,56,6,90.3225806451613,91.42857142857143,95.23809523809524,90.9090909090909,87.8048780487805,85.18518518518519,734,13.107142857142858,0,0,0,0,6,0,0,0,0,0,5.658,3.8731,5076,1195769,235,45,79,0.16508451030331095,2,0.807944,0.10120299999999999,112,3.666,22.697,27.352999999999998,40,0.047,0.085,0,0,0,0,0,0,
K8_R0.90_T1_H1_A0.85M15_S8014_EDGE_MARKET_inprocess,8014,8,0.9,1,1,SWEEP,0.85,15.0,,EDGE_MARKET,inprocess,fb06c6497dabf38b86754db898b4d65d7ef0957dae3d9cd80a90302bd977e67d,96d293c07865d65edffc4fde126e2ef65d5e85cca5683eb23206fb394ea89f57,0.217,0,62,55,1,56,6,90.3225806451613,92.38095238095238,95.23809523809524,100.0,87.8048780487805,96.29629629629629,787,14.053571428571429,0,0,0,0,6,0,0,0,0,0,5.6591,3.8731,4292,1166601,212,34,79,0.10022779043280182,1,0.023401,0.13922900000000002,70,0.043000000000000003,0.102,0.124,462,0.423,2.8289999999999997,0,10,0,0,0,0,
K8_R0.90_T1_H1_A0.85M30_S8014_CENTRAL_inprocess,8014,8,0.9,1,1,SWEEP,0.85,30.0,,CENTRAL,inprocess,0f92ec260a991c61ed9776604e6d1001d7c830caf25a12a2b29d7914b65b9ab9,b3040ef322d60d5164ae64f7bce1663906bad966ad14f94d7d8158497e7bd1ca,0.805,0,62,56,1,57,5,91.93548387096774,94.28571428571429,100.0,100.0,87.8048780487805,85.18518518518519,725,12.719298245614034,0,0,0,0,5,0,0,0,0,0,5.6696,3.8731,5102,1202260,237,50,73,0.11581541218637993,2,0.64509,0.085,105,3.3240000000000003,18.176000000000002,26.733,0,0.0,0.0,0,0,0,0,0,0,
K8_R0.90_T1_H1_A0.85M30_S8014_CENTRAL_FB_inprocess,8014,8,0.9,1,1,SWEEP,0.85,30.0,,CENTRAL_FB,inprocess,0f92ec260a991c61ed9776604e6d1001d7c830caf25a12a2b29d7914b65b9ab9,3445636d5131b604188b07766d3e3dbb2e69bc73a817e56d61f3ce198314e731,0.806,0,62,54,1,55,7,88.70967741935483,90.47619047619048,95.23809523809524,90.9090909090909,85.36585365853658,81.48148148148148,822,14.945454545454545,0,0,0,0,7,0,0,0,0,0,5.6541,3.8731,5145,1220651,234,55,73,0.13377630121816167,1,0.648047,0.08490700000000001,112,3.049,17.000999999999998,22.791,17,0.076,0.093,0,0,0,0,0,0,
K8_R0.90_T1_H1_A0.85M30_S8014_HYBRID_EAGER_inprocess,8014,8,0.9,1,1,SWEEP,0.85,30.0,,HYBRID_EAGER,inprocess,0f92ec260a991c61ed9776604e6d1001d7c830caf25a12a2b29d7914b65b9ab9,d330aa1d0c9cc8e87855cd854b97f3789fd94d61d626da16aa58832f688194ea,0.8,0,62,54,1,55,7,88.70967741935483,90.47619047619048,95.23809523809524,90.9090909090909,85.36585365853658,81.48148148148148,822,14.945454545454545,0,0,0,0,7,0,0,0,0,0,5.6541,3.8731,5145,1220651,234,55,73,0.13377630121816167,1,0.647367,0.08940799999999999,112,3.062,17.647,23.598000000000003,26,0.089,0.094,0,0,0,0,0,0,
K8_R0.90_T1_H1_A0.85M30_S8014_HYBRID_inprocess,8014,8,0.9,1,1,SWEEP,0.85,30.0,,HYBRID,inprocess,0f92ec260a991c61ed9776604e6d1001d7c830caf25a12a2b29d7914b65b9ab9,b1d7ff2f812153d8eb59688e9c6f26cc4a55ccf6d16f3704cdad68b6f0a839eb,1.005,0,62,54,1,55,7,88.70967741935483,90.47619047619048,95.23809523809524,90.9090909090909,85.36585365853658,81.48148148148148,822,14.945454545454545,0,0,0,0,7,0,0,0,0,0,5.6541,3.8731,5145,1220651,234,55,73,0.13377630121816167,1,0.802305,0.108613,112,3.979,22.017,27.258999999999997,17,0.096,0.116,0,0,0,0,0,0,
K8_R0.90_T1_H1_A0.85M30_S8014_EDGE_MARKET_inprocess,8014,8,0.9,1,1,SWEEP,0.85,30.0,,EDGE_MARKET,inprocess,0f92ec260a991c61ed9776604e6d1001d7c830caf25a12a2b29d7914b65b9ab9,fa09623c38dc9be124fa668feb025dd40f9f376942fc4f6b2312bd9da87d2790,0.217,0,62,55,1,56,6,90.3225806451613,91.42857142857143,95.23809523809524,90.9090909090909,87.8048780487805,92.5925925925926,805,14.375,0,0,0,0,6,0,0,0,0,0,5.6345,3.8731,4304,1182194,205,40,68,0.11552148918696961,1,0.023416,0.14192100000000002,68,0.054,0.081,0.17200000000000001,464,0.42700000000000005,5.343,0,14,0,0,0,0,
K8_R0.90_T1_H1_A0.75M5_S8014_CENTRAL_FB_inprocess,8014,8,0.9,1,1,SWEEP,0.75,5.0,,CENTRAL_FB,inprocess,623f78ce9100e95e6089c1ad7cfba75f998fdb8a6be4cc16261cd8f1352955b5,30af786123def2323d9bc10b2a2067d61747d8ef5b4dadabf07d769f61a58332,1.15,0,62,54,1,55,7,88.70967741935483,88.57142857142857,90.47619047619048,81.81818181818181,87.8048780487805,85.18518518518519,805,14.636363636363637,0,0,0,0,5,0,0,0,0,0,5.6175,3.8731,5934,1267757,258,49,20,0.21961102106969205,6,0.96923,0.101676,199,3.7279999999999998,15.129,18.654,25,0.058,0.358,0,1,0,0,0,0,
K8_R0.90_T1_H1_A0.75M5_S8014_CENTRAL_inprocess,8014,8,0.9,1,1,SWEEP,0.75,5.0,,CENTRAL,inprocess,623f78ce9100e95e6089c1ad7cfba75f998fdb8a6be4cc16261cd8f1352955b5,edaae0cae8694baa56b1a0ed154c31e14161131a145752131387b786613ab950,1.302,0,62,54,1,55,7,88.70967741935483,87.61904761904762,80.95238095238095,81.81818181818181,92.6829268292683,85.18518518518519,785,14.272727272727273,0,0,0,0,5,0,0,0,0,0,5.6175,3.8731,5902,1263657,255,54,20,0.2215885947046843,6,1.091344,0.11201300000000002,202,3.6069999999999998,17.097,30.023999999999997,0,0.0,0.0,0,1,0,0,0,0,
K8_R0.90_T1_H1_A0.75M5_S8014_HYBRID_inprocess,8014,8,0.9,1,1,SWEEP,0.75,5.0,,HYBRID,inprocess,623f78ce9100e95e6089c1ad7cfba75f998fdb8a6be4cc16261cd8f1352955b5,a80260962f4baf4d9c3d4cbb305ee95419741ec3966703a3c74c2602d41c68a1,1.046,0,62,54,1,55,7,88.70967741935483,88.57142857142857,90.47619047619048,81.81818181818181,87.8048780487805,85.18518518518519,805,14.636363636363637,0,0,0,0,5,0,0,0,0,0,5.6175,3.8731,5934,1267757,258,49,20,0.21961102106969205,6,0.878677,0.091409,199,2.951,15.589,22.276,25,0.046,0.809,0,1,0,0,0,0,
K8_R0.90_T1_H1_A0.75M5_S8014_HYBRID_EAGER_inprocess,8014,8,0.9,1,1,SWEEP,0.75,5.0,,HYBRID_EAGER,inprocess,623f78ce9100e95e6089c1ad7cfba75f998fdb8a6be4cc16261cd8f1352955b5,3c577181428500fff55a2901c3ab75ab82763aa4f438b7d50844fccfd9c6243a,1.071,0,62,54,1,55,7,88.70967741935483,86.66666666666667,80.95238095238095,81.81818181818181,92.6829268292683,81.48148148148148,840,15.272727272727273,0,0,0,0,6,0,0,0,0,0,5.6756,3.8731,5712,1245717,246,48,20,0.2315856506049671,6,0.869554,0.10146599999999999,193,2.5300000000000002,17.11,26.653,69,0.058,0.481,0,0,0,0,0,0,
K8_R0.90_T1_H1_A0.75M5_S8014_EDGE_MARKET_inprocess,8014,8,0.9,1,1,SWEEP,0.75,5.0,,EDGE_MARKET,inprocess,623f78ce9100e95e6089c1ad7cfba75f998fdb8a6be4cc16261cd8f1352955b5,8e9e384b3ef74f561fd2485c43850ac57409970afa11149c8137ee3eb2c18bb8,0.215,0,62,51,1,52,10,83.87096774193549,83.80952380952381,80.95238095238095,81.81818181818181,85.36585365853658,88.88888888888889,793,15.25,0,0,0,0,5,0,0,0,0,0,5.6468,3.8731,4403,1182572,182,34,20,0.10062148564664102,4,0.022748,0.138083,93,0.049,0.092,0.132,575,0.392,2.742,0,13,0,0,0,0,
K8_R0.90_T1_H1_A0.75M15_S8014_CENTRAL_inprocess,8014,8,0.9,1,1,SWEEP,0.75,15.0,,CENTRAL,inprocess,b83600270e3347f64753431865e38fdf1cc62249966694b5cd9eaff24e146b97,ba138510ad284451c7517e47595ea3e7178d4fe681e4b3c97452448265152be2,0.873,0,62,52,1,53,9,85.48387096774194,88.57142857142857,90.47619047619048,100.0,82.92682926829268,77.77777777777777,721,13.60377358490566,0,0,0,0,6,0,0,0,0,0,5.6775,3.8731,5395,1215529,225,41,103,0.36036036036036034,2,0.69602,0.09434899999999999,138,4.118,14.032,28.785999999999998,0,0.0,0.0,0,1,0,0,0,0,
K8_R0.90_T1_H1_A0.75M15_S8014_CENTRAL_FB_inprocess,8014,8,0.9,1,1,SWEEP,0.75,15.0,,CENTRAL_FB,inprocess,b83600270e3347f64753431865e38fdf1cc62249966694b5cd9eaff24e146b97,808c74107e8b80cdd2c3b28a8d37f78548a10628f52efd8cfb66cac67ab5f127,0.982,0,62,50,1,51,11,82.25806451612904,82.85714285714286,76.19047619047619,81.81818181818181,85.36585365853658,77.77777777777777,821,16.098039215686274,0,0,0,0,7,0,0,0,0,0,5.6334,3.8731,5375,1234432,209,42,105,0.3306921463528315,2,0.777608,0.11421100000000001,129,5.53,14.956999999999999,23.647000000000002,29,0.13799999999999998,2.785,0,0,0,0,0,0,
K8_R0.90_T1_H1_A0.75M15_S8014_HYBRID_inprocess,8014,8,0.9,1,1,SWEEP,0.75,15.0,,HYBRID,inprocess,b83600270e3347f64753431865e38fdf1cc62249966694b5cd9eaff24e146b97,e43486e3e10a45760adfa2fc737f4fb2d3b1ce2f8835a595daf9c46b758f0dca,1.01,0,62,50,1,51,11,82.25806451612904,82.85714285714286,76.19047619047619,81.81818181818181,85.36585365853658,77.77777777777777,821,16.098039215686274,0,0,0,0,7,0,0,0,0,0,5.6334,3.8731,5375,1234432,209,42,105,0.3306921463528315,2,0.805651,0.108754,129,5.668,15.592,30.719,29,0.10900000000000001,3.496,0,0,0,0,0,0,
K8_R0.90_T1_H1_A0.75M15_S8014_EDGE_MARKET_inprocess,8014,8,0.9,1,1,SWEEP,0.75,15.0,,EDGE_MARKET,inprocess,b83600270e3347f64753431865e38fdf1cc62249966694b5cd9eaff24e146b97,6f2207020200f2d9d55d96a54a5e8a92a68113a2cd3a65b99405085ffe74cdf1,0.223,0,62,50,1,51,11,82.25806451612904,84.76190476190476,85.71428571428571,90.9090909090909,80.48780487804878,81.48148148148148,896,17.568627450980394,0,0,0,0,5,0,0,0,0,0,5.6387,3.8731,4426,1203205,186,34,98,0.19290865384615385,2,0.022364,0.141348,115,0.04,0.08600000000000001,0.12300000000000001,585,0.381,2.4250000000000003,0,21,0,0,0,0,
K8_R0.90_T1_H1_A0.75M15_S8014_HYBRID_EAGER_inprocess,8014,8,0.9,1,1,SWEEP,0.75,15.0,,HYBRID_EAGER,inprocess,b83600270e3347f64753431865e38fdf1cc62249966694b5cd9eaff24e146b97,4470c1cee3c4be455105b7725745d65122768f8930f1e2ef5009730c7eace261,1.048,0,62,50,1,51,11,82.25806451612904,82.85714285714286,76.19047619047619,81.81818181818181,85.36585365853658,77.77777777777777,821,16.098039215686274,0,0,0,0,7,0,0,0,0,0,5.6334,3.8731,5375,1234261,209,42,105,0.3306921463528315,2,0.834764,0.12444900000000002,129,5.682,17.843,22.186999999999998,44,0.102,2.6310000000000002,0,0,0,0,0,0,
K8_R0.90_T1_H1_A0.75M30_S8014_CENTRAL_inprocess,8014,8,0.9,1,1,SWEEP,0.75,30.0,,CENTRAL,inprocess,dbb446c8e5dec75b4ace20350bb8746556579c1a9a93805582437470356be84c,ba1b1995b185476fcf09a38aeeb2302fd078fc20ebd3a0cd653c232667948a8c,0.97,0,62,54,1,55,7,88.70967741935483,90.47619047619048,90.47619047619048,90.9090909090909,87.8048780487805,77.77777777777777,751,13.654545454545454,0,0,0,0,6,0,0,0,0,0,5.6904,3.8731,5066,1195752,233,42,179,0.3124218945263684,2,0.761865,0.10121800000000002,112,3.853,21.171,34.037,0,0.0,0.0,0,0,0,0,0,0,
K8_R0.90_T1_H1_A0.75M30_S8014_CENTRAL_FB_inprocess,8014,8,0.9,1,1,SWEEP,0.75,30.0,,CENTRAL_FB,inprocess,dbb446c8e5dec75b4ace20350bb8746556579c1a9a93805582437470356be84c,8c03d65b192bdcbd7820e67f5d009f4f0e10e4f05661f7956f707db0d411e5ef,0.973,0,62,55,1,56,6,90.3225806451613,92.38095238095238,95.23809523809524,90.9090909090909,87.8048780487805,81.48148148148148,758,13.535714285714286,0,0,0,0,6,0,0,0,0,0,5.6904,3.8731,4944,1185161,201,35,170,0.26277934754687904,3,0.774417,0.10871099999999999,104,3.776,23.704,28.732,34,0.079,0.103,0,0,0,0,0,0,
K8_R0.90_T1_H1_A0.75M30_S8014_HYBRID_inprocess,8014,8,0.9,1,1,SWEEP,0.75,30.0,,HYBRID,inprocess,dbb446c8e5dec75b4ace20350bb8746556579c1a9a93805582437470356be84c,5bcd95406a62d5bec153702627027415dec54c1cd5108afa8467a83c02b0bfc0,0.817,0,62,55,1,56,6,90.3225806451613,92.38095238095238,95.23809523809524,90.9090909090909,87.8048780487805,81.48148148148148,758,13.535714285714286,0,0,0,0,6,0,0,0,0,0,5.6904,3.8731,4944,1185161,201,35,170,0.26277934754687904,3,0.645524,0.09322599999999999,104,3.276,19.95,30.415000000000003,34,0.039,0.078,0,0,0,0,0,0,
K8_R0.90_T1_H1_A0.75M30_S8014_HYBRID_EAGER_inprocess,8014,8,0.9,1,1,SWEEP,0.75,30.0,,HYBRID_EAGER,inprocess,dbb446c8e5dec75b4ace20350bb8746556579c1a9a93805582437470356be84c,a36e5a4de63a10197fc8efffa9852cd512c9274ff97c17c1b6932a5479ed0c7a,0.941,0,62,55,1,56,6,90.3225806451613,88.57142857142857,85.71428571428571,81.81818181818181,92.6829268292683,92.5925925925926,798,14.25,0,0,0,0,6,0,0,0,0,0,5.6808,3.8731,4985,1192067,197,30,167,0.2982990606752983,2,0.74558,0.109347,106,3.16,21.718999999999998,28.897,46,0.064,0.112,0,0,0,0,0,0,
K8_R0.90_T1_H1_A0.75M30_S8014_EDGE_MARKET_inprocess,8014,8,0.9,1,1,SWEEP,0.75,30.0,,EDGE_MARKET,inprocess,dbb446c8e5dec75b4ace20350bb8746556579c1a9a93805582437470356be84c,95534b68d1fd44e4e410c711adf845d77084150b32935bed83f9f159d9e2ccdd,0.207,0,62,53,1,54,8,87.09677419354838,87.61904761904762,90.47619047619048,81.81818181818181,85.36585365853658,88.88888888888889,799,14.796296296296296,0,0,0,0,5,0,0,0,0,0,5.6278,3.8731,4256,1171196,178,37,143,0.2482801751094434,2,0.020536,0.13217800000000002,67,0.041999999999999996,0.08600000000000001,0.128,423,0.43,2.406,0,11,0,0,0,0,
K8_R0.90_T1_H1_A0.65M5_S8014_CENTRAL_inprocess,8014,8,0.9,1,1,SWEEP,0.65,5.0,,CENTRAL,inprocess,a6b3defb36f4fa77d5363d94d065f841b14b751ad5910cd15513db9f0e964c23,11cdbc3c8574d29fa8980c72f7a0bb3a188aed715e92aff9c5fa622c7d48367d,1.254,0,62,55,1,56,6,90.3225806451613,89.52380952380952,85.71428571428571,90.9090909090909,92.6829268292683,92.5925925925926,775,13.839285714285714,0,0,0,0,4,0,0,0,0,0,5.6745,3.8731,6019,1273325,236,50,20,0.41054001301236176,7,1.020009,0.118083,223,2.785,16.207,33.521,0,0.0,0.0,0,1,0,0,0,0,
K8_R0.90_T1_H1_A0.65M5_S8014_CENTRAL_FB_inprocess,8014,8,0.9,1,1,SWEEP,0.65,5.0,,CENTRAL_FB,inprocess,a6b3defb36f4fa77d5363d94d065f841b14b751ad5910cd15513db9f0e964c23,d43680b048b77506863ace328d661e73367189cef0d310ddb8e7056cde7e848a,1.264,0,62,55,1,56,6,90.3225806451613,89.52380952380952,85.71428571428571,90.9090909090909,92.6829268292683,92.5925925925926,775,13.839285714285714,0,0,0,0,4,0,0,0,0,0,5.6745,3.8731,6019,1273325,236,50,20,0.41054001301236176,7,1.00855,0.118658,223,3.254,16.85,25.337,42,0.066,0.34,0,1,0,0,0,0,
K8_R0.90_T1_H1_A0.65M5_S8014_HYBRID_inprocess,8014,8,0.9,1,1,SWEEP,0.65,5.0,,HYBRID,inprocess,a6b3defb36f4fa77d5363d94d065f841b14b751ad5910cd15513db9f0e964c23,2ecb1fa31f9e41496124e8b4474ef650e5d270e8b98afd80260e1a18cddc923c,1.197,0,62,55,1,56,6,90.3225806451613,89.52380952380952,85.71428571428571,90.9090909090909,92.6829268292683,92.5925925925926,775,13.839285714285714,0,0,0,0,4,0,0,0,0,0,5.6745,3.8731,6019,1273325,236,50,20,0.41054001301236176,7,1.000175,0.115158,223,2.536,17.094,27.59,42,0.028,0.49,0,1,0,0,0,0,
K8_R0.90_T1_H1_A0.65M5_S8014_HYBRID_EAGER_inprocess,8014,8,0.9,1,1,SWEEP,0.65,5.0,,HYBRID_EAGER,inprocess,a6b3defb36f4fa77d5363d94d065f841b14b751ad5910cd15513db9f0e964c23,9153ec9922e26d2a030ea266e68e5e7ae03a28250929b965691b2429c117c4eb,1.365,0,62,53,1,54,8,87.09677419354838,88.57142857142857,90.47619047619048,90.9090909090909,85.36585365853658,85.18518518518519,764,14.148148148148149,0,0,0,0,4,0,0,0,0,0,5.7092,3.8731,6054,1255236,244,55,20,0.4264387710947642,6,1.147854,0.123031,228,3.442,18.869,28.982,103,0.04,2.539,0,0,0,0,0,0,
K8_R0.90_T1_H1_A0.65M5_S8014_EDGE_MARKET_inprocess,8014,8,0.9,1,1,SWEEP,0.65,5.0,,EDGE_MARKET,inprocess,a6b3defb36f4fa77d5363d94d065f841b14b751ad5910cd15513db9f0e964c23,ff6a742adfc7c952081811f0a8ba2daaf3aa907fb000c31d4a310d4fad84c149,0.272,0,62,51,1,52,10,83.87096774193549,85.71428571428571,85.71428571428571,90.9090909090909,82.92682926829268,85.18518518518519,881,16.942307692307693,0,0,0,0,7,0,0,0,0,0,5.6468,3.8731,4405,1183658,165,28,20,0.24216908049848435,6,0.026261,0.175644,110,0.052,0.096,0.34400000000000003,560,0.49799999999999994,3.052,0,14,0,0,0,0,
K8_R0.90_T1_H1_A0.65M15_S8014_CENTRAL_inprocess,8014,8,0.9,1,1,SWEEP,0.65,15.0,,CENTRAL,inprocess,e750d523992ef599ad1364b8e492fd7bcee23fb55d11b01fd3dac9f1ac5204bf,9594c8758ed73ce0270ddaef646cb3c31f8126a8c3d97938829997ee322b69ff,0.805,0,62,53,1,54,8,87.09677419354838,90.47619047619048,95.23809523809524,100.0,82.92682926829268,81.48148148148148,763,14.12962962962963,0,0,0,0,6,0,0,0,0,0,5.6344,3.8731,5088,1191002,203,41,104,0.5339378950261061,5,0.616353,0.10735600000000001,133,3.5109999999999997,15.699000000000002,22.301000000000002,0,0.0,0.0,0,1,0,0,0,0,
K8_R0.90_T1_H1_A0.65M15_S8014_CENTRAL_FB_inprocess,8014,8,0.9,1,1,SWEEP,0.65,15.0,,CENTRAL_FB,inprocess,e750d523992ef599ad1364b8e492fd7bcee23fb55d11b01fd3dac9f1ac5204bf,d1b88d2490bc6d48e3093446d36928158cf7d338554eae24a95a592961b136c5,0.735,0,62,53,1,54,8,87.09677419354838,90.47619047619048,95.23809523809524,100.0,82.92682926829268,81.48148148148148,714,13.222222222222221,0,0,0,0,3,0,0,0,0,0,5.6295,3.8731,4987,1164905,175,37,104,0.5959595959595959,4,0.542412,0.100604,128,2.5309999999999997,16.878,27.73,50,0.103,2.284,0,0,0,0,0,0,
K8_R0.90_T1_H1_A0.65M15_S8014_HYBRID_EAGER_inprocess,8014,8,0.9,1,1,SWEEP,0.65,15.0,,HYBRID_EAGER,inprocess,e750d523992ef599ad1364b8e492fd7bcee23fb55d11b01fd3dac9f1ac5204bf,0ad191a732f7d9b9363153703530d2504b58fc371cec1799ee3e20c7937b4e1a,0.661,0,62,53,1,54,8,87.09677419354838,90.47619047619048,95.23809523809524,100.0,82.92682926829268,81.48148148148148,714,13.222222222222221,0,0,0,0,3,0,0,0,0,0,5.6295,3.8731,4987,1164732,175,37,104,0.5959595959595959,4,0.499175,0.095408,128,2.321,14.068999999999999,19.552,68,0.09000000000000001,2.5010000000000003,0,0,0,0,0,0,
K8_R0.90_T1_H1_A0.65M15_S8014_HYBRID_inprocess,8014,8,0.9,1,1,SWEEP,0.65,15.0,,HYBRID,inprocess,e750d523992ef599ad1364b8e492fd7bcee23fb55d11b01fd3dac9f1ac5204bf,690800971149b92493128082033b0b73d9e9b4ff41ce3a964e262a23c487e715,0.75,0,62,53,1,54,8,87.09677419354838,90.47619047619048,95.23809523809524,100.0,82.92682926829268,81.48148148148148,714,13.222222222222221,0,0,0,0,3,0,0,0,0,0,5.6295,3.8731,4987,1164905,175,37,104,0.5959595959595959,4,0.565413,0.106172,128,2.89,15.741000000000001,21.123,50,0.10500000000000001,2.7039999999999997,0,0,0,0,0,0,
K8_R0.90_T1_H1_A0.65M15_S8014_EDGE_MARKET_inprocess,8014,8,0.9,1,1,SWEEP,0.65,15.0,,EDGE_MARKET,inprocess,e750d523992ef599ad1364b8e492fd7bcee23fb55d11b01fd3dac9f1ac5204bf,d5407105ace571541c6ce8b2bef1c38cf318605fd12fccfba6f476cef43825a6,0.237,0,62,45,1,46,16,74.19354838709677,81.9047619047619,95.23809523809524,100.0,63.41463414634146,74.07407407407408,978,21.26086956521739,0,0,0,0,5,0,0,0,0,0,5.6436,3.8731,4368,1176876,160,30,64,0.3635743519781719,3,0.021808,0.160621,93,0.043000000000000003,0.096,0.179,542,0.49,2.7230000000000003,0,22,0,0,0,0,
K8_R0.90_T1_H1_A0.65M30_S8014_CENTRAL_inprocess,8014,8,0.9,1,1,SWEEP,0.65,30.0,,CENTRAL,inprocess,a0b7598c38d49a9e551b5616c7f29690db02e09c80fb6be79ab60514cfccf8b4,d56f26fa548628829fa3b28aa755ce629de8563baeb44364e1978f5c5ff74648,0.761,0,62,53,1,54,8,87.09677419354838,89.52380952380952,95.23809523809524,90.9090909090909,82.92682926829268,85.18518518518519,882,16.333333333333332,0,0,0,0,6,0,0,0,0,0,5.654,3.8731,5015,1188405,188,30,73,0.47547169811320755,4,0.585058,0.092445,119,3.502,11.693999999999999,22.009,0,0.0,0.0,0,1,0,0,0,0,
K8_R0.90_T1_H1_A0.65M30_S8014_CENTRAL_FB_inprocess,8014,8,0.9,1,1,SWEEP,0.65,30.0,,CENTRAL_FB,inprocess,a0b7598c38d49a9e551b5616c7f29690db02e09c80fb6be79ab60514cfccf8b4,1431cfe9d6ecf3558141ad552c1ef364bd29c493f2b33d582792ca73aa918555,0.646,0,62,54,1,55,7,88.70967741935483,89.52380952380952,90.47619047619048,90.9090909090909,87.8048780487805,81.48148148148148,767,13.945454545454545,0,0,0,0,6,0,0,0,0,0,5.6506,3.8731,5001,1181340,202,36,74,0.47820200379095584,4,0.475849,0.092134,118,2.294,9.887,28.927,48,0.037,2.642,0,0,0,0,0,0,
K8_R0.90_T1_H1_A0.65M30_S8014_HYBRID_inprocess,8014,8,0.9,1,1,SWEEP,0.65,30.0,,HYBRID,inprocess,a0b7598c38d49a9e551b5616c7f29690db02e09c80fb6be79ab60514cfccf8b4,065a369d0e6b127836ae19110304c29435573bdba4b8cc01492806831643d12c,0.735,0,62,54,1,55,7,88.70967741935483,89.52380952380952,90.47619047619048,90.9090909090909,87.8048780487805,81.48148148148148,767,13.945454545454545,0,0,0,0,6,0,0,0,0,0,5.6506,3.8731,5001,1181340,202,36,74,0.47820200379095584,4,0.542349,0.10678599999999999,118,2.543,12.899000000000001,18.285,48,0.077,2.376,0,0,0,0,0,0,
K8_R0.90_T1_H1_A0.65M30_S8014_HYBRID_EAGER_inprocess,8014,8,0.9,1,1,SWEEP,0.65,30.0,,HYBRID_EAGER,inprocess,a0b7598c38d49a9e551b5616c7f29690db02e09c80fb6be79ab60514cfccf8b4,627322a8ceca713b5ab89edd4fb077d610b3a58765c235a0997dd5ce4c7cf7e6,0.69,0,62,56,1,57,5,91.93548387096774,92.38095238095238,90.47619047619048,90.9090909090909,92.6829268292683,85.18518518518519,798,14.0,0,0,0,0,5,0,0,0,0,0,5.6584,3.8731,4967,1179090,206,34,106,0.5203830369357045,4,0.508136,0.10947699999999999,114,2.8800000000000003,12.111,17.746000000000002,64,0.07100000000000001,3.0460000000000003,0,0,0,0,0,0,
K8_R0.90_T1_H1_A0.65M30_S8014_EDGE_MARKET_inprocess,8014,8,0.9,1,1,SWEEP,0.65,30.0,,EDGE_MARKET,inprocess,a0b7598c38d49a9e551b5616c7f29690db02e09c80fb6be79ab60514cfccf8b4,a0e2ebed7f0630977262382e2ebee83b30d3b0d6689418137e8731aa6a10714d,0.27,0,62,50,1,51,11,82.25806451612904,84.76190476190476,90.47619047619048,90.9090909090909,78.04878048780488,81.48148148148148,841,16.49019607843137,0,0,0,0,5,0,0,0,0,0,5.6158,3.8731,4403,1171379,172,32,73,0.41389432485322897,4,0.026585,0.17614699999999997,97,0.053,0.146,0.18100000000000002,579,0.48000000000000004,2.9949999999999997,0,20,0,0,0,0,
K8_R0.90_T1_H1_A0.55M5_S8014_CENTRAL_inprocess,8014,8,0.9,1,1,SWEEP,0.55,5.0,,CENTRAL,inprocess,67c30cba46bb6842fc976dc4378a59b3d73401cb9f1cba04b1bac9d6fec844e0,a471fb87f0f88b1b95a19cbc9cb7bf9caa02ba4f7e436cecbb46cbb10230bc90,1.112,0,62,52,1,53,9,85.48387096774194,87.61904761904762,85.71428571428571,90.9090909090909,85.36585365853658,85.18518518518519,779,14.69811320754717,0,0,0,0,6,0,0,0,0,0,5.6652,3.8731,6333,1268248,227,46,29,0.6172010398613518,7,0.904508,0.10844900000000002,253,2.378,10.571,26.854,0,0.0,0.0,0,1,0,0,0,0,
K8_R0.90_T1_H1_A0.55M5_S8014_CENTRAL_FB_inprocess,8014,8,0.9,1,1,SWEEP,0.55,5.0,,CENTRAL_FB,inprocess,67c30cba46bb6842fc976dc4378a59b3d73401cb9f1cba04b1bac9d6fec844e0,f41105ba07f6d5214f3a3f6fa943a9d201fcfb98b286db076b353bbb6ce59df8,1.287,0,62,51,1,52,10,83.87096774193549,85.71428571428571,90.47619047619048,81.81818181818181,80.48780487804878,88.88888888888889,781,15.01923076923077,0,0,0,0,6,0,0,0,0,0,5.6428,3.8731,6227,1260551,219,49,29,0.6267138434321097,7,1.03908,0.12887300000000002,249,2.6319999999999997,12.998,40.598,48,0.09000000000000001,2.494,0,0,0,0,0,0,
K8_R0.90_T1_H1_A0.55M5_S8014_HYBRID_inprocess,8014,8,0.9,1,1,SWEEP,0.55,5.0,,HYBRID,inprocess,67c30cba46bb6842fc976dc4378a59b3d73401cb9f1cba04b1bac9d6fec844e0,a9a066be447d1f49238ec9ed582ab9cfcc906f1da420230d57afa22aa6e7721c,1.116,0,62,51,1,52,10,83.87096774193549,85.71428571428571,90.47619047619048,81.81818181818181,80.48780487804878,88.88888888888889,781,15.01923076923077,0,0,0,0,6,0,0,0,0,0,5.6428,3.8731,6227,1260551,219,49,29,0.6267138434321097,7,0.911105,0.114369,249,2.2,11.459999999999999,24.267,48,0.081,2.274,0,0,0,0,0,0,
K8_R0.90_T1_H1_A0.55M5_S8014_EDGE_MARKET_inprocess,8014,8,0.9,1,1,SWEEP,0.55,5.0,,EDGE_MARKET,inprocess,67c30cba46bb6842fc976dc4378a59b3d73401cb9f1cba04b1bac9d6fec844e0,4b71d8da4a02243a64526f575caf667eb024e9acccf7b084473b02d9bfb6f49b,0.254,0,62,53,1,54,8,87.09677419354838,89.52380952380952,95.23809523809524,90.9090909090909,82.92682926829268,85.18518518518519,894,16.555555555555557,0,0,0,0,7,0,0,0,0,0,5.6454,3.8731,4237,1152134,154,34,28,0.28806749698674167,4,0.022978,0.16850200000000004,78,0.043000000000000003,0.083,0.154,399,0.67,2.846,0,13,0,0,0,0,
K8_R0.90_T1_H1_A0.55M5_S8014_HYBRID_EAGER_inprocess,8014,8,0.9,1,1,SWEEP,0.55,5.0,,HYBRID_EAGER,inprocess,67c30cba46bb6842fc976dc4378a59b3d73401cb9f1cba04b1bac9d6fec844e0,509f1edf5feb26f9786022dbe726d0a2c631f370123323c1c81a3e35d9ed928e,1.153,0,62,52,1,53,9,85.48387096774194,85.71428571428571,80.95238095238095,81.81818181818181,87.8048780487805,85.18518518518519,804,15.169811320754716,0,0,0,0,6,0,0,0,0,0,5.6599,3.8731,6204,1289681,237,41,28,0.5486745377589664,8,0.932525,0.130189,248,2.721,11.977,21.058,126,0.088,2.785,0,0,0,0,0,0,
K8_R0.90_T1_H1_A0.55M15_S8014_CENTRAL_inprocess,8014,8,0.9,1,1,SWEEP,0.55,15.0,,CENTRAL,inprocess,2003c4c6f66b8c0843e51df485c70173312a53168c4b8ffdab4173cfdc756137,a1182dc2b9d64a5e828ccee2eb967070c77847de92f052489f85b0babec8ca72,0.662,0,62,54,1,55,7,88.70967741935483,89.52380952380952,95.23809523809524,90.9090909090909,85.36585365853658,88.88888888888889,831,15.10909090909091,0,0,0,0,7,0,0,0,0,0,5.6453,3.8731,4930,1189649,151,18,90,0.8514946962391514,3,0.460795,0.106416,144,2.621,10.456999999999999,23.742,0,0.0,0.0,0,0,0,0,0,0,
K8_R0.90_T1_H1_A0.55M15_S8014_CENTRAL_FB_inprocess,8014,8,0.9,1,1,SWEEP,0.55,15.0,,CENTRAL_FB,inprocess,2003c4c6f66b8c0843e51df485c70173312a53168c4b8ffdab4173cfdc756137,68cef4dc0be87ebfec54d40fe278c5d4f988649e7d1d54d37e9357ad8fb11b52,0.693,0,62,53,1,54,8,87.09677419354838,86.66666666666667,85.71428571428571,81.81818181818181,87.8048780487805,81.48148148148148,793,14.685185185185185,0,0,0,0,4,0,0,0,0,0,5.6627,3.8731,4948,1160687,150,30,104,0.8364679630219956,4,0.494903,0.108778,142,2.6229999999999998,9.735000000000001,23.469,66,0.11,2.231,0,1,0,0,0,0,
K8_R0.90_T1_H1_A0.55M15_S8014_HYBRID_inprocess,8014,8,0.9,1,1,SWEEP,0.55,15.0,,HYBRID,inprocess,2003c4c6f66b8c0843e51df485c70173312a53168c4b8ffdab4173cfdc756137,80ed5fff262e4747e2f4cbb393103025423c0a8c0caade456b332033a7bd6820,0.636,0,62,53,1,54,8,87.09677419354838,86.66666666666667,85.71428571428571,81.81818181818181,87.8048780487805,81.48148148148148,793,14.685185185185185,0,0,0,0,4,0,0,0,0,0,5.6627,3.8731,4948,1160687,150,30,104,0.8364679630219956,4,0.467739,0.101464,142,2.437,9.325999999999999,20.352999999999998,66,0.092,0.447,0,1,0,0,0,0,
K8_R0.90_T1_H1_A0.55M15_S8014_HYBRID_EAGER_inprocess,8014,8,0.9,1,1,SWEEP,0.55,15.0,,HYBRID_EAGER,inprocess,2003c4c6f66b8c0843e51df485c70173312a53168c4b8ffdab4173cfdc756137,f5211b0a0282bb2a7708f6fa6e342ae4ac9fba01a2949e589d014ced7e7a5065,0.647,0,62,53,1,54,8,87.09677419354838,87.61904761904762,90.47619047619048,81.81818181818181,85.36585365853658,81.48148148148148,788,14.592592592592593,0,0,0,0,3,0,0,0,0,0,5.6042,3.8731,4937,1173620,172,30,104,0.8347770291947385,5,0.460358,0.106707,142,2.4299999999999997,10.197,21.721,80,0.09000000000000001,0.46299999999999997,0,0,0,0,0,0,
K8_R0.90_T1_H1_A0.55M15_S8014_EDGE_MARKET_inprocess,8014,8,0.9,1,1,SWEEP,0.55,15.0,,EDGE_MARKET,inprocess,2003c4c6f66b8c0843e51df485c70173312a53168c4b8ffdab4173cfdc756137,bc76c7cdfca560dba842ed8b13c58d79e4abb293172d0e5996c5d9268299be6a,0.244,0,62,51,1,52,10,83.87096774193549,88.57142857142857,95.23809523809524,100.0,78.04878048780488,88.88888888888889,867,16.673076923076923,0,0,0,0,5,0,0,0,0,0,5.6827,3.8731,4199,1161024,120,24,99,0.5868011769651114,3,0.020662,0.15983400000000003,91,0.034,0.06899999999999999,0.16799999999999998,389,0.546,2.754,0,17,0,0,0,0,
K8_R0.90_T1_H1_A0.55M30_S8014_CENTRAL_FB_inprocess,8014,8,0.9,1,1,SWEEP,0.55,30.0,,CENTRAL_FB,inprocess,1b5895f2385d33248b3356bd4cd3dd4f45db96104aeb75eb591b8405247f5199,a2ed58909a91b1d0c69fb4ecaf93d03c1f521dabee4df309a50962ff55092c17,0.661,0,62,54,1,55,7,88.70967741935483,89.52380952380952,90.47619047619048,90.9090909090909,87.8048780487805,81.48148148148148,813,14.781818181818181,0,0,0,0,5,0,0,0,0,0,5.6552,3.8731,4779,1175052,179,37,121,0.7947385514777525,6,0.475817,0.11139600000000001,110,3.2560000000000002,12.684000000000001,18.492,70,0.087,0.12300000000000001,0,0,0,0,0,0,
K8_R0.90_T1_H1_A0.55M30_S8014_CENTRAL_inprocess,8014,8,0.9,1,1,SWEEP,0.55,30.0,,CENTRAL,inprocess,1b5895f2385d33248b3356bd4cd3dd4f45db96104aeb75eb591b8405247f5199,c88be32cb630fb9ae1e7489505ed591df1f8cd64fb0870cc27b50d8decd27f68,0.726,0,62,54,1,55,7,88.70967741935483,89.52380952380952,90.47619047619048,90.9090909090909,87.8048780487805,81.48148148148148,820,14.909090909090908,0,0,0,0,5,0,0,0,0,0,5.6552,3.8731,4775,1174396,171,39,121,0.7831013272903853,5,0.515432,0.116395,111,3.4949999999999997,12.53,16.428,0,0.0,0.0,0,0,0,0,0,0,
K8_R0.90_T1_H1_A0.55M30_S8014_HYBRID_inprocess,8014,8,0.9,1,1,SWEEP,0.55,30.0,,HYBRID,inprocess,1b5895f2385d33248b3356bd4cd3dd4f45db96104aeb75eb591b8405247f5199,1ff5f7e6989dff7af05a397c9e2d8898d81cdbf19ff5f0f048415d5d5f7dee80,0.654,0,62,54,1,55,7,88.70967741935483,89.52380952380952,90.47619047619048,90.9090909090909,87.8048780487805,81.48148148148148,813,14.781818181818181,0,0,0,0,5,0,0,0,0,0,5.6552,3.8731,4779,1175052,179,37,121,0.7947385514777525,6,0.47089,0.10386899999999999,110,3.241,11.484,18.688,70,0.096,0.124,0,0,0,0,0,0,
K8_R0.90_T1_H1_A0.55M30_S8014_HYBRID_EAGER_inprocess,8014,8,0.9,1,1,SWEEP,0.55,30.0,,HYBRID_EAGER,inprocess,1b5895f2385d33248b3356bd4cd3dd4f45db96104aeb75eb591b8405247f5199,aa940816ef35c795a80247edf374b9d31ba9d1b337adb59233f64a4dffeab194,0.656,0,62,54,1,55,7,88.70967741935483,86.66666666666667,85.71428571428571,81.81818181818181,90.2439024390244,85.18518518518519,858,15.6,0,0,0,0,6,0,0,0,0,0,5.6552,3.8731,4903,1185977,177,34,124,0.929393468118196,5,0.477258,0.10697499999999999,117,2.656,10.845,17.933999999999997,82,0.093,2.765,0,0,0,0,0,0,
K8_R0.90_T1_H1_A0.55M30_S8014_EDGE_MARKET_inprocess,8014,8,0.9,1,1,SWEEP,0.55,30.0,,EDGE_MARKET,inprocess,1b5895f2385d33248b3356bd4cd3dd4f45db96104aeb75eb591b8405247f5199,78fa283b655b65112fcb79e732bb16b454a16eeebd58e7f4054860a67f54f7e8,0.25,0,62,49,1,50,12,80.64516129032258,81.9047619047619,80.95238095238095,90.9090909090909,80.48780487804878,77.77777777777777,824,16.48,0,0,0,0,4,0,0,0,0,0,5.6158,3.8731,4360,1184088,137,18,123,0.5493063367079115,4,0.022758,0.165762,113,0.045000000000000005,0.081,0.15100000000000002,551,0.48000000000000004,2.852,0,16,0,0,0,0,
K8_R0.90_T1_H1_A0.95M5_S8015_CENTRAL_inprocess,8015,8,0.9,1,1,SWEEP,0.95,5.0,,CENTRAL,inprocess,0b74384a90f3e6c9d6158175d19684c8647b1f6dcffddb8c8693daf39bb91b7f,6da0c81c23daba31b1213344e5acafbb49afbc713d66017c3f1d91269d1cec63,1.508,0,62,49,0,49,13,79.03225806451613,81.65137614678899,80.95238095238095,85.71428571428571,78.04878048780488,74.07407407407408,811,16.551020408163264,0,0,0,0,7,0,0,0,0,0,5.6435,3.861,6145,1308309,295,57,10,0.05704929334712168,1,1.306931,0.107018,148,7.835999999999999,17.159,28.543,0,0.0,0.0,0,0,0,0,0,0,
K8_R0.90_T1_H1_A0.95M5_S8015_CENTRAL_FB_inprocess,8015,8,0.9,1,1,SWEEP,0.95,5.0,,CENTRAL_FB,inprocess,0b74384a90f3e6c9d6158175d19684c8647b1f6dcffddb8c8693daf39bb91b7f,3094eaa0dd95418b65dded212babbac292d9c62bdbcfb097fe1d799a9156735c,1.544,0,62,49,0,49,13,79.03225806451613,81.65137614678899,80.95238095238095,85.71428571428571,78.04878048780488,74.07407407407408,811,16.551020408163264,0,0,0,0,7,0,0,0,0,0,5.6435,3.861,6145,1308309,295,57,10,0.05704929334712168,1,1.34482,0.105596,148,7.2459999999999996,21.797,29.201,6,0.011,0.011,0,0,0,0,0,0,
K8_R0.90_T1_H1_A0.95M5_S8015_HYBRID_inprocess,8015,8,0.9,1,1,SWEEP,0.95,5.0,,HYBRID,inprocess,0b74384a90f3e6c9d6158175d19684c8647b1f6dcffddb8c8693daf39bb91b7f,18776fc54ebd0f852a2336963af79a881db205297a2d28bc42969a5485671076,1.631,0,62,49,0,49,13,79.03225806451613,81.65137614678899,80.95238095238095,85.71428571428571,78.04878048780488,74.07407407407408,811,16.551020408163264,0,0,0,0,7,0,0,0,0,0,5.6435,3.861,6145,1308309,295,57,10,0.05704929334712168,1,1.412675,0.11283,148,8.456999999999999,20.398,26.214000000000002,6,0.020999999999999998,0.020999999999999998,0,0,0,0,0,0,
K8_R0.90_T1_H1_A0.95M5_S8015_EDGE_MARKET_inprocess,8015,8,0.9,1,1,SWEEP,0.95,5.0,,EDGE_MARKET,inprocess,0b74384a90f3e6c9d6158175d19684c8647b1f6dcffddb8c8693daf39bb91b7f,1e9b6dd54c76abb787b94988de4bd0ba86377d854f2b77cb24ac3d9a2f5b993a,0.274,0,62,47,0,47,15,75.80645161290323,77.06422018348624,71.42857142857143,71.42857142857143,78.04878048780488,77.77777777777777,810,17.23404255319149,0,0,0,0,6,0,0,0,0,0,5.6436,3.861,4746,1313986,229,43,7,0.034600500796722056,1,0.030414,0.171374,126,0.057,0.13799999999999998,0.314,853,0.391,6.734999999999999,0,29,0,0,0,0,
K8_R0.90_T1_H1_A0.95M5_S8015_HYBRID_EAGER_inprocess,8015,8,0.9,1,1,SWEEP,0.95,5.0,,HYBRID_EAGER,inprocess,0b74384a90f3e6c9d6158175d19684c8647b1f6dcffddb8c8693daf39bb91b7f,aa2a308ba0eacc862eba37c42d81c3dd3036a2fa64d059e3559b7826cab79f42,1.681,0,62,50,0,50,12,80.64516129032258,83.4862385321101,80.95238095238095,85.71428571428571,80.48780487804878,77.77777777777777,782,15.64,0,0,0,0,6,1,1,0,8,19,10.0908,3.861,6137,1306185,293,57,10,0.05866114561766736,1,1.452106,0.12744299999999997,149,9.055,19.253,22.218,30,0.034999999999999996,0.081,0,0,0,0,0,0,
K8_R0.90_T1_H1_A0.95M15_S8015_CENTRAL_inprocess,8015,8,0.9,1,1,SWEEP,0.95,15.0,,CENTRAL,inprocess,05a83c7e17cb26574fc01d600ef4d51e6112f35fa5e63fe401b4091ec6f8ab30,1fba1ed3f9e96fb43ef0c0fe19601bc727749561d520c690aa71c780b6f865af,1.693,0,62,50,0,50,12,80.64516129032258,86.23853211009174,90.47619047619048,92.85714285714286,75.60975609756098,70.37037037037037,859,17.18,0,0,0,0,8,0,0,0,0,0,5.6359,3.861,5989,1329578,317,48,23,0.04629133154602323,1,1.457416,0.10964400000000002,139,10.686,19.909,24.368000000000002,0,0.0,0.0,0,0,0,0,0,0,
K8_R0.90_T1_H1_A0.95M15_S8015_CENTRAL_FB_inprocess,8015,8,0.9,1,1,SWEEP,0.95,15.0,,CENTRAL_FB,inprocess,05a83c7e17cb26574fc01d600ef4d51e6112f35fa5e63fe401b4091ec6f8ab30,4457b017e1ff51d22c40d67190ae30fd575fa5a5b4433410f5ba8df81f65292f,1.775,0,62,50,0,50,12,80.64516129032258,86.23853211009174,90.47619047619048,92.85714285714286,75.60975609756098,70.37037037037037,859,17.18,0,0,0,0,8,0,0,0,0,0,5.6359,3.861,5989,1329578,317,48,23,0.04629133154602323,1,1.518335,0.122031,139,10.277,22.18,30.526999999999997,12,0.046,0.051,0,0,0,0,0,0,
K8_R0.90_T1_H1_A0.95M15_S8015_HYBRID_inprocess,8015,8,0.9,1,1,SWEEP,0.95,15.0,,HYBRID,inprocess,05a83c7e17cb26574fc01d600ef4d51e6112f35fa5e63fe401b4091ec6f8ab30,7fbf8e2da74087740be546033dbe0a73b6324a27f4c05bdc2267335982cb60c7,1.594,0,62,50,0,50,12,80.64516129032258,86.23853211009174,90.47619047619048,92.85714285714286,75.60975609756098,70.37037037037037,859,17.18,0,0,0,0,8,0,0,0,0,0,5.6359,3.861,5989,1329578,317,48,23,0.04629133154602323,1,1.384766,0.10579,139,9.434,21.226,32.681000000000004,12,0.016,0.018000000000000002,0,0,0,0,0,0,
K8_R0.90_T1_H1_A0.95M15_S8015_HYBRID_EAGER_inprocess,8015,8,0.9,1,1,SWEEP,0.95,15.0,,HYBRID_EAGER,inprocess,05a83c7e17cb26574fc01d600ef4d51e6112f35fa5e63fe401b4091ec6f8ab30,c57f829612a3f35369a24f0721e8162155465a55a08a232683a51eed8f771450,1.747,0,62,50,0,50,12,80.64516129032258,86.23853211009174,90.47619047619048,92.85714285714286,75.60975609756098,70.37037037037037,859,17.18,0,0,0,0,8,0,0,0,0,0,5.6359,3.861,5989,1329554,317,48,23,0.04629133154602323,1,1.511207,0.125625,139,10.258,21.82,28.625,21,0.10500000000000001,0.145,0,0,0,0,0,0,
K8_R0.90_T1_H1_A0.95M15_S8015_EDGE_MARKET_inprocess,8015,8,0.9,1,1,SWEEP,0.95,15.0,,EDGE_MARKET,inprocess,05a83c7e17cb26574fc01d600ef4d51e6112f35fa5e63fe401b4091ec6f8ab30,b6da697023c96408650de4fd773ba3deb0a79d399bd06b739f09c9533b362e6d,0.289,0,62,50,0,50,12,80.64516129032258,80.73394495412845,76.19047619047619,71.42857142857143,82.92682926829268,77.77777777777777,789,15.78,0,0,0,0,7,0,0,0,0,0,5.659,3.861,4627,1288898,221,42,22,0.03071107961256792,1,0.032762,0.179329,114,0.064,0.121,0.149,720,0.39,2.881,0,25,0,0,0,0,
K8_R0.90_T1_H1_A0.95M30_S8015_CENTRAL_inprocess,8015,8,0.9,1,1,SWEEP,0.95,30.0,,CENTRAL,inprocess,14244b630225298d08bda863e8bc2a8e608f962020e912dc7a0fdd7140fab6d2,107eb31b698f6643f3796d143cbf6ae06ecb269997e39d26fea8539489866c6c,1.538,0,62,49,0,49,13,79.03225806451613,84.40366972477064,85.71428571428571,92.85714285714286,75.60975609756098,81.48148148148148,786,16.040816326530614,0,0,0,0,7,0,0,0,0,0,5.6707,3.861,5739,1265128,300,61,22,0.045825031697156314,1,1.318951,0.11453400000000001,122,9.826,21.464000000000002,31.288000000000004,0,0.0,0.0,0,0,0,0,0,0,
K8_R0.90_T1_H1_A0.95M30_S8015_CENTRAL_FB_inprocess,8015,8,0.9,1,1,SWEEP,0.95,30.0,,CENTRAL_FB,inprocess,14244b630225298d08bda863e8bc2a8e608f962020e912dc7a0fdd7140fab6d2,e5589e4416bffe2d199543680cc3db880f95fa5da0b7eb3c5ce721f8dfb64a00,1.559,0,62,49,0,49,13,79.03225806451613,84.40366972477064,85.71428571428571,92.85714285714286,75.60975609756098,81.48148148148148,786,16.040816326530614,0,0,0,0,7,0,0,0,0,0,5.6707,3.861,5739,1265128,300,61,22,0.045825031697156314,1,1.312934,0.10701300000000001,122,9.572000000000001,24.867,42.507000000000005,2,0.011,0.011,0,0,0,0,0,0,
K8_R0.90_T1_H1_A0.95M30_S8015_HYBRID_inprocess,8015,8,0.9,1,1,SWEEP,0.95,30.0,,HYBRID,inprocess,14244b630225298d08bda863e8bc2a8e608f962020e912dc7a0fdd7140fab6d2,4d6a563f98f72a703d7f6b309a5e540600029c37bba1cc12829951138e6f58cc,1.484,0,62,49,0,49,13,79.03225806451613,84.40366972477064,85.71428571428571,92.85714285714286,75.60975609756098,81.48148148148148,786,16.040816326530614,0,0,0,0,7,0,0,0,0,0,5.6707,3.861,5739,1265128,300,61,22,0.045825031697156314,1,1.263433,0.11262199999999999,122,9.733,21.175,33.737,2,0.014,0.014,0,0,0,0,0,0,
K8_R0.90_T1_H1_A0.95M30_S8015_HYBRID_EAGER_inprocess,8015,8,0.9,1,1,SWEEP,0.95,30.0,,HYBRID_EAGER,inprocess,14244b630225298d08bda863e8bc2a8e608f962020e912dc7a0fdd7140fab6d2,ffd29992b0b535b4e2fa9e23301e4b9d5d8ee426a30536c78d93301ca708aaf6,1.595,0,62,47,0,47,15,75.80645161290323,80.73394495412845,80.95238095238095,85.71428571428571,73.17073170731707,74.07407407407408,877,18.659574468085108,0,0,0,0,8,0,0,0,0,0,5.6543,3.861,5762,1284584,290,61,22,0.04355684077354057,1,1.385053,0.11549200000000001,122,11.421000000000001,21.515,26.821,12,0.030000000000000002,0.060000000000000005,0,0,0,0,0,0,
K8_R0.90_T1_H1_A0.95M30_S8015_EDGE_MARKET_inprocess,8015,8,0.9,1,1,SWEEP,0.95,30.0,,EDGE_MARKET,inprocess,14244b630225298d08bda863e8bc2a8e608f962020e912dc7a0fdd7140fab6d2,87cd7fb8dfb74514b42a6279f9f01e32890371ffd00babbee4a0ea75a0d4b15e,0.279,0,62,50,0,50,12,80.64516129032258,80.73394495412845,76.19047619047619,71.42857142857143,82.92682926829268,77.77777777777777,802,16.04,0,0,0,0,7,0,0,0,0,0,5.659,3.861,4626,1287720,253,45,23,0.035240274599542334,1,0.032004,0.18135500000000002,111,0.067,0.128,0.179,713,0.435,2.6870000000000003,0,26,0,0,0,0,
K8_R0.90_T1_H1_A0.85M5_S8015_CENTRAL_inprocess,8015,8,0.9,1,1,SWEEP,0.85,5.0,,CENTRAL,inprocess,4be79cb08cddf5f7aa144960762471b7062f3135abc2214cb2a76527652a41e3,7cf1aa9b74c01b24a0a43ab1373ac4f4d2e92e464b190cd743ad539658618479,1.566,0,62,46,0,46,16,74.19354838709677,78.89908256880734,85.71428571428571,78.57142857142857,68.29268292682927,66.66666666666667,820,17.82608695652174,0,0,0,0,8,0,0,0,0,0,5.6198,3.861,6291,1348079,300,60,21,0.17495100659184037,2,1.380244,0.10086099999999999,196,6.725,16.795,24.894,0,0.0,0.0,0,0,0,0,0,0,
K8_R0.90_T1_H1_A0.85M5_S8015_CENTRAL_FB_inprocess,8015,8,0.9,1,1,SWEEP,0.85,5.0,,CENTRAL_FB,inprocess,4be79cb08cddf5f7aa144960762471b7062f3135abc2214cb2a76527652a41e3,48334a0d2c8787ae6ce8497c8d8f0e65198e777828797f502969066d5fc347b1,1.794,0,62,46,0,46,16,74.19354838709677,78.89908256880734,85.71428571428571,78.57142857142857,68.29268292682927,66.66666666666667,820,17.82608695652174,0,0,0,0,8,0,0,0,0,0,5.6198,3.861,6291,1348073,300,60,21,0.17495100659184037,2,1.56932,0.12112600000000001,196,7.846000000000001,17.66,24.711000000000002,11,0.036000000000000004,0.036000000000000004,0,0,0,0,0,0,
K8_R0.90_T1_H1_A0.85M5_S8015_HYBRID_inprocess,8015,8,0.9,1,1,SWEEP,0.85,5.0,,HYBRID,inprocess,4be79cb08cddf5f7aa144960762471b7062f3135abc2214cb2a76527652a41e3,8608965e4125c0d3fdd787d10c690709974354a307371922e214edaf33eba7c7,1.651,0,62,46,0,46,16,74.19354838709677,78.89908256880734,85.71428571428571,78.57142857142857,68.29268292682927,66.66666666666667,820,17.82608695652174,0,0,0,0,8,0,0,0,0,0,5.6198,3.861,6291,1348073,300,60,21,0.17495100659184037,2,1.437029,0.11545200000000001,196,7.707999999999999,14.517000000000001,26.025,11,0.024,0.024,0,0,0,0,0,0,
K8_R0.90_T1_H1_A0.85M5_S8015_EDGE_MARKET_inprocess,8015,8,0.9,1,1,SWEEP,0.85,5.0,,EDGE_MARKET,inprocess,4be79cb08cddf5f7aa144960762471b7062f3135abc2214cb2a76527652a41e3,b918bf8248e1caa139b0882052f595e1ded2d06b39b28de341a59557b0bde20d,0.26,0,62,49,0,49,13,79.03225806451613,78.89908256880734,76.19047619047619,64.28571428571429,80.48780487804878,77.77777777777777,851,17.367346938775512,0,0,0,0,7,0,0,0,0,0,5.626,3.861,4689,1307231,221,34,20,0.08084358523725835,2,0.028176,0.172004,122,0.05,0.13699999999999998,0.265,786,0.447,2.848,0,27,0,0,0,0,
K8_R0.90_T1_H1_A0.85M5_S8015_HYBRID_EAGER_inprocess,8015,8,0.9,1,1,SWEEP,0.85,5.0,,HYBRID_EAGER,inprocess,4be79cb08cddf5f7aa144960762471b7062f3135abc2214cb2a76527652a41e3,b51f6813b3826915160a167c6c94051905012b6c36ff845ed741665d855d2f08,1.7,0,62,49,0,49,13,79.03225806451613,84.40366972477064,90.47619047619048,85.71428571428571,73.17073170731707,77.77777777777777,839,17.122448979591837,0,0,0,0,6,0,0,0,0,0,5.6554,3.861,6230,1345813,327,48,21,0.16717930161027683,2,1.470838,0.129159,185,7.972999999999999,15.540999999999999,23.006999999999998,53,0.041,2.1719999999999997,0,0,0,0,0,0,
K8_R0.90_T1_H1_A0.85M15_S8015_CENTRAL_inprocess,8015,8,0.9,1,1,SWEEP,0.85,15.0,,CENTRAL,inprocess,cebc3c118dbd720d9c7f019bc80b6a95fabf34492747cb266a1f00ed47c6b8cf,cbbddbf7144c2f8ec0b89aad7b70f07c47fca5a11685f37431dfc41902e73728,1.243,0,62,50,0,50,12,80.64516129032258,87.1559633027523,95.23809523809524,92.85714285714286,73.17073170731707,85.18518518518519,831,16.62,0,0,0,0,7,0,0,0,0,0,5.6351,3.861,5923,1296209,252,59,38,0.16143585719890152,4,0.973366,0.10294700000000002,137,7.466,15.921999999999999,27.939,0,0.0,0.0,0,0,0,0,0,0,
K8_R0.90_T1_H1_A0.85M15_S8015_CENTRAL_FB_inprocess,8015,8,0.9,1,1,SWEEP,0.85,15.0,,CENTRAL_FB,inprocess,cebc3c118dbd720d9c7f019bc80b6a95fabf34492747cb266a1f00ed47c6b8cf,3f738875730026c5ab71ffd2aa69a11860aed0fc75209b4a9a1336e2adbb45ec,1.374,0,62,50,0,50,12,80.64516129032258,87.1559633027523,95.23809523809524,92.85714285714286,73.17073170731707,85.18518518518519,831,16.62,0,0,0,0,7,0,0,0,0,0,5.6351,3.861,5923,1296209,252,59,38,0.16143585719890152,4,1.060083,0.11430399999999999,137,7.2059999999999995,20.434,31.973000000000003,29,0.034,0.038,0,0,0,0,0,0,
K8_R0.90_T1_H1_A0.85M15_S8015_HYBRID_inprocess,8015,8,0.9,1,1,SWEEP,0.85,15.0,,HYBRID,inprocess,cebc3c118dbd720d9c7f019bc80b6a95fabf34492747cb266a1f00ed47c6b8cf,45495b2ddbcfa67c6334f19b22b79e0243ea05d18516fe564e90929ad78c6e42,1.169,0,62,50,0,50,12,80.64516129032258,87.1559633027523,95.23809523809524,92.85714285714286,73.17073170731707,85.18518518518519,831,16.62,0,0,0,0,7,0,0,0,0,0,5.6351,3.861,5923,1296209,252,59,38,0.16143585719890152,4,0.921091,0.098887,137,5.645,15.499,21.068,29,0.025,0.033,0,0,0,0,0,0,
K8_R0.90_T1_H1_A0.85M15_S8015_EDGE_MARKET_inprocess,8015,8,0.9,1,1,SWEEP,0.85,15.0,,EDGE_MARKET,inprocess,cebc3c118dbd720d9c7f019bc80b6a95fabf34492747cb266a1f00ed47c6b8cf,56be117c22cc2e106f01a544c237db4ed1d95db174df711ddade98392cb150ce,0.301,0,62,44,0,44,18,70.96774193548387,76.14678899082568,80.95238095238095,78.57142857142857,65.85365853658537,70.37037037037037,847,19.25,0,0,0,0,5,0,0,0,0,0,5.6187,3.861,4822,1299759,212,39,34,0.15380748931892435,3,0.032305,0.193411,131,0.06499999999999999,0.202,0.299,927,0.408,3.346,0,31,0,0,0,0,
K8_R0.90_T1_H1_A0.85M15_S8015_HYBRID_EAGER_inprocess,8015,8,0.9,1,1,SWEEP,0.85,15.0,,HYBRID_EAGER,inprocess,cebc3c118dbd720d9c7f019bc80b6a95fabf34492747cb266a1f00ed47c6b8cf,18c066c66a26794fa7fb67716976e3f26879b6d009fca7db0ddaa97ff97c1a9f,1.36,0,62,50,0,50,12,80.64516129032258,87.1559633027523,95.23809523809524,92.85714285714286,73.17073170731707,85.18518518518519,831,16.62,0,0,0,0,7,0,0,0,0,0,5.6351,3.861,5923,1296132,252,59,38,0.16143585719890152,4,1.086707,0.113664,137,7.473999999999999,18.073,26.411,44,0.057,0.131,0,0,0,0,0,0,
K8_R0.90_T1_H1_A0.85M30_S8015_CENTRAL_inprocess,8015,8,0.9,1,1,SWEEP,0.85,30.0,,CENTRAL,inprocess,e47d194150df86c005b1163bd7665ae6c91b89eaec5b712e302ee449d428848b,032d9a7b3e05c31c16cf95555e53cfb0d4c1421d925997cf4ab5533c5f55212b,1.51,0,62,46,0,46,16,74.19354838709677,79.81651376146789,85.71428571428571,78.57142857142857,68.29268292682927,77.77777777777777,852,18.52173913043478,0,0,0,0,8,0,0,0,0,0,5.6705,3.861,5844,1285284,246,49,56,0.1391422472346206,1,1.230981,0.11922600000000001,135,8.709,19.102,69.481,0,0.0,0.0,0,0,0,0,0,0,
K8_R0.90_T1_H1_A0.85M30_S8015_CENTRAL_FB_inprocess,8015,8,0.9,1,1,SWEEP,0.85,30.0,,CENTRAL_FB,inprocess,e47d194150df86c005b1163bd7665ae6c91b89eaec5b712e302ee449d428848b,b2f317010b83229397a15aaf137f07ba88326d33df479801c4951f645dc63ebb,1.478,0,62,46,0,46,16,74.19354838709677,79.81651376146789,85.71428571428571,78.57142857142857,68.29268292682927,77.77777777777777,852,18.52173913043478,0,0,0,0,8,0,0,0,0,0,5.6705,3.861,5844,1285284,246,49,56,0.1391422472346206,1,1.229015,0.12095299999999999,135,9.018,20.186,29.496000000000002,23,0.026,0.69,0,0,0,0,0,0,
K8_R0.90_T1_H1_A0.85M30_S8015_HYBRID_inprocess,8015,8,0.9,1,1,SWEEP,0.85,30.0,,HYBRID,inprocess,e47d194150df86c005b1163bd7665ae6c91b89eaec5b712e302ee449d428848b,31eefca81d7bbcf31bb68b2d1b1bf917c3180fc15a3ff21a988a3f8e5f92ff60,1.435,0,62,46,0,46,16,74.19354838709677,79.81651376146789,85.71428571428571,78.57142857142857,68.29268292682927,77.77777777777777,852,18.52173913043478,0,0,0,0,8,0,0,0,0,0,5.6705,3.861,5844,1285284,246,49,56,0.1391422472346206,1,1.218054,0.115951,135,8.458,17.935,25.112,23,0.027,0.49,0,0,0,0,0,0,
K8_R0.90_T1_H1_A0.85M30_S8015_HYBRID_EAGER_inprocess,8015,8,0.9,1,1,SWEEP,0.85,30.0,,HYBRID_EAGER,inprocess,e47d194150df86c005b1163bd7665ae6c91b89eaec5b712e302ee449d428848b,ddacd5bc643fd86b1b834a7338f76d0e5e194262a6461c9f7e5a87151b12f778,1.388,0,62,46,0,46,16,74.19354838709677,79.81651376146789,85.71428571428571,78.57142857142857,68.29268292682927,77.77777777777777,852,18.52173913043478,0,0,0,0,8,0,0,0,0,0,5.6705,3.861,5844,1285194,246,49,56,0.1391422472346206,1,1.168739,0.120597,135,8.39,17.911,24.279,32,0.108,0.431,0,0,0,0,0,0,
K8_R0.90_T1_H1_A0.85M30_S8015_EDGE_MARKET_inprocess,8015,8,0.9,1,1,SWEEP,0.85,30.0,,EDGE_MARKET,inprocess,e47d194150df86c005b1163bd7665ae6c91b89eaec5b712e302ee449d428848b,3527d3d780dbcf4adc14b8942d4639d491fb0c5a9005ecc2a3cef40e9d268599,0.323,0,62,47,0,47,15,75.80645161290323,77.06422018348624,76.19047619047619,71.42857142857143,75.60975609756098,81.48148148148148,767,16.319148936170212,0,0,0,0,4,0,0,0,0,0,5.626,3.861,4729,1332565,186,30,85,0.1473658051689861,3,0.034636,0.20874700000000002,128,0.06499999999999999,0.188,0.339,844,0.521,3.4090000000000003,0,29,0,0,0,0,
K8_R0.90_T1_H1_A0.75M5_S8015_CENTRAL_inprocess,8015,8,0.9,1,1,SWEEP,0.75,5.0,,CENTRAL,inprocess,776547e24726ab086a0d074d1a2af073c0226b7c8d4d1a0bcbd8553d0163d290,de8284ab4f09dba087a4b3986824e968941863d711dd09809e3a6a517ef4bd07,1.761,0,62,48,0,48,14,77.41935483870968,82.56880733944953,85.71428571428571,85.71428571428571,73.17073170731707,74.07407407407408,822,17.125,0,0,0,0,7,0,0,0,0,0,5.6343,3.861,6330,1336870,294,42,21,0.2502807937102209,6,1.516642,0.114278,209,7.234,16.317,43.692,0,0.0,0.0,0,0,0,0,0,0,
K8_R0.90_T1_H1_A0.75M5_S8015_CENTRAL_FB_inprocess,8015,8,0.9,1,1,SWEEP,0.75,5.0,,CENTRAL_FB,inprocess,776547e24726ab086a0d074d1a2af073c0226b7c8d4d1a0bcbd8553d0163d290,2dadbab32a63523b9923b0902507073cc9d6c431a8930841c55e4be5fad8e5a0,1.606,0,62,48,0,48,14,77.41935483870968,82.56880733944953,85.71428571428571,85.71428571428571,73.17073170731707,74.07407407407408,822,17.125,0,0,0,0,7,0,0,0,0,0,5.6343,3.861,6330,1336870,294,42,21,0.2502807937102209,6,1.394585,0.11670599999999999,209,7.178999999999999,14.525,18.936,20,0.036000000000000004,0.037,0,0,0,0,0,0,
K8_R0.90_T1_H1_A0.75M5_S8015_HYBRID_inprocess,8015,8,0.9,1,1,SWEEP,0.75,5.0,,HYBRID,inprocess,776547e24726ab086a0d074d1a2af073c0226b7c8d4d1a0bcbd8553d0163d290,42415036ec65fa9d628ca8363ae3f0786562f130234227e3981f670a906f5b1d,1.865,0,62,48,0,48,14,77.41935483870968,82.56880733944953,85.71428571428571,85.71428571428571,73.17073170731707,74.07407407407408,822,17.125,0,0,0,0,7,0,0,0,0,0,5.6343,3.861,6330,1336870,294,42,21,0.2502807937102209,6,1.625727,0.12244600000000001,209,8.198,17.678,22.849,20,0.045000000000000005,0.064,0,0,0,0,0,0,
K8_R0.90_T1_H1_A0.75M5_S8015_HYBRID_EAGER_inprocess,8015,8,0.9,1,1,SWEEP,0.75,5.0,,HYBRID_EAGER,inprocess,776547e24726ab086a0d074d1a2af073c0226b7c8d4d1a0bcbd8553d0163d290,d79c3b3d9c0db40ac80af8e5c7318f060346a4ba1a6e135686a7e3a7249b63ac,1.835,0,62,49,0,49,13,79.03225806451613,86.23853211009174,95.23809523809524,92.85714285714286,70.73170731707317,77.77777777777777,864,17.632653061224488,0,0,0,0,7,0,0,0,0,0,5.7231,3.861,6395,1338172,325,55,21,0.26350974930362114,6,1.592864,0.12226700000000001,209,7.896999999999999,17.807,27.977999999999998,66,0.09000000000000001,0.5339999999999999,0,0,0,0,0,0,
K8_R0.90_T1_H1_A0.75M5_S8015_EDGE_MARKET_inprocess,8015,8,0.9,1,1,SWEEP,0.75,5.0,,EDGE_MARKET,inprocess,776547e24726ab086a0d074d1a2af073c0226b7c8d4d1a0bcbd8553d0163d290,c1751448e09c84a27b86ebc329f0980c506f6470a7114a9cc1d64b83b3fea70c,0.261,0,62,48,0,48,14,77.41935483870968,77.06422018348624,71.42857142857143,71.42857142857143,80.48780487804878,77.77777777777777,823,17.145833333333332,0,0,0,0,6,0,0,0,0,0,5.676,3.861,4687,1307313,169,39,20,0.12750406063887385,2,0.027802,0.172503,122,0.05,0.161,0.482,791,0.38499999999999995,2.376,0,29,0,0,0,0,
K8_R0.90_T1_H1_A0.75M15_S8015_CENTRAL_inprocess,8015,8,0.9,1,1,SWEEP,0.75,15.0,,CENTRAL,inprocess,a50593ecff356493efb03048c983c4184a0c967d186fad3addc9d4127dae556f,1ce25b52c4f201f92275efc8c8019677a859acd9ac8ed28122eeb29fb0a17ca3,1.246,0,62,50,0,50,12,80.64516129032258,85.3211009174312,90.47619047619048,85.71428571428571,75.60975609756098,74.07407407407408,831,16.62,0,0,0,0,8,0,0,0,0,0,5.6496,3.861,5707,1287862,234,47,39,0.20507936507936508,2,1.053575,0.109028,155,6.524,17.838,20.948999999999998,0,0.0,0.0,0,0,0,0,0,0,
K8_R0.90_T1_H1_A0.75M15_S8015_CENTRAL_FB_inprocess,8015,8,0.9,1,1,SWEEP,0.75,15.0,,CENTRAL_FB,inprocess,a50593ecff356493efb03048c983c4184a0c967d186fad3addc9d4127dae556f,f5c90d8ccf455d79d4d06326194567624a7413f38894b1333264f1bb30c17e00,1.091,0,62,50,0,50,12,80.64516129032258,85.3211009174312,90.47619047619048,85.71428571428571,75.60975609756098,74.07407407407408,831,16.62,0,0,0,0,8,0,0,0,0,0,5.6496,3.861,5707,1287850,234,47,39,0.20507936507936508,2,0.907395,0.096108,155,5.098,14.350999999999999,23.471,26,0.091,0.098,0,0,0,0,0,0,
K8_R0.90_T1_H1_A0.75M15_S8015_HYBRID_inprocess,8015,8,0.9,1,1,SWEEP,0.75,15.0,,HYBRID,inprocess,a50593ecff356493efb03048c983c4184a0c967d186fad3addc9d4127dae556f,e80f934629cc6ec5257d5b38f8210ec0423398778fe8a510bd8fe437083db60c,1.265,0,62,50,0,50,12,80.64516129032258,85.3211009174312,90.47619047619048,85.71428571428571,75.60975609756098,74.07407407407408,831,16.62,0,0,0,0,8,0,0,0,0,0,5.6496,3.861,5707,1287850,234,47,39,0.20507936507936508,2,1.062612,0.11632999999999999,155,6.088,15.469999999999999,22.353,26,0.11299999999999999,0.13799999999999998,0,0,0,0,0,0,
K8_R0.90_T1_H1_A0.75M15_S8015_HYBRID_EAGER_inprocess,8015,8,0.9,1,1,SWEEP,0.75,15.0,,HYBRID_EAGER,inprocess,a50593ecff356493efb03048c983c4184a0c967d186fad3addc9d4127dae556f,581513b987d444af011c516bdad187069bdffa054d2c20b218e08634e6217850,1.552,0,62,51,0,51,11,82.25806451612904,85.3211009174312,90.47619047619048,85.71428571428571,78.04878048780488,70.37037037037037,824,16.15686274509804,0,0,0,0,6,0,0,0,0,0,5.6479,3.861,5707,1284516,211,47,39,0.20553443177017322,2,1.228548,0.130676,156,7.4479999999999995,19.915,23.861,48,0.049,2.026,0,0,0,0,0,0,
K8_R0.90_T1_H1_A0.75M15_S8015_EDGE_MARKET_inprocess,8015,8,0.9,1,1,SWEEP,0.75,15.0,,EDGE_MARKET,inprocess,a50593ecff356493efb03048c983c4184a0c967d186fad3addc9d4127dae556f,b86b948adb3567cb54985f6635610965c692930fb1dc76713cc7670950b2c2c0,0.389,0,62,46,0,46,16,74.19354838709677,80.73394495412845,85.71428571428571,92.85714285714286,68.29268292682927,74.07407407407408,801,17.41304347826087,0,0,0,0,6,0,0,0,0,0,6.4843,3.861,4685,1274622,181,45,34,0.20368863574721996,2,0.036249,0.240087,139,0.056,0.166,0.467,822,0.632,3.758,0,24,0,0,0,0,
K8_R0.90_T1_H1_A0.75M30_S8015_CENTRAL_inprocess,8015,8,0.9,1,1,SWEEP,0.75,30.0,,CENTRAL,inprocess,8896a8ab92ac7a3f5b7403fad7b01a7bb97c0f6472550e3188c320d068ebbdab,e642925d93c9164dee946c7874fb36fa46d560f260eac6fd149a3535f86b79c1,1.363,0,62,48,0,48,14,77.41935483870968,76.14678899082568,66.66666666666667,71.42857142857143,82.92682926829268,74.07407407407408,798,16.625,0,0,0,0,7,0,0,0,0,0,5.6717,3.861,5943,1306999,258,48,53,0.2899492385786802,5,1.106412,0.126389,146,7.558,16.875999999999998,30.367,0,0.0,0.0,0,0,0,0,0,0,
K8_R0.90_T1_H1_A0.75M30_S8015_CENTRAL_FB_inprocess,8015,8,0.9,1,1,SWEEP,0.75,30.0,,CENTRAL_FB,inprocess,8896a8ab92ac7a3f5b7403fad7b01a7bb97c0f6472550e3188c320d068ebbdab,04063b6cddbd7ac024ff2cfc28cd3bfb9b1d64e01c9c777daebc7278624d3ddf,1.341,0,62,48,0,48,14,77.41935483870968,76.14678899082568,66.66666666666667,71.42857142857143,82.92682926829268,74.07407407407408,798,16.625,0,0,0,0,7,0,0,0,0,0,5.6717,3.861,5943,1306966,258,48,53,0.2899492385786802,5,1.134012,0.116173,146,8.016,16.072,32.272000000000006,36,0.036000000000000004,0.40499999999999997,0,0,0,0,0,0,
K8_R0.90_T1_H1_A0.75M30_S8015_HYBRID_EAGER_inprocess,8015,8,0.9,1,1,SWEEP,0.75,30.0,,HYBRID_EAGER,inprocess,8896a8ab92ac7a3f5b7403fad7b01a7bb97c0f6472550e3188c320d068ebbdab,35e6a1a2ced93f2105caddb55d9fbee0611f79c715c3501d4b754855bc70e20a,1.325,0,62,48,0,48,14,77.41935483870968,76.14678899082568,66.66666666666667,71.42857142857143,82.92682926829268,74.07407407407408,798,16.625,0,0,0,0,7,0,0,0,0,0,5.6717,3.861,5943,1306587,258,48,53,0.2899492385786802,5,1.118391,0.11460300000000001,146,7.835,16.552999999999997,23.464,50,0.102,0.444,0,0,0,0,0,0,
K8_R0.90_T1_H1_A0.75M30_S8015_HYBRID_inprocess,8015,8,0.9,1,1,SWEEP,0.75,30.0,,HYBRID,inprocess,8896a8ab92ac7a3f5b7403fad7b01a7bb97c0f6472550e3188c320d068ebbdab,b0c842c951ce2fffd0f256cb23cc7ecafd2f73e42eba047f1e812f361837088a,1.372,0,62,48,0,48,14,77.41935483870968,76.14678899082568,66.66666666666667,71.42857142857143,82.92682926829268,74.07407407407408,798,16.625,0,0,0,0,7,0,0,0,0,0,5.6717,3.861,5943,1306966,258,48,53,0.2899492385786802,5,1.153626,0.11643500000000001,146,8.370000000000001,16.659,20.337,36,0.068,0.447,0,0,0,0,0,0,
K8_R0.90_T1_H1_A0.75M30_S8015_EDGE_MARKET_inprocess,8015,8,0.9,1,1,SWEEP,0.75,30.0,,EDGE_MARKET,inprocess,8896a8ab92ac7a3f5b7403fad7b01a7bb97c0f6472550e3188c320d068ebbdab,7119bb4b586d269dcfd58bc5ebac990cbe7fc67073326789bea927eec72d25b4,0.228,0,62,48,0,48,14,77.41935483870968,78.89908256880734,71.42857142857143,78.57142857142857,80.48780487804878,85.18518518518519,768,16.0,0,0,0,0,7,0,0,0,0,0,5.6643,3.861,4517,1246110,171,31,53,0.2668001143837575,3,0.023185,0.15139399999999997,108,0.041999999999999996,0.122,0.196,646,0.38699999999999996,2.867,0,26,0,0,0,0,
K8_R0.90_T1_H1_A0.65M5_S8015_CENTRAL_inprocess,8015,8,0.9,1,1,SWEEP,0.65,5.0,,CENTRAL,inprocess,358dede4788ec563fecedd1b3d1b471a22b0fe6ffe7318d0452d80f9324d86d7,8d52847ef6629ec7f2e77904d53349f94cfc8994d9e114549fd74562ae7cebe3,1.398,0,62,47,0,47,15,75.80645161290323,79.81651376146789,85.71428571428571,78.57142857142857,70.73170731707317,74.07407407407408,881,18.74468085106383,0,0,0,0,7,0,0,0,0,0,5.6578,3.861,6646,1360617,286,50,21,0.5369836695485111,6,1.201467,0.101511,245,4.131,14.992999999999999,21.86,0,0.0,0.0,0,2,0,0,0,0,
K8_R0.90_T1_H1_A0.65M5_S8015_CENTRAL_FB_inprocess,8015,8,0.9,1,1,SWEEP,0.65,5.0,,CENTRAL_FB,inprocess,358dede4788ec563fecedd1b3d1b471a22b0fe6ffe7318d0452d80f9324d86d7,af797a7c3598f93e77798a60809310c8a66f1a2fda334a4781f48b57c70e5bf7,1.601,0,62,46,0,46,16,74.19354838709677,77.06422018348624,76.19047619047619,78.57142857142857,73.17073170731707,85.18518518518519,788,17.130434782608695,0,0,0,0,8,0,0,0,0,0,5.6449,3.861,6690,1362992,264,50,22,0.48262768179229165,7,1.349373,0.12356199999999999,244,5.2700000000000005,14.278,21.912000000000003,36,0.031,0.046,0,0,0,0,0,0,
K8_R0.90_T1_H1_A0.65M5_S8015_HYBRID_inprocess,8015,8,0.9,1,1,SWEEP,0.65,5.0,,HYBRID,inprocess,358dede4788ec563fecedd1b3d1b471a22b0fe6ffe7318d0452d80f9324d86d7,0450ae0951a9dd2008498c217eea6003965391695ef4f7b11ae4be819eba436c,1.313,0,62,46,0,46,16,74.19354838709677,77.06422018348624,76.19047619047619,78.57142857142857,73.17073170731707,85.18518518518519,788,17.130434782608695,0,0,0,0,8,0,0,0,0,0,5.6449,3.861,6690,1362992,264,50,22,0.48262768179229165,7,1.141279,0.100207,244,4.228,12.076,16.749,36,0.023,0.034999999999999996,0,0,0,0,0,0,
K8_R0.90_T1_H1_A0.65M5_S8015_EDGE_MARKET_inprocess,8015,8,0.9,1,1,SWEEP,0.65,5.0,,EDGE_MARKET,inprocess,358dede4788ec563fecedd1b3d1b471a22b0fe6ffe7318d0452d80f9324d86d7,1f64ad3b78dedd1eec3f2106874a7e4e1f5c1f952f80b3c760a20655fcb40c6f,0.222,0,62,50,0,50,12,80.64516129032258,83.4862385321101,85.71428571428571,85.71428571428571,78.04878048780488,70.37037037037037,893,17.86,0,0,0,0,7,0,0,0,0,0,5.6608,3.861,4408,1248770,125,37,22,0.24056130972268627,2,0.02192,0.14723,101,0.039,0.093,0.129,554,0.393,2.484,0,17,0,0,0,0,
K8_R0.90_T1_H1_A0.65M5_S8015_HYBRID_EAGER_inprocess,8015,8,0.9,1,1,SWEEP,0.65,5.0,,HYBRID_EAGER,inprocess,358dede4788ec563fecedd1b3d1b471a22b0fe6ffe7318d0452d80f9324d86d7,ce70d36bb099a83c1e826bfa9de4c8bdea5f2126639ab0d069d711aafce2ed72,1.744,0,62,47,0,47,15,75.80645161290323,81.65137614678899,85.71428571428571,85.71428571428571,70.73170731707317,77.77777777777777,786,16.72340425531915,0,0,0,0,6,0,0,0,0,0,5.6359,3.861,6828,1370364,306,41,22,0.5537236013338274,6,1.484218,0.14394400000000002,243,5.335,16.112000000000002,22.491,92,0.043000000000000003,2.9659999999999997,0,0,0,0,0,0,
K8_R0.90_T1_H1_A0.65M15_S8015_CENTRAL_inprocess,8015,8,0.9,1,1,SWEEP,0.65,15.0,,CENTRAL,inprocess,4c7d67d8a2210bb2f7658df10e340c649ab5144372f6b6509343a1d64ed1dac4,2366267dd1ff0beaec8c2ce4b423db35422ae0351f285198d38c366662008e24,1.215,0,62,50,0,50,12,80.64516129032258,82.56880733944953,85.71428571428571,85.71428571428571,78.04878048780488,81.48148148148148,840,16.8,0,0,0,0,8,0,0,0,0,0,5.6521,3.861,5792,1264431,263,38,56,0.46006317689530685,5,0.993299,0.113713,178,5.702999999999999,12.665,20.747999999999998,0,0.0,0.0,0,0,0,0,0,0,
K8_R0.90_T1_H1_A0.65M15_S8015_CENTRAL_FB_inprocess,8015,8,0.9,1,1,SWEEP,0.65,15.0,,CENTRAL_FB,inprocess,4c7d67d8a2210bb2f7658df10e340c649ab5144372f6b6509343a1d64ed1dac4,181991a3c4df0629b9449120dd2d9f0eedd0556e4c332d8d9792e29e286c3a99,1.366,0,62,50,0,50,12,80.64516129032258,82.56880733944953,85.71428571428571,85.71428571428571,78.04878048780488,81.48148148148148,840,16.8,0,0,0,0,8,0,0,0,0,0,5.6521,3.861,5792,1264383,263,38,56,0.46006317689530685,5,1.08798,0.12292400000000002,178,6.0200000000000005,14.015,24.093,39,0.063,0.102,0,0,0,0,0,0,
K8_R0.90_T1_H1_A0.65M15_S8015_HYBRID_inprocess,8015,8,0.9,1,1,SWEEP,0.65,15.0,,HYBRID,inprocess,4c7d67d8a2210bb2f7658df10e340c649ab5144372f6b6509343a1d64ed1dac4,b5f6b514e3eadaa562c72d27dc40f9d347000ac4fce9f653c0f39ce53c8b5161,1.37,0,62,50,0,50,12,80.64516129032258,82.56880733944953,85.71428571428571,85.71428571428571,78.04878048780488,81.48148148148148,840,16.8,0,0,0,0,8,0,0,0,0,0,5.6521,3.861,5792,1264383,263,38,56,0.46006317689530685,5,1.146411,0.123739,178,6.414000000000001,14.439,25.236,39,0.05,0.15100000000000002,0,0,0,0,0,0,
K8_R0.90_T1_H1_A0.65M15_S8015_EDGE_MARKET_inprocess,8015,8,0.9,1,1,SWEEP,0.65,15.0,,EDGE_MARKET,inprocess,4c7d67d8a2210bb2f7658df10e340c649ab5144372f6b6509343a1d64ed1dac4,e12b3c03860dcbd197c53aedde7ec9184740617621906d2f6f269d3ba9180f4c,0.281,0,62,48,0,48,14,77.41935483870968,77.98165137614679,76.19047619047619,78.57142857142857,78.04878048780488,81.48148148148148,741,15.4375,0,0,0,0,6,0,0,0,0,0,5.6429,3.861,4425,1187348,179,32,55,0.24176182707993474,3,0.027643,0.18534499999999998,98,0.048,0.131,0.21000000000000002,582,0.48700000000000004,2.872,0,24,0,0,0,0,
K8_R0.90_T1_H1_A0.65M15_S8015_HYBRID_EAGER_inprocess,8015,8,0.9,1,1,SWEEP,0.65,15.0,,HYBRID_EAGER,inprocess,4c7d67d8a2210bb2f7658df10e340c649ab5144372f6b6509343a1d64ed1dac4,127203a0f6d070dece4c1382068d165977c9f734536a7f2507662d0756b51d0f,1.12,0,62,49,0,49,13,79.03225806451613,78.89908256880734,71.42857142857143,78.57142857142857,82.92682926829268,77.77777777777777,741,15.122448979591837,0,0,0,0,6,0,0,0,0,0,5.6479,3.861,5835,1273095,225,46,56,0.538325210456358,4,0.906899,0.11048800000000002,170,4.261,13.728,24.583000000000002,65,0.034999999999999996,0.479,0,1,0,0,0,0,
K8_R0.90_T1_H1_A0.65M30_S8015_CENTRAL_inprocess,8015,8,0.9,1,1,SWEEP,0.65,30.0,,CENTRAL,inprocess,59af380fe0127746122bc440bfc2f711c99626fc76263fdbb9fc0de6c8a1beeb,186d1bc0b49622dc686899594e387556c64a7417d537db1666cc4b5613032d46,0.989,0,62,46,0,46,16,74.19354838709677,75.22935779816514,71.42857142857143,71.42857142857143,75.60975609756098,66.66666666666667,762,16.565217391304348,0,0,0,0,6,0,0,0,0,0,5.6098,3.861,5363,1249785,210,33,95,0.3644519883608147,4,0.781963,0.11099200000000001,139,5.644,11.264,16.031,0,0.0,0.0,0,1,0,0,0,0,
K8_R0.90_T1_H1_A0.65M30_S8015_CENTRAL_FB_inprocess,8015,8,0.9,1,1,SWEEP,0.65,30.0,,CENTRAL_FB,inprocess,59af380fe0127746122bc440bfc2f711c99626fc76263fdbb9fc0de6c8a1beeb,89c7a300ab56d4b60e21a40d257a018cc538085c22fff69e08fd4642b341c64a,1.004,0,62,48,0,48,14,77.41935483870968,77.06422018348624,71.42857142857143,71.42857142857143,80.48780487804878,74.07407407407408,777,16.1875,0,0,0,0,5,0,0,0,0,0,5.6264,3.861,5329,1246993,199,32,95,0.31551976573938506,4,0.806987,0.113776,136,5.824,11.5,15.181999999999999,37,0.44499999999999995,2.3649999999999998,0,1,0,0,0,0,
K8_R0.90_T1_H1_A0.65M30_S8015_HYBRID_inprocess,8015,8,0.9,1,1,SWEEP,0.65,30.0,,HYBRID,inprocess,59af380fe0127746122bc440bfc2f711c99626fc76263fdbb9fc0de6c8a1beeb,e1f247465b09f4a24b32b2a55de6262d68eea8b316f58c1628eaff9f41abb46a,0.913,0,62,48,0,48,14,77.41935483870968,77.06422018348624,71.42857142857143,71.42857142857143,80.48780487804878,74.07407407407408,777,16.1875,0,0,0,0,5,0,0,0,0,0,5.6264,3.861,5329,1246993,199,32,95,0.31551976573938506,4,0.730659,0.10684399999999998,136,5.0969999999999995,10.605,15.440000000000001,37,0.406,2.871,0,1,0,0,0,0,
K8_R0.90_T1_H1_A0.65M30_S8015_HYBRID_EAGER_inprocess,8015,8,0.9,1,1,SWEEP,0.65,30.0,,HYBRID_EAGER,inprocess,59af380fe0127746122bc440bfc2f711c99626fc76263fdbb9fc0de6c8a1beeb,a40f871bfa10adaca00ff93b16e14e629fd2a5dc90a4467ef74e361dbf0bbd43,0.902,0,62,50,0,50,12,80.64516129032258,83.4862385321101,80.95238095238095,85.71428571428571,80.48780487804878,81.48148148148148,830,16.6,0,0,0,0,5,1,1,0,10,25,10.6699,3.861,5538,1290811,236,39,95,0.3415313225058005,4,0.701401,0.11590700000000001,132,4.685,11.102,17.413999999999998,47,0.434,2.846,0,1,0,0,0,0,
K8_R0.90_T1_H1_A0.65M30_S8015_EDGE_MARKET_inprocess,8015,8,0.9,1,1,SWEEP,0.65,30.0,,EDGE_MARKET,inprocess,59af380fe0127746122bc440bfc2f711c99626fc76263fdbb9fc0de6c8a1beeb,289b43f8392078d076beb83a06a9474fc9cd544145b8c36260acddd8736f673d,0.276,0,62,48,0,48,14,77.41935483870968,78.89908256880734,80.95238095238095,78.57142857142857,75.60975609756098,77.77777777777777,779,16.229166666666668,0,0,0,0,5,0,0,0,0,0,5.6328,3.861,4515,1259188,159,30,95,0.33667273831208255,3,0.028718,0.178598,104,0.049,0.18100000000000002,0.25,676,0.55,3.967,0,23,0,0,0,0,
K8_R0.90_T1_H1_A0.55M5_S8015_CENTRAL_FB_inprocess,8015,8,0.9,1,1,SWEEP,0.55,5.0,,CENTRAL_FB,inprocess,a27a57bb8691d8727c50be5f72ebdc831a4b1ab4476efc5aa238af44f21a94df,6e2141d5c04e5b2ff9ce8cbabfb2f8354bb0f47cbdd77b9e274c2a85ee3b06b3,1.486,0,62,46,0,46,16,74.19354838709677,77.98165137614679,85.71428571428571,85.71428571428571,68.29268292682927,81.48148148148148,840,18.26086956521739,0,0,0,0,7,0,0,0,0,0,5.6986,3.861,6793,1407140,246,50,22,0.6662049861495845,11,1.291763,0.11452500000000002,272,3.601,13.197000000000001,22.576,43,0.045000000000000005,0.34400000000000003,0,1,0,0,0,0,
K8_R0.90_T1_H1_A0.55M5_S8015_CENTRAL_inprocess,8015,8,0.9,1,1,SWEEP,0.55,5.0,,CENTRAL,inprocess,a27a57bb8691d8727c50be5f72ebdc831a4b1ab4476efc5aa238af44f21a94df,a2fafd8e7a4857816c1c7319d0b732afe1dffce2c8938dbdd9f39b80c84faf57,1.668,0,62,49,0,49,13,79.03225806451613,83.4862385321101,90.47619047619048,85.71428571428571,73.17073170731707,85.18518518518519,876,17.877551020408163,0,0,0,0,7,0,0,0,0,0,5.6693,3.861,6558,1391360,249,45,22,0.6219816819317235,10,1.426447,0.126169,260,4.599,15.073,27.508000000000003,0,0.0,0.0,0,1,0,0,0,0,
K8_R0.90_T1_H1_A0.55M5_S8015_HYBRID_inprocess,8015,8,0.9,1,1,SWEEP,0.55,5.0,,HYBRID,inprocess,a27a57bb8691d8727c50be5f72ebdc831a4b1ab4476efc5aa238af44f21a94df,e642f7d828da9c51324cfe5f3d12cafbda86234370e32dc6a058f0870947676f,1.584,0,62,46,0,46,16,74.19354838709677,77.98165137614679,85.71428571428571,85.71428571428571,68.29268292682927,81.48148148148148,840,18.26086956521739,0,0,0,0,7,0,0,0,0,0,5.6986,3.861,6793,1407140,246,50,22,0.6662049861495845,11,1.366464,0.12932500000000002,272,3.9189999999999996,13.119,24.038,43,0.045000000000000005,0.449,0,1,0,0,0,0,
K8_R0.90_T1_H1_A0.55M5_S8015_HYBRID_EAGER_inprocess,8015,8,0.9,1,1,SWEEP,0.55,5.0,,HYBRID_EAGER,inprocess,a27a57bb8691d8727c50be5f72ebdc831a4b1ab4476efc5aa238af44f21a94df,e29bfbe062179f14089fd1ff1b6daf1064410a04fc2a71754ba87be981e1ec77,1.464,0,62,45,0,45,17,72.58064516129032,74.31192660550458,76.19047619047619,71.42857142857143,70.73170731707317,77.77777777777777,900,20.0,0,0,0,0,8,0,0,0,0,0,5.6767,3.861,6621,1387242,287,47,21,0.6818648593140275,12,1.232803,0.125841,271,3.806,12.527,26.607,106,0.026,0.447,0,0,0,0,0,0,
K8_R0.90_T1_H1_A0.55M5_S8015_EDGE_MARKET_inprocess,8015,8,0.9,1,1,SWEEP,0.55,5.0,,EDGE_MARKET,inprocess,a27a57bb8691d8727c50be5f72ebdc831a4b1ab4476efc5aa238af44f21a94df,ac8cff1f8b99a71f86eaf94f570a1f666ee42d9e77565f7b3871f25327056419,0.299,0,62,48,0,48,14,77.41935483870968,77.98165137614679,71.42857142857143,78.57142857142857,80.48780487804878,85.18518518518519,804,16.75,0,0,0,0,8,0,0,0,0,0,5.6643,3.861,4436,1231405,142,30,24,0.35272184936614465,4,0.024719,0.178456,105,0.052,0.124,0.163,574,0.508,3.778,0,22,0,0,0,0,
K8_R0.90_T1_H1_A0.55M15_S8015_CENTRAL_inprocess,8015,8,0.9,1,1,SWEEP,0.55,15.0,,CENTRAL,inprocess,3851108f3f3eb596723b578141204e2cd8596b369ca8b66752d47deeda003f34,9810cd020adfd3515e53a18e0053cc5d04783c2c79690b44321211bd997fa81c,0.849,0,62,48,0,48,14,77.41935483870968,79.81651376146789,76.19047619047619,85.71428571428571,78.04878048780488,81.48148148148148,840,17.5,0,0,0,0,7,0,0,0,0,0,5.6234,3.861,5607,1286319,199,32,113,0.9335237600623215,5,0.680667,0.096453,181,3.148,8.35,12.552000000000001,0,0.0,0.0,0,0,0,0,0,0,
K8_R0.90_T1_H1_A0.55M15_S8015_CENTRAL_FB_inprocess,8015,8,0.9,1,1,SWEEP,0.55,15.0,,CENTRAL_FB,inprocess,3851108f3f3eb596723b578141204e2cd8596b369ca8b66752d47deeda003f34,f7fa7d01344b5ebdcf80178ebe33dbd629022e7ef98361d00393243304539de5,0.76,0,62,48,0,48,14,77.41935483870968,83.4862385321101,95.23809523809524,92.85714285714286,68.29268292682927,77.77777777777777,800,16.666666666666668,0,0,0,0,7,0,0,0,0,0,7.8574,3.861,5530,1262743,194,32,113,0.8948758584257792,6,0.593069,0.10003000000000001,171,2.6380000000000003,7.989,13.022,52,0.045000000000000005,2.787,0,1,0,0,0,0,
K8_R0.90_T1_H1_A0.55M15_S8015_HYBRID_inprocess,8015,8,0.9,1,1,SWEEP,0.55,15.0,,HYBRID,inprocess,3851108f3f3eb596723b578141204e2cd8596b369ca8b66752d47deeda003f34,2ac2056d018f49ae2849ace106e6886178a282ed728f306d6d50fae72570bc3f,0.683,0,62,48,0,48,14,77.41935483870968,83.4862385321101,95.23809523809524,92.85714285714286,68.29268292682927,77.77777777777777,800,16.666666666666668,0,0,0,0,7,0,0,0,0,0,7.8574,3.861,5530,1262743,194,32,113,0.8948758584257792,6,0.527964,0.09227199999999999,171,2.594,6.871,11.41,52,0.045000000000000005,2.2729999999999997,0,1,0,0,0,0,
K8_R0.90_T1_H1_A0.55M15_S8015_EDGE_MARKET_inprocess,8015,8,0.9,1,1,SWEEP,0.55,15.0,,EDGE_MARKET,inprocess,3851108f3f3eb596723b578141204e2cd8596b369ca8b66752d47deeda003f34,04e58b52959826a8d863300f8435247d4697ac81cccdf496ee6e888e62cbef73,0.249,0,62,47,0,47,15,75.80645161290323,77.06422018348624,76.19047619047619,78.57142857142857,75.60975609756098,81.48148148148148,851,18.106382978723403,0,0,0,0,6,0,0,0,0,0,5.6339,3.861,4410,1209611,147,22,112,0.7070592676481691,4,0.022115,0.16239199999999998,102,0.037,0.14100000000000001,0.26699999999999996,580,0.48700000000000004,6.829,0,21,0,0,0,0,
K8_R0.90_T1_H1_A0.55M15_S8015_HYBRID_EAGER_inprocess,8015,8,0.9,1,1,SWEEP,0.55,15.0,,HYBRID_EAGER,inprocess,3851108f3f3eb596723b578141204e2cd8596b369ca8b66752d47deeda003f34,062dead3edd50c655d10215b1f66e364c3b924468c645f4a927ee6fb3c5b8812,0.884,0,62,50,0,50,12,80.64516129032258,88.07339449541284,95.23809523809524,100.0,73.17073170731707,77.77777777777777,813,16.26,0,0,0,0,6,0,0,0,0,0,5.6442,3.861,5479,1258287,174,37,58,0.6923282544774124,6,0.678924,0.11973399999999998,168,3.818,7.736,15.440000000000001,77,0.09000000000000001,2.2239999999999998,0,0,0,0,0,0,
K8_R0.90_T1_H1_A0.55M30_S8015_CENTRAL_inprocess,8015,8,0.9,1,1,SWEEP,0.55,30.0,,CENTRAL,inprocess,196d1e71ca3f286f6af24ba0eafe5b4cbced249df02182435b0d4e3c04464e87,44b823601ccc820214be891eb140b9f61ec74c9d7c9d68a8a37ef3c9b5be9a2d,0.827,0,62,50,0,50,12,80.64516129032258,86.23853211009174,90.47619047619048,92.85714285714286,75.60975609756098,81.48148148148148,818,16.36,0,0,0,0,7,0,0,0,0,0,5.6217,3.861,5141,1212132,232,26,95,0.5430701270016566,5,0.652884,0.09912299999999999,135,4.401999999999999,10.811,17.641000000000002,0,0.0,0.0,0,0,0,0,0,0,
K8_R0.90_T1_H1_A0.55M30_S8015_CENTRAL_FB_inprocess,8015,8,0.9,1,1,SWEEP,0.55,30.0,,CENTRAL_FB,inprocess,196d1e71ca3f286f6af24ba0eafe5b4cbced249df02182435b0d4e3c04464e87,5e64ea4a340f7d07b23ef3be16d298ea4ab4813d4329ee64e99119b106fa71f9,0.929,0,62,51,0,51,11,82.25806451612904,88.9908256880734,95.23809523809524,100.0,75.60975609756098,85.18518518518519,836,16.392156862745097,0,0,0,0,6,0,0,0,0,0,5.6217,3.861,5132,1211899,221,29,95,0.543117744610282,3,0.724335,0.11344400000000002,133,4.887,11.249,14.312999999999999,43,0.457,2.9160000000000004,0,0,0,0,0,0,
K8_R0.90_T1_H1_A0.55M30_S8015_HYBRID_inprocess,8015,8,0.9,1,1,SWEEP,0.55,30.0,,HYBRID,inprocess,196d1e71ca3f286f6af24ba0eafe5b4cbced249df02182435b0d4e3c04464e87,06d88f936b282182aed40b03b7eae23a67d46bd32c599d8de5bd2ed5f381e8e5,0.939,0,62,51,0,51,11,82.25806451612904,88.9908256880734,95.23809523809524,100.0,75.60975609756098,85.18518518518519,836,16.392156862745097,0,0,0,0,6,0,0,0,0,0,5.6217,3.861,5132,1211899,221,29,95,0.543117744610282,3,0.74792,0.108742,133,4.668,13.67,15.332,43,0.448,2.73,0,0,0,0,0,0,
K8_R0.90_T1_H1_A0.55M30_S8015_HYBRID_EAGER_inprocess,8015,8,0.9,1,1,SWEEP,0.55,30.0,,HYBRID_EAGER,inprocess,196d1e71ca3f286f6af24ba0eafe5b4cbced249df02182435b0d4e3c04464e87,89f48fb97605906e8fe76f8ff97c0f1265a428c73ec07df42c6f8ff0206f55c4,0.89,0,62,51,0,51,11,82.25806451612904,88.9908256880734,95.23809523809524,100.0,75.60975609756098,85.18518518518519,812,15.92156862745098,0,0,0,0,4,1,1,0,9,9,8.9641,3.861,5131,1212386,210,32,95,0.5213793103448275,3,0.698409,0.11177399999999998,135,4.865,11.48,17.22,63,0.46,2.899,0,0,0,0,0,0,
K8_R0.90_T1_H1_A0.55M30_S8015_EDGE_MARKET_inprocess,8015,8,0.9,1,1,SWEEP,0.55,30.0,,EDGE_MARKET,inprocess,196d1e71ca3f286f6af24ba0eafe5b4cbced249df02182435b0d4e3c04464e87,580374f10b769a168ea71d105af7698e5f1f44127707729cdda0e77f42815c87,0.212,0,62,50,0,50,12,80.64516129032258,80.73394495412845,71.42857142857143,78.57142857142857,85.36585365853658,81.48148148148148,746,14.92,0,0,0,0,4,0,0,0,0,0,5.6418,3.861,4331,1237151,140,24,95,0.5969046781568765,2,0.020514,0.138481,100,0.034,0.085,0.14400000000000002,520,0.40299999999999997,2.5500000000000003,0,12,0,0,0,0,
K8_R0.90_T1_H1_A0.95M5_S8016_CENTRAL_inprocess,8016,8,0.9,1,1,SWEEP,0.95,5.0,,CENTRAL,inprocess,d7edbfe67534901fcc93e3000fe55b07a0675716714a10868df430474031febf,c29b4cef8f4d40ee64599367a72d82813dd216e6933524c9ae0ca7cecb3d6598,0.954,0,62,53,1,54,8,87.09677419354838,88.0,80.0,100.0,89.36170212765957,87.5,668,12.37037037037037,0,0,0,0,8,0,0,0,0,0,5.6308,3.8836,5214,1171842,250,48,14,0.042482986182718084,1,0.763239,0.106276,115,4.760999999999999,19.577,30.122,0,0.0,0.0,0,1,0,0,0,0,
K8_R0.90_T1_H1_A0.95M5_S8016_CENTRAL_FB_inprocess,8016,8,0.9,1,1,SWEEP,0.95,5.0,,CENTRAL_FB,inprocess,d7edbfe67534901fcc93e3000fe55b07a0675716714a10868df430474031febf,c5f50403b05fd36ae0a6a093ba8d01afcc5a3113487fa6206765bca86873458f,0.969,0,62,56,1,57,5,91.93548387096774,92.0,86.66666666666667,100.0,93.61702127659575,93.75,674,11.824561403508772,0,0,0,0,8,0,0,0,0,0,5.6379,3.8836,5217,1173760,246,48,9,0.04225061830173125,0,0.771968,0.10283799999999998,116,5.702999999999999,19.741000000000003,23.345000000000002,3,0.35300000000000004,0.35300000000000004,0,2,0,0,0,0,
K8_R0.90_T1_H1_A0.95M5_S8016_HYBRID_inprocess,8016,8,0.9,1,1,SWEEP,0.95,5.0,,HYBRID,inprocess,d7edbfe67534901fcc93e3000fe55b07a0675716714a10868df430474031febf,1bc462b93bbd645e9ec5ab778014d389c3e66319fd87eb71c887b47bca9391fe,1.077,0,62,56,1,57,5,91.93548387096774,92.0,86.66666666666667,100.0,93.61702127659575,93.75,674,11.824561403508772,0,0,0,0,8,0,0,0,0,0,5.6379,3.8836,5217,1173760,246,48,9,0.04225061830173125,0,0.858572,0.113064,116,6.36,20.296000000000003,31.218,3,0.424,0.424,0,2,0,0,0,0,
K8_R0.90_T1_H1_A0.95M5_S8016_HYBRID_EAGER_inprocess,8016,8,0.9,1,1,SWEEP,0.95,5.0,,HYBRID_EAGER,inprocess,d7edbfe67534901fcc93e3000fe55b07a0675716714a10868df430474031febf,44fab94913a2927581affbd59e9c5eee02b55af3ccb196ad3c1d827ffc9b2f42,1.07,0,62,55,1,56,6,90.3225806451613,93.0,100.0,100.0,87.23404255319149,90.625,657,11.732142857142858,0,0,0,0,5,0,0,0,0,0,5.6508,3.8836,5257,1179991,270,47,8,0.04116321933237763,0,0.852886,0.11482699999999998,118,5.731,20.836000000000002,34.875,23,0.421,0.437,0,0,0,0,0,0,
K8_R0.90_T1_H1_A0.95M5_S8016_EDGE_MARKET_inprocess,8016,8,0.9,1,1,SWEEP,0.95,5.0,,EDGE_MARKET,inprocess,d7edbfe67534901fcc93e3000fe55b07a0675716714a10868df430474031febf,6a3eb136d04bda8c4e76a3f50ca83760436f2a708fc0190abde00ad17351d8c3,0.24,0,62,53,1,54,8,87.09677419354838,90.0,93.33333333333333,100.0,85.1063829787234,93.75,695,12.87037037037037,0,0,0,0,8,0,0,0,0,0,5.6397,3.8836,4392,1168668,190,48,15,0.02906832298136646,0,0.030655,0.143928,75,0.068,0.16,0.185,581,0.433,2.764,0,11,0,0,0,0,
K8_R0.90_T1_H1_A0.95M15_S8016_CENTRAL_inprocess,8016,8,0.9,1,1,SWEEP,0.95,15.0,,CENTRAL,inprocess,92796c71dec6987b1a33f959619eeea6703b46221404d92772774466b2dd4eca,6b6c0d1a0d0d4a6349d7de87e899bd19935023c74191f8eec4031be81fb3f707,0.983,0,62,56,1,57,5,91.93548387096774,94.0,100.0,100.0,89.36170212765957,93.75,676,11.859649122807017,0,0,0,0,7,0,0,0,0,0,5.6463,3.8836,5109,1170887,265,36,23,0.031629660661918725,1,0.77391,0.10553199999999999,99,6.398,19.016000000000002,31.097,0,0.0,0.0,0,1,0,0,0,0,
K8_R0.90_T1_H1_A0.95M15_S8016_CENTRAL_FB_inprocess,8016,8,0.9,1,1,SWEEP,0.95,15.0,,CENTRAL_FB,inprocess,92796c71dec6987b1a33f959619eeea6703b46221404d92772774466b2dd4eca,eb05ffc42fbf02ca63dd42b6b294e2387f844e3a2ecbafc4b514e2a2a4a5c89d,0.873,0,62,56,1,57,5,91.93548387096774,94.0,100.0,100.0,89.36170212765957,93.75,676,11.859649122807017,0,0,0,0,7,0,0,0,0,0,5.6463,3.8836,5109,1170887,265,36,23,0.031629660661918725,1,0.706155,0.092194,99,5.1209999999999996,19.575,29.171,6,0.011,0.011,0,1,0,0,0,0,
K8_R0.90_T1_H1_A0.95M15_S8016_HYBRID_EAGER_inprocess,8016,8,0.9,1,1,SWEEP,0.95,15.0,,HYBRID_EAGER,inprocess,92796c71dec6987b1a33f959619eeea6703b46221404d92772774466b2dd4eca,045c15e027e23c8e432c4b0f80ee74529d440412b1262043a19a42400cc8a9cd,0.865,0,62,55,1,56,6,90.3225806451613,90.0,86.66666666666667,80.0,91.48936170212765,90.625,695,12.410714285714286,0,0,0,0,7,0,0,0,0,0,5.6348,3.8836,4948,1134395,224,37,10,0.020936758040146775,0,0.685479,0.101337,95,6.026,15.254999999999999,25.911,14,0.11699999999999999,0.11699999999999999,0,0,0,0,0,0,
K8_R0.90_T1_H1_A0.95M15_S8016_HYBRID_inprocess,8016,8,0.9,1,1,SWEEP,0.95,15.0,,HYBRID,inprocess,92796c71dec6987b1a33f959619eeea6703b46221404d92772774466b2dd4eca,97609e15f9e767804de8ddc74be6cba36d9c0bf803f1703e52485550461fde59,0.979,0,62,56,1,57,5,91.93548387096774,94.0,100.0,100.0,89.36170212765957,93.75,676,11.859649122807017,0,0,0,0,7,0,0,0,0,0,5.6463,3.8836,5109,1170887,265,36,23,0.031629660661918725,1,0.783348,0.10357899999999999,99,6.784,19.147000000000002,30.726,6,0.012,0.012,0,1,0,0,0,0,
K8_R0.90_T1_H1_A0.95M15_S8016_EDGE_MARKET_inprocess,8016,8,0.9,1,1,SWEEP,0.95,15.0,,EDGE_MARKET,inprocess,92796c71dec6987b1a33f959619eeea6703b46221404d92772774466b2dd4eca,71683e15213074d9daf2ffefef02f2f8dd9e81c676463dc167f87c1df1423cfd,0.268,0,62,55,1,56,6,90.3225806451613,93.0,100.0,100.0,87.23404255319149,96.875,700,12.5,0,0,0,0,8,0,0,0,0,0,5.6378,3.8836,4401,1168745,206,41,29,0.017449004669451953,0,0.032199,0.156114,64,0.075,0.273,0.285,562,0.464,3.79,0,14,0,0,0,0,
K8_R0.90_T1_H1_A0.95M30_S8016_CENTRAL_inprocess,8016,8,0.9,1,1,SWEEP,0.95,30.0,,CENTRAL,inprocess,99ce6098315328f3d0aa817c2fff14a28237f8acb97ac33d3b8ae80f8250c065,bf345d191105062bd20fc23ed9a53937bd6fbc9b82731e12d844a2fa16b8fa3c,0.798,0,62,56,1,57,5,91.93548387096774,94.0,100.0,100.0,89.36170212765957,96.875,680,11.929824561403509,0,0,0,0,8,0,0,0,0,0,5.6424,3.8836,4984,1154958,246,53,36,0.039329464861379754,1,0.62526,0.09145600000000001,91,6.526,16.587999999999997,25.641000000000002,0,0.0,0.0,0,1,0,0,0,0,
K8_R0.90_T1_H1_A0.95M30_S8016_CENTRAL_FB_inprocess,8016,8,0.9,1,1,SWEEP,0.95,30.0,,CENTRAL_FB,inprocess,99ce6098315328f3d0aa817c2fff14a28237f8acb97ac33d3b8ae80f8250c065,c9a1d20d54db197b2bfad98d6f09343b14c7b4a3aaaf531124ca934af797e621,0.936,0,62,56,1,57,5,91.93548387096774,94.0,100.0,100.0,89.36170212765957,96.875,680,11.929824561403509,0,0,0,0,8,0,0,0,0,0,5.6424,3.8836,4984,1154958,246,53,36,0.039329464861379754,1,0.725424,0.10905599999999999,91,7.204999999999999,20.344,30.541999999999998,7,0.145,0.145,0,1,0,0,0,0,
K8_R0.90_T1_H1_A0.95M30_S8016_HYBRID_inprocess,8016,8,0.9,1,1,SWEEP,0.95,30.0,,HYBRID,inprocess,99ce6098315328f3d0aa817c2fff14a28237f8acb97ac33d3b8ae80f8250c065,7e24d621b9c2462953062a5eaefa0c3eb42e82efa48ecd9475812c964b8f3abf,0.801,0,62,56,1,57,5,91.93548387096774,94.0,100.0,100.0,89.36170212765957,96.875,680,11.929824561403509,0,0,0,0,8,0,0,0,0,0,5.6424,3.8836,4984,1154958,246,53,36,0.039329464861379754,1,0.628731,0.094512,91,6.212,16.979000000000003,31.847,7,0.097,0.097,0,1,0,0,0,0,
K8_R0.90_T1_H1_A0.95M30_S8016_EDGE_MARKET_inprocess,8016,8,0.9,1,1,SWEEP,0.95,30.0,,EDGE_MARKET,inprocess,99ce6098315328f3d0aa817c2fff14a28237f8acb97ac33d3b8ae80f8250c065,ebdd4e0441ff8130f09923b8faab378f51341e8fb844e06d7348f24e28b9a02a,0.232,0,62,54,1,55,7,88.70967741935483,92.0,100.0,100.0,85.1063829787234,96.875,709,12.89090909090909,0,0,0,0,8,0,0,0,0,0,5.652,3.8836,4390,1168519,192,47,35,0.03193318594939818,3,0.028568,0.135333,101,0.062,0.08399999999999999,0.16,577,0.417,7.364,0,9,0,0,0,0,
K8_R0.90_T1_H1_A0.95M30_S8016_HYBRID_EAGER_inprocess,8016,8,0.9,1,1,SWEEP,0.95,30.0,,HYBRID_EAGER,inprocess,99ce6098315328f3d0aa817c2fff14a28237f8acb97ac33d3b8ae80f8250c065,1e0d7121874d95ec4c6639d4be46f3ae777ff6f73c6d09cf253c027fc5c271bf,0.911,0,62,56,1,57,5,91.93548387096774,94.0,100.0,100.0,89.36170212765957,96.875,680,11.929824561403509,0,0,0,0,8,0,0,0,0,0,5.6424,3.8836,4984,1154923,249,52,36,0.03893310389331039,1,0.716706,0.111076,91,6.993,17.687,26.467000000000002,13,0.174,0.7010000000000001,0,0,0,0,0,0,
K8_R0.90_T1_H1_A0.85M5_S8016_CENTRAL_inprocess,8016,8,0.9,1,1,SWEEP,0.85,5.0,,CENTRAL,inprocess,e948abf37036a9984a1a8f7eb2db9eb731107b4fdf6b570bb038d829cd458a8c,f81e550b461cd8b05665b8d44b9ab8c17d710d15b981e4f755f60f56abc2bd33,1.221,0,62,55,1,56,6,90.3225806451613,90.0,80.0,100.0,93.61702127659575,87.5,678,12.107142857142858,0,0,0,0,8,0,0,0,0,0,5.6378,3.8836,5345,1183677,247,53,21,0.12777053455019557,0,1.017548,0.100667,145,5.2509999999999994,22.737000000000002,31.345,0,0.0,0.0,0,1,0,0,0,0,
K8_R0.90_T1_H1_A0.85M5_S8016_CENTRAL_FB_inprocess,8016,8,0.9,1,1,SWEEP,0.85,5.0,,CENTRAL_FB,inprocess,e948abf37036a9984a1a8f7eb2db9eb731107b4fdf6b570bb038d829cd458a8c,3a37d7e3936c0ab8b290b10747912400b36f05cb545d1fbbd79e47718bd4a1de,1.172,0,62,56,1,57,5,91.93548387096774,94.0,100.0,100.0,89.36170212765957,90.625,690,12.105263157894736,0,0,0,0,8,0,0,0,0,0,5.6424,3.8836,5383,1192127,223,51,21,0.12261930237534774,0,0.965963,0.105584,144,4.248,25.644,36.986,13,0.037,0.095,0,1,0,0,0,0,
K8_R0.90_T1_H1_A0.85M5_S8016_HYBRID_inprocess,8016,8,0.9,1,1,SWEEP,0.85,5.0,,HYBRID,inprocess,e948abf37036a9984a1a8f7eb2db9eb731107b4fdf6b570bb038d829cd458a8c,9319336708eba8fa0e79c32a89821bf202bae2b0827a21719cdc71afeb278e84,1.092,0,62,56,1,57,5,91.93548387096774,94.0,100.0,100.0,89.36170212765957,90.625,690,12.105263157894736,0,0,0,0,8,0,0,0,0,0,5.6424,3.8836,5383,1192127,223,51,21,0.12261930237534774,0,0.915183,0.09869599999999999,144,5.027,20.227999999999998,24.758,13,0.04,0.111,0,1,0,0,0,0,
K8_R0.90_T1_H1_A0.85M5_S8016_EDGE_MARKET_inprocess,8016,8,0.9,1,1,SWEEP,0.85,5.0,,EDGE_MARKET,inprocess,e948abf37036a9984a1a8f7eb2db9eb731107b4fdf6b570bb038d829cd458a8c,976576ac12617068dc71d5cc677a4c73a90ed1a537db318618bea2d1f6bba82a,0.209,0,62,52,1,53,9,85.48387096774194,88.0,86.66666666666667,100.0,85.1063829787234,90.625,683,12.88679245283019,0,0,0,0,8,0,0,0,0,0,5.6397,3.8836,4380,1150262,188,49,21,0.07858707557502738,0,0.02482,0.124627,92,0.055,0.075,0.114,571,0.38499999999999995,2.321,0,11,0,0,0,0,
K8_R0.90_T1_H1_A0.85M5_S8016_HYBRID_EAGER_inprocess,8016,8,0.9,1,1,SWEEP,0.85,5.0,,HYBRID_EAGER,inprocess,e948abf37036a9984a1a8f7eb2db9eb731107b4fdf6b570bb038d829cd458a8c,7a30c80f94bcc4cfd9b380023850dd2d247b9716335240f7c25052db89f76786,1.188,0,62,56,1,57,5,91.93548387096774,91.0,86.66666666666667,80.0,93.61702127659575,96.875,713,12.508771929824562,0,0,0,0,8,0,0,0,0,0,5.6515,3.8836,5580,1210295,264,58,20,0.15348166460651008,3,0.979452,0.120339,152,4.927,20.496,39.557,53,0.089,2.877,0,1,0,0,0,0,
K8_R0.90_T1_H1_A0.85M15_S8016_CENTRAL_inprocess,8016,8,0.9,1,1,SWEEP,0.85,15.0,,CENTRAL,inprocess,4d85d83ce9610646cdb28193499ed37bb90e64dbb71be49e944c47066a7fe72f,607a29aad52dc27476f0fe69f0589d8b76056bfca6b8c462b852408803241540,0.77,0,62,54,0,54,8,87.09677419354838,88.0,80.0,100.0,89.36170212765957,90.625,630,11.666666666666666,0,0,0,0,6,0,0,0,0,0,5.647,3.8836,5120,1150039,218,46,65,0.10475973582327489,2,0.584615,0.10081899999999999,115,4.038,11.74,30.98,0,0.0,0.0,0,5,0,0,0,0,
K8_R0.90_T1_H1_A0.85M15_S8016_CENTRAL_FB_inprocess,8016,8,0.9,1,1,SWEEP,0.85,15.0,,CENTRAL_FB,inprocess,4d85d83ce9610646cdb28193499ed37bb90e64dbb71be49e944c47066a7fe72f,fe20b68af79e5e43307c70feeb530375fe5122f5ffdd58c4c0ce3ed44281676c,0.783,0,62,53,1,54,8,87.09677419354838,90.0,93.33333333333333,100.0,85.1063829787234,87.5,711,13.166666666666666,0,0,0,0,8,0,0,0,0,0,5.6397,3.8836,4916,1146214,217,46,88,0.1486873508353222,0,0.599726,0.10733500000000001,105,4.678,16.299999999999997,26.163,21,0.479,0.499,0,0,0,0,0,0,
K8_R0.90_T1_H1_A0.85M15_S8016_HYBRID_inprocess,8016,8,0.9,1,1,SWEEP,0.85,15.0,,HYBRID,inprocess,4d85d83ce9610646cdb28193499ed37bb90e64dbb71be49e944c47066a7fe72f,980f21d36b9cc05348e38a03ddeb61039b0e84fd95768837b45301deb5e1a185,0.734,0,62,53,1,54,8,87.09677419354838,90.0,93.33333333333333,100.0,85.1063829787234,87.5,711,13.166666666666666,0,0,0,0,8,0,0,0,0,0,5.6397,3.8836,4916,1146214,217,46,88,0.1486873508353222,0,0.540406,0.10600499999999999,105,4.311,13.662,27.623,21,0.386,0.415,0,0,0,0,0,0,
K8_R0.90_T1_H1_A0.85M15_S8016_HYBRID_EAGER_inprocess,8016,8,0.9,1,1,SWEEP,0.85,15.0,,HYBRID_EAGER,inprocess,4d85d83ce9610646cdb28193499ed37bb90e64dbb71be49e944c47066a7fe72f,f053e14afc444e46c822cfa37aae49c8574772cc8573ab47c88e6d0055a603bb,0.739,0,62,54,1,55,7,88.70967741935483,91.0,93.33333333333333,100.0,87.23404255319149,90.625,679,12.345454545454546,0,0,0,0,8,0,0,0,0,0,5.6742,3.8836,5098,1160763,232,43,88,0.14488441290913254,3,0.561774,0.09992799999999999,114,3.636,12.402,31.828000000000003,31,0.388,0.434,0,0,0,0,0,0,
K8_R0.90_T1_H1_A0.85M15_S8016_EDGE_MARKET_inprocess,8016,8,0.9,1,1,SWEEP,0.85,15.0,,EDGE_MARKET,inprocess,4d85d83ce9610646cdb28193499ed37bb90e64dbb71be49e944c47066a7fe72f,92276a15133843dca98753aba28eb6e422408d87c24b597fea649baafa47ff16,0.247,0,62,55,1,56,6,90.3225806451613,93.0,100.0,100.0,87.23404255319149,96.875,679,12.125,0,0,0,0,7,0,0,0,0,0,5.6425,3.8836,4350,1142722,180,42,65,0.07569060773480663,0,0.027867,0.14510800000000001,69,0.056,0.207,0.6,516,0.456,2.8600000000000003,0,18,0,0,0,0,
K8_R0.90_T1_H1_A0.85M30_S8016_CENTRAL_inprocess,8016,8,0.9,1,1,SWEEP,0.85,30.0,,CENTRAL,inprocess,7113bd3406b429b653eecc25dcd09d5d9085ee9cf6e440385686392302d4a683,0febdbb9d83b2a792b74181fab857d631fba9aaaf55e62a8c2919e6b846afc12,0.818,0,62,56,1,57,5,91.93548387096774,93.0,93.33333333333333,100.0,91.48936170212765,93.75,728,12.771929824561404,0,0,0,0,7,0,0,0,0,0,5.6661,3.8836,5018,1156612,195,49,48,0.12100722779202612,4,0.629205,0.106575,109,5.393,11.254,22.088,0,0.0,0.0,0,4,0,0,0,0,
K8_R0.90_T1_H1_A0.85M30_S8016_CENTRAL_FB_inprocess,8016,8,0.9,1,1,SWEEP,0.85,30.0,,CENTRAL_FB,inprocess,7113bd3406b429b653eecc25dcd09d5d9085ee9cf6e440385686392302d4a683,1bff336c39734b49dce3d6905ea3b989ccdda151f9549b349ea605e51a8d7d42,0.82,0,62,56,1,57,5,91.93548387096774,94.0,100.0,100.0,89.36170212765957,90.625,710,12.456140350877194,0,0,0,0,8,0,0,0,0,0,5.652,3.8836,4950,1150210,222,40,47,0.10660624850942046,1,0.619352,0.106588,105,5.329000000000001,11.411,25.788999999999998,18,0.106,0.107,0,1,0,0,0,0,
K8_R0.90_T1_H1_A0.85M30_S8016_HYBRID_inprocess,8016,8,0.9,1,1,SWEEP,0.85,30.0,,HYBRID,inprocess,7113bd3406b429b653eecc25dcd09d5d9085ee9cf6e440385686392302d4a683,09211805844a7e44d8f362636234579fa278aa714be0c3e67f42d3bf93138bf0,0.849,0,62,56,1,57,5,91.93548387096774,94.0,100.0,100.0,89.36170212765957,90.625,710,12.456140350877194,0,0,0,0,8,0,0,0,0,0,5.652,3.8836,4950,1150210,222,40,47,0.10660624850942046,1,0.637698,0.11431,105,5.3309999999999995,12.772,25.089,18,0.083,0.14300000000000002,0,1,0,0,0,0,
K8_R0.90_T1_H1_A0.85M30_S8016_HYBRID_EAGER_inprocess,8016,8,0.9,1,1,SWEEP,0.85,30.0,,HYBRID_EAGER,inprocess,7113bd3406b429b653eecc25dcd09d5d9085ee9cf6e440385686392302d4a683,542fa80939baf51ff3b714b0c6c0ce97f940b897e83e87e5107ddb714c19e460,0.732,0,62,55,1,56,6,90.3225806451613,92.0,100.0,100.0,87.23404255319149,93.75,674,12.035714285714286,0,0,0,0,7,0,0,0,0,0,5.7147,3.8836,4882,1145838,216,43,27,0.053026634382566586,1,0.552024,0.101691,97,4.9959999999999996,11.957,32.166,27,0.107,0.11,0,0,0,0,0,0,
K8_R0.90_T1_H1_A0.85M30_S8016_EDGE_MARKET_inprocess,8016,8,0.9,1,1,SWEEP,0.85,30.0,,EDGE_MARKET,inprocess,7113bd3406b429b653eecc25dcd09d5d9085ee9cf6e440385686392302d4a683,e47c9dd53aa6836ee0693bda5f1a13a4fc52070b0a602f08d0ee0c69f25909be,0.228,0,62,55,1,56,6,90.3225806451613,93.0,100.0,100.0,87.23404255319149,93.75,692,12.357142857142858,0,0,0,0,7,0,0,0,0,0,5.6493,3.8836,4288,1131263,180,41,48,0.07951329937747595,1,0.026984,0.136839,79,0.046,0.131,0.217,487,0.47100000000000003,2.834,0,9,0,0,0,0,
K8_R0.90_T1_H1_A0.75M5_S8016_CENTRAL_inprocess,8016,8,0.9,1,1,SWEEP,0.75,5.0,,CENTRAL,inprocess,5fd592372f332e1a33f5745aeb4df057a44ce8924d28c5b9ae555111058f47db,a926776c4da609a7109d4e0c0c801e80bd3b434ac48035b77c1ffadebff3e4de,1.161,0,62,56,1,57,5,91.93548387096774,94.0,100.0,100.0,89.36170212765957,90.625,687,12.052631578947368,0,0,0,0,8,0,0,0,0,0,5.6703,3.8836,5407,1172692,218,33,23,0.24755472752678157,3,0.966017,0.10076299999999999,170,3.388,17.72,27.407,0,0.0,0.0,0,2,0,0,0,0,
K8_R0.90_T1_H1_A0.75M5_S8016_CENTRAL_FB_inprocess,8016,8,0.9,1,1,SWEEP,0.75,5.0,,CENTRAL_FB,inprocess,5fd592372f332e1a33f5745aeb4df057a44ce8924d28c5b9ae555111058f47db,516fb07e8b9ff0d07f3498a3cdbd733468f1c18635f59a1ded870368319061d6,1.166,0,62,56,1,57,5,91.93548387096774,94.0,100.0,100.0,89.36170212765957,90.625,687,12.052631578947368,0,0,0,0,8,0,0,0,0,0,5.6703,3.8836,5407,1172692,218,33,23,0.24755472752678157,3,0.995489,0.09889300000000001,170,3.5300000000000002,21.455,39.319,23,0.018000000000000002,0.131,0,2,0,0,0,0,
K8_R0.90_T1_H1_A0.75M5_S8016_HYBRID_inprocess,8016,8,0.9,1,1,SWEEP,0.75,5.0,,HYBRID,inprocess,5fd592372f332e1a33f5745aeb4df057a44ce8924d28c5b9ae555111058f47db,da0cd7b285727a4200a739518dc4ec549aa1a6d37a29a6638514270706fe4a11,1.172,0,62,56,1,57,5,91.93548387096774,94.0,100.0,100.0,89.36170212765957,90.625,687,12.052631578947368,0,0,0,0,8,0,0,0,0,0,5.6703,3.8836,5407,1172692,218,33,23,0.24755472752678157,3,0.951965,0.105429,170,4.511,16.379,27.522000000000002,23,0.020999999999999998,0.11699999999999999,0,2,0,0,0,0,
K8_R0.90_T1_H1_A0.75M5_S8016_HYBRID_EAGER_inprocess,8016,8,0.9,1,1,SWEEP,0.75,5.0,,HYBRID_EAGER,inprocess,5fd592372f332e1a33f5745aeb4df057a44ce8924d28c5b9ae555111058f47db,540e0d88d34ab615778409ac478c8a1726ff43fa30144a9ebf3e21975f4a0f35,1.095,0,62,55,1,56,6,90.3225806451613,92.0,93.33333333333333,100.0,89.36170212765957,87.5,658,11.75,0,0,0,0,6,0,0,0,0,0,5.6291,3.8836,5521,1180937,231,46,23,0.23960935725641608,4,0.921717,0.105107,185,3.3409999999999997,15.855,24.826,79,0.106,2.1670000000000003,0,0,0,0,0,0,
K8_R0.90_T1_H1_A0.75M5_S8016_EDGE_MARKET_inprocess,8016,8,0.9,1,1,SWEEP,0.75,5.0,,EDGE_MARKET,inprocess,5fd592372f332e1a33f5745aeb4df057a44ce8924d28c5b9ae555111058f47db,fd8e29f45ecacdbdb160023b4d84390f3d34c4a71ee68c7eb356a7ff22a8f419,0.25,0,62,52,1,53,9,85.48387096774194,86.0,80.0,80.0,87.23404255319149,90.625,726,13.69811320754717,0,0,0,0,8,0,0,0,0,0,5.6379,3.8836,4306,1148446,162,46,22,0.13343799058084774,1,0.026947,0.150971,78,0.055,0.13699999999999998,0.184,498,0.482,3.351,0,11,0,0,0,0,
K8_R0.90_T1_H1_A0.75M15_S8016_CENTRAL_inprocess,8016,8,0.9,1,1,SWEEP,0.75,15.0,,CENTRAL,inprocess,75e45f2bceee69ae162d34a128c39475a60a529614cc12c2dff374463f21cab7,b3abdc39212b65082ef2c947d55ba0a0a999081e2c9d1561e10574e8cac21680,0.803,0,62,51,1,52,10,83.87096774193549,80.0,60.0,40.0,91.48936170212765,87.5,775,14.903846153846153,0,0,0,0,8,0,0,0,0,0,5.6524,3.8836,5143,1163725,231,45,88,0.25684678016284235,3,0.605029,0.097249,131,3.342,14.789,37.349000000000004,0,0.0,0.0,0,1,0,0,0,0,
K8_R0.90_T1_H1_A0.75M15_S8016_CENTRAL_FB_inprocess,8016,8,0.9,1,1,SWEEP,0.75,15.0,,CENTRAL_FB,inprocess,75e45f2bceee69ae162d34a128c39475a60a529614cc12c2dff374463f21cab7,ae99e359b136852102857e00eab3adf33a184df466ee53c2cabd05c3638964f6,0.844,0,62,54,1,55,7,88.70967741935483,90.0,86.66666666666667,100.0,89.36170212765957,96.875,674,12.254545454545454,0,0,0,0,8,0,0,0,0,0,5.6588,3.8836,5194,1189252,216,44,88,0.26527135556096376,3,0.64822,0.107752,134,3.747,11.700000000000001,24.804,26,0.108,0.495,0,0,0,0,0,0,
K8_R0.90_T1_H1_A0.75M15_S8016_HYBRID_inprocess,8016,8,0.9,1,1,SWEEP,0.75,15.0,,HYBRID,inprocess,75e45f2bceee69ae162d34a128c39475a60a529614cc12c2dff374463f21cab7,fccb384c9faad0c7954dc4be6306fecf1f0ceedd5ab2db81a99d0c01e05f7840,0.742,0,62,54,1,55,7,88.70967741935483,90.0,86.66666666666667,100.0,89.36170212765957,96.875,674,12.254545454545454,0,0,0,0,8,0,0,0,0,0,5.6588,3.8836,5194,1189252,216,44,88,0.26527135556096376,3,0.561841,0.100565,134,3.512,9.818,18.825000000000003,26,0.097,0.358,0,0,0,0,0,0,
K8_R0.90_T1_H1_A0.75M15_S8016_HYBRID_EAGER_inprocess,8016,8,0.9,1,1,SWEEP,0.75,15.0,,HYBRID_EAGER,inprocess,75e45f2bceee69ae162d34a128c39475a60a529614cc12c2dff374463f21cab7,8705518aad5a8acbd9784cf8584252e9ea2cb0cc453eb0b53326f91ff2512ab2,0.853,0,62,53,1,54,8,87.09677419354838,90.0,93.33333333333333,100.0,85.1063829787234,90.625,661,12.24074074074074,0,0,0,0,7,0,0,0,0,0,5.6439,3.8836,5175,1169590,211,41,88,0.27556748840615086,3,0.656353,0.115401,135,3.7239999999999998,11.280999999999999,24.81,45,0.124,0.444,0,0,0,0,0,0,
K8_R0.90_T1_H1_A0.75M15_S8016_EDGE_MARKET_inprocess,8016,8,0.9,1,1,SWEEP,0.75,15.0,,EDGE_MARKET,inprocess,75e45f2bceee69ae162d34a128c39475a60a529614cc12c2dff374463f21cab7,95208fa492a1682005b9d95f848dce48478247341120bf4029d7be2cae5407f6,0.248,0,62,55,1,56,6,90.3225806451613,93.0,100.0,100.0,87.23404255319149,96.875,646,11.535714285714286,0,0,0,0,8,0,0,0,0,0,5.6411,3.8836,4209,1137803,147,29,65,0.11168,1,0.027422,0.15032400000000004,65,0.051,0.14200000000000002,0.395,417,0.49200000000000005,2.974,0,10,0,0,0,0,
K8_R0.90_T1_H1_A0.75M30_S8016_CENTRAL_FB_inprocess,8016,8,0.9,1,1,SWEEP,0.75,30.0,,CENTRAL_FB,inprocess,8d49c265ce6d79cc8323e69bccd8a24e390ed8f0505662060bb9f9462b73479a,02403edce20e44068a1ddf1cd973326bee5da766a9fd2534d76f351da297e0ae,0.638,0,62,54,1,55,7,88.70967741935483,92.0,100.0,100.0,85.1063829787234,90.625,694,12.618181818181819,0,0,0,0,8,0,0,0,0,0,5.6399,3.8836,4763,1117340,189,47,68,0.19038617337294086,2,0.463219,0.103524,99,4.4879999999999995,8.595,26.243,33,0.455,0.524,0,1,0,0,0,0,
K8_R0.90_T1_H1_A0.75M30_S8016_CENTRAL_inprocess,8016,8,0.9,1,1,SWEEP,0.75,30.0,,CENTRAL,inprocess,8d49c265ce6d79cc8323e69bccd8a24e390ed8f0505662060bb9f9462b73479a,cf35477c71651094e438e9129d813fdb698b695bd73acb012b62695660c7df69,0.717,0,62,53,1,54,8,87.09677419354838,89.0,86.66666666666667,100.0,87.23404255319149,84.375,697,12.907407407407407,0,0,0,0,8,0,0,0,0,0,5.6304,3.8836,5042,1163023,219,52,53,0.18809643395278755,2,0.524776,0.10108500000000001,111,4.2589999999999995,11.983,23.587,0,0.0,0.0,0,2,0,0,0,0,
K8_R0.90_T1_H1_A0.75M30_S8016_HYBRID_inprocess,8016,8,0.9,1,1,SWEEP,0.75,30.0,,HYBRID,inprocess,8d49c265ce6d79cc8323e69bccd8a24e390ed8f0505662060bb9f9462b73479a,cca1472bedea20fbdb372822094a5fd5bbb703f5315fdb3b53c4f9fbe3b712af,0.569,0,62,54,1,55,7,88.70967741935483,92.0,100.0,100.0,85.1063829787234,90.625,694,12.618181818181819,0,0,0,0,8,0,0,0,0,0,5.6399,3.8836,4763,1117340,189,47,68,0.19038617337294086,2,0.403033,0.09523200000000001,99,3.869,7.142,22.603,33,0.36000000000000004,0.49799999999999994,0,1,0,0,0,0,
K8_R0.90_T1_H1_A0.75M30_S8016_EDGE_MARKET_inprocess,8016,8,0.9,1,1,SWEEP,0.75,30.0,,EDGE_MARKET,inprocess,8d49c265ce6d79cc8323e69bccd8a24e390ed8f0505662060bb9f9462b73479a,2b4e7104799dd13b188d6d0f0637801df5e3a67eb8d2e1fe0b0bd25f0f659621,0.218,0,62,55,1,56,6,90.3225806451613,93.0,100.0,100.0,87.23404255319149,93.75,692,12.357142857142858,0,0,0,0,7,0,0,0,0,0,5.6493,3.8836,4256,1125012,181,38,48,0.152276295133438,3,0.024883,0.131296,83,0.034999999999999996,0.111,0.152,458,0.495,3.658,0,9,0,0,0,0,
K8_R0.90_T1_H1_A0.75M30_S8016_HYBRID_EAGER_inprocess,8016,8,0.9,1,1,SWEEP,0.75,30.0,,HYBRID_EAGER,inprocess,8d49c265ce6d79cc8323e69bccd8a24e390ed8f0505662060bb9f9462b73479a,afbeb3c3a7d8b96edc9827be32c1ee76f9bdaf7afbe222888b938f723fce915c,0.78,0,62,53,1,54,8,87.09677419354838,89.0,86.66666666666667,100.0,87.23404255319149,84.375,639,11.833333333333334,0,0,0,0,6,0,0,0,0,0,6.1546,3.8836,5025,1157840,226,49,53,0.1770516717325228,2,0.601081,0.09987900000000001,109,5.63,11.527000000000001,18.365,48,0.331,0.449,0,0,0,0,0,0,
K8_R0.90_T1_H1_A0.65M5_S8016_CENTRAL_inprocess,8016,8,0.9,1,1,SWEEP,0.65,5.0,,CENTRAL,inprocess,00f27940d3f70e120e6428d22c32b9739b848b853561a263f0e5d31163647583,8a2f8b08bdc9e2965508b16a1252f46ca58fc5cf326104d3943cf21749bcec78,1.375,0,62,55,1,56,6,90.3225806451613,93.0,100.0,100.0,87.23404255319149,90.625,650,11.607142857142858,0,0,0,0,7,0,0,0,0,0,5.6368,3.8864,6115,1247469,246,61,23,0.4192447194367399,3,1.163773,0.11234,229,3.967,15.488999999999999,33.433,0,0.0,0.0,0,1,0,0,0,0,
K8_R0.90_T1_H1_A0.65M5_S8016_CENTRAL_FB_inprocess,8016,8,0.9,1,1,SWEEP,0.65,5.0,,CENTRAL_FB,inprocess,00f27940d3f70e120e6428d22c32b9739b848b853561a263f0e5d31163647583,fe5063c116b769add8d6f150d28f35563560fe37aa82cafd4e092872178ebc0e,1.458,0,62,56,1,57,5,91.93548387096774,94.0,100.0,100.0,89.36170212765957,93.75,647,11.350877192982455,0,0,0,0,6,0,0,0,0,0,7.4216,3.8864,6104,1246771,234,56,23,0.42339654805028765,2,1.234439,0.120129,228,3.8739999999999997,18.468999999999998,26.789,34,0.037,0.095,0,1,0,0,0,0,
K8_R0.90_T1_H1_A0.65M5_S8016_HYBRID_inprocess,8016,8,0.9,1,1,SWEEP,0.65,5.0,,HYBRID,inprocess,00f27940d3f70e120e6428d22c32b9739b848b853561a263f0e5d31163647583,5064d45a1b36738234a9238e2fe5dcde0792a65791fe0781ffac72878070d6eb,1.441,0,62,56,1,57,5,91.93548387096774,94.0,100.0,100.0,89.36170212765957,93.75,647,11.350877192982455,0,0,0,0,6,0,0,0,0,0,7.4216,3.8864,6104,1246771,234,56,23,0.42339654805028765,2,1.213853,0.12350300000000002,228,4.116,15.886999999999999,27.151999999999997,35,0.022,0.096,0,1,0,0,0,0,
K8_R0.90_T1_H1_A0.65M5_S8016_HYBRID_EAGER_inprocess,8016,8,0.9,1,1,SWEEP,0.65,5.0,,HYBRID_EAGER,inprocess,00f27940d3f70e120e6428d22c32b9739b848b853561a263f0e5d31163647583,0a256bdeff94cefed8c849058742e98428ab764a25b61dcca0a5ecac42c8c3e2,1.397,0,62,55,1,56,6,90.3225806451613,91.0,86.66666666666667,100.0,91.48936170212765,90.625,647,11.553571428571429,0,0,0,0,6,0,0,0,0,0,5.6573,3.8864,5618,1201592,219,43,24,0.3812365719742182,4,1.183705,0.115743,216,4.0,16.92,30.361,100,0.11,0.45199999999999996,0,0,0,0,0,0,
K8_R0.90_T1_H1_A0.65M5_S8016_EDGE_MARKET_inprocess,8016,8,0.9,1,1,SWEEP,0.65,5.0,,EDGE_MARKET,inprocess,00f27940d3f70e120e6428d22c32b9739b848b853561a263f0e5d31163647583,0f710abb514ff4202ba4efc1d2be999c94074f7f4a21fd840fc5566d702c75e3,0.286,0,62,53,1,54,8,87.09677419354838,87.0,86.66666666666667,60.0,87.23404255319149,90.625,653,12.092592592592593,0,0,0,0,7,0,0,0,0,0,5.6502,3.8864,4256,1130234,133,25,23,0.15920398009950248,1,0.030678,0.171061,84,0.052,0.136,0.32,456,0.526,3.67,0,8,0,0,0,0,
K8_R0.90_T1_H1_A0.65M15_S8016_CENTRAL_inprocess,8016,8,0.9,1,1,SWEEP,0.65,15.0,,CENTRAL,inprocess,8cd54895b891449f38271e75d68981b0041c5398b6771c36bd6dbe769b5e1c6d,8adebfa4a5be651b1455634211c6aaf845ce0cdeb7e1b9c6baf82f2a4e3612b2,0.856,0,62,54,0,54,8,87.09677419354838,88.0,86.66666666666667,80.0,87.23404255319149,87.5,681,12.61111111111111,0,0,0,0,6,0,0,0,0,0,5.6405,3.8948,4885,1122994,182,37,88,0.43106457242582896,4,0.664743,0.10017800000000002,133,3.2720000000000002,17.451999999999998,23.407,0,0.0,0.0,0,3,0,0,0,0,
K8_R0.90_T1_H1_A0.65M15_S8016_CENTRAL_FB_inprocess,8016,8,0.9,1,1,SWEEP,0.65,15.0,,CENTRAL_FB,inprocess,8cd54895b891449f38271e75d68981b0041c5398b6771c36bd6dbe769b5e1c6d,4821aa12d13e19515051f8b8bf8fe962a922ccb9776407d670d8545eda7cbabf,0.819,0,62,53,1,54,8,87.09677419354838,87.0,80.0,80.0,89.36170212765957,87.5,643,11.907407407407407,0,0,0,0,7,0,0,0,0,0,5.6341,3.8948,4920,1140648,186,41,88,0.49553956834532376,3,0.645997,0.094667,137,2.513,19.411,25.628999999999998,45,0.205,0.523,0,1,0,0,0,0,
K8_R0.90_T1_H1_A0.65M15_S8016_HYBRID_inprocess,8016,8,0.9,1,1,SWEEP,0.65,15.0,,HYBRID,inprocess,8cd54895b891449f38271e75d68981b0041c5398b6771c36bd6dbe769b5e1c6d,2d53b2ab721d1dd90a1ade2f735b0dd42708c6dd0a1ab1f82c751fa3732602c5,0.686,0,62,53,1,54,8,87.09677419354838,87.0,80.0,80.0,89.36170212765957,87.5,643,11.907407407407407,0,0,0,0,7,0,0,0,0,0,5.6341,3.8948,4920,1140648,186,41,88,0.49553956834532376,3,0.517372,0.09743699999999998,137,2.507,13.431999999999999,21.160999999999998,45,0.101,0.437,0,1,0,0,0,0,
K8_R0.90_T1_H1_A0.65M15_S8016_EDGE_MARKET_inprocess,8016,8,0.9,1,1,SWEEP,0.65,15.0,,EDGE_MARKET,inprocess,8cd54895b891449f38271e75d68981b0041c5398b6771c36bd6dbe769b5e1c6d,3c2d297dafd00f4ce2978b4e66125f0154d97840bd6bdeb251155660ad7dd090,0.232,0,62,54,1,55,7,88.70967741935483,92.0,100.0,100.0,85.1063829787234,90.625,661,12.018181818181818,0,0,0,0,7,0,0,0,0,0,5.6411,3.8948,4214,1117785,148,27,65,0.23763091368725173,1,0.023261,0.14333100000000001,64,0.043000000000000003,0.129,0.21000000000000002,412,0.5339999999999999,3.79,0,15,0,0,0,0,
K8_R0.90_T1_H1_A0.65M15_S8016_HYBRID_EAGER_inprocess,8016,8,0.9,1,1,SWEEP,0.65,15.0,,HYBRID_EAGER,inprocess,8cd54895b891449f38271e75d68981b0041c5398b6771c36bd6dbe769b5e1c6d,92d14daffc8900e2d76be10f5b201f4fdae779ddafaf72896fa2d04beca2847f,0.776,0,62,54,1,55,7,88.70967741935483,88.0,86.66666666666667,60.0,89.36170212765957,90.625,652,11.854545454545455,0,0,0,0,8,0,0,0,0,0,5.6439,3.8948,4921,1124345,183,35,88,0.4935139809743442,3,0.588232,0.10780899999999999,138,2.897,13.282,18.745,72,0.14100000000000001,0.49200000000000005,0,0,0,0,0,0,
K8_R0.90_T1_H1_A0.65M30_S8016_CENTRAL_inprocess,8016,8,0.9,1,1,SWEEP,0.65,30.0,,CENTRAL,inprocess,e904170926a0faf7bb701aa12ebb2e7c0b55cc423e81eeceb2059a0bdcbf3655,2b8b0cddc6b92bc74b32f1041c599a7730cfadce68756be46dce6a0aff81088c,0.541,0,62,53,1,54,8,87.09677419354838,89.0,93.33333333333333,100.0,85.1063829787234,93.75,667,12.351851851851851,0,0,0,0,5,0,0,0,0,0,5.6762,3.8948,4657,1101875,152,27,114,0.5743721828718609,5,0.367507,0.086747,109,3.002,7.787,23.056,0,0.0,0.0,0,1,0,0,0,0,
K8_R0.90_T1_H1_A0.65M30_S8016_CENTRAL_FB_inprocess,8016,8,0.9,1,1,SWEEP,0.65,30.0,,CENTRAL_FB,inprocess,e904170926a0faf7bb701aa12ebb2e7c0b55cc423e81eeceb2059a0bdcbf3655,d78dbd2e4e1a48865005d5d9dac2ba7aad43add80a849697c801b30683202caf,0.581,0,62,52,0,52,10,83.87096774193549,85.0,80.0,100.0,85.1063829787234,90.625,636,12.23076923076923,0,0,0,0,6,0,0,0,0,0,5.6762,3.8948,4764,1112773,174,34,91,0.5467827168169102,4,0.399502,0.099759,114,3.3240000000000003,6.986,19.417,48,0.115,0.44499999999999995,0,1,0,0,0,0,
K8_R0.90_T1_H1_A0.65M30_S8016_HYBRID_inprocess,8016,8,0.9,1,1,SWEEP,0.65,30.0,,HYBRID,inprocess,e904170926a0faf7bb701aa12ebb2e7c0b55cc423e81eeceb2059a0bdcbf3655,15437393304e7204a3737152449ee6575076e7c294e5d4f6877bb8ee2161318e,0.546,0,62,52,0,52,10,83.87096774193549,85.0,80.0,100.0,85.1063829787234,90.625,636,12.23076923076923,0,0,0,0,6,0,0,0,0,0,5.6762,3.8948,4764,1112773,174,34,91,0.5467827168169102,4,0.367936,0.100491,114,2.944,6.227,15.557,48,0.08399999999999999,0.321,0,1,0,0,0,0,
K8_R0.90_T1_H1_A0.65M30_S8016_HYBRID_EAGER_inprocess,8016,8,0.9,1,1,SWEEP,0.65,30.0,,HYBRID_EAGER,inprocess,e904170926a0faf7bb701aa12ebb2e7c0b55cc423e81eeceb2059a0bdcbf3655,d85dd7ec127a01d4c17522422488fc867bed2cf250c0fd8e040a73be584c34f1,0.609,0,62,51,1,52,10,83.87096774193549,84.0,80.0,80.0,85.1063829787234,90.625,676,13.0,0,0,0,0,5,0,0,0,0,0,5.6665,3.8948,4778,1132487,175,22,91,0.5062111801242236,4,0.40724,0.11375299999999999,120,3.029,6.543,18.483,63,0.102,0.47800000000000004,0,0,0,0,0,0,
K8_R0.90_T1_H1_A0.65M30_S8016_EDGE_MARKET_inprocess,8016,8,0.9,1,1,SWEEP,0.65,30.0,,EDGE_MARKET,inprocess,e904170926a0faf7bb701aa12ebb2e7c0b55cc423e81eeceb2059a0bdcbf3655,fe945bdd892c9c10bb93b546a8ccb20fbdc5d4c4a74b3be4a59f6c9453a5bb55,0.236,0,62,51,1,52,10,83.87096774193549,86.0,86.66666666666667,100.0,82.97872340425532,90.625,636,12.23076923076923,0,0,0,0,5,0,0,0,0,0,5.652,3.8948,4129,1125775,125,21,91,0.5915985997666278,4,0.022688,0.14369900000000002,82,0.037,0.076,0.116,365,0.499,4.202,0,9,0,0,0,0,
K8_R0.90_T1_H1_A0.55M5_S8016_CENTRAL_FB_inprocess,8016,8,0.9,1,1,SWEEP,0.55,5.0,,CENTRAL_FB,inprocess,fa7f2d83197829bdf6b5c9690a1653b1ba1db04b2e603c53299945db3907634c,4b9f55daff9ab644ccb841e3d30752709ef353bdc4d6a587fd70b655d97e6ba9,1.243,0,62,53,1,54,8,87.09677419354838,87.0,86.66666666666667,60.0,87.23404255319149,93.75,671,12.425925925925926,0,0,0,0,7,0,0,0,0,0,5.6619,3.8864,5889,1228209,189,34,23,0.5706024096385542,5,1.044808,0.105387,245,3.175,14.052999999999999,24.688000000000002,39,0.094,0.451,0,0,0,0,0,0,
K8_R0.90_T1_H1_A0.55M5_S8016_CENTRAL_inprocess,8016,8,0.9,1,1,SWEEP,0.55,5.0,,CENTRAL,inprocess,fa7f2d83197829bdf6b5c9690a1653b1ba1db04b2e603c53299945db3907634c,d7cda7ede2a1282ae66f4cd8d5bf939638287b7b52a0033cd196a470ea5cad7e,1.328,0,62,53,1,54,8,87.09677419354838,86.0,80.0,60.0,89.36170212765957,90.625,644,11.925925925925926,0,0,0,0,6,0,0,0,0,0,5.6413,3.8864,5874,1226467,202,34,23,0.5690741638390693,3,1.119815,0.11365199999999999,245,3.675,14.312,31.95,0,0.0,0.0,0,1,0,0,0,0,
K8_R0.90_T1_H1_A0.55M5_S8016_HYBRID_inprocess,8016,8,0.9,1,1,SWEEP,0.55,5.0,,HYBRID,inprocess,fa7f2d83197829bdf6b5c9690a1653b1ba1db04b2e603c53299945db3907634c,8a56047422c84c56665df203c2c651a2c41d2b8e178311dd048edf56746e8451,1.086,0,62,53,1,54,8,87.09677419354838,87.0,86.66666666666667,60.0,87.23404255319149,93.75,671,12.425925925925926,0,0,0,0,7,0,0,0,0,0,5.6619,3.8864,5889,1228209,189,34,23,0.5706024096385542,5,0.902431,0.095038,245,2.937,11.003,23.839,39,0.088,0.352,0,0,0,0,0,0,
K8_R0.90_T1_H1_A0.55M5_S8016_HYBRID_EAGER_inprocess,8016,8,0.9,1,1,SWEEP,0.55,5.0,,HYBRID_EAGER,inprocess,fa7f2d83197829bdf6b5c9690a1653b1ba1db04b2e603c53299945db3907634c,d43fdf84093bfd30873a8367b870f4d53dda3e7fda899ae96eab74a94f5dd495,1.249,0,62,55,1,56,6,90.3225806451613,91.0,86.66666666666667,100.0,91.48936170212765,93.75,640,11.428571428571429,0,0,0,0,5,0,0,0,0,0,6.6597,3.8864,5890,1208164,183,43,23,0.5914443643354963,6,1.042038,0.123662,242,2.836,13.75,24.93,110,0.09899999999999999,0.518,0,0,0,0,0,0,
K8_R0.90_T1_H1_A0.55M5_S8016_EDGE_MARKET_inprocess,8016,8,0.9,1,1,SWEEP,0.55,5.0,,EDGE_MARKET,inprocess,fa7f2d83197829bdf6b5c9690a1653b1ba1db04b2e603c53299945db3907634c,1f08b9960a2a63ab8d2c35722a477694e8ef71a19e65a188b5e2b871ce4c2320,0.175,0,62,53,1,54,8,87.09677419354838,91.0,100.0,100.0,82.97872340425532,96.875,697,12.907407407407407,0,0,0,0,8,0,0,0,0,0,5.6619,3.8864,4160,1129417,101,26,23,0.23495465787304204,2,0.016442,0.107494,70,0.034,0.066,0.104,372,0.375,2.163,0,6,0,0,0,0,
K8_R0.90_T1_H1_A0.55M15_S8016_CENTRAL_FB_inprocess,8016,8,0.9,1,1,SWEEP,0.55,15.0,,CENTRAL_FB,inprocess,bdc60165f0845c7f7de58ef14387699d7515d89194e405ffe4dd57d274eb758e,a61e075e96289ef3c2be9788270c40430b1903885da28c03b2b95ade4432346b,0.794,0,62,54,1,55,7,88.70967741935483,90.0,86.66666666666667,100.0,89.36170212765957,90.625,677,12.309090909090909,0,0,0,0,6,0,0,0,0,0,5.6378,3.8948,4907,1143708,172,28,88,0.6187599364069952,4,0.609842,0.094226,146,2.605,15.461,28.573999999999998,56,0.052,0.438,0,1,0,0,0,0,
K8_R0.90_T1_H1_A0.55M15_S8016_CENTRAL_inprocess,8016,8,0.9,1,1,SWEEP,0.55,15.0,,CENTRAL,inprocess,bdc60165f0845c7f7de58ef14387699d7515d89194e405ffe4dd57d274eb758e,851bc7365a14fe4bb92cfeaf1a7c0837d11b781168545a6a8b322cb058846aab,0.846,0,62,52,1,53,9,85.48387096774194,89.0,93.33333333333333,100.0,82.97872340425532,87.5,661,12.471698113207546,0,0,0,0,5,0,0,0,0,0,5.6378,3.8948,4892,1140261,187,29,88,0.6107016981736623,4,0.654865,0.10762699999999999,144,3.443,14.206,27.313,0,0.0,0.0,0,1,0,0,0,0,
K8_R0.90_T1_H1_A0.55M15_S8016_HYBRID_EAGER_inprocess,8016,8,0.9,1,1,SWEEP,0.55,15.0,,HYBRID_EAGER,inprocess,bdc60165f0845c7f7de58ef14387699d7515d89194e405ffe4dd57d274eb758e,881b7ed7a5bcbc564ef206c893af398d494bcc6a2ac8fb97e0e00d1b69a763c1,0.683,0,62,54,1,55,7,88.70967741935483,91.0,93.33333333333333,100.0,87.23404255319149,90.625,698,12.690909090909091,0,0,0,0,7,0,0,0,0,0,5.6499,3.8948,4925,1163734,180,27,88,0.5950648528946536,4,0.528157,0.091421,147,2.513,11.357000000000001,22.017,87,0.1,0.439,0,0,0,0,0,0,
K8_R0.90_T1_H1_A0.55M15_S8016_HYBRID_inprocess,8016,8,0.9,1,1,SWEEP,0.55,15.0,,HYBRID,inprocess,bdc60165f0845c7f7de58ef14387699d7515d89194e405ffe4dd57d274eb758e,48b45469f16f4ce6292360c8aa9dddfa3206ec9a5ece76a96aaa39b8209a2278,0.818,0,62,54,1,55,7,88.70967741935483,90.0,86.66666666666667,100.0,89.36170212765957,90.625,677,12.309090909090909,0,0,0,0,6,0,0,0,0,0,5.6378,3.8948,4907,1143708,172,28,88,0.6187599364069952,4,0.631324,0.106443,146,2.8939999999999997,14.507000000000001,31.077,56,0.056,0.47300000000000003,0,1,0,0,0,0,
K8_R0.90_T1_H1_A0.55M15_S8016_EDGE_MARKET_inprocess,8016,8,0.9,1,1,SWEEP,0.55,15.0,,EDGE_MARKET,inprocess,bdc60165f0845c7f7de58ef14387699d7515d89194e405ffe4dd57d274eb758e,eb931bb3721c2b26908de892bcc000442b0d2a20e40e8ad4519747b5e0d023d4,0.178,0,62,52,1,53,9,85.48387096774194,86.0,80.0,80.0,87.23404255319149,84.375,686,12.943396226415095,0,0,0,0,6,0,0,0,0,0,5.652,3.8948,4156,1103429,128,31,65,0.4531380753138075,5,0.016833,0.11223799999999999,76,0.031,0.060000000000000005,0.089,369,0.399,2.352,0,12,0,0,0,0,
K8_R0.90_T1_H1_A0.55M30_S8016_CENTRAL_inprocess,8016,8,0.9,1,1,SWEEP,0.55,30.0,,CENTRAL,inprocess,ddbdc970f1167b7500c537fe80a4dea069f4d90f62e910843747990b270a171a,b5ba805a859b32303196d4d73db13acbdb14ce8566ee5c7efc9c7b4695d008d4,0.501,0,62,53,1,54,8,87.09677419354838,89.0,93.33333333333333,100.0,85.1063829787234,90.625,622,11.518518518518519,0,0,0,0,5,0,0,0,0,0,5.6309,3.8948,4538,1085747,136,30,79,0.7952522255192879,3,0.32837,0.09552499999999998,104,2.499,9.293,15.966000000000001,0,0.0,0.0,0,1,0,0,0,0,
K8_R0.90_T1_H1_A0.55M30_S8016_CENTRAL_FB_inprocess,8016,8,0.9,1,1,SWEEP,0.55,30.0,,CENTRAL_FB,inprocess,ddbdc970f1167b7500c537fe80a4dea069f4d90f62e910843747990b270a171a,cbd4aacfa5ceaa64540cadcedb4fe51d1a20dcde7a21f6c32a4f8d1f2e133451,0.528,0,62,53,1,54,8,87.09677419354838,89.0,93.33333333333333,100.0,85.1063829787234,87.5,635,11.75925925925926,0,0,0,0,6,0,0,0,0,0,5.631,3.8948,4640,1121311,139,30,79,0.7611350574712644,4,0.361458,0.10097300000000001,109,2.899,7.953999999999999,12.035,66,0.14400000000000002,0.45199999999999996,0,0,0,0,0,0,
K8_R0.90_T1_H1_A0.55M30_S8016_HYBRID_inprocess,8016,8,0.9,1,1,SWEEP,0.55,30.0,,HYBRID,inprocess,ddbdc970f1167b7500c537fe80a4dea069f4d90f62e910843747990b270a171a,8fa83d5448c5197491185f20fddadb2e3928741a9ffe0459371cfa3082c1fc3e,0.458,0,62,53,1,54,8,87.09677419354838,89.0,93.33333333333333,100.0,85.1063829787234,87.5,635,11.75925925925926,0,0,0,0,6,0,0,0,0,0,5.631,3.8948,4640,1121311,139,30,79,0.7611350574712644,4,0.303976,0.087402,109,2.1350000000000002,7.159000000000001,20.832,66,0.089,0.39399999999999996,0,0,0,0,0,0,
K8_R0.90_T1_H1_A0.55M30_S8016_HYBRID_EAGER_inprocess,8016,8,0.9,1,1,SWEEP,0.55,30.0,,HYBRID_EAGER,inprocess,ddbdc970f1167b7500c537fe80a4dea069f4d90f62e910843747990b270a171a,073b6cd95d18910834df9c1f97165564ec33fc58dbfd804320d7c12a93b6a92c,0.507,0,62,54,1,55,7,88.70967741935483,90.0,93.33333333333333,100.0,87.23404255319149,93.75,634,11.527272727272727,0,0,0,0,6,0,0,0,0,0,6.0424,3.8948,4584,1134014,130,24,79,0.7111436950146628,3,0.328561,0.10949199999999999,106,2.675,6.999,12.186,81,0.358,2.2659999999999996,0,0,0,0,0,0,
K8_R0.90_T1_H1_A0.55M30_S8016_EDGE_MARKET_inprocess,8016,8,0.9,1,1,SWEEP,0.55,30.0,,EDGE_MARKET,inprocess,ddbdc970f1167b7500c537fe80a4dea069f4d90f62e910843747990b270a171a,d1dccbd64040f86cbcd8aebe85a04e55fa308a801acf773ae47e4a0ec0d092df,0.175,0,62,53,1,54,8,87.09677419354838,89.0,93.33333333333333,100.0,85.1063829787234,90.625,674,12.481481481481481,0,0,0,0,5,0,0,0,0,0,7.6504,3.8948,4129,1101330,117,18,77,0.741409691629956,3,0.016448,0.109639,72,0.026,0.088,0.106,360,0.376,2.6809999999999996,0,13,0,0,0,0,
K8_R0.90_T1_H1_A0.95M5_S8017_CENTRAL_inprocess,8017,8,0.9,1,1,SWEEP,0.95,5.0,,CENTRAL,inprocess,36f8e94d53f2b1a7c2c68ec9ef083956216208ab1d04953ed463c6e9654c10a1,d641fdce671486e0c9e65a8b2eb0bda3a57e80e0a2463078e5bfe4a7f9f24b48,1.503,0,62,51,1,52,10,83.87096774193549,85.4368932038835,85.71428571428571,88.88888888888889,82.92682926829268,81.08108108108108,748,14.384615384615385,0,0,0,0,6,0,0,0,0,0,5.7067,3.9122,5794,1274851,282,55,10,0.05835010060362173,1,1.252776,0.113902,139,7.412,23.395,59.63,0,0.0,0.0,0,0,0,0,0,0,
K8_R0.90_T1_H1_A0.95M5_S8017_CENTRAL_FB_inprocess,8017,8,0.9,1,1,SWEEP,0.95,5.0,,CENTRAL_FB,inprocess,36f8e94d53f2b1a7c2c68ec9ef083956216208ab1d04953ed463c6e9654c10a1,1d5f33a257cb168482d5471fc045e2b97f546e0c2e5b0c7dca4737041bc5f998,1.531,0,62,51,1,52,10,83.87096774193549,85.4368932038835,85.71428571428571,88.88888888888889,82.92682926829268,81.08108108108108,748,14.384615384615385,0,0,0,0,6,0,0,0,0,0,5.7067,3.9122,5794,1274851,282,55,10,0.05835010060362173,1,1.293792,0.118296,139,8.002,26.465,33.076,6,0.014,0.014,0,0,0,0,0,0,
K8_R0.90_T1_H1_A0.95M5_S8017_HYBRID_inprocess,8017,8,0.9,1,1,SWEEP,0.95,5.0,,HYBRID,inprocess,36f8e94d53f2b1a7c2c68ec9ef083956216208ab1d04953ed463c6e9654c10a1,4ad476b423c022e26fe144359abfd34d2554267eee92a39c031aa27417d0b188,1.44,0,62,51,1,52,10,83.87096774193549,85.4368932038835,85.71428571428571,88.88888888888889,82.92682926829268,81.08108108108108,748,14.384615384615385,0,0,0,0,6,0,0,0,0,0,5.7067,3.9122,5794,1274851,282,55,10,0.05835010060362173,1,1.209388,0.112722,139,7.063,23.626,28.585,6,0.014,0.014,0,0,0,0,0,0,
K8_R0.90_T1_H1_A0.95M5_S8017_HYBRID_EAGER_inprocess,8017,8,0.9,1,1,SWEEP,0.95,5.0,,HYBRID_EAGER,inprocess,36f8e94d53f2b1a7c2c68ec9ef083956216208ab1d04953ed463c6e9654c10a1,4d27b343dd15dca8ea059a3a21bef49aba94f3cca20bc7cefc1cdc112b051a8d,1.45,0,62,51,1,52,10,83.87096774193549,85.4368932038835,85.71428571428571,88.88888888888889,82.92682926829268,81.08108108108108,748,14.384615384615385,0,0,0,0,6,0,0,0,0,0,5.7067,3.9122,5794,1274794,282,55,10,0.05835010060362173,1,1.228795,0.108042,139,7.0920000000000005,24.834,40.812,22,0.026,0.027,0,0,0,0,0,0,
K8_R0.90_T1_H1_A0.95M5_S8017_EDGE_MARKET_inprocess,8017,8,0.9,1,1,SWEEP,0.95,5.0,,EDGE_MARKET,inprocess,36f8e94d53f2b1a7c2c68ec9ef083956216208ab1d04953ed463c6e9654c10a1,da766d6af1f2e7b1e5797c54b2bfec5f8b5e893831858c38719b03669f62befc,0.331,0,62,49,1,50,12,80.64516129032258,81.55339805825243,76.19047619047619,77.77777777777777,82.92682926829268,78.37837837837837,843,16.86,0,0,0,0,5,0,0,0,0,0,5.647,3.9122,4578,1267219,253,49,10,0.04950023798191337,0,0.036675,0.210084,96,0.06999999999999999,0.156,0.272,709,0.49299999999999994,4.351,0,23,0,0,0,0,
K8_R0.90_T1_H1_A0.95M15_S8017_CENTRAL_inprocess,8017,8,0.9,1,1,SWEEP,0.95,15.0,,CENTRAL,inprocess,41d7d41621d75ee65a90dac8db72d38a9ddbc3bcf55e3e757769dc42a117f2af,7fbb4e6ea29c337d16f053747b9c64be28cd5553cb15c45465bfb28552cb5d31,1.077,0,62,50,1,51,11,82.25806451612904,83.49514563106796,85.71428571428571,88.88888888888889,80.48780487804878,81.08108108108108,792,15.529411764705882,0,0,0,0,7,0,0,0,0,0,5.6665,3.9122,5782,1279794,282,60,39,0.048807542983915694,0,0.922972,0.087951,124,5.9959999999999996,20.701,28.719,0,0.0,0.0,0,0,0,0,0,0,
K8_R0.90_T1_H1_A0.95M15_S8017_CENTRAL_FB_inprocess,8017,8,0.9,1,1,SWEEP,0.95,15.0,,CENTRAL_FB,inprocess,41d7d41621d75ee65a90dac8db72d38a9ddbc3bcf55e3e757769dc42a117f2af,05ea8a2560f48db21b1070294705cb569ab71aa22f928c03045367a8dacc04ac,1.338,0,62,50,1,51,11,82.25806451612904,83.49514563106796,85.71428571428571,88.88888888888889,80.48780487804878,81.08108108108108,792,15.529411764705882,0,0,0,0,7,0,0,0,0,0,5.6665,3.9122,5782,1279794,282,60,39,0.048807542983915694,0,1.136885,0.10637500000000001,124,7.47,26.517,29.226,9,0.031,0.031,0,0,0,0,0,0,
K8_R0.90_T1_H1_A0.95M15_S8017_HYBRID_inprocess,8017,8,0.9,1,1,SWEEP,0.95,15.0,,HYBRID,inprocess,41d7d41621d75ee65a90dac8db72d38a9ddbc3bcf55e3e757769dc42a117f2af,ab1f961d8a0811009650e50342a3db2cdbb4699dfb61af331c6145a2fb48a9ca,1.183,0,62,50,1,51,11,82.25806451612904,83.49514563106796,85.71428571428571,88.88888888888889,80.48780487804878,81.08108108108108,792,15.529411764705882,0,0,0,0,7,0,0,0,0,0,5.6665,3.9122,5782,1279794,282,60,39,0.048807542983915694,0,0.987548,0.10504100000000001,124,6.431,20.532999999999998,30.589000000000002,9,0.057,0.057,0,0,0,0,0,0,
K8_R0.90_T1_H1_A0.95M15_S8017_EDGE_MARKET_inprocess,8017,8,0.9,1,1,SWEEP,0.95,15.0,,EDGE_MARKET,inprocess,41d7d41621d75ee65a90dac8db72d38a9ddbc3bcf55e3e757769dc42a117f2af,348055509319ac91fd76eb815182e1817187dbcf3f9196940069187c0a24d8a6,0.359,0,62,48,0,48,14,77.41935483870968,80.58252427184466,76.19047619047619,88.88888888888889,78.04878048780488,78.37837837837837,834,17.375,0,0,0,0,5,1,1,0,8,4,8.4091,3.9122,4775,1304852,230,32,26,0.047857793983591614,1,0.03923,0.238223,121,0.066,0.176,0.39599999999999996,897,0.605,4.8069999999999995,0,30,0,0,0,0,
K8_R0.90_T1_H1_A0.95M15_S8017_HYBRID_EAGER_inprocess,8017,8,0.9,1,1,SWEEP,0.95,15.0,,HYBRID_EAGER,inprocess,41d7d41621d75ee65a90dac8db72d38a9ddbc3bcf55e3e757769dc42a117f2af,0555114a3ebb34160fabc09806232faad5fd5d3d5b23eeead1050b28519e7e09,1.403,0,62,50,1,51,11,82.25806451612904,83.49514563106796,85.71428571428571,88.88888888888889,80.48780487804878,81.08108108108108,792,15.529411764705882,0,0,0,0,7,0,0,0,0,0,5.6665,3.9122,5782,1279794,282,60,39,0.048807542983915694,0,1.184534,0.121134,124,8.272,21.683999999999997,28.968,16,0.045000000000000005,0.087,0,0,0,0,0,0,
K8_R0.90_T1_H1_A0.95M30_S8017_CENTRAL_inprocess,8017,8,0.9,1,1,SWEEP,0.95,30.0,,CENTRAL,inprocess,125158c571414bab1e3d2fb1e4b7f89e0a90bc26e45029b896f1fa3f18052555,feb84d9621322d9ddc34d5168fdd7459990cbe382eb147f2e961c750ebe01fcc,1.09,0,62,50,1,51,11,82.25806451612904,84.46601941747574,85.71428571428571,88.88888888888889,80.48780487804878,83.78378378378379,813,15.941176470588236,0,0,0,0,7,0,0,0,0,0,5.6629,3.9122,5486,1234168,257,53,143,0.11832758270752994,0,0.92121,0.09054700000000002,122,5.292,23.587,42.105999999999995,0,0.0,0.0,0,0,0,0,0,0,
K8_R0.90_T1_H1_A0.95M30_S8017_CENTRAL_FB_inprocess,8017,8,0.9,1,1,SWEEP,0.95,30.0,,CENTRAL_FB,inprocess,125158c571414bab1e3d2fb1e4b7f89e0a90bc26e45029b896f1fa3f18052555,ec11db7ec820ac9917f5b0f7c6365fd54ed9be48ff4176b7f1800596a04a70e2,1.165,0,62,50,1,51,11,82.25806451612904,85.4368932038835,85.71428571428571,88.88888888888889,80.48780487804878,83.78378378378379,832,16.313725490196077,0,0,0,0,7,0,0,0,0,0,5.6629,3.9122,5486,1234290,257,52,134,0.08969155844155845,0,0.973096,0.096181,122,5.385,25.636,35.131,14,0.029,0.032,0,0,0,0,0,0,
K8_R0.90_T1_H1_A0.95M30_S8017_HYBRID_inprocess,8017,8,0.9,1,1,SWEEP,0.95,30.0,,HYBRID,inprocess,125158c571414bab1e3d2fb1e4b7f89e0a90bc26e45029b896f1fa3f18052555,cde853da1598249f87ef17b9682a630e9e55b5c6cd67fe6f70008d436d865b97,1.257,0,62,50,1,51,11,82.25806451612904,85.4368932038835,85.71428571428571,88.88888888888889,80.48780487804878,83.78378378378379,832,16.313725490196077,0,0,0,0,7,0,0,0,0,0,5.6629,3.9122,5486,1234290,257,52,134,0.08969155844155845,0,1.048667,0.11221,122,6.772,22.501,29.741,14,0.048,0.058,0,0,0,0,0,0,
K8_R0.90_T1_H1_A0.95M30_S8017_HYBRID_EAGER_inprocess,8017,8,0.9,1,1,SWEEP,0.95,30.0,,HYBRID_EAGER,inprocess,125158c571414bab1e3d2fb1e4b7f89e0a90bc26e45029b896f1fa3f18052555,1d7f2b075c9a6a6548d8b79b8e186778ffc9af81b107d7de4b3694821789cd05,1.136,0,62,51,1,52,10,83.87096774193549,86.40776699029126,90.47619047619048,88.88888888888889,80.48780487804878,83.78378378378379,857,16.48076923076923,0,0,0,0,6,0,0,0,0,0,5.6492,3.9122,5434,1230085,254,57,79,0.0637034002458009,0,0.94334,0.103798,119,5.4079999999999995,26.414,32.830999999999996,21,0.037,0.052,0,0,0,0,0,0,
K8_R0.90_T1_H1_A0.95M30_S8017_EDGE_MARKET_inprocess,8017,8,0.9,1,1,SWEEP,0.95,30.0,,EDGE_MARKET,inprocess,125158c571414bab1e3d2fb1e4b7f89e0a90bc26e45029b896f1fa3f18052555,df6744d3c4d478357eaad7b78164f6cd2c479bac87978c36253f7f15777616b3,0.367,0,62,48,1,49,13,79.03225806451613,83.49514563106796,85.71428571428571,88.88888888888889,75.60975609756098,75.67567567567568,840,17.142857142857142,0,0,0,0,5,1,1,0,8,4,8.4091,3.9122,4769,1299072,240,39,138,0.08412774070543375,0,0.040663,0.241584,122,0.067,0.203,0.8400000000000001,883,0.536,3.764,0,35,0,0,0,0,
K8_R0.90_T1_H1_A0.85M5_S8017_CENTRAL_FB_inprocess,8017,8,0.9,1,1,SWEEP,0.85,5.0,,CENTRAL_FB,inprocess,7339d9af98ea555ca70649c4edc2b84d3b62f44eca8fdcb6d36683d5de97b80e,034821ec811dfc8625222bbb9c660192e1d4578dc588b1e5393320f62b72241a,1.269,0,62,54,1,55,7,88.70967741935483,90.29126213592232,90.47619047619048,100.0,87.8048780487805,89.1891891891892,736,13.381818181818181,0,0,0,0,6,0,0,0,0,0,5.7103,3.9122,5773,1254215,272,51,20,0.1445358401880141,0,1.081013,0.10416999999999998,159,4.739,17.835,28.397,11,0.018000000000000002,0.018000000000000002,0,0,0,0,0,0,
K8_R0.90_T1_H1_A0.85M5_S8017_CENTRAL_inprocess,8017,8,0.9,1,1,SWEEP,0.85,5.0,,CENTRAL,inprocess,7339d9af98ea555ca70649c4edc2b84d3b62f44eca8fdcb6d36683d5de97b80e,09dbb8eab0a91b9df52c0de8b52138f1d968fd5ea20c58ab1b81d26230a35394,1.461,0,62,54,1,55,7,88.70967741935483,90.29126213592232,90.47619047619048,100.0,87.8048780487805,89.1891891891892,736,13.381818181818181,0,0,0,0,6,0,0,0,0,0,5.7103,3.9122,5773,1254215,272,51,20,0.1445358401880141,0,1.231465,0.113289,159,5.457,22.848,34.428,0,0.0,0.0,0,0,0,0,0,0,
K8_R0.90_T1_H1_A0.85M5_S8017_HYBRID_inprocess,8017,8,0.9,1,1,SWEEP,0.85,5.0,,HYBRID,inprocess,7339d9af98ea555ca70649c4edc2b84d3b62f44eca8fdcb6d36683d5de97b80e,1eb8703287e89a55da98cfa1d42188f02ecf2b373cafd422d04b82ef73c69422,1.393,0,62,54,1,55,7,88.70967741935483,90.29126213592232,90.47619047619048,100.0,87.8048780487805,89.1891891891892,736,13.381818181818181,0,0,0,0,6,0,0,0,0,0,5.7103,3.9122,5773,1254215,272,51,20,0.1445358401880141,0,1.180577,0.113444,159,5.792000000000001,21.491,34.13999999999999,11,0.018000000000000002,0.018000000000000002,0,0,0,0,0,0,
K8_R0.90_T1_H1_A0.85M5_S8017_HYBRID_EAGER_inprocess,8017,8,0.9,1,1,SWEEP,0.85,5.0,,HYBRID_EAGER,inprocess,7339d9af98ea555ca70649c4edc2b84d3b62f44eca8fdcb6d36683d5de97b80e,41ea5472279603b83150691ff1c191c9fbec00ae45f20f427513d2cc5da10967,1.266,0,62,54,1,55,7,88.70967741935483,92.23300970873787,100.0,100.0,82.92682926829268,89.1891891891892,791,14.381818181818181,0,0,0,0,6,0,0,0,0,0,5.6667,3.9122,5664,1249863,260,53,20,0.16323676323676323,0,1.067242,0.108731,153,4.523,22.654,32.709,49,0.047,2.3609999999999998,0,0,0,0,0,0,
K8_R0.90_T1_H1_A0.85M5_S8017_EDGE_MARKET_inprocess,8017,8,0.9,1,1,SWEEP,0.85,5.0,,EDGE_MARKET,inprocess,7339d9af98ea555ca70649c4edc2b84d3b62f44eca8fdcb6d36683d5de97b80e,ccaa9253a035a2e7012b777065d38e871ca78924f2a617ce72ef26a9fa5b7c2e,0.307,0,62,49,1,50,12,80.64516129032258,83.49514563106796,76.19047619047619,100.0,82.92682926829268,81.08108108108108,813,16.26,0,0,0,0,5,0,0,0,0,0,5.6801,3.9122,4593,1284342,210,34,20,0.0974738453687165,2,0.034525,0.200807,97,0.06999999999999999,0.199,0.40499999999999997,745,0.533,3.025,0,24,0,0,0,0,
K8_R0.90_T1_H1_A0.85M15_S8017_CENTRAL_inprocess,8017,8,0.9,1,1,SWEEP,0.85,15.0,,CENTRAL,inprocess,78cadc4c51a181680dcf8c3541b0d41bfbfd3ae81c03a976e77bcc32ccb9e22c,509da2465c3c5470d538a932d07bf319c88b76ae4e096b975881eaa71531b7b5,1.414,0,62,52,1,53,9,85.48387096774194,89.32038834951456,95.23809523809524,100.0,80.48780487804878,86.48648648648648,754,14.226415094339623,0,0,0,0,7,0,0,0,0,0,5.661,3.9122,5832,1278741,315,48,38,0.1306807099668422,1,1.20236,0.104932,145,7.0280000000000005,22.297,31.626,0,0.0,0.0,0,0,0,0,0,0,
K8_R0.90_T1_H1_A0.85M15_S8017_CENTRAL_FB_inprocess,8017,8,0.9,1,1,SWEEP,0.85,15.0,,CENTRAL_FB,inprocess,78cadc4c51a181680dcf8c3541b0d41bfbfd3ae81c03a976e77bcc32ccb9e22c,d4541da3bfb8abaac528c0c7b898eb6dd4543f8e737a810e6b383d953f262d25,1.419,0,62,52,1,53,9,85.48387096774194,89.32038834951456,95.23809523809524,100.0,80.48780487804878,86.48648648648648,754,14.226415094339623,0,0,0,0,7,0,0,0,0,0,5.661,3.9122,5832,1278741,315,48,38,0.1306807099668422,1,1.194702,0.10384199999999999,145,6.6,21.349,39.392,20,0.024,0.027,0,0,0,0,0,0,
K8_R0.90_T1_H1_A0.85M15_S8017_HYBRID_inprocess,8017,8,0.9,1,1,SWEEP,0.85,15.0,,HYBRID,inprocess,78cadc4c51a181680dcf8c3541b0d41bfbfd3ae81c03a976e77bcc32ccb9e22c,5c667de60831b7229a4a367d2ba10c373aea0e9e21516cc7aa91c9c310dc258d,1.405,0,62,52,1,53,9,85.48387096774194,89.32038834951456,95.23809523809524,100.0,80.48780487804878,86.48648648648648,754,14.226415094339623,0,0,0,0,7,0,0,0,0,0,5.661,3.9122,5832,1278741,315,48,38,0.1306807099668422,1,1.196567,0.10573199999999999,145,5.96,21.954,32.099999999999994,20,0.027,0.029,0,0,0,0,0,0,
K8_R0.90_T1_H1_A0.85M15_S8017_EDGE_MARKET_inprocess,8017,8,0.9,1,1,SWEEP,0.85,15.0,,EDGE_MARKET,inprocess,78cadc4c51a181680dcf8c3541b0d41bfbfd3ae81c03a976e77bcc32ccb9e22c,9302de6b861f0d84de582e7e17516fc91a1250afabda7d442e574c95a7c4cd0d,0.254,0,62,49,0,49,13,79.03225806451613,79.6116504854369,71.42857142857143,77.77777777777777,82.92682926829268,78.37837837837837,875,17.857142857142858,0,0,0,0,5,1,1,0,8,4,8.4091,3.9122,4524,1254365,210,32,34,0.1271208561733229,1,0.026692,0.16627600000000003,91,0.053,0.127,0.213,654,0.38699999999999996,3.574,0,25,0,0,0,0,
K8_R0.90_T1_H1_A0.85M15_S8017_HYBRID_EAGER_inprocess,8017,8,0.9,1,1,SWEEP,0.85,15.0,,HYBRID_EAGER,inprocess,78cadc4c51a181680dcf8c3541b0d41bfbfd3ae81c03a976e77bcc32ccb9e22c,bd2868acdf9fb6afb543652b463f32ab8a25f5e835b8dbc14716f56f475fb223,1.392,0,62,52,1,53,9,85.48387096774194,89.32038834951456,95.23809523809524,100.0,80.48780487804878,86.48648648648648,754,14.226415094339623,0,0,0,0,7,0,0,0,0,0,5.661,3.9122,5832,1278606,315,48,38,0.1306807099668422,1,1.186662,0.106282,145,5.824,24.307,30.208,29,0.034999999999999996,0.045000000000000005,0,0,0,0,0,0,
K8_R0.90_T1_H1_A0.85M30_S8017_CENTRAL_FB_inprocess,8017,8,0.9,1,1,SWEEP,0.85,30.0,,CENTRAL_FB,inprocess,6eaa69f1f713fe022b15028332c9d0be140428ec1620d4e09d7cacac82f66029,a7c1c3fdbcfa7d45eccec98e06e1d6e47a81c6f4ca340bc5115863838081e766,0.998,0,62,50,1,51,11,82.25806451612904,81.55339805825243,80.95238095238095,66.66666666666667,82.92682926829268,83.78378378378379,798,15.647058823529411,0,0,0,0,6,0,0,0,0,0,5.7184,3.9122,5205,1234903,212,51,80,0.32642487046632124,2,0.809767,0.10656299999999999,108,5.963,20.685,24.747,24,0.034999999999999996,0.060000000000000005,0,1,0,0,0,0,
K8_R0.90_T1_H1_A0.85M30_S8017_CENTRAL_inprocess,8017,8,0.9,1,1,SWEEP,0.85,30.0,,CENTRAL,inprocess,6eaa69f1f713fe022b15028332c9d0be140428ec1620d4e09d7cacac82f66029,7c2300f23a7dea058b36ead587f692ab48697bb6eb25810b35d68cd219c855b3,1.11,0,62,51,1,52,10,83.87096774193549,82.52427184466019,80.95238095238095,66.66666666666667,85.36585365853658,86.48648648648648,799,15.365384615384615,0,0,0,0,7,0,0,0,0,0,5.6817,3.9122,5274,1241063,221,46,80,0.3455474128358872,2,0.92101,0.100579,114,5.711,23.971,34.364,0,0.0,0.0,0,1,0,0,0,0,
K8_R0.90_T1_H1_A0.85M30_S8017_HYBRID_EAGER_inprocess,8017,8,0.9,1,1,SWEEP,0.85,30.0,,HYBRID_EAGER,inprocess,6eaa69f1f713fe022b15028332c9d0be140428ec1620d4e09d7cacac82f66029,ff414728a1703edf53bc0a0ae33b698274cb3d7e456f61060cf55a87ddb3ca53,1.084,0,62,50,1,51,11,82.25806451612904,81.55339805825243,80.95238095238095,66.66666666666667,82.92682926829268,83.78378378378379,798,15.647058823529411,0,0,0,0,6,0,0,0,0,0,5.7184,3.9122,5205,1234618,212,51,80,0.32642487046632124,2,0.891083,0.099923,108,5.053,26.123,30.702,31,0.034999999999999996,0.048,0,1,0,0,0,0,
K8_R0.90_T1_H1_A0.85M30_S8017_HYBRID_inprocess,8017,8,0.9,1,1,SWEEP,0.85,30.0,,HYBRID,inprocess,6eaa69f1f713fe022b15028332c9d0be140428ec1620d4e09d7cacac82f66029,8749029e2b3e1824665747596746fdbd37d032f1aec820a70f786fdd05b2ef50,1.174,0,62,50,1,51,11,82.25806451612904,81.55339805825243,80.95238095238095,66.66666666666667,82.92682926829268,83.78378378378379,798,15.647058823529411,0,0,0,0,6,0,0,0,0,0,5.7184,3.9122,5205,1234903,212,51,80,0.32642487046632124,2,0.973995,0.11224200000000001,108,6.257000000000001,29.312,35.265,24,0.029,0.046,0,1,0,0,0,0,
K8_R0.90_T1_H1_A0.85M30_S8017_EDGE_MARKET_inprocess,8017,8,0.9,1,1,SWEEP,0.85,30.0,,EDGE_MARKET,inprocess,6eaa69f1f713fe022b15028332c9d0be140428ec1620d4e09d7cacac82f66029,8c024bb10eba48e4da114272adb5594e11789f4662e8afc99ba6d5f04df558fe,0.248,0,62,47,1,48,14,77.41935483870968,78.64077669902913,76.19047619047619,77.77777777777777,78.04878048780488,72.97297297297297,820,17.083333333333332,0,0,0,0,6,0,0,0,0,0,5.6534,3.9122,4554,1253033,233,41,76,0.2007494646680942,2,0.024694,0.16961199999999999,109,0.048,0.115,0.17,688,0.41100000000000003,3.061,0,33,0,0,0,0,
K8_R0.90_T1_H1_A0.75M5_S8017_CENTRAL_inprocess,8017,8,0.9,1,1,SWEEP,0.75,5.0,,CENTRAL,inprocess,a5616ca174a67309df0c448ee96395e34dd7026da76d43c006238d57f9a24e9c,1eb1d355a76d1cdc669dc551c9ebf4f1937b27b9aa420f1a45e72471a9a57f36,1.536,0,62,53,1,54,8,87.09677419354838,89.32038834951456,85.71428571428571,100.0,87.8048780487805,83.78378378378379,741,13.722222222222221,0,0,0,0,7,0,0,0,0,0,5.6981,3.9122,6493,1293829,256,51,20,0.2816926988739557,3,1.316758,0.109086,206,4.711,19.535,27.594,0,0.0,0.0,0,0,0,0,0,0,
K8_R0.90_T1_H1_A0.75M5_S8017_CENTRAL_FB_inprocess,8017,8,0.9,1,1,SWEEP,0.75,5.0,,CENTRAL_FB,inprocess,a5616ca174a67309df0c448ee96395e34dd7026da76d43c006238d57f9a24e9c,9e0d7bb024111108979865d382b285f8ea06ed2c65a89705136eca7d9551d738,1.405,0,62,53,1,54,8,87.09677419354838,89.32038834951456,85.71428571428571,100.0,87.8048780487805,83.78378378378379,741,13.722222222222221,0,0,0,0,7,0,0,0,0,0,5.6981,3.9122,6493,1293829,256,51,20,0.2816926988739557,3,1.218676,0.099109,206,4.642,16.229,25.593,19,0.029,0.111,0,0,0,0,0,0,
K8_R0.90_T1_H1_A0.75M5_S8017_HYBRID_EAGER_inprocess,8017,8,0.9,1,1,SWEEP,0.75,5.0,,HYBRID_EAGER,inprocess,a5616ca174a67309df0c448ee96395e34dd7026da76d43c006238d57f9a24e9c,3f5e4a73e3f1bac758f569e689d7838c153f8e85c21b2be017869873717585fd,1.352,0,62,54,0,54,8,87.09677419354838,90.29126213592232,90.47619047619048,100.0,85.36585365853658,91.89189189189189,752,13.925925925925926,0,0,0,0,5,0,0,0,0,0,7.0479,3.9122,5771,1271907,244,51,20,0.25979467839932957,4,1.115476,0.11484299999999999,185,5.3629999999999995,15.880999999999998,25.112,68,0.051,0.36900000000000005,0,0,0,0,0,0,
K8_R0.90_T1_H1_A0.75M5_S8017_HYBRID_inprocess,8017,8,0.9,1,1,SWEEP,0.75,5.0,,HYBRID,inprocess,a5616ca174a67309df0c448ee96395e34dd7026da76d43c006238d57f9a24e9c,315ebf0657433e5ab2472e9807217d43ebf9c5e7228624b640a88974126e2176,1.7,0,62,53,1,54,8,87.09677419354838,89.32038834951456,85.71428571428571,100.0,87.8048780487805,83.78378378378379,741,13.722222222222221,0,0,0,0,7,0,0,0,0,0,5.6981,3.9122,6493,1293829,256,51,20,0.2816926988739557,3,1.469727,0.12199199999999998,206,5.3759999999999994,20.352,33.647999999999996,19,0.026,0.121,0,0,0,0,0,0,
K8_R0.90_T1_H1_A0.75M5_S8017_EDGE_MARKET_inprocess,8017,8,0.9,1,1,SWEEP,0.75,5.0,,EDGE_MARKET,inprocess,a5616ca174a67309df0c448ee96395e34dd7026da76d43c006238d57f9a24e9c,32cd33eee0447fde0a53f01b6e6ac34591df4dca7d94640921c4943fedf9eab4,0.28,0,62,49,1,50,12,80.64516129032258,84.46601941747574,85.71428571428571,100.0,78.04878048780488,78.37837837837837,859,17.18,0,0,0,0,6,0,0,0,0,0,5.6369,3.9122,4459,1240517,194,29,20,0.14820228003507746,3,0.028527,0.178189,103,0.054,0.14100000000000001,0.236,651,0.479,2.562,0,17,0,0,0,0,
K8_R0.90_T1_H1_A0.75M15_S8017_CENTRAL_inprocess,8017,8,0.9,1,1,SWEEP,0.75,15.0,,CENTRAL,inprocess,1fc381c3ac42915644e6bbe2ac7f891416eed50ecc5ff60e02c73f1b951d7312,59c73b5445a8c4926e84d4442134b7e8ebb67d187a05255462c808839427f351,1.037,0,62,52,1,53,9,85.48387096774194,84.46601941747574,85.71428571428571,66.66666666666667,85.36585365853658,86.48648648648648,815,15.377358490566039,0,0,0,0,8,0,0,0,0,0,5.697,3.9122,5448,1243810,256,49,48,0.2560141249172368,1,0.852173,0.1027,137,4.838,18.494,26.898,0,0.0,0.0,0,0,0,0,0,0,
K8_R0.90_T1_H1_A0.75M15_S8017_CENTRAL_FB_inprocess,8017,8,0.9,1,1,SWEEP,0.75,15.0,,CENTRAL_FB,inprocess,1fc381c3ac42915644e6bbe2ac7f891416eed50ecc5ff60e02c73f1b951d7312,282ff7561869713fcbd1b6bb5305d43f2988e3f60d131aa2038bd6e9185d2e76,1.186,0,62,52,1,53,9,85.48387096774194,84.46601941747574,85.71428571428571,66.66666666666667,85.36585365853658,86.48648648648648,815,15.377358490566039,0,0,0,0,8,0,0,0,0,0,5.697,3.9122,5448,1243810,256,49,48,0.2560141249172368,1,0.970538,0.10670700000000001,137,5.321000000000001,22.12,32.0,25,0.041999999999999996,0.10500000000000001,0,0,0,0,0,0,
K8_R0.90_T1_H1_A0.75M15_S8017_HYBRID_inprocess,8017,8,0.9,1,1,SWEEP,0.75,15.0,,HYBRID,inprocess,1fc381c3ac42915644e6bbe2ac7f891416eed50ecc5ff60e02c73f1b951d7312,1e4b912bb54702e8d55e49cfcdd7ceff387783da28e0f46c54329cd9092516dc,1.136,0,62,52,1,53,9,85.48387096774194,84.46601941747574,85.71428571428571,66.66666666666667,85.36585365853658,86.48648648648648,815,15.377358490566039,0,0,0,0,8,0,0,0,0,0,5.697,3.9122,5448,1243810,256,49,48,0.2560141249172368,1,0.941537,0.112245,137,5.247,17.919,26.727,25,0.044,0.135,0,0,0,0,0,0,
K8_R0.90_T1_H1_A0.75M15_S8017_HYBRID_EAGER_inprocess,8017,8,0.9,1,1,SWEEP,0.75,15.0,,HYBRID_EAGER,inprocess,1fc381c3ac42915644e6bbe2ac7f891416eed50ecc5ff60e02c73f1b951d7312,3443d1ed6578edeb4845180cfe88df42a7232ad8f25acd532a2aaef9ec558ad8,1.15,0,62,52,0,52,10,83.87096774193549,85.4368932038835,80.95238095238095,88.88888888888889,85.36585365853658,86.48648648648648,749,14.403846153846153,0,0,0,0,6,0,0,0,0,0,5.7527,3.9122,5423,1232680,243,48,48,0.2972733318554644,1,0.92561,0.114478,130,5.569,17.899,27.534,46,0.038,0.11699999999999999,0,0,0,0,0,0,
K8_R0.90_T1_H1_A0.75M15_S8017_EDGE_MARKET_inprocess,8017,8,0.9,1,1,SWEEP,0.75,15.0,,EDGE_MARKET,inprocess,1fc381c3ac42915644e6bbe2ac7f891416eed50ecc5ff60e02c73f1b951d7312,0bdc6dc323177d11f17e40e5c412f6221088d2442eea90ff02716273863f522e,0.317,0,62,51,1,52,10,83.87096774193549,84.46601941747574,76.19047619047619,88.88888888888889,87.8048780487805,89.1891891891892,721,13.865384615384615,0,0,0,0,7,0,0,0,0,0,5.6534,3.9122,4526,1238435,208,35,48,0.2240421987784564,0,0.032484,0.20795800000000003,115,0.060000000000000005,0.14300000000000002,0.217,700,0.517,3.4810000000000003,0,20,0,0,0,0,
K8_R0.90_T1_H1_A0.75M30_S8017_CENTRAL_inprocess,8017,8,0.9,1,1,SWEEP,0.75,30.0,,CENTRAL,inprocess,1ebd93173eab942d48bbcdadb6dc124bde49a7bc6f909840f698f2cff3327373,82e336bb856559e8e2857327221d01ca9e49c497069ff85a4164c07de226d6ab,0.988,0,62,49,1,50,12,80.64516129032258,81.55339805825243,80.95238095238095,77.77777777777777,80.48780487804878,72.97297297297297,739,14.78,0,0,0,0,5,0,0,0,0,0,5.6575,3.9122,5115,1202184,206,36,106,0.5388223032829599,4,0.758103,0.116593,121,5.979,12.909,21.812,0,0.0,0.0,0,0,0,0,0,0,
K8_R0.90_T1_H1_A0.75M30_S8017_CENTRAL_FB_inprocess,8017,8,0.9,1,1,SWEEP,0.75,30.0,,CENTRAL_FB,inprocess,1ebd93173eab942d48bbcdadb6dc124bde49a7bc6f909840f698f2cff3327373,9897872823f3c0d451274625f26b0eee1d72b993814ba74cfc74407bd884b0ae,1.035,0,62,47,1,48,14,77.41935483870968,79.6116504854369,76.19047619047619,88.88888888888889,78.04878048780488,78.37837837837837,786,16.375,0,0,0,0,5,0,0,0,0,0,5.6546,3.9122,5013,1218329,195,43,106,0.44989281886387994,4,0.791877,0.11547800000000001,114,6.460999999999999,14.165000000000001,25.296,47,0.051,0.10900000000000001,0,0,0,0,0,0,
K8_R0.90_T1_H1_A0.75M30_S8017_HYBRID_inprocess,8017,8,0.9,1,1,SWEEP,0.75,30.0,,HYBRID,inprocess,1ebd93173eab942d48bbcdadb6dc124bde49a7bc6f909840f698f2cff3327373,47068b2f705080bfa8350e9be963c666e99778f3804b424413fc8ab5cce4fbb6,0.96,0,62,47,1,48,14,77.41935483870968,79.6116504854369,76.19047619047619,88.88888888888889,78.04878048780488,78.37837837837837,786,16.375,0,0,0,0,5,0,0,0,0,0,5.6546,3.9122,5013,1218329,195,43,106,0.44989281886387994,4,0.749849,0.112695,114,6.298,13.648,19.008,47,0.063,0.128,0,0,0,0,0,0,
K8_R0.90_T1_H1_A0.75M30_S8017_HYBRID_EAGER_inprocess,8017,8,0.9,1,1,SWEEP,0.75,30.0,,HYBRID_EAGER,inprocess,1ebd93173eab942d48bbcdadb6dc124bde49a7bc6f909840f698f2cff3327373,816f904407998b2506d3ba180a6cf6edf76dc6bef6538ba8239f810921664d3b,0.968,0,62,47,1,48,14,77.41935483870968,79.6116504854369,76.19047619047619,88.88888888888889,78.04878048780488,78.37837837837837,786,16.375,0,0,0,0,5,0,0,0,0,0,5.6546,3.9122,5013,1218038,195,43,106,0.44989281886387994,4,0.757727,0.113862,114,6.097,15.046999999999999,23.119,58,0.047,0.558,0,0,0,0,0,0,
K8_R0.90_T1_H1_A0.75M30_S8017_EDGE_MARKET_inprocess,8017,8,0.9,1,1,SWEEP,0.75,30.0,,EDGE_MARKET,inprocess,1ebd93173eab942d48bbcdadb6dc124bde49a7bc6f909840f698f2cff3327373,62411da319e84e2ba0f3b3ce12b3b1ed093b5d3c3dd05dfffdf841b46fe0ee18,0.304,0,62,50,0,50,12,80.64516129032258,82.52427184466019,76.19047619047619,88.88888888888889,82.92682926829268,89.1891891891892,807,16.14,0,0,0,0,6,0,0,0,0,0,5.6553,3.9122,4620,1275033,192,27,73,0.5769230769230769,3,0.030866,0.203385,141,0.054,0.124,0.261,818,0.483,3.226,0,20,0,0,0,0,
K8_R0.90_T1_H1_A0.65M5_S8017_CENTRAL_inprocess,8017,8,0.9,1,1,SWEEP,0.65,5.0,,CENTRAL,inprocess,0e0fd17e19f1d0fdf5d06711836f559b01d968e23b49b2941d60bd07c7f70228,a1e4daa9577258c67828f58ba445dc224cb718dadf93bd998138453a1e8c237b,1.666,0,62,49,1,50,12,80.64516129032258,84.46601941747574,90.47619047619048,77.77777777777777,75.60975609756098,75.67567567567568,856,17.12,0,0,0,0,8,0,0,0,0,0,5.7215,3.9122,6872,1353171,303,58,21,0.4877116329874386,3,1.413924,0.122477,237,4.112,17.548000000000002,38.756,0,0.0,0.0,0,1,0,0,0,0,
K8_R0.90_T1_H1_A0.65M5_S8017_CENTRAL_FB_inprocess,8017,8,0.9,1,1,SWEEP,0.65,5.0,,CENTRAL_FB,inprocess,0e0fd17e19f1d0fdf5d06711836f559b01d968e23b49b2941d60bd07c7f70228,1a79aef45fc3e331368b5b58bd2b474d138b74f445d84f40c4431cf45e5f0c67,1.665,0,62,51,2,53,9,85.48387096774194,90.29126213592232,95.23809523809524,100.0,80.48780487804878,83.78378378378379,813,15.339622641509434,0,0,0,0,8,0,0,0,0,0,5.7021,3.9122,6737,1354789,293,46,21,0.502519126702743,3,1.441906,0.12117599999999999,233,4.4799999999999995,18.536,41.831,33,0.033,0.156,0,0,0,0,0,0,
K8_R0.90_T1_H1_A0.65M5_S8017_HYBRID_EAGER_inprocess,8017,8,0.9,1,1,SWEEP,0.65,5.0,,HYBRID_EAGER,inprocess,0e0fd17e19f1d0fdf5d06711836f559b01d968e23b49b2941d60bd07c7f70228,63690bb743adb460649f99e20c3b64b4d9c65a71c0c7ec411b7735cbba283765,1.403,0,62,50,1,51,11,82.25806451612904,84.46601941747574,85.71428571428571,88.88888888888889,80.48780487804878,83.78378378378379,749,14.686274509803921,0,0,0,0,7,0,0,0,0,0,5.6577,3.9122,6536,1315789,281,62,21,0.4379123011253395,4,1.178495,0.117867,233,3.78,16.225,30.122,100,0.095,0.462,0,1,0,0,0,0,
K8_R0.90_T1_H1_A0.65M5_S8017_HYBRID_inprocess,8017,8,0.9,1,1,SWEEP,0.65,5.0,,HYBRID,inprocess,0e0fd17e19f1d0fdf5d06711836f559b01d968e23b49b2941d60bd07c7f70228,384ba10ee86e5ddad6152e7078954d754d04c3d07fbeca765159e3d7e0cf5684,1.576,0,62,51,2,53,9,85.48387096774194,90.29126213592232,95.23809523809524,100.0,80.48780487804878,83.78378378378379,813,15.339622641509434,0,0,0,0,8,0,0,0,0,0,5.7021,3.9122,6737,1354789,293,46,21,0.502519126702743,3,1.357169,0.1235,233,4.415,19.078000000000003,36.23,33,0.051,0.111,0,0,0,0,0,0,
K8_R0.90_T1_H1_A0.65M5_S8017_EDGE_MARKET_inprocess,8017,8,0.9,1,1,SWEEP,0.65,5.0,,EDGE_MARKET,inprocess,0e0fd17e19f1d0fdf5d06711836f559b01d968e23b49b2941d60bd07c7f70228,7e4d707e4de4379cc63e29f38c9e25fe5e2adcf54aacffbdfb6c79ca69ab1381,0.259,0,62,52,0,52,10,83.87096774193549,87.37864077669903,85.71428571428571,100.0,82.92682926829268,86.48648648648648,769,14.788461538461538,0,0,0,0,6,0,0,0,0,0,5.642,3.9122,4338,1221023,171,39,21,0.21362862010221464,3,0.025568,0.169973,97,0.046,0.11299999999999999,0.178,522,0.458,2.8310000000000004,0,14,0,0,0,0,
K8_R0.90_T1_H1_A0.65M15_S8017_CENTRAL_inprocess,8017,8,0.9,1,1,SWEEP,0.65,15.0,,CENTRAL,inprocess,48e007f51139d5813391889201c3d88521749c2f780bdd9fba6934cf13c9ca21,4c8b27a8902123932c80fb70c3efbdb33cd1cbce63dde9f5dc11897a33e0e965,1.061,0,62,50,1,51,11,82.25806451612904,85.4368932038835,85.71428571428571,100.0,80.48780487804878,81.08108108108108,745,14.607843137254902,0,0,0,0,6,0,0,0,0,0,5.6451,3.9122,5467,1200340,228,33,60,0.4746912085250666,1,0.846153,0.109006,159,4.489,14.635,27.841,0,0.0,0.0,0,0,0,0,0,0,
K8_R0.90_T1_H1_A0.65M15_S8017_CENTRAL_FB_inprocess,8017,8,0.9,1,1,SWEEP,0.65,15.0,,CENTRAL_FB,inprocess,48e007f51139d5813391889201c3d88521749c2f780bdd9fba6934cf13c9ca21,7ad6761fb0531a14436983794541aeacf48e9dc770c0096c113c7b8bf17f5b9b,0.925,0,62,50,1,51,11,82.25806451612904,85.4368932038835,85.71428571428571,100.0,80.48780487804878,83.78378378378379,701,13.745098039215685,0,0,0,0,5,0,0,0,0,0,5.6429,3.9122,5370,1191761,226,41,60,0.4079601990049751,1,0.70491,0.10549000000000001,150,4.341,10.945,22.479,47,0.33799999999999997,2.3249999999999997,0,0,0,0,0,0,
K8_R0.90_T1_H1_A0.65M15_S8017_HYBRID_inprocess,8017,8,0.9,1,1,SWEEP,0.65,15.0,,HYBRID,inprocess,48e007f51139d5813391889201c3d88521749c2f780bdd9fba6934cf13c9ca21,26890befa5a9da4a71018c5dd2482f892bc53ae02e3a0b8e607667f2064ffee9,0.929,0,62,50,1,51,11,82.25806451612904,85.4368932038835,85.71428571428571,100.0,80.48780487804878,83.78378378378379,701,13.745098039215685,0,0,0,0,5,0,0,0,0,0,5.6429,3.9122,5370,1191761,226,41,60,0.4079601990049751,1,0.753945,0.097177,150,4.066,11.542,35.448,47,0.34299999999999997,2.8739999999999997,0,0,0,0,0,0,
K8_R0.90_T1_H1_A0.65M15_S8017_EDGE_MARKET_inprocess,8017,8,0.9,1,1,SWEEP,0.65,15.0,,EDGE_MARKET,inprocess,48e007f51139d5813391889201c3d88521749c2f780bdd9fba6934cf13c9ca21,832349f0f8d3dd2cab1638d4c41edc8fa1a2177dbffc350ed757c81b74b99b79,0.207,0,62,50,1,51,11,82.25806451612904,82.52427184466019,71.42857142857143,88.88888888888889,87.8048780487805,89.1891891891892,733,14.372549019607844,0,0,0,0,5,0,0,0,0,0,5.6534,3.9122,4383,1224194,164,22,54,0.43574496200858936,1,0.021255,0.134498,83,0.034999999999999996,0.124,0.27999999999999997,572,0.392,2.431,0,18,0,0,0,0,
K8_R0.90_T1_H1_A0.65M15_S8017_HYBRID_EAGER_inprocess,8017,8,0.9,1,1,SWEEP,0.65,15.0,,HYBRID_EAGER,inprocess,48e007f51139d5813391889201c3d88521749c2f780bdd9fba6934cf13c9ca21,50b470167ebf2ecea28f4104d7ae27c48a82f67b91faf508d538ff7ae1a59902,1.04,0,62,51,1,52,10,83.87096774193549,85.4368932038835,80.95238095238095,88.88888888888889,85.36585365853658,81.08108108108108,692,13.307692307692308,0,0,0,0,5,0,0,0,0,0,5.6275,3.9122,5387,1194650,221,39,60,0.4524752475247525,4,0.844487,0.10804000000000001,160,4.42,11.988999999999999,33.815999999999995,67,0.41800000000000004,2.98,0,0,0,0,0,0,
K8_R0.90_T1_H1_A0.65M30_S8017_CENTRAL_inprocess,8017,8,0.9,1,1,SWEEP,0.65,30.0,,CENTRAL,inprocess,4ef1c1cda54f1d130c9ac42b95a7e509d6cde6cff69f00ba137c2277e868fff2,2ab0af46bd4fe0c306366316ae5641a4541089226d643b37c8bc510accec975d,0.741,0,62,50,1,51,11,82.25806451612904,87.37864077669903,90.47619047619048,100.0,78.04878048780488,81.08108108108108,737,14.450980392156863,0,0,0,0,6,0,0,0,0,0,5.6507,3.9122,4762,1151277,150,37,110,0.8681039949270767,3,0.557604,0.100913,110,5.394,9.648,11.897,0,0.0,0.0,0,0,0,0,0,0,
K8_R0.90_T1_H1_A0.65M30_S8017_CENTRAL_FB_inprocess,8017,8,0.9,1,1,SWEEP,0.65,30.0,,CENTRAL_FB,inprocess,4ef1c1cda54f1d130c9ac42b95a7e509d6cde6cff69f00ba137c2277e868fff2,9ca30372a4c584c149f0ac5d61315b56d4ed78bf3ff8c48bdc0371978989d633,0.766,0,62,50,1,51,11,82.25806451612904,86.40776699029126,90.47619047619048,100.0,78.04878048780488,83.78378378378379,700,13.72549019607843,0,0,0,0,5,0,0,0,0,0,5.6507,3.9122,4766,1153354,159,30,115,0.8770932069510269,2,0.576065,0.109134,111,4.949,10.308,15.356,64,0.103,0.539,0,0,0,0,0,0,
K8_R0.90_T1_H1_A0.65M30_S8017_HYBRID_inprocess,8017,8,0.9,1,1,SWEEP,0.65,30.0,,HYBRID,inprocess,4ef1c1cda54f1d130c9ac42b95a7e509d6cde6cff69f00ba137c2277e868fff2,8cd14bf752fdc91ca8b63e4b6d3765e6f820d75c26329f77c7aebf688b5d7648,0.751,0,62,50,1,51,11,82.25806451612904,86.40776699029126,90.47619047619048,100.0,78.04878048780488,83.78378378378379,700,13.72549019607843,0,0,0,0,5,0,0,0,0,0,5.6507,3.9122,4766,1153354,159,30,115,0.8770932069510269,2,0.5566,0.102021,111,4.81,10.352,13.591000000000001,64,0.09899999999999999,0.517,0,0,0,0,0,0,
K8_R0.90_T1_H1_A0.65M30_S8017_HYBRID_EAGER_inprocess,8017,8,0.9,1,1,SWEEP,0.65,30.0,,HYBRID_EAGER,inprocess,4ef1c1cda54f1d130c9ac42b95a7e509d6cde6cff69f00ba137c2277e868fff2,49b24a799d3ef37f874b831efe098c197b63520a203cf9148caedc613817218a,0.766,0,62,50,1,51,11,82.25806451612904,86.40776699029126,90.47619047619048,100.0,78.04878048780488,83.78378378378379,700,13.72549019607843,0,0,0,0,5,0,0,0,0,0,5.6507,3.9122,4766,1153180,159,30,115,0.8770932069510269,2,0.572109,0.10963699999999998,111,4.8260000000000005,10.984,18.242,76,0.051,0.503,0,0,0,0,0,0,
K8_R0.90_T1_H1_A0.65M30_S8017_EDGE_MARKET_inprocess,8017,8,0.9,1,1,SWEEP,0.65,30.0,,EDGE_MARKET,inprocess,4ef1c1cda54f1d130c9ac42b95a7e509d6cde6cff69f00ba137c2277e868fff2,15c13e55972c1e0ef6c759cf40b504cf1220aef09b5c9d5f57134158eb3dc5af,0.266,0,62,49,1,50,12,80.64516129032258,83.49514563106796,80.95238095238095,88.88888888888889,80.48780487804878,83.78378378378379,746,14.92,0,0,0,0,4,0,0,0,0,0,5.6278,3.9122,4389,1204452,137,21,127,1.0046745774901116,2,0.024018,0.17514,115,0.041999999999999996,0.10900000000000001,0.201,597,0.486,3.327,0,19,0,0,0,0,
K8_R0.90_T1_H1_A0.55M5_S8017_CENTRAL_inprocess,8017,8,0.9,1,1,SWEEP,0.55,5.0,,CENTRAL,inprocess,e5e0f2d937784b8aa782fa1eb9fcfcc4e44c6c61927caa4f11cd2b3a1cead348,e78d5625b3f5afb49884091407206f2e6c8767e36eb86f2f619270c773a588c8,1.333,0,62,54,1,55,7,88.70967741935483,91.2621359223301,95.23809523809524,88.88888888888889,85.36585365853658,86.48648648648648,744,13.527272727272727,0,0,0,0,8,0,0,0,0,0,5.661,3.9122,6257,1292906,238,34,26,0.6106430155210643,7,1.131493,0.11012899999999999,259,3.0149999999999997,14.218,24.753,0,0.0,0.0,0,1,0,0,0,0,
K8_R0.90_T1_H1_A0.55M5_S8017_CENTRAL_FB_inprocess,8017,8,0.9,1,1,SWEEP,0.55,5.0,,CENTRAL_FB,inprocess,e5e0f2d937784b8aa782fa1eb9fcfcc4e44c6c61927caa4f11cd2b3a1cead348,97a759f6c6f7a042b299877a33149e434159fe4af65066112e51767c5840a98a,1.358,0,62,52,1,53,9,85.48387096774194,89.32038834951456,90.47619047619048,100.0,82.92682926829268,83.78378378378379,774,14.60377358490566,0,0,0,0,8,0,0,0,0,0,5.657,3.9122,6364,1301080,246,50,24,0.6377187297472456,5,1.113306,0.11942799999999999,257,3.718,14.045,20.535999999999998,45,0.059,0.106,0,0,0,0,0,0,
K8_R0.90_T1_H1_A0.55M5_S8017_HYBRID_inprocess,8017,8,0.9,1,1,SWEEP,0.55,5.0,,HYBRID,inprocess,e5e0f2d937784b8aa782fa1eb9fcfcc4e44c6c61927caa4f11cd2b3a1cead348,bca262da82cf952038dd3501fe9591e845f82d27c18dff2954188f24ec1bfd8f,1.169,0,62,52,1,53,9,85.48387096774194,89.32038834951456,90.47619047619048,100.0,82.92682926829268,83.78378378378379,774,14.60377358490566,0,0,0,0,8,0,0,0,0,0,5.657,3.9122,6364,1301080,246,50,24,0.6377187297472456,5,0.98714,0.10630300000000001,257,2.8289999999999997,11.872,25.680999999999997,45,0.052,0.08399999999999999,0,0,0,0,0,0,
K8_R0.90_T1_H1_A0.55M5_S8017_EDGE_MARKET_inprocess,8017,8,0.9,1,1,SWEEP,0.55,5.0,,EDGE_MARKET,inprocess,e5e0f2d937784b8aa782fa1eb9fcfcc4e44c6c61927caa4f11cd2b3a1cead348,28aabcbb734775dd436c5cca02815645ddf10b6a4c4161f4fb61e00c20494a16,0.234,0,62,47,1,48,14,77.41935483870968,75.72815533980582,61.904761904761905,77.77777777777777,85.36585365853658,78.37837837837837,764,15.916666666666666,0,0,0,0,6,0,0,0,0,0,5.6503,3.9122,4347,1211855,130,27,21,0.3809888846301265,4,0.021261,0.148445,94,0.034999999999999996,0.095,0.208,534,0.425,3.3899999999999997,0,19,0,0,0,0,
K8_R0.90_T1_H1_A0.55M5_S8017_HYBRID_EAGER_inprocess,8017,8,0.9,1,1,SWEEP,0.55,5.0,,HYBRID_EAGER,inprocess,e5e0f2d937784b8aa782fa1eb9fcfcc4e44c6c61927caa4f11cd2b3a1cead348,bab257acddfc9755ffd3cc32c724b50fc27d01919d047388cdb02650916a42a1,1.386,0,62,50,2,52,10,83.87096774193549,88.3495145631068,90.47619047619048,100.0,80.48780487804878,83.78378378378379,807,15.51923076923077,0,0,0,0,6,0,0,0,0,0,7.084,3.9122,6821,1339148,247,51,26,0.5920485703094399,9,1.150083,0.125976,264,2.6189999999999998,14.247,24.92,124,0.037,2.7950000000000004,0,0,0,0,0,0,
K8_R0.90_T1_H1_A0.55M15_S8017_CENTRAL_inprocess,8017,8,0.9,1,1,SWEEP,0.55,15.0,,CENTRAL,inprocess,92892d83e7138ea77425d705e861e3fd96d7c5377cdb0c3773213e35fdc3b4a7,b3ee6656d7de97338ff0d22ff9e43bd64fd33453c52d400eec1cb5145d12da02,1.037,0,62,48,2,50,12,80.64516129032258,85.4368932038835,85.71428571428571,100.0,78.04878048780488,78.37837837837837,817,16.34,0,0,0,0,7,0,0,0,0,0,5.6473,3.9122,5355,1239495,209,40,57,0.69118442401298,5,0.832079,0.10844400000000001,162,3.3409999999999997,13.895,22.41,0,0.0,0.0,0,0,0,0,0,0,
K8_R0.90_T1_H1_A0.55M15_S8017_CENTRAL_FB_inprocess,8017,8,0.9,1,1,SWEEP,0.55,15.0,,CENTRAL_FB,inprocess,92892d83e7138ea77425d705e861e3fd96d7c5377cdb0c3773213e35fdc3b4a7,9859e3e7b72e5c208c4ca3af46a18d2a3f913655fb20e986556ba5ded76e36f1,1.013,0,62,50,1,51,11,82.25806451612904,80.58252427184466,76.19047619047619,77.77777777777777,85.36585365853658,83.78378378378379,692,13.568627450980392,0,0,0,0,6,0,0,0,0,0,5.667,3.9122,5460,1211140,212,45,57,0.7188565434041437,5,0.815772,0.105778,168,2.595,15.540999999999999,20.166,56,0.051,0.696,0,1,0,0,0,0,
K8_R0.90_T1_H1_A0.55M15_S8017_HYBRID_inprocess,8017,8,0.9,1,1,SWEEP,0.55,15.0,,HYBRID,inprocess,92892d83e7138ea77425d705e861e3fd96d7c5377cdb0c3773213e35fdc3b4a7,99a7cc4904866d6f833f800628fe101709e3edd29794f6d2d881bcd4786b3d07,1.092,0,62,50,1,51,11,82.25806451612904,80.58252427184466,76.19047619047619,77.77777777777777,85.36585365853658,83.78378378378379,692,13.568627450980392,0,0,0,0,6,0,0,0,0,0,5.667,3.9122,5460,1211140,212,45,57,0.7188565434041437,5,0.877669,0.11791,168,3.146,15.095,24.877,56,0.028,0.507,0,1,0,0,0,0,
K8_R0.90_T1_H1_A0.55M15_S8017_EDGE_MARKET_inprocess,8017,8,0.9,1,1,SWEEP,0.55,15.0,,EDGE_MARKET,inprocess,92892d83e7138ea77425d705e861e3fd96d7c5377cdb0c3773213e35fdc3b4a7,336fa90f4d444a5fff951d5782834d7282379a6e335c2d0c418f29dbb2c61e83,0.258,0,62,46,1,47,15,75.80645161290323,79.6116504854369,71.42857142857143,100.0,78.04878048780488,75.67567567567568,853,18.148936170212767,0,0,0,0,3,1,1,0,8,4,8.4091,3.9122,4451,1202228,156,24,57,0.6419620479770856,5,0.022507,0.177105,116,0.04,0.10500000000000001,0.179,644,0.482,2.841,0,22,0,0,0,0,
K8_R0.90_T1_H1_A0.55M15_S8017_HYBRID_EAGER_inprocess,8017,8,0.9,1,1,SWEEP,0.55,15.0,,HYBRID_EAGER,inprocess,92892d83e7138ea77425d705e861e3fd96d7c5377cdb0c3773213e35fdc3b4a7,268b27af1e8c6d108d3c91dd914eab144f3a9ad9613242eab47b6ba373047f37,1.161,0,62,49,0,49,13,79.03225806451613,82.52427184466019,85.71428571428571,100.0,75.60975609756098,78.37837837837837,785,16.020408163265305,0,0,0,0,6,0,0,0,0,0,5.6606,3.9122,5350,1223195,196,39,57,0.6922868741542625,5,0.94829,0.11721700000000002,171,4.668,14.690999999999999,22.814999999999998,86,0.103,0.5109999999999999,0,0,0,0,0,0,
K8_R0.90_T1_H1_A0.55M30_S8017_CENTRAL_FB_inprocess,8017,8,0.9,1,1,SWEEP,0.55,30.0,,CENTRAL_FB,inprocess,4610659b404436170a84fb86944e74bd21936652cd3d5a42b55b1e76d6e75afc,b58209a25c9109000d95b4699417ef3425bb2b302fa79922558a60b4ad5a41d6,0.511,0,62,50,2,52,10,83.87096774193549,84.46601941747574,76.19047619047619,100.0,87.8048780487805,89.1891891891892,724,13.923076923076923,0,0,0,0,4,0,0,0,0,0,5.6686,3.9122,4605,1167717,136,18,100,1.1905713144226928,3,0.347753,0.092844,108,2.812,6.856,11.882,86,0.085,0.453,0,0,0,0,0,0,
K8_R0.90_T1_H1_A0.55M30_S8017_CENTRAL_inprocess,8017,8,0.9,1,1,SWEEP,0.55,30.0,,CENTRAL,inprocess,4610659b404436170a84fb86944e74bd21936652cd3d5a42b55b1e76d6e75afc,4e8a261d4eec0369f16812be09a711a3ba497ce77854c8e2c97cc85090f5bc61,0.585,0,62,51,1,52,10,83.87096774193549,87.37864077669903,90.47619047619048,100.0,80.48780487804878,86.48648648648648,711,13.673076923076923,0,0,0,0,4,0,0,0,0,0,5.6216,3.9122,4638,1170794,150,20,92,1.154818325434439,3,0.399094,0.104395,108,3.274,7.805000000000001,12.47,0,0.0,0.0,0,0,0,0,0,0,
K8_R0.90_T1_H1_A0.55M30_S8017_HYBRID_inprocess,8017,8,0.9,1,1,SWEEP,0.55,30.0,,HYBRID,inprocess,4610659b404436170a84fb86944e74bd21936652cd3d5a42b55b1e76d6e75afc,69b971ffede391ad40038c7e49520cbbeb432e997432b0b7c200dc6401e4ff34,0.584,0,62,50,2,52,10,83.87096774193549,84.46601941747574,76.19047619047619,100.0,87.8048780487805,89.1891891891892,724,13.923076923076923,0,0,0,0,4,0,0,0,0,0,5.6686,3.9122,4605,1167717,136,18,100,1.1905713144226928,3,0.405152,0.10668699999999999,108,3.29,8.085,13.046999999999999,86,0.115,0.49700000000000005,0,0,0,0,0,0,
K8_R0.90_T1_H1_A0.55M30_S8017_HYBRID_EAGER_inprocess,8017,8,0.9,1,1,SWEEP,0.55,30.0,,HYBRID_EAGER,inprocess,4610659b404436170a84fb86944e74bd21936652cd3d5a42b55b1e76d6e75afc,bfe7bc2f3227b31cd9a92fbcff3dc3f3d7cb4052f7609d32e91bfb40c25fb3a8,0.596,0,62,51,0,51,11,82.25806451612904,84.46601941747574,80.95238095238095,100.0,82.92682926829268,89.1891891891892,734,14.392156862745098,0,0,0,0,4,0,0,0,0,0,5.6686,3.9122,4660,1174475,146,22,80,1.11380524051623,4,0.421104,0.106335,110,3.776,7.911,10.674,99,0.104,0.47100000000000003,0,0,0,0,0,0,
K8_R0.90_T1_H1_A0.55M30_S8017_EDGE_MARKET_inprocess,8017,8,0.9,1,1,SWEEP,0.55,30.0,,EDGE_MARKET,inprocess,4610659b404436170a84fb86944e74bd21936652cd3d5a42b55b1e76d6e75afc,72710d190f19005f7b408efae137dac400108444586ba5f76186bafc70c03d48,0.263,0,62,51,1,52,10,83.87096774193549,86.40776699029126,85.71428571428571,88.88888888888889,82.92682926829268,86.48648648648648,774,14.884615384615385,0,0,0,0,6,0,0,0,0,0,5.7103,3.9122,4362,1212351,135,24,127,1.214508233199822,3,0.021296,0.17576999999999998,122,0.037,0.132,0.191,547,0.506,4.47,0,25,0,0,0,0,
K8_R0.90_T1_H1_A0.95M5_S8018_CENTRAL_inprocess,8018,8,0.9,1,1,SWEEP,0.95,5.0,,CENTRAL,inprocess,0427d6c68e1c1766d4310cede41facd3771c1718b61c6cce1cc09c80f0ea3d17,a88fe425f2a5ef7edf08d9bf2e8b90fd756fded1e47ca687989cfc7ff5d53f6e,2.285,0,62,47,0,47,15,75.80645161290323,83.33333333333333,89.47368421052632,100.0,69.76744186046511,72.72727272727273,676,14.382978723404255,0,0,0,0,6,0,0,0,0,0,5.7062,3.8569,6507,1291883,312,69,11,0.05246963562753036,2,2.088127,0.10749600000000001,150,14.596,28.07,32.348,0,0.0,0.0,0,0,0,0,0,0,
K8_R0.90_T1_H1_A0.95M5_S8018_CENTRAL_FB_inprocess,8018,8,0.9,1,1,SWEEP,0.95,5.0,,CENTRAL_FB,inprocess,0427d6c68e1c1766d4310cede41facd3771c1718b61c6cce1cc09c80f0ea3d17,a932175a083c509899b7de00b2a6bad1b80ddee89652a63032e14198ac6b0891,2.67,0,62,47,0,47,15,75.80645161290323,83.33333333333333,89.47368421052632,100.0,69.76744186046511,72.72727272727273,676,14.382978723404255,0,0,0,0,6,0,0,0,0,0,5.7062,3.8569,6507,1291883,312,69,11,0.05246963562753036,2,2.418728,0.121784,150,16.52,32.542,41.076,5,0.438,0.438,0,0,0,0,0,0,
K8_R0.90_T1_H1_A0.95M5_S8018_HYBRID_inprocess,8018,8,0.9,1,1,SWEEP,0.95,5.0,,HYBRID,inprocess,0427d6c68e1c1766d4310cede41facd3771c1718b61c6cce1cc09c80f0ea3d17,9646f890f32758e32cc2ebb7e70286abb6c4a1a1faac4cd9aceec6a0e6797e45,2.538,0,62,47,0,47,15,75.80645161290323,83.33333333333333,89.47368421052632,100.0,69.76744186046511,72.72727272727273,676,14.382978723404255,0,0,0,0,6,0,0,0,0,0,5.7062,3.8569,6507,1291883,312,69,11,0.05246963562753036,2,2.310339,0.118949,150,16.205000000000002,29.677,57.854,5,0.495,0.495,0,0,0,0,0,0,
K8_R0.90_T1_H1_A0.95M5_S8018_EDGE_MARKET_inprocess,8018,8,0.9,1,1,SWEEP,0.95,5.0,,EDGE_MARKET,inprocess,0427d6c68e1c1766d4310cede41facd3771c1718b61c6cce1cc09c80f0ea3d17,06a23b204c5ff14de3f8cc42ddfed6a2741141148b60cd0906bf8a5d77b66dd0,0.369,0,62,50,0,50,12,80.64516129032258,85.29411764705883,89.47368421052632,100.0,76.74418604651163,81.81818181818181,725,14.5,0,0,0,0,7,0,0,0,0,0,5.6388,3.8569,4771,1233090,228,60,11,0.03911372371693421,2,0.036246,0.251718,114,0.066,0.215,4.942,922,0.6930000000000001,3.9760000000000004,0,21,0,0,0,0,
K8_R0.90_T1_H1_A0.95M5_S8018_HYBRID_EAGER_inprocess,8018,8,0.9,1,1,SWEEP,0.95,5.0,,HYBRID_EAGER,inprocess,0427d6c68e1c1766d4310cede41facd3771c1718b61c6cce1cc09c80f0ea3d17,7255392e6431b48effb1d2602b5c57fb88ec362af8ac4cf99b5eb18a94c4cdb1,2.501,0,62,47,0,47,15,75.80645161290323,83.33333333333333,89.47368421052632,100.0,69.76744186046511,72.72727272727273,676,14.382978723404255,0,0,0,0,6,0,0,0,0,0,5.7062,3.8569,6507,1291765,312,69,11,0.05246963562753036,2,2.248374,0.121937,150,16.049,29.698999999999998,42.472,20,0.089,0.772,0,0,0,0,0,0,
K8_R0.90_T1_H1_A0.95M15_S8018_CENTRAL_inprocess,8018,8,0.9,1,1,SWEEP,0.95,15.0,,CENTRAL,inprocess,a57458dda03cdddbfa33b7070661c6758cf1f9b4967bfb1f51a6b3654f48a864,96724d5b8032f29a5fc1346f121f6cd2069233d6353edd5cb41d75c44334ea83,2.321,0,62,49,0,49,13,79.03225806451613,82.3529411764706,89.47368421052632,85.71428571428571,74.4186046511628,75.75757575757575,704,14.36734693877551,0,0,0,0,6,0,0,0,0,0,5.6409,3.8569,6135,1243723,313,59,20,0.05000859254167383,3,2.078107,0.114548,134,16.500999999999998,32.614999999999995,35.996,0,0.0,0.0,0,1,0,0,0,0,
K8_R0.90_T1_H1_A0.95M15_S8018_CENTRAL_FB_inprocess,8018,8,0.9,1,1,SWEEP,0.95,15.0,,CENTRAL_FB,inprocess,a57458dda03cdddbfa33b7070661c6758cf1f9b4967bfb1f51a6b3654f48a864,a6c68a30995e38ce85b5992f56d934695fa90a3b8d475263854d7971e47b1770,2.36,0,62,49,0,49,13,79.03225806451613,82.3529411764706,89.47368421052632,85.71428571428571,74.4186046511628,75.75757575757575,684,13.959183673469388,0,0,0,0,7,0,0,0,0,0,5.6645,3.8569,6065,1238155,304,58,20,0.04608695652173913,3,2.129208,0.10872100000000001,127,18.624000000000002,34.473,52.467,7,0.046,0.046,0,1,0,0,0,0,
K8_R0.90_T1_H1_A0.95M15_S8018_HYBRID_inprocess,8018,8,0.9,1,1,SWEEP,0.95,15.0,,HYBRID,inprocess,a57458dda03cdddbfa33b7070661c6758cf1f9b4967bfb1f51a6b3654f48a864,15ee407f4ce4f650a897a30df8e6860ea24bfbe1dc5f3fa979c5a65f39c13651,1.964,0,62,49,0,49,13,79.03225806451613,82.3529411764706,89.47368421052632,85.71428571428571,74.4186046511628,75.75757575757575,684,13.959183673469388,0,0,0,0,7,0,0,0,0,0,5.6645,3.8569,6065,1238155,304,58,20,0.04608695652173913,3,1.725561,0.10717000000000002,127,14.675,27.735,34.516999999999996,7,0.495,0.495,0,1,0,0,0,0,
K8_R0.90_T1_H1_A0.95M15_S8018_HYBRID_EAGER_inprocess,8018,8,0.9,1,1,SWEEP,0.95,15.0,,HYBRID_EAGER,inprocess,a57458dda03cdddbfa33b7070661c6758cf1f9b4967bfb1f51a6b3654f48a864,37025ae2e2762688cb2e779d0808b380e49102e0925131bff973ae26ab4d0da8,2.065,0,62,49,0,49,13,79.03225806451613,84.31372549019608,94.73684210526316,100.0,72.09302325581395,78.78787878787878,707,14.428571428571429,0,0,0,0,6,0,0,0,0,0,5.7525,3.8569,5981,1227662,292,59,22,0.0417180073930646,1,1.854738,0.11584200000000001,132,15.308,28.205000000000002,37.448,13,0.08399999999999999,0.115,0,0,0,0,0,0,
K8_R0.90_T1_H1_A0.95M15_S8018_EDGE_MARKET_inprocess,8018,8,0.9,1,1,SWEEP,0.95,15.0,,EDGE_MARKET,inprocess,a57458dda03cdddbfa33b7070661c6758cf1f9b4967bfb1f51a6b3654f48a864,1522c09bd0d043821430bcb0e2db639617a4cd4ab7638e901df75729b29cabde,0.331,0,62,50,0,50,12,80.64516129032258,85.29411764705883,89.47368421052632,100.0,76.74418604651163,78.78787878787878,723,14.46,0,0,0,0,7,0,0,0,0,0,5.648,3.8569,4786,1236325,234,43,21,0.05715561509265461,2,0.035922,0.21988800000000003,112,0.064,0.221,0.397,928,0.494,2.7390000000000003,0,24,0,0,0,0,
K8_R0.90_T1_H1_A0.95M30_S8018_CENTRAL_inprocess,8018,8,0.9,1,1,SWEEP,0.95,30.0,,CENTRAL,inprocess,150463579a5c15ad544f2aff89799573c8076ae1dbedc1948fdf9456f62d39d8,90eb4b4ea2f6185d8b2939bc07deb1be680986f20e87199de56711d1bf4fffe8,2.314,0,62,48,0,48,14,77.41935483870968,82.3529411764706,89.47368421052632,100.0,72.09302325581395,72.72727272727273,660,13.75,0,0,0,0,8,0,0,0,0,0,5.6531,3.8569,5972,1244865,277,51,39,0.03680336487907466,1,2.074783,0.10994899999999999,124,17.121000000000002,32.959,52.127,0,0.0,0.0,0,2,0,0,0,0,
K8_R0.90_T1_H1_A0.95M30_S8018_CENTRAL_FB_inprocess,8018,8,0.9,1,1,SWEEP,0.95,30.0,,CENTRAL_FB,inprocess,150463579a5c15ad544f2aff89799573c8076ae1dbedc1948fdf9456f62d39d8,079635f736f579d79dda61deec2a775d2e1b665b8c5b58bd7a8fc574dd788917,2.373,0,62,48,0,48,14,77.41935483870968,82.3529411764706,89.47368421052632,100.0,72.09302325581395,72.72727272727273,660,13.75,0,0,0,0,8,0,0,0,0,0,5.6531,3.8569,5972,1244865,277,51,39,0.03680336487907466,1,2.124986,0.109348,124,19.429,32.903,42.417,6,0.026,0.026,0,2,0,0,0,0,
K8_R0.90_T1_H1_A0.95M30_S8018_HYBRID_EAGER_inprocess,8018,8,0.9,1,1,SWEEP,0.95,30.0,,HYBRID_EAGER,inprocess,150463579a5c15ad544f2aff89799573c8076ae1dbedc1948fdf9456f62d39d8,8ffc3668aba80952590ce60568d3f8a0856b67fc63339a84f108b119df11f804,2.246,0,62,47,0,47,15,75.80645161290323,80.3921568627451,84.21052631578948,85.71428571428571,72.09302325581395,69.6969696969697,705,15.0,0,0,0,0,6,0,0,0,0,0,5.659,3.8569,6206,1249841,317,52,48,0.08130493576741041,2,2.017256,0.116332,134,16.435000000000002,29.558999999999997,42.111999999999995,11,0.097,0.097,0,1,0,0,0,0,
K8_R0.90_T1_H1_A0.95M30_S8018_HYBRID_inprocess,8018,8,0.9,1,1,SWEEP,0.95,30.0,,HYBRID,inprocess,150463579a5c15ad544f2aff89799573c8076ae1dbedc1948fdf9456f62d39d8,645ad9887d9fa65ba98e943467dc0d3ace3ccd64b98b32928730541a2f243286,2.395,0,62,48,0,48,14,77.41935483870968,82.3529411764706,89.47368421052632,100.0,72.09302325581395,72.72727272727273,660,13.75,0,0,0,0,8,0,0,0,0,0,5.6531,3.8569,5972,1244865,277,51,39,0.03680336487907466,1,2.155469,0.11486,124,20.355,31.829000000000004,39.510999999999996,6,0.019,0.019,0,2,0,0,0,0,
K8_R0.90_T1_H1_A0.95M30_S8018_EDGE_MARKET_inprocess,8018,8,0.9,1,1,SWEEP,0.95,30.0,,EDGE_MARKET,inprocess,150463579a5c15ad544f2aff89799573c8076ae1dbedc1948fdf9456f62d39d8,98faf81f108f4e6e6fd00e38acbab63be4724d0089f2553df1f5ec250bedd3f1,0.345,0,62,50,0,50,12,80.64516129032258,85.29411764705883,89.47368421052632,100.0,76.74418604651163,78.78787878787878,723,14.46,0,0,0,0,7,0,0,0,0,0,5.648,3.8569,4807,1241282,225,39,41,0.057705063011275703,1,0.036751,0.22993900000000003,127,0.06499999999999999,0.205,0.368,951,0.494,2.942,0,24,0,0,0,0,
K8_R0.90_T1_H1_A0.85M5_S8018_CENTRAL_inprocess,8018,8,0.9,1,1,SWEEP,0.85,5.0,,CENTRAL,inprocess,8fe767e297aec8896092f6229feb1e0fa92afa37dad195525bd4be58df030d56,a845d9994891b7462f03fef2ce722448b46abc0ce6bd74245e5ae8a7c3913341,2.24,0,62,51,0,51,11,82.25806451612904,87.25490196078431,89.47368421052632,100.0,79.06976744186046,81.81818181818181,727,14.254901960784315,0,0,0,0,7,0,0,0,0,0,5.7553,3.8569,7295,1417333,347,74,21,0.14080502768217867,0,1.981343,0.128886,195,8.735,23.108,29.21,0,0.0,0.0,0,2,0,0,0,0,
K8_R0.90_T1_H1_A0.85M5_S8018_CENTRAL_FB_inprocess,8018,8,0.9,1,1,SWEEP,0.85,5.0,,CENTRAL_FB,inprocess,8fe767e297aec8896092f6229feb1e0fa92afa37dad195525bd4be58df030d56,6ed4f4fc1558f2b58275f00e8c7d11745e82d66915a93a0709cce50322980ae9,2.285,0,62,51,0,51,11,82.25806451612904,87.25490196078431,89.47368421052632,100.0,79.06976744186046,81.81818181818181,727,14.254901960784315,0,0,0,0,7,0,0,0,0,0,5.7553,3.8569,7295,1417333,347,74,21,0.14080502768217867,0,2.03786,0.12371700000000001,195,7.789,25.515,32.492,11,0.47800000000000004,0.47800000000000004,0,2,0,0,0,0,
K8_R0.90_T1_H1_A0.85M5_S8018_HYBRID_inprocess,8018,8,0.9,1,1,SWEEP,0.85,5.0,,HYBRID,inprocess,8fe767e297aec8896092f6229feb1e0fa92afa37dad195525bd4be58df030d56,a7febdfec40789c413dc376e6dba0a566f82668d3fa1479d22f2013d2af1ee7d,2.125,0,62,51,0,51,11,82.25806451612904,87.25490196078431,89.47368421052632,100.0,79.06976744186046,81.81818181818181,727,14.254901960784315,0,0,0,0,7,0,0,0,0,0,5.7553,3.8569,7295,1417333,347,74,21,0.14080502768217867,0,1.910414,0.114537,195,7.9159999999999995,22.514,34.296,11,0.432,0.432,0,2,0,0,0,0,
K8_R0.90_T1_H1_A0.85M5_S8018_HYBRID_EAGER_inprocess,8018,8,0.9,1,1,SWEEP,0.85,5.0,,HYBRID_EAGER,inprocess,8fe767e297aec8896092f6229feb1e0fa92afa37dad195525bd4be58df030d56,8f605a4ce083e108a393e327f21c4d980ce895b997aa64d2a23f7bf5fd91d607,2.012,0,62,51,0,51,11,82.25806451612904,88.23529411764706,100.0,100.0,74.4186046511628,81.81818181818181,762,14.941176470588236,0,0,0,0,7,0,0,0,0,0,5.6822,3.8569,6416,1311789,301,64,21,0.12767057201929705,0,1.782242,0.111358,174,10.11,22.348,40.321000000000005,43,0.10500000000000001,0.49700000000000005,0,0,0,0,0,0,
K8_R0.90_T1_H1_A0.85M5_S8018_EDGE_MARKET_inprocess,8018,8,0.9,1,1,SWEEP,0.85,5.0,,EDGE_MARKET,inprocess,8fe767e297aec8896092f6229feb1e0fa92afa37dad195525bd4be58df030d56,0d799a555f09c553c0b04cf18a6a898b26760eff817f7a3f00113a51c82ed1c8,0.274,0,62,48,0,48,14,77.41935483870968,82.3529411764706,84.21052631578948,85.71428571428571,74.4186046511628,87.87878787878788,711,14.8125,0,0,0,0,6,0,0,0,0,0,5.6794,3.8569,4732,1274695,204,35,15,0.05274725274725275,1,0.026531,0.19063900000000003,114,0.055,0.149,0.264,854,0.402,2.3609999999999998,0,28,0,0,0,0,
K8_R0.90_T1_H1_A0.85M15_S8018_CENTRAL_inprocess,8018,8,0.9,1,1,SWEEP,0.85,15.0,,CENTRAL,inprocess,8f89d71de3a261bf45b0b7b4f3b625e16e29583d06636978e0f385bea736b7ce,688b2254abbfc1732aaafd7fa7ffb12a6851a51adab659c8445b865c7ad92c59,1.757,0,62,46,0,46,16,74.19354838709677,82.3529411764706,89.47368421052632,100.0,67.44186046511628,72.72727272727273,676,14.695652173913043,0,0,0,0,6,0,0,0,0,0,5.6647,3.8569,6181,1260874,274,66,37,0.14918414918414918,2,1.560027,0.10047,149,9.544,22.360000000000003,31.253999999999998,0,0.0,0.0,0,0,0,0,0,0,
K8_R0.90_T1_H1_A0.85M15_S8018_CENTRAL_FB_inprocess,8018,8,0.9,1,1,SWEEP,0.85,15.0,,CENTRAL_FB,inprocess,8f89d71de3a261bf45b0b7b4f3b625e16e29583d06636978e0f385bea736b7ce,9f6c49f25aa98fdab4f8e7f103be993542cfbbb512ecab4fd808b7d67e998eb7,1.854,0,62,47,0,47,15,75.80645161290323,82.3529411764706,94.73684210526316,100.0,67.44186046511628,69.6969696969697,642,13.659574468085106,0,0,0,0,6,0,0,0,0,0,5.6743,3.8569,5944,1224769,266,77,36,0.11519699812382739,2,1.661265,0.110549,141,12.689,23.605999999999998,27.996,22,0.5289999999999999,0.5640000000000001,0,1,0,0,0,0,
K8_R0.90_T1_H1_A0.85M15_S8018_HYBRID_EAGER_inprocess,8018,8,0.9,1,1,SWEEP,0.85,15.0,,HYBRID_EAGER,inprocess,8f89d71de3a261bf45b0b7b4f3b625e16e29583d06636978e0f385bea736b7ce,36095eee8d45e6bc048b261b05aeb9c74a570db85cb0da8cb31d82a5b0d43e2c,1.782,0,62,47,0,47,15,75.80645161290323,82.3529411764706,94.73684210526316,100.0,67.44186046511628,72.72727272727273,664,14.127659574468085,0,0,0,0,6,0,0,0,0,0,5.7441,3.8569,6294,1257094,307,53,38,0.25353606789250355,3,1.572948,0.109999,149,9.209,24.44,36.854,35,0.364,0.424,0,0,0,0,0,0,
K8_R0.90_T1_H1_A0.85M15_S8018_HYBRID_inprocess,8018,8,0.9,1,1,SWEEP,0.85,15.0,,HYBRID,inprocess,8f89d71de3a261bf45b0b7b4f3b625e16e29583d06636978e0f385bea736b7ce,b37df5aec567efc600db57da5baa517d59bcab4df60fb5f78e2ee8aa7322723a,1.912,0,62,47,0,47,15,75.80645161290323,82.3529411764706,94.73684210526316,100.0,67.44186046511628,69.6969696969697,642,13.659574468085106,0,0,0,0,6,0,0,0,0,0,5.6743,3.8569,5944,1224769,266,77,36,0.11519699812382739,2,1.684441,0.10957,141,11.349,26.046,38.324999999999996,22,0.514,0.522,0,1,0,0,0,0,
K8_R0.90_T1_H1_A0.85M15_S8018_EDGE_MARKET_inprocess,8018,8,0.9,1,1,SWEEP,0.85,15.0,,EDGE_MARKET,inprocess,8f89d71de3a261bf45b0b7b4f3b625e16e29583d06636978e0f385bea736b7ce,b1fa6530f28080153076e0a2e6e2ef9fa61329e91d7e442fe31ce128abb19302,0.352,0,62,46,0,46,16,74.19354838709677,76.47058823529412,78.94736842105263,57.142857142857146,72.09302325581395,72.72727272727273,803,17.456521739130434,0,0,0,0,7,0,0,0,0,0,5.7149,3.8569,4772,1253354,230,43,38,0.11707554044206947,3,0.036012,0.232791,110,0.068,0.206,0.446,906,0.49700000000000005,3.0709999999999997,0,30,0,0,0,0,
K8_R0.90_T1_H1_A0.85M30_S8018_CENTRAL_inprocess,8018,8,0.9,1,1,SWEEP,0.85,30.0,,CENTRAL,inprocess,ae5efebf2a4158bf2efcd5d5f7e08e3c5e13ff86d671f13e4a2740b23527e8ce,8183c4a900753bf7477c4093eeeddbadee9aa40d41cce23d6dca124646ea9f33,2.01,0,62,47,0,47,15,75.80645161290323,84.31372549019608,100.0,100.0,65.11627906976744,75.75757575757575,689,14.659574468085106,0,0,0,0,7,0,0,0,0,0,5.6622,3.8569,5685,1203445,264,52,99,0.24806359559722788,2,1.708781,0.11524999999999999,119,15.107000000000001,30.782,59.587,0,0.0,0.0,0,1,0,0,0,0,
K8_R0.90_T1_H1_A0.85M30_S8018_CENTRAL_FB_inprocess,8018,8,0.9,1,1,SWEEP,0.85,30.0,,CENTRAL_FB,inprocess,ae5efebf2a4158bf2efcd5d5f7e08e3c5e13ff86d671f13e4a2740b23527e8ce,7b20fd7d022ca718a0dfba2dbc8d583bef5bec8cd2a3ab9451211ddf63265422,1.84,0,62,47,0,47,15,75.80645161290323,82.3529411764706,94.73684210526316,85.71428571428571,67.44186046511628,72.72727272727273,694,14.76595744680851,0,0,0,0,7,0,0,0,0,0,5.646,3.8569,5753,1208829,281,58,99,0.22727272727272727,4,1.518991,0.107036,126,12.097,25.118000000000002,90.819,28,0.06499999999999999,0.378,0,0,0,0,0,0,
K8_R0.90_T1_H1_A0.85M30_S8018_HYBRID_EAGER_inprocess,8018,8,0.9,1,1,SWEEP,0.85,30.0,,HYBRID_EAGER,inprocess,ae5efebf2a4158bf2efcd5d5f7e08e3c5e13ff86d671f13e4a2740b23527e8ce,0f1aff9af14d9ab38b2d41b3dab2e0070976c944145e79ccbe36c67fee070cfa,1.723,0,62,47,0,47,15,75.80645161290323,83.33333333333333,94.73684210526316,85.71428571428571,67.44186046511628,69.6969696969697,701,14.914893617021276,0,0,0,0,7,0,0,0,0,0,5.6424,3.8569,5603,1194550,282,55,72,0.19060486385366868,2,1.495647,0.11631799999999999,119,12.239,26.657,36.447,35,0.054,0.40099999999999997,0,0,0,0,0,0,
K8_R0.90_T1_H1_A0.85M30_S8018_HYBRID_inprocess,8018,8,0.9,1,1,SWEEP,0.85,30.0,,HYBRID,inprocess,ae5efebf2a4158bf2efcd5d5f7e08e3c5e13ff86d671f13e4a2740b23527e8ce,1c7e0edd69f0e4123c902713c15c742fb25128b63295a2cd7bfa964410b80a0f,1.927,0,62,47,0,47,15,75.80645161290323,82.3529411764706,94.73684210526316,85.71428571428571,67.44186046511628,72.72727272727273,694,14.76595744680851,0,0,0,0,7,0,0,0,0,0,5.646,3.8569,5753,1208829,281,58,99,0.22727272727272727,4,1.670301,0.10945,126,12.849,31.154,35.554,28,0.046,0.382,0,0,0,0,0,0,
K8_R0.90_T1_H1_A0.85M30_S8018_EDGE_MARKET_inprocess,8018,8,0.9,1,1,SWEEP,0.85,30.0,,EDGE_MARKET,inprocess,ae5efebf2a4158bf2efcd5d5f7e08e3c5e13ff86d671f13e4a2740b23527e8ce,e014f68fa2977ac070f04b57f2fad5e2a3136025f51f57d947f708c1078c0890,0.326,0,62,50,0,50,12,80.64516129032258,86.27450980392157,94.73684210526316,100.0,74.4186046511628,81.81818181818181,723,14.46,0,0,0,0,7,0,0,0,0,0,5.6613,3.8569,4539,1170479,214,28,99,0.12744310575635878,3,0.032639,0.21674699999999997,113,0.061,0.147,0.85,689,0.55,3.418,0,22,0,0,0,0,
K8_R0.90_T1_H1_A0.75M5_S8018_CENTRAL_inprocess,8018,8,0.9,1,1,SWEEP,0.75,5.0,,CENTRAL,inprocess,ca23bf515d110c542ca6cc0c22878c19e51398bb8a41844a0f66a0e52f58044f,13c1d5960aafed6404dc96e4629660cbaeef0f5f87e8840e7590f3c15414a94f,2.25,0,62,48,0,48,14,77.41935483870968,84.31372549019608,94.73684210526316,100.0,69.76744186046511,75.75757575757575,685,14.270833333333334,0,0,0,0,6,0,0,0,0,0,5.6589,3.8569,7164,1374096,292,67,21,0.2705729589352378,1,1.997277,0.119674,232,7.198,21.348,33.901,0,0.0,0.0,0,0,0,0,0,0,
K8_R0.90_T1_H1_A0.75M5_S8018_CENTRAL_FB_inprocess,8018,8,0.9,1,1,SWEEP,0.75,5.0,,CENTRAL_FB,inprocess,ca23bf515d110c542ca6cc0c22878c19e51398bb8a41844a0f66a0e52f58044f,bd78df9e4bc84172a6c4b4bd77e34f69d1d4d7934099f0d9eefcebd592fda661,2.423,0,62,48,0,48,14,77.41935483870968,84.31372549019608,94.73684210526316,100.0,69.76744186046511,75.75757575757575,685,14.270833333333334,0,0,0,0,6,0,0,0,0,0,5.6589,3.8569,7164,1374096,292,67,21,0.2705729589352378,1,2.182237,0.13147899999999998,232,8.524000000000001,21.506,30.707,21,0.45,0.501,0,0,0,0,0,0,
K8_R0.90_T1_H1_A0.75M5_S8018_HYBRID_inprocess,8018,8,0.9,1,1,SWEEP,0.75,5.0,,HYBRID,inprocess,ca23bf515d110c542ca6cc0c22878c19e51398bb8a41844a0f66a0e52f58044f,b020e3b29512a5db1f3b29066acdae8224800998bc81292fdfae9a9c2d9a1336,2.388,0,62,48,0,48,14,77.41935483870968,84.31372549019608,94.73684210526316,100.0,69.76744186046511,75.75757575757575,685,14.270833333333334,0,0,0,0,6,0,0,0,0,0,5.6589,3.8569,7164,1374096,292,67,21,0.2705729589352378,1,2.133349,0.128393,232,7.805000000000001,21.785,34.647,21,0.425,0.433,0,0,0,0,0,0,
K8_R0.90_T1_H1_A0.75M5_S8018_HYBRID_EAGER_inprocess,8018,8,0.9,1,1,SWEEP,0.75,5.0,,HYBRID_EAGER,inprocess,ca23bf515d110c542ca6cc0c22878c19e51398bb8a41844a0f66a0e52f58044f,5773590078cd62e18870f02eabc7f6ff3a23fb40995e262d888a05ec7f29a558,2.084,0,62,49,0,49,13,79.03225806451613,87.25490196078431,100.0,100.0,69.76744186046511,78.78787878787878,728,14.857142857142858,0,0,0,0,7,0,0,0,0,0,5.6211,3.8569,6976,1332111,346,77,16,0.2584382871536524,2,1.867133,0.12163100000000002,218,6.518000000000001,21.837,32.632,78,0.103,4.885,0,1,0,0,0,0,
K8_R0.90_T1_H1_A0.75M5_S8018_EDGE_MARKET_inprocess,8018,8,0.9,1,1,SWEEP,0.75,5.0,,EDGE_MARKET,inprocess,ca23bf515d110c542ca6cc0c22878c19e51398bb8a41844a0f66a0e52f58044f,8d99c06c737aa86a33ea46674be9824539bc1b00a16cef52023e1cc2725b3ea8,0.322,0,62,48,0,48,14,77.41935483870968,82.3529411764706,84.21052631578948,100.0,74.4186046511628,84.84848484848484,683,14.229166666666666,0,0,0,0,6,0,0,0,0,0,5.6516,3.8569,4493,1167418,181,28,20,0.10730858468677494,0,0.029056,0.21834200000000004,79,0.061,0.192,0.357,628,0.555,5.3790000000000004,0,24,0,0,0,0,
K8_R0.90_T1_H1_A0.75M15_S8018_CENTRAL_inprocess,8018,8,0.9,1,1,SWEEP,0.75,15.0,,CENTRAL,inprocess,d45cc225b4c956883911fd397d01e574e76c625c4827ee4f33265a9bb63c89f6,796af03517bf7f55c857d6b96d598270d63e70c1bdb789f383b01c78e646f542,1.594,0,62,49,0,49,13,79.03225806451613,84.31372549019608,89.47368421052632,100.0,74.4186046511628,69.6969696969697,700,14.285714285714286,0,0,0,0,6,0,0,0,0,0,5.644,3.8569,6275,1286292,256,49,37,0.20939298310748097,3,1.409092,0.100353,156,9.153,18.255,27.029999999999998,0,0.0,0.0,0,0,0,0,0,0,
K8_R0.90_T1_H1_A0.75M15_S8018_CENTRAL_FB_inprocess,8018,8,0.9,1,1,SWEEP,0.75,15.0,,CENTRAL_FB,inprocess,d45cc225b4c956883911fd397d01e574e76c625c4827ee4f33265a9bb63c89f6,3230b00b635dc58ba91a1d44c09e7264dec662101431b1c1affba2e6dd0f1f09,1.594,0,62,48,0,48,14,77.41935483870968,85.29411764705883,94.73684210526316,100.0,69.76744186046511,75.75757575757575,741,15.4375,0,0,0,0,7,0,0,0,0,0,5.6712,3.8569,5997,1258140,261,55,37,0.22274417694265022,2,1.385861,0.11089700000000001,153,7.777,19.476,33.645,32,0.134,0.503,0,0,0,0,0,0,
K8_R0.90_T1_H1_A0.75M15_S8018_HYBRID_inprocess,8018,8,0.9,1,1,SWEEP,0.75,15.0,,HYBRID,inprocess,d45cc225b4c956883911fd397d01e574e76c625c4827ee4f33265a9bb63c89f6,83e0a67769dc80de4c7d1c13b1686624b53ae6dfcfc21d710007fcee5d3aa853,1.652,0,62,48,0,48,14,77.41935483870968,85.29411764705883,94.73684210526316,100.0,69.76744186046511,75.75757575757575,741,15.4375,0,0,0,0,7,0,0,0,0,0,5.6712,3.8569,5997,1258140,261,55,37,0.22274417694265022,2,1.434562,0.115328,153,8.786,20.459999999999997,23.809,32,0.165,0.444,0,0,0,0,0,0,
K8_R0.90_T1_H1_A0.75M15_S8018_HYBRID_EAGER_inprocess,8018,8,0.9,1,1,SWEEP,0.75,15.0,,HYBRID_EAGER,inprocess,d45cc225b4c956883911fd397d01e574e76c625c4827ee4f33265a9bb63c89f6,cbe722983a35db6bb0e4e358724b0dd8e5e6177fafcc900b07ddb0b7a32a1a00,1.714,0,62,48,0,48,14,77.41935483870968,85.29411764705883,94.73684210526316,100.0,69.76744186046511,75.75757575757575,741,15.4375,0,0,0,0,7,0,0,0,0,0,5.6712,3.8569,5997,1258037,261,55,37,0.22274417694265022,2,1.446003,0.125975,153,9.782,21.464000000000002,32.522000000000006,52,0.12999999999999998,2.902,0,0,0,0,0,0,
K8_R0.90_T1_H1_A0.75M15_S8018_EDGE_MARKET_inprocess,8018,8,0.9,1,1,SWEEP,0.75,15.0,,EDGE_MARKET,inprocess,d45cc225b4c956883911fd397d01e574e76c625c4827ee4f33265a9bb63c89f6,073c58d4b2deb0329f40a4ae21ff85123b4eb83dddc4bcd365425ea372efc374,0.334,0,62,47,0,47,15,75.80645161290323,81.37254901960785,89.47368421052632,85.71428571428571,69.76744186046511,81.81818181818181,726,15.446808510638299,0,0,0,0,5,0,0,0,0,0,5.6705,3.8569,4566,1211510,204,40,32,0.12200495731203526,2,0.032401,0.22625800000000001,101,0.056,0.17,0.508,708,0.5289999999999999,3.598,0,27,0,0,0,0,
K8_R0.90_T1_H1_A0.75M30_S8018_CENTRAL_inprocess,8018,8,0.9,1,1,SWEEP,0.75,30.0,,CENTRAL,inprocess,56e26e1b8df59637978d385874ad0ea1e15bdec1f2c1596d566fb1522ed42651,9c893e1d70392f916879ba83cace49a4a9d23c684acd66e5b70471bc36fb65a5,1.443,0,62,49,0,49,13,79.03225806451613,86.27450980392157,100.0,100.0,69.76744186046511,78.78787878787878,697,14.224489795918368,0,0,0,0,6,0,0,0,0,0,5.678,3.8569,5750,1236272,237,48,57,0.2069526326489124,3,1.245204,0.10844400000000001,140,7.768,23.554,31.51,0,0.0,0.0,0,1,0,0,0,0,
K8_R0.90_T1_H1_A0.75M30_S8018_CENTRAL_FB_inprocess,8018,8,0.9,1,1,SWEEP,0.75,30.0,,CENTRAL_FB,inprocess,56e26e1b8df59637978d385874ad0ea1e15bdec1f2c1596d566fb1522ed42651,375007ed8e7adc9ef326bd60d8345a00cb2baf9edc57d3a4a6eff5887c3930a5,1.644,0,62,49,0,49,13,79.03225806451613,86.27450980392157,100.0,100.0,69.76744186046511,78.78787878787878,697,14.224489795918368,0,0,0,0,6,0,0,0,0,0,5.678,3.8569,5750,1236092,237,48,57,0.2069526326489124,3,1.444767,0.104881,140,10.125,23.037,29.669999999999998,35,0.111,0.442,0,1,0,0,0,0,
K8_R0.90_T1_H1_A0.75M30_S8018_HYBRID_inprocess,8018,8,0.9,1,1,SWEEP,0.75,30.0,,HYBRID,inprocess,56e26e1b8df59637978d385874ad0ea1e15bdec1f2c1596d566fb1522ed42651,ae1fde334b1a73bd28efb0850523ac65f62e2f2e131e359911582d35bcf2af32,1.585,0,62,49,0,49,13,79.03225806451613,86.27450980392157,100.0,100.0,69.76744186046511,78.78787878787878,697,14.224489795918368,0,0,0,0,6,0,0,0,0,0,5.678,3.8569,5750,1236092,237,48,57,0.2069526326489124,3,1.375381,0.11156800000000001,140,9.726,19.619,28.665,35,0.12000000000000001,0.40099999999999997,0,1,0,0,0,0,
K8_R0.90_T1_H1_A0.75M30_S8018_EDGE_MARKET_inprocess,8018,8,0.9,1,1,SWEEP,0.75,30.0,,EDGE_MARKET,inprocess,56e26e1b8df59637978d385874ad0ea1e15bdec1f2c1596d566fb1522ed42651,dddfb38ebdfcbdfc913a5796670a4927c7b9c8b1d518e62e78c83d415716e9d6,0.305,0,62,49,0,49,13,79.03225806451613,84.31372549019608,94.73684210526316,85.71428571428571,72.09302325581395,78.78787878787878,753,15.36734693877551,0,0,0,0,6,0,0,0,0,0,5.6539,3.8569,4579,1208911,188,39,72,0.1777479892761394,4,0.031193,0.203686,123,0.064,0.134,0.208,733,0.495,2.978,0,22,0,0,0,0,
K8_R0.90_T1_H1_A0.75M30_S8018_HYBRID_EAGER_inprocess,8018,8,0.9,1,1,SWEEP,0.75,30.0,,HYBRID_EAGER,inprocess,56e26e1b8df59637978d385874ad0ea1e15bdec1f2c1596d566fb1522ed42651,ddd95108e3c2f950e7abf5d63ddfe7883819237022acb95757945eec7b04a1fe,1.574,0,62,50,0,50,12,80.64516129032258,88.23529411764706,100.0,100.0,72.09302325581395,84.84848484848484,766,15.32,0,0,0,0,8,0,0,0,0,0,5.6811,3.8569,5531,1215785,216,49,57,0.17024442082890542,2,1.375921,0.105449,129,10.379,26.716,32.533,45,0.114,0.601,0,0,0,0,0,0,
K8_R0.90_T1_H1_A0.65M5_S8018_CENTRAL_FB_inprocess,8018,8,0.9,1,1,SWEEP,0.65,5.0,,CENTRAL_FB,inprocess,36d0a08af4db122035922ceb0557eb122925af11dda736f0e4634bb20ea3823e,e8a6ef4ad986d5308f6e99d8f416d1ef0ee92ef8b602e216a9a66df1bdeb8bdf,2.016,0,62,51,0,51,11,82.25806451612904,89.2156862745098,100.0,100.0,74.4186046511628,78.78787878787878,765,15.0,0,0,0,0,7,0,0,0,0,0,5.6901,3.8569,7069,1367883,300,61,24,0.498324810439076,6,1.744589,0.12837400000000002,253,5.558999999999999,18.966,29.451999999999998,30,0.033,0.777,0,0,0,0,0,0,
K8_R0.90_T1_H1_A0.65M5_S8018_CENTRAL_inprocess,8018,8,0.9,1,1,SWEEP,0.65,5.0,,CENTRAL,inprocess,36d0a08af4db122035922ceb0557eb122925af11dda736f0e4634bb20ea3823e,5fac0c9c9155482b426653eb2828f4be4f7a0a04e4459a3a68cbb412fb056104,2.279,0,62,49,0,49,13,79.03225806451613,84.31372549019608,89.47368421052632,100.0,74.4186046511628,75.75757575757575,677,13.816326530612244,0,0,0,0,7,0,0,0,0,0,5.6809,3.8569,7017,1334812,301,61,22,0.46663107314468766,7,1.998961,0.124247,255,6.43,20.837999999999997,35.614,0,0.0,0.0,0,0,0,0,0,0,
K8_R0.90_T1_H1_A0.65M5_S8018_HYBRID_inprocess,8018,8,0.9,1,1,SWEEP,0.65,5.0,,HYBRID,inprocess,36d0a08af4db122035922ceb0557eb122925af11dda736f0e4634bb20ea3823e,2447da17ccd286e8d0e8beee5f55696c54f6854b6c5aa4a8e4b62aeae8dfbc9d,2.08,0,62,51,0,51,11,82.25806451612904,89.2156862745098,100.0,100.0,74.4186046511628,78.78787878787878,765,15.0,0,0,0,0,7,0,0,0,0,0,5.6901,3.8569,7069,1367883,300,61,24,0.498324810439076,6,1.816706,0.133663,253,5.890000000000001,19.054000000000002,30.707,30,0.049,0.5559999999999999,0,0,0,0,0,0,
K8_R0.90_T1_H1_A0.65M5_S8018_HYBRID_EAGER_inprocess,8018,8,0.9,1,1,SWEEP,0.65,5.0,,HYBRID_EAGER,inprocess,36d0a08af4db122035922ceb0557eb122925af11dda736f0e4634bb20ea3823e,0fc3313e0a3f4e6e1371853535ce12d5f22e504384188cdf14724562d5dcf53f,2.082,0,62,48,0,48,14,77.41935483870968,85.29411764705883,94.73684210526316,100.0,69.76744186046511,75.75757575757575,770,16.041666666666668,0,0,0,0,5,1,1,0,7,14,9.487,3.8569,7174,1355987,344,53,28,0.5018226002430134,6,1.783428,0.154145,247,6.1000000000000005,20.816000000000003,33.576,111,0.1,4.025,0,0,0,0,0,0,
K8_R0.90_T1_H1_A0.65M5_S8018_EDGE_MARKET_inprocess,8018,8,0.9,1,1,SWEEP,0.65,5.0,,EDGE_MARKET,inprocess,36d0a08af4db122035922ceb0557eb122925af11dda736f0e4634bb20ea3823e,87c296dda001aebba5d876ed46492e3204ef0f9d27aba0c158ca9276c1381857,0.317,0,62,46,0,46,16,74.19354838709677,79.41176470588235,84.21052631578948,85.71428571428571,69.76744186046511,69.6969696969697,701,15.23913043478261,0,0,0,0,6,0,0,0,0,0,5.6794,3.8569,4571,1189922,189,31,18,0.2059948979591837,3,0.02814,0.22166099999999997,80,0.064,0.203,0.281,711,0.523,3.646,0,27,0,0,0,0,
K8_R0.90_T1_H1_A0.65M15_S8018_CENTRAL_inprocess,8018,8,0.9,1,1,SWEEP,0.65,15.0,,CENTRAL,inprocess,158f0df6a6fc2cde85ae8a1b0f78f50b3f6515f8f42e04ce93920532619279f2,298241faab16e4bfdac91b2a49765b2cb576882a66f52cbe39ede0f0d0a4061e,1.512,0,62,52,0,52,10,83.87096774193549,90.19607843137256,100.0,100.0,76.74418604651163,81.81818181818181,695,13.365384615384615,0,0,0,0,5,0,0,0,0,0,5.6708,3.8569,5764,1227995,237,41,81,0.42824392480513523,3,1.291622,0.115154,151,7.8919999999999995,21.886,34.743,0,0.0,0.0,0,0,0,0,0,0,
K8_R0.90_T1_H1_A0.65M15_S8018_CENTRAL_FB_inprocess,8018,8,0.9,1,1,SWEEP,0.65,15.0,,CENTRAL_FB,inprocess,158f0df6a6fc2cde85ae8a1b0f78f50b3f6515f8f42e04ce93920532619279f2,b00eab6e4ef44f0c9f390b8fd24d777d985ce7e4ef0d295faef87b88ed79545d,1.527,0,62,52,0,52,10,83.87096774193549,90.19607843137256,100.0,100.0,76.74418604651163,81.81818181818181,695,13.365384615384615,0,0,0,0,5,0,0,0,0,0,5.6708,3.8569,5764,1227995,237,41,81,0.42824392480513523,3,1.299827,0.12306500000000001,151,8.084,22.072000000000003,28.5,51,0.45399999999999996,2.873,0,0,0,0,0,0,
K8_R0.90_T1_H1_A0.65M15_S8018_HYBRID_inprocess,8018,8,0.9,1,1,SWEEP,0.65,15.0,,HYBRID,inprocess,158f0df6a6fc2cde85ae8a1b0f78f50b3f6515f8f42e04ce93920532619279f2,059e577d6519d5af1d755470364adca84334e2a24b1f6063525dc3fc694bcad7,1.516,0,62,52,0,52,10,83.87096774193549,90.19607843137256,100.0,100.0,76.74418604651163,81.81818181818181,695,13.365384615384615,0,0,0,0,5,0,0,0,0,0,5.6708,3.8569,5764,1227995,237,41,81,0.42824392480513523,3,1.284962,0.118518,151,8.196,20.069,28.759,51,0.443,2.6350000000000002,0,0,0,0,0,0,
K8_R0.90_T1_H1_A0.65M15_S8018_HYBRID_EAGER_inprocess,8018,8,0.9,1,1,SWEEP,0.65,15.0,,HYBRID_EAGER,inprocess,158f0df6a6fc2cde85ae8a1b0f78f50b3f6515f8f42e04ce93920532619279f2,7710aeb3f58ae7c53a47abdeb143b0804e456e251be07b40d3691dfb89fa6b85,1.663,0,62,51,0,51,11,82.25806451612904,87.25490196078431,89.47368421052632,100.0,79.06976744186046,75.75757575757575,639,12.529411764705882,0,0,0,0,4,0,0,0,0,0,5.6484,3.8569,5909,1223825,253,45,81,0.36440115120655303,3,1.445497,0.120802,172,8.113999999999999,18.558,31.279,80,0.11699999999999999,2.276,0,1,0,0,0,0,
K8_R0.90_T1_H1_A0.65M15_S8018_EDGE_MARKET_inprocess,8018,8,0.9,1,1,SWEEP,0.65,15.0,,EDGE_MARKET,inprocess,158f0df6a6fc2cde85ae8a1b0f78f50b3f6515f8f42e04ce93920532619279f2,660bbd9eb6a43e63613cb574e763fbf120af3813485187d041be08a6cf2c8cb2,0.3,0,62,47,0,47,15,75.80645161290323,79.41176470588235,78.94736842105263,71.42857142857143,74.4186046511628,81.81818181818181,748,15.914893617021276,0,0,0,0,5,0,0,0,0,0,5.6794,3.8569,4625,1249044,176,27,50,0.2592362620304253,2,0.026344,0.212395,118,0.054,0.13699999999999998,0.255,747,0.513,2.629,0,30,0,0,0,0,
K8_R0.90_T1_H1_A0.65M30_S8018_CENTRAL_FB_inprocess,8018,8,0.9,1,1,SWEEP,0.65,30.0,,CENTRAL_FB,inprocess,333d9caa6f431a11a050cf15ad4e522d68e42200fc99470d32399642bd8db48c,1700ae276032bcd78de2fd95bb602dddff53a6d2aec4e5ce402bc6d8f083e450,1.343,0,62,49,0,49,13,79.03225806451613,86.27450980392157,94.73684210526316,100.0,72.09302325581395,75.75757575757575,700,14.285714285714286,0,0,0,0,5,0,0,0,0,0,5.7444,3.8569,5486,1223069,236,42,72,0.3732813932172319,3,1.15233,0.09823899999999999,132,8.213,21.583000000000002,26.658,44,0.10500000000000001,0.34600000000000003,0,0,0,0,0,0,
K8_R0.90_T1_H1_A0.65M30_S8018_CENTRAL_inprocess,8018,8,0.9,1,1,SWEEP,0.65,30.0,,CENTRAL,inprocess,333d9caa6f431a11a050cf15ad4e522d68e42200fc99470d32399642bd8db48c,455a4e253eb6f392ba7e88ff83baf86d97bfb642b764968121ae9bdd768b17ff,1.521,0,62,50,0,50,12,80.64516129032258,86.27450980392157,89.47368421052632,100.0,76.74418604651163,75.75757575757575,711,14.22,0,0,0,0,5,0,0,0,0,0,5.7444,3.8569,5596,1234232,234,60,72,0.3837572512271307,2,1.333642,0.101021,138,9.152000000000001,22.056,35.513000000000005,0,0.0,0.0,0,1,0,0,0,0,
K8_R0.90_T1_H1_A0.65M30_S8018_HYBRID_inprocess,8018,8,0.9,1,1,SWEEP,0.65,30.0,,HYBRID,inprocess,333d9caa6f431a11a050cf15ad4e522d68e42200fc99470d32399642bd8db48c,103f60868650c1c43b49f24eb70a33a25b359b977c431f02b35e83812f32896e,1.331,0,62,49,0,49,13,79.03225806451613,86.27450980392157,94.73684210526316,100.0,72.09302325581395,75.75757575757575,700,14.285714285714286,0,0,0,0,5,0,0,0,0,0,5.7444,3.8569,5486,1223069,236,42,72,0.3732813932172319,3,1.159467,0.094618,132,8.920000000000002,18.593,25.567,44,0.104,0.354,0,0,0,0,0,0,
K8_R0.90_T1_H1_A0.65M30_S8018_EDGE_MARKET_inprocess,8018,8,0.9,1,1,SWEEP,0.65,30.0,,EDGE_MARKET,inprocess,333d9caa6f431a11a050cf15ad4e522d68e42200fc99470d32399642bd8db48c,ccb34d008ff615bbd56c8207407206659d128ac40f65ba2a6ca90c5f88e21469,0.254,0,62,45,0,45,17,72.58064516129032,79.41176470588235,94.73684210526316,85.71428571428571,62.7906976744186,69.6969696969697,706,15.688888888888888,0,0,0,0,4,0,0,0,0,0,5.6848,3.8569,4664,1217821,200,30,72,0.29081632653061223,2,0.024191,0.169174,126,0.04,0.15100000000000002,0.185,849,0.38,2.477,0,19,0,0,0,0,
K8_R0.90_T1_H1_A0.65M30_S8018_HYBRID_EAGER_inprocess,8018,8,0.9,1,1,SWEEP,0.65,30.0,,HYBRID_EAGER,inprocess,333d9caa6f431a11a050cf15ad4e522d68e42200fc99470d32399642bd8db48c,0c1de8fd711523acb75321174265d22a4e7d1ecb4af74eec0e87f3a50b6f1166,1.555,0,62,48,0,48,14,77.41935483870968,85.29411764705883,94.73684210526316,100.0,69.76744186046511,78.78787878787878,793,16.520833333333332,0,0,0,0,7,0,0,0,0,0,5.678,3.8569,5768,1250148,249,49,72,0.3866034891234116,2,1.364363,0.10906,145,9.241,21.131,30.182000000000002,56,0.107,0.458,0,0,0,0,0,0,
K8_R0.90_T1_H1_A0.55M5_S8018_CENTRAL_inprocess,8018,8,0.9,1,1,SWEEP,0.55,5.0,,CENTRAL,inprocess,02fb42e2a53ee4b99e9e07ab981ed2dd3689e087e520d92cfc864351f0e5a58f,846788d702d1b4a2789e6d049241c4c97e33ae31432658a9110637c3f98b7105,1.724,0,62,50,0,50,12,80.64516129032258,85.29411764705883,94.73684210526316,100.0,74.4186046511628,75.75757575757575,786,15.72,0,0,0,0,8,0,0,0,0,0,5.67,3.8569,7068,1359168,291,58,24,0.7682672233820459,9,1.471434,0.124573,286,3.5469999999999997,15.638,27.792,0,0.0,0.0,0,1,0,0,0,0,
K8_R0.90_T1_H1_A0.55M5_S8018_CENTRAL_FB_inprocess,8018,8,0.9,1,1,SWEEP,0.55,5.0,,CENTRAL_FB,inprocess,02fb42e2a53ee4b99e9e07ab981ed2dd3689e087e520d92cfc864351f0e5a58f,206129e84c2d89f39e14bd17d9cb131c0a6b069c1b656accc720724b4a724985,1.832,0,62,49,0,49,13,79.03225806451613,83.33333333333333,94.73684210526316,100.0,72.09302325581395,75.75757575757575,783,15.979591836734693,0,0,0,0,6,0,0,0,0,0,5.6359,3.8569,6987,1350973,284,71,24,0.7464897095595306,10,1.571781,0.125273,283,4.628,16.663,25.198999999999998,42,0.103,0.49200000000000005,0,0,0,0,0,0,
K8_R0.90_T1_H1_A0.55M5_S8018_HYBRID_inprocess,8018,8,0.9,1,1,SWEEP,0.55,5.0,,HYBRID,inprocess,02fb42e2a53ee4b99e9e07ab981ed2dd3689e087e520d92cfc864351f0e5a58f,4ce07e69167053f90bb4362b5ee4d8d13ecb2a924c65904cacd40df5c1c5084f,1.695,0,62,49,0,49,13,79.03225806451613,83.33333333333333,94.73684210526316,100.0,72.09302325581395,75.75757575757575,783,15.979591836734693,0,0,0,0,6,0,0,0,0,0,5.6359,3.8569,6987,1350973,284,71,24,0.7464897095595306,10,1.448502,0.11920599999999999,283,3.7039999999999997,15.74,26.913,42,0.10500000000000001,0.379,0,0,0,0,0,0,
K8_R0.90_T1_H1_A0.55M5_S8018_HYBRID_EAGER_inprocess,8018,8,0.9,1,1,SWEEP,0.55,5.0,,HYBRID_EAGER,inprocess,02fb42e2a53ee4b99e9e07ab981ed2dd3689e087e520d92cfc864351f0e5a58f,f21fc1d57451a8b086252558a56d10ea7cd502f6be554ec3af54d0cccc63e2bc,1.753,0,62,46,0,46,16,74.19354838709677,77.45098039215686,73.6842105263158,100.0,74.4186046511628,72.72727272727273,723,15.717391304347826,0,0,0,0,8,0,0,0,0,0,5.7842,3.8569,7451,1352961,316,54,24,0.8190021231422505,9,1.502342,0.13152999999999998,288,4.146000000000001,15.668999999999999,25.125,130,0.039,0.361,0,2,0,0,0,0,
K8_R0.90_T1_H1_A0.55M5_S8018_EDGE_MARKET_inprocess,8018,8,0.9,1,1,SWEEP,0.55,5.0,,EDGE_MARKET,inprocess,02fb42e2a53ee4b99e9e07ab981ed2dd3689e087e520d92cfc864351f0e5a58f,d5dfb38a28b3941e910d57ac0e06fc36973154ffb3595240593fc6579762be10,0.31,0,62,47,0,47,15,75.80645161290323,81.37254901960785,84.21052631578948,85.71428571428571,72.09302325581395,81.81818181818181,754,16.04255319148936,0,0,0,0,5,0,0,0,0,0,5.7636,3.8569,4311,1172437,137,25,18,0.27580645161290324,5,0.025548,0.21400599999999997,79,0.047,0.121,0.185,472,0.7699999999999999,3.544,0,16,0,0,0,0,
K8_R0.90_T1_H1_A0.55M15_S8018_CENTRAL_inprocess,8018,8,0.9,1,1,SWEEP,0.55,15.0,,CENTRAL,inprocess,d89507c05d7253055fd38a2493e4617eea523c2553e7732cd0ecfd6449c8f6b8,a8c50f91e11122f690494b4e5297bd22b60094aac85cc32e951f2d24ddd262f8,1.273,0,62,49,0,49,13,79.03225806451613,84.31372549019608,89.47368421052632,85.71428571428571,74.4186046511628,72.72727272727273,720,14.693877551020408,0,0,0,0,6,0,0,0,0,0,5.659,3.8569,5653,1227832,205,33,81,0.7379000264480297,6,1.019734,0.10106699999999999,167,5.122,18.15,34.923,0,0.0,0.0,0,0,0,0,0,0,
K8_R0.90_T1_H1_A0.55M15_S8018_CENTRAL_FB_inprocess,8018,8,0.9,1,1,SWEEP,0.55,15.0,,CENTRAL_FB,inprocess,d89507c05d7253055fd38a2493e4617eea523c2553e7732cd0ecfd6449c8f6b8,77645236537d2d05e809456ec9d5969ba4b64804e7afd9d77b6d6634ce3c6ab8,1.393,0,62,49,0,49,13,79.03225806451613,83.33333333333333,84.21052631578948,85.71428571428571,76.74418604651163,75.75757575757575,759,15.489795918367347,0,0,0,0,6,0,0,0,0,0,5.6756,3.8569,5645,1241208,193,35,81,0.6943416181914331,7,1.143228,0.12570900000000002,170,5.4079999999999995,20.308,29.765,72,0.115,2.5829999999999997,0,0,0,0,0,0,
K8_R0.90_T1_H1_A0.55M15_S8018_HYBRID_inprocess,8018,8,0.9,1,1,SWEEP,0.55,15.0,,HYBRID,inprocess,d89507c05d7253055fd38a2493e4617eea523c2553e7732cd0ecfd6449c8f6b8,af742c7df3da263909581a13e27f714102c6e3700c95b7b91f661f851ccdddee,1.303,0,62,49,0,49,13,79.03225806451613,83.33333333333333,84.21052631578948,85.71428571428571,76.74418604651163,75.75757575757575,759,15.489795918367347,0,0,0,0,6,0,0,0,0,0,5.6756,3.8569,5645,1241208,193,35,81,0.6943416181914331,7,1.08352,0.110997,170,5.386,16.477,29.572000000000003,72,0.11,2.275,0,0,0,0,0,0,
K8_R0.90_T1_H1_A0.55M15_S8018_HYBRID_EAGER_inprocess,8018,8,0.9,1,1,SWEEP,0.55,15.0,,HYBRID_EAGER,inprocess,d89507c05d7253055fd38a2493e4617eea523c2553e7732cd0ecfd6449c8f6b8,91d4c129b8bc70e323264dc6490e0ec1ed1bb13327da3c473dfae5dcea88f287,1.176,0,62,50,0,50,12,80.64516129032258,85.29411764705883,94.73684210526316,85.71428571428571,74.4186046511628,81.81818181818181,706,14.12,0,0,0,0,6,0,0,0,0,0,5.6648,3.8569,5680,1213679,224,43,81,0.6899164054336469,8,0.94779,0.128965,175,4.2509999999999994,15.388,32.057,98,0.14400000000000002,2.797,0,1,0,0,0,0,
K8_R0.90_T1_H1_A0.55M15_S8018_EDGE_MARKET_inprocess,8018,8,0.9,1,1,SWEEP,0.55,15.0,,EDGE_MARKET,inprocess,d89507c05d7253055fd38a2493e4617eea523c2553e7732cd0ecfd6449c8f6b8,40f96f83b017b207795b961b5073ed925225ac4b560ded991a0785bd3dc1921a,0.254,0,62,40,0,40,22,64.51612903225806,65.68627450980392,52.63157894736842,57.142857142857146,69.76744186046511,63.63636363636363,706,17.65,0,0,0,0,3,0,0,0,0,0,5.6306,3.8569,4332,1211868,143,19,55,0.36962750716332377,6,0.019524,0.180115,88,0.034999999999999996,0.129,0.44499999999999995,497,0.86,2.6679999999999997,0,30,0,0,0,0,
K8_R0.90_T1_H1_A0.55M30_S8018_CENTRAL_inprocess,8018,8,0.9,1,1,SWEEP,0.55,30.0,,CENTRAL,inprocess,6bc4fe060154d7f33094aad321a63b1c9b506c792e1791acba3620fe681f997d,ee1016e8578082ebf4d52fd3fd9d4eb835ae67a8dd410a685fa5c75980128ae3,1.163,0,62,47,0,47,15,75.80645161290323,82.3529411764706,94.73684210526316,85.71428571428571,67.44186046511628,66.66666666666667,743,15.808510638297872,0,0,0,0,5,0,0,0,0,0,5.6721,3.8569,5315,1163751,181,40,162,0.7568008705114254,4,0.965767,0.10868599999999998,139,5.6930000000000005,17.118000000000002,22.918,0,0.0,0.0,0,0,0,0,0,0,
K8_R0.90_T1_H1_A0.55M30_S8018_CENTRAL_FB_inprocess,8018,8,0.9,1,1,SWEEP,0.55,30.0,,CENTRAL_FB,inprocess,6bc4fe060154d7f33094aad321a63b1c9b506c792e1791acba3620fe681f997d,09ac766b1c3cc41d5e179e4cf9fdda9242a0b6219b1d7e1721ccef4ee5189367,1.167,0,62,48,0,48,14,77.41935483870968,82.3529411764706,94.73684210526316,85.71428571428571,69.76744186046511,72.72727272727273,717,14.9375,0,0,0,0,5,0,0,0,0,0,5.7022,3.8569,5261,1182561,181,42,162,0.7665198237885462,7,0.945051,0.12260399999999999,135,6.56,16.567,24.757,56,0.106,3.0599999999999996,0,0,0,0,0,0,
K8_R0.90_T1_H1_A0.55M30_S8018_HYBRID_inprocess,8018,8,0.9,1,1,SWEEP,0.55,30.0,,HYBRID,inprocess,6bc4fe060154d7f33094aad321a63b1c9b506c792e1791acba3620fe681f997d,c72c53c70f0672cea50c1bac436487385839380195edade603c0612e04e84c9b,1.053,0,62,48,0,48,14,77.41935483870968,82.3529411764706,94.73684210526316,85.71428571428571,69.76744186046511,72.72727272727273,717,14.9375,0,0,0,0,5,0,0,0,0,0,5.7022,3.8569,5261,1182561,181,42,162,0.7665198237885462,7,0.860388,0.11066400000000001,135,4.9350000000000005,16.124,18.360999999999997,56,0.098,4.382,0,0,0,0,0,0,
K8_R0.90_T1_H1_A0.55M30_S8018_HYBRID_EAGER_inprocess,8018,8,0.9,1,1,SWEEP,0.55,30.0,,HYBRID_EAGER,inprocess,6bc4fe060154d7f33094aad321a63b1c9b506c792e1791acba3620fe681f997d,cbad9c7fcf9dc6cb4559ba302e5fea275fedb73a1614cd66f4da853c488939a7,1.081,0,62,49,0,49,13,79.03225806451613,82.3529411764706,89.47368421052632,71.42857142857143,74.4186046511628,75.75757575757575,744,15.183673469387756,0,0,0,0,6,1,1,0,8,28,10.9727,3.8569,5207,1171785,172,37,162,0.7638190954773869,5,0.873811,0.119132,125,6.785,15.826,19.134999999999998,69,0.127,3.027,0,0,0,0,0,0,
K8_R0.90_T1_H1_A0.55M30_S8018_EDGE_MARKET_inprocess,8018,8,0.9,1,1,SWEEP,0.55,30.0,,EDGE_MARKET,inprocess,6bc4fe060154d7f33094aad321a63b1c9b506c792e1791acba3620fe681f997d,aad93e31819674cf1dcbaf8db40b527e340b99cba80360a5635cee757d9ad1cd,0.218,0,62,46,0,46,16,74.19354838709677,77.45098039215686,73.6842105263158,71.42857142857143,74.4186046511628,72.72727272727273,721,15.673913043478262,0,0,0,0,6,0,0,0,0,0,5.6776,3.8569,4395,1181642,159,28,135,0.5726277372262774,3,0.01963,0.147316,96,0.034999999999999996,0.12999999999999998,0.166,566,0.424,2.381,0,25,0,0,0,0,
K8_R0.90_T1_H1_A0.95M5_S8019_CENTRAL_FB_inprocess,8019,8,0.9,1,1,SWEEP,0.95,5.0,,CENTRAL_FB,inprocess,0d26d01b603ef0de4dd471ba2749cfe9f81ae0f6a4cc3a8039e91c2a74e18a6a,8ae518746869ef6c5dbc67be01f0879b14da294b456701c95a92aede50e351a8,0.845,0,62,58,1,59,3,95.16129032258064,94.6236559139785,91.66666666666667,100.0,96.0,96.42857142857143,810,13.728813559322035,0,0,0,0,7,0,0,0,0,0,5.667,3.8821,5037,1134946,266,40,15,0.04338441614504641,0,0.667601,0.104597,102,3.637,25.051000000000002,32.667,10,2.921,2.921,0,0,0,0,0,0,
K8_R0.90_T1_H1_A0.95M5_S8019_CENTRAL_inprocess,8019,8,0.9,1,1,SWEEP,0.95,5.0,,CENTRAL,inprocess,0d26d01b603ef0de4dd471ba2749cfe9f81ae0f6a4cc3a8039e91c2a74e18a6a,7ede3086671cf2122a4a85cb09a97b06457be9929933eb56b9deff521560616b,0.941,0,62,56,1,57,5,91.93548387096774,93.54838709677419,91.66666666666667,100.0,92.0,85.71428571428571,822,14.421052631578947,7,7,0,0,6,0,0,0,0,0,5.6586,3.8821,5054,1133818,255,44,15,0.03942575530319263,0,0.742643,0.105647,105,3.859,26.046,38.244,0,0.0,0.0,0,1,0,0,0,0,
K8_R0.90_T1_H1_A0.95M5_S8019_HYBRID_inprocess,8019,8,0.9,1,1,SWEEP,0.95,5.0,,HYBRID,inprocess,0d26d01b603ef0de4dd471ba2749cfe9f81ae0f6a4cc3a8039e91c2a74e18a6a,a3e151e23712d0e7ebaef2ed659404542f09c06530631c7c5e7b44d42c4af69c,0.859,0,62,58,1,59,3,95.16129032258064,94.6236559139785,91.66666666666667,100.0,96.0,96.42857142857143,810,13.728813559322035,0,0,0,0,7,0,0,0,0,0,5.667,3.8821,5037,1134946,266,40,15,0.04338441614504641,0,0.679986,0.104693,102,3.609,22.178,38.454,10,2.922,2.922,0,0,0,0,0,0,
K8_R0.90_T1_H1_A0.95M5_S8019_HYBRID_EAGER_inprocess,8019,8,0.9,1,1,SWEEP,0.95,5.0,,HYBRID_EAGER,inprocess,0d26d01b603ef0de4dd471ba2749cfe9f81ae0f6a4cc3a8039e91c2a74e18a6a,547012924974197f81d09727c2c19b93113e8deb532ce711a417eb3ba27059fb,0.903,0,62,58,1,59,3,95.16129032258064,94.6236559139785,91.66666666666667,100.0,96.0,96.42857142857143,810,13.728813559322035,0,0,0,0,7,0,0,0,0,0,5.667,3.8821,5037,1134916,266,40,15,0.04338441614504641,0,0.690748,0.11292500000000001,102,3.716,29.065,34.437000000000005,20,0.044,3.032,0,0,0,0,0,0,
K8_R0.90_T1_H1_A0.95M5_S8019_EDGE_MARKET_inprocess,8019,8,0.9,1,1,SWEEP,0.95,5.0,,EDGE_MARKET,inprocess,0d26d01b603ef0de4dd471ba2749cfe9f81ae0f6a4cc3a8039e91c2a74e18a6a,b1d4380943dbd569acec7e4a2b7cf27e73474b3b3821722de5248d3cb0394b45,0.235,0,62,52,1,53,9,85.48387096774194,83.87096774193549,75.0,60.0,88.0,89.28571428571429,884,16.67924528301887,0,0,0,0,8,0,0,0,0,0,5.6572,3.8821,4271,1104678,191,35,21,0.024897330595482547,0,0.029203,0.139623,70,0.068,0.09899999999999999,0.155,467,0.486,2.983,0,12,0,0,0,0,
K8_R0.90_T1_H1_A0.95M15_S8019_CENTRAL_inprocess,8019,8,0.9,1,1,SWEEP,0.95,15.0,,CENTRAL,inprocess,f8edc71d3b3c4f4fb0b6684cae92738bb506015e27209a0c3a79a51e9459fc29,1b8c0dfad00cff3d45f434d7551e9f48a6fec81ca338004f3b0f409b94a1e6b6,0.973,0,62,54,1,55,7,88.70967741935483,91.39784946236558,91.66666666666667,100.0,88.0,85.71428571428571,802,14.581818181818182,0,0,0,0,6,1,1,0,10,8,8.8148,3.8821,5180,1133245,273,48,37,0.045950958170204,0,0.784325,0.09445600000000001,98,5.628,28.663,39.209,0,0.0,0.0,0,0,0,0,0,0,
K8_R0.90_T1_H1_A0.95M15_S8019_CENTRAL_FB_inprocess,8019,8,0.9,1,1,SWEEP,0.95,15.0,,CENTRAL_FB,inprocess,f8edc71d3b3c4f4fb0b6684cae92738bb506015e27209a0c3a79a51e9459fc29,0f4de19a2b6b60b23b6a1295a3b0e0fc08bde26e217e215bc838184465e59d25,0.894,0,62,54,1,55,7,88.70967741935483,91.39784946236558,91.66666666666667,100.0,88.0,85.71428571428571,802,14.581818181818182,0,0,0,0,6,1,1,0,10,8,8.8148,3.8821,5180,1133245,273,48,37,0.045950958170204,0,0.734101,0.09118500000000002,98,5.435,21.014000000000003,39.449999999999996,5,0.024,0.024,0,0,0,0,0,0,
K8_R0.90_T1_H1_A0.95M15_S8019_HYBRID_inprocess,8019,8,0.9,1,1,SWEEP,0.95,15.0,,HYBRID,inprocess,f8edc71d3b3c4f4fb0b6684cae92738bb506015e27209a0c3a79a51e9459fc29,e51a876bd387f7dfb809101bdaee9811f4c5aaa072c68e800f25d5b90b5aac54,0.953,0,62,54,1,55,7,88.70967741935483,91.39784946236558,91.66666666666667,100.0,88.0,85.71428571428571,802,14.581818181818182,0,0,0,0,6,1,1,0,10,8,8.8148,3.8821,5180,1133245,273,48,37,0.045950958170204,0,0.765888,0.09044700000000001,98,5.791,21.663,34.251,6,0.020999999999999998,0.020999999999999998,0,0,0,0,0,0,
K8_R0.90_T1_H1_A0.95M15_S8019_HYBRID_EAGER_inprocess,8019,8,0.9,1,1,SWEEP,0.95,15.0,,HYBRID_EAGER,inprocess,f8edc71d3b3c4f4fb0b6684cae92738bb506015e27209a0c3a79a51e9459fc29,4b54a6a1b6aed67faa57d0b498e7cbf6e538aeed01cb4394954490e91439a1cc,0.944,0,62,54,1,55,7,88.70967741935483,91.39784946236558,91.66666666666667,100.0,88.0,85.71428571428571,802,14.581818181818182,0,0,0,0,6,1,1,0,10,8,8.8148,3.8821,5180,1133227,273,48,37,0.045950958170204,0,0.768985,0.09758700000000001,98,5.689,24.499,33.391999999999996,9,0.112,0.112,0,0,0,0,0,0,
K8_R0.90_T1_H1_A0.95M15_S8019_EDGE_MARKET_inprocess,8019,8,0.9,1,1,SWEEP,0.95,15.0,,EDGE_MARKET,inprocess,f8edc71d3b3c4f4fb0b6684cae92738bb506015e27209a0c3a79a51e9459fc29,5f0fbe4b9be24ccb2256e226bd3c1ffe82e05fc3517db2c19f5767c579cbbd8d,0.196,0,62,53,1,54,8,87.09677419354838,87.09677419354838,83.33333333333333,80.0,88.0,85.71428571428571,878,16.25925925925926,0,0,0,0,7,0,0,0,0,0,6.0929,3.8821,4220,1094577,233,44,49,0.05617108992527699,0,0.024401,0.115737,63,0.053,0.075,0.116,411,0.39399999999999996,2.327,0,11,0,0,0,0,
K8_R0.90_T1_H1_A0.95M30_S8019_CENTRAL_inprocess,8019,8,0.9,1,1,SWEEP,0.95,30.0,,CENTRAL,inprocess,53a2fc7cf1571289fefee3a0f0a44510c694db738893065c87308fa70a2b9a3e,39ef57b1261e1f8ddc889c3184d7b68b8e85b3ba3b006a8e9e763a0c4219da4b,0.961,0,62,56,1,57,5,91.93548387096774,93.54838709677419,91.66666666666667,100.0,92.0,89.28571428571429,797,13.982456140350877,0,0,0,0,6,0,0,0,0,0,6.3483,3.8821,5176,1144196,270,43,67,0.12631145854762393,1,0.767697,0.089731,100,4.0280000000000005,22.848,39.144,0,0.0,0.0,0,0,0,0,0,0,
K8_R0.90_T1_H1_A0.95M30_S8019_CENTRAL_FB_inprocess,8019,8,0.9,1,1,SWEEP,0.95,30.0,,CENTRAL_FB,inprocess,53a2fc7cf1571289fefee3a0f0a44510c694db738893065c87308fa70a2b9a3e,2fc00ad53508237d6c4fa85ef2fb48c34dc75cc3b442c09f9364784f8737de33,1.009,0,62,56,1,57,5,91.93548387096774,93.54838709677419,91.66666666666667,100.0,92.0,89.28571428571429,797,13.982456140350877,0,0,0,0,6,0,0,0,0,0,6.3483,3.8821,5176,1144196,270,43,67,0.12631145854762393,1,0.781348,0.09905099999999999,100,4.487,24.091,35.044,9,0.015000000000000001,0.015000000000000001,0,0,0,0,0,0,
K8_R0.90_T1_H1_A0.95M30_S8019_HYBRID_inprocess,8019,8,0.9,1,1,SWEEP,0.95,30.0,,HYBRID,inprocess,53a2fc7cf1571289fefee3a0f0a44510c694db738893065c87308fa70a2b9a3e,199a5e05e774c0183ff5fd9164f50d250367b4f4ddcc9c7c6d5aec59684ce87c,0.921,0,62,56,1,57,5,91.93548387096774,93.54838709677419,91.66666666666667,100.0,92.0,89.28571428571429,797,13.982456140350877,0,0,0,0,6,0,0,0,0,0,6.3483,3.8821,5176,1144196,270,43,67,0.12631145854762393,1,0.756608,0.09110499999999999,100,3.536,24.965,31.773000000000003,9,0.012,0.012,0,0,0,0,0,0,
K8_R0.90_T1_H1_A0.95M30_S8019_HYBRID_EAGER_inprocess,8019,8,0.9,1,1,SWEEP,0.95,30.0,,HYBRID_EAGER,inprocess,53a2fc7cf1571289fefee3a0f0a44510c694db738893065c87308fa70a2b9a3e,4ce70282e131136fdd11aa3ed96cc13ad696884d7058c0c16a3bef3216106fb0,1.023,0,62,56,1,57,5,91.93548387096774,91.39784946236558,83.33333333333333,80.0,94.0,92.85714285714286,759,13.31578947368421,0,0,0,0,6,0,0,0,0,0,6.3483,3.8821,5172,1144165,271,36,67,0.11730808808396789,1,0.81185,0.09928000000000001,100,4.41,25.814,28.845,11,0.041,0.041,0,0,0,0,0,0,
K8_R0.90_T1_H1_A0.95M30_S8019_EDGE_MARKET_inprocess,8019,8,0.9,1,1,SWEEP,0.95,30.0,,EDGE_MARKET,inprocess,53a2fc7cf1571289fefee3a0f0a44510c694db738893065c87308fa70a2b9a3e,6ae1bfc371867018291d7a2e3d1a3a283e1a50f51cb081dd4dfd4b8cb1f3f3c2,0.276,0,62,52,1,53,9,85.48387096774194,88.17204301075269,91.66666666666667,100.0,84.0,89.28571428571429,892,16.830188679245282,0,0,0,0,7,0,0,0,0,0,5.6484,3.8821,4379,1130577,223,32,67,0.13966068355052866,2,0.033003,0.15645599999999998,83,0.076,0.176,0.217,581,0.446,4.971,0,13,0,0,0,0,
K8_R0.90_T1_H1_A0.85M5_S8019_CENTRAL_inprocess,8019,8,0.9,1,1,SWEEP,0.85,5.0,,CENTRAL,inprocess,8600a97f2aa29358cb67c41970e409605a7a68be41d92be474198c0c8016cced,351cf448c4fb272bee5417c347f013e5dce0a2f2b5b19e78743b9c3758ebe512,0.921,0,62,54,1,55,7,88.70967741935483,91.39784946236558,100.0,100.0,86.0,78.57142857142857,908,16.509090909090908,3,3,0,0,7,0,0,0,0,0,5.6267,3.8821,5327,1178837,236,38,21,0.15043869034881233,0,0.76002,0.085137,140,2.817,19.807000000000002,43.767,0,0.0,0.0,0,0,0,0,0,0,
K8_R0.90_T1_H1_A0.85M5_S8019_CENTRAL_FB_inprocess,8019,8,0.9,1,1,SWEEP,0.85,5.0,,CENTRAL_FB,inprocess,8600a97f2aa29358cb67c41970e409605a7a68be41d92be474198c0c8016cced,2035466cb8184dcb9892769d94d951d8d6405c0bb5c4e97c991cb190da92987a,1.088,0,62,54,1,55,7,88.70967741935483,91.39784946236558,100.0,100.0,86.0,78.57142857142857,908,16.509090909090908,3,3,0,0,7,0,0,0,0,0,5.6267,3.8821,5327,1178837,236,38,21,0.15043869034881233,0,0.89193,0.10425000000000001,140,3.722,23.343,43.537,14,0.467,2.29,0,0,0,0,0,0,
K8_R0.90_T1_H1_A0.85M5_S8019_HYBRID_inprocess,8019,8,0.9,1,1,SWEEP,0.85,5.0,,HYBRID,inprocess,8600a97f2aa29358cb67c41970e409605a7a68be41d92be474198c0c8016cced,e365dfe256376e72a492e6fd2ff481c11b017206aed06a66ab8d09a3421c4d9d,1.108,0,62,54,1,55,7,88.70967741935483,91.39784946236558,100.0,100.0,86.0,78.57142857142857,908,16.509090909090908,3,3,0,0,7,0,0,0,0,0,5.6267,3.8821,5327,1178837,236,38,21,0.15043869034881233,0,0.887937,0.108893,140,3.5860000000000003,27.816,43.785,14,0.371,2.8890000000000002,0,0,0,0,0,0,
K8_R0.90_T1_H1_A0.85M5_S8019_EDGE_MARKET_inprocess,8019,8,0.9,1,1,SWEEP,0.85,5.0,,EDGE_MARKET,inprocess,8600a97f2aa29358cb67c41970e409605a7a68be41d92be474198c0c8016cced,13d159e30718e53b3f69e8acdaf05983a93b324c29811886f4a943e9b2208dbd,0.241,0,62,53,1,54,8,87.09677419354838,89.24731182795699,91.66666666666667,100.0,86.0,92.85714285714286,951,17.61111111111111,0,0,0,0,6,0,0,0,0,0,5.6656,3.8821,4315,1114051,204,37,21,0.08608360836083609,0,0.025141,0.13607399999999997,82,0.053,0.076,0.15,520,0.38699999999999996,10.1,0,14,0,0,0,0,
K8_R0.90_T1_H1_A0.85M5_S8019_HYBRID_EAGER_inprocess,8019,8,0.9,1,1,SWEEP,0.85,5.0,,HYBRID_EAGER,inprocess,8600a97f2aa29358cb67c41970e409605a7a68be41d92be474198c0c8016cced,dcd29a5edd9cec2e8eaf98882ed5a6bf753ab40a97e87bc20a20aa7538d0e82a,1.23,0,62,53,1,54,8,87.09677419354838,90.3225806451613,100.0,100.0,84.0,82.14285714285714,863,15.981481481481481,0,0,0,0,6,0,0,0,0,0,5.6483,3.8821,5226,1152747,248,42,21,0.14436387607119314,0,1.008921,0.122353,142,3.756,26.512999999999998,35.202999999999996,40,0.13999999999999999,2.871,0,0,0,0,0,0,
K8_R0.90_T1_H1_A0.85M15_S8019_CENTRAL_inprocess,8019,8,0.9,1,1,SWEEP,0.85,15.0,,CENTRAL,inprocess,744105cf26b7ece255fc5b416bbab3af0dbe2dac30c3b544e7ed18dc4b7f742f,9c08ea186070fb77ed16a1ab598ef264c2788a5382b53fa6d0fee3c57906b343,0.712,0,62,56,1,57,5,91.93548387096774,90.3225806451613,83.33333333333333,80.0,94.0,92.85714285714286,841,14.75438596491228,0,0,0,0,8,0,0,0,0,0,5.6577,3.8821,5223,1176314,252,43,30,0.11497267759562842,1,0.568791,0.082016,106,3.282,17.767000000000003,28.602,0,0.0,0.0,0,1,0,0,0,0,
K8_R0.90_T1_H1_A0.85M15_S8019_CENTRAL_FB_inprocess,8019,8,0.9,1,1,SWEEP,0.85,15.0,,CENTRAL_FB,inprocess,744105cf26b7ece255fc5b416bbab3af0dbe2dac30c3b544e7ed18dc4b7f742f,f06454b01488ebe2cc3ffc4222bf0f71fcfe0dea11df4e00a0257cc62f7ad742,0.937,0,62,55,1,56,6,90.3225806451613,91.39784946236558,91.66666666666667,100.0,90.0,92.85714285714286,865,15.446428571428571,0,0,0,0,8,0,0,0,0,0,5.6593,3.8821,5225,1175799,249,37,31,0.12162750217580505,1,0.754651,0.101117,108,4.642,22.334,38.601000000000006,21,0.2,0.408,0,1,0,0,0,0,
K8_R0.90_T1_H1_A0.85M15_S8019_HYBRID_inprocess,8019,8,0.9,1,1,SWEEP,0.85,15.0,,HYBRID,inprocess,744105cf26b7ece255fc5b416bbab3af0dbe2dac30c3b544e7ed18dc4b7f742f,bf25de83ad158407f141c9bef4d3a8434e9e3028f71f1493958769bc8a83aadd,0.736,0,62,55,1,56,6,90.3225806451613,91.39784946236558,91.66666666666667,100.0,90.0,92.85714285714286,865,15.446428571428571,0,0,0,0,8,0,0,0,0,0,5.6593,3.8821,5225,1175799,249,37,31,0.12162750217580505,1,0.584223,0.084419,108,3.438,17.659000000000002,34.573,21,0.085,0.34900000000000003,0,1,0,0,0,0,
K8_R0.90_T1_H1_A0.85M15_S8019_EDGE_MARKET_inprocess,8019,8,0.9,1,1,SWEEP,0.85,15.0,,EDGE_MARKET,inprocess,744105cf26b7ece255fc5b416bbab3af0dbe2dac30c3b544e7ed18dc4b7f742f,c47e370a60ccfa028dc01bb122a7d08298acab8da3dd2a0d730c4e7dac87c4b2,0.198,0,62,52,1,53,9,85.48387096774194,88.17204301075269,91.66666666666667,100.0,84.0,89.28571428571429,859,16.20754716981132,0,0,0,0,6,0,0,0,0,0,7.9401,3.8821,4320,1115850,180,28,48,0.10486280901928824,0,0.023408,0.12017400000000002,86,0.05,0.103,0.125,523,0.354,2.618,0,12,0,0,0,0,
K8_R0.90_T1_H1_A0.85M15_S8019_HYBRID_EAGER_inprocess,8019,8,0.9,1,1,SWEEP,0.85,15.0,,HYBRID_EAGER,inprocess,744105cf26b7ece255fc5b416bbab3af0dbe2dac30c3b544e7ed18dc4b7f742f,a2419ef37d4b468859aa4b50769451257149eb5954a51a2591fa85608795086d,0.797,0,62,55,1,56,6,90.3225806451613,91.39784946236558,91.66666666666667,100.0,90.0,92.85714285714286,865,15.446428571428571,0,0,0,0,8,0,0,0,0,0,5.6593,3.8821,5225,1175684,249,37,31,0.12162750217580505,1,0.627844,0.09370200000000001,108,3.509,22.418,37.399,29,0.094,0.602,0,1,0,0,0,0,
K8_R0.90_T1_H1_A0.85M30_S8019_CENTRAL_inprocess,8019,8,0.9,1,1,SWEEP,0.85,30.0,,CENTRAL,inprocess,f80c629f8bea7792bb44ac8bd14e3e26353a53b7e7f63e93d47815de8d63ba5a,26130948546a7fd909eff44f4a2ceac1740d7bc8b4dbf75d14085f5c1c30af2b,0.727,0,62,51,1,52,10,83.87096774193549,86.02150537634408,100.0,100.0,80.0,89.28571428571429,842,16.192307692307693,0,0,0,0,7,0,0,0,0,0,5.6604,3.8821,5374,1163891,229,40,96,0.3261600537995965,2,0.574135,0.081161,108,4.333,13.311,17.187,0,0.0,0.0,0,0,0,0,0,0,
K8_R0.90_T1_H1_A0.85M30_S8019_CENTRAL_FB_inprocess,8019,8,0.9,1,1,SWEEP,0.85,30.0,,CENTRAL_FB,inprocess,f80c629f8bea7792bb44ac8bd14e3e26353a53b7e7f63e93d47815de8d63ba5a,e4c3bcb2c11ac93cc1b5a18741503e3ee3158add4f71411661eb648fd47f28b0,0.797,0,62,51,1,52,10,83.87096774193549,86.02150537634408,100.0,100.0,80.0,89.28571428571429,842,16.192307692307693,0,0,0,0,7,0,0,0,0,0,5.6604,3.8821,5374,1163891,229,40,96,0.3261600537995965,2,0.611213,0.104081,108,4.992,13.177,17.044,36,2.113,2.314,0,0,0,0,0,0,
K8_R0.90_T1_H1_A0.85M30_S8019_HYBRID_inprocess,8019,8,0.9,1,1,SWEEP,0.85,30.0,,HYBRID,inprocess,f80c629f8bea7792bb44ac8bd14e3e26353a53b7e7f63e93d47815de8d63ba5a,2a3b2bccfba3c9422c554bd217a3e2ad945918d20ed9910ef0ecfdd55f45da1e,0.958,0,62,51,1,52,10,83.87096774193549,86.02150537634408,100.0,100.0,80.0,89.28571428571429,842,16.192307692307693,0,0,0,0,7,0,0,0,0,0,5.6604,3.8821,5374,1163891,229,40,96,0.3261600537995965,2,0.719281,0.101372,108,6.086,16.702,20.315,36,2.162,2.366,0,0,0,0,0,0,
K8_R0.90_T1_H1_A0.85M30_S8019_HYBRID_EAGER_inprocess,8019,8,0.9,1,1,SWEEP,0.85,30.0,,HYBRID_EAGER,inprocess,f80c629f8bea7792bb44ac8bd14e3e26353a53b7e7f63e93d47815de8d63ba5a,d9b22eaa0cccc7e7b04188ed3a7685a43d3b65041fd437f3d7879fe18ff7523c,0.832,0,62,51,1,52,10,83.87096774193549,86.02150537634408,100.0,100.0,80.0,89.28571428571429,842,16.192307692307693,0,0,0,0,7,0,0,0,0,0,5.6604,3.8821,5374,1163868,229,40,96,0.3261600537995965,2,0.653651,0.10190199999999999,108,5.0,16.385,27.989,38,2.385,4.449,0,0,0,0,0,0,
K8_R0.90_T1_H1_A0.85M30_S8019_EDGE_MARKET_inprocess,8019,8,0.9,1,1,SWEEP,0.85,30.0,,EDGE_MARKET,inprocess,f80c629f8bea7792bb44ac8bd14e3e26353a53b7e7f63e93d47815de8d63ba5a,4d7cb1ee364c626004e9f168914aa296a38bcb2a5a3b4a98e8f8d6100b5cf031,0.192,0,62,52,1,53,9,85.48387096774194,87.09677419354838,83.33333333333333,100.0,86.0,89.28571428571429,774,14.60377358490566,0,0,0,0,5,0,0,0,0,0,5.6687,3.8821,4280,1089780,162,34,97,0.3795162735144819,3,0.020997,0.11974399999999999,75,0.041999999999999996,0.1,0.195,486,0.373,2.4659999999999997,0,18,0,0,0,0,
K8_R0.90_T1_H1_A0.75M5_S8019_CENTRAL_inprocess,8019,8,0.9,1,1,SWEEP,0.75,5.0,,CENTRAL,inprocess,86859e976cab6b4fa3040f5839a36457e0b47425af3a0d287eb99ccebfe32644,a8186ce7d5b010f9b174a41967bc23cb1a4032417cc25fa331726011f31684b1,1.291,0,62,54,1,55,7,88.70967741935483,89.24731182795699,83.33333333333333,100.0,90.0,78.57142857142857,808,14.690909090909091,0,0,0,0,7,0,0,0,0,0,5.6644,3.8936,5945,1234461,228,53,24,0.32850142915475705,0,1.065653,0.10811099999999998,196,3.453,18.211000000000002,34.28,0,0.0,0.0,0,1,0,0,0,0,
K8_R0.90_T1_H1_A0.75M5_S8019_CENTRAL_FB_inprocess,8019,8,0.9,1,1,SWEEP,0.75,5.0,,CENTRAL_FB,inprocess,86859e976cab6b4fa3040f5839a36457e0b47425af3a0d287eb99ccebfe32644,cf1de3dc729a7847d5b649e8a62ab3503df3e18191db6586bcff9ab13bee7cb3,1.212,0,62,54,1,55,7,88.70967741935483,91.39784946236558,100.0,100.0,86.0,85.71428571428571,866,15.745454545454546,0,0,0,0,7,0,0,0,0,0,6.3668,3.8936,6002,1241428,243,37,24,0.31533171521035597,1,0.999526,0.108141,193,3.886,15.979000000000001,36.485,30,0.432,2.334,0,0,0,0,0,0,
K8_R0.90_T1_H1_A0.75M5_S8019_HYBRID_inprocess,8019,8,0.9,1,1,SWEEP,0.75,5.0,,HYBRID,inprocess,86859e976cab6b4fa3040f5839a36457e0b47425af3a0d287eb99ccebfe32644,d132468618a75c1431d1ed95931f392858baa97e8d008f9472c4376df184650b,1.396,0,62,54,1,55,7,88.70967741935483,91.39784946236558,100.0,100.0,86.0,85.71428571428571,866,15.745454545454546,0,0,0,0,7,0,0,0,0,0,6.3668,3.8936,6002,1241428,243,37,24,0.31533171521035597,1,1.175546,0.118713,193,4.069,18.791,39.849999999999994,30,0.64,2.8449999999999998,0,0,0,0,0,0,
K8_R0.90_T1_H1_A0.75M5_S8019_HYBRID_EAGER_inprocess,8019,8,0.9,1,1,SWEEP,0.75,5.0,,HYBRID_EAGER,inprocess,86859e976cab6b4fa3040f5839a36457e0b47425af3a0d287eb99ccebfe32644,01b169482e1fb16d3a6b7893bd405c9dca41ef107e12dce226bb723099769f5b,1.448,0,62,53,1,54,8,87.09677419354838,89.24731182795699,83.33333333333333,100.0,88.0,85.71428571428571,850,15.74074074074074,0,0,0,0,7,0,0,0,0,0,5.6691,3.8936,5838,1209967,242,41,24,0.34122825403479357,1,1.198015,0.13229000000000002,193,4.244000000000001,18.915000000000003,35.829,74,0.14100000000000001,2.853,0,0,0,0,0,0,
K8_R0.90_T1_H1_A0.75M5_S8019_EDGE_MARKET_inprocess,8019,8,0.9,1,1,SWEEP,0.75,5.0,,EDGE_MARKET,inprocess,86859e976cab6b4fa3040f5839a36457e0b47425af3a0d287eb99ccebfe32644,20b8b00cabb5995d7478deca039b04871d78356efcb94963e34a4e0c585e7f74,0.248,0,62,52,1,53,9,85.48387096774194,87.09677419354838,83.33333333333333,100.0,86.0,85.71428571428571,877,16.547169811320753,0,0,0,0,5,0,0,0,0,0,5.6334,3.8936,4285,1095263,162,29,22,0.13393412057178372,0,0.027312,0.152951,78,0.062,0.12300000000000001,0.18000000000000002,506,0.45399999999999996,5.159999999999999,0,13,0,0,0,0,
K8_R0.90_T1_H1_A0.75M15_S8019_CENTRAL_inprocess,8019,8,0.9,1,1,SWEEP,0.75,15.0,,CENTRAL,inprocess,5a41844809e69bd8c042e652dffc6e616f2a6e2ff8b6f2ec40d17aa3a0df798e,9b066f0d93577075cd08a4beab43dc5783b30d4a30a37e9876fe7e7525bc74b3,0.806,0,62,54,1,55,7,88.70967741935483,91.39784946236558,91.66666666666667,100.0,88.0,82.14285714285714,898,16.327272727272728,0,0,0,0,8,0,0,0,0,0,5.6733,3.8936,5197,1166433,217,42,75,0.30575793184488836,0,0.61595,0.10359900000000001,128,2.854,19.539,28.565,0,0.0,0.0,0,0,0,0,0,0,
K8_R0.90_T1_H1_A0.75M15_S8019_CENTRAL_FB_inprocess,8019,8,0.9,1,1,SWEEP,0.75,15.0,,CENTRAL_FB,inprocess,5a41844809e69bd8c042e652dffc6e616f2a6e2ff8b6f2ec40d17aa3a0df798e,6cca1a8d410556c42d7e71e2d86e2a00c4122636b199fa445173023ccacf770c,0.815,0,62,56,1,57,5,91.93548387096774,93.54838709677419,91.66666666666667,100.0,92.0,85.71428571428571,860,15.087719298245615,0,0,0,0,7,0,0,0,0,0,5.6736,3.8936,5158,1165963,198,44,75,0.28004722550177097,0,0.632944,0.092805,122,2.787,20.077,38.690000000000005,31,0.092,0.116,0,0,0,0,0,0,
K8_R0.90_T1_H1_A0.75M15_S8019_HYBRID_inprocess,8019,8,0.9,1,1,SWEEP,0.75,15.0,,HYBRID,inprocess,5a41844809e69bd8c042e652dffc6e616f2a6e2ff8b6f2ec40d17aa3a0df798e,0c74c9e5ff178bac0aa1474c14c97b2ab8a651ca8a911e072970652532b8f85d,0.765,0,62,56,1,57,5,91.93548387096774,93.54838709677419,91.66666666666667,100.0,92.0,85.71428571428571,860,15.087719298245615,0,0,0,0,7,0,0,0,0,0,5.6736,3.8936,5158,1165963,198,44,75,0.28004722550177097,0,0.581073,0.09482600000000001,122,2.75,18.223,23.171,31,0.074,0.08600000000000001,0,0,0,0,0,0,
K8_R0.90_T1_H1_A0.75M15_S8019_HYBRID_EAGER_inprocess,8019,8,0.9,1,1,SWEEP,0.75,15.0,,HYBRID_EAGER,inprocess,5a41844809e69bd8c042e652dffc6e616f2a6e2ff8b6f2ec40d17aa3a0df798e,e9045531b4b161b5a9382c44b60b297ef4d1f967776d7af4f3f8361a18e120d1,0.875,0,62,56,1,57,5,91.93548387096774,93.54838709677419,91.66666666666667,100.0,92.0,85.71428571428571,860,15.087719298245615,0,0,0,0,7,0,0,0,0,0,5.6736,3.8936,5158,1165774,198,44,75,0.28004722550177097,0,0.672693,0.102797,122,3.454,19.706999999999997,38.246,45,0.085,0.187,0,0,0,0,0,0,
K8_R0.90_T1_H1_A0.75M15_S8019_EDGE_MARKET_inprocess,8019,8,0.9,1,1,SWEEP,0.75,15.0,,EDGE_MARKET,inprocess,5a41844809e69bd8c042e652dffc6e616f2a6e2ff8b6f2ec40d17aa3a0df798e,5167221a9ca2a4ba46b91d34f64cd76016ec0c55e8b4ae3bd5489503f3f2a2f3,0.245,0,62,52,1,53,9,85.48387096774194,89.24731182795699,100.0,100.0,82.0,89.28571428571429,848,16.0,0,0,0,0,5,0,0,0,0,0,5.6334,3.8936,4307,1111745,190,30,48,0.14903129657228018,0,0.026773,0.152101,91,0.059,0.111,0.183,529,0.46799999999999997,3.005,0,13,0,0,0,0,
K8_R0.90_T1_H1_A0.75M30_S8019_CENTRAL_inprocess,8019,8,0.9,1,1,SWEEP,0.75,30.0,,CENTRAL,inprocess,511b9ed8d72ba41daa6a709a8773ad0e42b3e42a18e1d29780c426c02aa5351e,8c646636b0e60c0c5a4bd6b0782f49aac1a646a355ed29a99d8cbd26796c0664,0.82,0,62,52,1,53,9,85.48387096774194,88.17204301075269,91.66666666666667,100.0,84.0,85.71428571428571,861,16.245283018867923,0,0,0,0,5,0,0,0,0,0,5.937,3.8997,5025,1130032,196,38,111,0.38871308016877637,2,0.638532,0.102301,101,5.151,15.153,21.778,0,0.0,0.0,0,0,0,0,0,0,
K8_R0.90_T1_H1_A0.75M30_S8019_CENTRAL_FB_inprocess,8019,8,0.9,1,1,SWEEP,0.75,30.0,,CENTRAL_FB,inprocess,511b9ed8d72ba41daa6a709a8773ad0e42b3e42a18e1d29780c426c02aa5351e,18197098e076dc5098915bb33512ed50f32d3e5044814ab464eb906ce340c4c8,0.786,0,62,52,1,53,9,85.48387096774194,88.17204301075269,91.66666666666667,100.0,84.0,85.71428571428571,861,16.245283018867923,0,0,0,0,5,0,0,0,0,0,5.937,3.8997,5025,1129954,196,38,111,0.38871308016877637,2,0.586935,0.10562400000000002,101,4.18,15.323,28.031,52,0.048,2.387,0,0,0,0,0,0,
K8_R0.90_T1_H1_A0.75M30_S8019_HYBRID_inprocess,8019,8,0.9,1,1,SWEEP,0.75,30.0,,HYBRID,inprocess,511b9ed8d72ba41daa6a709a8773ad0e42b3e42a18e1d29780c426c02aa5351e,72d3c72073041da5de390bfe4b1f7e5a89042071fcb4b25662e6ed6a719b61aa,0.799,0,62,52,1,53,9,85.48387096774194,88.17204301075269,91.66666666666667,100.0,84.0,85.71428571428571,861,16.245283018867923,0,0,0,0,5,0,0,0,0,0,5.937,3.8997,5025,1129954,196,38,111,0.38871308016877637,2,0.609679,0.11157900000000001,101,5.465,14.451,23.371,52,0.028,3.048,0,0,0,0,0,0,
K8_R0.90_T1_H1_A0.75M30_S8019_HYBRID_EAGER_inprocess,8019,8,0.9,1,1,SWEEP,0.75,30.0,,HYBRID_EAGER,inprocess,511b9ed8d72ba41daa6a709a8773ad0e42b3e42a18e1d29780c426c02aa5351e,8569fac3780435dac9dc03521d1915ccb88835d1c5ac114e8c6b84a5e0092fd8,0.844,0,62,52,1,53,9,85.48387096774194,88.17204301075269,91.66666666666667,100.0,84.0,85.71428571428571,861,16.245283018867923,0,0,0,0,5,0,0,0,0,0,5.937,3.8997,5025,1129954,196,38,111,0.38871308016877637,2,0.648011,0.109093,101,5.452,16.497999999999998,19.508000000000003,56,0.114,2.341,0,0,0,0,0,0,
K8_R0.90_T1_H1_A0.75M30_S8019_EDGE_MARKET_inprocess,8019,8,0.9,1,1,SWEEP,0.75,30.0,,EDGE_MARKET,inprocess,511b9ed8d72ba41daa6a709a8773ad0e42b3e42a18e1d29780c426c02aa5351e,b286e79dea6487d5b0ec40b09f202bc376bad5897f596838d302adc3f410c455,0.225,0,62,52,1,53,9,85.48387096774194,84.94623655913979,75.0,100.0,88.0,92.85714285714286,865,16.32075471698113,0,0,0,0,5,0,0,0,0,0,7.9819,3.8997,4214,1076188,147,40,112,0.46001344086021506,2,0.022777,0.140669,64,0.051,0.116,0.228,417,0.443,2.895,0,17,0,0,0,0,
K8_R0.90_T1_H1_A0.65M5_S8019_CENTRAL_inprocess,8019,8,0.9,1,1,SWEEP,0.65,5.0,,CENTRAL,inprocess,9c98e73aabcd49b946867837f34a3419e80eda93bc14c56d6d71a5cd786f963a,af0eb22086d0fe337fb8cf46608e5bd7275e2d48a0000511ae66e807a404ec57,1.164,0,62,55,1,56,6,90.3225806451613,92.47311827956989,100.0,100.0,88.0,89.28571428571429,950,16.964285714285715,2,2,0,0,8,0,0,0,0,0,5.6726,3.8936,5845,1218670,206,39,28,0.43713384407390715,3,0.968984,0.098763,223,2.5669999999999997,15.403,31.477999999999998,0,0.0,0.0,0,0,0,0,0,0,
K8_R0.90_T1_H1_A0.65M5_S8019_CENTRAL_FB_inprocess,8019,8,0.9,1,1,SWEEP,0.65,5.0,,CENTRAL_FB,inprocess,9c98e73aabcd49b946867837f34a3419e80eda93bc14c56d6d71a5cd786f963a,feb3d692e5d31880cb353441f2d789ad16ab86d4c8d0d4ae09297c65f82ec061,1.044,0,62,55,1,56,6,90.3225806451613,92.47311827956989,91.66666666666667,100.0,90.0,85.71428571428571,827,14.767857142857142,0,0,0,0,6,0,0,0,0,0,5.6655,3.8936,5658,1204850,243,35,28,0.4371752479924421,3,0.882714,0.095472,213,2.002,16.349,29.902,35,0.091,2.917,0,0,0,0,0,0,
K8_R0.90_T1_H1_A0.65M5_S8019_HYBRID_inprocess,8019,8,0.9,1,1,SWEEP,0.65,5.0,,HYBRID,inprocess,9c98e73aabcd49b946867837f34a3419e80eda93bc14c56d6d71a5cd786f963a,abf43d3e12877d14f9b48876c2a0e6c16f66c1800f8ab31402eca147632adafa,1.213,0,62,55,1,56,6,90.3225806451613,92.47311827956989,91.66666666666667,100.0,90.0,85.71428571428571,827,14.767857142857142,0,0,0,0,6,0,0,0,0,0,5.6655,3.8936,5658,1204850,243,35,28,0.4371752479924421,3,0.998551,0.118622,213,2.524,18.783,31.182000000000002,35,0.1,3.1229999999999998,0,0,0,0,0,0,
K8_R0.90_T1_H1_A0.65M5_S8019_HYBRID_EAGER_inprocess,8019,8,0.9,1,1,SWEEP,0.65,5.0,,HYBRID_EAGER,inprocess,9c98e73aabcd49b946867837f34a3419e80eda93bc14c56d6d71a5cd786f963a,d86bc474b83000751952d7b8005f44d0ff423604957d633fa08ca8083b322be4,1.224,0,62,56,1,57,5,91.93548387096774,89.24731182795699,83.33333333333333,60.0,94.0,89.28571428571429,915,16.05263157894737,0,0,0,0,8,0,0,0,0,0,5.6652,3.8936,5760,1200342,256,38,29,0.4199953821288386,3,1.02344,0.11558800000000001,213,2.664,15.735,28.792,91,0.041999999999999996,2.4610000000000003,0,0,0,0,0,0,
K8_R0.90_T1_H1_A0.65M5_S8019_EDGE_MARKET_inprocess,8019,8,0.9,1,1,SWEEP,0.65,5.0,,EDGE_MARKET,inprocess,9c98e73aabcd49b946867837f34a3419e80eda93bc14c56d6d71a5cd786f963a,98b9cb6a2be1688919067559d457348604a8aee4d87c84e34619ab7a1478d491,0.224,0,62,53,1,54,8,87.09677419354838,89.24731182795699,91.66666666666667,100.0,86.0,89.28571428571429,930,17.22222222222222,0,0,0,0,7,0,0,0,0,0,5.6524,3.8936,4203,1091655,134,24,28,0.2012217031979878,1,0.023138,0.136943,61,0.052,0.13899999999999998,0.176,406,0.45,2.964,0,15,0,0,0,0,
K8_R0.90_T1_H1_A0.65M15_S8019_CENTRAL_inprocess,8019,8,0.9,1,1,SWEEP,0.65,15.0,,CENTRAL,inprocess,8d641728dc99c2b371717fdba472e3f8bb09d132dfe2c07b4cb5d2746f7958ee,ddf99f803cc47a86bf35d28da869d60f91a30e4da10f23d20197fe1c205ca4f9,0.869,0,62,53,1,54,8,87.09677419354838,86.02150537634408,75.0,80.0,90.0,89.28571428571429,854,15.814814814814815,0,0,0,0,7,0,0,0,0,0,5.6437,3.8936,5109,1161543,218,38,48,0.3325646938252626,4,0.653875,0.091542,138,2.978,15.984000000000002,34.428,0,0.0,0.0,0,1,0,0,0,0,
K8_R0.90_T1_H1_A0.65M15_S8019_CENTRAL_FB_inprocess,8019,8,0.9,1,1,SWEEP,0.65,15.0,,CENTRAL_FB,inprocess,8d641728dc99c2b371717fdba472e3f8bb09d132dfe2c07b4cb5d2746f7958ee,6ac5b09c9fdc1ca336118c7a8a6ca34f0ad2cda9d39cb6bed18f83492e745dc8,0.929,0,62,54,1,55,7,88.70967741935483,88.17204301075269,83.33333333333333,80.0,90.0,92.85714285714286,853,15.50909090909091,0,0,0,0,6,0,0,0,0,0,7.2777,3.8936,5090,1160463,218,39,48,0.33384813384813383,0,0.726153,0.108153,136,3.105,21.781,43.381,36,0.104,0.107,0,1,0,0,0,0,
K8_R0.90_T1_H1_A0.65M15_S8019_HYBRID_inprocess,8019,8,0.9,1,1,SWEEP,0.65,15.0,,HYBRID,inprocess,8d641728dc99c2b371717fdba472e3f8bb09d132dfe2c07b4cb5d2746f7958ee,e7fb5f7178f33994a70becaa086407d995eb3d9635f3c97de54839869ba8af25,0.783,0,62,54,1,55,7,88.70967741935483,88.17204301075269,83.33333333333333,80.0,90.0,92.85714285714286,853,15.50909090909091,0,0,0,0,6,0,0,0,0,0,7.2777,3.8936,5090,1160463,218,39,48,0.33384813384813383,0,0.622977,0.09467199999999999,136,2.783,15.934000000000001,29.124000000000002,37,0.08399999999999999,0.115,0,1,0,0,0,0,
K8_R0.90_T1_H1_A0.65M15_S8019_EDGE_MARKET_inprocess,8019,8,0.9,1,1,SWEEP,0.65,15.0,,EDGE_MARKET,inprocess,8d641728dc99c2b371717fdba472e3f8bb09d132dfe2c07b4cb5d2746f7958ee,26a405537b95c8883b48a1ccc9debf16ba9a0cfbc366946671a752affd84380a,0.19,0,62,52,1,53,9,85.48387096774194,86.02150537634408,83.33333333333333,80.0,86.0,92.85714285714286,968,18.264150943396228,0,0,0,0,5,0,0,0,0,0,5.6207,3.8936,4164,1082021,147,29,48,0.21428571428571427,1,0.0205,0.115023,65,0.043000000000000003,0.074,0.11,376,0.395,2.977,0,11,0,0,0,0,
K8_R0.90_T1_H1_A0.65M15_S8019_HYBRID_EAGER_inprocess,8019,8,0.9,1,1,SWEEP,0.65,15.0,,HYBRID_EAGER,inprocess,8d641728dc99c2b371717fdba472e3f8bb09d132dfe2c07b4cb5d2746f7958ee,7e527f1a9654fe720b17e8979e905cf2c215209b93deaf2e39d21b09e5c303cd,0.914,0,62,54,1,55,7,88.70967741935483,88.17204301075269,83.33333333333333,80.0,90.0,96.42857142857143,853,15.50909090909091,0,0,0,0,6,0,0,0,0,0,7.2777,3.8936,5090,1160387,204,38,48,0.33376024590163933,0,0.707308,0.10924599999999998,136,3.004,22.093,30.828000000000003,56,0.11299999999999999,0.46799999999999997,0,1,0,0,0,0,
K8_R0.90_T1_H1_A0.65M30_S8019_CENTRAL_inprocess,8019,8,0.9,1,1,SWEEP,0.65,30.0,,CENTRAL,inprocess,d25a8990eab5898fc0a3534750cea197472103e8cf6ce1aa585bde7f8c6bcad6,847c2c5ed478ecd2128c7cf9e7cc9bc7055c975af230f8f1fc57ebf30ad3a758,0.572,0,62,51,1,52,10,83.87096774193549,84.94623655913979,91.66666666666667,100.0,82.0,82.14285714285714,772,14.846153846153847,0,0,0,0,6,0,0,0,0,0,5.6479,3.8997,4797,1092727,164,37,111,0.6843071275619456,4,0.412407,0.090197,101,3.504,11.809,17.854,0,0.0,0.0,0,1,0,0,0,0,
K8_R0.90_T1_H1_A0.65M30_S8019_CENTRAL_FB_inprocess,8019,8,0.9,1,1,SWEEP,0.65,30.0,,CENTRAL_FB,inprocess,d25a8990eab5898fc0a3534750cea197472103e8cf6ce1aa585bde7f8c6bcad6,de0e29aa2b29ec1f733028dbd92f6533304cbd44a847365c02312b617acac8cb,0.6,0,62,52,1,53,9,85.48387096774194,86.02150537634408,83.33333333333333,100.0,86.0,85.71428571428571,759,14.320754716981131,0,0,0,0,6,0,0,0,0,0,5.6721,3.8997,4789,1110180,162,35,111,0.6895494943303708,3,0.431158,0.097596,96,3.373,12.305,16.728,61,0.41,2.69,0,1,0,0,0,0,
K8_R0.90_T1_H1_A0.65M30_S8019_HYBRID_inprocess,8019,8,0.9,1,1,SWEEP,0.65,30.0,,HYBRID,inprocess,d25a8990eab5898fc0a3534750cea197472103e8cf6ce1aa585bde7f8c6bcad6,ccaf2786139f44d078994661f7ed919f9d0908838388f616a46b2c6f6ede761f,0.638,0,62,52,1,53,9,85.48387096774194,86.02150537634408,83.33333333333333,100.0,86.0,85.71428571428571,759,14.320754716981131,0,0,0,0,6,0,0,0,0,0,5.6721,3.8997,4789,1110180,162,35,111,0.6895494943303708,3,0.454677,0.109233,96,3.985,13.613,18.357,61,0.48500000000000004,3.7750000000000004,0,1,0,0,0,0,
K8_R0.90_T1_H1_A0.65M30_S8019_HYBRID_EAGER_inprocess,8019,8,0.9,1,1,SWEEP,0.65,30.0,,HYBRID_EAGER,inprocess,d25a8990eab5898fc0a3534750cea197472103e8cf6ce1aa585bde7f8c6bcad6,0836695e0f82506a115142705260110455ecdaf6e14bda121f20adff5333ca8b,0.559,0,62,52,1,53,9,85.48387096774194,86.02150537634408,83.33333333333333,100.0,86.0,85.71428571428571,759,14.320754716981131,0,0,0,0,6,0,0,0,0,0,5.6721,3.8997,4789,1110165,162,35,111,0.6895494943303708,3,0.388678,0.09438200000000002,96,3.155,11.188,15.521,69,0.513,2.275,0,1,0,0,0,0,
K8_R0.90_T1_H1_A0.65M30_S8019_EDGE_MARKET_inprocess,8019,8,0.9,1,1,SWEEP,0.65,30.0,,EDGE_MARKET,inprocess,d25a8990eab5898fc0a3534750cea197472103e8cf6ce1aa585bde7f8c6bcad6,8479992ca146ee18732c6a043786fab5d8541fa1d38393adfc23e6b26a8df7c8,0.272,0,62,51,1,52,10,83.87096774193549,86.02150537634408,83.33333333333333,100.0,84.0,89.28571428571429,829,15.942307692307692,0,0,0,0,6,0,0,0,0,0,5.6675,3.8997,4262,1087268,146,30,73,0.5428781744571218,3,0.028262,0.169108,95,0.064,0.12000000000000001,0.258,483,0.491,2.9090000000000003,0,15,0,0,0,0,
K8_R0.90_T1_H1_A0.55M5_S8019_CENTRAL_inprocess,8019,8,0.9,1,1,SWEEP,0.55,5.0,,CENTRAL,inprocess,227705e59806d6f048ab35933225e58c2a237edbb99b6a0b4a6889f28031df3c,67f98310f3071ecbf765e2a5ef688fd1e53640e5cdaf700729aad91c79313076,1.302,0,62,49,1,50,12,80.64516129032258,81.72043010752688,75.0,80.0,82.0,85.71428571428571,820,16.4,0,0,0,0,7,0,0,0,0,0,5.6609,3.8936,6528,1252843,271,42,29,0.7586422324031653,3,1.066465,0.11354199999999999,258,2.932,13.842,27.605,0,0.0,0.0,0,1,0,0,0,0,
K8_R0.90_T1_H1_A0.55M5_S8019_CENTRAL_FB_inprocess,8019,8,0.9,1,1,SWEEP,0.55,5.0,,CENTRAL_FB,inprocess,227705e59806d6f048ab35933225e58c2a237edbb99b6a0b4a6889f28031df3c,2b88bd4c7103627879e0a6e5d7f7883458cde694d3839612731fabbb808be410,1.339,0,62,53,1,54,8,87.09677419354838,89.24731182795699,91.66666666666667,100.0,86.0,78.57142857142857,855,15.833333333333334,0,0,0,0,7,0,0,0,0,0,5.6361,3.8936,6293,1246934,270,42,28,0.7367957746478874,2,1.145019,0.105381,253,3.463,13.102,28.886,43,0.046,0.103,0,0,0,0,0,0,
K8_R0.90_T1_H1_A0.55M5_S8019_HYBRID_EAGER_inprocess,8019,8,0.9,1,1,SWEEP,0.55,5.0,,HYBRID_EAGER,inprocess,227705e59806d6f048ab35933225e58c2a237edbb99b6a0b4a6889f28031df3c,7f0ebd46f6a0f83856e1ed3429b2a990ab6582af242ac3b91aa09243a5463f18,1.174,0,62,50,1,51,11,82.25806451612904,86.02150537634408,91.66666666666667,100.0,80.0,75.0,911,17.862745098039216,0,0,0,0,5,0,0,0,0,0,5.6537,3.8936,6123,1243232,260,52,28,0.676772281741509,2,0.982924,0.112925,237,2.721,13.726,23.501,123,0.083,0.406,0,1,0,0,0,0,
K8_R0.90_T1_H1_A0.55M5_S8019_HYBRID_inprocess,8019,8,0.9,1,1,SWEEP,0.55,5.0,,HYBRID,inprocess,227705e59806d6f048ab35933225e58c2a237edbb99b6a0b4a6889f28031df3c,7c10738d74132f4da1f8e40bfdd48e733668ec3b7a2376b64e4f7ffc2004e0b1,1.402,0,62,53,1,54,8,87.09677419354838,89.24731182795699,91.66666666666667,100.0,86.0,78.57142857142857,855,15.833333333333334,0,0,0,0,7,0,0,0,0,0,5.6361,3.8936,6293,1246934,270,42,28,0.7367957746478874,2,1.175647,0.11388400000000001,253,3.47,13.501000000000001,36.259,43,0.047,0.1,0,0,0,0,0,0,
K8_R0.90_T1_H1_A0.55M5_S8019_EDGE_MARKET_inprocess,8019,8,0.9,1,1,SWEEP,0.55,5.0,,EDGE_MARKET,inprocess,227705e59806d6f048ab35933225e58c2a237edbb99b6a0b4a6889f28031df3c,89d80dc2176b984e10ac1d9f3e618f3fae67d10a4a9dd304bb507c9668638d1a,0.18,0,62,51,1,52,10,83.87096774193549,82.79569892473118,75.0,60.0,86.0,89.28571428571429,963,18.51923076923077,0,0,0,0,6,1,1,0,11,11,9.1515,3.8936,4211,1102819,120,22,28,0.25385239253852393,1,0.017868,0.11030000000000001,61,0.045000000000000005,0.128,0.16699999999999998,420,0.35100000000000003,2.4659999999999997,0,12,0,0,0,0,
K8_R0.90_T1_H1_A0.55M15_S8019_CENTRAL_inprocess,8019,8,0.9,1,1,SWEEP,0.55,15.0,,CENTRAL,inprocess,06e1b5dd179252487d7b8c4212a4fc16a29c6d190c467d88a66319563d4f60b3,1c0f7b1ffb733dba0beefaf23c33898de20157a70b41b8b8764f290773da2009,0.779,0,62,55,1,56,6,90.3225806451613,89.24731182795699,83.33333333333333,80.0,92.0,100.0,794,14.178571428571429,0,0,0,0,6,0,0,0,0,0,5.6644,3.8936,4873,1101101,171,28,74,0.6622762580209389,4,0.5946,0.100494,143,2.388,13.117,25.424,0,0.0,0.0,0,2,0,0,0,0,
K8_R0.90_T1_H1_A0.55M15_S8019_CENTRAL_FB_inprocess,8019,8,0.9,1,1,SWEEP,0.55,15.0,,CENTRAL_FB,inprocess,06e1b5dd179252487d7b8c4212a4fc16a29c6d190c467d88a66319563d4f60b3,820fa0f643804d9d4e6984dd50cb6f296ac22dcba887bd44df1efbf08391ae4a,0.728,0,62,53,1,54,8,87.09677419354838,88.17204301075269,91.66666666666667,80.0,86.0,92.85714285714286,783,14.5,0,0,0,0,6,0,0,0,0,0,5.6724,3.8936,4912,1102079,155,27,74,0.6834603911170036,5,0.547677,0.106992,146,2.472,12.8,18.823,72,0.098,3.0469999999999997,0,1,0,0,0,0,
K8_R0.90_T1_H1_A0.55M15_S8019_HYBRID_inprocess,8019,8,0.9,1,1,SWEEP,0.55,15.0,,HYBRID,inprocess,06e1b5dd179252487d7b8c4212a4fc16a29c6d190c467d88a66319563d4f60b3,e9be057b0e8bfaa498413caa765cef244225d2fe66ab06fa7064c3090e67112b,0.811,0,62,53,1,54,8,87.09677419354838,88.17204301075269,91.66666666666667,80.0,86.0,92.85714285714286,783,14.5,0,0,0,0,6,0,0,0,0,0,5.6724,3.8936,4912,1102079,155,27,74,0.6834603911170036,5,0.588443,0.12052199999999999,146,2.581,12.444,26.183999999999997,72,0.094,3.487,0,1,0,0,0,0,
K8_R0.90_T1_H1_A0.55M15_S8019_HYBRID_EAGER_inprocess,8019,8,0.9,1,1,SWEEP,0.55,15.0,,HYBRID_EAGER,inprocess,06e1b5dd179252487d7b8c4212a4fc16a29c6d190c467d88a66319563d4f60b3,652f2b3a3ae0c725296a6c5dedcd86fbd856fa84a0222d02ecc1f9dd2adcaffb,0.811,0,62,53,1,54,8,87.09677419354838,88.17204301075269,91.66666666666667,80.0,86.0,92.85714285714286,782,14.481481481481481,0,0,0,0,6,0,0,0,0,0,5.6724,3.8936,4912,1101710,155,27,74,0.6834603911170036,5,0.613275,0.116344,146,2.4979999999999998,15.613,22.753,93,0.129,3.055,0,1,0,0,0,0,
K8_R0.90_T1_H1_A0.55M15_S8019_EDGE_MARKET_inprocess,8019,8,0.9,1,1,SWEEP,0.55,15.0,,EDGE_MARKET,inprocess,06e1b5dd179252487d7b8c4212a4fc16a29c6d190c467d88a66319563d4f60b3,7b38c9d0837b476b9281eece6e1a1756d0ac572ba78dfaa14526e7c199dfdd60,0.24,0,62,50,1,51,11,82.25806451612904,84.94623655913979,83.33333333333333,100.0,82.0,82.14285714285714,815,15.980392156862745,0,0,0,0,5,0,0,0,0,0,5.6479,3.8936,4187,1074548,122,17,75,0.6462882096069869,2,0.020683,0.15223799999999998,88,0.034,0.094,0.135,426,0.509,4.26,0,13,0,0,0,0,
K8_R0.90_T1_H1_A0.55M30_S8019_CENTRAL_inprocess,8019,8,0.9,1,1,SWEEP,0.55,30.0,,CENTRAL,inprocess,c6acd828d38b42066f5c44c63878837161c74955a7e0a3bb3d9f6ab310652caa,f2c910dbfe5de7fd0600d3d6c7ef4ae7050ba6cc2c62e96f29d6e7e8728034c1,0.591,0,62,52,1,53,9,85.48387096774194,88.17204301075269,91.66666666666667,100.0,84.0,78.57142857142857,790,14.90566037735849,0,0,0,0,4,0,0,0,0,0,5.6605,3.8997,4723,1100104,152,29,116,0.903977069150842,3,0.397004,0.09639400000000001,113,2.604,8.521,23.604,0,0.0,0.0,0,0,0,0,0,0,
K8_R0.90_T1_H1_A0.55M30_S8019_CENTRAL_FB_inprocess,8019,8,0.9,1,1,SWEEP,0.55,30.0,,CENTRAL_FB,inprocess,c6acd828d38b42066f5c44c63878837161c74955a7e0a3bb3d9f6ab310652caa,988431198f4af4b4c9d1f77da040298792a628e8cc548268bf0224cf552b0438,0.6,0,62,52,1,53,9,85.48387096774194,88.17204301075269,91.66666666666667,100.0,84.0,78.57142857142857,790,14.90566037735849,0,0,0,0,4,0,0,0,0,0,5.6605,3.8997,4723,1100089,152,29,116,0.903977069150842,3,0.406454,0.11003499999999998,113,2.932,8.81,17.343,72,0.1,2.939,0,0,0,0,0,0,
K8_R0.90_T1_H1_A0.55M30_S8019_HYBRID_inprocess,8019,8,0.9,1,1,SWEEP,0.55,30.0,,HYBRID,inprocess,c6acd828d38b42066f5c44c63878837161c74955a7e0a3bb3d9f6ab310652caa,62e870d16bd4a5faa5e5e090f4044416a2f267c4c1cd5ca3e7ff1fa8a7ca5240,0.594,0,62,52,1,53,9,85.48387096774194,88.17204301075269,91.66666666666667,100.0,84.0,78.57142857142857,790,14.90566037735849,0,0,0,0,4,0,0,0,0,0,5.6605,3.8997,4723,1100089,152,29,116,0.903977069150842,3,0.412997,0.10952400000000001,113,2.521,10.822,13.254999999999999,72,0.107,2.985,0,0,0,0,0,0,
K8_R0.90_T1_H1_A0.55M30_S8019_HYBRID_EAGER_inprocess,8019,8,0.9,1,1,SWEEP,0.55,30.0,,HYBRID_EAGER,inprocess,c6acd828d38b42066f5c44c63878837161c74955a7e0a3bb3d9f6ab310652caa,847ea27e292f6978a9a06c064cf8518aeaf51756276286944a729f241ea0e436,0.582,0,62,52,1,53,9,85.48387096774194,88.17204301075269,91.66666666666667,100.0,84.0,78.57142857142857,790,14.90566037735849,0,0,0,0,4,0,0,0,0,0,5.6605,3.8997,4723,1100059,152,29,116,0.903977069150842,3,0.395354,0.112775,113,2.786,7.826,13.069,85,0.10500000000000001,3.248,0,0,0,0,0,0,
K8_R0.90_T1_H1_A0.55M30_S8019_EDGE_MARKET_inprocess,8019,8,0.9,1,1,SWEEP,0.55,30.0,,EDGE_MARKET,inprocess,c6acd828d38b42066f5c44c63878837161c74955a7e0a3bb3d9f6ab310652caa,966ad12955c5c61175a7380aabc9ea5b4c2086a75e01e3a17a4802eb2672abd7,0.217,0,62,51,1,52,10,83.87096774193549,83.87096774193549,75.0,80.0,86.0,89.28571428571429,716,13.76923076923077,0,0,0,0,5,0,0,0,0,0,5.6627,3.8997,4177,1084865,99,15,86,0.9331858407079646,4,0.019667,0.140321,97,0.037,0.077,0.136,427,0.45399999999999996,2.964,0,11,0,0,0,0,
K8_R0.90_T1_H1_A0.95M5_S8020_CENTRAL_FB_inprocess,8020,8,0.9,1,1,SWEEP,0.95,5.0,,CENTRAL_FB,inprocess,7d5307939088b94a0fa642a070197175e85a09b6cf5675eda8462e837e31bd6c,45097876c6220d47b4c110f8ea50e563382b70d28615274c13ab12aeed23efa4,0.931,0,62,50,2,52,10,83.87096774193549,84.90566037735849,83.33333333333333,85.71428571428571,84.21052631578948,84.0,721,13.865384615384615,0,0,0,0,3,0,0,0,0,0,5.7317,3.8865,5479,1163721,270,64,14,0.037483006409011456,1,0.741915,0.101298,123,4.98,13.45,23.598000000000003,4,0.014,0.014,0,0,0,0,0,0,
K8_R0.90_T1_H1_A0.95M5_S8020_CENTRAL_inprocess,8020,8,0.9,1,1,SWEEP,0.95,5.0,,CENTRAL,inprocess,7d5307939088b94a0fa642a070197175e85a09b6cf5675eda8462e837e31bd6c,ef2de6df9b6c492a4f88873fd65d7bb35976943ab4d5bcaa0ea4dfaeef8bce2e,1.055,0,62,50,2,52,10,83.87096774193549,84.90566037735849,83.33333333333333,85.71428571428571,84.21052631578948,84.0,721,13.865384615384615,0,0,0,0,3,0,0,0,0,0,5.7317,3.8865,5479,1163721,270,64,14,0.037483006409011456,1,0.843172,0.110693,123,5.347,16.410999999999998,23.001,0,0.0,0.0,0,0,0,0,0,0,
K8_R0.90_T1_H1_A0.95M5_S8020_HYBRID_EAGER_inprocess,8020,8,0.9,1,1,SWEEP,0.95,5.0,,HYBRID_EAGER,inprocess,7d5307939088b94a0fa642a070197175e85a09b6cf5675eda8462e837e31bd6c,2c391d2bdb9c9429a902e78daa6898ba57dbb2967ebddb1c3fa4281e8d165fb2,0.919,0,62,50,2,52,10,83.87096774193549,84.90566037735849,83.33333333333333,85.71428571428571,84.21052631578948,84.0,721,13.865384615384615,0,0,0,0,3,0,0,0,0,0,5.7317,3.8865,5479,1163713,270,64,14,0.037483006409011456,1,0.739012,0.094266,123,4.327,16.343,30.294999999999998,18,0.02,0.030000000000000002,0,0,0,0,0,0,
K8_R0.90_T1_H1_A0.95M5_S8020_HYBRID_inprocess,8020,8,0.9,1,1,SWEEP,0.95,5.0,,HYBRID,inprocess,7d5307939088b94a0fa642a070197175e85a09b6cf5675eda8462e837e31bd6c,54624bbf0efc5edf964bf533319e20d361314907e38444e3a8b7aa89a383459d,0.964,0,62,50,2,52,10,83.87096774193549,84.90566037735849,83.33333333333333,85.71428571428571,84.21052631578948,84.0,721,13.865384615384615,0,0,0,0,3,0,0,0,0,0,5.7317,3.8865,5479,1163721,270,64,14,0.037483006409011456,1,0.78157,0.09870599999999999,123,4.917999999999999,13.301,36.552,4,0.01,0.01,0,0,0,0,0,0,
K8_R0.90_T1_H1_A0.95M5_S8020_EDGE_MARKET_inprocess,8020,8,0.9,1,1,SWEEP,0.95,5.0,,EDGE_MARKET,inprocess,7d5307939088b94a0fa642a070197175e85a09b6cf5675eda8462e837e31bd6c,d6f32c9c7dda31437d7e64d9f9c48da87f91ae6bdb65d7e93e23898af5c00fa5,0.241,0,62,49,2,51,11,82.25806451612904,83.01886792452831,79.16666666666667,100.0,84.21052631578948,80.0,767,15.03921568627451,0,0,0,0,5,0,0,0,0,0,5.6618,3.8865,4614,1157505,229,41,12,0.02559887271019258,2,0.026241,0.152917,100,0.058,0.12300000000000001,0.192,714,0.438,3.628,0,27,0,0,0,0,
K8_R0.90_T1_H1_A0.95M15_S8020_CENTRAL_inprocess,8020,8,0.9,1,1,SWEEP,0.95,15.0,,CENTRAL,inprocess,669aed0f186244e89f90a20c29a8cb680c89594eb2314c2f8f21eecffa0eeea0,4bdb0a725f799acd9cf83a4dc2e52b927825149eb17fc31424b37b99ffe8d334,0.825,0,62,53,2,55,7,88.70967741935483,88.67924528301887,79.16666666666667,100.0,94.73684210526316,88.0,768,13.963636363636363,0,0,0,0,4,0,0,0,0,0,5.6904,3.8865,5115,1133814,267,53,34,0.028282411230388108,0,0.647746,0.094204,103,4.753,17.860999999999997,20.289,0,0.0,0.0,0,0,0,0,0,0,
K8_R0.90_T1_H1_A0.95M15_S8020_CENTRAL_FB_inprocess,8020,8,0.9,1,1,SWEEP,0.95,15.0,,CENTRAL_FB,inprocess,669aed0f186244e89f90a20c29a8cb680c89594eb2314c2f8f21eecffa0eeea0,a482ea26f2f32f15fc625a393df06c30b7c56336fcdab6a53ea17508438ee536,0.789,0,62,53,2,55,7,88.70967741935483,88.67924528301887,79.16666666666667,100.0,94.73684210526316,88.0,768,13.963636363636363,0,0,0,0,4,0,0,0,0,0,5.6904,3.8865,5115,1133814,267,53,34,0.028282411230388108,0,0.62937,0.085954,103,4.061,18.294999999999998,26.142,5,2.2560000000000002,2.2560000000000002,0,0,0,0,0,0,
K8_R0.90_T1_H1_A0.95M15_S8020_HYBRID_inprocess,8020,8,0.9,1,1,SWEEP,0.95,15.0,,HYBRID,inprocess,669aed0f186244e89f90a20c29a8cb680c89594eb2314c2f8f21eecffa0eeea0,bdbfb8a535cd35865deee345dc05bd834351a157cdc8a8e33c6db9b4a92c497b,0.868,0,62,53,2,55,7,88.70967741935483,88.67924528301887,79.16666666666667,100.0,94.73684210526316,88.0,768,13.963636363636363,0,0,0,0,4,0,0,0,0,0,5.6904,3.8865,5115,1133814,267,53,34,0.028282411230388108,0,0.683751,0.09836400000000001,103,4.891,20.058,27.192999999999998,5,2.111,2.111,0,0,0,0,0,0,
K8_R0.90_T1_H1_A0.95M15_S8020_EDGE_MARKET_inprocess,8020,8,0.9,1,1,SWEEP,0.95,15.0,,EDGE_MARKET,inprocess,669aed0f186244e89f90a20c29a8cb680c89594eb2314c2f8f21eecffa0eeea0,e9433527eff7688d4c5d4692d24c3158821313b530dcf63166eb177f14061252,0.274,0,62,50,2,52,10,83.87096774193549,84.90566037735849,83.33333333333333,85.71428571428571,84.21052631578948,80.0,790,15.192307692307692,0,0,0,0,3,0,0,0,0,0,5.6618,3.8865,4497,1160662,226,47,9,0.017705382436260624,1,0.032181,0.168954,85,0.06999999999999999,0.157,0.207,624,0.477,3.908,0,17,0,0,0,0,
K8_R0.90_T1_H1_A0.95M15_S8020_HYBRID_EAGER_inprocess,8020,8,0.9,1,1,SWEEP,0.95,15.0,,HYBRID_EAGER,inprocess,669aed0f186244e89f90a20c29a8cb680c89594eb2314c2f8f21eecffa0eeea0,dfe014ab62e5c9e3a948a432232e9d78ec3138d682222e2f329500dded4d9882,1.023,0,62,53,2,55,7,88.70967741935483,87.73584905660377,83.33333333333333,100.0,92.10526315789474,88.0,688,12.50909090909091,0,0,0,0,3,0,0,0,0,0,5.6717,3.8865,5357,1158065,270,66,34,0.030992546096508436,0,0.801812,0.11232500000000001,115,6.168,16.714,20.529,8,2.536,2.536,0,0,0,0,0,0,
K8_R0.90_T1_H1_A0.95M30_S8020_CENTRAL_inprocess,8020,8,0.9,1,1,SWEEP,0.95,30.0,,CENTRAL,inprocess,425ecaa985248735a90aa9e79917b1e5040cc521555202ad1bc4ea77efb5cce2,c56ac0a6ef925c72d58bdaa32926e631671f1968191a99a29365d82cdff679b1,1.046,0,62,52,2,54,8,87.09677419354838,87.73584905660377,87.5,100.0,86.84210526315789,88.0,763,14.12962962962963,0,0,0,0,5,0,0,0,0,0,5.6553,3.8865,5399,1161246,273,49,9,0.02097494659157118,1,0.849759,0.110997,117,4.909,22.283,30.705,0,0.0,0.0,0,0,0,0,0,0,
K8_R0.90_T1_H1_A0.95M30_S8020_CENTRAL_FB_inprocess,8020,8,0.9,1,1,SWEEP,0.95,30.0,,CENTRAL_FB,inprocess,425ecaa985248735a90aa9e79917b1e5040cc521555202ad1bc4ea77efb5cce2,51ab051573d8f697c823a533e731aaa3fd1998f1c2792cf87fb8b550fe24ce5e,1.024,0,62,52,2,54,8,87.09677419354838,87.73584905660377,87.5,100.0,86.84210526315789,88.0,763,14.12962962962963,0,0,0,0,5,0,0,0,0,0,5.6553,3.8865,5399,1161246,273,49,9,0.02097494659157118,1,0.812271,0.112154,117,5.077,20.471,28.884,2,2.6940000000000004,2.6940000000000004,0,0,0,0,0,0,
K8_R0.90_T1_H1_A0.95M30_S8020_HYBRID_EAGER_inprocess,8020,8,0.9,1,1,SWEEP,0.95,30.0,,HYBRID_EAGER,inprocess,425ecaa985248735a90aa9e79917b1e5040cc521555202ad1bc4ea77efb5cce2,860c3ffb08e5eec0a7a61e9b0de7f6d4e89572cd1642356b84c50544c1720eea,0.885,0,62,52,2,54,8,87.09677419354838,87.73584905660377,87.5,85.71428571428571,86.84210526315789,88.0,733,13.574074074074074,0,0,0,0,5,0,0,0,0,0,5.6195,3.8865,5318,1132208,290,52,9,0.0252465483234714,0,0.709234,0.096368,114,4.044,21.266000000000002,28.54,6,2.7230000000000003,2.7230000000000003,0,0,0,0,0,0,
K8_R0.90_T1_H1_A0.95M30_S8020_HYBRID_inprocess,8020,8,0.9,1,1,SWEEP,0.95,30.0,,HYBRID,inprocess,425ecaa985248735a90aa9e79917b1e5040cc521555202ad1bc4ea77efb5cce2,0343970794a034ae5905827ba85470d32b89014620a08acf2eaeb8a8fe2a99d0,0.95,0,62,52,2,54,8,87.09677419354838,87.73584905660377,87.5,100.0,86.84210526315789,88.0,763,14.12962962962963,0,0,0,0,5,0,0,0,0,0,5.6553,3.8865,5399,1161246,273,49,9,0.02097494659157118,1,0.762683,0.104388,117,4.423,20.650000000000002,29.145,2,2.351,2.351,0,0,0,0,0,0,
K8_R0.90_T1_H1_A0.95M30_S8020_EDGE_MARKET_inprocess,8020,8,0.9,1,1,SWEEP,0.95,30.0,,EDGE_MARKET,inprocess,425ecaa985248735a90aa9e79917b1e5040cc521555202ad1bc4ea77efb5cce2,48f593159b58344ea4b92c32d381f7273306042c2c490729c052c9746b6f865b,0.256,0,62,50,2,52,10,83.87096774193549,84.90566037735849,83.33333333333333,85.71428571428571,84.21052631578948,80.0,790,15.192307692307692,0,0,0,0,3,0,0,0,0,0,5.6618,3.8865,4499,1160927,210,39,9,0.011521279097107923,0,0.030193,0.15260100000000001,85,0.064,0.153,0.252,623,0.41300000000000003,4.208,0,18,0,0,0,0,
K8_R0.90_T1_H1_A0.85M5_S8020_CENTRAL_inprocess,8020,8,0.9,1,1,SWEEP,0.85,5.0,,CENTRAL,inprocess,5b46b1b07c81cf7515526bf317d6d5c5752e3370cd6a1f78353f70b504ea1276,4729cb0d4215daafec5f11bf367de95620338e2c37f380e534687c2fab928033,1.147,0,62,51,2,53,9,85.48387096774194,85.84905660377359,87.5,100.0,84.21052631578948,84.0,725,13.679245283018869,0,0,0,0,3,0,0,0,0,0,5.6717,3.8865,5606,1186667,286,45,22,0.1505887213385664,4,0.905724,0.106365,165,4.267,17.617,42.958999999999996,0,0.0,0.0,0,1,0,0,0,0,
K8_R0.90_T1_H1_A0.85M5_S8020_CENTRAL_FB_inprocess,8020,8,0.9,1,1,SWEEP,0.85,5.0,,CENTRAL_FB,inprocess,5b46b1b07c81cf7515526bf317d6d5c5752e3370cd6a1f78353f70b504ea1276,7d28e571ad6c72d75bc808c75d714a102de68a8a77370319fd1bee80fd96f19d,0.907,0,62,51,2,53,9,85.48387096774194,87.73584905660377,83.33333333333333,100.0,86.84210526315789,84.0,787,14.849056603773585,0,0,0,0,5,0,0,0,0,0,5.6649,3.8865,5756,1186489,260,61,23,0.12547528517110265,6,0.747634,0.089393,164,3.9309999999999996,11.151,24.557,24,0.371,2.178,0,0,0,0,0,0,
K8_R0.90_T1_H1_A0.85M5_S8020_HYBRID_EAGER_inprocess,8020,8,0.9,1,1,SWEEP,0.85,5.0,,HYBRID_EAGER,inprocess,5b46b1b07c81cf7515526bf317d6d5c5752e3370cd6a1f78353f70b504ea1276,341b8b10866f054f430f540102c52a743b8056b09224445767112b878ced38a2,0.969,0,62,51,2,53,9,85.48387096774194,87.73584905660377,83.33333333333333,100.0,86.84210526315789,84.0,787,14.849056603773585,0,0,0,0,5,0,0,0,0,0,5.6649,3.8865,5756,1186401,260,61,23,0.12547528517110265,6,0.78569,0.103408,164,4.042,11.377,19.063,58,0.077,2.2279999999999998,0,0,0,0,0,0,
K8_R0.90_T1_H1_A0.85M5_S8020_HYBRID_inprocess,8020,8,0.9,1,1,SWEEP,0.85,5.0,,HYBRID,inprocess,5b46b1b07c81cf7515526bf317d6d5c5752e3370cd6a1f78353f70b504ea1276,0441a313ae275dd57ddb5016e47b7660ff04e5cf69e54a9af69e9781e6d1b88c,1.033,0,62,51,2,53,9,85.48387096774194,87.73584905660377,83.33333333333333,100.0,86.84210526315789,84.0,787,14.849056603773585,0,0,0,0,5,0,0,0,0,0,5.6649,3.8865,5756,1186489,260,61,23,0.12547528517110265,6,0.851298,0.10056099999999998,164,4.113,14.786000000000001,18.881999999999998,24,0.519,2.281,0,0,0,0,0,0,
K8_R0.90_T1_H1_A0.85M5_S8020_EDGE_MARKET_inprocess,8020,8,0.9,1,1,SWEEP,0.85,5.0,,EDGE_MARKET,inprocess,5b46b1b07c81cf7515526bf317d6d5c5752e3370cd6a1f78353f70b504ea1276,24611b157e481c1a0609c1596c757ede9449672237eae041495d030f4962450f,0.294,0,62,50,2,52,10,83.87096774193549,85.84905660377359,87.5,100.0,81.57894736842105,80.0,748,14.384615384615385,0,0,0,0,3,0,0,0,0,0,5.6138,3.8865,4614,1154338,230,39,20,0.07796610169491526,3,0.030283,0.19662300000000002,93,0.06899999999999999,0.152,0.298,698,0.49200000000000005,2.968,0,25,0,0,0,0,
K8_R0.90_T1_H1_A0.85M15_S8020_CENTRAL_inprocess,8020,8,0.9,1,1,SWEEP,0.85,15.0,,CENTRAL,inprocess,431d758efae815ef2e44964fd405e9a824dba107308178ffd6546dfcbd24d622,a233f0c39a867c6592da186d599dcaa059d63496cec6efdeee667e597bc80f61,0.747,0,62,53,1,54,8,87.09677419354838,84.90566037735849,79.16666666666667,71.42857142857143,92.10526315789474,84.0,767,14.203703703703704,0,0,0,0,6,0,0,0,0,0,5.6593,3.8865,5418,1140860,234,58,59,0.07877912971746752,3,0.581289,0.084101,126,4.158,9.469,34.967,0,0.0,0.0,0,1,0,0,0,0,
K8_R0.90_T1_H1_A0.85M15_S8020_CENTRAL_FB_inprocess,8020,8,0.9,1,1,SWEEP,0.85,15.0,,CENTRAL_FB,inprocess,431d758efae815ef2e44964fd405e9a824dba107308178ffd6546dfcbd24d622,294d6942b3dbd1384bf39cfc2140e225ece694bfe2ec027ee9d83697e366259f,0.956,0,62,53,1,54,8,87.09677419354838,84.90566037735849,79.16666666666667,71.42857142857143,92.10526315789474,84.0,767,14.203703703703704,0,0,0,0,6,0,0,0,0,0,5.6593,3.8865,5418,1140860,234,58,59,0.07877912971746752,3,0.735206,0.108723,126,5.436,11.947,22.589000000000002,14,0.42700000000000005,2.8019999999999996,0,1,0,0,0,0,
K8_R0.90_T1_H1_A0.85M15_S8020_HYBRID_inprocess,8020,8,0.9,1,1,SWEEP,0.85,15.0,,HYBRID,inprocess,431d758efae815ef2e44964fd405e9a824dba107308178ffd6546dfcbd24d622,5a75521d373bbd61428bd59e9d95c24d0aab4842e3be06f55eb3e4c7bad6a908,0.819,0,62,53,1,54,8,87.09677419354838,84.90566037735849,79.16666666666667,71.42857142857143,92.10526315789474,84.0,767,14.203703703703704,0,0,0,0,6,0,0,0,0,0,5.6593,3.8865,5418,1140860,234,58,59,0.07877912971746752,3,0.64157,0.09487399999999999,126,4.458,12.542,23.442,14,0.342,2.3240000000000003,0,1,0,0,0,0,
K8_R0.90_T1_H1_A0.85M15_S8020_EDGE_MARKET_inprocess,8020,8,0.9,1,1,SWEEP,0.85,15.0,,EDGE_MARKET,inprocess,431d758efae815ef2e44964fd405e9a824dba107308178ffd6546dfcbd24d622,d2bba1aba1f76054e86ad5d03ff952836a7342a0bf73ed9380b54c37cd0cdf09,0.22,0,62,51,2,53,9,85.48387096774194,86.79245283018868,83.33333333333333,100.0,86.84210526315789,84.0,792,14.943396226415095,0,0,0,0,4,0,0,0,0,0,5.6443,3.8865,4409,1116658,191,35,59,0.09293193717277487,4,0.024314,0.139564,84,0.048,0.128,0.152,552,0.448,2.814,0,18,0,0,0,0,
K8_R0.90_T1_H1_A0.85M15_S8020_HYBRID_EAGER_inprocess,8020,8,0.9,1,1,SWEEP,0.85,15.0,,HYBRID_EAGER,inprocess,431d758efae815ef2e44964fd405e9a824dba107308178ffd6546dfcbd24d622,efa877e3d102fe21be8c1e6bdae69be05075acf2171495db0531b585c0f006f8,0.915,0,62,53,1,54,8,87.09677419354838,84.90566037735849,79.16666666666667,71.42857142857143,92.10526315789474,84.0,767,14.203703703703704,0,0,0,0,6,0,0,0,0,0,5.6593,3.8865,5418,1140860,234,58,59,0.07877912971746752,3,0.714299,0.11066999999999999,126,5.28,12.086,23.227999999999998,28,0.44499999999999995,2.8800000000000003,0,1,0,0,0,0,
K8_R0.90_T1_H1_A0.85M30_S8020_CENTRAL_inprocess,8020,8,0.9,1,1,SWEEP,0.85,30.0,,CENTRAL,inprocess,3c1c7922b5b5a3e76290e3b95ded07adafd05a2d873db4dfd5d5d9b62f542898,b7d01bff370f0e590fbe8f6f8de2303c4dbad0f3b3fe5f6d6236e3550d9623d3,0.652,0,62,56,2,58,4,93.54838709677419,91.50943396226415,83.33333333333333,85.71428571428571,100.0,92.0,758,13.068965517241379,0,0,0,0,5,0,0,0,0,0,5.6593,3.8865,5103,1104825,224,51,59,0.04671280276816609,1,0.510684,0.079507,107,3.2929999999999997,13.379,18.71,0,0.0,0.0,0,0,0,0,0,0,
K8_R0.90_T1_H1_A0.85M30_S8020_CENTRAL_FB_inprocess,8020,8,0.9,1,1,SWEEP,0.85,30.0,,CENTRAL_FB,inprocess,3c1c7922b5b5a3e76290e3b95ded07adafd05a2d873db4dfd5d5d9b62f542898,23ed8323c1a2fd953f8447249627b095767984c23eccfd40e08e83cf2a119771,0.834,0,62,53,2,55,7,88.70967741935483,89.62264150943396,87.5,100.0,89.47368421052632,88.0,760,13.818181818181818,0,0,0,0,7,0,0,0,0,0,5.6623,3.8865,5260,1128860,233,46,59,0.06058073950282014,2,0.651704,0.10128200000000001,111,4.224,15.277000000000001,25.265,13,0.127,0.40099999999999997,0,1,0,0,0,0,
K8_R0.90_T1_H1_A0.85M30_S8020_HYBRID_inprocess,8020,8,0.9,1,1,SWEEP,0.85,30.0,,HYBRID,inprocess,3c1c7922b5b5a3e76290e3b95ded07adafd05a2d873db4dfd5d5d9b62f542898,aac739829327665533b60a981ba4b5bea6dd074d44f83dbeed26affa2ab6ae37,0.747,0,62,53,2,55,7,88.70967741935483,89.62264150943396,87.5,100.0,89.47368421052632,88.0,760,13.818181818181818,0,0,0,0,7,0,0,0,0,0,5.6623,3.8865,5260,1128860,233,46,59,0.06058073950282014,2,0.575886,0.09437,111,4.015000000000001,12.448,23.619999999999997,13,0.077,0.355,0,1,0,0,0,0,
K8_R0.90_T1_H1_A0.85M30_S8020_EDGE_MARKET_inprocess,8020,8,0.9,1,1,SWEEP,0.85,30.0,,EDGE_MARKET,inprocess,3c1c7922b5b5a3e76290e3b95ded07adafd05a2d873db4dfd5d5d9b62f542898,26041f9ff8d78ce05d19d7a29a366cd2f3a9395135a5b9ed79c434fef6bf1e81,0.288,0,62,54,2,56,6,90.3225806451613,88.67924528301887,83.33333333333333,85.71428571428571,94.73684210526316,84.0,815,14.553571428571429,0,0,0,0,5,0,0,0,0,0,5.6743,3.8865,4519,1137047,219,50,59,0.0656428040624226,1,0.033027,0.174474,100,0.052,0.116,0.184,621,0.479,2.478,0,19,0,0,0,0,
K8_R0.90_T1_H1_A0.85M30_S8020_HYBRID_EAGER_inprocess,8020,8,0.9,1,1,SWEEP,0.85,30.0,,HYBRID_EAGER,inprocess,3c1c7922b5b5a3e76290e3b95ded07adafd05a2d873db4dfd5d5d9b62f542898,7984e23f42a95d89a8edcaeb3db2f5c903a878f2eeaa217dcd491ac80158951e,0.826,0,62,53,2,55,7,88.70967741935483,89.62264150943396,87.5,100.0,89.47368421052632,88.0,760,13.818181818181818,0,0,0,0,7,0,0,0,0,0,5.6623,3.8865,5260,1128860,233,46,59,0.06058073950282014,2,0.632192,0.095962,111,3.5140000000000002,17.325,22.721,19,0.11299999999999999,0.44499999999999995,0,1,0,0,0,0,
K8_R0.90_T1_H1_A0.75M5_S8020_CENTRAL_inprocess,8020,8,0.9,1,1,SWEEP,0.75,5.0,,CENTRAL,inprocess,1a48e2592a72df31781b0bea77afa899e2f6a66aed8586194ca3a647cf4d84d1,29175138fa871bd017b1712af9d3904e23ecb8249aece5ad3df0eb17d8ebda00,1.097,0,62,55,2,57,5,91.93548387096774,91.50943396226415,87.5,85.71428571428571,94.73684210526316,96.0,765,13.421052631578947,0,0,0,0,6,0,0,0,0,0,5.6915,3.8865,5883,1193984,266,52,27,0.2578288100208768,8,0.871821,0.10618799999999999,200,3.2390000000000003,14.297,22.196,0,0.0,0.0,0,0,0,0,0,0,
K8_R0.90_T1_H1_A0.75M5_S8020_CENTRAL_FB_inprocess,8020,8,0.9,1,1,SWEEP,0.75,5.0,,CENTRAL_FB,inprocess,1a48e2592a72df31781b0bea77afa899e2f6a66aed8586194ca3a647cf4d84d1,a34999fedaa2606903915905160c2d527f189363ae663d18ebbd63ce7d077122,0.963,0,62,50,2,52,10,83.87096774193549,86.79245283018868,83.33333333333333,100.0,84.21052631578948,92.0,656,12.615384615384615,0,0,0,0,3,0,0,0,0,0,5.5957,3.8865,5815,1184715,235,57,27,0.27781282860147216,5,0.780177,0.101588,198,2.741,13.943999999999999,20.442999999999998,36,0.044,0.256,0,0,0,0,0,0,
K8_R0.90_T1_H1_A0.75M5_S8020_HYBRID_inprocess,8020,8,0.9,1,1,SWEEP,0.75,5.0,,HYBRID,inprocess,1a48e2592a72df31781b0bea77afa899e2f6a66aed8586194ca3a647cf4d84d1,c391e8da4e02241c7f48a69d221b0fb552ee5ad97389eee78d811a6cc696b9e7,0.982,0,62,50,2,52,10,83.87096774193549,86.79245283018868,83.33333333333333,100.0,84.21052631578948,92.0,656,12.615384615384615,0,0,0,0,3,0,0,0,0,0,5.5957,3.8865,5815,1184715,235,57,27,0.27781282860147216,5,0.801385,0.101946,198,3.044,12.781,21.259,36,0.041,0.34,0,0,0,0,0,0,
K8_R0.90_T1_H1_A0.75M5_S8020_HYBRID_EAGER_inprocess,8020,8,0.9,1,1,SWEEP,0.75,5.0,,HYBRID_EAGER,inprocess,1a48e2592a72df31781b0bea77afa899e2f6a66aed8586194ca3a647cf4d84d1,7dcfb56152dc5d3587065fb21774eddd207bbe467ba10da3ab8bfa4faa378767,1.08,0,62,50,2,52,10,83.87096774193549,86.79245283018868,83.33333333333333,100.0,84.21052631578948,92.0,656,12.615384615384615,0,0,0,0,3,0,0,0,0,0,5.5957,3.8865,5815,1184555,235,57,27,0.27781282860147216,5,0.845249,0.118836,198,3.372,13.798,22.171,87,0.039,0.389,0,0,0,0,0,0,
K8_R0.90_T1_H1_A0.75M5_S8020_EDGE_MARKET_inprocess,8020,8,0.9,1,1,SWEEP,0.75,5.0,,EDGE_MARKET,inprocess,1a48e2592a72df31781b0bea77afa899e2f6a66aed8586194ca3a647cf4d84d1,1ec5aa57f4cc6a856628245bbafb280f40b235e55d1e8b9094ffbbe3317e924e,0.238,0,62,50,2,52,10,83.87096774193549,83.01886792452831,79.16666666666667,71.42857142857143,86.84210526315789,84.0,804,15.461538461538462,0,0,0,0,4,0,0,0,0,0,5.6642,3.8865,4347,1153643,188,35,17,0.13126344912388566,4,0.025006,0.147281,85,0.053,0.11699999999999999,0.264,523,0.488,4.056,0,8,0,0,0,0,
K8_R0.90_T1_H1_A0.75M15_S8020_CENTRAL_FB_inprocess,8020,8,0.9,1,1,SWEEP,0.75,15.0,,CENTRAL_FB,inprocess,d1121ef975dacfd69787d21e8a43802c724ddee92dcee5afcf70d0c3d464c0db,964dcce71124133e0997daec8c1e19f28457a2012503747eef4075c10a864acf,0.86,0,62,52,2,54,8,87.09677419354838,86.79245283018868,83.33333333333333,85.71428571428571,89.47368421052632,88.0,765,14.166666666666666,0,0,0,0,4,0,0,0,0,0,5.6617,3.8865,5327,1129581,219,36,93,0.31913423900529586,4,0.64978,0.10434500000000001,143,4.128,10.18,21.802,34,0.35300000000000004,3.928,0,0,0,0,0,0,
K8_R0.90_T1_H1_A0.75M15_S8020_CENTRAL_inprocess,8020,8,0.9,1,1,SWEEP,0.75,15.0,,CENTRAL,inprocess,d1121ef975dacfd69787d21e8a43802c724ddee92dcee5afcf70d0c3d464c0db,30d432da12884fe2810bf6f59f1de905c9ea1fa7ad0631dd9c47913322f02c8c,0.966,0,62,51,2,53,9,85.48387096774194,84.90566037735849,79.16666666666667,85.71428571428571,89.47368421052632,88.0,762,14.377358490566039,0,0,0,0,4,0,0,0,0,0,5.6334,3.8865,5310,1127460,229,36,93,0.31627691595276686,4,0.771264,0.10592700000000001,140,4.585,13.141,22.558000000000003,0,0.0,0.0,0,0,0,0,0,0,
K8_R0.90_T1_H1_A0.75M15_S8020_HYBRID_EAGER_inprocess,8020,8,0.9,1,1,SWEEP,0.75,15.0,,HYBRID_EAGER,inprocess,d1121ef975dacfd69787d21e8a43802c724ddee92dcee5afcf70d0c3d464c0db,02b791d5cd8ea4b22301f44b9f71ee172d6939e72327e648869b788824d4fbac,0.819,0,62,52,2,54,8,87.09677419354838,86.79245283018868,83.33333333333333,85.71428571428571,89.47368421052632,88.0,765,14.166666666666666,0,0,0,0,4,0,0,0,0,0,5.6617,3.8865,5327,1129518,219,36,93,0.31913423900529586,4,0.637589,0.106194,143,4.424,8.654,12.639,54,0.078,2.161,0,0,0,0,0,0,
K8_R0.90_T1_H1_A0.75M15_S8020_HYBRID_inprocess,8020,8,0.9,1,1,SWEEP,0.75,15.0,,HYBRID,inprocess,d1121ef975dacfd69787d21e8a43802c724ddee92dcee5afcf70d0c3d464c0db,6cc1580e98f0bb4ec4748e4c2fbcc1606b1e4ca2aa26e78d3fcb9cbce6bb3a9a,0.918,0,62,52,2,54,8,87.09677419354838,86.79245283018868,83.33333333333333,85.71428571428571,89.47368421052632,88.0,765,14.166666666666666,0,0,0,0,4,0,0,0,0,0,5.6617,3.8865,5327,1129581,219,36,93,0.31913423900529586,4,0.715857,0.11322900000000001,143,4.445,11.265,17.035,34,0.477,2.87,0,0,0,0,0,0,
K8_R0.90_T1_H1_A0.75M15_S8020_EDGE_MARKET_inprocess,8020,8,0.9,1,1,SWEEP,0.75,15.0,,EDGE_MARKET,inprocess,d1121ef975dacfd69787d21e8a43802c724ddee92dcee5afcf70d0c3d464c0db,0f64fa58fffdf7725d12bc8ed8adb78687bc59f8afcde542c4699a817c68555f,0.317,0,62,52,2,54,8,87.09677419354838,88.67924528301887,87.5,85.71428571428571,86.84210526315789,88.0,784,14.518518518518519,0,0,0,0,3,1,1,0,7,13,9.3978,3.8865,4399,1135536,182,44,59,0.23529411764705882,4,0.031451,0.186077,85,0.054,0.149,0.213,541,0.7200000000000001,3.5100000000000002,0,21,0,0,0,0,
K8_R0.90_T1_H1_A0.75M30_S8020_CENTRAL_inprocess,8020,8,0.9,1,1,SWEEP,0.75,30.0,,CENTRAL,inprocess,9c36bd87b1c9da947496164a4e4a02ddd876f0861671590629b358265f7e135e,5531e707435fd200c46e533f00bf110402479d8f26654a197a4650ce7ec45481,0.668,0,62,52,2,54,8,87.09677419354838,88.67924528301887,87.5,85.71428571428571,86.84210526315789,96.0,771,14.277777777777779,0,0,0,0,3,0,0,0,0,0,5.6604,3.8865,4859,1126333,219,31,89,0.2410783055198973,5,0.486209,0.10294099999999999,106,4.335999999999999,10.658000000000001,16.279999999999998,0,0.0,0.0,0,0,0,0,0,0,
K8_R0.90_T1_H1_A0.75M30_S8020_CENTRAL_FB_inprocess,8020,8,0.9,1,1,SWEEP,0.75,30.0,,CENTRAL_FB,inprocess,9c36bd87b1c9da947496164a4e4a02ddd876f0861671590629b358265f7e135e,5675c90e14e247cea56210f7c02d978455443f9e08e3fcc569f8cf335a0c7f41,0.711,0,62,53,2,55,7,88.70967741935483,89.62264150943396,91.66666666666667,85.71428571428571,86.84210526315789,96.0,756,13.745454545454546,0,0,0,0,5,0,0,0,0,0,5.6553,3.8865,4753,1116700,200,37,92,0.2786108918705604,4,0.506,0.117065,105,4.911,8.854000000000001,16.691000000000003,34,0.438,2.9099999999999997,0,0,0,0,0,0,
K8_R0.90_T1_H1_A0.75M30_S8020_HYBRID_inprocess,8020,8,0.9,1,1,SWEEP,0.75,30.0,,HYBRID,inprocess,9c36bd87b1c9da947496164a4e4a02ddd876f0861671590629b358265f7e135e,bcd0b3bca9e18022b837022759012f98c5b5b5d9d96e9022d149907ef9fbb32d,0.647,0,62,53,2,55,7,88.70967741935483,89.62264150943396,91.66666666666667,85.71428571428571,86.84210526315789,96.0,756,13.745454545454546,0,0,0,0,5,0,0,0,0,0,5.6553,3.8865,4753,1116700,200,37,92,0.2786108918705604,4,0.476933,0.09799499999999998,105,4.587,9.257,14.56,34,0.456,2.866,0,0,0,0,0,0,
K8_R0.90_T1_H1_A0.75M30_S8020_EDGE_MARKET_inprocess,8020,8,0.9,1,1,SWEEP,0.75,30.0,,EDGE_MARKET,inprocess,9c36bd87b1c9da947496164a4e4a02ddd876f0861671590629b358265f7e135e,69b48e142189138ac08c15139128c0ef100319e06cd18c133bcf1f3567630358,0.273,0,62,51,2,53,9,85.48387096774194,84.90566037735849,83.33333333333333,71.42857142857143,86.84210526315789,88.0,806,15.20754716981132,0,0,0,0,4,0,0,0,0,0,5.6743,3.8865,4447,1146488,196,44,85,0.2818599311136625,3,0.028861,0.174787,111,0.055,0.106,0.219,616,0.574,3.659,0,17,0,0,0,0,
K8_R0.90_T1_H1_A0.75M30_S8020_HYBRID_EAGER_inprocess,8020,8,0.9,1,1,SWEEP,0.75,30.0,,HYBRID_EAGER,inprocess,9c36bd87b1c9da947496164a4e4a02ddd876f0861671590629b358265f7e135e,5a866497a2f25f727848eb9b4ef9f347e9497cee9c2930619f6fc1a4896ad0d0,0.698,0,62,53,2,55,7,88.70967741935483,89.62264150943396,91.66666666666667,85.71428571428571,86.84210526315789,96.0,756,13.745454545454546,0,0,0,0,5,0,0,0,0,0,5.6553,3.8865,4753,1116700,200,37,92,0.2786108918705604,4,0.50605,0.113763,105,4.954,9.068,20.997999999999998,45,0.453,3.0100000000000002,0,0,0,0,0,0,
K8_R0.90_T1_H1_A0.65M5_S8020_CENTRAL_inprocess,8020,8,0.9,1,1,SWEEP,0.65,5.0,,CENTRAL,inprocess,6b7ed633a53681976ce22db2fc9802cfa6dae028c95075ba9eadf9668a71adc1,934d098c92f10215e70f814744bf74d0c110d148075d90341c2f553421e25bd1,1.083,0,62,51,1,52,10,83.87096774193549,86.79245283018868,87.5,100.0,81.57894736842105,88.0,724,13.923076923076923,0,0,0,0,5,0,0,0,0,0,5.5825,3.8865,6120,1215583,254,45,26,0.42336842105263156,3,0.888237,0.105591,217,2.755,10.44,20.570999999999998,0,0.0,0.0,0,0,0,0,0,0,
K8_R0.90_T1_H1_A0.65M5_S8020_CENTRAL_FB_inprocess,8020,8,0.9,1,1,SWEEP,0.65,5.0,,CENTRAL_FB,inprocess,6b7ed633a53681976ce22db2fc9802cfa6dae028c95075ba9eadf9668a71adc1,cc06480db6bd8cadf9890191c8f10b0597e808977412575847f73b57a03b3e92,1.15,0,62,51,1,52,10,83.87096774193549,86.79245283018868,87.5,100.0,81.57894736842105,88.0,724,13.923076923076923,0,0,0,0,5,0,0,0,0,0,5.5825,3.8865,6120,1215583,254,45,26,0.42336842105263156,3,0.947603,0.11357700000000001,217,3.297,11.578,28.882,40,0.051,0.496,0,0,0,0,0,0,
K8_R0.90_T1_H1_A0.65M5_S8020_HYBRID_inprocess,8020,8,0.9,1,1,SWEEP,0.65,5.0,,HYBRID,inprocess,6b7ed633a53681976ce22db2fc9802cfa6dae028c95075ba9eadf9668a71adc1,5c2f559026c06825e1d26ed746afdb3e244d9808460099b78d08b55fe61d6a6a,0.989,0,62,51,1,52,10,83.87096774193549,86.79245283018868,87.5,100.0,81.57894736842105,88.0,724,13.923076923076923,0,0,0,0,5,0,0,0,0,0,5.5825,3.8865,6120,1215583,254,45,26,0.42336842105263156,3,0.817568,0.097355,217,2.7030000000000003,10.394,20.150000000000002,40,0.034999999999999996,0.40900000000000003,0,0,0,0,0,0,
K8_R0.90_T1_H1_A0.65M5_S8020_EDGE_MARKET_inprocess,8020,8,0.9,1,1,SWEEP,0.65,5.0,,EDGE_MARKET,inprocess,6b7ed633a53681976ce22db2fc9802cfa6dae028c95075ba9eadf9668a71adc1,9a1de6522f89a15ed97ecfd408044e52095b3ad39def95df9f9ce40bcbfe1e0c,0.246,0,62,53,2,55,7,88.70967741935483,89.62264150943396,87.5,100.0,89.47368421052632,88.0,735,13.363636363636363,0,0,0,0,5,0,0,0,0,0,5.6714,3.8865,4407,1113634,156,35,18,0.1822692689381409,3,0.023413,0.159073,81,0.051,0.13699999999999998,0.339,538,0.525,5.301,0,18,0,0,0,0,
K8_R0.90_T1_H1_A0.65M5_S8020_HYBRID_EAGER_inprocess,8020,8,0.9,1,1,SWEEP,0.65,5.0,,HYBRID_EAGER,inprocess,6b7ed633a53681976ce22db2fc9802cfa6dae028c95075ba9eadf9668a71adc1,493e2098bf94069c11d050a87ddb78bc6971731104158190fa0667727e036a8e,1.117,0,62,51,1,52,10,83.87096774193549,86.79245283018868,87.5,100.0,81.57894736842105,88.0,724,13.923076923076923,0,0,0,0,5,0,0,0,0,0,5.5825,3.8865,6120,1215080,254,45,26,0.42336842105263156,3,0.910441,0.116475,217,3.059,12.34,23.006999999999998,98,0.04,0.435,0,0,0,0,0,0,
K8_R0.90_T1_H1_A0.65M15_S8020_CENTRAL_inprocess,8020,8,0.9,1,1,SWEEP,0.65,15.0,,CENTRAL,inprocess,cd7801dd22073a729a21473cbe06e6db9d44a090c110ec918278d1b8b6635329,2fb7890c93ae22857d9f9d0ae9505a9e9a563cbc417b7680e1c77ba7f352c171,0.58,0,62,52,2,54,8,87.09677419354838,83.9622641509434,79.16666666666667,71.42857142857143,92.10526315789474,88.0,692,12.814814814814815,0,0,0,0,5,0,0,0,0,0,5.6553,3.8865,5035,1125456,231,45,87,0.5221040850587577,9,0.424418,0.08877800000000001,137,2.713,6.899,13.268,0,0.0,0.0,0,2,0,0,0,0,
K8_R0.90_T1_H1_A0.65M15_S8020_CENTRAL_FB_inprocess,8020,8,0.9,1,1,SWEEP,0.65,15.0,,CENTRAL_FB,inprocess,cd7801dd22073a729a21473cbe06e6db9d44a090c110ec918278d1b8b6635329,f861bc46217b6a9ede910ac208cb006a466e710cd235bd4837bd5351d6eaabdd,0.649,0,62,52,2,54,8,87.09677419354838,83.9622641509434,79.16666666666667,71.42857142857143,92.10526315789474,92.0,688,12.74074074074074,0,0,0,0,4,0,0,0,0,0,5.6553,3.8865,5011,1123211,217,49,87,0.5218002812939522,10,0.473385,0.103427,133,2.9229999999999996,8.612,14.05,61,0.093,2.763,0,2,0,0,0,0,
K8_R0.90_T1_H1_A0.65M15_S8020_HYBRID_inprocess,8020,8,0.9,1,1,SWEEP,0.65,15.0,,HYBRID,inprocess,cd7801dd22073a729a21473cbe06e6db9d44a090c110ec918278d1b8b6635329,50f1b829a9034f69acb835aee300c70f00063032d0fed47db34e61ec065ade98,0.68,0,62,52,2,54,8,87.09677419354838,83.9622641509434,79.16666666666667,71.42857142857143,92.10526315789474,92.0,688,12.74074074074074,0,0,0,0,4,0,0,0,0,0,5.6553,3.8865,5011,1123211,217,49,87,0.5218002812939522,10,0.487209,0.10757699999999999,133,2.456,10.621,15.82,61,0.09899999999999999,2.8019999999999996,0,2,0,0,0,0,
K8_R0.90_T1_H1_A0.65M15_S8020_HYBRID_EAGER_inprocess,8020,8,0.9,1,1,SWEEP,0.65,15.0,,HYBRID_EAGER,inprocess,cd7801dd22073a729a21473cbe06e6db9d44a090c110ec918278d1b8b6635329,307741ad17e48fa38c3478bcbc2f8c22df4756425a78c762260bbae9bb9342e9,0.701,0,62,52,2,54,8,87.09677419354838,83.9622641509434,79.16666666666667,71.42857142857143,92.10526315789474,92.0,688,12.74074074074074,0,0,0,0,4,0,0,0,0,0,5.6553,3.8865,5028,1124343,213,45,87,0.5168664622247003,9,0.510431,0.112229,135,2.933,9.143,15.062000000000001,89,0.097,2.822,0,1,0,0,0,0,
K8_R0.90_T1_H1_A0.65M15_S8020_EDGE_MARKET_inprocess,8020,8,0.9,1,1,SWEEP,0.65,15.0,,EDGE_MARKET,inprocess,cd7801dd22073a729a21473cbe06e6db9d44a090c110ec918278d1b8b6635329,ffe32c71a3d3b7e21e6f3edf7cad6e056014bf1723bb4f32866b532c27dfd027,0.272,0,62,51,2,53,9,85.48387096774194,83.9622641509434,75.0,71.42857142857143,92.10526315789474,92.0,722,13.622641509433961,0,0,0,0,4,0,0,0,0,0,5.6209,3.8865,4233,1087655,126,27,87,0.33570919458303633,5,0.025985,0.16711900000000002,77,0.047,0.115,0.368,430,0.5479999999999999,10.305,0,12,0,0,0,0,
K8_R0.90_T1_H1_A0.65M30_S8020_CENTRAL_inprocess,8020,8,0.9,1,1,SWEEP,0.65,30.0,,CENTRAL,inprocess,f8cd7d6d93121a21ae5d1b90255a042434f7fa30a4e2e09f4fe95595049432f2,c147aab24f43cf2cd9c6fc1268b48a0b0799ed066be808e5e61bbfe8f5e3b748,0.656,0,62,53,2,55,7,88.70967741935483,89.62264150943396,87.5,85.71428571428571,89.47368421052632,88.0,775,14.090909090909092,0,0,0,0,5,0,0,0,0,0,5.6601,3.8865,4697,1093600,170,22,89,0.40823634735899733,4,0.478566,0.09894299999999999,107,3.9830000000000005,10.043,16.157,0,0.0,0.0,0,0,0,0,0,0,
K8_R0.90_T1_H1_A0.65M30_S8020_CENTRAL_FB_inprocess,8020,8,0.9,1,1,SWEEP,0.65,30.0,,CENTRAL_FB,inprocess,f8cd7d6d93121a21ae5d1b90255a042434f7fa30a4e2e09f4fe95595049432f2,d1132f8bf28c19739d1f87eff5eeff56303be7ecdf1da4899a0a26091d08aac2,0.636,0,62,50,2,52,10,83.87096774193549,84.90566037735849,79.16666666666667,100.0,86.84210526315789,84.0,712,13.692307692307692,0,0,0,0,2,0,0,0,0,0,5.6568,3.8865,4690,1106690,179,28,125,0.5059880239520959,4,0.419705,0.116792,107,3.036,10.222,21.31,46,0.359,3.194,0,0,0,0,0,0,
K8_R0.90_T1_H1_A0.65M30_S8020_HYBRID_inprocess,8020,8,0.9,1,1,SWEEP,0.65,30.0,,HYBRID,inprocess,f8cd7d6d93121a21ae5d1b90255a042434f7fa30a4e2e09f4fe95595049432f2,cecbf5fa75bccde5787334be73cc6ba84746f5960aec3d5a7e711a8d832fe9cf,0.513,0,62,50,2,52,10,83.87096774193549,84.90566037735849,79.16666666666667,100.0,86.84210526315789,84.0,712,13.692307692307692,0,0,0,0,2,0,0,0,0,0,5.6568,3.8865,4690,1106690,179,28,125,0.5059880239520959,4,0.357943,0.09294000000000001,107,2.6319999999999997,8.678999999999998,16.04,46,0.7,2.885,0,0,0,0,0,0,
K8_R0.90_T1_H1_A0.65M30_S8020_HYBRID_EAGER_inprocess,8020,8,0.9,1,1,SWEEP,0.65,30.0,,HYBRID_EAGER,inprocess,f8cd7d6d93121a21ae5d1b90255a042434f7fa30a4e2e09f4fe95595049432f2,afb208b4866a0c8225393d6104dae97dd4ee5893605d1c17735515f756b8ac0f,0.591,0,62,50,2,52,10,83.87096774193549,84.90566037735849,79.16666666666667,100.0,86.84210526315789,84.0,712,13.692307692307692,0,0,0,0,2,0,0,0,0,0,5.6568,3.8865,4690,1106682,179,28,125,0.5059880239520959,4,0.408418,0.111902,107,3.2369999999999997,8.911999999999999,14.68,60,0.432,3.339,0,0,0,0,0,0,
K8_R0.90_T1_H1_A0.65M30_S8020_EDGE_MARKET_inprocess,8020,8,0.9,1,1,SWEEP,0.65,30.0,,EDGE_MARKET,inprocess,f8cd7d6d93121a21ae5d1b90255a042434f7fa30a4e2e09f4fe95595049432f2,428b290cdbd1a68ced98cc38b26faf1923b2e872492bdce7bc703b83303cd501,0.227,0,62,51,2,53,9,85.48387096774194,83.9622641509434,79.16666666666667,71.42857142857143,89.47368421052632,88.0,822,15.50943396226415,0,0,0,0,3,0,0,0,0,0,5.6743,3.8865,4389,1136736,139,35,85,0.43901639344262294,3,0.023689,0.146896,116,0.044,0.094,0.132,576,0.46099999999999997,2.3249999999999997,0,14,0,0,0,0,
K8_R0.90_T1_H1_A0.55M5_S8020_CENTRAL_inprocess,8020,8,0.9,1,1,SWEEP,0.55,5.0,,CENTRAL,inprocess,4b06b85fe692abf6c9ffacf6b8226d0367968ebf10f84ec79c6567f5516df0d9,7abfbde984189e5cab4595479b8dac44cb495d02953c858410dca6990f3fbfc7,1.006,0,62,52,2,54,8,87.09677419354838,88.67924528301887,87.5,100.0,86.84210526315789,88.0,765,14.166666666666666,0,0,0,0,4,0,0,0,0,0,5.6666,3.8865,5983,1218808,217,39,27,0.5955743879472694,3,0.839907,0.095343,251,2.141,11.508,22.105,0,0.0,0.0,0,0,0,0,0,0,
K8_R0.90_T1_H1_A0.55M5_S8020_CENTRAL_FB_inprocess,8020,8,0.9,1,1,SWEEP,0.55,5.0,,CENTRAL_FB,inprocess,4b06b85fe692abf6c9ffacf6b8226d0367968ebf10f84ec79c6567f5516df0d9,02f028ae1351fa69a857274026d0139d5cc956ca1a27d5aeb389de70a29e1d84,1.113,0,62,52,2,54,8,87.09677419354838,88.67924528301887,87.5,100.0,86.84210526315789,88.0,765,14.166666666666666,0,0,0,0,4,0,0,0,0,0,5.6666,3.8865,5983,1218808,217,39,27,0.5955743879472694,3,0.883551,0.108445,251,2.312,12.048,22.313,56,0.039,0.08600000000000001,0,0,0,0,0,0,
K8_R0.90_T1_H1_A0.55M5_S8020_HYBRID_inprocess,8020,8,0.9,1,1,SWEEP,0.55,5.0,,HYBRID,inprocess,4b06b85fe692abf6c9ffacf6b8226d0367968ebf10f84ec79c6567f5516df0d9,44f896ad21966ae453ebb5a2b4f31e382dba229eaa3e8c92c0e49b16301685a9,0.91,0,62,52,2,54,8,87.09677419354838,88.67924528301887,87.5,100.0,86.84210526315789,88.0,765,14.166666666666666,0,0,0,0,4,0,0,0,0,0,5.6666,3.8865,5983,1218808,217,39,27,0.5955743879472694,3,0.753969,0.09323200000000001,251,2.052,9.041,24.848,56,0.028,0.079,0,0,0,0,0,0,
K8_R0.90_T1_H1_A0.55M5_S8020_EDGE_MARKET_inprocess,8020,8,0.9,1,1,SWEEP,0.55,5.0,,EDGE_MARKET,inprocess,4b06b85fe692abf6c9ffacf6b8226d0367968ebf10f84ec79c6567f5516df0d9,c52a499d589afb6511c35f8162dcc00871b26d034fc0f45bdc40d6452bf69083,0.202,0,62,49,2,51,11,82.25806451612904,80.18867924528301,66.66666666666667,71.42857142857143,92.10526315789474,84.0,789,15.470588235294118,0,0,0,0,4,0,0,0,0,0,5.6609,3.8865,4444,1124961,142,31,21,0.3858413639733136,4,0.019114,0.13308699999999998,95,0.036000000000000004,0.127,0.213,571,0.40900000000000003,2.3649999999999998,0,21,0,0,0,0,
K8_R0.90_T1_H1_A0.55M5_S8020_HYBRID_EAGER_inprocess,8020,8,0.9,1,1,SWEEP,0.55,5.0,,HYBRID_EAGER,inprocess,4b06b85fe692abf6c9ffacf6b8226d0367968ebf10f84ec79c6567f5516df0d9,3e924431a917d49e10de827c01841066c6086486742c3decbf5523ea657d2741,1.329,0,62,51,2,53,9,85.48387096774194,86.79245283018868,79.16666666666667,100.0,89.47368421052632,96.0,754,14.226415094339623,0,0,0,0,3,0,0,0,0,0,5.6601,3.8865,6201,1226552,210,57,27,0.6508467023172906,3,1.052694,0.124403,255,2.847,14.808,26.158,126,0.038,0.446,0,0,0,0,0,0,
K8_R0.90_T1_H1_A0.55M15_S8020_CENTRAL_inprocess,8020,8,0.9,1,1,SWEEP,0.55,15.0,,CENTRAL,inprocess,fffd378cfc3988cca1a1d9729fcf6245fccb429c1b7122736597e590661e0e19,880476db06476a0f1299a6ae36ad8ffd4de5f8bb38a9a265a62201662d78edad,0.497,0,62,53,2,55,7,88.70967741935483,90.56603773584905,87.5,100.0,89.47368421052632,84.0,741,13.472727272727273,0,0,0,0,5,0,0,0,0,0,5.6583,3.8865,5038,1107305,188,29,59,0.696708213486737,7,0.350608,0.085209,158,1.7810000000000001,5.274,15.238,0,0.0,0.0,0,0,0,0,0,0,
K8_R0.90_T1_H1_A0.55M15_S8020_CENTRAL_FB_inprocess,8020,8,0.9,1,1,SWEEP,0.55,15.0,,CENTRAL_FB,inprocess,fffd378cfc3988cca1a1d9729fcf6245fccb429c1b7122736597e590661e0e19,20435dbdb0007da700791aac17b088fb970b63a6c8627d8e1200ec86b48dedf5,0.564,0,62,54,2,56,6,90.3225806451613,92.45283018867924,91.66666666666667,100.0,89.47368421052632,88.0,750,13.392857142857142,0,0,0,0,4,0,0,0,0,0,5.6583,3.8865,5030,1106667,179,29,59,0.6879183933694613,5,0.365771,0.10339100000000001,157,2.083,5.595,14.005,74,0.11,2.368,0,0,0,0,0,0,
K8_R0.90_T1_H1_A0.55M15_S8020_HYBRID_inprocess,8020,8,0.9,1,1,SWEEP,0.55,15.0,,HYBRID,inprocess,fffd378cfc3988cca1a1d9729fcf6245fccb429c1b7122736597e590661e0e19,fa1a3c95964bcfa764a68ed4a36536b9dc16ace142c7b18d786febcfe9a325af,0.607,0,62,54,2,56,6,90.3225806451613,92.45283018867924,91.66666666666667,100.0,89.47368421052632,88.0,750,13.392857142857142,0,0,0,0,4,0,0,0,0,0,5.6583,3.8865,5030,1106667,179,29,59,0.6879183933694613,5,0.430413,0.10466,157,2.176,7.8180000000000005,14.426,74,0.161,2.832,0,0,0,0,0,0,
K8_R0.90_T1_H1_A0.55M15_S8020_EDGE_MARKET_inprocess,8020,8,0.9,1,1,SWEEP,0.55,15.0,,EDGE_MARKET,inprocess,fffd378cfc3988cca1a1d9729fcf6245fccb429c1b7122736597e590661e0e19,cf52d8de8dd7514fd4237d4fc34616d98fa2eb6508ae68a8823eb83b36cd12f3,0.217,0,62,49,2,51,11,82.25806451612904,83.01886792452831,83.33333333333333,85.71428571428571,81.57894736842105,84.0,806,15.803921568627452,0,0,0,0,4,0,0,0,0,0,5.6552,3.8865,4224,1116205,117,24,87,0.47547974413646055,3,0.019555,0.14106100000000002,83,0.034999999999999996,0.08600000000000001,0.17,415,0.48899999999999993,2.624,0,17,0,0,0,0,
K8_R0.90_T1_H1_A0.55M15_S8020_HYBRID_EAGER_inprocess,8020,8,0.9,1,1,SWEEP,0.55,15.0,,HYBRID_EAGER,inprocess,fffd378cfc3988cca1a1d9729fcf6245fccb429c1b7122736597e590661e0e19,2a125cd2436f3552b77f46af2e6cabb693f42058e4892ab15979913ab7f86d14,0.595,0,62,54,2,56,6,90.3225806451613,92.45283018867924,91.66666666666667,100.0,89.47368421052632,88.0,750,13.392857142857142,0,0,0,0,4,0,0,0,0,0,5.6583,3.8865,5030,1106547,179,29,59,0.6879183933694613,5,0.410645,0.11146700000000001,157,2.17,6.131,15.732,104,0.375,2.827,0,0,0,0,0,0,
K8_R0.90_T1_H1_A0.55M30_S8020_CENTRAL_inprocess,8020,8,0.9,1,1,SWEEP,0.55,30.0,,CENTRAL,inprocess,4cd02d74df79f3929000a0a613a9ee45a7fda2c648f5dd6b7bb070dca4a18da9,579f37dd5d0538186af6c58c1e6fced8587f11f99ddb7f4a4b33fb8572e5f721,0.584,0,62,52,1,53,9,85.48387096774194,86.79245283018868,87.5,85.71428571428571,84.21052631578948,80.0,797,15.037735849056604,0,0,0,0,5,0,0,0,0,0,5.7255,3.8865,4894,1115459,174,26,150,0.7111111111111111,7,0.416833,0.091457,117,2.696,8.817,12.789,0,0.0,0.0,0,1,0,0,0,0,
K8_R0.90_T1_H1_A0.55M30_S8020_CENTRAL_FB_inprocess,8020,8,0.9,1,1,SWEEP,0.55,30.0,,CENTRAL_FB,inprocess,4cd02d74df79f3929000a0a613a9ee45a7fda2c648f5dd6b7bb070dca4a18da9,b6568406f2bc983aca35b8215336bb524c14ecfbbac5718a0b9933837361ede2,0.729,0,62,50,1,51,11,82.25806451612904,82.0754716981132,75.0,71.42857142857143,86.84210526315789,80.0,773,15.156862745098039,0,0,0,0,5,0,0,0,0,0,5.7169,3.8865,4972,1118670,164,23,150,0.67546090273363,8,0.53569,0.11065,122,3.766,10.272,16.569,75,0.093,2.7920000000000003,0,0,0,0,0,0,
K8_R0.90_T1_H1_A0.55M30_S8020_HYBRID_inprocess,8020,8,0.9,1,1,SWEEP,0.55,30.0,,HYBRID,inprocess,4cd02d74df79f3929000a0a613a9ee45a7fda2c648f5dd6b7bb070dca4a18da9,e8b1b59ed044dda0ab2f4cfd2151303bff93396cca644d64af90614e6dfeff30,0.753,0,62,50,1,51,11,82.25806451612904,82.0754716981132,75.0,71.42857142857143,86.84210526315789,80.0,773,15.156862745098039,0,0,0,0,5,0,0,0,0,0,5.7169,3.8865,4972,1118670,164,23,150,0.67546090273363,8,0.556902,0.114874,122,4.002999999999999,10.463999999999999,16.252,75,0.097,3.018,0,0,0,0,0,0,
K8_R0.90_T1_H1_A0.55M30_S8020_EDGE_MARKET_inprocess,8020,8,0.9,1,1,SWEEP,0.55,30.0,,EDGE_MARKET,inprocess,4cd02d74df79f3929000a0a613a9ee45a7fda2c648f5dd6b7bb070dca4a18da9,65ecb023b3c776faeeb09e0b4a237461eec2c496fa0cfe0e35fb7a205598bd95,0.302,0,62,49,2,51,11,82.25806451612904,84.90566037735849,83.33333333333333,100.0,81.57894736842105,88.0,780,15.294117647058824,0,0,0,0,4,0,0,0,0,0,5.6579,3.8865,4317,1121830,136,22,91,0.580967612954818,3,0.02677,0.19869800000000004,97,0.037,0.15,0.28400000000000003,507,0.766,2.5799999999999996,0,19,0,0,0,0,
K8_R0.90_T1_H1_A0.55M30_S8020_HYBRID_EAGER_inprocess,8020,8,0.9,1,1,SWEEP,0.55,30.0,,HYBRID_EAGER,inprocess,4cd02d74df79f3929000a0a613a9ee45a7fda2c648f5dd6b7bb070dca4a18da9,e74d036b7cdcb3e3dc4ca9401a764d8a7bac788d0ea430a3f9a6741bc1d7de99,0.806,0,62,50,1,51,11,82.25806451612904,82.0754716981132,75.0,71.42857142857143,86.84210526315789,80.0,770,15.098039215686274,0,0,0,0,5,0,0,0,0,0,5.7169,3.8865,4976,1118649,166,24,150,0.6606234096692112,9,0.562263,0.11840200000000001,123,4.397,12.096,25.971999999999998,87,0.09899999999999999,2.6,0,0,0,0,0,0,
