run_id,seed,teams,load,traffic,thermal,network,availability,mean_outage,ua_misspec,method,backend,scenario_sha256,trajectory_sha256,wall_s,morning_unassigned,N,served,absent,handled,missed,handled_pct,priority_handled_pct,dynamic_handled_pct,urgent_handled_pct,static_handled_pct,cold_handled_pct,travel_min,travel_per_handled,overtime_min_total,overtime_min_max,late_returns,not_home,swaps,quarantines,warm_quarantines,cold_quarantines,wasted_doses,out_of_range_min,theta_max,theta_min,msgs_sent,bytes_sent,retries,duplicates,max_msg_delay,mean_msg_delay,msgs_pending_end,center_cpu_s,vehicle_cpu_s,center_decisions,center_p50_ms,center_p95_ms,center_max_ms,agent_decisions,agent_p95_ms,agent_max_ms,alns_timeouts,releases,token_overlaps,unauthorized_services,cold_after_quarantine,violations,violation_kinds
K8_R0.90_T0_H1_N1_U1_S8001_CENTRAL_inprocess,8001,8,0.9,0,1,N1,0.98,3.0,1.0,CENTRAL,inprocess,8a6601fb685b8891ed2675af065ae2a9d38d9bc255cf80754bc57e608c802f60,7ab264d029806c5f56323eabdaa6268845de629ca2346eb0b8b44a7f4dd5f3d8,1.064,0,62,53,3,56,6,90.3225806451613,91.81818181818181,95.45454545454545,91.66666666666667,87.5,85.71428571428571,723,12.910714285714286,0,0,0,0,7,0,0,0,0,0,5.6655,3.8931,5381,1120290,116,44,8,0.017049808429118775,1,0.906167,0.08675900000000002,109,6.7,19.439999999999998,22.093999999999998,0,0.0,0.0,0,0,0,0,0,0,
K8_R0.90_T0_H1_N1_U1_S8001_CENTRAL_FB_inprocess,8001,8,0.9,0,1,N1,0.98,3.0,1.0,CENTRAL_FB,inprocess,8a6601fb685b8891ed2675af065ae2a9d38d9bc255cf80754bc57e608c802f60,040c67d3681741fd39364fdfbdfc639759647f07d46478167af74806f2881312,1.362,0,62,53,3,56,6,90.3225806451613,91.81818181818181,95.45454545454545,91.66666666666667,87.5,85.71428571428571,723,12.910714285714286,0,0,0,0,7,0,0,0,0,0,5.6655,3.8931,5381,1120290,116,44,8,0.017049808429118775,1,1.151597,0.107854,109,8.385,27.060000000000002,31.999,3,0.017,0.017,0,0,0,0,0,0,
K8_R0.90_T0_H1_N1_U1_S8001_HYBRID_inprocess,8001,8,0.9,0,1,N1,0.98,3.0,1.0,HYBRID,inprocess,8a6601fb685b8891ed2675af065ae2a9d38d9bc255cf80754bc57e608c802f60,03361352972eeafb6d5c4c9d9fd13805923255e6db577e47844870b9b23245f3,1.334,0,62,53,3,56,6,90.3225806451613,91.81818181818181,95.45454545454545,91.66666666666667,87.5,85.71428571428571,723,12.910714285714286,0,0,0,0,7,0,0,0,0,0,5.6655,3.8931,5381,1120290,116,44,8,0.017049808429118775,1,1.122275,0.10542599999999999,109,8.596,21.76,34.491,3,0.02,0.02,0,0,0,0,0,0,
K8_R0.90_T0_H1_N3_U1_S8001_CENTRAL_inprocess,8001,8,0.9,0,1,N3,0.75,20.0,1.0,CENTRAL,inprocess,efe6a5acc6a83b7d9f9cc5bdc26e5b79a8f02d0e33bd8ed39d402557fceeab24,fa762dd4681e163434d27ae65d92cead0d61e56481dbc30a10b6dc1217f68c71,2.167,0,62,42,2,44,18,70.96774193548387,78.18181818181819,86.36363636363636,91.66666666666667,62.5,78.57142857142857,662,15.045454545454545,0,0,0,0,6,0,0,0,0,0,5.6241,3.9368,6349,1199052,546,108,108,0.561332250203087,6,1.941228,0.11448900000000001,188,8.722000000000001,23.864,51.392,0,0.0,0.0,0,0,0,0,0,0,
K8_R0.90_T0_H1_N3_U1_S8001_CENTRAL_FB_inprocess,8001,8,0.9,0,1,N3,0.75,20.0,1.0,CENTRAL_FB,inprocess,efe6a5acc6a83b7d9f9cc5bdc26e5b79a8f02d0e33bd8ed39d402557fceeab24,77ff56478588b541dd9a4a32f78fa27ecb67446db3d17e9d6e3305606cbdf645,2.092,0,62,42,2,44,18,70.96774193548387,78.18181818181819,86.36363636363636,91.66666666666667,62.5,78.57142857142857,662,15.045454545454545,0,0,0,0,5,0,0,0,0,0,5.6241,3.9368,6349,1199051,546,108,108,0.561332250203087,6,1.882975,0.11322299999999999,188,9.449000000000002,22.662000000000003,33.964,50,0.112,0.773,0,0,0,0,0,0,
K8_R0.90_T0_H1_N3_U1_S8001_HYBRID_inprocess,8001,8,0.9,0,1,N3,0.75,20.0,1.0,HYBRID,inprocess,efe6a5acc6a83b7d9f9cc5bdc26e5b79a8f02d0e33bd8ed39d402557fceeab24,444bcee02bc141ec0c377baafedf7c1d7a34f7a4094f3c6b721e9f69f3bb7396,1.909,0,62,42,2,44,18,70.96774193548387,78.18181818181819,86.36363636363636,91.66666666666667,62.5,78.57142857142857,662,15.045454545454545,0,0,0,0,5,0,0,0,0,0,5.6241,3.9368,6349,1199051,546,108,108,0.561332250203087,6,1.684072,0.11308800000000001,188,8.353,20.559,29.408,50,0.103,0.474,0,0,0,0,0,0,
K8_R0.90_T0_H1_N1_U1.6_S8001_CENTRAL_inprocess,8001,8,0.9,0,1,N1,0.98,3.0,1.6,CENTRAL,inprocess,16947ffa0df1aa40fc266766ddd9b58bb1a916d6a06c71d37c5ba15c486d3019,615a393b273368e6fd28632f17303e28c1b35ad1ae8980734dba2ec33c4d526a,1.537,0,62,49,3,52,10,83.87096774193549,86.36363636363636,90.9090909090909,83.33333333333333,80.0,82.14285714285714,727,13.98076923076923,0,0,0,0,8,1,1,0,9,6,8.7522,3.849,5873,1165509,128,44,8,0.021026809181706674,0,1.360519,0.099804,127,11.051,20.67,34.882000000000005,0,0.0,0.0,0,0,0,0,0,0,
K8_R0.90_T0_H1_N1_U1.6_S8001_CENTRAL_FB_inprocess,8001,8,0.9,0,1,N1,0.98,3.0,1.6,CENTRAL_FB,inprocess,16947ffa0df1aa40fc266766ddd9b58bb1a916d6a06c71d37c5ba15c486d3019,1e89e4f09cd7bf0571ff98e81eac8004c3312e66281ab4ee5cbf520c87d103e6,1.799,0,62,49,3,52,10,83.87096774193549,86.36363636363636,90.9090909090909,83.33333333333333,80.0,82.14285714285714,727,13.98076923076923,0,0,0,0,8,1,1,0,9,6,8.7522,3.849,5873,1165509,128,44,8,0.021026809181706674,0,1.56369,0.118822,127,10.777999999999999,26.036,38.464,3,0.016,0.016,0,0,0,0,0,0,
K8_R0.90_T0_H1_N1_U1.6_S8001_HYBRID_inprocess,8001,8,0.9,0,1,N1,0.98,3.0,1.6,HYBRID,inprocess,16947ffa0df1aa40fc266766ddd9b58bb1a916d6a06c71d37c5ba15c486d3019,7bd322bb127181537acca4a58e7071f9e5bc7b446cae8348a2ae79df2f1b0a96,1.812,0,62,49,3,52,10,83.87096774193549,86.36363636363636,90.9090909090909,83.33333333333333,80.0,82.14285714285714,727,13.98076923076923,0,0,0,0,8,1,1,0,9,6,8.7522,3.849,5873,1165509,128,44,8,0.021026809181706674,0,1.605856,0.11293199999999999,127,10.891,26.681,33.229,7,0.04,0.04,0,0,0,0,0,0,
K8_R0.90_T0_H1_N3_U1.6_S8001_CENTRAL_inprocess,8001,8,0.9,0,1,N3,0.75,20.0,1.6,CENTRAL,inprocess,7e70fbce282d830af3e5faa2f80ada19d73fa13c792636bf685a0d6da782e0c0,b6ae436011d3327e01af5e350015de71a37832e932621095930f1fdde106e81f,1.319,0,62,50,3,53,9,85.48387096774194,88.18181818181819,95.45454545454545,91.66666666666667,80.0,82.14285714285714,721,13.60377358490566,0,0,0,0,8,0,0,0,0,0,7.7367,3.9022,5768,1154082,502,80,84,0.399859616284511,4,1.116137,0.10245399999999999,163,6.832000000000001,15.086,22.681,0,0.0,0.0,0,0,0,0,0,0,
K8_R0.90_T0_H1_N3_U1.6_S8001_CENTRAL_FB_inprocess,8001,8,0.9,0,1,N3,0.75,20.0,1.6,CENTRAL_FB,inprocess,7e70fbce282d830af3e5faa2f80ada19d73fa13c792636bf685a0d6da782e0c0,b065880829c2e44026956ecb291d7bd75ddac2013ad0b3d250020ff2ebd064ab,1.304,0,62,51,3,54,8,87.09677419354838,92.72727272727273,100.0,100.0,80.0,85.71428571428571,706,13.074074074074074,0,0,0,0,6,1,1,0,11,9,9.0811,3.9022,5383,1119490,437,66,84,0.4117947408731172,2,1.10596,0.10973500000000001,140,7.842999999999999,17.764,22.588,51,0.383,0.555,0,0,0,0,0,0,
K8_R0.90_T0_H1_N3_U1.6_S8001_HYBRID_inprocess,8001,8,0.9,0,1,N3,0.75,20.0,1.6,HYBRID,inprocess,7e70fbce282d830af3e5faa2f80ada19d73fa13c792636bf685a0d6da782e0c0,99f79066d1b6abfcf7ba89dfdfef834e3796608de343e0e0791d0b3b78b11f7b,1.345,0,62,51,3,54,8,87.09677419354838,92.72727272727273,100.0,100.0,80.0,85.71428571428571,706,13.074074074074074,0,0,0,0,6,1,1,0,11,9,9.0811,3.9022,5383,1119490,437,66,84,0.4117947408731172,2,1.137198,0.11109199999999998,140,7.969,19.523,31.347,54,0.116,0.549,0,0,0,0,0,0,
K8_R0.90_T0_H1_N1_U2_S8001_CENTRAL_inprocess,8001,8,0.9,0,1,N1,0.98,3.0,2.0,CENTRAL,inprocess,cbd3f2d44dc73a6d8da1c2941fbf0e4ae69ca42b7537c7ea3c8f436fd0af7b00,cac192e1d8f4f39a5a7a116991d2d260186b4216cb9df63c3dac622ac9e28e2e,1.659,0,62,48,3,51,11,82.25806451612904,84.54545454545455,86.36363636363636,75.0,80.0,78.57142857142857,820,16.07843137254902,0,0,0,0,8,8,8,0,79,233,14.0641,3.8355,5897,1164808,112,49,6,0.019843342036553524,0,1.487893,0.094802,124,10.689,24.671,33.855999999999995,0,0.0,0.0,0,2,0,0,0,0,
K8_R0.90_T0_H1_N1_U2_S8001_CENTRAL_FB_inprocess,8001,8,0.9,0,1,N1,0.98,3.0,2.0,CENTRAL_FB,inprocess,cbd3f2d44dc73a6d8da1c2941fbf0e4ae69ca42b7537c7ea3c8f436fd0af7b00,1c28da957d14bedea0d76cfd627d0d2ef3c350a90eea77cd9e0fa1cb1a60c271,1.548,0,62,48,3,51,11,82.25806451612904,84.54545454545455,86.36363636363636,75.0,80.0,78.57142857142857,820,16.07843137254902,0,0,0,0,8,8,8,0,79,233,14.0641,3.8355,5897,1164808,112,49,6,0.019843342036553524,0,1.350438,0.09122999999999999,124,10.456999999999999,23.127000000000002,32.687,3,0.017,0.017,0,2,0,0,0,0,
K8_R0.90_T0_H1_N3_U2_S8001_CENTRAL_inprocess,8001,8,0.9,0,1,N3,0.75,20.0,2.0,CENTRAL,inprocess,0723461ace4099a81204196b835662402825bcbaaecff2983d0da26d321db4e8,690a906acd4c75295d8f154a18a239f6967a42ee71449e237d634729e3f79606,1.148,0,62,50,3,53,9,85.48387096774194,89.0909090909091,90.9090909090909,100.0,82.5,89.28571428571429,783,14.773584905660377,0,0,0,0,7,8,8,0,72,183,13.5442,3.8678,5620,1137595,442,75,108,0.39521392313270487,6,0.940733,0.106191,161,5.383,13.485000000000001,18.348,0,0.0,0.0,0,0,0,0,0,0,
K8_R0.90_T0_H1_N1_U2_S8001_HYBRID_inprocess,8001,8,0.9,0,1,N1,0.98,3.0,2.0,HYBRID,inprocess,cbd3f2d44dc73a6d8da1c2941fbf0e4ae69ca42b7537c7ea3c8f436fd0af7b00,27f75e06824a2c677ab9def4a83f5598f9950a91dcbaead72b1a64d0ad0b486e,1.768,0,62,48,3,51,11,82.25806451612904,83.63636363636364,86.36363636363636,75.0,80.0,78.57142857142857,787,15.431372549019608,0,0,0,0,8,8,8,0,79,224,14.0641,3.8355,5945,1169658,117,48,8,0.029030585795749093,0,1.561002,0.10646600000000002,129,10.901,23.892,28.412,12,0.030000000000000002,0.063,0,1,0,0,0,0,
K8_R0.90_T0_H1_N3_U2_S8001_CENTRAL_FB_inprocess,8001,8,0.9,0,1,N3,0.75,20.0,2.0,CENTRAL_FB,inprocess,0723461ace4099a81204196b835662402825bcbaaecff2983d0da26d321db4e8,e3e0edd35ce92c98994ef59874722fda7159b8cda19f39399dfd56e84d2f7865,0.998,0,62,50,2,52,10,83.87096774193549,87.27272727272727,90.9090909090909,91.66666666666667,80.0,82.14285714285714,716,13.76923076923077,0,0,0,0,7,8,8,0,72,114,11.938,3.8678,5537,1131434,425,90,108,0.4783897258582366,3,0.822595,0.09725299999999998,141,4.422,15.16,19.483,50,0.43,3.052,0,0,0,0,0,0,
K8_R0.90_T0_H1_N3_U2_S8001_HYBRID_inprocess,8001,8,0.9,0,1,N3,0.75,20.0,2.0,HYBRID,inprocess,0723461ace4099a81204196b835662402825bcbaaecff2983d0da26d321db4e8,aef927a8356bfd307daaeb1df815ca65b5d890fda41e439e0b77d277a04b41b6,1.12,0,62,50,2,52,10,83.87096774193549,87.27272727272727,90.9090909090909,91.66666666666667,80.0,82.14285714285714,716,13.76923076923077,0,0,0,0,7,8,8,0,72,114,11.938,3.8678,5537,1131347,425,90,108,0.4783897258582366,3,0.938568,0.105384,141,4.933,15.976,21.298000000000002,58,0.047,3.1519999999999997,0,0,0,0,0,0,
K8_R0.90_T0_H1_N1_U1_S8002_CENTRAL_inprocess,8002,8,0.9,0,1,N1,0.98,3.0,1.0,CENTRAL,inprocess,c11985af8737997df80e260208bd7ae00acc3184de8a8a45f65a5ddf085c35b3,b208add5fb1d9993dc586537ec4714eb12dc48bc926d8907b2df7cae4bea2369,1.188,0,62,56,2,58,4,93.54838709677419,94.79166666666667,100.0,100.0,90.9090909090909,83.33333333333333,705,12.155172413793103,0,0,0,0,6,0,0,0,0,0,5.675,3.9031,5230,1106663,101,54,7,0.025510204081632654,0,0.971007,0.111079,107,4.956,23.823,31.365,0,0.0,0.0,0,0,0,0,0,0,
K8_R0.90_T0_H1_N1_U1_S8002_CENTRAL_FB_inprocess,8002,8,0.9,0,1,N1,0.98,3.0,1.0,CENTRAL_FB,inprocess,c11985af8737997df80e260208bd7ae00acc3184de8a8a45f65a5ddf085c35b3,8a0364ddabd3f0d7de7f69d60288d19bb61d61a8c823724c6aff5772da8b02ee,1.022,0,62,56,2,58,4,93.54838709677419,94.79166666666667,100.0,100.0,90.9090909090909,83.33333333333333,705,12.155172413793103,0,0,0,0,6,0,0,0,0,0,5.675,3.9031,5230,1106663,101,54,7,0.025510204081632654,0,0.851417,0.09283300000000001,107,4.492999999999999,20.299,27.378,0,0.0,0.0,0,0,0,0,0,0,
K8_R0.90_T0_H1_N1_U1_S8002_HYBRID_inprocess,8002,8,0.9,0,1,N1,0.98,3.0,1.0,HYBRID,inprocess,c11985af8737997df80e260208bd7ae00acc3184de8a8a45f65a5ddf085c35b3,e035529fcc94d39bcecef529230f47222639d81ea414946d69eeb77e50183e9a,1.005,0,62,56,2,58,4,93.54838709677419,94.79166666666667,100.0,100.0,90.9090909090909,83.33333333333333,705,12.155172413793103,0,0,0,0,6,0,0,0,0,0,5.675,3.9031,5230,1106663,101,54,7,0.025510204081632654,0,0.840672,0.08854899999999999,107,3.927,20.513,26.57,0,0.0,0.0,0,0,0,0,0,0,
K8_R0.90_T0_H1_N3_U1_S8002_CENTRAL_inprocess,8002,8,0.9,0,1,N3,0.75,20.0,1.0,CENTRAL,inprocess,9c416d6e0e5522dccf668451e007ce7b2ed19ab7947d96d55087472ae8caa126,237527aa614751dea044333d6a80d2f42f8eda39631c1159a41c777a439f2696,0.891,0,62,56,1,57,5,91.93548387096774,93.75,94.44444444444444,100.0,90.9090909090909,87.5,707,12.403508771929825,0,0,0,0,6,0,0,0,0,0,5.6939,3.9031,5145,1095789,433,69,73,0.23577235772357724,8,0.703731,0.100393,121,5.478000000000001,13.628,18.110999999999997,0,0.0,0.0,0,0,0,0,0,0,
K8_R0.90_T0_H1_N3_U1_S8002_CENTRAL_FB_inprocess,8002,8,0.9,0,1,N3,0.75,20.0,1.0,CENTRAL_FB,inprocess,9c416d6e0e5522dccf668451e007ce7b2ed19ab7947d96d55087472ae8caa126,026dfcb88129f1ac3e4579bdc639720276da64e9dc2b536528c7b023f0454ae5,0.948,0,62,56,1,57,5,91.93548387096774,93.75,94.44444444444444,100.0,90.9090909090909,87.5,707,12.403508771929825,0,0,0,0,6,0,0,0,0,0,5.6939,3.9031,5145,1095789,433,69,73,0.23577235772357724,8,0.737834,0.11085600000000001,121,4.845000000000001,15.421000000000001,19.444,33,0.093,2.919,0,0,0,0,0,0,
K8_R0.90_T0_H1_N3_U1_S8002_HYBRID_inprocess,8002,8,0.9,0,1,N3,0.75,20.0,1.0,HYBRID,inprocess,9c416d6e0e5522dccf668451e007ce7b2ed19ab7947d96d55087472ae8caa126,6988c8e117f104ffd9c19cd91d454fe9805c59caaf91de04a52f3ced1dbf220b,0.957,0,62,56,1,57,5,91.93548387096774,93.75,94.44444444444444,100.0,90.9090909090909,87.5,707,12.403508771929825,0,0,0,0,6,0,0,0,0,0,5.6939,3.9031,5145,1095789,433,69,73,0.23577235772357724,8,0.768931,0.102593,121,5.621,15.952000000000002,18.618,33,0.504,3.1350000000000002,0,0,0,0,0,0,
K8_R0.90_T0_H1_N1_U1.6_S8002_CENTRAL_inprocess,8002,8,0.9,0,1,N1,0.98,3.0,1.6,CENTRAL,inprocess,172c5b285eac5f73a339686d674a82e3bcb6b411cf653a050afc6c02b2df7e55,68e1084f13f84e4c48d00cc2f1f73097899ca5273baeda64f13de1bc74c0b3fd,1.072,0,62,56,2,58,4,93.54838709677419,95.83333333333333,100.0,100.0,90.9090909090909,87.5,692,11.931034482758621,0,0,0,0,6,2,2,0,21,29,9.9827,3.8449,5230,1105421,93,49,7,0.019027069438995684,0,0.876596,0.099328,106,5.697,21.932,24.71,0,0.0,0.0,0,0,0,0,0,0,
K8_R0.90_T0_H1_N1_U1.6_S8002_CENTRAL_FB_inprocess,8002,8,0.9,0,1,N1,0.98,3.0,1.6,CENTRAL_FB,inprocess,172c5b285eac5f73a339686d674a82e3bcb6b411cf653a050afc6c02b2df7e55,76a02541360accd35abbf9194e2b2d1251f16da9e100626e84d6950af266778d,1.106,0,62,56,2,58,4,93.54838709677419,95.83333333333333,100.0,100.0,90.9090909090909,87.5,692,11.931034482758621,0,0,0,0,6,2,2,0,21,29,9.9827,3.8449,5230,1105421,93,49,7,0.019027069438995684,0,0.90246,0.10507000000000001,106,5.946,20.374,26.141000000000002,1,0.012,0.012,0,0,0,0,0,0,
K8_R0.90_T0_H1_N1_U1.6_S8002_HYBRID_inprocess,8002,8,0.9,0,1,N1,0.98,3.0,1.6,HYBRID,inprocess,172c5b285eac5f73a339686d674a82e3bcb6b411cf653a050afc6c02b2df7e55,fd7732608507e085b6a2cf62a75b047ce0e19efeb0623fc888f6bfbbcb6edd96,1.034,0,62,56,2,58,4,93.54838709677419,95.83333333333333,100.0,100.0,90.9090909090909,87.5,692,11.931034482758621,0,0,0,0,6,2,2,0,21,29,9.9827,3.8449,5230,1105421,93,49,7,0.019027069438995684,0,0.850705,0.096219,106,5.326,22.681,27.997,6,0.019,0.019,0,0,0,0,0,0,
K8_R0.90_T0_H1_N3_U1.6_S8002_CENTRAL_inprocess,8002,8,0.9,0,1,N3,0.75,20.0,1.6,CENTRAL,inprocess,96f5317dba12789085e1735e221e5dfa704922ccad76238b7f7960b16503da90,fdd50aeac7d4678629b5dbca1b09e6ee11a838b6b95c9867342416b81717c39e,1.037,0,62,55,2,57,5,91.93548387096774,90.625,83.33333333333333,83.33333333333333,95.45454545454545,83.33333333333333,764,13.403508771929825,0,0,0,0,5,2,2,0,20,24,9.8435,3.8449,5439,1121562,478,100,73,0.2852993744414656,4,0.831911,0.10864499999999999,141,4.042,18.307,21.867,0,0.0,0.0,0,0,0,0,0,0,
K8_R0.90_T0_H1_N3_U1.6_S8002_CENTRAL_FB_inprocess,8002,8,0.9,0,1,N3,0.75,20.0,1.6,CENTRAL_FB,inprocess,96f5317dba12789085e1735e221e5dfa704922ccad76238b7f7960b16503da90,6564c11ffd5c590420a26489ee8b0f7294eff2a346e74e6b8aba7879f6116547,0.95,0,62,55,2,57,5,91.93548387096774,90.625,83.33333333333333,83.33333333333333,95.45454545454545,83.33333333333333,764,13.403508771929825,0,0,0,0,5,2,2,0,20,24,9.8435,3.8449,5439,1121472,478,100,73,0.2852993744414656,4,0.769182,0.100706,141,4.0920000000000005,15.099,19.61,32,0.034,0.525,0,0,0,0,0,0,
K8_R0.90_T0_H1_N3_U1.6_S8002_HYBRID_inprocess,8002,8,0.9,0,1,N3,0.75,20.0,1.6,HYBRID,inprocess,96f5317dba12789085e1735e221e5dfa704922ccad76238b7f7960b16503da90,86e6281cb30323284a9bbecf446a993f573799f836b032913ba976bbeee7f372,0.98,0,62,55,2,57,5,91.93548387096774,90.625,83.33333333333333,83.33333333333333,95.45454545454545,83.33333333333333,764,13.403508771929825,0,0,0,0,5,2,2,0,20,24,9.8435,3.8449,5439,1121472,478,100,73,0.2852993744414656,4,0.799083,0.10310400000000002,141,3.9179999999999997,17.832,21.748,35,0.033,0.467,0,0,0,0,0,0,
K8_R0.90_T0_H1_N1_U2_S8002_CENTRAL_inprocess,8002,8,0.9,0,1,N1,0.98,3.0,2.0,CENTRAL,inprocess,d8d56bd191dcd458fa92cd7f232c6c6e18c58fa23a0fdc386c92e1d5cf8532bf,3e40cc0726b7ef5ca8dd7bfadfaf0e70ccab3730852ffb43619d5d0393f780fc,0.878,0,62,56,1,57,5,91.93548387096774,90.625,88.88888888888889,83.33333333333333,93.18181818181819,91.66666666666667,739,12.964912280701755,0,0,0,0,8,8,8,0,77,266,13.8491,3.8311,5198,1101551,97,47,7,0.020738692474817303,0,0.706355,0.08762899999999998,105,3.8379999999999996,19.373,24.331,0,0.0,0.0,0,0,0,0,0,0,
K8_R0.90_T0_H1_N1_U2_S8002_CENTRAL_FB_inprocess,8002,8,0.9,0,1,N1,0.98,3.0,2.0,CENTRAL_FB,inprocess,d8d56bd191dcd458fa92cd7f232c6c6e18c58fa23a0fdc386c92e1d5cf8532bf,e132026c2d57f3843c863e36afc7ad7fbf16c2d42e62d6c68d71e330b3b26111,0.943,0,62,56,1,57,5,91.93548387096774,90.625,88.88888888888889,83.33333333333333,93.18181818181819,91.66666666666667,739,12.964912280701755,0,0,0,0,8,8,8,0,77,266,13.8491,3.8311,5198,1101551,97,47,7,0.020738692474817303,0,0.762887,0.100732,105,4.593,18.55,31.413000000000004,0,0.0,0.0,0,0,0,0,0,0,
K8_R0.90_T0_H1_N1_U2_S8002_HYBRID_inprocess,8002,8,0.9,0,1,N1,0.98,3.0,2.0,HYBRID,inprocess,d8d56bd191dcd458fa92cd7f232c6c6e18c58fa23a0fdc386c92e1d5cf8532bf,eec39a1f629ee47ea11c5cb86369d9752d2e8ce3823b43c154bd38b78a7e6195,0.922,0,62,56,1,57,5,91.93548387096774,90.625,88.88888888888889,83.33333333333333,93.18181818181819,91.66666666666667,739,12.964912280701755,0,0,0,0,8,8,8,0,77,266,13.8491,3.8311,5198,1101551,97,47,7,0.020738692474817303,0,0.744115,0.09633800000000001,105,5.753,16.852,21.463,8,0.049,0.049,0,0,0,0,0,0,
K8_R0.90_T0_H1_N3_U2_S8002_CENTRAL_inprocess,8002,8,0.9,0,1,N3,0.75,20.0,2.0,CENTRAL,inprocess,259c5381ea58689e43beb5aa9bbd499ec76e6adff9404517de7bb5806e0cf030,98eca9d86f4bf69c897be075848801820b97ba55503c2268d2db1e82d9f59386,1.12,0,62,55,2,57,5,91.93548387096774,92.70833333333333,94.44444444444444,100.0,90.9090909090909,87.5,746,13.087719298245615,0,0,0,0,7,8,8,0,80,232,14.8824,3.8311,5529,1130854,533,105,74,0.2049306625577812,7,0.903538,0.11539300000000001,132,4.675999999999999,17.916999999999998,24.471,0,0.0,0.0,0,0,0,0,0,0,
K8_R0.90_T0_H1_N3_U2_S8002_CENTRAL_FB_inprocess,8002,8,0.9,0,1,N3,0.75,20.0,2.0,CENTRAL_FB,inprocess,259c5381ea58689e43beb5aa9bbd499ec76e6adff9404517de7bb5806e0cf030,1b9b95b1a6dc379b2837dbc466a9fc0c69dbbe8b81eb4d21f7a8755ed9d5aa78,1.046,0,62,55,2,57,5,91.93548387096774,92.70833333333333,94.44444444444444,100.0,90.9090909090909,87.5,746,13.087719298245615,0,0,0,0,7,8,8,0,80,232,14.8824,3.8311,5529,1130854,533,105,74,0.2049306625577812,7,0.859229,0.104782,132,4.352,17.733999999999998,24.317999999999998,32,0.027,0.103,0,0,0,0,0,0,
K8_R0.90_T0_H1_N3_U2_S8002_HYBRID_inprocess,8002,8,0.9,0,1,N3,0.75,20.0,2.0,HYBRID,inprocess,259c5381ea58689e43beb5aa9bbd499ec76e6adff9404517de7bb5806e0cf030,ae9b58f94f51d299095cdbe717becbe6576141747ea8672f6a012aca428a7d91,1.084,0,62,52,2,54,8,87.09677419354838,88.54166666666667,88.88888888888889,100.0,86.36363636363636,79.16666666666667,747,13.833333333333334,0,0,0,0,7,8,8,0,80,215,14.8824,3.8311,5543,1130886,523,95,74,0.24660236738272687,4,0.897481,0.10941800000000002,132,4.482,18.96,24.910999999999998,38,0.041,0.104,0,0,0,0,0,0,
K8_R0.90_T0_H1_N1_U1_S8003_CENTRAL_inprocess,8003,8,0.9,0,1,N1,0.98,3.0,1.0,CENTRAL,inprocess,5628993484a4b4d770ccd22def33325475dbea3944f085acef558eb643e09739,a8e7c2febe517da0a6f4d65d8acb795015d9371b1162fbe6cc66e85e12df03f7,0.646,0,62,56,0,56,6,90.3225806451613,91.50943396226415,90.9090909090909,90.9090909090909,90.0,93.54838709677419,689,12.303571428571429,0,0,0,0,6,0,0,0,0,0,5.6775,3.9167,4832,1065945,112,44,2,0.007018290089323692,0,0.483937,0.09046,84,4.569,13.51,19.399,0,0.0,0.0,0,1,0,0,0,0,
K8_R0.90_T0_H1_N1_U1_S8003_CENTRAL_FB_inprocess,8003,8,0.9,0,1,N1,0.98,3.0,1.0,CENTRAL_FB,inprocess,5628993484a4b4d770ccd22def33325475dbea3944f085acef558eb643e09739,b87a2ed825081df6042194077094608f25a7db7229fc7c4d08c5a545880e1e46,0.836,0,62,56,0,56,6,90.3225806451613,91.50943396226415,90.9090909090909,90.9090909090909,90.0,93.54838709677419,689,12.303571428571429,0,0,0,0,6,0,0,0,0,0,5.6775,3.9167,4832,1065945,112,44,2,0.007018290089323692,0,0.631871,0.10752500000000001,84,6.319,18.394000000000002,25.345,3,0.015000000000000001,0.015000000000000001,0,1,0,0,0,0,
K8_R0.90_T0_H1_N1_U1_S8003_HYBRID_inprocess,8003,8,0.9,0,1,N1,0.98,3.0,1.0,HYBRID,inprocess,5628993484a4b4d770ccd22def33325475dbea3944f085acef558eb643e09739,68c067e9efaf1afbfad2c0c6bb126a7e88152631904d718112090192179c3590,0.798,0,62,56,0,56,6,90.3225806451613,91.50943396226415,90.9090909090909,90.9090909090909,90.0,93.54838709677419,689,12.303571428571429,0,0,0,0,6,0,0,0,0,0,5.6775,3.9167,4832,1065945,112,44,2,0.007018290089323692,0,0.605832,0.099289,84,5.6,21.187,25.569000000000003,3,0.025,0.025,0,1,0,0,0,0,
K8_R0.90_T0_H1_N3_U1_S8003_CENTRAL_inprocess,8003,8,0.9,0,1,N3,0.75,20.0,1.0,CENTRAL,inprocess,23922dc695415d06fafc41f7fa9aa8d517de96776933d24130d91dabc9f7231f,6b173867f8609e3192439f311dc875d679b1f921abe7a3ab5412b86373a40065,0.941,0,62,52,0,52,10,83.87096774193549,87.73584905660377,86.36363636363636,100.0,82.5,90.3225806451613,752,14.461538461538462,0,0,0,0,7,0,0,0,0,0,5.6732,3.908,5253,1100833,460,63,96,0.2650334075723831,2,0.754168,0.101997,140,5.6690000000000005,10.058,14.359,0,0.0,0.0,0,0,0,0,0,0,
K8_R0.90_T0_H1_N3_U1_S8003_CENTRAL_FB_inprocess,8003,8,0.9,0,1,N3,0.75,20.0,1.0,CENTRAL_FB,inprocess,23922dc695415d06fafc41f7fa9aa8d517de96776933d24130d91dabc9f7231f,598c9c0432531e22981cffd94038431ed3b64a81880caecb4ebf6afcd905f51b,0.974,0,62,52,0,52,10,83.87096774193549,87.73584905660377,86.36363636363636,100.0,82.5,90.3225806451613,752,14.461538461538462,0,0,0,0,7,0,0,0,0,0,5.6732,3.908,5253,1100833,460,63,96,0.2650334075723831,2,0.779404,0.106061,140,5.768,13.162,16.312,28,0.031,0.12999999999999998,0,0,0,0,0,0,
K8_R0.90_T0_H1_N3_U1_S8003_HYBRID_inprocess,8003,8,0.9,0,1,N3,0.75,20.0,1.0,HYBRID,inprocess,23922dc695415d06fafc41f7fa9aa8d517de96776933d24130d91dabc9f7231f,ba5028ea80f98e6ac6e6d5a4688d9892fe8d7e6aa0b7b833024956f0fa31f53b,0.93,0,62,52,0,52,10,83.87096774193549,87.73584905660377,86.36363636363636,100.0,82.5,90.3225806451613,752,14.461538461538462,0,0,0,0,7,0,0,0,0,0,5.6732,3.908,5253,1100833,460,63,96,0.2650334075723831,2,0.733235,0.101705,140,5.314,12.511,15.273,28,0.038,0.092,0,0,0,0,0,0,
K8_R0.90_T0_H1_N1_U1.6_S8003_CENTRAL_inprocess,8003,8,0.9,0,1,N1,0.98,3.0,1.6,CENTRAL,inprocess,205d74079f7f71ecac5a350f176a57b4371828346246f047274cf37325bb4362,5df322cb66a5889e9e66e92a1a0128fc22d6ce2c2acbd1ac7912f948123cc362,0.835,0,62,58,0,58,4,93.54838709677419,93.39622641509433,90.9090909090909,90.9090909090909,95.0,90.3225806451613,766,13.206896551724139,0,0,0,0,7,2,2,0,21,38,11.8766,3.8445,5171,1097412,112,48,7,0.013254203758654798,0,0.667546,0.08688,102,4.433999999999999,18.938,27.828,0,0.0,0.0,0,0,0,0,0,0,
K8_R0.90_T0_H1_N1_U1.6_S8003_CENTRAL_FB_inprocess,8003,8,0.9,0,1,N1,0.98,3.0,1.6,CENTRAL_FB,inprocess,205d74079f7f71ecac5a350f176a57b4371828346246f047274cf37325bb4362,de889a8eb6ddc88c7521616cf61c4ad2983e1430723d5d13c3389bb36275e091,0.97,0,62,58,0,58,4,93.54838709677419,93.39622641509433,90.9090909090909,90.9090909090909,95.0,90.3225806451613,766,13.206896551724139,0,0,0,0,7,2,2,0,21,38,11.8766,3.8445,5171,1097412,112,48,7,0.013254203758654798,0,0.769632,0.104504,102,5.845000000000001,21.232999999999997,30.24,2,0.013,0.013,0,0,0,0,0,0,
K8_R0.90_T0_H1_N1_U1.6_S8003_HYBRID_inprocess,8003,8,0.9,0,1,N1,0.98,3.0,1.6,HYBRID,inprocess,205d74079f7f71ecac5a350f176a57b4371828346246f047274cf37325bb4362,c3c17ab8e413dd0373b75c8fc8ba3cab527075be6e53cdbb0de4cf702c895d13,0.788,0,62,58,0,58,4,93.54838709677419,93.39622641509433,90.9090909090909,90.9090909090909,95.0,90.3225806451613,766,13.206896551724139,0,0,0,0,7,2,2,0,21,38,11.8766,3.8445,5171,1097412,112,48,7,0.013254203758654798,0,0.616947,0.089937,102,4.568,16.079,22.790000000000003,4,0.017,0.017,0,0,0,0,0,0,
K8_R0.90_T0_H1_N3_U1.6_S8003_CENTRAL_inprocess,8003,8,0.9,0,1,N3,0.75,20.0,1.6,CENTRAL,inprocess,c70c4ac4d98aa21810c48a3a2d4dd743cb1a046380363831a9bc847078f8b5d3,32f2309a52acbcba4f25d1ba813bc858a901efbf5670a3c2a7fef17de108333b,0.981,0,62,56,0,56,6,90.3225806451613,92.45283018867924,95.45454545454545,90.9090909090909,87.5,93.54838709677419,745,13.303571428571429,0,0,0,0,6,0,0,0,0,0,7.5671,3.8445,5338,1109423,470,76,96,0.32083232518751514,2,0.771459,0.11162499999999999,139,5.048,14.347999999999999,21.886,0,0.0,0.0,0,0,0,0,0,0,
K8_R0.90_T0_H1_N3_U1.6_S8003_CENTRAL_FB_inprocess,8003,8,0.9,0,1,N3,0.75,20.0,1.6,CENTRAL_FB,inprocess,c70c4ac4d98aa21810c48a3a2d4dd743cb1a046380363831a9bc847078f8b5d3,e36c6c1fbc7200ccd8b846db7c034ff5ed3d28d6327fcfc0c6adf2ba2a506907,0.992,0,62,56,0,56,6,90.3225806451613,92.45283018867924,95.45454545454545,90.9090909090909,87.5,93.54838709677419,745,13.303571428571429,0,0,0,0,6,0,0,0,0,0,7.5671,3.8445,5338,1109423,470,76,96,0.32083232518751514,2,0.769977,0.10935400000000002,139,5.711,12.321,16.917,36,0.045000000000000005,0.09000000000000001,0,0,0,0,0,0,
K8_R0.90_T0_H1_N3_U1.6_S8003_HYBRID_inprocess,8003,8,0.9,0,1,N3,0.75,20.0,1.6,HYBRID,inprocess,c70c4ac4d98aa21810c48a3a2d4dd743cb1a046380363831a9bc847078f8b5d3,e11b9036438e77e45ac5692674d09e8ab28a4b05261b4fe51d40e718093d6d4e,0.957,0,62,56,0,56,6,90.3225806451613,92.45283018867924,95.45454545454545,90.9090909090909,87.5,93.54838709677419,745,13.303571428571429,0,0,0,0,6,0,0,0,0,0,7.5671,3.8445,5338,1109423,470,76,96,0.32083232518751514,2,0.758813,0.109435,139,5.063,13.639999999999999,16.660999999999998,37,0.039,0.111,0,0,0,0,0,0,
K8_R0.90_T0_H1_N1_U2_S8003_CENTRAL_inprocess,8003,8,0.9,0,1,N1,0.98,3.0,2.0,CENTRAL,inprocess,17c0681dcac7e96ef6f5485de45a1f65110542a753bf7fdc27932f5dd28a2154,bada6d0d370efa5e2ca50213d89a5f8d92d17e523d305f6180ce815cec77653d,0.944,0,62,52,0,52,10,83.87096774193549,83.9622641509434,81.81818181818181,81.81818181818181,85.0,87.09677419354838,731,14.057692307692308,0,0,0,0,7,8,8,0,73,254,17.0162,3.8269,5186,1093364,92,48,5,0.010805500982318271,0,0.77874,0.08676700000000001,107,7.284,17.381,20.474,0,0.0,0.0,0,1,0,0,0,0,
K8_R0.90_T0_H1_N1_U2_S8003_CENTRAL_FB_inprocess,8003,8,0.9,0,1,N1,0.98,3.0,2.0,CENTRAL_FB,inprocess,17c0681dcac7e96ef6f5485de45a1f65110542a753bf7fdc27932f5dd28a2154,ec97a8f8246ca0d610e7eda2ffe5dbd359a2dd4b27841740b2b7d8dd0421431a,0.983,0,62,52,0,52,10,83.87096774193549,83.9622641509434,81.81818181818181,81.81818181818181,85.0,87.09677419354838,731,14.057692307692308,0,0,0,0,7,8,8,0,73,254,17.0162,3.8269,5186,1093364,92,48,5,0.010805500982318271,0,0.804063,0.095727,107,6.54,19.891,22.093,2,0.013,0.013,0,1,0,0,0,0,
K8_R0.90_T0_H1_N1_U2_S8003_HYBRID_inprocess,8003,8,0.9,0,1,N1,0.98,3.0,2.0,HYBRID,inprocess,17c0681dcac7e96ef6f5485de45a1f65110542a753bf7fdc27932f5dd28a2154,b23ec6ee474dbdf350182cc49f21f78192535b3fb58d00a677b1afeb13d4f919,0.92,0,62,52,0,52,10,83.87096774193549,84.90566037735849,86.36363636363636,81.81818181818181,82.5,90.3225806451613,754,14.5,0,0,0,0,7,8,8,0,73,217,17.0162,3.8269,5204,1094810,90,55,3,0.008228840125391849,0,0.759534,0.08695599999999999,107,6.484,15.334999999999999,20.189,10,0.027,0.027,0,1,0,0,0,0,
K8_R0.90_T0_H1_N3_U2_S8003_CENTRAL_inprocess,8003,8,0.9,0,1,N3,0.75,20.0,2.0,CENTRAL,inprocess,05f32f3bbeb3f1d9da4fb260a682311757de5c2b9c080e437adf039efc8ea09d,eaf579b2814cc219cb71a568cfc1704dc11c996d45771a9b9e7a4faa9d82cae6,0.867,0,62,53,0,53,9,85.48387096774194,87.73584905660377,90.9090909090909,90.9090909090909,82.5,93.54838709677419,787,14.849056603773585,0,0,0,0,7,8,8,0,69,279,16.6707,3.8269,5368,1109566,489,72,96,0.25863318039120986,5,0.676818,0.098983,144,4.984,9.178,18.028,0,0.0,0.0,0,1,0,0,0,0,
K8_R0.90_T0_H1_N3_U2_S8003_CENTRAL_FB_inprocess,8003,8,0.9,0,1,N3,0.75,20.0,2.0,CENTRAL_FB,inprocess,05f32f3bbeb3f1d9da4fb260a682311757de5c2b9c080e437adf039efc8ea09d,8bc1f20c7e30cc9cdad429c9f42ce727ea810a970b9b6e68a227db5c2e90c587,0.833,0,62,52,0,52,10,83.87096774193549,84.90566037735849,81.81818181818181,81.81818181818181,85.0,90.3225806451613,695,13.365384615384615,0,0,0,0,7,8,8,0,70,272,16.6446,3.8269,5208,1094379,430,98,96,0.23023197804938889,2,0.643986,0.091656,138,4.469,11.996,19.192,32,0.034,0.46799999999999997,0,0,0,0,0,0,
K8_R0.90_T0_H1_N3_U2_S8003_HYBRID_inprocess,8003,8,0.9,0,1,N3,0.75,20.0,2.0,HYBRID,inprocess,05f32f3bbeb3f1d9da4fb260a682311757de5c2b9c080e437adf039efc8ea09d,13018f0e35b698b53087013770d087e878efd7d4794aaa7e4280e2e55cfcec48,0.919,0,62,52,0,52,10,83.87096774193549,84.90566037735849,81.81818181818181,81.81818181818181,85.0,90.3225806451613,695,13.365384615384615,0,0,0,0,7,8,8,0,70,272,16.6446,3.8269,5208,1094379,430,98,96,0.23023197804938889,2,0.687559,0.1075,138,5.128,11.618,16.772,39,0.033,0.347,0,0,0,0,0,0,
K8_R0.90_T0_H1_N1_U1_S8004_CENTRAL_inprocess,8004,8,0.9,0,1,N1,0.98,3.0,1.0,CENTRAL,inprocess,5a54c18a2d9895ad478b2f2fcd78665b47d8a61fe91de4e5552b1e8765b8d49b,69e7f4ea3e74228ed0227ce53f376512700aadbd07f49423551c164fa8994379,0.831,0,62,57,1,58,4,93.54838709677419,91.48936170212765,80.0,50.0,97.87234042553192,92.85714285714286,677,11.672413793103448,0,0,0,0,7,0,0,0,0,0,5.6562,3.907,5091,1097086,91,37,5,0.015937058704861812,0,0.676374,0.08135700000000001,95,3.9610000000000003,18.970999999999997,29.595,0,0.0,0.0,0,0,0,0,0,0,
K8_R0.90_T0_H1_N1_U1_S8004_CENTRAL_FB_inprocess,8004,8,0.9,0,1,N1,0.98,3.0,1.0,CENTRAL_FB,inprocess,5a54c18a2d9895ad478b2f2fcd78665b47d8a61fe91de4e5552b1e8765b8d49b,0f917cd48014e6707760a423055a5119c0433e7126f4fd1aa4eb0e0c960c6301,0.882,0,62,57,1,58,4,93.54838709677419,91.48936170212765,80.0,50.0,97.87234042553192,92.85714285714286,677,11.672413793103448,0,0,0,0,7,0,0,0,0,0,5.6562,3.907,5091,1097086,91,37,5,0.015937058704861812,0,0.722866,0.08615999999999999,95,4.186999999999999,21.023,34.547000000000004,1,0.01,0.01,0,0,0,0,0,0,
K8_R0.90_T0_H1_N1_U1_S8004_HYBRID_inprocess,8004,8,0.9,0,1,N1,0.98,3.0,1.0,HYBRID,inprocess,5a54c18a2d9895ad478b2f2fcd78665b47d8a61fe91de4e5552b1e8765b8d49b,17db6e56b51f013512802092091de5f085744b03638433e505e0cbfd5b2bbe2e,0.877,0,62,57,1,58,4,93.54838709677419,91.48936170212765,80.0,50.0,97.87234042553192,92.85714285714286,677,11.672413793103448,0,0,0,0,7,0,0,0,0,0,5.6562,3.907,5091,1097086,91,37,5,0.015937058704861812,0,0.716173,0.08451700000000001,95,4.023,21.992,25.805000000000003,1,0.011,0.011,0,0,0,0,0,0,
K8_R0.90_T0_H1_N3_U1_S8004_CENTRAL_inprocess,8004,8,0.9,0,1,N3,0.75,20.0,1.0,CENTRAL,inprocess,96546811a99429ee89382a82175285d77785a2c9bffcf8c1201f5b6e96d22bd6,48606e780ecf967a72bb71cd97f9bf500a217082adcd829539b9355c2012f210,1.364,0,62,56,2,58,4,93.54838709677419,92.55319148936171,86.66666666666667,100.0,95.74468085106383,89.28571428571429,765,13.189655172413794,0,0,0,0,6,0,0,0,0,0,5.6423,3.907,5768,1157393,548,81,71,0.36214165261382797,2,1.15676,0.112792,150,4.4990000000000006,21.461000000000002,34.46,0,0.0,0.0,0,0,0,0,0,0,
K8_R0.90_T0_H1_N3_U1_S8004_CENTRAL_FB_inprocess,8004,8,0.9,0,1,N3,0.75,20.0,1.0,CENTRAL_FB,inprocess,96546811a99429ee89382a82175285d77785a2c9bffcf8c1201f5b6e96d22bd6,1ce78be5e3fea094f1947972d5840a2f6dd4c1b6959ff1d79b0ce80c9d84731f,1.206,0,62,56,2,58,4,93.54838709677419,92.55319148936171,86.66666666666667,100.0,95.74468085106383,89.28571428571429,785,13.53448275862069,0,0,0,0,7,0,0,0,0,0,5.6423,3.907,5760,1157276,531,79,71,0.3771874341134303,3,1.009894,0.10640400000000001,149,4.2170000000000005,16.582,40.342999999999996,27,0.367,0.381,0,0,0,0,0,0,
K8_R0.90_T0_H1_N3_U1_S8004_HYBRID_inprocess,8004,8,0.9,0,1,N3,0.75,20.0,1.0,HYBRID,inprocess,96546811a99429ee89382a82175285d77785a2c9bffcf8c1201f5b6e96d22bd6,95dc54ac863bb0613cdef3aab12564e95bcdca5ef2815ace4570883a52271d63,1.289,0,62,56,2,58,4,93.54838709677419,92.55319148936171,86.66666666666667,100.0,95.74468085106383,89.28571428571429,785,13.53448275862069,0,0,0,0,7,0,0,0,0,0,5.6423,3.907,5760,1157276,531,79,71,0.3771874341134303,3,1.075095,0.11316799999999999,149,4.242,19.429,23.838,27,0.402,0.518,0,0,0,0,0,0,
K8_R0.90_T0_H1_N1_U1.6_S8004_CENTRAL_inprocess,8004,8,0.9,0,1,N1,0.98,3.0,1.6,CENTRAL,inprocess,e54304042edce49124be35571228b06d37d8399ef100fbbc07c9bd5f7676c999,81a7cdb03567545e4953e25e17152fab027924d1ef32c2f2ac67b9930e183068,0.924,0,62,59,2,61,1,98.38709677419355,97.87234042553192,100.0,100.0,97.87234042553192,100.0,782,12.819672131147541,0,0,0,0,7,1,1,0,11,24,10.7855,3.842,4959,1084543,92,43,5,0.01639344262295082,0,0.754101,0.08774599999999999,88,3.2070000000000003,28.319,37.582,0,0.0,0.0,0,0,0,0,0,0,
K8_R0.90_T0_H1_N1_U1.6_S8004_CENTRAL_FB_inprocess,8004,8,0.9,0,1,N1,0.98,3.0,1.6,CENTRAL_FB,inprocess,e54304042edce49124be35571228b06d37d8399ef100fbbc07c9bd5f7676c999,022bfa9debdd8a6880df5679f4fed3cd3b4d739e9ed36453c632c215f2fdcfc6,0.974,0,62,59,2,61,1,98.38709677419355,97.87234042553192,100.0,100.0,97.87234042553192,100.0,782,12.819672131147541,0,0,0,0,7,1,1,0,11,24,10.7855,3.842,4959,1084543,92,43,5,0.01639344262295082,0,0.792017,0.094485,88,3.287,30.947,38.552,1,0.01,0.01,0,0,0,0,0,0,
K8_R0.90_T0_H1_N1_U1.6_S8004_HYBRID_inprocess,8004,8,0.9,0,1,N1,0.98,3.0,1.6,HYBRID,inprocess,e54304042edce49124be35571228b06d37d8399ef100fbbc07c9bd5f7676c999,2a3eddb9a5a923d447af20c7a65a166eca2ae9691d937b95a55b820e7e310965,0.863,0,62,59,2,61,1,98.38709677419355,97.87234042553192,100.0,100.0,97.87234042553192,100.0,782,12.819672131147541,0,0,0,0,7,1,1,0,11,24,10.7855,3.842,4959,1084543,92,43,5,0.01639344262295082,0,0.705299,0.081883,88,2.507,25.326,54.953,6,0.02,0.02,0,0,0,0,0,0,
K8_R0.90_T0_H1_N3_U1.6_S8004_CENTRAL_inprocess,8004,8,0.9,0,1,N3,0.75,20.0,1.6,CENTRAL,inprocess,db9118c863072f7d7bce4bb6e142b0c1ad735eca472c14fe21313359da31fa68,a6da5aa1119347a6e738d3d000eae278657fa70ef0cc9d1a99f4493e1dbfb189,1.148,0,62,58,2,60,2,96.7741935483871,96.80851063829788,93.33333333333333,100.0,97.87234042553192,96.42857142857143,761,12.683333333333334,0,0,0,0,6,0,0,0,0,0,7.7435,3.842,5246,1108133,470,73,70,0.3113207547169811,3,0.9412,0.10971099999999999,127,4.662,19.868,30.048,0,0.0,0.0,0,0,0,0,0,0,
K8_R0.90_T0_H1_N3_U1.6_S8004_CENTRAL_FB_inprocess,8004,8,0.9,0,1,N3,0.75,20.0,1.6,CENTRAL_FB,inprocess,db9118c863072f7d7bce4bb6e142b0c1ad735eca472c14fe21313359da31fa68,7c883e669869e1276df31c6d3f28223e6e7d9fb0e2d018c7e4019900e070bf40,1.096,0,62,57,2,59,3,95.16129032258064,95.74468085106383,93.33333333333333,100.0,95.74468085106383,92.85714285714286,729,12.35593220338983,0,0,0,0,5,0,0,0,0,0,7.7435,3.842,5186,1103356,459,80,70,0.31882324802678785,3,0.887712,0.10452600000000001,121,4.361000000000001,21.81,27.047,32,0.107,3.319,0,0,0,0,0,0,
K8_R0.90_T0_H1_N3_U1.6_S8004_HYBRID_inprocess,8004,8,0.9,0,1,N3,0.75,20.0,1.6,HYBRID,inprocess,db9118c863072f7d7bce4bb6e142b0c1ad735eca472c14fe21313359da31fa68,315b4c7c270b1e699d688b890a2f7a3e805df2f933663d5c7874c826a0fce440,1.02,0,62,57,2,59,3,95.16129032258064,95.74468085106383,93.33333333333333,100.0,95.74468085106383,92.85714285714286,729,12.35593220338983,0,0,0,0,5,0,0,0,0,0,7.7435,3.842,5186,1103356,459,80,70,0.31882324802678785,3,0.820369,0.09370800000000001,121,4.569,21.089,45.345000000000006,33,0.104,3.108,0,0,0,0,0,0,
K8_R0.90_T0_H1_N1_U2_S8004_CENTRAL_FB_inprocess,8004,8,0.9,0,1,N1,0.98,3.0,2.0,CENTRAL_FB,inprocess,a8d8989200e67069ffd7e85c32e79e00e7c560fba3ca5069de35212b656e93e1,af33cd1976b194218fbe8042e1554f6eac3dcd0eb3afa661ba32df010d802b3f,0.949,0,62,57,2,59,3,95.16129032258064,95.74468085106383,100.0,100.0,93.61702127659575,96.42857142857143,706,11.966101694915254,0,0,0,0,8,8,8,0,72,148,13.5176,3.8269,5056,1091590,104,46,11,0.026685679364432675,0,0.787135,0.08071300000000001,97,4.178,20.935,46.800000000000004,2,0.01,0.01,0,0,0,0,0,0,
K8_R0.90_T0_H1_N1_U2_S8004_CENTRAL_inprocess,8004,8,0.9,0,1,N1,0.98,3.0,2.0,CENTRAL,inprocess,a8d8989200e67069ffd7e85c32e79e00e7c560fba3ca5069de35212b656e93e1,30f749245d7f55995aee08b93c6319165881d896fb50eb14cd619d20bb8d874d,1.147,0,62,57,2,59,3,95.16129032258064,95.74468085106383,100.0,100.0,93.61702127659575,96.42857142857143,706,11.966101694915254,0,0,0,0,8,8,8,0,72,148,13.5176,3.8269,5056,1091590,104,46,11,0.026685679364432675,0,0.948779,0.10183500000000001,97,5.26,23.551,44.134,0,0.0,0.0,0,0,0,0,0,0,
K8_R0.90_T0_H1_N1_U2_S8004_HYBRID_inprocess,8004,8,0.9,0,1,N1,0.98,3.0,2.0,HYBRID,inprocess,a8d8989200e67069ffd7e85c32e79e00e7c560fba3ca5069de35212b656e93e1,c678519363bacdcab0f0eb1e146145090613beda38ca0584b1923f4317858e65,0.913,0,62,57,2,59,3,95.16129032258064,95.74468085106383,100.0,100.0,93.61702127659575,96.42857142857143,706,11.966101694915254,0,0,0,0,8,8,8,0,72,148,13.5176,3.8269,5056,1091590,104,46,11,0.026685679364432675,0,0.771693,0.080272,97,4.046,20.903000000000002,27.330000000000002,10,0.026,0.026,0,0,0,0,0,0,
K8_R0.90_T0_H1_N3_U2_S8004_CENTRAL_inprocess,8004,8,0.9,0,1,N3,0.75,20.0,2.0,CENTRAL,inprocess,6fbfb74185088ec8e7a76e4b402f39446ea40a9724a55ffcfedf27bd41d2f9f8,92d767109df116e8c29dc81ffb2cde153470cfec044dff5f4415da9b5c2e1934,1.095,0,62,57,2,59,3,95.16129032258064,94.68085106382979,86.66666666666667,100.0,97.87234042553192,92.85714285714286,695,11.779661016949152,0,0,0,0,8,8,8,0,72,222,14.8507,3.8269,5229,1105710,453,87,70,0.3424722287875207,3,0.898092,0.104663,133,3.9230000000000005,17.958,25.272,0,0.0,0.0,0,1,0,0,0,0,
K8_R0.90_T0_H1_N3_U2_S8004_CENTRAL_FB_inprocess,8004,8,0.9,0,1,N3,0.75,20.0,2.0,CENTRAL_FB,inprocess,6fbfb74185088ec8e7a76e4b402f39446ea40a9724a55ffcfedf27bd41d2f9f8,f9a764ba2f5e1d49e8a4d477a701179e04f36639fb4e89e8a198686e0cbc3e2e,0.953,0,62,57,2,59,3,95.16129032258064,96.80851063829788,100.0,100.0,93.61702127659575,89.28571428571429,737,12.491525423728813,0,0,0,0,8,8,8,0,72,169,13.5176,3.8269,5255,1108719,448,83,70,0.3238476011288805,4,0.787161,0.094137,140,4.051,14.765,22.368,30,0.389,0.412,0,0,0,0,0,0,
K8_R0.90_T0_H1_N3_U2_S8004_HYBRID_inprocess,8004,8,0.9,0,1,N3,0.75,20.0,2.0,HYBRID,inprocess,6fbfb74185088ec8e7a76e4b402f39446ea40a9724a55ffcfedf27bd41d2f9f8,c9d75eadc1dfa40cb1124e3d2e33ecdf6716a9a2c6431fa732afa152c7b86fff,1.131,0,62,58,1,59,3,95.16129032258064,96.80851063829788,100.0,100.0,93.61702127659575,92.85714285714286,745,12.627118644067796,0,0,0,0,8,8,8,0,72,169,13.5176,3.8269,5246,1107926,470,81,70,0.32175761871013464,3,0.911912,0.108665,134,4.228,17.933999999999997,28.375999999999998,37,0.376,0.46799999999999997,0,0,0,0,0,0,
K8_R0.90_T0_H1_N1_U1_S8005_CENTRAL_inprocess,8005,8,0.9,0,1,N1,0.98,3.0,1.0,CENTRAL,inprocess,634fec5dd36d2e66cee640a3882a4225e9b5c6efb91dd897e419408b7f79fc8e,91ad095809bdf68fcf1606d8b82a5b50d18a6cdd22dd69486ab43bbaa73aaa3e,1.277,0,62,60,0,60,2,96.7741935483871,97.89473684210526,100.0,100.0,95.55555555555556,97.14285714285714,781,13.016666666666667,0,0,0,0,7,0,0,0,0,0,5.7101,3.928,5396,1127739,104,53,3,0.011913767019667171,0,1.074415,0.095918,108,7.133,24.557,27.792,0,0.0,0.0,0,0,0,0,0,0,
K8_R0.90_T0_H1_N1_U1_S8005_CENTRAL_FB_inprocess,8005,8,0.9,0,1,N1,0.98,3.0,1.0,CENTRAL_FB,inprocess,634fec5dd36d2e66cee640a3882a4225e9b5c6efb91dd897e419408b7f79fc8e,0071fb54150c509cb60c113f95deb0cf94f5056354c3a5348b2941365e8b8958,1.38,0,62,60,0,60,2,96.7741935483871,97.89473684210526,100.0,100.0,95.55555555555556,97.14285714285714,781,13.016666666666667,0,0,0,0,7,0,0,0,0,0,5.7101,3.928,5396,1127739,104,53,3,0.011913767019667171,0,1.156785,0.111925,108,7.747000000000001,26.388,34.544,0,0.0,0.0,0,0,0,0,0,0,
K8_R0.90_T0_H1_N1_U1_S8005_HYBRID_inprocess,8005,8,0.9,0,1,N1,0.98,3.0,1.0,HYBRID,inprocess,634fec5dd36d2e66cee640a3882a4225e9b5c6efb91dd897e419408b7f79fc8e,a4004ee91d0e8a96e4c27d798731deeb6a20f23c2be0bb59d4abec856db8a580,1.305,0,62,60,0,60,2,96.7741935483871,97.89473684210526,100.0,100.0,95.55555555555556,97.14285714285714,781,13.016666666666667,0,0,0,0,7,0,0,0,0,0,5.7101,3.928,5396,1127739,104,53,3,0.011913767019667171,0,1.072677,0.11964999999999999,108,7.442,25.801000000000002,31.687,0,0.0,0.0,0,0,0,0,0,0,
K8_R0.90_T0_H1_N3_U1_S8005_CENTRAL_inprocess,8005,8,0.9,0,1,N3,0.75,20.0,1.0,CENTRAL,inprocess,bbdee448b9eac7102a95448aebf0f09a1523ad2637aee0068d43bec31ec69108,7784733018ca8f5488d177d0cb8b2d8af101190388eb81dcedc9f0a1ee2c2403,1.637,0,62,56,0,56,6,90.3225806451613,90.52631578947368,88.23529411764706,100.0,91.11111111111111,91.42857142857143,779,13.910714285714286,0,0,0,0,7,0,0,0,0,0,5.6459,3.9435,6054,1184587,552,96,180,0.5190699571690801,2,1.37986,0.12263699999999998,154,8.052999999999999,23.296,31.637999999999998,0,0.0,0.0,0,0,0,0,0,0,
K8_R0.90_T0_H1_N3_U1_S8005_CENTRAL_FB_inprocess,8005,8,0.9,0,1,N3,0.75,20.0,1.0,CENTRAL_FB,inprocess,bbdee448b9eac7102a95448aebf0f09a1523ad2637aee0068d43bec31ec69108,9627ef4c429f67199aa6e3d4edd3eeac634ff7a9e3848d62c18e89e28851bad0,1.413,0,62,56,0,56,6,90.3225806451613,90.52631578947368,88.23529411764706,100.0,91.11111111111111,91.42857142857143,779,13.910714285714286,0,0,0,0,7,0,0,0,0,0,5.6459,3.9435,6054,1184564,552,96,180,0.5190699571690801,2,1.2205,0.107681,154,6.494,19.416,28.808,37,0.104,0.111,0,0,0,0,0,0,
K8_R0.90_T0_H1_N3_U1_S8005_HYBRID_inprocess,8005,8,0.9,0,1,N3,0.75,20.0,1.0,HYBRID,inprocess,bbdee448b9eac7102a95448aebf0f09a1523ad2637aee0068d43bec31ec69108,08a698d09c8047a80940e18b9dc502701cad2b9717a7b666ba4c79396a4da63d,1.304,0,62,56,0,56,6,90.3225806451613,90.52631578947368,88.23529411764706,100.0,91.11111111111111,91.42857142857143,779,13.910714285714286,0,0,0,0,7,0,0,0,0,0,5.6459,3.9435,6054,1184564,552,96,180,0.5190699571690801,2,1.117597,0.097789,154,6.54,17.625,23.145,37,0.094,0.13799999999999998,0,0,0,0,0,0,
K8_R0.90_T0_H1_N1_U1.6_S8005_CENTRAL_inprocess,8005,8,0.9,0,1,N1,0.98,3.0,1.6,CENTRAL,inprocess,82c8d3c0d9613534f46151dff852688c05d909140a8f7f28123c1056ee15d13d,de7b03f472aae109066acd0e4bec205d4c247d1edb2c7cae87069925c76ffb0f,1.353,0,62,58,0,58,4,93.54838709677419,94.73684210526316,94.11764705882354,100.0,93.33333333333333,94.28571428571429,829,14.293103448275861,0,0,0,0,8,0,0,0,0,0,7.5689,3.8722,5784,1165193,98,55,5,0.018798313422347154,0,1.140545,0.104097,117,8.024,23.304,34.463,0,0.0,0.0,0,0,0,0,0,0,
K8_R0.90_T0_H1_N1_U1.6_S8005_CENTRAL_FB_inprocess,8005,8,0.9,0,1,N1,0.98,3.0,1.6,CENTRAL_FB,inprocess,82c8d3c0d9613534f46151dff852688c05d909140a8f7f28123c1056ee15d13d,7de15631bb220c190a172bc2dc87d06a03e9d5444a1c6637b4218c92b2ab4f3e,1.432,0,62,58,0,58,4,93.54838709677419,94.73684210526316,94.11764705882354,100.0,93.33333333333333,94.28571428571429,829,14.293103448275861,0,0,0,0,8,0,0,0,0,0,7.5689,3.8722,5784,1165193,98,55,5,0.018798313422347154,0,1.186824,0.110224,117,9.41,22.72,30.578999999999997,1,0.020999999999999998,0.020999999999999998,0,0,0,0,0,0,
K8_R0.90_T0_H1_N1_U1.6_S8005_HYBRID_inprocess,8005,8,0.9,0,1,N1,0.98,3.0,1.6,HYBRID,inprocess,82c8d3c0d9613534f46151dff852688c05d909140a8f7f28123c1056ee15d13d,9faf4033047123773b9eeb39cc5ca286637eb574a6a71f5d2b3406ab10777674,1.358,0,62,58,0,58,4,93.54838709677419,94.73684210526316,94.11764705882354,100.0,93.33333333333333,94.28571428571429,865,14.913793103448276,0,0,0,0,7,1,1,0,10,37,12.215,3.8722,5780,1165089,85,55,5,0.019284712482468443,0,1.163331,0.09306999999999999,117,6.698,28.72,58.837,3,0.022,0.022,0,0,0,0,0,0,
K8_R0.90_T0_H1_N3_U1.6_S8005_CENTRAL_inprocess,8005,8,0.9,0,1,N3,0.75,20.0,1.6,CENTRAL,inprocess,7fff3202daf614951a007aed932e7fc34771a98b4cc17bf2d9313e134979ee67,91c4b7142f20fa109bcef4bbc878c393f154fe276e4b0a6fec706b7ccf6b9646,1.478,0,62,54,0,54,8,87.09677419354838,88.42105263157895,88.23529411764706,100.0,86.66666666666667,85.71428571428571,810,15.0,0,0,0,0,7,0,0,0,0,0,7.1384,3.8722,6019,1183038,547,96,178,0.4230848223454508,3,1.262697,0.11232400000000001,150,7.678,19.935000000000002,42.958999999999996,0,0.0,0.0,0,0,0,0,0,0,
K8_R0.90_T0_H1_N3_U1.6_S8005_CENTRAL_FB_inprocess,8005,8,0.9,0,1,N3,0.75,20.0,1.6,CENTRAL_FB,inprocess,7fff3202daf614951a007aed932e7fc34771a98b4cc17bf2d9313e134979ee67,490d44491d711e7b7888f9705012f70515db17ee348affe3976eb72e55bc5f64,1.276,0,62,54,0,54,8,87.09677419354838,88.42105263157895,88.23529411764706,100.0,86.66666666666667,85.71428571428571,810,15.0,0,0,0,0,7,0,0,0,0,0,7.1384,3.8722,6019,1183038,547,96,178,0.4230848223454508,3,1.087479,0.106725,150,7.096,15.488999999999999,21.505,33,0.112,0.355,0,0,0,0,0,0,
K8_R0.90_T0_H1_N3_U1.6_S8005_HYBRID_inprocess,8005,8,0.9,0,1,N3,0.75,20.0,1.6,HYBRID,inprocess,7fff3202daf614951a007aed932e7fc34771a98b4cc17bf2d9313e134979ee67,b82dec60a1bfcec5834c322c580dfbeda87e5ad46dce2a7ff3e0b10a5a2f0955,1.414,0,62,54,0,54,8,87.09677419354838,88.42105263157895,88.23529411764706,100.0,86.66666666666667,85.71428571428571,810,15.0,0,0,0,0,7,0,0,0,0,0,7.1384,3.8722,6019,1183038,547,96,178,0.4230848223454508,3,1.199239,0.114721,150,7.235,19.137,22.911,35,0.124,0.42700000000000005,0,0,0,0,0,0,
K8_R0.90_T0_H1_N1_U2_S8005_CENTRAL_inprocess,8005,8,0.9,0,1,N1,0.98,3.0,2.0,CENTRAL,inprocess,c651b5446b73ab2ead3d068c5d3a0e0378e6c3e58a0fa5f2e46469f8005bd39e,2f4b58bf5716362082637320bd1dee82f15d396f49190272c252c52ad86b8d1a,1.451,0,62,57,0,57,5,91.93548387096774,93.6842105263158,94.11764705882354,100.0,91.11111111111111,91.42857142857143,801,14.052631578947368,0,0,0,0,7,7,7,0,55,184,15.1404,3.8502,5962,1180100,95,57,7,0.0168682910206168,0,1.245276,0.109014,127,7.161,27.88,35.44,0,0.0,0.0,0,1,0,0,0,0,
K8_R0.90_T0_H1_N1_U2_S8005_CENTRAL_FB_inprocess,8005,8,0.9,0,1,N1,0.98,3.0,2.0,CENTRAL_FB,inprocess,c651b5446b73ab2ead3d068c5d3a0e0378e6c3e58a0fa5f2e46469f8005bd39e,d12f435f571c3497ca3ead65ae4d70401ae805ce1788f46f3f403803c4cbffef,1.608,0,62,57,0,57,5,91.93548387096774,93.6842105263158,94.11764705882354,100.0,91.11111111111111,91.42857142857143,801,14.052631578947368,0,0,0,0,7,7,7,0,55,184,15.1404,3.8502,5962,1180100,95,57,7,0.0168682910206168,0,1.377748,0.11411400000000001,127,7.099,29.904,44.826,0,0.0,0.0,0,1,0,0,0,0,
K8_R0.90_T0_H1_N1_U2_S8005_HYBRID_inprocess,8005,8,0.9,0,1,N1,0.98,3.0,2.0,HYBRID,inprocess,c651b5446b73ab2ead3d068c5d3a0e0378e6c3e58a0fa5f2e46469f8005bd39e,849a1b2c95f58caab2a8a7da1cf0fc5cc915cb435b24580f8cbc6499a3e100bc,1.229,0,62,57,0,57,5,91.93548387096774,93.6842105263158,94.11764705882354,100.0,91.11111111111111,91.42857142857143,801,14.052631578947368,0,0,0,0,7,7,7,0,55,184,15.1404,3.8502,5962,1180100,95,57,7,0.0168682910206168,0,1.068352,0.09212000000000001,127,5.58,22.904999999999998,30.233,7,0.030000000000000002,0.030000000000000002,0,1,0,0,0,0,
K8_R0.90_T0_H1_N3_U2_S8005_CENTRAL_inprocess,8005,8,0.9,0,1,N3,0.75,20.0,2.0,CENTRAL,inprocess,5d8d780370f381703019b832ca1134bfba203ac9c18046ae9561c9b4e95860aa,2d32b245be5f5e01b1f7e3f0b958175b191613d70645ce823837a02449d2ca9c,1.451,0,62,57,0,57,5,91.93548387096774,92.63157894736842,88.23529411764706,100.0,93.33333333333333,97.14285714285714,765,13.421052631578947,0,0,0,0,7,7,7,0,53,254,15.4955,3.8502,6424,1219371,584,105,179,0.5519909416871108,3,1.21091,0.115419,163,6.891,18.064,29.247,0,0.0,0.0,0,2,0,0,0,0,
K8_R0.90_T0_H1_N3_U2_S8005_CENTRAL_FB_inprocess,8005,8,0.9,0,1,N3,0.75,20.0,2.0,CENTRAL_FB,inprocess,5d8d780370f381703019b832ca1134bfba203ac9c18046ae9561c9b4e95860aa,b67665e310988ddccfee37444b1e53b52313b8947eb0bb58395f19fe21d1ce2c,1.127,0,62,58,0,58,4,93.54838709677419,93.6842105263158,88.23529411764706,100.0,95.55555555555556,94.28571428571429,811,13.982758620689655,0,0,0,0,7,7,7,0,53,254,15.4955,3.8502,6431,1221227,584,112,180,0.49171374764595105,4,0.963842,0.09374299999999999,162,5.339,14.579,20.451,32,0.027,0.382,0,1,0,0,0,0,
K8_R0.90_T0_H1_N3_U2_S8005_HYBRID_inprocess,8005,8,0.9,0,1,N3,0.75,20.0,2.0,HYBRID,inprocess,5d8d780370f381703019b832ca1134bfba203ac9c18046ae9561c9b4e95860aa,eb5348b4a54a9d90714412e6cc55ffd295c99b37cea35d5e5405b753cc603a0d,1.297,0,62,58,0,58,4,93.54838709677419,93.6842105263158,88.23529411764706,100.0,95.55555555555556,94.28571428571429,811,13.982758620689655,0,0,0,0,7,7,7,0,53,254,15.4955,3.8502,6431,1221227,584,112,180,0.49171374764595105,4,1.074366,0.109457,162,5.574,17.739,20.834,38,0.030000000000000002,0.45399999999999996,0,1,0,0,0,0,
K8_R0.90_T0_H1_N1_U1_S8006_CENTRAL_inprocess,8006,8,0.9,0,1,N1,0.98,3.0,1.0,CENTRAL,inprocess,6b4ad1f12a227d36fca26f75ace0ae8759dad899207e9bd015f4c1da3768dfd9,dbccef8a96334d602ab58fe55f2c5c5cae72aa2f20343650986060d8a575d67d,0.807,0,62,55,3,58,4,93.54838709677419,95.91836734693878,100.0,100.0,90.9090909090909,86.20689655172414,715,12.327586206896552,0,0,0,0,7,0,0,0,0,0,5.6338,3.8899,5052,1090383,117,44,7,0.02416052416052416,0,0.660298,0.08108699999999999,97,4.279,17.203,24.854999999999997,0,0.0,0.0,0,0,0,0,0,0,
K8_R0.90_T0_H1_N1_U1_S8006_CENTRAL_FB_inprocess,8006,8,0.9,0,1,N1,0.98,3.0,1.0,CENTRAL_FB,inprocess,6b4ad1f12a227d36fca26f75ace0ae8759dad899207e9bd015f4c1da3768dfd9,8f8ac0cd951545e7da6985df8700e0ab78d81ae12f798d69311edf8d44001cb6,0.984,0,62,55,3,58,4,93.54838709677419,95.91836734693878,100.0,100.0,90.9090909090909,86.20689655172414,715,12.327586206896552,0,0,0,0,7,0,0,0,0,0,5.6338,3.8899,5052,1090383,117,44,7,0.02416052416052416,0,0.759603,0.094406,97,4.225,22.47,37.567,1,0.013,0.013,0,0,0,0,0,0,
K8_R0.90_T0_H1_N1_U1_S8006_HYBRID_inprocess,8006,8,0.9,0,1,N1,0.98,3.0,1.0,HYBRID,inprocess,6b4ad1f12a227d36fca26f75ace0ae8759dad899207e9bd015f4c1da3768dfd9,3f58eca51a1c5c914a49f666da687fa63fc7c2b569f26ef0199dbcc37ed99276,0.933,0,62,55,3,58,4,93.54838709677419,95.91836734693878,100.0,100.0,90.9090909090909,86.20689655172414,715,12.327586206896552,0,0,0,0,7,0,0,0,0,0,5.6338,3.8899,5052,1090383,117,44,7,0.02416052416052416,0,0.767951,0.087408,97,4.5120000000000005,21.95,30.183,1,0.012,0.012,0,0,0,0,0,0,
K8_R0.90_T0_H1_N3_U1_S8006_CENTRAL_inprocess,8006,8,0.9,0,1,N3,0.75,20.0,1.0,CENTRAL,inprocess,f10b3949ac8b1b4b58e78466a4c29cffe4894efdd57162e24878b5d791d13bdd,06e616374b46a67c1ed1717afb46f701515168aef2a800817f0158c8494ae1cf,0.865,0,62,53,2,55,7,88.70967741935483,89.79591836734694,88.88888888888889,87.5,88.63636363636364,86.20689655172414,745,13.545454545454545,0,0,0,0,7,0,0,0,0,0,5.7003,3.8899,5608,1139236,495,92,48,0.34986713906111605,4,0.701219,0.085794,138,3.534,15.736,21.284000000000002,0,0.0,0.0,0,1,0,0,0,0,
K8_R0.90_T0_H1_N3_U1_S8006_CENTRAL_FB_inprocess,8006,8,0.9,0,1,N3,0.75,20.0,1.0,CENTRAL_FB,inprocess,f10b3949ac8b1b4b58e78466a4c29cffe4894efdd57162e24878b5d791d13bdd,5b7172b2fba7dd93f76ce4c8b1d49b75a5be4dc61d9dbe7db89336a0eda22e7a,1.038,0,62,53,2,55,7,88.70967741935483,89.79591836734694,88.88888888888889,87.5,88.63636363636364,93.10344827586206,799,14.527272727272727,0,0,0,0,6,0,0,0,0,0,5.6854,3.8899,5651,1143138,509,93,46,0.2988759091910954,7,0.836115,0.106364,141,4.527,18.363,25.907,27,0.059,0.39599999999999996,0,0,0,0,0,0,
K8_R0.90_T0_H1_N3_U1_S8006_HYBRID_inprocess,8006,8,0.9,0,1,N3,0.75,20.0,1.0,HYBRID,inprocess,f10b3949ac8b1b4b58e78466a4c29cffe4894efdd57162e24878b5d791d13bdd,41466dca6bfc924e0629cc383e7f8c81c01da9e1f815c6cda6aed0dd99f0efe3,1.103,0,62,53,2,55,7,88.70967741935483,89.79591836734694,88.88888888888889,87.5,88.63636363636364,93.10344827586206,799,14.527272727272727,0,0,0,0,6,0,0,0,0,0,5.6854,3.8899,5651,1143138,509,93,46,0.2988759091910954,7,0.888252,0.107528,141,4.385,15.990999999999998,29.506,27,0.04,0.382,0,0,0,0,0,0,
K8_R0.90_T0_H1_N1_U1.6_S8006_CENTRAL_FB_inprocess,8006,8,0.9,0,1,N1,0.98,3.0,1.6,CENTRAL_FB,inprocess,fa71baeedceec78fc93b6ea2854a71a0762573073399cd9ad1d3869c9dda4f9a,0f23a9a98ffc66672af59788838fa8f46707fbf0ec97a13e6a76ff2548dab70b,1.006,0,62,54,2,56,6,90.3225806451613,93.87755102040816,100.0,100.0,86.36363636363636,89.65517241379311,711,12.696428571428571,0,0,0,0,7,0,0,0,0,0,7.6976,3.865,5208,1104126,94,47,7,0.023706045041485577,0,0.84389,0.08535899999999999,101,4.926,23.377,31.459,0,0.0,0.0,0,0,0,0,0,0,
K8_R0.90_T0_H1_N1_U1.6_S8006_CENTRAL_inprocess,8006,8,0.9,0,1,N1,0.98,3.0,1.6,CENTRAL,inprocess,fa71baeedceec78fc93b6ea2854a71a0762573073399cd9ad1d3869c9dda4f9a,397617d4e938c40a157bb810cda3a264d9a34a0801d264c2608a3a07b0879139,1.23,0,62,54,2,56,6,90.3225806451613,93.87755102040816,100.0,100.0,86.36363636363636,89.65517241379311,711,12.696428571428571,0,0,0,0,7,0,0,0,0,0,7.6976,3.865,5208,1104126,94,47,7,0.023706045041485577,0,1.0332,0.10577399999999999,101,7.574,25.666,33.794,0,0.0,0.0,0,0,0,0,0,0,
K8_R0.90_T0_H1_N3_U1.6_S8006_CENTRAL_inprocess,8006,8,0.9,0,1,N3,0.75,20.0,1.6,CENTRAL,inprocess,020c999a35f47103d469eacad5ccda72f660dab9f927f88a216298c2aef8c4a6,606b301c83206ebb0cba553d67d2e9e46f1bf51c03e452cb1ccab21f28f6196d,1.017,0,62,54,2,56,6,90.3225806451613,89.79591836734694,88.88888888888889,87.5,90.9090909090909,86.20689655172414,664,11.857142857142858,0,0,0,0,5,2,2,0,23,46,11.1012,3.865,5189,1098965,449,104,49,0.3005611124664552,6,0.84403,0.098545,128,4.184,19.849,30.793,0,0.0,0.0,0,0,0,0,0,0,
K8_R0.90_T0_H1_N1_U1.6_S8006_HYBRID_inprocess,8006,8,0.9,0,1,N1,0.98,3.0,1.6,HYBRID,inprocess,fa71baeedceec78fc93b6ea2854a71a0762573073399cd9ad1d3869c9dda4f9a,33f6f11f765f353de0a99b471ba9505e68a0310fa7f8f66a1b5d876103883c40,1.056,0,62,54,2,56,6,90.3225806451613,93.87755102040816,100.0,100.0,86.36363636363636,89.65517241379311,711,12.696428571428571,0,0,0,0,7,0,0,0,0,0,7.6976,3.865,5208,1104126,94,47,7,0.023706045041485577,0,0.868536,0.09840800000000001,101,7.274,19.717,25.985,3,0.024,0.024,0,0,0,0,0,0,
K8_R0.90_T0_H1_N3_U1.6_S8006_CENTRAL_FB_inprocess,8006,8,0.9,0,1,N3,0.75,20.0,1.6,CENTRAL_FB,inprocess,020c999a35f47103d469eacad5ccda72f660dab9f927f88a216298c2aef8c4a6,bd91d9e06901facff1be3372ed0dac80b083234048bc9cce3fd50b3a6c802278,0.999,0,62,55,2,57,5,91.93548387096774,94.89795918367346,100.0,100.0,88.63636363636364,86.20689655172414,663,11.631578947368421,0,0,0,0,5,2,2,0,23,44,11.1012,3.865,5276,1107609,472,102,44,0.27490996398559425,5,0.829183,0.093206,132,4.173,19.59,36.99,31,0.037,0.40700000000000003,0,0,0,0,0,0,
K8_R0.90_T0_H1_N3_U1.6_S8006_HYBRID_inprocess,8006,8,0.9,0,1,N3,0.75,20.0,1.6,HYBRID,inprocess,020c999a35f47103d469eacad5ccda72f660dab9f927f88a216298c2aef8c4a6,b0a286274e42c8d85e6257fc6d7a3a8fccc51b488c1dd49e3ff1eb542454baea,1.063,0,62,55,2,57,5,91.93548387096774,94.89795918367346,100.0,100.0,88.63636363636364,86.20689655172414,663,11.631578947368421,0,0,0,0,5,2,2,0,23,44,11.1012,3.865,5276,1107609,472,102,44,0.27490996398559425,5,0.866328,0.10548700000000001,132,5.005,18.721999999999998,32.118,32,0.045000000000000005,0.495,0,0,0,0,0,0,
K8_R0.90_T0_H1_N1_U2_S8006_CENTRAL_inprocess,8006,8,0.9,0,1,N1,0.98,3.0,2.0,CENTRAL,inprocess,2915ddf968a3ecfedf572266934a6d3c3b6aef02f12fb4816124a9c5552bd2b5,19d0ea9031b59a17a64f04c9764f51672c3d3173d202ec7ebaaa805a39295d99,0.901,0,62,54,3,57,5,91.93548387096774,92.85714285714286,94.44444444444444,87.5,90.9090909090909,86.20689655172414,768,13.473684210526315,0,0,0,0,8,7,7,0,66,169,13.9732,3.8332,5348,1116599,99,47,7,0.021538461538461538,1,0.726112,0.09744599999999999,109,5.117,18.669999999999998,23.67,0,0.0,0.0,0,0,0,0,0,0,
K8_R0.90_T0_H1_N1_U2_S8006_CENTRAL_FB_inprocess,8006,8,0.9,0,1,N1,0.98,3.0,2.0,CENTRAL_FB,inprocess,2915ddf968a3ecfedf572266934a6d3c3b6aef02f12fb4816124a9c5552bd2b5,8a27637c5934f57172756f41939d35fcec233e9bbbebc11f6d20ae6bc1cb8fb8,0.811,0,62,54,3,57,5,91.93548387096774,92.85714285714286,94.44444444444444,87.5,90.9090909090909,86.20689655172414,768,13.473684210526315,0,0,0,0,8,7,7,0,66,169,13.9732,3.8332,5348,1116599,99,47,7,0.021538461538461538,1,0.649522,0.084359,109,4.063,17.851,25.753999999999998,0,0.0,0.0,0,0,0,0,0,0,
K8_R0.90_T0_H1_N1_U2_S8006_HYBRID_inprocess,8006,8,0.9,0,1,N1,0.98,3.0,2.0,HYBRID,inprocess,2915ddf968a3ecfedf572266934a6d3c3b6aef02f12fb4816124a9c5552bd2b5,0db870901ae057c93ce16cd255f0b34b3476792c838caa033730805904dbc425,0.992,0,62,54,3,57,5,91.93548387096774,92.85714285714286,94.44444444444444,87.5,90.9090909090909,89.65517241379311,757,13.280701754385966,0,0,0,0,8,7,7,0,68,128,13.409,3.8332,5262,1109024,110,43,6,0.016094210009813543,1,0.806186,0.104321,104,5.806,22.006999999999998,31.668000000000003,7,0.036000000000000004,0.036000000000000004,0,0,0,0,0,0,
K8_R0.90_T0_H1_N3_U2_S8006_CENTRAL_inprocess,8006,8,0.9,0,1,N3,0.75,20.0,2.0,CENTRAL,inprocess,f5fb922c84f7798535f33fff058f24d896ff250fcf026b97c4ed755507139bf1,5b8069d51c0820320fdf078c1f3b190dd97cf8b28978e275c651d68131d8dc26,1.08,0,62,50,2,52,10,83.87096774193549,85.71428571428571,88.88888888888889,87.5,81.81818181818181,82.75862068965517,734,14.115384615384615,0,0,0,0,8,8,8,0,75,223,14.8273,3.8332,5769,1154418,526,94,47,0.3216813210379584,6,0.881937,0.09731000000000001,146,5.684,15.123,26.073,0,0.0,0.0,0,1,0,0,0,0,
K8_R0.90_T0_H1_N3_U2_S8006_CENTRAL_FB_inprocess,8006,8,0.9,0,1,N3,0.75,20.0,2.0,CENTRAL_FB,inprocess,f5fb922c84f7798535f33fff058f24d896ff250fcf026b97c4ed755507139bf1,9f931a501adfc681b87f46ebe415b73079c58bfc0587bb7775f35a357cebbefd,1.234,0,62,48,2,50,12,80.64516129032258,82.65306122448979,88.88888888888889,87.5,77.27272727272727,82.75862068965517,714,14.28,0,0,0,0,8,8,8,0,75,192,14.4092,3.8332,5858,1160708,532,99,47,0.34489281210592687,4,1.037165,0.109472,155,5.424,18.513,23.738,27,0.055,0.525,0,2,0,0,0,0,
K8_R0.90_T0_H1_N3_U2_S8006_HYBRID_inprocess,8006,8,0.9,0,1,N3,0.75,20.0,2.0,HYBRID,inprocess,f5fb922c84f7798535f33fff058f24d896ff250fcf026b97c4ed755507139bf1,3a5ffcd70d22746f45ead32fafe079964f4cd8930981975a5a3c081195ad3f30,1.217,0,62,48,2,50,12,80.64516129032258,82.65306122448979,88.88888888888889,87.5,77.27272727272727,82.75862068965517,714,14.28,0,0,0,0,8,8,8,0,75,192,14.4092,3.8332,5858,1160705,532,99,47,0.34489281210592687,4,1.006916,0.10966200000000001,155,5.721,16.041,28.815,35,0.049,0.734,0,2,0,0,0,0,
K8_R0.90_T0_H1_N1_U1_S8007_CENTRAL_inprocess,8007,8,0.9,0,1,N1,0.98,3.0,1.0,CENTRAL,inprocess,29330dd0fcc6a7d052fa2b8ae8a150651d5c1413fc8bac0f51fe404b519332a9,cc68cb6b24c6f9d7fe72706ef61430617f5c767db849694360981921bc0828f5,1.194,0,62,54,2,56,6,90.3225806451613,92.07920792079207,94.11764705882354,88.88888888888889,88.88888888888889,94.44444444444444,745,13.303571428571429,0,0,0,0,8,0,0,0,0,0,5.6813,3.8752,5282,1115163,84,55,14,0.02523598535927567,0,0.994215,0.10267,97,6.5729999999999995,28.022,39.36,0,0.0,0.0,0,0,0,0,0,0,
K8_R0.90_T0_H1_N1_U1_S8007_CENTRAL_FB_inprocess,8007,8,0.9,0,1,N1,0.98,3.0,1.0,CENTRAL_FB,inprocess,29330dd0fcc6a7d052fa2b8ae8a150651d5c1413fc8bac0f51fe404b519332a9,a7d35805a7fb5b9df0bac19f64e5afa812f8a1d95a51cde53a86c804de58b039,1.258,0,62,54,2,56,6,90.3225806451613,92.07920792079207,94.11764705882354,88.88888888888889,88.88888888888889,94.44444444444444,745,13.303571428571429,0,0,0,0,8,0,0,0,0,0,5.6813,3.8752,5282,1115163,84,55,14,0.02523598535927567,0,1.04819,0.106138,97,6.078,33.762,46.398,1,0.013,0.013,0,0,0,0,0,0,
K8_R0.90_T0_H1_N1_U1_S8007_HYBRID_inprocess,8007,8,0.9,0,1,N1,0.98,3.0,1.0,HYBRID,inprocess,29330dd0fcc6a7d052fa2b8ae8a150651d5c1413fc8bac0f51fe404b519332a9,d55e62133c1696d42b0979611e05229e5885948a30bec0886ae56085b18cc947,1.23,0,62,54,2,56,6,90.3225806451613,92.07920792079207,94.11764705882354,88.88888888888889,88.88888888888889,94.44444444444444,745,13.303571428571429,0,0,0,0,8,0,0,0,0,0,5.6813,3.8752,5282,1115163,84,55,14,0.02523598535927567,0,1.039734,0.105739,97,6.087000000000001,29.97,38.72,1,0.013,0.013,0,0,0,0,0,0,
K8_R0.90_T0_H1_N3_U1_S8007_CENTRAL_inprocess,8007,8,0.9,0,1,N3,0.75,20.0,1.0,CENTRAL,inprocess,2b223756360eb3cf5025fd1578b801eeadaa4efd04275000ca645495f5ed90eb,d49c02ab9d52a3e3e23a8bffa5f0206fe42e5aca06f274c9574e5e5177d1803a,1.391,0,62,52,1,53,9,85.48387096774194,85.14851485148515,82.3529411764706,77.77777777777777,86.66666666666667,88.88888888888889,698,13.169811320754716,0,0,0,0,8,0,0,0,0,0,5.6845,3.8752,6053,1183278,533,106,96,0.3790322580645161,5,1.166929,0.103943,146,7.339,21.798000000000002,35.367999999999995,0,0.0,0.0,0,0,0,0,0,0,
K8_R0.90_T0_H1_N3_U1_S8007_CENTRAL_FB_inprocess,8007,8,0.9,0,1,N3,0.75,20.0,1.0,CENTRAL_FB,inprocess,2b223756360eb3cf5025fd1578b801eeadaa4efd04275000ca645495f5ed90eb,ae8564be544d233c99e68b3ef04d8f0b94b945af5088bad9e5653f0321d8e4c0,1.524,0,62,49,2,51,11,82.25806451612904,82.17821782178218,82.3529411764706,77.77777777777777,82.22222222222223,77.77777777777777,743,14.568627450980392,0,0,0,0,8,0,0,0,0,0,5.6845,3.8752,6255,1200162,570,103,95,0.4359508041627247,3,1.313806,0.11467500000000001,157,7.472,19.099,31.416,24,0.437,0.464,0,1,0,0,0,0,
K8_R0.90_T0_H1_N3_U1_S8007_HYBRID_inprocess,8007,8,0.9,0,1,N3,0.75,20.0,1.0,HYBRID,inprocess,2b223756360eb3cf5025fd1578b801eeadaa4efd04275000ca645495f5ed90eb,9b318fb2f09559198ee6eb4dcac63c79ca87e3c403161a01c11f9513587faf11,1.425,0,62,49,2,51,11,82.25806451612904,82.17821782178218,82.3529411764706,77.77777777777777,82.22222222222223,77.77777777777777,743,14.568627450980392,0,0,0,0,8,0,0,0,0,0,5.6845,3.8752,6255,1200162,570,103,95,0.4359508041627247,3,1.215191,0.105523,157,6.043,20.244999999999997,26.832,24,0.371,0.475,0,1,0,0,0,0,
K8_R0.90_T0_H1_N1_U1.6_S8007_CENTRAL_inprocess,8007,8,0.9,0,1,N1,0.98,3.0,1.6,CENTRAL,inprocess,9ceda13e866d92b62989e5655c2272017cbf0205ac180937a839573cf5a0e16f,3686ec464157104d185a445022991b43bbbb1f35dbe23a2b7261e9f49e4af2b6,1.359,0,62,55,2,57,5,91.93548387096774,94.05940594059406,94.11764705882354,100.0,91.11111111111111,88.88888888888889,683,11.982456140350877,0,0,0,0,7,2,2,0,18,17,9.9245,3.8354,5468,1133384,111,50,14,0.03099906629318394,0,1.172686,0.10244099999999999,107,7.509,27.589,34.611999999999995,0,0.0,0.0,0,0,0,0,0,0,
K8_R0.90_T0_H1_N1_U1.6_S8007_CENTRAL_FB_inprocess,8007,8,0.9,0,1,N1,0.98,3.0,1.6,CENTRAL_FB,inprocess,9ceda13e866d92b62989e5655c2272017cbf0205ac180937a839573cf5a0e16f,44531ab5102c000e7cb4bfb36b1fa69f91d9b8104e8104c346370cf4706572f5,1.206,0,62,55,2,57,5,91.93548387096774,94.05940594059406,94.11764705882354,100.0,91.11111111111111,88.88888888888889,683,11.982456140350877,0,0,0,0,7,2,2,0,18,17,9.9245,3.8354,5468,1133384,111,50,14,0.03099906629318394,0,1.006332,0.097484,107,7.335999999999999,22.549,33.964,1,0.011,0.011,0,0,0,0,0,0,
K8_R0.90_T0_H1_N1_U1.6_S8007_HYBRID_inprocess,8007,8,0.9,0,1,N1,0.98,3.0,1.6,HYBRID,inprocess,9ceda13e866d92b62989e5655c2272017cbf0205ac180937a839573cf5a0e16f,808cc0e6aad52e03928ce3e3c5db4413cffceb311c895d1267f6d884b88c8071,1.282,0,62,55,2,57,5,91.93548387096774,94.05940594059406,94.11764705882354,100.0,91.11111111111111,88.88888888888889,683,11.982456140350877,0,0,0,0,7,2,2,0,18,17,9.9245,3.8354,5468,1133384,111,50,14,0.03099906629318394,0,1.074105,0.10770500000000001,107,7.694,22.554000000000002,24.843,4,0.025,0.025,0,0,0,0,0,0,
K8_R0.90_T0_H1_N3_U1.6_S8007_CENTRAL_inprocess,8007,8,0.9,0,1,N3,0.75,20.0,1.6,CENTRAL,inprocess,6ae1b3c5992ce71df1320a05c38ca35acd13d532f36025c2c57373e01241fa51,41f4dd1edab785170096f705bf2303406dad90a5dfde538c1a5016733ab11388,1.316,0,62,51,1,52,10,83.87096774193549,84.15841584158416,76.47058823529412,77.77777777777777,86.66666666666667,86.11111111111111,647,12.442307692307692,0,0,0,0,8,2,2,0,20,21,9.9245,3.8354,5735,1153807,505,97,75,0.21449579831932772,3,1.114179,0.10786099999999998,143,7.186,16.276,31.81,0,0.0,0.0,0,2,0,0,0,0,
K8_R0.90_T0_H1_N3_U1.6_S8007_CENTRAL_FB_inprocess,8007,8,0.9,0,1,N3,0.75,20.0,1.6,CENTRAL_FB,inprocess,6ae1b3c5992ce71df1320a05c38ca35acd13d532f36025c2c57373e01241fa51,ef1f87786933ea8cf792ac4caf118c356b3418f9c11aa919beafbb04d40fba60,1.528,0,62,51,1,52,10,83.87096774193549,88.11881188118812,88.23529411764706,100.0,82.22222222222223,86.11111111111111,661,12.711538461538462,0,0,0,0,6,2,2,0,20,49,12.9856,3.8354,6191,1196418,541,105,96,0.27311004784688997,5,1.326581,0.10736,168,6.654,20.225,29.88,23,0.5339999999999999,0.555,0,0,0,0,0,0,
K8_R0.90_T0_H1_N3_U1.6_S8007_HYBRID_inprocess,8007,8,0.9,0,1,N3,0.75,20.0,1.6,HYBRID,inprocess,6ae1b3c5992ce71df1320a05c38ca35acd13d532f36025c2c57373e01241fa51,35f444392f1b2c44ac6cd4f46cf01d224133df4dd56437d52a9853adce9c7047,1.574,0,62,51,1,52,10,83.87096774193549,88.11881188118812,88.23529411764706,100.0,82.22222222222223,86.11111111111111,661,12.711538461538462,0,0,0,0,6,2,2,0,20,49,12.9856,3.8354,6191,1196418,541,105,96,0.27311004784688997,5,1.333309,0.118506,168,7.407,18.37,32.719,26,0.5519999999999999,0.8270000000000001,0,0,0,0,0,0,
K8_R0.90_T0_H1_N1_U2_S8007_CENTRAL_inprocess,8007,8,0.9,0,1,N1,0.98,3.0,2.0,CENTRAL,inprocess,8d2fa3be8c34f459e315e9fcfceb0d42cec911eb5aba001795e4f581d67a2793,b56f97ee306311980133abad8187a5fcbe4e2d34131ed41bf9732bfb3e0f3323,1.601,0,62,51,1,52,10,83.87096774193549,86.13861386138613,88.23529411764706,88.88888888888889,82.22222222222223,91.66666666666667,696,13.384615384615385,0,0,0,0,8,8,8,0,68,141,12.3298,3.827,5609,1141809,120,47,11,0.022801897117840204,1,1.37894,0.10518700000000002,114,8.482999999999999,25.85,38.952,0,0.0,0.0,0,1,0,0,0,0,
K8_R0.90_T0_H1_N1_U2_S8007_CENTRAL_FB_inprocess,8007,8,0.9,0,1,N1,0.98,3.0,2.0,CENTRAL_FB,inprocess,8d2fa3be8c34f459e315e9fcfceb0d42cec911eb5aba001795e4f581d67a2793,13ac8ec621b0cbe5a8a217a7f796f7fcd3c281e3091477121e0086eb988a0a52,1.655,0,62,51,1,52,10,83.87096774193549,86.13861386138613,88.23529411764706,88.88888888888889,82.22222222222223,91.66666666666667,696,13.384615384615385,0,0,0,0,8,8,8,0,68,141,12.3298,3.827,5609,1141809,120,47,11,0.022801897117840204,1,1.401438,0.10876,114,10.104000000000001,26.707,46.103,1,0.013,0.013,0,1,0,0,0,0,
K8_R0.90_T0_H1_N1_U2_S8007_HYBRID_inprocess,8007,8,0.9,0,1,N1,0.98,3.0,2.0,HYBRID,inprocess,8d2fa3be8c34f459e315e9fcfceb0d42cec911eb5aba001795e4f581d67a2793,48237300ffca2f0d2ca960cd2fbf3110ee1514f343d0991d37b16ca93cf013fe,1.86,0,62,49,1,50,12,80.64516129032258,81.18811881188118,82.3529411764706,77.77777777777777,80.0,88.88888888888889,666,13.32,0,0,0,0,8,8,8,0,68,102,12.3298,3.827,5602,1140162,102,51,11,0.021334792122538294,0,1.606972,0.12927000000000002,115,12.167000000000002,27.456,44.964999999999996,9,0.057,0.057,0,1,0,0,0,0,
K8_R0.90_T0_H1_N3_U2_S8007_CENTRAL_inprocess,8007,8,0.9,0,1,N3,0.75,20.0,2.0,CENTRAL,inprocess,2a60b568e7c90c10ef178946125d9bf781140906ba6408ccb83bff92cdaacf3a,631ec0993a30a1a44050d6138df5a7aed60bd8e7134c78aa61d64500d0569b72,2.063,0,62,48,1,49,13,79.03225806451613,82.17821782178218,88.23529411764706,100.0,75.55555555555556,83.33333333333333,725,14.795918367346939,0,0,0,0,8,8,8,0,71,169,14.3199,3.827,6852,1258771,683,121,97,0.25808648280558394,3,1.797651,0.12289499999999999,172,9.706,23.619,35.894000000000005,0,0.0,0.0,0,2,0,0,0,0,
K8_R0.90_T0_H1_N3_U2_S8007_CENTRAL_FB_inprocess,8007,8,0.9,0,1,N3,0.75,20.0,2.0,CENTRAL_FB,inprocess,2a60b568e7c90c10ef178946125d9bf781140906ba6408ccb83bff92cdaacf3a,095493f5d846d69722f52224c28dfa520db1d72436aee3d33c6cbf5644d2d3b0,1.9,0,62,48,1,49,13,79.03225806451613,82.17821782178218,88.23529411764706,100.0,75.55555555555556,83.33333333333333,725,14.795918367346939,0,0,0,0,8,8,8,0,71,169,14.3199,3.827,6852,1258771,683,121,97,0.25808648280558394,3,1.67913,0.117832,172,9.288,19.508000000000003,36.56,23,0.14100000000000001,0.444,0,2,0,0,0,0,
K8_R0.90_T0_H1_N3_U2_S8007_HYBRID_inprocess,8007,8,0.9,0,1,N3,0.75,20.0,2.0,HYBRID,inprocess,2a60b568e7c90c10ef178946125d9bf781140906ba6408ccb83bff92cdaacf3a,35a576740fe2961d2aa47a83a13088a1dcba9fed988916c1c3a2745acdab67d4,1.761,0,62,49,0,49,13,79.03225806451613,83.16831683168317,94.11764705882354,100.0,73.33333333333333,80.55555555555556,733,14.959183673469388,0,0,0,0,8,8,8,0,71,169,14.3199,3.827,6702,1244881,654,123,97,0.25470055710306405,4,1.53582,0.114216,164,9.491,18.377000000000002,31.806,30,0.102,0.435,0,2,0,0,0,0,
K8_R0.90_T0_H1_N1_U1_S8008_CENTRAL_inprocess,8008,8,0.9,0,1,N1,0.98,3.0,1.0,CENTRAL,inprocess,c167f1166141ee28de639b4568daa95627010852fcc96f29ee48f4c008d82f1d,d06c111af854cf4d134a59d521cba5b502fe2e7a3e338ddb29306a7001977c16,1.108,0,62,53,0,53,9,85.48387096774194,89.58333333333333,100.0,100.0,82.6923076923077,86.48648648648648,741,13.981132075471699,0,0,0,0,6,0,0,0,0,0,5.6702,3.8785,5431,1131740,96,64,2,0.012940735183795949,0,0.926725,0.09250699999999998,88,7.36,38.888,40.998,0,0.0,0.0,0,0,0,0,0,0,
K8_R0.90_T0_H1_N1_U1_S8008_CENTRAL_FB_inprocess,8008,8,0.9,0,1,N1,0.98,3.0,1.0,CENTRAL_FB,inprocess,c167f1166141ee28de639b4568daa95627010852fcc96f29ee48f4c008d82f1d,8246da5608e2dea714d3d8b85e01291d9b83041247a7d87fe5ccc8b396dea64a,1.186,0,62,53,0,53,9,85.48387096774194,89.58333333333333,100.0,100.0,82.6923076923077,86.48648648648648,741,13.981132075471699,0,0,0,0,6,0,0,0,0,0,5.6702,3.8785,5431,1131740,96,64,2,0.012940735183795949,0,0.991394,0.105364,88,9.32,27.456,38.287,0,0.0,0.0,0,0,0,0,0,0,
K8_R0.90_T0_H1_N1_U1_S8008_HYBRID_inprocess,8008,8,0.9,0,1,N1,0.98,3.0,1.0,HYBRID,inprocess,c167f1166141ee28de639b4568daa95627010852fcc96f29ee48f4c008d82f1d,56a448b84a263a00c30ee40e4d123c28882a346374ee7d800b56af85d5a81b59,1.207,0,62,53,0,53,9,85.48387096774194,89.58333333333333,100.0,100.0,82.6923076923077,86.48648648648648,741,13.981132075471699,0,0,0,0,6,0,0,0,0,0,5.6702,3.8785,5431,1131740,96,64,2,0.012940735183795949,0,1.011401,0.10164600000000001,88,7.680000000000001,36.407000000000004,53.059000000000005,0,0.0,0.0,0,0,0,0,0,0,
K8_R0.90_T0_H1_N3_U1_S8008_CENTRAL_inprocess,8008,8,0.9,0,1,N3,0.75,20.0,1.0,CENTRAL,inprocess,11f0e5b32d4cf937609a16a6ae0c83f5ea7244887090dc8ecae8907ba7e3e330,a2cf4ce43347b9784f9361bdca7b8f0ad6d30c493c9fe1ef5c042ec3b9eefacc,1.017,0,62,53,0,53,9,85.48387096774194,88.54166666666667,90.0,100.0,84.61538461538461,83.78378378378379,728,13.735849056603774,0,0,0,0,6,0,0,0,0,0,5.6719,3.8785,5198,1105000,440,82,37,0.25545796737766624,6,0.824897,0.105443,121,5.886,18.161,28.296000000000003,0,0.0,0.0,0,0,0,0,0,0,
K8_R0.90_T0_H1_N3_U1_S8008_CENTRAL_FB_inprocess,8008,8,0.9,0,1,N3,0.75,20.0,1.0,CENTRAL_FB,inprocess,11f0e5b32d4cf937609a16a6ae0c83f5ea7244887090dc8ecae8907ba7e3e330,edb6adb5dee5668b42ef00278f4c6b5784ce029d95e7a8d49913844f2a583e50,1.033,0,62,53,0,53,9,85.48387096774194,88.54166666666667,90.0,100.0,84.61538461538461,83.78378378378379,728,13.735849056603774,0,0,0,0,6,0,0,0,0,0,5.6719,3.8785,5198,1104922,440,82,37,0.25545796737766624,6,0.830412,0.10802,121,5.978,18.373,41.709999999999994,39,0.393,2.904,0,0,0,0,0,0,
K8_R0.90_T0_H1_N3_U1_S8008_HYBRID_inprocess,8008,8,0.9,0,1,N3,0.75,20.0,1.0,HYBRID,inprocess,11f0e5b32d4cf937609a16a6ae0c83f5ea7244887090dc8ecae8907ba7e3e330,0764eebca5970e8590d52a1855a5bbae16b1b1eb379b5f978207007a9e279129,0.932,0,62,53,0,53,9,85.48387096774194,88.54166666666667,90.0,100.0,84.61538461538461,83.78378378378379,728,13.735849056603774,0,0,0,0,6,0,0,0,0,0,5.6719,3.8785,5198,1104922,440,82,37,0.25545796737766624,6,0.75325,0.09807,121,4.877000000000001,19.662,29.483999999999998,39,0.431,2.9589999999999996,0,0,0,0,0,0,
K8_R0.90_T0_H1_N1_U1.6_S8008_CENTRAL_FB_inprocess,8008,8,0.9,0,1,N1,0.98,3.0,1.6,CENTRAL_FB,inprocess,5e836416b1a6f6c382528863a18eb3334755499e43f9a6ba7d1c5cc1b7810f85,e41406c16b67f1c745d94d4ec09de600e381dbf68aa633344ca426d8e69e71a8,1.238,0,62,53,0,53,9,85.48387096774194,89.58333333333333,90.0,100.0,84.61538461538461,81.08108108108108,786,14.830188679245284,0,0,0,0,8,0,0,0,0,0,7.5144,3.8427,5094,1100683,105,58,13,0.010471204188481676,1,1.013714,0.092058,89,8.041,31.098,61.712,0,0.0,0.0,0,1,0,0,0,0,
K8_R0.90_T0_H1_N1_U1.6_S8008_CENTRAL_inprocess,8008,8,0.9,0,1,N1,0.98,3.0,1.6,CENTRAL,inprocess,5e836416b1a6f6c382528863a18eb3334755499e43f9a6ba7d1c5cc1b7810f85,a5fc8593f4418ce70463897abd3c6f728a0c03a6fa8fa138a9eb0277b2793411,1.494,0,62,53,0,53,9,85.48387096774194,89.58333333333333,90.0,100.0,84.61538461538461,81.08108108108108,786,14.830188679245284,0,0,0,0,8,0,0,0,0,0,7.5144,3.8427,5094,1100683,105,58,13,0.010471204188481676,1,1.176585,0.101379,89,9.802,36.916,67.095,0,0.0,0.0,0,1,0,0,0,0,
K8_R0.90_T0_H1_N3_U1.6_S8008_CENTRAL_inprocess,8008,8,0.9,0,1,N3,0.75,20.0,1.6,CENTRAL,inprocess,f9ac451278d9fa42afe8aea9b4ab53d4b128e39a137ccc3f73974695715cdc46,b8b0655a1d79277a59182e2c3e966f4f1cff2b51e1babd8a0172a6aca0d772ea,1.326,0,62,53,0,53,9,85.48387096774194,89.58333333333333,90.0,100.0,84.61538461538461,86.48648648648648,784,14.79245283018868,0,0,0,0,7,2,2,0,20,37,11.1765,3.8427,5732,1157242,498,90,65,0.3068980667838313,6,1.088318,0.105985,131,7.998,22.076999999999998,36.805,0,0.0,0.0,0,0,0,0,0,0,
K8_R0.90_T0_H1_N1_U1.6_S8008_HYBRID_inprocess,8008,8,0.9,0,1,N1,0.98,3.0,1.6,HYBRID,inprocess,5e836416b1a6f6c382528863a18eb3334755499e43f9a6ba7d1c5cc1b7810f85,408fe0ca2e6844dde378ffff68dd83dd5d6b1dfd46fe8928af551f776775a62e,1.484,0,62,53,0,53,9,85.48387096774194,89.58333333333333,90.0,100.0,84.61538461538461,81.08108108108108,786,14.830188679245284,0,0,0,0,8,0,0,0,0,0,7.5144,3.8427,5094,1100683,105,58,13,0.010471204188481676,1,1.173193,0.10652699999999998,89,10.678999999999998,38.253,54.033,2,0.022,0.022,0,1,0,0,0,0,
K8_R0.90_T0_H1_N3_U1.6_S8008_HYBRID_inprocess,8008,8,0.9,0,1,N3,0.75,20.0,1.6,HYBRID,inprocess,f9ac451278d9fa42afe8aea9b4ab53d4b128e39a137ccc3f73974695715cdc46,b5c083f6d1ea2231630d75333f289a5084968c7529cb415c220d649ed70c5c6d,1.382,0,62,53,0,53,9,85.48387096774194,89.58333333333333,90.0,100.0,84.61538461538461,86.48648648648648,784,14.79245283018868,0,0,0,0,7,2,2,0,20,37,11.1765,3.8427,5732,1157305,498,90,65,0.3068980667838313,6,1.135504,0.11932299999999998,131,7.981999999999999,22.1,31.452,40,2.835,3.043,0,0,0,0,0,0,
K8_R0.90_T0_H1_N3_U1.6_S8008_CENTRAL_FB_inprocess,8008,8,0.9,0,1,N3,0.75,20.0,1.6,CENTRAL_FB,inprocess,f9ac451278d9fa42afe8aea9b4ab53d4b128e39a137ccc3f73974695715cdc46,d3cb9aeed121b0d51571c41355a55cfb75b1453530fc66dbb4671b18390906d0,1.437,0,62,53,0,53,9,85.48387096774194,89.58333333333333,90.0,100.0,84.61538461538461,86.48648648648648,784,14.79245283018868,0,0,0,0,7,2,2,0,20,37,11.1765,3.8427,5732,1157305,498,90,65,0.3068980667838313,6,1.168664,0.11398000000000001,131,8.179,24.913,54.267,39,2.897,3.4589999999999996,0,0,0,0,0,0,
K8_R0.90_T0_H1_N1_U2_S8008_CENTRAL_FB_inprocess,8008,8,0.9,0,1,N1,0.98,3.0,2.0,CENTRAL_FB,inprocess,dfb483bb9189f6483cfd33a992bfc6bae47704454691b74e3f89cf6b004a6735,465fa86d10b15b70e3fcef315c6e5fc3ba95d3d85853f5e17f618cabfcd01c0c,1.756,0,62,52,0,52,10,83.87096774193549,84.375,70.0,80.0,86.53846153846153,83.78378378378379,785,15.096153846153847,0,0,0,0,8,8,8,0,68,160,13.3689,3.8289,5326,1118689,113,54,12,0.018255188316679476,1,0.966245,0.10273499999999999,104,9.532,36.713,55.599000000000004,0,0.0,0.0,0,1,0,0,0,0,
K8_R0.90_T0_H1_N1_U2_S8008_CENTRAL_inprocess,8008,8,0.9,0,1,N1,0.98,3.0,2.0,CENTRAL,inprocess,dfb483bb9189f6483cfd33a992bfc6bae47704454691b74e3f89cf6b004a6735,37c880d9eedce81085b8a4cd8f04a8ee75de74be973e3bddcdd87d667881cc52,1.788,0,62,52,0,52,10,83.87096774193549,84.375,70.0,80.0,86.53846153846153,83.78378378378379,785,15.096153846153847,0,0,0,0,8,8,8,0,68,160,13.3689,3.8289,5326,1118689,113,54,12,0.018255188316679476,1,0.936185,0.10220399999999999,104,9.344999999999999,41.406,110.879,0,0.0,0.0,0,1,0,0,0,0,
K8_R0.90_T0_H1_N3_U2_S8008_CENTRAL_inprocess,8008,8,0.9,0,1,N3,0.75,20.0,2.0,CENTRAL,inprocess,15d32a0d8146e73891327c7fc5eb41c4e46a3532f4c94268196b168098f7d6ca,e16be93c0571a80ddfb756ac71314b00d2b63ac7654d59b1f4f94270b14e8c1a,0.849,0,62,53,0,53,9,85.48387096774194,87.5,80.0,80.0,86.53846153846153,86.48648648648648,840,15.849056603773585,0,0,0,0,8,6,6,0,54,130,12.9674,3.8289,5157,1100772,400,72,45,0.3077503774534474,5,0.661917,0.08662899999999998,118,4.838,12.8,30.46,0,0.0,0.0,0,0,0,0,0,0,
K8_R0.90_T0_H1_N1_U2_S8008_HYBRID_inprocess,8008,8,0.9,0,1,N1,0.98,3.0,2.0,HYBRID,inprocess,dfb483bb9189f6483cfd33a992bfc6bae47704454691b74e3f89cf6b004a6735,8685b6d19aaede78301e8222cb01d5db72e9a2b61bca5d6cf620e06254f8a789,1.095,0,62,52,0,52,10,83.87096774193549,84.375,70.0,80.0,86.53846153846153,83.78378378378379,773,14.865384615384615,0,0,0,0,8,8,8,0,68,160,13.3689,3.8289,5321,1118404,100,52,12,0.02207717412171242,0,0.924041,0.091254,103,6.128,26.474,54.592,8,0.026,0.026,0,1,0,0,0,0,
K8_R0.90_T0_H1_N3_U2_S8008_CENTRAL_FB_inprocess,8008,8,0.9,0,1,N3,0.75,20.0,2.0,CENTRAL_FB,inprocess,15d32a0d8146e73891327c7fc5eb41c4e46a3532f4c94268196b168098f7d6ca,5607d1ac949e488a5da1d609c764bff1ee194844b709521971fd65919ca12cb2,0.914,0,62,55,0,55,7,88.70967741935483,92.70833333333333,100.0,100.0,86.53846153846153,89.1891891891892,840,15.272727272727273,0,0,0,0,8,8,8,0,67,192,13.3611,3.8289,5157,1102297,419,82,45,0.28128153380423815,5,0.716987,0.10224399999999999,118,5.482,14.199,28.147,39,0.456,2.7169999999999996,0,0,0,0,0,0,
K8_R0.90_T0_H1_N3_U2_S8008_HYBRID_inprocess,8008,8,0.9,0,1,N3,0.75,20.0,2.0,HYBRID,inprocess,15d32a0d8146e73891327c7fc5eb41c4e46a3532f4c94268196b168098f7d6ca,0a75e7d28a0117c8b8d259307794796f259f40bd30df9d6394c017d38b71485c,0.939,0,62,55,0,55,7,88.70967741935483,92.70833333333333,100.0,100.0,86.53846153846153,89.1891891891892,840,15.272727272727273,0,0,0,0,8,8,8,0,67,192,13.3611,3.8289,5157,1102301,419,82,45,0.28128153380423815,5,0.750223,0.10138399999999999,118,5.928,17.568,25.548000000000002,47,0.495,2.5100000000000002,0,0,0,0,0,0,
K8_R0.90_T0_H1_N1_U1_S8009_CENTRAL_inprocess,8009,8,0.9,0,1,N1,0.98,3.0,1.0,CENTRAL,inprocess,12350075ba8b6366c79b9c9202dabee48ffc5065e068ce02b268373238017c79,24ad361b3c8c52fc24735fb379186cbeb2c856af4badbac73cd45bb2995d2ee4,0.996,0,62,56,4,60,2,96.7741935483871,96.7032967032967,100.0,100.0,95.74468085106383,100.0,740,12.333333333333334,0,0,0,0,7,0,0,0,0,0,5.6742,3.9448,5264,1115621,104,54,10,0.01655951685174362,0,0.831198,0.086806,95,5.864,23.387999999999998,33.723000000000006,0,0.0,0.0,0,0,0,0,0,0,
K8_R0.90_T0_H1_N1_U1_S8009_CENTRAL_FB_inprocess,8009,8,0.9,0,1,N1,0.98,3.0,1.0,CENTRAL_FB,inprocess,12350075ba8b6366c79b9c9202dabee48ffc5065e068ce02b268373238017c79,5042c9de7e20189fafbc9437b1a3c1095ee35e5ac2b79574fb589c00134a1ec5,0.997,0,62,56,4,60,2,96.7741935483871,96.7032967032967,100.0,100.0,95.74468085106383,100.0,740,12.333333333333334,0,0,0,0,7,0,0,0,0,0,5.6742,3.9448,5264,1115621,104,54,10,0.01655951685174362,0,0.825863,0.099101,95,6.624,23.855,31.482000000000003,0,0.0,0.0,0,0,0,0,0,0,
K8_R0.90_T0_H1_N3_U1_S8009_CENTRAL_inprocess,8009,8,0.9,0,1,N3,0.75,20.0,1.0,CENTRAL,inprocess,86f332e80a76fb8725a1a0a43c3795a1e2e52565704839fd9a9e9ccb9458abdc,eac9ed069a71239f202285b9c3c3f8b031330fca7f7cf76bf2ba4c90d56f1953,0.904,0,62,55,4,59,3,95.16129032258064,95.6043956043956,93.33333333333333,100.0,95.74468085106383,100.0,699,11.847457627118644,0,0,0,0,7,0,0,0,0,0,5.6987,4.0111,5368,1122167,461,101,66,0.3187630783538712,3,0.743911,0.089587,128,4.139,17.25,26.743,0,0.0,0.0,0,0,0,0,0,0,
K8_R0.90_T0_H1_N1_U1_S8009_HYBRID_inprocess,8009,8,0.9,0,1,N1,0.98,3.0,1.0,HYBRID,inprocess,12350075ba8b6366c79b9c9202dabee48ffc5065e068ce02b268373238017c79,21b7b3ce728d13dd50a496c04afede8bec90e6f011fd2e56057b32304aefdf4d,1.068,0,62,56,4,60,2,96.7741935483871,96.7032967032967,100.0,100.0,95.74468085106383,100.0,740,12.333333333333334,0,0,0,0,7,0,0,0,0,0,5.6742,3.9448,5264,1115621,104,54,10,0.01655951685174362,0,0.882454,0.099105,95,7.811,24.035,47.811,0,0.0,0.0,0,0,0,0,0,0,
K8_R0.90_T0_H1_N3_U1_S8009_CENTRAL_FB_inprocess,8009,8,0.9,0,1,N3,0.75,20.0,1.0,CENTRAL_FB,inprocess,86f332e80a76fb8725a1a0a43c3795a1e2e52565704839fd9a9e9ccb9458abdc,873db5773479a1496c3009b29ef78725edd11053627d0c4c1bd314037559e6d3,1.017,0,62,55,4,59,3,95.16129032258064,95.6043956043956,93.33333333333333,100.0,95.74468085106383,100.0,699,11.847457627118644,0,0,0,0,7,0,0,0,0,0,5.6987,4.0111,5368,1122167,461,101,66,0.3187630783538712,3,0.835976,0.105319,128,5.241,18.436,27.84,31,0.062,0.154,0,0,0,0,0,0,
K8_R0.90_T0_H1_N3_U1_S8009_HYBRID_inprocess,8009,8,0.9,0,1,N3,0.75,20.0,1.0,HYBRID,inprocess,86f332e80a76fb8725a1a0a43c3795a1e2e52565704839fd9a9e9ccb9458abdc,c53ddea8766bda10f85aa30043b68f2a1d4b8158a671b497bd3825932ead21a5,1.129,0,62,55,4,59,3,95.16129032258064,95.6043956043956,93.33333333333333,100.0,95.74468085106383,100.0,699,11.847457627118644,0,0,0,0,7,0,0,0,0,0,5.6987,4.0111,5368,1122167,461,101,66,0.3187630783538712,3,0.930691,0.103484,128,5.639,20.63,29.483999999999998,31,0.059,0.115,0,0,0,0,0,0,
K8_R0.90_T0_H1_N1_U1.6_S8009_CENTRAL_inprocess,8009,8,0.9,0,1,N1,0.98,3.0,1.6,CENTRAL,inprocess,6be78c9f1fcca740327e2fb427419942c8bba1a8dbbf19d4c4d17245f0bd8dd6,6ebd0d7d991d4d0b8a6b82f58333b0f6c2e48811e74f1f74c6543231ecd4cc22,1.37,0,62,55,4,59,3,95.16129032258064,92.3076923076923,86.66666666666667,50.0,97.87234042553192,90.625,690,11.694915254237289,0,0,0,0,6,2,2,0,19,37,11.2242,3.8541,5237,1111756,89,41,6,0.01564333202972233,0,1.166859,0.104889,99,7.5040000000000004,32.782,40.29,0,0.0,0.0,0,0,0,0,0,0,
K8_R0.90_T0_H1_N1_U1.6_S8009_CENTRAL_FB_inprocess,8009,8,0.9,0,1,N1,0.98,3.0,1.6,CENTRAL_FB,inprocess,6be78c9f1fcca740327e2fb427419942c8bba1a8dbbf19d4c4d17245f0bd8dd6,8eb935e5220bc48393b0e4c0e1ce6603eae215ec64989195dd5ec74ded3a3452,1.415,0,62,55,4,59,3,95.16129032258064,92.3076923076923,86.66666666666667,50.0,97.87234042553192,90.625,690,11.694915254237289,0,0,0,0,6,2,2,0,19,37,11.2242,3.8541,5237,1111756,89,41,6,0.01564333202972233,0,1.205689,0.105404,99,7.18,29.485,46.912,0,0.0,0.0,0,0,0,0,0,0,
K8_R0.90_T0_H1_N3_U1.6_S8009_CENTRAL_inprocess,8009,8,0.9,0,1,N3,0.75,20.0,1.6,CENTRAL,inprocess,65457ed73b4db31892c422ab68e13c17843c6022c70aeaade153f03f51f5abf9,91875090d52ce92d3aa3e91838a4009265d0f3ad14c66776148aa8b2f975a540,1.085,0,62,54,4,58,4,93.54838709677419,93.4065934065934,93.33333333333333,100.0,93.61702127659575,93.75,706,12.172413793103448,0,0,0,0,6,0,0,0,0,0,7.9697,3.8541,5264,1110786,475,90,60,0.2976019184652278,3,0.884866,0.101375,126,3.636,21.860999999999997,35.969,0,0.0,0.0,0,1,0,0,0,0,
K8_R0.90_T0_H1_N1_U1.6_S8009_HYBRID_inprocess,8009,8,0.9,0,1,N1,0.98,3.0,1.6,HYBRID,inprocess,6be78c9f1fcca740327e2fb427419942c8bba1a8dbbf19d4c4d17245f0bd8dd6,edc46201f0f89d9e02baac4883aad0d6ed260a773e7381c3eb4557fdac25f2c2,1.296,0,62,55,4,59,3,95.16129032258064,92.3076923076923,86.66666666666667,50.0,97.87234042553192,90.625,690,11.694915254237289,0,0,0,0,6,2,2,0,19,37,11.2242,3.8541,5237,1111756,89,41,6,0.01564333202972233,0,1.099179,0.10654300000000001,99,7.257000000000001,28.944000000000003,35.581,3,0.019,0.019,0,0,0,0,0,0,
K8_R0.90_T0_H1_N3_U1.6_S8009_CENTRAL_FB_inprocess,8009,8,0.9,0,1,N3,0.75,20.0,1.6,CENTRAL_FB,inprocess,65457ed73b4db31892c422ab68e13c17843c6022c70aeaade153f03f51f5abf9,1289f78e84283497f8cbff2df2b3fad0241a423647e38cef6d124a650dd2bd22,1.03,0,62,54,4,58,4,93.54838709677419,93.4065934065934,93.33333333333333,100.0,93.61702127659575,93.75,708,12.206896551724139,0,0,0,0,6,1,1,0,10,1,8.0078,3.8541,5254,1109650,468,87,60,0.28982725527831094,3,0.850635,0.091777,125,3.139,22.168,36.341,32,0.046,0.381,0,0,0,0,0,0,
K8_R0.90_T0_H1_N3_U1.6_S8009_HYBRID_inprocess,8009,8,0.9,0,1,N3,0.75,20.0,1.6,HYBRID,inprocess,65457ed73b4db31892c422ab68e13c17843c6022c70aeaade153f03f51f5abf9,cac8ee6a5608cd8de3625c227f3dca69ef158a9afce98cbb590768d824a30ece,1.092,0,62,54,4,58,4,93.54838709677419,93.4065934065934,93.33333333333333,100.0,93.61702127659575,93.75,708,12.206896551724139,0,0,0,0,6,1,1,0,10,1,8.0078,3.8541,5254,1109650,468,87,60,0.28982725527831094,3,0.909779,0.100994,125,4.2909999999999995,21.683,35.068000000000005,38,0.062,0.5109999999999999,0,0,0,0,0,0,
K8_R0.90_T0_H1_N1_U2_S8009_CENTRAL_inprocess,8009,8,0.9,0,1,N1,0.98,3.0,2.0,CENTRAL,inprocess,d6300a6bb562233a012e4f2588b88cf7f8da212cf68dfb1944cfb1de1aa1bd23,c2cc59a156338503fa34cd42d79cbaa87a1c94e78a25e07f8d34e2d8690aa792,1.518,0,62,51,4,55,7,88.70967741935483,87.91208791208791,86.66666666666667,75.0,89.36170212765957,87.5,697,12.672727272727272,0,0,0,0,8,8,8,0,71,184,14.0328,3.8282,5740,1157326,107,48,9,0.022949653086639387,0,1.193537,0.11042899999999999,116,8.777999999999999,28.327,44.935,0,0.0,0.0,0,0,0,0,0,0,
K8_R0.90_T0_H1_N1_U2_S8009_CENTRAL_FB_inprocess,8009,8,0.9,0,1,N1,0.98,3.0,2.0,CENTRAL_FB,inprocess,d6300a6bb562233a012e4f2588b88cf7f8da212cf68dfb1944cfb1de1aa1bd23,19f2ccdf1fd207f40f5f0735259655d02fdf3c98e5c31190d2914b04e446c594,1.452,0,62,51,4,55,7,88.70967741935483,87.91208791208791,86.66666666666667,75.0,89.36170212765957,87.5,697,12.672727272727272,0,0,0,0,8,8,8,0,71,184,14.0328,3.8282,5740,1157326,107,48,9,0.022949653086639387,0,1.166846,0.101131,116,7.885,27.872,44.873999999999995,0,0.0,0.0,0,0,0,0,0,0,
K8_R0.90_T0_H1_N3_U2_S8009_CENTRAL_inprocess,8009,8,0.9,0,1,N3,0.75,20.0,2.0,CENTRAL,inprocess,0a1a12c9c82765ba24cc8e41ee7fccfc6568c4c6813550321a849d505f9239ef,0ca4c2683ae667d8281052f7f9fb51cf6b1472298ee3dfb98570b25ea4733852,1.337,0,62,52,3,55,7,88.70967741935483,89.01098901098901,93.33333333333333,75.0,87.23404255319149,87.5,708,12.872727272727273,0,0,0,0,7,6,6,0,56,185,14.6059,3.8282,5782,1158335,525,97,68,0.365531914893617,3,1.091347,0.111688,139,5.011,26.183999999999997,34.913,0,0.0,0.0,0,0,0,0,0,0,
K8_R0.90_T0_H1_N1_U2_S8009_HYBRID_inprocess,8009,8,0.9,0,1,N1,0.98,3.0,2.0,HYBRID,inprocess,d6300a6bb562233a012e4f2588b88cf7f8da212cf68dfb1944cfb1de1aa1bd23,90d9e54e62f3582022f2b369a439f583aa75796c04d9bf88982fb87ef7183a64,1.392,0,62,51,4,55,7,88.70967741935483,87.91208791208791,86.66666666666667,75.0,89.36170212765957,87.5,697,12.672727272727272,0,0,0,0,8,8,8,0,71,184,14.0328,3.8282,5740,1157323,107,48,9,0.022949653086639387,0,1.142658,0.110364,116,7.111,28.212999999999997,36.507999999999996,8,0.032,0.032,0,0,0,0,0,0,
K8_R0.90_T0_H1_N3_U2_S8009_HYBRID_inprocess,8009,8,0.9,0,1,N3,0.75,20.0,2.0,HYBRID,inprocess,0a1a12c9c82765ba24cc8e41ee7fccfc6568c4c6813550321a849d505f9239ef,5de19e21b9656d08dfb23c1998775e389a1bff8ea5b7ac4256655ed8d6ddb695,1.292,0,62,53,4,57,5,91.93548387096774,92.3076923076923,93.33333333333333,75.0,91.48936170212765,90.625,724,12.701754385964913,0,0,0,0,7,6,6,0,56,150,14.6059,3.8282,5982,1176532,543,104,68,0.33592153657539847,3,1.089964,0.104095,153,4.535,20.889000000000003,28.63,41,0.09000000000000001,0.43600000000000005,0,0,0,0,0,0,
K8_R0.90_T0_H1_N3_U2_S8009_CENTRAL_FB_inprocess,8009,8,0.9,0,1,N3,0.75,20.0,2.0,CENTRAL_FB,inprocess,0a1a12c9c82765ba24cc8e41ee7fccfc6568c4c6813550321a849d505f9239ef,c0edab7f940af4a9ac1cddd98963114fba9c3061c0663e7f0f504136e357b035,1.343,0,62,53,4,57,5,91.93548387096774,92.3076923076923,93.33333333333333,75.0,91.48936170212765,90.625,724,12.701754385964913,0,0,0,0,7,6,6,0,56,150,14.6059,3.8282,5982,1176537,543,104,68,0.33592153657539847,3,1.085616,0.12332800000000002,153,4.6690000000000005,21.090999999999998,30.758,34,0.101,0.465,0,0,0,0,0,0,
K8_R0.90_T0_H1_N1_U1_S8010_CENTRAL_inprocess,8010,8,0.9,0,1,N1,0.98,3.0,1.0,CENTRAL,inprocess,17944d972f90fe235c778e67f9d868c3307c721c700fbe6f0f818f6b60361193,ae7fdd9482c794c89bb3d61737ec7bfbeb3f2cd11a056106e2562738e01936c4,1.672,0,62,53,0,53,9,85.48387096774194,90.3225806451613,100.0,100.0,81.63265306122449,83.87096774193549,685,12.924528301886792,0,0,0,0,7,0,0,0,0,0,5.679,3.8768,5340,1121703,108,42,17,0.019946298427311087,0,1.419739,0.091542,106,11.683,30.229,42.647,0,0.0,0.0,0,0,0,0,0,0,
K8_R0.90_T0_H1_N1_U1_S8010_CENTRAL_FB_inprocess,8010,8,0.9,0,1,N1,0.98,3.0,1.0,CENTRAL_FB,inprocess,17944d972f90fe235c778e67f9d868c3307c721c700fbe6f0f818f6b60361193,6aed46e2d8c01a8c5e95c278ef6458bcbdc0f9b998dcfbfcfebfc11b3728e20c,1.775,0,62,53,0,53,9,85.48387096774194,90.3225806451613,100.0,100.0,81.63265306122449,83.87096774193549,685,12.924528301886792,0,0,0,0,7,0,0,0,0,0,5.679,3.8768,5340,1121703,108,42,17,0.019946298427311087,0,1.388402,0.093346,106,10.782,34.185,96.983,0,0.0,0.0,0,0,0,0,0,0,
K8_R0.90_T0_H1_N1_U1_S8010_HYBRID_inprocess,8010,8,0.9,0,1,N1,0.98,3.0,1.0,HYBRID,inprocess,17944d972f90fe235c778e67f9d868c3307c721c700fbe6f0f818f6b60361193,c5b7e7d1836113fe15bc4f71ef17ff89c4f99fea3cc95617cc31e425dd9d23dc,1.501,0,62,53,0,53,9,85.48387096774194,90.3225806451613,100.0,100.0,81.63265306122449,83.87096774193549,685,12.924528301886792,0,0,0,0,7,0,0,0,0,0,5.679,3.8768,5340,1121703,108,42,17,0.019946298427311087,0,1.319509,0.094277,106,9.876,27.227999999999998,32.203,0,0.0,0.0,0,0,0,0,0,0,
K8_R0.90_T0_H1_N3_U1_S8010_CENTRAL_inprocess,8010,8,0.9,0,1,N3,0.75,20.0,1.0,CENTRAL,inprocess,00c041ca2302375b02bbdcd5631640d8f720dd90d977391eafecaabc7fac7eb1,e99e7229c75d6f036dee375ee61d4a526f534d190ac6660859dd80add9a685b0,1.291,0,62,54,0,54,8,87.09677419354838,88.17204301075269,84.61538461538461,75.0,87.75510204081633,90.3225806451613,728,13.481481481481481,0,0,0,0,6,0,0,0,0,0,5.6629,3.9201,5121,1098037,481,76,61,0.3926688425809691,2,1.06265,0.099551,124,6.828,26.14,42.413,0,0.0,0.0,0,0,0,0,0,0,
K8_R0.90_T0_H1_N3_U1_S8010_HYBRID_inprocess,8010,8,0.9,0,1,N3,0.75,20.0,1.0,HYBRID,inprocess,00c041ca2302375b02bbdcd5631640d8f720dd90d977391eafecaabc7fac7eb1,f60d616247e3a306a3e9c80ef1787d647101ba4fc96a7380c4ebbf216a3d4721,1.204,0,62,53,0,53,9,85.48387096774194,87.09677419354838,84.61538461538461,75.0,85.71428571428571,90.3225806451613,710,13.39622641509434,0,0,0,0,6,0,0,0,0,0,5.6629,3.9201,5126,1098217,442,75,61,0.38091679123069255,3,1.005574,0.091491,124,6.106,25.078,38.92,37,0.045000000000000005,0.518,0,0,0,0,0,0,
K8_R0.90_T0_H1_N3_U1_S8010_CENTRAL_FB_inprocess,8010,8,0.9,0,1,N3,0.75,20.0,1.0,CENTRAL_FB,inprocess,00c041ca2302375b02bbdcd5631640d8f720dd90d977391eafecaabc7fac7eb1,7ad5c9bb7cf74f64bf24e15e3c76df4a4a7857fdce74da44ddffce5829985e4e,1.344,0,62,53,0,53,9,85.48387096774194,87.09677419354838,84.61538461538461,75.0,85.71428571428571,90.3225806451613,710,13.39622641509434,0,0,0,0,6,0,0,0,0,0,5.6629,3.9201,5126,1098217,442,75,61,0.38091679123069255,3,1.13719,0.107054,124,7.01,26.272,46.944,37,0.053,0.539,0,0,0,0,0,0,
K8_R0.90_T0_H1_N1_U1.6_S8010_CENTRAL_inprocess,8010,8,0.9,0,1,N1,0.98,3.0,1.6,CENTRAL,inprocess,9d613491a3cdbb5ba54bbf06a6855e2a4b7ce6cabbc99fcd721c29348d0df500,f88211404ef180eaba336adf30153f935d81eaa94f184ee0d95347b726c21637,1.52,0,62,53,0,53,9,85.48387096774194,87.09677419354838,92.3076923076923,75.0,83.6734693877551,83.87096774193549,652,12.30188679245283,0,0,0,0,6,4,4,0,37,33,9.7543,3.8408,5625,1147640,109,52,17,0.03406414205472006,1,1.315844,0.093251,119,7.22,26.318,35.66,0,0.0,0.0,0,1,0,0,0,0,
K8_R0.90_T0_H1_N1_U1.6_S8010_CENTRAL_FB_inprocess,8010,8,0.9,0,1,N1,0.98,3.0,1.6,CENTRAL_FB,inprocess,9d613491a3cdbb5ba54bbf06a6855e2a4b7ce6cabbc99fcd721c29348d0df500,0e22a6d9945d6daa90d6933d7813475a4a2a4222aee01d5c371b74fcb3f43e2a,1.595,0,62,53,0,53,9,85.48387096774194,87.09677419354838,92.3076923076923,75.0,83.6734693877551,83.87096774193549,652,12.30188679245283,0,0,0,0,6,4,4,0,37,33,9.7543,3.8408,5625,1147640,109,52,17,0.03406414205472006,1,1.401709,0.094154,119,7.29,34.431999999999995,41.526,0,0.0,0.0,0,1,0,0,0,0,
K8_R0.90_T0_H1_N1_U1.6_S8010_HYBRID_inprocess,8010,8,0.9,0,1,N1,0.98,3.0,1.6,HYBRID,inprocess,9d613491a3cdbb5ba54bbf06a6855e2a4b7ce6cabbc99fcd721c29348d0df500,ba5b84f59d866f37aaa495ae11f5bc23c1dfa6247ac9f8d83faf976d8364c872,1.721,0,62,53,0,53,9,85.48387096774194,87.09677419354838,92.3076923076923,75.0,83.6734693877551,83.87096774193549,652,12.30188679245283,0,0,0,0,6,4,4,0,37,33,9.7543,3.8408,5625,1147640,109,52,17,0.03406414205472006,1,1.465052,0.096972,119,7.263999999999999,33.635,57.76,5,0.029,0.029,0,1,0,0,0,0,
K8_R0.90_T0_H1_N3_U1.6_S8010_CENTRAL_inprocess,8010,8,0.9,0,1,N3,0.75,20.0,1.6,CENTRAL,inprocess,315ff1f20832bbe8b46c0858fac0af341ecc6553dd8a7df71e0093e043dacf2a,d9464b127fc5969074e200b5da38507debd05eb31b36e2edbc8efa7401c80a72,1.583,0,62,52,0,52,10,83.87096774193549,84.94623655913979,92.3076923076923,100.0,81.63265306122449,77.41935483870968,646,12.423076923076923,0,0,0,0,4,3,3,0,26,41,9.7522,3.8408,5723,1149442,512,102,76,0.5665587918015103,2,1.310451,0.091346,156,6.035,24.389999999999997,68.011,0,0.0,0.0,0,0,0,0,0,0,
K8_R0.90_T0_H1_N3_U1.6_S8010_CENTRAL_FB_inprocess,8010,8,0.9,0,1,N3,0.75,20.0,1.6,CENTRAL_FB,inprocess,315ff1f20832bbe8b46c0858fac0af341ecc6553dd8a7df71e0093e043dacf2a,acb85f3d4d996f6656f3c843e4c0743c9c576b16532bf208d6d366449aca6e9b,1.762,0,62,52,0,52,10,83.87096774193549,84.94623655913979,92.3076923076923,100.0,81.63265306122449,77.41935483870968,643,12.365384615384615,0,0,0,0,3,4,4,0,35,55,9.7522,3.8408,5713,1148156,513,108,76,0.5754757785467128,1,1.526464,0.117597,154,8.368,23.204,33.154,34,0.108,0.49799999999999994,0,0,0,0,0,0,
K8_R0.90_T0_H1_N3_U1.6_S8010_HYBRID_inprocess,8010,8,0.9,0,1,N3,0.75,20.0,1.6,HYBRID,inprocess,315ff1f20832bbe8b46c0858fac0af341ecc6553dd8a7df71e0093e043dacf2a,0f1d8ce16d825d77dc68cea334beac96334df25869ffaa5f0584edde9e9ba105,1.642,0,62,52,0,52,10,83.87096774193549,84.94623655913979,92.3076923076923,100.0,81.63265306122449,77.41935483870968,643,12.365384615384615,0,0,0,0,3,4,4,0,35,55,9.7522,3.8408,5713,1148156,513,108,76,0.5754757785467128,1,1.409204,0.10234499999999999,154,6.441,24.655,31.847,40,0.04,0.496,0,0,0,0,0,0,
K8_R0.90_T0_H1_N1_U2_S8010_CENTRAL_FB_inprocess,8010,8,0.9,0,1,N1,0.98,3.0,2.0,CENTRAL_FB,inprocess,1a3a948ab8c346b1ba659a63f6525a45f6d3c70e5cf26035dd366dee5036c7d1,c50193d184aadea6219c26c1c084d3374095adac5b34159f878fca006ca66f16,1.975,0,62,53,0,53,9,85.48387096774194,90.3225806451613,100.0,100.0,81.63265306122449,87.09677419354838,706,13.320754716981131,0,0,0,0,8,8,8,0,69,191,14.8116,3.8269,6074,1191055,95,62,17,0.030429694031098478,0,1.722622,0.112087,126,10.588999999999999,32.47,42.105999999999995,0,0.0,0.0,0,0,0,0,0,0,
K8_R0.90_T0_H1_N1_U2_S8010_CENTRAL_inprocess,8010,8,0.9,0,1,N1,0.98,3.0,2.0,CENTRAL,inprocess,1a3a948ab8c346b1ba659a63f6525a45f6d3c70e5cf26035dd366dee5036c7d1,0800ded69ef826ca0814aab6d1b81d8bc759600aae99624d5fd154a4426d1382,2.114,0,62,53,0,53,9,85.48387096774194,90.3225806451613,100.0,100.0,81.63265306122449,87.09677419354838,706,13.320754716981131,0,0,0,0,8,8,8,0,69,191,14.8116,3.8269,6074,1191055,95,62,17,0.030429694031098478,0,1.848034,0.11661500000000001,126,11.017000000000001,33.438,46.16,0,0.0,0.0,0,0,0,0,0,0,
K8_R0.90_T0_H1_N3_U2_S8010_CENTRAL_inprocess,8010,8,0.9,0,1,N3,0.75,20.0,2.0,CENTRAL,inprocess,e095662d8101e885b0a0e35b28bdc22360bbf87c547307c062984cf7f8089c85,67e16bb20463143cbc183aa7a9ae527e959ee1a95288f7cceb77ef83b87a69d5,1.159,0,62,50,0,50,12,80.64516129032258,82.79569892473118,92.3076923076923,100.0,77.55102040816327,77.41935483870968,727,14.54,0,0,0,0,6,8,8,0,73,171,14.4137,3.8269,5106,1091006,409,91,75,0.5260273972602739,1,0.956765,0.085606,129,4.447,22.006999999999998,29.437,0,0.0,0.0,0,1,0,0,0,0,
K8_R0.90_T0_H1_N1_U2_S8010_HYBRID_inprocess,8010,8,0.9,0,1,N1,0.98,3.0,2.0,HYBRID,inprocess,1a3a948ab8c346b1ba659a63f6525a45f6d3c70e5cf26035dd366dee5036c7d1,0a1c01091fde18e284e1a83efa89b3a5cedf7e027c05ebbaa701679ee71bbc7e,2.072,0,62,52,0,52,10,83.87096774193549,89.24731182795699,100.0,100.0,79.59183673469387,87.09677419354838,711,13.673076923076923,0,0,0,0,8,8,8,0,69,191,14.8116,3.8269,6071,1189855,107,65,17,0.03130755064456722,0,1.773362,0.114676,128,10.521,32.688,45.414,8,0.04,0.04,0,0,0,0,0,0,
K8_R0.90_T0_H1_N3_U2_S8010_CENTRAL_FB_inprocess,8010,8,0.9,0,1,N3,0.75,20.0,2.0,CENTRAL_FB,inprocess,e095662d8101e885b0a0e35b28bdc22360bbf87c547307c062984cf7f8089c85,06903d053d3eaaaecf73506f18aea614dee54f7b45c9c594ca75e64acba44f94,1.288,0,62,51,0,51,11,82.25806451612904,86.02150537634408,92.3076923076923,100.0,79.59183673469387,83.87096774193549,726,14.235294117647058,0,0,0,0,7,8,8,0,72,205,14.0247,3.8269,5121,1092942,460,80,77,0.5180722891566265,2,1.102044,0.101829,128,4.567,22.918999999999997,27.061999999999998,34,0.136,0.501,0,1,0,0,0,0,
K8_R0.90_T0_H1_N3_U2_S8010_HYBRID_inprocess,8010,8,0.9,0,1,N3,0.75,20.0,2.0,HYBRID,inprocess,e095662d8101e885b0a0e35b28bdc22360bbf87c547307c062984cf7f8089c85,dfe2a8ccb559be65c0633e1adc679a5ec0db086026cf1efd71831532d9858247,1.414,0,62,51,0,51,11,82.25806451612904,86.02150537634408,92.3076923076923,100.0,79.59183673469387,83.87096774193549,726,14.235294117647058,0,0,0,0,7,8,8,0,72,205,14.0247,3.8269,5121,1092937,460,80,77,0.5180722891566265,2,1.216149,0.108371,128,5.705,27.849,40.64,40,0.11900000000000001,0.612,0,1,0,0,0,0,
K8_R0.90_T0_H1_N1_U1_S8011_CENTRAL_inprocess,8011,8,0.9,0,1,N1,0.98,3.0,1.0,CENTRAL,inprocess,261afb03c76919f1799f005aa40a86146629bd80df0832b17d746a0d054587c7,43eb81f3f2c94a0c72fe7a7d207a4bb8703309bb39e3e43634539dfd00141ca0,1.283,0,62,48,1,49,13,79.03225806451613,80.0,78.26086956521739,85.71428571428571,79.48717948717949,91.30434782608695,656,13.387755102040817,0,0,0,0,5,0,0,0,0,0,5.6497,3.8968,5460,1119684,116,55,5,0.014911463187325256,2,1.080081,0.10875,114,9.327,18.884999999999998,25.159000000000002,0,0.0,0.0,0,0,0,0,0,0,
K8_R0.90_T0_H1_N1_U1_S8011_CENTRAL_FB_inprocess,8011,8,0.9,0,1,N1,0.98,3.0,1.0,CENTRAL_FB,inprocess,261afb03c76919f1799f005aa40a86146629bd80df0832b17d746a0d054587c7,f534801c37b7ee6058b71c4c6a93191f75a29c068508f4e12f147803bcac263b,1.232,0,62,48,1,49,13,79.03225806451613,80.0,78.26086956521739,85.71428571428571,79.48717948717949,91.30434782608695,656,13.387755102040817,0,0,0,0,5,0,0,0,0,0,5.6497,3.8968,5460,1119684,116,55,5,0.014911463187325256,2,1.036732,0.10391099999999999,114,8.831,18.069000000000003,28.302,0,0.0,0.0,0,0,0,0,0,0,
K8_R0.90_T0_H1_N1_U1_S8011_HYBRID_inprocess,8011,8,0.9,0,1,N1,0.98,3.0,1.0,HYBRID,inprocess,261afb03c76919f1799f005aa40a86146629bd80df0832b17d746a0d054587c7,f47308cf5420463009218bf1477e448a4a9c24bf34afc1472938a8f04e9ee1a7,1.024,0,62,48,1,49,13,79.03225806451613,80.0,78.26086956521739,85.71428571428571,79.48717948717949,91.30434782608695,656,13.387755102040817,0,0,0,0,5,0,0,0,0,0,5.6497,3.8968,5460,1119684,116,55,5,0.014911463187325256,2,0.868288,0.086952,114,7.245,16.404,26.338,0,0.0,0.0,0,0,0,0,0,0,
K8_R0.90_T0_H1_N3_U1_S8011_CENTRAL_inprocess,8011,8,0.9,0,1,N3,0.75,20.0,1.0,CENTRAL,inprocess,33336b265e7ba7dfa4909acb0cce0ee2bbed15085641c414314fc146064841da,7b6d1a12b391df714feae57f207c1a195aed751cd037bd8e06300e23de2ad882,0.98,0,62,50,1,51,11,82.25806451612904,82.85714285714286,82.6086956521739,85.71428571428571,82.05128205128206,91.30434782608695,665,13.03921568627451,0,0,0,0,5,0,0,0,0,0,5.6677,3.8968,5291,1101769,506,75,42,0.2146559849198869,5,0.781906,0.106428,131,5.453,15.017000000000001,25.298000000000002,0,0.0,0.0,0,0,0,0,0,0,
K8_R0.90_T0_H1_N3_U1_S8011_CENTRAL_FB_inprocess,8011,8,0.9,0,1,N3,0.75,20.0,1.0,CENTRAL_FB,inprocess,33336b265e7ba7dfa4909acb0cce0ee2bbed15085641c414314fc146064841da,3089ac504974f594a72a2d2eef468f50760720650ce8fa593b5f0beb97c58019,1.065,0,62,48,1,49,13,79.03225806451613,82.85714285714286,86.95652173913044,100.0,74.35897435897436,91.30434782608695,738,15.061224489795919,0,0,0,0,7,0,0,0,0,0,5.661,3.8968,5611,1130060,514,88,43,0.2698516579406632,4,0.8483,0.109248,148,5.358,12.692,15.233,22,0.083,0.08600000000000001,0,1,0,0,0,0,
K8_R0.90_T0_H1_N3_U1_S8011_HYBRID_inprocess,8011,8,0.9,0,1,N3,0.75,20.0,1.0,HYBRID,inprocess,33336b265e7ba7dfa4909acb0cce0ee2bbed15085641c414314fc146064841da,9bf34dcc4cc2c941fa8d1bd0a96d6ff8d051d3285aa62854fd39e7a8bb256770,1.149,0,62,48,1,49,13,79.03225806451613,82.85714285714286,86.95652173913044,100.0,74.35897435897436,91.30434782608695,738,15.061224489795919,0,0,0,0,7,0,0,0,0,0,5.661,3.8968,5611,1130060,514,88,43,0.2698516579406632,4,0.93597,0.11076799999999999,148,5.352,15.993,47.503,22,0.09899999999999999,0.127,0,1,0,0,0,0,
K8_R0.90_T0_H1_N1_U1.6_S8011_CENTRAL_inprocess,8011,8,0.9,0,1,N1,0.98,3.0,1.6,CENTRAL,inprocess,2401b4f88014a891b1671077cb1a9992ccbf059afcebbcaef74e46ee397df7e5,3963ba1c0183f59b4268cb3011c71b3fd6d493784b1d87a4ac91e3387e2b8ea9,1.362,0,62,50,1,51,11,82.25806451612904,84.76190476190476,86.95652173913044,100.0,79.48717948717949,91.30434782608695,671,13.156862745098039,0,0,0,0,4,4,4,0,43,90,12.4704,3.8447,5748,1145566,107,54,5,0.01308576480990274,2,1.110678,0.107996,122,8.83,18.911,31.363000000000003,0,0.0,0.0,0,0,0,0,0,0,
K8_R0.90_T0_H1_N1_U1.6_S8011_CENTRAL_FB_inprocess,8011,8,0.9,0,1,N1,0.98,3.0,1.6,CENTRAL_FB,inprocess,2401b4f88014a891b1671077cb1a9992ccbf059afcebbcaef74e46ee397df7e5,29951b17c63b5918ee30c8f2feae848ea8c42b03e2ef72f8f1d5bb14122dbd5d,1.362,0,62,50,1,51,11,82.25806451612904,84.76190476190476,86.95652173913044,100.0,79.48717948717949,91.30434782608695,671,13.156862745098039,0,0,0,0,4,4,4,0,43,90,12.4704,3.8447,5748,1145566,107,54,5,0.01308576480990274,2,1.067186,0.106546,122,8.725,16.965,44.062,0,0.0,0.0,0,0,0,0,0,0,
K8_R0.90_T0_H1_N1_U1.6_S8011_HYBRID_inprocess,8011,8,0.9,0,1,N1,0.98,3.0,1.6,HYBRID,inprocess,2401b4f88014a891b1671077cb1a9992ccbf059afcebbcaef74e46ee397df7e5,69323610f8a7b4c9d21847d6c67ac9f25b65fd6f4b8ba35e981349949b45cd7a,1.32,0,62,50,1,51,11,82.25806451612904,84.76190476190476,86.95652173913044,100.0,79.48717948717949,91.30434782608695,671,13.156862745098039,0,0,0,0,4,4,4,0,43,90,12.4704,3.8447,5748,1145566,107,54,5,0.01308576480990274,2,1.116104,0.10831400000000001,122,9.28,17.854,19.442,5,0.02,0.02,0,0,0,0,0,0,
K8_R0.90_T0_H1_N3_U1.6_S8011_CENTRAL_inprocess,8011,8,0.9,0,1,N3,0.75,20.0,1.6,CENTRAL,inprocess,597e6770eca080b4249ad1a8e97caf56e7c4f5b6e25136ba9dfcb45436ac918e,21eb27e84720cdf1ca926a01d18dd3cefed3f5b95f01ffc6eedc98d8010e16fc,1.061,0,62,47,1,48,14,77.41935483870968,80.95238095238095,82.6086956521739,85.71428571428571,74.35897435897436,78.26086956521739,658,13.708333333333334,0,0,0,0,4,4,4,0,46,52,10.1207,3.8447,5635,1129342,527,103,46,0.2550843790566854,4,0.862262,0.101243,151,5.4910000000000005,12.501999999999999,16.414,0,0.0,0.0,0,0,0,0,0,0,
K8_R0.90_T0_H1_N3_U1.6_S8011_CENTRAL_FB_inprocess,8011,8,0.9,0,1,N3,0.75,20.0,1.6,CENTRAL_FB,inprocess,597e6770eca080b4249ad1a8e97caf56e7c4f5b6e25136ba9dfcb45436ac918e,5f702298ba58f8331593af2627cf45cb1efa3597617a9bfd634a7a335892a765,1.096,0,62,47,1,48,14,77.41935483870968,80.95238095238095,82.6086956521739,85.71428571428571,74.35897435897436,78.26086956521739,658,13.708333333333334,0,0,0,0,4,4,4,0,46,52,10.1207,3.8447,5635,1129369,527,103,46,0.2550843790566854,4,0.904875,0.10061900000000001,151,5.883,13.757,18.092,22,0.091,0.09899999999999999,0,0,0,0,0,0,
K8_R0.90_T0_H1_N3_U1.6_S8011_HYBRID_inprocess,8011,8,0.9,0,1,N3,0.75,20.0,1.6,HYBRID,inprocess,597e6770eca080b4249ad1a8e97caf56e7c4f5b6e25136ba9dfcb45436ac918e,cfaab27806a8e21409ab5e270423c5b1eebd6c8e168f42be1dc5e32d9b5134bb,1.119,0,62,47,1,48,14,77.41935483870968,80.95238095238095,82.6086956521739,85.71428571428571,74.35897435897436,78.26086956521739,658,13.708333333333334,0,0,0,0,4,4,4,0,46,52,10.1207,3.8447,5635,1129369,527,103,46,0.2550843790566854,4,0.931053,0.10647,151,5.614,15.561,19.979,27,0.097,0.102,0,0,0,0,0,0,
K8_R0.90_T0_H1_N1_U2_S8011_CENTRAL_FB_inprocess,8011,8,0.9,0,1,N1,0.98,3.0,2.0,CENTRAL_FB,inprocess,0ea62d2e3f1ad45dc72b3acebdb715fbe4a45cc08df3331e8500b3740f7026c8,53bc42edb63eebd8da8fec147158d8d5aa1cbb2f46884729226d7cdc09efd710,1.024,0,62,50,1,51,11,82.25806451612904,82.85714285714286,86.95652173913044,85.71428571428571,79.48717948717949,91.30434782608695,740,14.509803921568627,0,0,0,0,8,8,8,0,78,173,12.8565,3.8311,5283,1102283,122,54,2,0.011976047904191617,2,0.851508,0.091273,112,6.218,17.842,22.572,0,0.0,0.0,0,0,0,0,0,0,
K8_R0.90_T0_H1_N1_U2_S8011_CENTRAL_inprocess,8011,8,0.9,0,1,N1,0.98,3.0,2.0,CENTRAL,inprocess,0ea62d2e3f1ad45dc72b3acebdb715fbe4a45cc08df3331e8500b3740f7026c8,80b9b19a6bd1d4f96ed035204589f466ba7965ca0574260e1ec2ca2b0fe39211,1.158,0,62,50,1,51,11,82.25806451612904,82.85714285714286,86.95652173913044,85.71428571428571,79.48717948717949,91.30434782608695,740,14.509803921568627,0,0,0,0,8,8,8,0,78,173,12.8565,3.8311,5283,1102283,122,54,2,0.011976047904191617,2,0.939796,0.10433500000000001,112,7.572,17.775,33.346000000000004,0,0.0,0.0,0,0,0,0,0,0,
K8_R0.90_T0_H1_N1_U2_S8011_HYBRID_inprocess,8011,8,0.9,0,1,N1,0.98,3.0,2.0,HYBRID,inprocess,0ea62d2e3f1ad45dc72b3acebdb715fbe4a45cc08df3331e8500b3740f7026c8,14e7352bbec71291905b5cd17a3c39c984fb561842523a5b6a2b5443176cf372,0.908,0,62,50,1,51,11,82.25806451612904,82.85714285714286,86.95652173913044,85.71428571428571,79.48717948717949,91.30434782608695,740,14.509803921568627,0,0,0,0,8,8,8,0,78,173,12.8565,3.8311,5283,1102358,122,54,2,0.011976047904191617,2,0.753114,0.083948,112,5.8950000000000005,13.686,23.085,8,0.022,0.022,0,0,0,0,0,0,
K8_R0.90_T0_H1_N3_U2_S8011_CENTRAL_inprocess,8011,8,0.9,0,1,N3,0.75,20.0,2.0,CENTRAL,inprocess,34b5d37228af4a87422b968c5e4bd7038c05b9a4f4c47a3f6da7695f22bcd817,a8cb498d0d2d5b56545719f728bcb7c54089bbfd8d94be9336a667a64d47b691,0.899,0,62,48,1,49,13,79.03225806451613,79.04761904761905,73.91304347826087,85.71428571428571,82.05128205128206,91.30434782608695,700,14.285714285714286,0,0,0,0,8,8,8,0,77,279,14.671,3.8311,5543,1123654,539,99,46,0.26084041126508717,5,0.726155,0.090974,152,3.782,10.422,18.376,0,0.0,0.0,0,0,0,0,0,0,
K8_R0.90_T0_H1_N3_U2_S8011_HYBRID_inprocess,8011,8,0.9,0,1,N3,0.75,20.0,2.0,HYBRID,inprocess,34b5d37228af4a87422b968c5e4bd7038c05b9a4f4c47a3f6da7695f22bcd817,632ead13bac3ce1a1cfc28fc9f283577a90c6dc1357c9c0fe92344dd7a19858e,0.908,0,62,50,1,51,11,82.25806451612904,84.76190476190476,86.95652173913044,100.0,79.48717948717949,91.30434782608695,720,14.117647058823529,0,0,0,0,8,8,8,0,79,215,14.7432,3.8311,5393,1112000,509,91,46,0.2501718213058419,5,0.707382,0.104019,134,4.9959999999999996,11.605,23.319,28,0.484,2.9299999999999997,0,0,0,0,0,0,
K8_R0.90_T0_H1_N3_U2_S8011_CENTRAL_FB_inprocess,8011,8,0.9,0,1,N3,0.75,20.0,2.0,CENTRAL_FB,inprocess,34b5d37228af4a87422b968c5e4bd7038c05b9a4f4c47a3f6da7695f22bcd817,483e7bb1911ecdfd0419366eebc2a90a5e6a6f6b8378f68a823301f9250f9611,0.937,0,62,50,1,51,11,82.25806451612904,84.76190476190476,86.95652173913044,100.0,79.48717948717949,91.30434782608695,720,14.117647058823529,0,0,0,0,8,8,8,0,79,215,14.7432,3.8311,5393,1112000,509,91,46,0.2501718213058419,5,0.729234,0.11293700000000001,134,4.522,13.485999999999999,18.037000000000003,22,0.769,2.346,0,0,0,0,0,0,
K8_R0.90_T0_H1_N1_U1_S8012_CENTRAL_inprocess,8012,8,0.9,0,1,N1,0.98,3.0,1.0,CENTRAL,inprocess,de435bc550902868b1bdce7ee4d5c34406e24550015629f8d5f6165f39438bfd,d2bfde6dceca6c43e728cfea42c8a66080d54268566f1faf6867fc08a8fab231,1.69,0,62,43,1,44,18,70.96774193548387,72.97297297297297,70.83333333333333,81.81818181818181,71.05263157894737,75.75757575757575,650,14.772727272727273,0,0,0,0,6,0,0,0,0,0,5.68,3.9035,5522,1122617,119,54,7,0.015873015873015872,1,1.47429,0.10743,120,12.690999999999999,20.593,29.805000000000003,0,0.0,0.0,0,1,0,0,0,0,
K8_R0.90_T0_H1_N1_U1_S8012_CENTRAL_FB_inprocess,8012,8,0.9,0,1,N1,0.98,3.0,1.0,CENTRAL_FB,inprocess,de435bc550902868b1bdce7ee4d5c34406e24550015629f8d5f6165f39438bfd,9f6a3f9223afa6f9e213d523d1a8c3abdbfc1873527bfba02c982b2f735d11c6,1.786,0,62,43,1,44,18,70.96774193548387,72.97297297297297,70.83333333333333,81.81818181818181,71.05263157894737,75.75757575757575,650,14.772727272727273,0,0,0,0,6,0,0,0,0,0,5.68,3.9035,5522,1122617,119,54,7,0.015873015873015872,1,1.561387,0.111013,120,13.995000000000001,23.274,27.246,3,0.014,0.014,0,1,0,0,0,0,
K8_R0.90_T0_H1_N1_U1_S8012_HYBRID_inprocess,8012,8,0.9,0,1,N1,0.98,3.0,1.0,HYBRID,inprocess,de435bc550902868b1bdce7ee4d5c34406e24550015629f8d5f6165f39438bfd,f1590ab4fc7cf55597009a54e3dc8116feaf1cf7139e3c7afb421f9070500b70,1.659,0,62,43,1,44,18,70.96774193548387,72.97297297297297,70.83333333333333,81.81818181818181,71.05263157894737,75.75757575757575,650,14.772727272727273,0,0,0,0,6,0,0,0,0,0,5.68,3.9035,5522,1122617,119,54,7,0.015873015873015872,1,1.459078,0.09659000000000001,120,11.613999999999999,23.649,31.89,3,0.013,0.013,0,1,0,0,0,0,
K8_R0.90_T0_H1_N3_U1_S8012_CENTRAL_inprocess,8012,8,0.9,0,1,N3,0.75,20.0,1.0,CENTRAL,inprocess,142ca7dd28d95841f0d4d6d5ee8ff6904b201f55f826fa9946556bd805fee771,8b9f13b4fc914d8a0cd363114a7e4f60bbfc2d383b1dd9e26074291de2d47586,1.569,0,62,42,2,44,18,70.96774193548387,76.57657657657657,79.16666666666667,90.9090909090909,65.78947368421052,66.66666666666667,632,14.363636363636363,0,0,0,0,4,0,0,0,0,0,5.6344,3.9035,5454,1108443,431,101,71,0.40127238454288405,3,1.355007,0.10528599999999999,158,8.31,19.316,26.697,0,0.0,0.0,0,0,0,0,0,0,
K8_R0.90_T0_H1_N3_U1_S8012_HYBRID_inprocess,8012,8,0.9,0,1,N3,0.75,20.0,1.0,HYBRID,inprocess,142ca7dd28d95841f0d4d6d5ee8ff6904b201f55f826fa9946556bd805fee771,da9188c92c8dbb09a34d157471ec2ce1485031dbc42a989278a640df4a99681b,1.396,0,62,42,2,44,18,70.96774193548387,76.57657657657657,79.16666666666667,90.9090909090909,65.78947368421052,66.66666666666667,632,14.363636363636363,0,0,0,0,4,0,0,0,0,0,5.6344,3.9035,5454,1108395,431,101,71,0.40127238454288405,3,1.214756,0.10468300000000001,158,7.271,15.221,17.494,37,0.06899999999999999,0.379,0,0,0,0,0,0,
K8_R0.90_T0_H1_N3_U1_S8012_CENTRAL_FB_inprocess,8012,8,0.9,0,1,N3,0.75,20.0,1.0,CENTRAL_FB,inprocess,142ca7dd28d95841f0d4d6d5ee8ff6904b201f55f826fa9946556bd805fee771,8a6144b80f507ffa2781f282b3dd4676b1595df03ec78826f41b435e1cfe2dc4,1.485,0,62,42,2,44,18,70.96774193548387,76.57657657657657,79.16666666666667,90.9090909090909,65.78947368421052,66.66666666666667,632,14.363636363636363,0,0,0,0,4,0,0,0,0,0,5.6344,3.9035,5454,1108395,431,101,71,0.40127238454288405,3,1.269305,0.106632,158,7.727,18.294999999999998,30.919999999999998,37,0.038,0.5730000000000001,0,0,0,0,0,0,
K8_R0.90_T0_H1_N1_U1.6_S8012_CENTRAL_inprocess,8012,8,0.9,0,1,N1,0.98,3.0,1.6,CENTRAL,inprocess,84bf9b84f246ea66a091efe3228b847b282f02d4f36c09e4e34a174075905bd4,36de6d12ac8398018f575d07bf1eeecad8f62f3c9c5f303b9212b0d97972dbca,1.853,0,62,43,2,45,17,72.58064516129032,76.57657657657657,75.0,90.9090909090909,71.05263157894737,72.72727272727273,655,14.555555555555555,0,0,0,0,7,1,1,0,11,38,12.3325,3.8469,5969,1164192,132,58,7,0.03360910031023785,1,1.665302,0.100101,140,11.651,21.831,30.023999999999997,0,0.0,0.0,0,0,0,0,0,0,
K8_R0.90_T0_H1_N1_U1.6_S8012_CENTRAL_FB_inprocess,8012,8,0.9,0,1,N1,0.98,3.0,1.6,CENTRAL_FB,inprocess,84bf9b84f246ea66a091efe3228b847b282f02d4f36c09e4e34a174075905bd4,9b83b4f5ad656ee08bdf21bb013b99ea6f24f809b599b98b7bd575fe10034a2f,2.086,0,62,43,2,45,17,72.58064516129032,76.57657657657657,75.0,90.9090909090909,71.05263157894737,72.72727272727273,655,14.555555555555555,0,0,0,0,7,1,1,0,11,38,12.3325,3.8469,5969,1164192,132,58,7,0.03360910031023785,1,1.846993,0.111863,140,13.96,22.522000000000002,28.854000000000003,1,0.012,0.012,0,0,0,0,0,0,
K8_R0.90_T0_H1_N3_U1.6_S8012_CENTRAL_inprocess,8012,8,0.9,0,1,N3,0.75,20.0,1.6,CENTRAL,inprocess,d5fb3379247b38c3bd1884532cfb35a363f3e0011f10a44faf34490920ae02c3,bbc67ca941fabd3bc845ff9acb4502006df99751028c4ddc1e95fabc60737b64,1.369,0,62,44,3,47,15,75.80645161290323,81.98198198198199,87.5,100.0,68.42105263157895,78.78787878787878,708,15.063829787234043,0,0,0,0,6,2,2,0,19,46,12.8407,3.8469,5477,1113160,446,89,72,0.43480289246559367,4,1.169073,0.103267,163,6.916,14.501,24.881,0,0.0,0.0,0,0,0,0,0,0,
K8_R0.90_T0_H1_N1_U1.6_S8012_HYBRID_inprocess,8012,8,0.9,0,1,N1,0.98,3.0,1.6,HYBRID,inprocess,84bf9b84f246ea66a091efe3228b847b282f02d4f36c09e4e34a174075905bd4,5319b1dd29d479003b9ac664c763bd89848236baf731e59166eabf50d6326d9d,1.75,0,62,43,2,45,17,72.58064516129032,76.57657657657657,75.0,90.9090909090909,71.05263157894737,72.72727272727273,655,14.555555555555555,0,0,0,0,7,1,1,0,11,38,12.3325,3.8469,5969,1164241,132,58,7,0.03360910031023785,1,1.573451,0.09716200000000001,140,10.939,20.673000000000002,30.011,6,0.019,0.019,0,0,0,0,0,0,
K8_R0.90_T0_H1_N3_U1.6_S8012_HYBRID_inprocess,8012,8,0.9,0,1,N3,0.75,20.0,1.6,HYBRID,inprocess,d5fb3379247b38c3bd1884532cfb35a363f3e0011f10a44faf34490920ae02c3,a872015bd1385328a3ad57a756dd9d90611e96c88e0ccde30e86abe57c7d867e,1.138,0,62,44,2,46,16,74.19354838709677,79.27927927927928,79.16666666666667,100.0,71.05263157894737,78.78787878787878,658,14.304347826086957,0,0,0,0,6,3,3,0,30,53,12.8407,3.8469,5466,1112807,430,94,72,0.42132335749357025,6,0.979916,0.087957,160,5.644,14.335,18.412000000000003,34,0.034999999999999996,0.08399999999999999,0,0,0,0,0,0,
K8_R0.90_T0_H1_N3_U1.6_S8012_CENTRAL_FB_inprocess,8012,8,0.9,0,1,N3,0.75,20.0,1.6,CENTRAL_FB,inprocess,d5fb3379247b38c3bd1884532cfb35a363f3e0011f10a44faf34490920ae02c3,a4fe6b1275737bca74858599f16ffeb57af0b854815669f61de6914c7fbd92e9,1.48,0,62,44,2,46,16,74.19354838709677,79.27927927927928,79.16666666666667,100.0,71.05263157894737,78.78787878787878,658,14.304347826086957,0,0,0,0,6,3,3,0,30,53,12.8407,3.8469,5466,1112807,430,94,72,0.42132335749357025,6,1.276118,0.11012499999999999,160,7.191999999999999,19.755000000000003,25.987,32,0.043000000000000003,0.101,0,0,0,0,0,0,
K8_R0.90_T0_H1_N1_U2_S8012_CENTRAL_inprocess,8012,8,0.9,0,1,N1,0.98,3.0,2.0,CENTRAL,inprocess,9a007e038b126480cc30afbd08bed72f95b62d4ee0cb80bb19829437a3836223,c21ae648f733983743358647cc710cd29e2bb7ca5254d2168b1dd9dc95a57a63,1.633,0,62,45,2,47,15,75.80645161290323,82.88288288288288,91.66666666666667,100.0,65.78947368421052,75.75757575757575,684,14.553191489361701,0,0,0,0,8,7,7,0,64,175,13.4281,3.8332,5749,1141968,114,60,7,0.020032194598461815,0,1.440762,0.104113,135,10.398,22.875,33.83,0,0.0,0.0,0,0,0,0,0,0,
K8_R0.90_T0_H1_N1_U2_S8012_CENTRAL_FB_inprocess,8012,8,0.9,0,1,N1,0.98,3.0,2.0,CENTRAL_FB,inprocess,9a007e038b126480cc30afbd08bed72f95b62d4ee0cb80bb19829437a3836223,e92fc52ce8fae83e6aefa8acb06c8c2dbb4fdc66ebc2811c0e447478ba8a4ce4,1.875,0,62,45,2,47,15,75.80645161290323,82.88288288288288,91.66666666666667,100.0,65.78947368421052,75.75757575757575,684,14.553191489361701,0,0,0,0,8,7,7,0,64,175,13.4281,3.8332,5749,1141968,114,60,7,0.020032194598461815,0,1.611138,0.11352,135,12.106,26.106,39.434999999999995,3,0.017,0.017,0,0,0,0,0,0,
K8_R0.90_T0_H1_N1_U2_S8012_HYBRID_inprocess,8012,8,0.9,0,1,N1,0.98,3.0,2.0,HYBRID,inprocess,9a007e038b126480cc30afbd08bed72f95b62d4ee0cb80bb19829437a3836223,ccc31fe170f0d7a81912e34930e447ab7269f90ec9b63404edb27482aec46c01,1.688,0,62,45,2,47,15,75.80645161290323,82.88288288288288,83.33333333333333,100.0,71.05263157894737,75.75757575757575,723,15.382978723404255,0,0,0,0,8,7,7,0,64,175,13.4281,3.8332,5730,1140193,114,54,7,0.021154535675869487,0,1.492645,0.105679,134,10.429,22.182,29.621000000000002,10,0.044,0.044,0,0,0,0,0,0,
K8_R0.90_T0_H1_N3_U2_S8012_CENTRAL_inprocess,8012,8,0.9,0,1,N3,0.75,20.0,2.0,CENTRAL,inprocess,d4fae9353fdcdaf6365688a370801a2938d81a91fcb501cf0c74fec15f022ac0,a19ad144bf09b9b960fa407d8f4dcbd1bd4517ecfc026f165050eb20c549a920,1.647,0,62,41,2,43,19,69.35483870967742,72.97297297297297,66.66666666666667,81.81818181818181,71.05263157894737,69.6969696969697,639,14.86046511627907,0,0,0,0,5,8,8,0,71,282,16.4002,3.8332,5687,1129421,488,95,71,0.41486972147349505,3,1.430525,0.10603399999999999,163,8.62,17.19,25.258,0,0.0,0.0,0,0,0,0,0,0,
K8_R0.90_T0_H1_N3_U2_S8012_CENTRAL_FB_inprocess,8012,8,0.9,0,1,N3,0.75,20.0,2.0,CENTRAL_FB,inprocess,d4fae9353fdcdaf6365688a370801a2938d81a91fcb501cf0c74fec15f022ac0,4538279d8e91e1bbee68b348eacfa32097c73791791a7154a187613c2bf0cf1c,1.499,0,62,42,2,44,18,70.96774193548387,72.97297297297297,70.83333333333333,72.72727272727273,71.05263157894737,66.66666666666667,677,15.386363636363637,8,8,0,0,7,8,8,0,72,245,15.0279,3.8332,5923,1153614,521,104,72,0.44635284139100934,3,1.314518,0.09721000000000002,164,8.073,18.078,24.323999999999998,32,0.034999999999999996,0.094,0,0,0,0,0,0,
K8_R0.90_T0_H1_N3_U2_S8012_HYBRID_inprocess,8012,8,0.9,0,1,N3,0.75,20.0,2.0,HYBRID,inprocess,d4fae9353fdcdaf6365688a370801a2938d81a91fcb501cf0c74fec15f022ac0,4a0ef34dc28ae3aa0009ebdf027680d7f3b4c2024669b7867ac1553337e134e4,1.771,0,62,42,2,44,18,70.96774193548387,72.97297297297297,70.83333333333333,72.72727272727273,71.05263157894737,69.6969696969697,693,15.75,0,0,0,0,7,8,8,0,72,248,15.0279,3.8332,5875,1148671,499,97,72,0.4356944147228761,3,1.542448,0.119173,161,9.943999999999999,18.141000000000002,30.842000000000002,41,0.045000000000000005,0.104,0,1,0,0,0,0,
K8_R0.90_T0_H1_N1_U1_S8013_CENTRAL_inprocess,8013,8,0.9,0,1,N1,0.98,3.0,1.0,CENTRAL,inprocess,ee8d6aa9af49790f8ffa10a9be1ce0f3b54c7e33ecd5cf0422a922bb81c7ea3c,c1357588c35cb1802e1273c807146024ffb2026a0327147e81a3325e756c61ba,1.283,0,62,51,2,53,9,85.48387096774194,85.4368932038835,75.0,88.88888888888889,90.47619047619048,81.25,653,12.320754716981131,0,0,0,0,7,0,0,0,0,0,5.6849,3.9219,5410,1121631,102,50,15,0.01820250284414107,0,1.099621,0.10468400000000001,111,9.468,18.997,25.627,0,0.0,0.0,0,0,0,0,0,0,
K8_R0.90_T0_H1_N1_U1_S8013_CENTRAL_FB_inprocess,8013,8,0.9,0,1,N1,0.98,3.0,1.0,CENTRAL_FB,inprocess,ee8d6aa9af49790f8ffa10a9be1ce0f3b54c7e33ecd5cf0422a922bb81c7ea3c,00d76901536c2836f6a786759a7fb770adb14675aee32a56b0ad72212ae6e9ad,1.362,0,62,51,2,53,9,85.48387096774194,85.4368932038835,75.0,88.88888888888889,90.47619047619048,81.25,653,12.320754716981131,0,0,0,0,7,0,0,0,0,0,5.6849,3.9219,5410,1121631,102,50,15,0.01820250284414107,0,1.159991,0.102757,111,7.936,27.766,37.398,2,0.013,0.013,0,0,0,0,0,0,
K8_R0.90_T0_H1_N1_U1_S8013_HYBRID_inprocess,8013,8,0.9,0,1,N1,0.98,3.0,1.0,HYBRID,inprocess,ee8d6aa9af49790f8ffa10a9be1ce0f3b54c7e33ecd5cf0422a922bb81c7ea3c,de46897b20cf4f2de409f64c07e1c83ced9ec23762fdf3e5d57f3386a369324e,1.339,0,62,51,2,53,9,85.48387096774194,85.4368932038835,75.0,88.88888888888889,90.47619047619048,81.25,653,12.320754716981131,0,0,0,0,7,0,0,0,0,0,5.6849,3.9219,5410,1121631,102,50,15,0.01820250284414107,0,1.13639,0.10850400000000002,111,8.866000000000001,23.265,31.926999999999996,2,0.013,0.013,0,0,0,0,0,0,
K8_R0.90_T0_H1_N3_U1_S8013_CENTRAL_inprocess,8013,8,0.9,0,1,N3,0.75,20.0,1.0,CENTRAL,inprocess,8ddf31e72c3282868c6bd3839e3d2bc1bf5522a5b7b3affe6da392724d249069,d0e5cf5ee1007a5bb1a5ab3c6fae4f2d5109b910a0cf1ab6336039d26d9ed444,1.112,0,62,49,2,51,11,82.25806451612904,85.4368932038835,80.0,100.0,83.33333333333333,78.125,704,13.803921568627452,0,0,0,0,8,0,0,0,0,0,5.6756,3.9683,5231,1102637,471,105,76,0.3687438665358194,4,0.940761,0.092895,125,4.168,25.545,34.875,0,0.0,0.0,0,1,0,0,0,0,
K8_R0.90_T0_H1_N3_U1_S8013_CENTRAL_FB_inprocess,8013,8,0.9,0,1,N3,0.75,20.0,1.0,CENTRAL_FB,inprocess,8ddf31e72c3282868c6bd3839e3d2bc1bf5522a5b7b3affe6da392724d249069,4a8bb472f8d381598245007ddfb667786b7e502a27a5a581a01058fb1418a180,1.207,0,62,46,2,48,14,77.41935483870968,80.58252427184466,80.0,100.0,76.19047619047619,75.0,702,14.625,0,0,0,0,6,0,0,0,0,0,5.67,3.9683,5309,1107891,462,95,76,0.3814582327378078,2,0.966927,0.10048599999999999,131,4.072,24.924000000000003,27.872999999999998,34,0.041,0.081,0,2,0,0,0,0,
K8_R0.90_T0_H1_N3_U1_S8013_HYBRID_inprocess,8013,8,0.9,0,1,N3,0.75,20.0,1.0,HYBRID,inprocess,8ddf31e72c3282868c6bd3839e3d2bc1bf5522a5b7b3affe6da392724d249069,f0226ce3820fddac1305cce86a530491f2a45824d63629f0e24ca264ef007348,0.996,0,62,46,2,48,14,77.41935483870968,80.58252427184466,80.0,100.0,76.19047619047619,75.0,702,14.625,0,0,0,0,6,0,0,0,0,0,5.67,3.9683,5309,1107891,462,95,76,0.3814582327378078,2,0.823054,0.089001,131,3.666,19.674,23.581999999999997,34,0.058,0.155,0,2,0,0,0,0,
K8_R0.90_T0_H1_N1_U1.6_S8013_CENTRAL_inprocess,8013,8,0.9,0,1,N1,0.98,3.0,1.6,CENTRAL,inprocess,ff38eea5c28282a37a6867e40beeb8f9cd11dff0082d5aa6a056351386866721,122597be560c39c481bce922937c6e4d13a4a9040148df1530f6225691a2ed1e,1.227,0,62,52,2,54,8,87.09677419354838,92.23300970873787,100.0,100.0,80.95238095238095,90.625,625,11.574074074074074,0,0,0,0,6,3,3,0,25,64,12.0178,3.8525,5581,1139587,117,52,15,0.018188498989527836,0,1.060653,0.09040699999999999,105,8.161,23.538,26.593,0,0.0,0.0,0,0,0,0,0,0,
K8_R0.90_T0_H1_N1_U1.6_S8013_CENTRAL_FB_inprocess,8013,8,0.9,0,1,N1,0.98,3.0,1.6,CENTRAL_FB,inprocess,ff38eea5c28282a37a6867e40beeb8f9cd11dff0082d5aa6a056351386866721,a32f56e7bb7701a61342cb873086ba4e311746b2b73ff3644bd60f56bb70f979,1.281,0,62,52,2,54,8,87.09677419354838,92.23300970873787,100.0,100.0,80.95238095238095,90.625,625,11.574074074074074,0,0,0,0,6,3,3,0,25,64,12.0178,3.8525,5581,1139587,117,52,15,0.018188498989527836,0,1.088185,0.099984,105,9.524,22.998,29.583000000000002,2,0.012,0.012,0,0,0,0,0,0,
K8_R0.90_T0_H1_N1_U1.6_S8013_HYBRID_inprocess,8013,8,0.9,0,1,N1,0.98,3.0,1.6,HYBRID,inprocess,ff38eea5c28282a37a6867e40beeb8f9cd11dff0082d5aa6a056351386866721,80799df18dbe98c5234d7d63d2fa46e2f5759b55e572990e95aa2dacc696de74,1.107,0,62,52,2,54,8,87.09677419354838,92.23300970873787,100.0,100.0,80.95238095238095,90.625,625,11.574074074074074,0,0,0,0,6,3,3,0,25,64,12.0178,3.8525,5581,1139587,117,52,15,0.018188498989527836,0,0.951844,0.08878,105,8.02,18.733,24.017,5,0.018000000000000002,0.018000000000000002,0,0,0,0,0,0,
K8_R0.90_T0_H1_N3_U1.6_S8013_CENTRAL_inprocess,8013,8,0.9,0,1,N3,0.75,20.0,1.6,CENTRAL,inprocess,8de276671cf007d0fb1a45b1a7b62b0c184eb56c6a72a9407756aa05d2acd51f,6b9bab468165e2060e5651d0afbb2f041670f10f277b5bc9aedc3782040fe801,1.276,0,62,46,2,48,14,77.41935483870968,76.69902912621359,65.0,66.66666666666667,83.33333333333333,84.375,639,13.3125,0,0,0,0,7,0,0,0,0,0,7.8216,3.8941,5394,1114517,455,78,76,0.4631952662721894,2,1.079053,0.101671,140,5.375,21.497,34.881,0,0.0,0.0,0,0,0,0,0,0,
K8_R0.90_T0_H1_N3_U1.6_S8013_CENTRAL_FB_inprocess,8013,8,0.9,0,1,N3,0.75,20.0,1.6,CENTRAL_FB,inprocess,8de276671cf007d0fb1a45b1a7b62b0c184eb56c6a72a9407756aa05d2acd51f,ddee50ed6c4a7007dd3fe25746692221d677f01f46185e7ccaf179b6ce513f38,1.318,0,62,48,1,49,13,79.03225806451613,79.6116504854369,75.0,77.77777777777777,80.95238095238095,78.125,630,12.857142857142858,0,0,0,0,7,2,2,0,23,17,9.1433,3.8941,5257,1103535,447,74,73,0.41405484818805094,3,1.117859,0.11237200000000001,138,6.045,21.284000000000002,27.490000000000002,33,0.104,3.199,0,0,0,0,0,0,
K8_R0.90_T0_H1_N3_U1.6_S8013_HYBRID_inprocess,8013,8,0.9,0,1,N3,0.75,20.0,1.6,HYBRID,inprocess,8de276671cf007d0fb1a45b1a7b62b0c184eb56c6a72a9407756aa05d2acd51f,ab57a0e40fa1affd5f8cff27439e9080232d92f5d8f26430e3fd767747cc54db,1.276,0,62,48,1,49,13,79.03225806451613,79.6116504854369,75.0,77.77777777777777,80.95238095238095,78.125,630,12.857142857142858,0,0,0,0,7,2,2,0,23,17,9.1433,3.8941,5257,1103535,447,74,73,0.41405484818805094,3,1.090439,0.101318,138,6.184,19.970000000000002,30.532,37,0.1,2.449,0,0,0,0,0,0,
K8_R0.90_T0_H1_N1_U2_S8013_CENTRAL_inprocess,8013,8,0.9,0,1,N1,0.98,3.0,2.0,CENTRAL,inprocess,ee73d1f778cbcb600d9b6a538be4718a37e266b005275107462a07cd3a5ae515,58f43a2cfa9bb54971d28272c293c3c0df00bd38be2b91dd5937287c327eb161,1.627,0,62,50,2,52,10,83.87096774193549,88.3495145631068,90.0,100.0,80.95238095238095,87.5,704,13.538461538461538,0,0,0,0,8,8,8,0,68,170,13.7449,3.8355,5792,1156201,104,76,15,0.020422535211267606,0,1.416871,0.109013,116,11.613999999999999,24.011000000000003,31.188,0,0.0,0.0,0,1,0,0,0,0,
K8_R0.90_T0_H1_N1_U2_S8013_CENTRAL_FB_inprocess,8013,8,0.9,0,1,N1,0.98,3.0,2.0,CENTRAL_FB,inprocess,ee73d1f778cbcb600d9b6a538be4718a37e266b005275107462a07cd3a5ae515,7f0e4e988c5b5b4d38c359ee258e408423f1b1b2803996fe77fad8b535fab3f1,1.809,0,62,50,2,52,10,83.87096774193549,88.3495145631068,90.0,100.0,80.95238095238095,87.5,704,13.538461538461538,0,0,0,0,8,8,8,0,68,170,13.7449,3.8355,5792,1156201,104,76,15,0.020422535211267606,0,1.527744,0.12346199999999999,116,12.658000000000001,28.483,39.926,2,0.02,0.02,0,1,0,0,0,0,
K8_R0.90_T0_H1_N1_U2_S8013_HYBRID_inprocess,8013,8,0.9,0,1,N1,0.98,3.0,2.0,HYBRID,inprocess,ee73d1f778cbcb600d9b6a538be4718a37e266b005275107462a07cd3a5ae515,7dd2dc9034ff079189956d6eac45b802e2ea8984fd11411cd78b1844024dd4f6,1.631,0,62,50,2,52,10,83.87096774193549,88.3495145631068,90.0,100.0,80.95238095238095,87.5,702,13.5,0,0,0,0,8,8,8,0,68,170,13.7449,3.8355,5857,1161646,102,70,15,0.02036908077994429,0,1.42641,0.10549700000000001,121,10.002,25.893,34.403000000000006,10,0.030000000000000002,0.030000000000000002,0,1,0,0,0,0,
K8_R0.90_T0_H1_N3_U2_S8013_CENTRAL_inprocess,8013,8,0.9,0,1,N3,0.75,20.0,2.0,CENTRAL,inprocess,cd7bac56d54a401eaeb3079b975d93262e981e5bf300e7e59afa9a328845ae21,9d1311704c9b413358a45df84edd99a3281e83e7cc019c76885ff1897be0b461,1.532,0,62,49,2,51,11,82.25806451612904,84.46601941747574,80.0,100.0,83.33333333333333,84.375,662,12.980392156862745,0,0,0,0,7,8,8,0,68,247,17.4344,3.8622,5682,1143790,496,86,49,0.42141280353200883,2,1.294735,0.111147,150,5.492999999999999,24.839,31.639,0,0.0,0.0,0,0,0,0,0,0,
K8_R0.90_T0_H1_N3_U2_S8013_CENTRAL_FB_inprocess,8013,8,0.9,0,1,N3,0.75,20.0,2.0,CENTRAL_FB,inprocess,cd7bac56d54a401eaeb3079b975d93262e981e5bf300e7e59afa9a328845ae21,866fc8b3a8b5b23178163086b3c6e604ada84642c1dc63ec8764f74bd513e1f4,1.419,0,62,48,2,50,12,80.64516129032258,84.46601941747574,85.0,88.88888888888889,78.57142857142857,90.625,688,13.76,0,0,0,0,7,8,8,0,66,224,15.8593,3.8622,5450,1123071,479,94,48,0.33208868144690784,3,1.237072,0.107434,137,6.138,23.244,28.866,38,0.11299999999999999,0.441,0,0,0,0,0,0,
K8_R0.90_T0_H1_N3_U2_S8013_HYBRID_inprocess,8013,8,0.9,0,1,N3,0.75,20.0,2.0,HYBRID,inprocess,cd7bac56d54a401eaeb3079b975d93262e981e5bf300e7e59afa9a328845ae21,bf485fa57c228299ec299f67361f9175a2ab3508cad78f7cbf049d0e7d29fc15,1.456,0,62,49,2,51,11,82.25806451612904,88.3495145631068,95.0,100.0,76.19047619047619,90.625,698,13.686274509803921,0,0,0,0,7,8,8,0,66,224,15.8593,3.8622,5414,1118937,482,89,77,0.32139491046182844,3,1.252872,0.11154299999999999,137,5.766,24.938,31.709,43,0.128,0.44499999999999995,0,0,0,0,0,0,
K8_R0.90_T0_H1_N1_U1_S8014_CENTRAL_inprocess,8014,8,0.9,0,1,N1,0.98,3.0,1.0,CENTRAL,inprocess,a8b7038d4c32501b5d6ec7c92ee1aac2e80a7eda9f3767b3713a5f906905bd39,9bc21042bc1f770befd2cf44d6d299d03c68f32a95b7013968f995ea27648a06,1.083,0,62,58,1,59,3,95.16129032258064,97.14285714285714,100.0,100.0,92.6829268292683,88.88888888888889,717,12.152542372881356,0,0,0,0,7,0,0,0,0,0,5.6694,3.8857,5115,1094521,116,67,10,0.01570048309178744,0,0.897371,0.09829199999999999,103,5.365,22.068,24.933,0,0.0,0.0,0,0,0,0,0,0,
K8_R0.90_T0_H1_N1_U1_S8014_CENTRAL_FB_inprocess,8014,8,0.9,0,1,N1,0.98,3.0,1.0,CENTRAL_FB,inprocess,a8b7038d4c32501b5d6ec7c92ee1aac2e80a7eda9f3767b3713a5f906905bd39,49788ef852294a57d2472a327904357bf2440dfefddd968a23d1f5b86874509d,1.068,0,62,58,1,59,3,95.16129032258064,97.14285714285714,100.0,100.0,92.6829268292683,88.88888888888889,717,12.152542372881356,0,0,0,0,7,0,0,0,0,0,5.6694,3.8857,5115,1094521,116,67,10,0.01570048309178744,0,0.882867,0.09706999999999999,103,4.843,21.751,28.562,0,0.0,0.0,0,0,0,0,0,0,
K8_R0.90_T0_H1_N3_U1_S8014_CENTRAL_inprocess,8014,8,0.9,0,1,N3,0.75,20.0,1.0,CENTRAL,inprocess,0ce7050ecf2562a77d6f732aace3f2a14dc4e73fa7cd29566b5eef4ee7896c89,a783b105db0f0189594f1a39b07d035e30ab1c87ac73b8ac22f014a33de62833,0.882,0,62,57,1,58,4,93.54838709677419,93.33333333333333,95.23809523809524,90.9090909090909,92.6829268292683,92.5925925925926,747,12.879310344827585,0,0,0,0,7,0,0,0,0,0,5.6917,3.8857,5161,1097873,425,57,157,0.39340831807481036,5,0.682886,0.10329999999999999,128,4.096,17.691,25.275,0,0.0,0.0,0,1,0,0,0,0,
K8_R0.90_T0_H1_N1_U1_S8014_HYBRID_inprocess,8014,8,0.9,0,1,N1,0.98,3.0,1.0,HYBRID,inprocess,a8b7038d4c32501b5d6ec7c92ee1aac2e80a7eda9f3767b3713a5f906905bd39,dbaac9920b69ba8fc35517b2c8d83cbe038c03d409d541c093b0bb9d7771d858,1.13,0,62,58,1,59,3,95.16129032258064,97.14285714285714,100.0,100.0,92.6829268292683,88.88888888888889,717,12.152542372881356,0,0,0,0,7,0,0,0,0,0,5.6694,3.8857,5115,1094521,116,67,10,0.01570048309178744,0,0.938075,0.104723,103,5.674,21.814,33.021,0,0.0,0.0,0,0,0,0,0,0,
K8_R0.90_T0_H1_N3_U1_S8014_HYBRID_inprocess,8014,8,0.9,0,1,N3,0.75,20.0,1.0,HYBRID,inprocess,0ce7050ecf2562a77d6f732aace3f2a14dc4e73fa7cd29566b5eef4ee7896c89,686f0bffd7f7564e6c38d5635d419ef3ac659043e2b11b2f252b74e5012f9c06,0.744,0,62,55,1,56,6,90.3225806451613,90.47619047619048,90.47619047619048,90.9090909090909,90.2439024390244,81.48148148148148,757,13.517857142857142,0,0,0,0,6,0,0,0,0,0,5.6545,3.8857,4977,1079977,357,65,143,0.3506953913280611,3,0.56918,0.09796200000000001,126,3.137,13.355,28.483999999999998,51,0.38499999999999995,2.316,0,2,0,0,0,0,
K8_R0.90_T0_H1_N3_U1_S8014_CENTRAL_FB_inprocess,8014,8,0.9,0,1,N3,0.75,20.0,1.0,CENTRAL_FB,inprocess,0ce7050ecf2562a77d6f732aace3f2a14dc4e73fa7cd29566b5eef4ee7896c89,4e1c888c19a068d9f1b288be75980b7f2a899f7beb886fc18724923a7fbbdc96,0.862,0,62,55,1,56,6,90.3225806451613,90.47619047619048,90.47619047619048,90.9090909090909,90.2439024390244,81.48148148148148,757,13.517857142857142,0,0,0,0,6,0,0,0,0,0,5.6545,3.8857,4977,1079977,357,65,143,0.3506953913280611,3,0.663428,0.11320600000000001,126,3.503,16.16,26.283,51,0.5680000000000001,3.1519999999999997,0,2,0,0,0,0,
K8_R0.90_T0_H1_N1_U1.6_S8014_CENTRAL_inprocess,8014,8,0.9,0,1,N1,0.98,3.0,1.6,CENTRAL,inprocess,08909caa8557cf228e06852eb4f212e448b4cb2acd61547ddeff2babf20d94ce,56ab45859eeb975c08a33c82f309ee7ae13208f3d562560a41ccee2e81e49d3a,1.219,0,62,53,1,54,8,87.09677419354838,86.66666666666667,80.95238095238095,90.9090909090909,90.2439024390244,77.77777777777777,730,13.518518518518519,0,0,0,0,5,2,2,0,22,29,9.8131,3.8467,5473,1121411,102,45,10,0.023029395244336268,0,1.019714,0.09913,120,5.962000000000001,24.125,30.737000000000002,0,0.0,0.0,0,0,0,0,0,0,
K8_R0.90_T0_H1_N1_U1.6_S8014_CENTRAL_FB_inprocess,8014,8,0.9,0,1,N1,0.98,3.0,1.6,CENTRAL_FB,inprocess,08909caa8557cf228e06852eb4f212e448b4cb2acd61547ddeff2babf20d94ce,59eab37b534087c0a1f0d6f952f66d043ef6ddad3234c365209836cf81858647,1.307,0,62,53,1,54,8,87.09677419354838,86.66666666666667,80.95238095238095,90.9090909090909,90.2439024390244,77.77777777777777,730,13.518518518518519,0,0,0,0,5,2,2,0,22,29,9.8131,3.8467,5473,1121411,102,45,10,0.023029395244336268,0,1.084312,0.10974099999999999,120,5.859,24.259,31.63,0,0.0,0.0,0,0,0,0,0,0,
K8_R0.90_T0_H1_N3_U1.6_S8014_CENTRAL_inprocess,8014,8,0.9,0,1,N3,0.75,20.0,1.6,CENTRAL,inprocess,7363f541534caa472a797a974c2b26570b91aca4add2380d4df050e995df0ff6,d5f02262eeefb4480d4249cff695573ff168dabb8647eb283317faece9ca406b,0.887,0,62,53,1,54,8,87.09677419354838,89.52380952380952,95.23809523809524,90.9090909090909,82.92682926829268,85.18518518518519,687,12.722222222222221,0,0,0,0,5,3,3,0,30,14,8.9104,3.8467,4935,1070913,386,62,155,0.33952843273231625,3,0.693902,0.10737300000000001,116,3.525,18.602,26.289,0,0.0,0.0,0,0,0,0,0,0,
K8_R0.90_T0_H1_N1_U1.6_S8014_HYBRID_inprocess,8014,8,0.9,0,1,N1,0.98,3.0,1.6,HYBRID,inprocess,08909caa8557cf228e06852eb4f212e448b4cb2acd61547ddeff2babf20d94ce,713a8c5a7ce94b27ff63fc530f5546b95503d60cb506f460bc163af480cca915,1.14,0,62,53,1,54,8,87.09677419354838,86.66666666666667,80.95238095238095,90.9090909090909,90.2439024390244,77.77777777777777,730,13.518518518518519,0,0,0,0,5,2,2,0,22,29,9.8131,3.8467,5473,1121411,102,45,10,0.023029395244336268,0,0.953065,0.098278,120,5.793,18.93,25.946,5,0.030000000000000002,0.030000000000000002,0,0,0,0,0,0,
K8_R0.90_T0_H1_N3_U1.6_S8014_HYBRID_inprocess,8014,8,0.9,0,1,N3,0.75,20.0,1.6,HYBRID,inprocess,7363f541534caa472a797a974c2b26570b91aca4add2380d4df050e995df0ff6,c1e01cd9cfd355e5e5203d79ee2a3971ee4ac43cc326a096ffa2e0b55c61854e,0.741,0,62,53,1,54,8,87.09677419354838,89.52380952380952,95.23809523809524,90.9090909090909,82.92682926829268,85.18518518518519,687,12.722222222222221,0,0,0,0,5,3,3,0,30,14,8.9104,3.8467,4935,1070868,386,62,155,0.33952843273231625,3,0.574862,0.090196,116,3.093,16.53,23.473999999999997,51,0.098,0.397,0,0,0,0,0,0,
K8_R0.90_T0_H1_N3_U1.6_S8014_CENTRAL_FB_inprocess,8014,8,0.9,0,1,N3,0.75,20.0,1.6,CENTRAL_FB,inprocess,7363f541534caa472a797a974c2b26570b91aca4add2380d4df050e995df0ff6,d4d7a034022f720ed3fb926e9f8558ef34a7260d44df9c31009194f56e541728,0.875,0,62,53,1,54,8,87.09677419354838,89.52380952380952,95.23809523809524,90.9090909090909,82.92682926829268,85.18518518518519,687,12.722222222222221,0,0,0,0,5,3,3,0,30,14,8.9104,3.8467,4935,1070868,386,62,155,0.33952843273231625,3,0.694633,0.101651,116,3.404,21.82,28.802999999999997,48,0.149,0.5469999999999999,0,0,0,0,0,0,
K8_R0.90_T0_H1_N1_U2_S8014_CENTRAL_inprocess,8014,8,0.9,0,1,N1,0.98,3.0,2.0,CENTRAL,inprocess,87c8ae53c8239b34fabb4fe16a68dc46454f9bba71d84bf9f5c7d8eddae08dab,dda030f9492fc6674060c2a2a5e0f316d441106b34f2272a2f00ab57e9566a88,1.04,0,62,54,1,55,7,88.70967741935483,92.38095238095238,95.23809523809524,100.0,85.36585365853658,85.18518518518519,816,14.836363636363636,0,0,0,0,7,7,7,0,69,220,14.951,3.8332,5400,1115282,120,39,10,0.022441993153290225,0,0.858941,0.093402,116,4.745,18.924,25.523,0,0.0,0.0,0,0,0,0,0,0,
K8_R0.90_T0_H1_N1_U2_S8014_CENTRAL_FB_inprocess,8014,8,0.9,0,1,N1,0.98,3.0,2.0,CENTRAL_FB,inprocess,87c8ae53c8239b34fabb4fe16a68dc46454f9bba71d84bf9f5c7d8eddae08dab,ef2dad08d52cd26ac6c9eb64ed96e1ac442882b01a938c3a8a6b8d2a720b73b3,1.123,0,62,54,1,55,7,88.70967741935483,92.38095238095238,95.23809523809524,100.0,85.36585365853658,85.18518518518519,816,14.836363636363636,0,0,0,0,7,7,7,0,69,220,14.951,3.8332,5400,1115282,120,39,10,0.022441993153290225,0,0.924915,0.10670600000000002,116,5.734999999999999,19.349999999999998,24.801,0,0.0,0.0,0,0,0,0,0,0,
K8_R0.90_T0_H1_N3_U2_S8014_CENTRAL_inprocess,8014,8,0.9,0,1,N3,0.75,20.0,2.0,CENTRAL,inprocess,179b46f241d1da5490612964ae33a4ead1943769d8df19b933eb924d8d2c4ebf,c30186764ce4acb054cb8d4d3758729cd8b20a692fcd1dfd89cfb364b3290edc,0.747,0,62,55,1,56,6,90.3225806451613,90.47619047619048,90.47619047619048,90.9090909090909,90.2439024390244,92.5925925925926,746,13.321428571428571,0,0,0,0,7,8,8,0,72,255,13.799,3.8332,5044,1084564,459,74,142,0.28980805623141387,3,0.553668,0.09384,125,2.544,15.049,26.939,0,0.0,0.0,0,0,0,0,0,0,
K8_R0.90_T0_H1_N1_U2_S8014_HYBRID_inprocess,8014,8,0.9,0,1,N1,0.98,3.0,2.0,HYBRID,inprocess,87c8ae53c8239b34fabb4fe16a68dc46454f9bba71d84bf9f5c7d8eddae08dab,79e6a4c76e8538434271d45e590557d42d40bd07dcd667841e276b7b0ea4df21,0.973,0,62,54,1,55,7,88.70967741935483,92.38095238095238,95.23809523809524,100.0,85.36585365853658,85.18518518518519,816,14.836363636363636,0,0,0,0,7,7,7,0,69,220,14.951,3.8332,5400,1115276,120,39,10,0.022441993153290225,0,0.789694,0.095557,116,5.269,16.332,19.84,8,0.030000000000000002,0.030000000000000002,0,0,0,0,0,0,
K8_R0.90_T0_H1_N3_U2_S8014_CENTRAL_FB_inprocess,8014,8,0.9,0,1,N3,0.75,20.0,2.0,CENTRAL_FB,inprocess,179b46f241d1da5490612964ae33a4ead1943769d8df19b933eb924d8d2c4ebf,c36affeff878e8ab7c438756c954b20cbeb0e537fda9f39b0b56ef392c2b074c,0.826,0,62,55,1,56,6,90.3225806451613,90.47619047619048,90.47619047619048,90.9090909090909,90.2439024390244,92.5925925925926,746,13.321428571428571,0,0,0,0,7,8,8,0,72,255,13.799,3.8332,5044,1084573,459,74,142,0.28980805623141387,3,0.628246,0.109285,125,2.855,17.136,19.668000000000003,45,0.43600000000000005,3.104,0,0,0,0,0,0,
K8_R0.90_T0_H1_N3_U2_S8014_HYBRID_inprocess,8014,8,0.9,0,1,N3,0.75,20.0,2.0,HYBRID,inprocess,179b46f241d1da5490612964ae33a4ead1943769d8df19b933eb924d8d2c4ebf,36631fd93dc9470d5d0b4fbcbda42c55d0fe688d2d29027b6bf420fc03dfb0cd,0.899,0,62,55,1,56,6,90.3225806451613,90.47619047619048,90.47619047619048,90.9090909090909,90.2439024390244,92.5925925925926,746,13.321428571428571,0,0,0,0,7,8,8,0,72,255,13.799,3.8332,5044,1084573,459,74,142,0.28980805623141387,3,0.668888,0.12819,125,3.133,17.062,25.225,51,0.438,3.108,0,0,0,0,0,0,
K8_R0.90_T0_H1_N1_U1_S8015_CENTRAL_FB_inprocess,8015,8,0.9,0,1,N1,0.98,3.0,1.0,CENTRAL_FB,inprocess,5592dd554abaf2ad729f40da4e0d0c41b9c9138d72f6e32240333c4a7f02f34f,9f3c67d3069752e0fe27178e8265be5101d5511c6ed8917b94e2365095ed00a5,1.367,0,62,51,0,51,11,82.25806451612904,88.07339449541284,95.23809523809524,100.0,75.60975609756098,81.48148148148148,797,15.627450980392156,0,0,0,0,7,0,0,0,0,0,5.6437,3.8921,6082,1179082,113,44,6,0.029347276100522852,1,1.166554,0.09806000000000001,139,6.958,21.732000000000003,30.032,1,0.011,0.011,0,0,0,0,0,0,
K8_R0.90_T0_H1_N1_U1_S8015_CENTRAL_inprocess,8015,8,0.9,0,1,N1,0.98,3.0,1.0,CENTRAL,inprocess,5592dd554abaf2ad729f40da4e0d0c41b9c9138d72f6e32240333c4a7f02f34f,9c8e06e7754815b0722734e3072dcb8ea1c534a8dc2122e5a3fcfd5d45e73823,1.521,0,62,51,0,51,11,82.25806451612904,88.07339449541284,95.23809523809524,100.0,75.60975609756098,81.48148148148148,797,15.627450980392156,0,0,0,0,7,0,0,0,0,0,5.6437,3.8921,6082,1179082,113,44,6,0.029347276100522852,1,1.309857,0.105752,139,8.247000000000002,23.462,28.42,0,0.0,0.0,0,0,0,0,0,0,
K8_R0.90_T0_H1_N3_U1_S8015_CENTRAL_inprocess,8015,8,0.9,0,1,N3,0.75,20.0,1.0,CENTRAL,inprocess,e07e02186eef233b176d2804e76fc1856c782483a3166c864194c687d51da47a,6aaa3fe7738f78a29b66343f8dcbd0862608e90e2f4201ffb7c4ef8e6dc5a539,1.267,0,62,51,0,51,11,82.25806451612904,85.3211009174312,90.47619047619048,92.85714285714286,78.04878048780488,77.77777777777777,742,14.549019607843137,0,0,0,0,4,0,0,0,0,0,5.6433,3.8921,6146,1183398,575,97,53,0.2944869531096724,6,1.060751,0.10683300000000001,170,5.503,14.311,26.215,0,0.0,0.0,0,1,0,0,0,0,
K8_R0.90_T0_H1_N1_U1_S8015_HYBRID_inprocess,8015,8,0.9,0,1,N1,0.98,3.0,1.0,HYBRID,inprocess,5592dd554abaf2ad729f40da4e0d0c41b9c9138d72f6e32240333c4a7f02f34f,14bcc922726e593c6151c75cc8a963b02c817bdd70e571a39e134f3b12f1df3d,1.572,0,62,51,0,51,11,82.25806451612904,88.07339449541284,95.23809523809524,100.0,75.60975609756098,81.48148148148148,797,15.627450980392156,0,0,0,0,7,0,0,0,0,0,5.6437,3.8921,6082,1179082,113,44,6,0.029347276100522852,1,1.340251,0.11734000000000001,139,9.612,19.414,22.412000000000003,1,0.012,0.012,0,0,0,0,0,0,
K8_R0.90_T0_H1_N3_U1_S8015_CENTRAL_FB_inprocess,8015,8,0.9,0,1,N3,0.75,20.0,1.0,CENTRAL_FB,inprocess,e07e02186eef233b176d2804e76fc1856c782483a3166c864194c687d51da47a,895cbd2003fb1e31028fc0fe13a9418c297661cec4429e2dabfb662bb0b3ba58,1.381,0,62,51,0,51,11,82.25806451612904,85.3211009174312,90.47619047619048,92.85714285714286,78.04878048780488,77.77777777777777,742,14.549019607843137,0,0,0,0,4,0,0,0,0,0,5.6433,3.8921,6146,1183410,575,97,53,0.2944869531096724,6,1.159334,0.115279,170,5.919,16.330000000000002,29.848,30,0.111,2.869,0,1,0,0,0,0,
K8_R0.90_T0_H1_N3_U1_S8015_HYBRID_inprocess,8015,8,0.9,0,1,N3,0.75,20.0,1.0,HYBRID,inprocess,e07e02186eef233b176d2804e76fc1856c782483a3166c864194c687d51da47a,713c16d1f6494187e6c100384771415554d668e25760c80ddf3155b4079d8039,1.404,0,62,51,0,51,11,82.25806451612904,85.3211009174312,90.47619047619048,92.85714285714286,78.04878048780488,77.77777777777777,742,14.549019607843137,0,0,0,0,4,0,0,0,0,0,5.6433,3.8921,6146,1183410,575,97,53,0.2944869531096724,6,1.18963,0.119924,170,6.047000000000001,17.261,24.575,30,0.114,3.091,0,1,0,0,0,0,
K8_R0.90_T0_H1_N1_U1.6_S8015_CENTRAL_inprocess,8015,8,0.9,0,1,N1,0.98,3.0,1.6,CENTRAL,inprocess,0d9dd78f5f0fb1839f3cecba12e1adb31caef6556eaca2079a089202b8afb5d3,85602fc4f5458ae8787de8e216a1a4946ef63e4350cacb328c3cdaa1ad696e6d,1.261,0,62,55,0,55,7,88.70967741935483,91.74311926605505,95.23809523809524,92.85714285714286,85.36585365853658,85.18518518518519,750,13.636363636363637,0,0,0,0,7,1,1,0,9,5,8.5828,3.8427,5668,1143686,118,68,5,0.019978205593897565,1,1.043166,0.104911,116,6.329000000000001,23.720000000000002,32.807,0,0.0,0.0,0,0,0,0,0,0,
K8_R0.90_T0_H1_N1_U1.6_S8015_CENTRAL_FB_inprocess,8015,8,0.9,0,1,N1,0.98,3.0,1.6,CENTRAL_FB,inprocess,0d9dd78f5f0fb1839f3cecba12e1adb31caef6556eaca2079a089202b8afb5d3,b0eaad918b8e27f44533bd6d9db1e5d42271bc0a5d224111c40d21d11a6b184a,1.159,0,62,55,0,55,7,88.70967741935483,91.74311926605505,95.23809523809524,92.85714285714286,85.36585365853658,85.18518518518519,750,13.636363636363637,0,0,0,0,7,1,1,0,9,5,8.5828,3.8427,5668,1143686,118,68,5,0.019978205593897565,1,0.98636,0.09542500000000001,116,5.854,22.253999999999998,29.599,1,0.011,0.011,0,0,0,0,0,0,
K8_R0.90_T0_H1_N3_U1.6_S8015_CENTRAL_inprocess,8015,8,0.9,0,1,N3,0.75,20.0,1.6,CENTRAL,inprocess,b0f60e80a24f7e1e69e2f7790ff604bddc832fd889c35a984e712d8c706cf4ac,61dde81b0041da923bddefa9410ba86d6826e00138e40f9fe737e806fe4f4eb1,0.974,0,62,54,0,54,8,87.09677419354838,91.74311926605505,100.0,100.0,80.48780487804878,85.18518518518519,731,13.537037037037036,0,0,0,0,5,3,3,0,29,46,10.8355,3.8427,5353,1109817,457,84,53,0.22121843873059996,4,0.807889,0.09372899999999999,138,4.5409999999999995,16.240000000000002,23.979,0,0.0,0.0,0,0,0,0,0,0,
K8_R0.90_T0_H1_N1_U1.6_S8015_HYBRID_inprocess,8015,8,0.9,0,1,N1,0.98,3.0,1.6,HYBRID,inprocess,0d9dd78f5f0fb1839f3cecba12e1adb31caef6556eaca2079a089202b8afb5d3,4f6d5a1cfc9336a75ab19cc954103ac8e4af474733536a93c8b93b1161c6e67e,1.327,0,62,55,0,55,7,88.70967741935483,91.74311926605505,95.23809523809524,92.85714285714286,85.36585365853658,85.18518518518519,750,13.636363636363637,0,0,0,0,7,1,1,0,9,5,8.5828,3.8427,5668,1143686,118,68,5,0.019978205593897565,1,1.109429,0.11748,116,7.656,22.603,30.362000000000002,4,0.041,0.041,0,0,0,0,0,0,
K8_R0.90_T0_H1_N3_U1.6_S8015_CENTRAL_FB_inprocess,8015,8,0.9,0,1,N3,0.75,20.0,1.6,CENTRAL_FB,inprocess,b0f60e80a24f7e1e69e2f7790ff604bddc832fd889c35a984e712d8c706cf4ac,bcbbd7c8dd63e70db656266ffbfbee9ea3848ded90445ff69e08525fa0416c29,1.146,0,62,54,0,54,8,87.09677419354838,91.74311926605505,100.0,100.0,80.48780487804878,85.18518518518519,731,13.537037037037036,0,0,0,0,5,3,3,0,29,46,10.8355,3.8427,5353,1109823,457,84,53,0.22121843873059996,4,0.914096,0.103856,138,5.084,19.157,33.47,31,0.093,0.562,0,0,0,0,0,0,
K8_R0.90_T0_H1_N3_U1.6_S8015_HYBRID_inprocess,8015,8,0.9,0,1,N3,0.75,20.0,1.6,HYBRID,inprocess,b0f60e80a24f7e1e69e2f7790ff604bddc832fd889c35a984e712d8c706cf4ac,a87afb5e903045c34ae5e8544bd355ab3aa2dc81436facdbba19bde180519ad0,1.245,0,62,54,0,54,8,87.09677419354838,91.74311926605505,100.0,100.0,80.48780487804878,85.18518518518519,731,13.537037037037036,0,0,0,0,5,3,3,0,29,46,10.8355,3.8427,5353,1109823,457,84,53,0.22121843873059996,4,0.944357,0.10698500000000001,138,5.233,19.847,92.579,35,0.107,0.494,0,0,0,0,0,0,
K8_R0.90_T0_H1_N1_U2_S8015_CENTRAL_inprocess,8015,8,0.9,0,1,N1,0.98,3.0,2.0,CENTRAL,inprocess,c6d47981fecfc3720f71eb9c48e905311cc6e901d28cc033c4da87d3f4689d07,f794f5e60ba221e68652dab71db6aa834bd6c387d631c6d850977a22fe468f99,0.921,0,62,54,0,54,8,87.09677419354838,91.74311926605505,100.0,100.0,80.48780487804878,88.88888888888889,781,14.462962962962964,0,0,0,0,8,8,8,0,76,144,14.3893,3.8311,5291,1106211,104,53,5,0.016793595000976373,1,0.766744,0.087176,108,6.103,17.163999999999998,21.906,0,0.0,0.0,0,0,0,0,0,0,
K8_R0.90_T0_H1_N1_U2_S8015_CENTRAL_FB_inprocess,8015,8,0.9,0,1,N1,0.98,3.0,2.0,CENTRAL_FB,inprocess,c6d47981fecfc3720f71eb9c48e905311cc6e901d28cc033c4da87d3f4689d07,8f2d7b67d1f92f1b257fb8496fb480a62e6c38f2226f280de93f0ca320119ee4,1.064,0,62,54,0,54,8,87.09677419354838,91.74311926605505,100.0,100.0,80.48780487804878,88.88888888888889,781,14.462962962962964,0,0,0,0,8,8,8,0,76,144,14.3893,3.8311,5291,1106211,104,53,5,0.016793595000976373,1,0.860966,0.10137,108,7.507,17.593,22.811,1,0.012,0.012,0,0,0,0,0,0,
K8_R0.90_T0_H1_N1_U2_S8015_HYBRID_inprocess,8015,8,0.9,0,1,N1,0.98,3.0,2.0,HYBRID,inprocess,c6d47981fecfc3720f71eb9c48e905311cc6e901d28cc033c4da87d3f4689d07,57cd127f13fd6bb978f8c38dd9cf9639f84bfba8f55904d984f63e6a829ef10f,0.991,0,62,54,0,54,8,87.09677419354838,91.74311926605505,100.0,100.0,80.48780487804878,88.88888888888889,781,14.462962962962964,0,0,0,0,8,8,8,0,76,144,14.3893,3.8311,5291,1106211,104,53,5,0.016793595000976373,1,0.810308,0.09631599999999998,108,7.392,14.822000000000001,19.665,9,0.027,0.027,0,0,0,0,0,0,
K8_R0.90_T0_H1_N3_U2_S8015_CENTRAL_inprocess,8015,8,0.9,0,1,N3,0.75,20.0,2.0,CENTRAL,inprocess,9fb9d97012fce8e8318b81b92907b920c017b3ccd4a445cbcf5ab88616c00f46,579066f362c9390e8c9998401ff3320cdc40d3164a10043624f778f04d037f11,1.113,0,62,54,0,54,8,87.09677419354838,85.3211009174312,80.95238095238095,78.57142857142857,90.2439024390244,85.18518518518519,752,13.925925925925926,0,0,0,0,8,8,8,0,73,184,14.0421,3.8311,5652,1137866,514,87,53,0.3312432432432432,4,0.902768,0.106651,153,3.413,18.001,25.373,0,0.0,0.0,0,1,0,0,0,0,
K8_R0.90_T0_H1_N3_U2_S8015_CENTRAL_FB_inprocess,8015,8,0.9,0,1,N3,0.75,20.0,2.0,CENTRAL_FB,inprocess,9fb9d97012fce8e8318b81b92907b920c017b3ccd4a445cbcf5ab88616c00f46,f3c9835159428d9d3ff6813f925431ed606bdd3a9d33e5c10b732b74debf91fd,1.125,0,62,54,0,54,8,87.09677419354838,85.3211009174312,80.95238095238095,78.57142857142857,90.2439024390244,85.18518518518519,752,13.925925925925926,0,0,0,0,8,8,8,0,73,184,14.0421,3.8311,5652,1137826,514,87,53,0.3312432432432432,4,0.918811,0.11232999999999999,153,3.6229999999999998,15.852000000000002,26.166999999999998,27,0.103,2.863,0,1,0,0,0,0,
K8_R0.90_T0_H1_N3_U2_S8015_HYBRID_inprocess,8015,8,0.9,0,1,N3,0.75,20.0,2.0,HYBRID,inprocess,9fb9d97012fce8e8318b81b92907b920c017b3ccd4a445cbcf5ab88616c00f46,0813406a9dc29febe426bd35731b37e22e8ae47ce32f01b3978ac0dc58cdf3ec,1.106,0,62,54,0,54,8,87.09677419354838,88.07339449541284,90.47619047619048,85.71428571428571,85.36585365853658,88.88888888888889,785,14.537037037037036,0,0,0,0,8,8,8,0,73,184,14.0421,3.8311,5512,1125052,480,92,54,0.3651111111111111,3,0.903839,0.104847,144,4.917000000000001,17.533,28.675,33,0.032,3.2720000000000002,0,1,0,0,0,0,
K8_R0.90_T0_H1_N1_U1_S8016_CENTRAL_inprocess,8016,8,0.9,0,1,N1,0.98,3.0,1.0,CENTRAL,inprocess,ac59925876541437e1768f4aa11e1f41c6b4334dd8ff4b09117fecb466d91982,d1edf71435b7016afa136797fe7e92ab11e359142295f7019207f9cab805c829,0.824,0,62,56,0,56,6,90.3225806451613,93.0,93.33333333333333,100.0,89.36170212765957,90.625,668,11.928571428571429,0,0,0,0,8,0,0,0,0,0,5.6625,3.915,4976,1081640,73,41,5,0.01466336224700537,0,0.646641,0.094417,94,5.835,15.486,39.874,0,0.0,0.0,0,1,0,0,0,0,
K8_R0.90_T0_H1_N1_U1_S8016_CENTRAL_FB_inprocess,8016,8,0.9,0,1,N1,0.98,3.0,1.0,CENTRAL_FB,inprocess,ac59925876541437e1768f4aa11e1f41c6b4334dd8ff4b09117fecb466d91982,e7d026fec788a3003e466b21981b14a0324c071db61f7704d6ddf079e8df5487,0.772,0,62,56,0,56,6,90.3225806451613,93.0,93.33333333333333,100.0,89.36170212765957,90.625,668,11.928571428571429,0,0,0,0,8,0,0,0,0,0,5.6625,3.915,4976,1081640,73,41,5,0.01466336224700537,0,0.586544,0.090239,94,5.799,13.563,26.989,1,0.012,0.012,0,1,0,0,0,0,
K8_R0.90_T0_H1_N1_U1_S8016_HYBRID_inprocess,8016,8,0.9,0,1,N1,0.98,3.0,1.0,HYBRID,inprocess,ac59925876541437e1768f4aa11e1f41c6b4334dd8ff4b09117fecb466d91982,9e41a4f0cf28e24144e915bb7bcb4e68174d39d59e19eb2cd97cfa49999915f9,0.744,0,62,56,0,56,6,90.3225806451613,93.0,93.33333333333333,100.0,89.36170212765957,90.625,668,11.928571428571429,0,0,0,0,8,0,0,0,0,0,5.6625,3.915,4976,1081640,73,41,5,0.01466336224700537,0,0.588779,0.086497,94,5.3020000000000005,14.693,30.726,1,0.011,0.011,0,1,0,0,0,0,
K8_R0.90_T0_H1_N3_U1_S8016_CENTRAL_inprocess,8016,8,0.9,0,1,N3,0.75,20.0,1.0,CENTRAL,inprocess,d24e064acef5ec6dcab771f01696120f7ad4eef25c0d66c02fc3b945e5e4df8c,f9116d13728436c1cb1fe0d342dd065218a1da7b0d068abc5a644b89e453fa7a,0.886,0,62,58,1,59,3,95.16129032258064,96.0,93.33333333333333,100.0,95.74468085106383,100.0,702,11.898305084745763,0,0,0,0,8,0,0,0,0,0,5.6875,3.915,5029,1087462,415,90,88,0.3163023439557545,2,0.699269,0.093328,131,3.563,21.588,33.041000000000004,0,0.0,0.0,0,0,0,0,0,0,
K8_R0.90_T0_H1_N3_U1_S8016_CENTRAL_FB_inprocess,8016,8,0.9,0,1,N3,0.75,20.0,1.0,CENTRAL_FB,inprocess,d24e064acef5ec6dcab771f01696120f7ad4eef25c0d66c02fc3b945e5e4df8c,7aff5c9be86266f04357e41fc5e99fc9589bd8e62e2ef6509acaa63cd093951d,0.758,0,62,57,1,58,4,93.54838709677419,96.0,100.0,100.0,91.48936170212765,96.875,671,11.568965517241379,0,0,0,0,8,0,0,0,0,0,5.6648,3.915,4834,1069119,394,77,88,0.35938803894297633,3,0.590393,0.08829100000000001,120,3.142,19.966,25.635,27,0.148,0.531,0,0,0,0,0,0,
K8_R0.90_T0_H1_N3_U1_S8016_HYBRID_inprocess,8016,8,0.9,0,1,N3,0.75,20.0,1.0,HYBRID,inprocess,d24e064acef5ec6dcab771f01696120f7ad4eef25c0d66c02fc3b945e5e4df8c,7698e0bb7d53d74d965b96624edec220db1064f53de74284150a2dcf907e0833,0.737,0,62,57,1,58,4,93.54838709677419,96.0,100.0,100.0,91.48936170212765,96.875,671,11.568965517241379,0,0,0,0,8,0,0,0,0,0,5.6648,3.915,4834,1069119,394,77,88,0.35938803894297633,3,0.568575,0.087015,120,3.357,16.864,30.849999999999998,27,0.127,0.47300000000000003,0,0,0,0,0,0,
K8_R0.90_T0_H1_N1_U1.6_S8016_CENTRAL_inprocess,8016,8,0.9,0,1,N1,0.98,3.0,1.6,CENTRAL,inprocess,e88bc9640653a030a53e2e1585f6e27b24c676fb454a5eeb8e1d52ee8658fe17,d3c167d441df78ebd9224ca276c287ec61d01374a644135dac79a72b5c1d7e33,0.712,0,62,54,1,55,7,88.70967741935483,91.0,86.66666666666667,100.0,89.36170212765957,90.625,654,11.89090909090909,0,0,0,0,7,2,2,0,18,16,9.4352,3.8499,4992,1081650,84,52,7,0.022222222222222223,1,0.555377,0.087727,97,5.173,10.176,25.74,0,0.0,0.0,0,1,0,0,0,0,
K8_R0.90_T0_H1_N1_U1.6_S8016_CENTRAL_FB_inprocess,8016,8,0.9,0,1,N1,0.98,3.0,1.6,CENTRAL_FB,inprocess,e88bc9640653a030a53e2e1585f6e27b24c676fb454a5eeb8e1d52ee8658fe17,4a2847f2dc8749903a97c16b2044fcef69aa4e540a0f9be74109c9da632e5e0f,0.722,0,62,54,1,55,7,88.70967741935483,91.0,86.66666666666667,100.0,89.36170212765957,90.625,654,11.89090909090909,0,0,0,0,7,2,2,0,18,16,9.4352,3.8499,4992,1081650,84,52,7,0.022222222222222223,1,0.535847,0.09259500000000001,97,4.777,11.831,26.968,1,0.014,0.014,0,1,0,0,0,0,
K8_R0.90_T0_H1_N1_U1.6_S8016_HYBRID_inprocess,8016,8,0.9,0,1,N1,0.98,3.0,1.6,HYBRID,inprocess,e88bc9640653a030a53e2e1585f6e27b24c676fb454a5eeb8e1d52ee8658fe17,bb89bf73a9cf8bcc1474d4e4cd9f375a4ab6813ac6e10218652ed5bc88f4d665,0.833,0,62,54,1,55,7,88.70967741935483,91.0,86.66666666666667,100.0,89.36170212765957,90.625,654,11.89090909090909,0,0,0,0,7,2,2,0,18,16,9.4352,3.8499,4992,1081650,84,52,7,0.022222222222222223,1,0.640984,0.105451,97,5.494,13.663,37.986,4,0.029,0.029,0,1,0,0,0,0,
K8_R0.90_T0_H1_N3_U1.6_S8016_CENTRAL_inprocess,8016,8,0.9,0,1,N3,0.75,20.0,1.6,CENTRAL,inprocess,b4b716617b967f8b30079637fff27e2ef011ece5e421b7218c457cd4b2991369,e543fccc802b97b2add30407a16121437d677b9f8e44663ba7857bf26d2cb457,0.815,0,62,55,1,56,6,90.3225806451613,89.0,80.0,60.0,93.61702127659575,90.625,629,11.232142857142858,0,0,0,0,7,2,2,0,20,17,9.3309,3.8499,4820,1066529,400,76,88,0.38324022346368714,1,0.636612,0.091546,125,3.221,21.201,35.26,0,0.0,0.0,0,0,0,0,0,0,
K8_R0.90_T0_H1_N3_U1.6_S8016_CENTRAL_FB_inprocess,8016,8,0.9,0,1,N3,0.75,20.0,1.6,CENTRAL_FB,inprocess,b4b716617b967f8b30079637fff27e2ef011ece5e421b7218c457cd4b2991369,3fc71b9026219196f0c5ab46b1f5e3aa662823156f0e269f714d2cb68249f852,0.892,0,62,55,1,56,6,90.3225806451613,89.0,80.0,60.0,93.61702127659575,90.625,629,11.232142857142858,0,0,0,0,7,2,2,0,20,17,9.3309,3.8499,4820,1066592,400,76,88,0.38324022346368714,1,0.694019,0.107681,125,3.595,20.753,48.893,28,0.17,0.425,0,0,0,0,0,0,
K8_R0.90_T0_H1_N3_U1.6_S8016_HYBRID_inprocess,8016,8,0.9,0,1,N3,0.75,20.0,1.6,HYBRID,inprocess,b4b716617b967f8b30079637fff27e2ef011ece5e421b7218c457cd4b2991369,8eb2787d43dcb2d049e88115cb52cb3cff882eee7b46d459b015d8ab92abf572,0.905,0,62,55,1,56,6,90.3225806451613,89.0,80.0,60.0,93.61702127659575,90.625,629,11.232142857142858,0,0,0,0,7,2,2,0,20,17,9.3309,3.8499,4820,1066592,400,76,88,0.38324022346368714,1,0.673327,0.112262,125,3.198,19.389,37.777,33,0.11299999999999999,0.7010000000000001,0,0,0,0,0,0,
K8_R0.90_T0_H1_N1_U2_S8016_CENTRAL_inprocess,8016,8,0.9,0,1,N1,0.98,3.0,2.0,CENTRAL,inprocess,73cff899ad399242090dc63d305df38b4b75a654db82b2cc2f15ae70d24f1f52,f65f2a6e0b7225c59e3c6e9e1f17f1a369837a44855383fff75d9eab020e7a9c,0.685,0,62,57,1,58,4,93.54838709677419,94.0,93.33333333333333,80.0,93.61702127659575,87.5,693,11.948275862068966,0,0,0,0,8,6,6,0,54,148,13.1315,3.8252,4965,1081965,113,44,7,0.020212544280058347,0,0.524554,0.08914100000000001,88,4.478000000000001,16.281,29.81,0,0.0,0.0,0,1,0,0,0,0,
K8_R0.90_T0_H1_N1_U2_S8016_CENTRAL_FB_inprocess,8016,8,0.9,0,1,N1,0.98,3.0,2.0,CENTRAL_FB,inprocess,73cff899ad399242090dc63d305df38b4b75a654db82b2cc2f15ae70d24f1f52,a4378a7b217ca91185605d8095decdb13352e22d653465bbc536b00c30e4cfe0,0.852,0,62,57,1,58,4,93.54838709677419,94.0,93.33333333333333,80.0,93.61702127659575,87.5,693,11.948275862068966,0,0,0,0,8,6,6,0,54,148,13.1315,3.8252,4965,1081965,113,44,7,0.020212544280058347,0,0.606632,0.10508100000000001,88,5.53,17.766000000000002,37.752,1,0.014,0.014,0,1,0,0,0,0,
K8_R0.90_T0_H1_N1_U2_S8016_HYBRID_inprocess,8016,8,0.9,0,1,N1,0.98,3.0,2.0,HYBRID,inprocess,73cff899ad399242090dc63d305df38b4b75a654db82b2cc2f15ae70d24f1f52,aa25b75cdb4e2e7deb9950cef037053ba1000fcad06247f89b54da12540b6b83,0.609,0,62,57,1,58,4,93.54838709677419,94.0,93.33333333333333,80.0,93.61702127659575,90.625,655,11.293103448275861,0,0,0,0,8,6,6,0,54,150,13.1315,3.8252,4944,1080206,95,39,7,0.022708333333333334,0,0.465523,0.079513,87,4.226999999999999,13.121,26.038,7,0.04,0.04,0,0,0,0,0,0,
K8_R0.90_T0_H1_N3_U2_S8016_CENTRAL_inprocess,8016,8,0.9,0,1,N3,0.75,20.0,2.0,CENTRAL,inprocess,719dd62d01872c4a52f9abf826633f8e9bd530d79d8675cc4dcd589949c8b063,09ee073b8030f9b1987c1069ccc4bfd1e8abc193a3e1d688cff35d5868ade732,0.763,0,62,56,1,57,5,91.93548387096774,92.0,86.66666666666667,80.0,93.61702127659575,96.875,657,11.526315789473685,0,0,0,0,8,8,8,0,69,155,13.0851,3.8252,4879,1072123,384,69,88,0.37448446521858675,4,0.565747,0.10097199999999999,128,3.218,14.005,26.348,0,0.0,0.0,0,0,0,0,0,0,
K8_R0.90_T0_H1_N3_U2_S8016_CENTRAL_FB_inprocess,8016,8,0.9,0,1,N3,0.75,20.0,2.0,CENTRAL_FB,inprocess,719dd62d01872c4a52f9abf826633f8e9bd530d79d8675cc4dcd589949c8b063,13123983eaf2c703a19723d69cd5f587a245c21682d905ec8ec07a0fada11133,0.733,0,62,56,1,57,5,91.93548387096774,92.0,86.66666666666667,80.0,93.61702127659575,93.75,658,11.543859649122806,0,0,0,0,8,8,8,0,67,209,14.4011,3.8252,4879,1072327,378,59,88,0.3995584988962472,4,0.513904,0.10015500000000001,128,3.027,13.145,22.974999999999998,31,0.10500000000000001,0.376,0,0,0,0,0,0,
K8_R0.90_T0_H1_N3_U2_S8016_HYBRID_inprocess,8016,8,0.9,0,1,N3,0.75,20.0,2.0,HYBRID,inprocess,719dd62d01872c4a52f9abf826633f8e9bd530d79d8675cc4dcd589949c8b063,349fbfbb8951e43ab0513e81df191cf9b0af23f89b657aef67bb197675b0008d,0.789,0,62,56,1,57,5,91.93548387096774,92.0,86.66666666666667,80.0,93.61702127659575,93.75,658,11.543859649122806,0,0,0,0,8,8,8,0,67,209,14.4011,3.8252,4879,1072327,378,59,88,0.3995584988962472,4,0.525609,0.08942499999999998,128,2.3770000000000002,14.447,63.55800000000001,38,0.097,0.422,0,0,0,0,0,0,
K8_R0.90_T0_H1_N1_U1_S8017_CENTRAL_inprocess,8017,8,0.9,0,1,N1,0.98,3.0,1.0,CENTRAL,inprocess,0419c2fb110e478a17d4a2a0eaae98b5124ac2b9dde4f74d921155c2f3340715,f6c6e4a6a8d118717ebcb39c198fc60d28d474e8f65e33b09763bfb4d9924b76,1.147,0,62,53,1,54,8,87.09677419354838,91.2621359223301,95.23809523809524,100.0,82.92682926829268,83.78378378378379,701,12.981481481481481,0,0,0,0,7,0,0,0,0,0,5.7285,3.8847,5388,1116202,107,39,10,0.015800494955263658,1,0.943102,0.10243899999999999,104,5.941,23.799,34.304,0,0.0,0.0,0,0,0,0,0,0,
K8_R0.90_T0_H1_N1_U1_S8017_CENTRAL_FB_inprocess,8017,8,0.9,0,1,N1,0.98,3.0,1.0,CENTRAL_FB,inprocess,0419c2fb110e478a17d4a2a0eaae98b5124ac2b9dde4f74d921155c2f3340715,4e3e2ae5ab47ebc5610f98e63387b2008352179cb28a7d16dcd10862e8ea173b,1.14,0,62,53,1,54,8,87.09677419354838,91.2621359223301,95.23809523809524,100.0,82.92682926829268,83.78378378378379,701,12.981481481481481,0,0,0,0,7,0,0,0,0,0,5.7285,3.8847,5388,1116202,107,39,10,0.015800494955263658,1,0.924389,0.10265300000000001,104,5.625,22.436999999999998,26.127000000000002,2,0.014,0.014,0,0,0,0,0,0,
K8_R0.90_T0_H1_N3_U1_S8017_CENTRAL_inprocess,8017,8,0.9,0,1,N3,0.75,20.0,1.0,CENTRAL,inprocess,b05bc6a7ef0358be41f5e8c9d26da642b6028c7b891d406ceeeb4db8a07335ca,9f2a3110a7866e1a2cce5b2d046dd459a6b2e0350a12f28cccc0767c6b8234c5,0.938,0,62,51,1,52,10,83.87096774193549,84.46601941747574,80.95238095238095,88.88888888888889,85.36585365853658,81.08108108108108,739,14.211538461538462,0,0,0,0,6,0,0,0,0,0,5.6627,3.8847,5377,1108181,471,90,48,0.3841522157996146,3,0.71957,0.10727300000000001,132,4.781,12.723,19.694,0,0.0,0.0,0,2,0,0,0,0,
K8_R0.90_T0_H1_N1_U1_S8017_HYBRID_inprocess,8017,8,0.9,0,1,N1,0.98,3.0,1.0,HYBRID,inprocess,0419c2fb110e478a17d4a2a0eaae98b5124ac2b9dde4f74d921155c2f3340715,3e665136ae3b411a5ae2207fac2a98309cca5fe2aa1b2e6fe63afcfe14f3daa0,1.235,0,62,53,1,54,8,87.09677419354838,91.2621359223301,95.23809523809524,100.0,82.92682926829268,83.78378378378379,701,12.981481481481481,0,0,0,0,7,0,0,0,0,0,5.7285,3.8847,5388,1116202,107,39,10,0.015800494955263658,1,1.014934,0.108919,104,6.669,26.256999999999998,30.788,2,0.012,0.012,0,0,0,0,0,0,
K8_R0.90_T0_H1_N3_U1_S8017_CENTRAL_FB_inprocess,8017,8,0.9,0,1,N3,0.75,20.0,1.0,CENTRAL_FB,inprocess,b05bc6a7ef0358be41f5e8c9d26da642b6028c7b891d406ceeeb4db8a07335ca,92866b33032a3a99a30896c19e3bd4c56a0c6605cafca80123e354187411e1bb,0.855,0,62,52,1,53,9,85.48387096774194,85.4368932038835,76.19047619047619,100.0,90.2439024390244,89.1891891891892,693,13.075471698113208,0,0,0,0,6,0,0,0,0,0,5.7175,3.8847,5331,1106136,446,91,51,0.38605442176870747,4,0.643012,0.108172,128,5.1450000000000005,10.536999999999999,18.189,41,0.125,0.46,0,0,0,0,0,0,
K8_R0.90_T0_H1_N3_U1_S8017_HYBRID_inprocess,8017,8,0.9,0,1,N3,0.75,20.0,1.0,HYBRID,inprocess,b05bc6a7ef0358be41f5e8c9d26da642b6028c7b891d406ceeeb4db8a07335ca,df56171678a543407c0231964718d919536ae2098ac0697880c8be65da23b389,0.865,0,62,52,1,53,9,85.48387096774194,85.4368932038835,76.19047619047619,100.0,90.2439024390244,89.1891891891892,693,13.075471698113208,0,0,0,0,6,0,0,0,0,0,5.7175,3.8847,5331,1106136,446,91,51,0.38605442176870747,4,0.656806,0.10786,128,4.497,10.809,28.612,41,0.108,0.526,0,0,0,0,0,0,
K8_R0.90_T0_H1_N1_U1.6_S8017_CENTRAL_inprocess,8017,8,0.9,0,1,N1,0.98,3.0,1.6,CENTRAL,inprocess,3ac91e7d23a449052235fb7495c8fcf6273974607d99c47c519f0a2085561453,4d9f230f6abc997be70fe8623e2e48a3ed2db813a13618f2230d81a6f867ef8e,1.134,0,62,55,1,56,6,90.3225806451613,90.29126213592232,90.47619047619048,88.88888888888889,90.2439024390244,89.1891891891892,685,12.232142857142858,0,0,0,0,6,1,1,0,12,17,9.9938,3.8801,5244,1103638,106,51,4,0.01521951219512195,0,0.937576,0.10015199999999999,105,5.537,29.388,42.281,0,0.0,0.0,0,0,0,0,0,0,
K8_R0.90_T0_H1_N1_U1.6_S8017_CENTRAL_FB_inprocess,8017,8,0.9,0,1,N1,0.98,3.0,1.6,CENTRAL_FB,inprocess,3ac91e7d23a449052235fb7495c8fcf6273974607d99c47c519f0a2085561453,d59726a4da48ee50ce1a7900922e1eb60aa1a8f5464c690c648eb82892f0fa12,1.212,0,62,55,1,56,6,90.3225806451613,90.29126213592232,90.47619047619048,88.88888888888889,90.2439024390244,89.1891891891892,685,12.232142857142858,0,0,0,0,6,1,1,0,12,17,9.9938,3.8801,5244,1103638,106,51,4,0.01521951219512195,0,0.976888,0.099742,105,6.198,30.055,49.016999999999996,2,0.013,0.013,0,0,0,0,0,0,
K8_R0.90_T0_H1_N1_U1.6_S8017_HYBRID_inprocess,8017,8,0.9,0,1,N1,0.98,3.0,1.6,HYBRID,inprocess,3ac91e7d23a449052235fb7495c8fcf6273974607d99c47c519f0a2085561453,0cabf546230a0b38d41621af32ad6fe8a0004a8fcec71bb51b70aa6457393bd0,1.219,0,62,55,1,56,6,90.3225806451613,90.29126213592232,90.47619047619048,88.88888888888889,90.2439024390244,89.1891891891892,685,12.232142857142858,0,0,0,0,6,1,1,0,12,17,9.9938,3.8801,5244,1103638,106,51,4,0.01521951219512195,0,1.011446,0.110647,105,6.329000000000001,26.78,31.342000000000002,3,0.013,0.013,0,0,0,0,0,0,
K8_R0.90_T0_H1_N3_U1.6_S8017_CENTRAL_inprocess,8017,8,0.9,0,1,N3,0.75,20.0,1.6,CENTRAL,inprocess,5d1e7c3ec8bc914f798fa4f451ffe180eddeac70a37af18ecf14f5daf408bbd3,45b0aa9fdbb026e9612ad62fb5499697e3afdeb1a82d26d6046ba2de9457fa5a,1.172,0,62,51,1,52,10,83.87096774193549,87.37864077669903,90.47619047619048,100.0,80.48780487804878,83.78378378378379,740,14.23076923076923,0,0,0,0,6,1,1,0,12,25,10.8897,3.8929,5716,1142891,514,80,107,0.5136152313482399,1,0.931577,0.11163300000000001,144,5.734,15.381,24.146,0,0.0,0.0,0,0,0,0,0,0,
K8_R0.90_T0_H1_N3_U1.6_S8017_CENTRAL_FB_inprocess,8017,8,0.9,0,1,N3,0.75,20.0,1.6,CENTRAL_FB,inprocess,5d1e7c3ec8bc914f798fa4f451ffe180eddeac70a37af18ecf14f5daf408bbd3,3818577e8ca3fd70e89743ad3c50cdaf3cc011cf7358f6e51d1d38ae31203207,1.091,0,62,51,1,52,10,83.87096774193549,89.32038834951456,100.0,100.0,75.60975609756098,81.08108108108108,713,13.711538461538462,0,0,0,0,5,0,0,0,0,0,7.3044,3.8929,5817,1151648,493,82,107,0.5372940156114484,5,0.895955,0.107574,146,5.4990000000000006,14.667,20.151,39,0.104,2.684,0,0,0,0,0,0,
K8_R0.90_T0_H1_N3_U1.6_S8017_HYBRID_inprocess,8017,8,0.9,0,1,N3,0.75,20.0,1.6,HYBRID,inprocess,5d1e7c3ec8bc914f798fa4f451ffe180eddeac70a37af18ecf14f5daf408bbd3,da7c7b01df790ca2ed7a3997082bf10cc87165ca111251a4a0164cf1216a833d,1.131,0,62,51,1,52,10,83.87096774193549,89.32038834951456,100.0,100.0,75.60975609756098,81.08108108108108,713,13.711538461538462,0,0,0,0,5,0,0,0,0,0,7.3044,3.8929,5817,1151648,493,82,107,0.5372940156114484,5,0.905854,0.11230800000000002,146,5.346,15.138,23.988,40,0.097,2.3649999999999998,0,0,0,0,0,0,
K8_R0.90_T0_H1_N1_U2_S8017_CENTRAL_inprocess,8017,8,0.9,0,1,N1,0.98,3.0,2.0,CENTRAL,inprocess,626c60e89210806f1dc780352779c5f7fb7761f8b65c01a4080e5190cfe269c6,125e78ba173b27eb4273b504c4d81d15ac448e87f11f8324e966c46caf1f3903,1.113,0,62,53,0,53,9,85.48387096774194,85.4368932038835,76.19047619047619,88.88888888888889,90.2439024390244,83.78378378378379,771,14.547169811320755,0,0,0,0,8,8,8,0,69,169,14.4482,3.8613,5383,1113189,114,61,5,0.017146123071061156,1,0.927205,0.096037,118,5.567,21.373,39.515,0,0.0,0.0,0,0,0,0,0,0,
K8_R0.90_T0_H1_N1_U2_S8017_CENTRAL_FB_inprocess,8017,8,0.9,0,1,N1,0.98,3.0,2.0,CENTRAL_FB,inprocess,626c60e89210806f1dc780352779c5f7fb7761f8b65c01a4080e5190cfe269c6,5c245ee95aebb0522b42342cb37cabb3f2fdb86b9dff540c37d6f1c96fc69514,1.165,0,62,53,0,53,9,85.48387096774194,85.4368932038835,76.19047619047619,88.88888888888889,90.2439024390244,83.78378378378379,771,14.547169811320755,0,0,0,0,8,8,8,0,69,169,14.4482,3.8613,5383,1113189,114,61,5,0.017146123071061156,1,0.967218,0.09257699999999999,118,4.993,23.900000000000002,34.053,2,0.01,0.01,0,0,0,0,0,0,
K8_R0.90_T0_H1_N3_U2_S8017_CENTRAL_inprocess,8017,8,0.9,0,1,N3,0.75,20.0,2.0,CENTRAL,inprocess,ea8062c10a944f3bdbefde4119a42fbffac9dc715870f2406dd0b0af3fa753fa,190e5d7ab53b0449ff9b593e7f4f2b774396d9cc88a328401d6c85e3d4e6ea40,0.848,0,62,52,1,53,9,85.48387096774194,82.52427184466019,66.66666666666667,77.77777777777777,95.1219512195122,86.48648648648648,768,14.49056603773585,0,0,0,0,7,7,7,0,62,178,14.0669,3.8613,5365,1107814,459,75,107,0.4788155994222436,2,0.654629,0.10093200000000001,144,4.2589999999999995,9.862,15.548,0,0.0,0.0,0,1,0,0,0,0,
K8_R0.90_T0_H1_N1_U2_S8017_HYBRID_inprocess,8017,8,0.9,0,1,N1,0.98,3.0,2.0,HYBRID,inprocess,626c60e89210806f1dc780352779c5f7fb7761f8b65c01a4080e5190cfe269c6,c991c56dc6c4bff761f0c4fcb99ee60910106a79660814d3c4b079b012a460be,1.223,0,62,53,0,53,9,85.48387096774194,85.4368932038835,76.19047619047619,88.88888888888889,90.2439024390244,83.78378378378379,771,14.547169811320755,0,0,0,0,8,8,8,0,69,169,14.4482,3.8613,5383,1113186,114,61,5,0.017146123071061156,1,1.0251,0.100987,118,6.223,21.355,30.33,10,0.030000000000000002,0.030000000000000002,0,0,0,0,0,0,
K8_R0.90_T0_H1_N3_U2_S8017_CENTRAL_FB_inprocess,8017,8,0.9,0,1,N3,0.75,20.0,2.0,CENTRAL_FB,inprocess,ea8062c10a944f3bdbefde4119a42fbffac9dc715870f2406dd0b0af3fa753fa,9c30fd272f1f433f51e513a71947e562d84ff5b4340ef6c16ce6c539b6c38a41,0.838,0,62,52,1,53,9,85.48387096774194,82.52427184466019,66.66666666666667,77.77777777777777,95.1219512195122,86.48648648648648,768,14.49056603773585,0,0,0,0,7,7,7,0,62,178,14.0669,3.8613,5365,1107805,459,75,107,0.4788155994222436,2,0.649166,0.094552,144,3.7030000000000003,12.149999999999999,21.48,37,0.128,0.48899999999999993,0,1,0,0,0,0,
K8_R0.90_T0_H1_N3_U2_S8017_HYBRID_inprocess,8017,8,0.9,0,1,N3,0.75,20.0,2.0,HYBRID,inprocess,ea8062c10a944f3bdbefde4119a42fbffac9dc715870f2406dd0b0af3fa753fa,fac47b17a0f53248c29b09e7d7960b163071704a4e287934b3c4024a88a12524,0.937,0,62,52,1,53,9,85.48387096774194,82.52427184466019,66.66666666666667,77.77777777777777,95.1219512195122,86.48648648648648,768,14.49056603773585,0,0,0,0,7,7,7,0,62,178,14.0669,3.8613,5347,1107005,451,74,107,0.4569007263922518,4,0.74827,0.110417,140,4.2,12.132,19.392,45,0.133,0.535,0,1,0,0,0,0,
K8_R0.90_T0_H1_N1_U1_S8018_CENTRAL_FB_inprocess,8018,8,0.9,0,1,N1,0.98,3.0,1.0,CENTRAL_FB,inprocess,e36312df9389ccf72f67ea944e9ac2d37b0bb704832b77f440589c617dc0f5ad,e2f63761668b853246a25d16fee447e26cee2aa8342b329ff32333bbd74d18c8,1.457,0,62,52,0,52,10,83.87096774193549,85.29411764705883,78.94736842105263,85.71428571428571,86.04651162790698,84.84848484848484,719,13.826923076923077,0,0,0,0,7,0,0,0,0,0,5.6744,3.8857,5534,1133090,116,42,5,0.014616096207215542,1,1.272593,0.100492,117,9.148,23.52,29.347,0,0.0,0.0,0,0,0,0,0,0,
K8_R0.90_T0_H1_N1_U1_S8018_CENTRAL_inprocess,8018,8,0.9,0,1,N1,0.98,3.0,1.0,CENTRAL,inprocess,e36312df9389ccf72f67ea944e9ac2d37b0bb704832b77f440589c617dc0f5ad,7336b1f2ac2cebc56af0a917b30c8a7116d139c2bc12898935f89e1d283382cd,1.784,0,62,52,0,52,10,83.87096774193549,85.29411764705883,78.94736842105263,85.71428571428571,86.04651162790698,84.84848484848484,719,13.826923076923077,0,0,0,0,7,0,0,0,0,0,5.6744,3.8857,5534,1133090,116,42,5,0.014616096207215542,1,1.510175,0.11729200000000001,117,12.211,27.108,32.936,0,0.0,0.0,0,0,0,0,0,0,
K8_R0.90_T0_H1_N1_U1_S8018_HYBRID_inprocess,8018,8,0.9,0,1,N1,0.98,3.0,1.0,HYBRID,inprocess,e36312df9389ccf72f67ea944e9ac2d37b0bb704832b77f440589c617dc0f5ad,52619fa79df8dd37841e846d28486b9cf8d9f34f1fae473638b83db29269608a,1.627,0,62,52,0,52,10,83.87096774193549,85.29411764705883,78.94736842105263,85.71428571428571,86.04651162790698,84.84848484848484,719,13.826923076923077,0,0,0,0,7,0,0,0,0,0,5.6744,3.8857,5534,1133090,116,42,5,0.014616096207215542,1,1.329784,0.104682,117,10.041,25.364,38.428999999999995,0,0.0,0.0,0,0,0,0,0,0,
K8_R0.90_T0_H1_N3_U1_S8018_CENTRAL_inprocess,8018,8,0.9,0,1,N3,0.75,20.0,1.0,CENTRAL,inprocess,6e1088365b890b2ecc93e3c894f65e3f24f0d44a02660f8741334d7eee85890f,b37967f10c60a58c49ae5b215047ad1ccecc93e87c19b9fa9ad80023898071aa,1.726,0,62,51,0,51,11,82.25806451612904,87.25490196078431,94.73684210526316,100.0,76.74418604651163,75.75757575757575,668,13.098039215686274,0,0,0,0,6,0,0,0,0,0,5.7209,3.8938,5936,1168292,588,92,51,0.2658936425429828,3,1.363148,0.112035,153,8.104999999999999,20.41,113.103,0,0.0,0.0,0,0,0,0,0,0,
K8_R0.90_T0_H1_N3_U1_S8018_CENTRAL_FB_inprocess,8018,8,0.9,0,1,N3,0.75,20.0,1.0,CENTRAL_FB,inprocess,6e1088365b890b2ecc93e3c894f65e3f24f0d44a02660f8741334d7eee85890f,e71e8438b50424fcb4f82224f55b21ac1a06a68cf29630fad83bd74aaa9a04c3,1.534,0,62,51,0,51,11,82.25806451612904,87.25490196078431,94.73684210526316,100.0,76.74418604651163,75.75757575757575,668,13.098039215686274,0,0,0,0,6,0,0,0,0,0,5.7209,3.8938,5936,1168304,588,92,51,0.2658936425429828,3,1.33923,0.10604,153,7.407,22.099,27.229,22,0.136,0.539,0,0,0,0,0,0,
K8_R0.90_T0_H1_N3_U1_S8018_HYBRID_inprocess,8018,8,0.9,0,1,N3,0.75,20.0,1.0,HYBRID,inprocess,6e1088365b890b2ecc93e3c894f65e3f24f0d44a02660f8741334d7eee85890f,34b2757cbec2e77f45d9b9e6d4b144653e24d156150b133adef09ede11efe220,1.475,0,62,51,0,51,11,82.25806451612904,87.25490196078431,94.73684210526316,100.0,76.74418604651163,75.75757575757575,668,13.098039215686274,0,0,0,0,6,0,0,0,0,0,5.7209,3.8938,5936,1168304,588,92,51,0.2658936425429828,3,1.256868,0.101091,153,6.94,20.645,36.081,22,0.14400000000000002,0.446,0,0,0,0,0,0,
K8_R0.90_T0_H1_N1_U1.6_S8018_CENTRAL_inprocess,8018,8,0.9,0,1,N1,0.98,3.0,1.6,CENTRAL,inprocess,77dff6cbb7458c399449794eb5db3196211bab8fae8a11942e5da81940b15a13,bc2c024015f1b9686c5070eb553209db499a648e7ff0806c45e633843354a6e7,1.977,0,62,54,0,54,8,87.09677419354838,92.15686274509804,100.0,100.0,81.3953488372093,90.9090909090909,706,13.074074074074074,0,0,0,0,7,1,1,0,10,17,10.0716,3.8467,6392,1216525,139,54,4,0.025199362041467305,1,1.751637,0.11557999999999999,132,11.448,29.721999999999998,46.766000000000005,0,0.0,0.0,0,0,0,0,0,0,
K8_R0.90_T0_H1_N1_U1.6_S8018_CENTRAL_FB_inprocess,8018,8,0.9,0,1,N1,0.98,3.0,1.6,CENTRAL_FB,inprocess,77dff6cbb7458c399449794eb5db3196211bab8fae8a11942e5da81940b15a13,221cef20bc6a96bcacdd820945be0ea618ae85867166921b646fde525b1780ed,1.863,0,62,54,0,54,8,87.09677419354838,92.15686274509804,100.0,100.0,81.3953488372093,90.9090909090909,706,13.074074074074074,0,0,0,0,7,1,1,0,10,17,10.0716,3.8467,6392,1216525,139,54,4,0.025199362041467305,1,1.6292,0.109362,132,10.845,26.915000000000003,38.871,0,0.0,0.0,0,0,0,0,0,0,
K8_R0.90_T0_H1_N3_U1.6_S8018_CENTRAL_inprocess,8018,8,0.9,0,1,N3,0.75,20.0,1.6,CENTRAL,inprocess,71abe06390c77df5dc95f8b03c776739eef7250b02b68cc9cf3b353515c878a8,4c06ab01b42f5af4f2a09380da9866a51124a666e27e14df704d7566d1e9f1a6,1.437,0,62,54,0,54,8,87.09677419354838,92.15686274509804,100.0,100.0,81.3953488372093,84.84848484848484,705,13.055555555555555,0,0,0,0,5,3,3,0,30,34,9.9376,3.8551,5789,1156883,475,92,44,0.18141142973357738,3,1.181746,0.111242,144,7.783,19.439,24.113,0,0.0,0.0,0,0,0,0,0,0,
K8_R0.90_T0_H1_N1_U1.6_S8018_HYBRID_inprocess,8018,8,0.9,0,1,N1,0.98,3.0,1.6,HYBRID,inprocess,77dff6cbb7458c399449794eb5db3196211bab8fae8a11942e5da81940b15a13,f7fc68454282f6761a17d4b637dd742e2aaeb62d3664adf4fd1a03c72e8ec032,1.879,0,62,54,0,54,8,87.09677419354838,92.15686274509804,100.0,100.0,81.3953488372093,90.9090909090909,706,13.074074074074074,0,0,0,0,7,1,1,0,10,17,10.0716,3.8467,6392,1216525,139,54,4,0.025199362041467305,1,1.668447,0.11714899999999999,132,11.103,26.532,31.322000000000003,3,0.02,0.02,0,0,0,0,0,0,
K8_R0.90_T0_H1_N3_U1.6_S8018_CENTRAL_FB_inprocess,8018,8,0.9,0,1,N3,0.75,20.0,1.6,CENTRAL_FB,inprocess,71abe06390c77df5dc95f8b03c776739eef7250b02b68cc9cf3b353515c878a8,66549d9064bb0660ff945541a84d3d450aab8ce0af7ed3657d6eef486a713cfc,1.425,0,62,53,0,53,9,85.48387096774194,89.2156862745098,94.73684210526316,85.71428571428571,81.3953488372093,81.81818181818181,733,13.830188679245284,0,0,0,0,6,2,2,0,19,16,9.1976,3.8551,5657,1142398,493,97,44,0.22189535616726203,3,1.140694,0.11024400000000001,154,6.234,19.857,26.011,24,0.147,0.193,0,0,0,0,0,0,
K8_R0.90_T0_H1_N3_U1.6_S8018_HYBRID_inprocess,8018,8,0.9,0,1,N3,0.75,20.0,1.6,HYBRID,inprocess,71abe06390c77df5dc95f8b03c776739eef7250b02b68cc9cf3b353515c878a8,e60833f7f098231741ea4689608b3dc6b95a309a761dc7cae38ad971491d904d,1.387,0,62,53,0,53,9,85.48387096774194,89.2156862745098,94.73684210526316,85.71428571428571,81.3953488372093,81.81818181818181,733,13.830188679245284,0,0,0,0,6,2,2,0,19,16,9.1976,3.8551,5657,1142398,493,97,44,0.22189535616726203,3,1.146017,0.10712999999999999,154,6.228,20.554,31.758000000000003,26,0.115,0.115,0,0,0,0,0,0,
K8_R0.90_T0_H1_N1_U2_S8018_CENTRAL_inprocess,8018,8,0.9,0,1,N1,0.98,3.0,2.0,CENTRAL,inprocess,940bbe0e193d9ece0d296898cf49c3fa3585abb9e758dcb629a6be78b1533e7c,6b2b251b734938d9e47f3fa0862aad9b80a649ceb94da875465ad3bcf6c6a9c8,1.446,0,62,53,0,53,9,85.48387096774194,90.19607843137256,100.0,100.0,79.06976744186046,81.81818181818181,742,14.0,0,0,0,0,8,8,8,0,73,208,13.9309,3.8289,5750,1151720,119,50,6,0.020462633451957295,1,1.245418,0.10074299999999999,131,7.821,20.455000000000002,26.959,0,0.0,0.0,0,0,0,0,0,0,
K8_R0.90_T0_H1_N1_U2_S8018_CENTRAL_FB_inprocess,8018,8,0.9,0,1,N1,0.98,3.0,2.0,CENTRAL_FB,inprocess,940bbe0e193d9ece0d296898cf49c3fa3585abb9e758dcb629a6be78b1533e7c,1c11269d083f209f888f1e34b3aea30658429171b35ec24a7dd253668813487b,1.639,0,62,53,0,53,9,85.48387096774194,90.19607843137256,100.0,100.0,79.06976744186046,81.81818181818181,742,14.0,0,0,0,0,8,8,8,0,73,208,13.9309,3.8289,5750,1151720,119,50,6,0.020462633451957295,1,1.43858,0.111779,131,8.162,24.301,28.635,0,0.0,0.0,0,0,0,0,0,0,
K8_R0.90_T0_H1_N1_U2_S8018_HYBRID_inprocess,8018,8,0.9,0,1,N1,0.98,3.0,2.0,HYBRID,inprocess,940bbe0e193d9ece0d296898cf49c3fa3585abb9e758dcb629a6be78b1533e7c,26abc9abd73048b75abbac57673154fcc191b18773cfdb8226e130123a74d5a9,1.724,0,62,52,0,52,10,83.87096774193549,89.2156862745098,100.0,100.0,76.74418604651163,81.81818181818181,731,14.057692307692308,0,0,0,0,8,8,8,0,73,208,13.9309,3.8289,5745,1151366,118,52,6,0.022953736654804272,1,1.46267,0.11452199999999998,127,9.232000000000001,24.703,31.612000000000002,8,0.032,0.032,0,0,0,0,0,0,
K8_R0.90_T0_H1_N3_U2_S8018_CENTRAL_inprocess,8018,8,0.9,0,1,N3,0.75,20.0,2.0,CENTRAL,inprocess,68c54a21458615fdddd5c20caae49c247d4b186936dfa5a2f5c18abc0ab95a63,20a6457c29cf35e1a380dfb0b239fcc359dc3ce2b6e8c5f0de8a466ba7f049c5,1.61,0,62,50,0,50,12,80.64516129032258,87.25490196078431,94.73684210526316,100.0,74.4186046511628,72.72727272727273,748,14.96,0,0,0,0,8,8,8,0,79,237,14.3733,3.8289,6021,1173941,551,103,50,0.23048327137546468,3,1.411625,0.10446600000000002,163,7.1240000000000006,21.250999999999998,33.74,0,0.0,0.0,0,1,0,0,0,0,
K8_R0.90_T0_H1_N3_U2_S8018_CENTRAL_FB_inprocess,8018,8,0.9,0,1,N3,0.75,20.0,2.0,CENTRAL_FB,inprocess,68c54a21458615fdddd5c20caae49c247d4b186936dfa5a2f5c18abc0ab95a63,0afbe1915c9d39889789b1037b023490ab39a2e23787b303d1e22ddda8c532e1,1.651,0,62,50,0,50,12,80.64516129032258,85.29411764705883,94.73684210526316,100.0,74.4186046511628,75.75757575757575,715,14.3,0,0,0,0,8,8,8,0,79,237,14.9134,3.8289,6511,1220678,610,111,50,0.3097187611249555,3,1.342702,0.10411700000000002,172,6.678,21.133,34.067,26,0.383,0.527,0,0,0,0,0,0,
K8_R0.90_T0_H1_N3_U2_S8018_HYBRID_inprocess,8018,8,0.9,0,1,N3,0.75,20.0,2.0,HYBRID,inprocess,68c54a21458615fdddd5c20caae49c247d4b186936dfa5a2f5c18abc0ab95a63,ebff85ee4f339ae32159f5ac49efe3d26971b122bf8e07659ae1e75d36b90988,1.718,0,62,50,0,50,12,80.64516129032258,85.29411764705883,94.73684210526316,100.0,74.4186046511628,75.75757575757575,715,14.3,0,0,0,0,8,8,8,0,79,237,14.9134,3.8289,6511,1220676,610,111,50,0.3097187611249555,3,1.479277,0.110161,172,7.424,20.427,32.946000000000005,34,0.47100000000000003,0.5469999999999999,0,0,0,0,0,0,
K8_R0.90_T0_H1_N1_U1_S8019_CENTRAL_inprocess,8019,8,0.9,0,1,N1,0.98,3.0,1.0,CENTRAL,inprocess,9c23b172a7722f34c96cd10469a44d157fe3067f369170a905cfec3f25346479,886165682ca6c8976b2dad944770570c0b8b96d0389b3603fedac9570735aba7,0.817,0,62,54,1,55,7,88.70967741935483,90.3225806451613,91.66666666666667,100.0,88.0,85.71428571428571,816,14.836363636363636,0,0,0,0,7,0,0,0,0,0,5.6795,3.9184,5250,1107046,127,54,11,0.03001765744555621,0,0.640548,0.091901,103,3.876,21.022,33.726,0,0.0,0.0,0,0,0,0,0,0,
K8_R0.90_T0_H1_N1_U1_S8019_CENTRAL_FB_inprocess,8019,8,0.9,0,1,N1,0.98,3.0,1.0,CENTRAL_FB,inprocess,9c23b172a7722f34c96cd10469a44d157fe3067f369170a905cfec3f25346479,b3bcaaf23ec0c6de9087398ebd94158b8e5d75258801acdf64ca9b8117fb0b11,0.766,0,62,54,1,55,7,88.70967741935483,90.3225806451613,91.66666666666667,100.0,88.0,85.71428571428571,816,14.836363636363636,0,0,0,0,7,0,0,0,0,0,5.6795,3.9184,5250,1107046,127,54,11,0.03001765744555621,0,0.608706,0.087068,103,3.913,20.181,33.833,1,0.012,0.012,0,0,0,0,0,0,
K8_R0.90_T0_H1_N1_U1_S8019_HYBRID_inprocess,8019,8,0.9,0,1,N1,0.98,3.0,1.0,HYBRID,inprocess,9c23b172a7722f34c96cd10469a44d157fe3067f369170a905cfec3f25346479,0851c6a9f5bc11594290296d403e4ed7e0d26d019d3d49780c86daa10f841f17,0.805,0,62,54,1,55,7,88.70967741935483,90.3225806451613,91.66666666666667,100.0,88.0,85.71428571428571,816,14.836363636363636,0,0,0,0,7,0,0,0,0,0,5.6795,3.9184,5250,1107046,127,54,11,0.03001765744555621,0,0.634706,0.09160299999999999,103,4.614,22.058,35.861,1,0.01,0.01,0,0,0,0,0,0,
K8_R0.90_T0_H1_N3_U1_S8019_CENTRAL_inprocess,8019,8,0.9,0,1,N3,0.75,20.0,1.0,CENTRAL,inprocess,662b96999cbeb00a99fe83aa02b42c81e8f7a8831bcc5dd5fd79224f047299e0,33cfc37c7f6c12ae722de1136275abd783947cfbdf5bc12abfd655312f24dc07,0.933,0,62,56,1,57,5,91.93548387096774,93.54838709677419,100.0,100.0,90.0,89.28571428571429,870,15.263157894736842,0,0,0,0,7,0,0,0,0,0,5.6633,3.925,5302,1110348,480,96,74,0.3311490755909197,2,0.760085,0.09627000000000001,122,3.222,19.695,24.688000000000002,0,0.0,0.0,0,0,0,0,0,0,
K8_R0.90_T0_H1_N3_U1_S8019_CENTRAL_FB_inprocess,8019,8,0.9,0,1,N3,0.75,20.0,1.0,CENTRAL_FB,inprocess,662b96999cbeb00a99fe83aa02b42c81e8f7a8831bcc5dd5fd79224f047299e0,c0a75c1284796bda5475e1dffdbe0105e2a2b16e6fa80169bc63c6d30640b582,0.861,0,62,56,1,57,5,91.93548387096774,93.54838709677419,100.0,100.0,90.0,89.28571428571429,870,15.263157894736842,0,0,0,0,7,0,0,0,0,0,5.6633,3.925,5302,1110285,480,96,74,0.3311490755909197,2,0.702602,0.086492,122,2.4229999999999996,21.352,26.153,32,0.032,2.991,0,0,0,0,0,0,
K8_R0.90_T0_H1_N3_U1_S8019_HYBRID_inprocess,8019,8,0.9,0,1,N3,0.75,20.0,1.0,HYBRID,inprocess,662b96999cbeb00a99fe83aa02b42c81e8f7a8831bcc5dd5fd79224f047299e0,498f043e9b45f6c495f6f3f83ed4a8b0cf15b2a99b6d0c6f78f2befe39108d84,1.074,0,62,56,1,57,5,91.93548387096774,93.54838709677419,100.0,100.0,90.0,89.28571428571429,870,15.263157894736842,0,0,0,0,7,0,0,0,0,0,5.6633,3.925,5302,1110285,480,96,74,0.3311490755909197,2,0.887306,0.108153,122,3.254,23.257,35.151,32,0.041,3.4880000000000004,0,0,0,0,0,0,
K8_R0.90_T0_H1_N1_U1.6_S8019_CENTRAL_inprocess,8019,8,0.9,0,1,N1,0.98,3.0,1.6,CENTRAL,inprocess,0ecb473c7d69493d8dd4cc00ed0bbd5135941912607c5e28a06036b319c0996a,8bc96f56d55478fcdc47a67831cc3a6af608230d612143f61ddfe8550aba82c5,0.942,0,62,55,1,56,6,90.3225806451613,92.47311827956989,91.66666666666667,100.0,90.0,82.14285714285714,875,15.625,2,2,0,0,7,1,1,0,10,29,11.3391,3.8486,5138,1099274,84,65,11,0.016170892393691357,0,0.749987,0.10409199999999999,99,3.901,22.43,35.136,0,0.0,0.0,0,0,0,0,0,0,
K8_R0.90_T0_H1_N1_U1.6_S8019_CENTRAL_FB_inprocess,8019,8,0.9,0,1,N1,0.98,3.0,1.6,CENTRAL_FB,inprocess,0ecb473c7d69493d8dd4cc00ed0bbd5135941912607c5e28a06036b319c0996a,7a0804ccdc0baea3578cde909cbad6a591e84e31a28ab37651ecdb0f4b8746c9,0.955,0,62,55,1,56,6,90.3225806451613,92.47311827956989,91.66666666666667,100.0,90.0,82.14285714285714,875,15.625,2,2,0,0,7,1,1,0,10,29,11.3391,3.8486,5138,1099274,84,65,11,0.016170892393691357,0,0.773553,0.09769000000000001,99,3.5829999999999997,23.051,43.827,0,0.0,0.0,0,0,0,0,0,0,
K8_R0.90_T0_H1_N1_U1.6_S8019_HYBRID_inprocess,8019,8,0.9,0,1,N1,0.98,3.0,1.6,HYBRID,inprocess,0ecb473c7d69493d8dd4cc00ed0bbd5135941912607c5e28a06036b319c0996a,fc624c9317612e6b7ac976bae05fdc1a20123c7fa60cdfbb2c7155afae67bc3d,1.027,0,62,55,1,56,6,90.3225806451613,92.47311827956989,91.66666666666667,100.0,90.0,82.14285714285714,875,15.625,2,2,0,0,7,1,1,0,10,29,11.3391,3.8486,5138,1099274,84,65,11,0.016170892393691357,0,0.819343,0.104029,99,4.031,23.744999999999997,44.691,3,0.022,0.022,0,0,0,0,0,0,
K8_R0.90_T0_H1_N3_U1.6_S8019_CENTRAL_inprocess,8019,8,0.9,0,1,N3,0.75,20.0,1.6,CENTRAL,inprocess,822b1eeae5d95edbf261bf2f4569622554c275d3e04a03e6aff1110d99fd2f4d,194ea6f975b7ccb613958fb49274805b41e9fb891518e01949f081d75753e554,0.901,0,62,56,1,57,5,91.93548387096774,92.47311827956989,91.66666666666667,100.0,92.0,85.71428571428571,871,15.280701754385966,0,0,0,0,6,2,2,0,20,37,11.2854,3.8486,5272,1106287,479,94,64,0.28209978718373135,1,0.727231,0.097126,135,2.8600000000000003,17.799,38.861,0,0.0,0.0,0,1,0,0,0,0,
K8_R0.90_T0_H1_N3_U1.6_S8019_CENTRAL_FB_inprocess,8019,8,0.9,0,1,N3,0.75,20.0,1.6,CENTRAL_FB,inprocess,822b1eeae5d95edbf261bf2f4569622554c275d3e04a03e6aff1110d99fd2f4d,e0d03fc38a5a8979577c8d5f8c1c046b4aca9634e69bf9a0609545b5d426acbe,0.9,0,62,54,1,55,7,88.70967741935483,87.09677419354838,75.0,80.0,92.0,89.28571428571429,832,15.127272727272727,0,0,0,0,7,2,2,0,18,14,9.5871,3.8486,5272,1107092,459,100,64,0.3374765478424015,1,0.715611,0.09741600000000002,132,3.072,17.444000000000003,34.515,32,0.094,2.911,0,0,0,0,0,0,
K8_R0.90_T0_H1_N3_U1.6_S8019_HYBRID_inprocess,8019,8,0.9,0,1,N3,0.75,20.0,1.6,HYBRID,inprocess,822b1eeae5d95edbf261bf2f4569622554c275d3e04a03e6aff1110d99fd2f4d,47fd2ccf841bb2f1532fc2b4baadafaea64cbc10044927441b756a8950804021,0.813,0,62,54,1,55,7,88.70967741935483,87.09677419354838,75.0,80.0,92.0,89.28571428571429,835,15.181818181818182,0,0,0,0,7,2,2,0,18,17,9.9418,3.8486,5289,1108990,466,98,64,0.32786885245901637,2,0.6538,0.09016,135,2.976,14.514000000000001,31.872999999999998,34,0.101,2.458,0,1,0,0,0,0,
K8_R0.90_T0_H1_N1_U2_S8019_CENTRAL_inprocess,8019,8,0.9,0,1,N1,0.98,3.0,2.0,CENTRAL,inprocess,ae90bffc473f977927fcbdbffcdcf1c63dbdeba1dabb1507ecf4b602def23966,b3b132407981d4da7477b194622b08e8ba502cd5db82f04533fc34b0a41b33a8,1.015,0,62,55,1,56,6,90.3225806451613,90.3225806451613,83.33333333333333,80.0,92.0,89.28571428571429,820,14.642857142857142,0,0,0,0,8,8,8,0,71,210,13.8696,3.838,5230,1105173,94,52,10,0.025696351510396235,1,0.810557,0.105237,109,5.664,27.220000000000002,38.5,0,0.0,0.0,0,1,0,0,0,0,
K8_R0.90_T0_H1_N1_U2_S8019_CENTRAL_FB_inprocess,8019,8,0.9,0,1,N1,0.98,3.0,2.0,CENTRAL_FB,inprocess,ae90bffc473f977927fcbdbffcdcf1c63dbdeba1dabb1507ecf4b602def23966,8868555af3a233911da3a1fdcbe0c62f2497c6f2d4c0a01506806f9ab88940a9,0.897,0,62,55,1,56,6,90.3225806451613,90.3225806451613,83.33333333333333,80.0,92.0,89.28571428571429,820,14.642857142857142,0,0,0,0,8,8,8,0,71,210,13.8696,3.838,5230,1105173,94,52,10,0.025696351510396235,1,0.71365,0.089797,109,4.545999999999999,22.734,51.75,0,0.0,0.0,0,1,0,0,0,0,
K8_R0.90_T0_H1_N1_U2_S8019_HYBRID_inprocess,8019,8,0.9,0,1,N1,0.98,3.0,2.0,HYBRID,inprocess,ae90bffc473f977927fcbdbffcdcf1c63dbdeba1dabb1507ecf4b602def23966,2ec53c171824dda2ee032442e9a9795f7ab566aaacd64b31ff04e68c65d481e6,0.901,0,62,53,1,54,8,87.09677419354838,88.17204301075269,83.33333333333333,80.0,88.0,82.14285714285714,832,15.407407407407407,0,0,0,0,8,8,8,0,72,176,13.5625,3.838,5247,1106263,87,43,11,0.021314039890496676,0,0.70472,0.093213,111,4.617,14.391,55.495000000000005,8,0.034,0.034,0,1,0,0,0,0,
K8_R0.90_T0_H1_N3_U2_S8019_CENTRAL_inprocess,8019,8,0.9,0,1,N3,0.75,20.0,2.0,CENTRAL,inprocess,a8e71b9b45afda47cc973a077a9d42f991cf641000918746f8fb162e1fc3bfaa,897c6b3b661c165472b2fb9c48cc071ee0ff3e2b4931f4167b0cb13129603b7f,0.961,0,62,56,1,57,5,91.93548387096774,93.54838709677419,100.0,100.0,90.0,89.28571428571429,842,14.771929824561404,0,0,0,0,7,8,8,0,71,217,15.1759,3.838,5083,1089770,420,72,64,0.28074473297403235,3,0.761379,0.106657,124,3.796,20.186,42.177,0,0.0,0.0,0,1,0,0,0,0,
K8_R0.90_T0_H1_N3_U2_S8019_CENTRAL_FB_inprocess,8019,8,0.9,0,1,N3,0.75,20.0,2.0,CENTRAL_FB,inprocess,a8e71b9b45afda47cc973a077a9d42f991cf641000918746f8fb162e1fc3bfaa,caf4a8e2b05f220d6c6e72172cfe50dcf098ca22db9d89537c6eb7673631edb3,0.924,0,62,56,1,57,5,91.93548387096774,93.54838709677419,100.0,100.0,90.0,89.28571428571429,873,15.31578947368421,0,0,0,0,8,8,8,0,71,209,15.1759,3.838,5115,1092412,451,72,72,0.27796859666339546,2,0.733542,0.09533299999999999,129,3.238,22.265,35.562000000000005,34,0.103,0.65,0,0,0,0,0,0,
K8_R0.90_T0_H1_N3_U2_S8019_HYBRID_inprocess,8019,8,0.9,0,1,N3,0.75,20.0,2.0,HYBRID,inprocess,a8e71b9b45afda47cc973a077a9d42f991cf641000918746f8fb162e1fc3bfaa,0374d60f5450f1d355dea6dde5441bca3ab3b86e9f1699ebf670fad7c985ee80,0.973,0,62,55,1,56,6,90.3225806451613,89.24731182795699,83.33333333333333,80.0,92.0,92.85714285714286,809,14.446428571428571,0,0,0,0,7,8,8,0,71,209,15.1759,3.838,5077,1088838,442,69,72,0.2958374628344896,3,0.770085,0.10985600000000001,123,3.6069999999999998,25.34,39.035000000000004,43,0.145,0.5419999999999999,0,0,0,0,0,0,
K8_R0.90_T0_H1_N1_U1_S8020_CENTRAL_inprocess,8020,8,0.9,0,1,N1,0.98,3.0,1.0,CENTRAL,inprocess,b11e77985aa69e133d191b6d2d0c08ef6b9be8b1356d9a0e29753776d6321cdb,cec148de6162d1ae9caac376fe72e3fcf178fe7e2a2fd70564d029339ab23cc7,0.94,0,62,52,2,54,8,87.09677419354838,88.67924528301887,87.5,100.0,86.84210526315789,92.0,689,12.75925925925926,0,0,0,0,3,0,0,0,0,0,5.6419,3.9028,5412,1113464,113,60,3,0.012059543998492557,0,0.758331,0.095882,109,4.218,20.892,37.254000000000005,0,0.0,0.0,0,0,0,0,0,0,
K8_R0.90_T0_H1_N1_U1_S8020_CENTRAL_FB_inprocess,8020,8,0.9,0,1,N1,0.98,3.0,1.0,CENTRAL_FB,inprocess,b11e77985aa69e133d191b6d2d0c08ef6b9be8b1356d9a0e29753776d6321cdb,adc82167e8c17ae21747baec0065b82da3bdd30794f44e6b75fad438e3303d83,1.03,0,62,52,2,54,8,87.09677419354838,88.67924528301887,87.5,100.0,86.84210526315789,92.0,689,12.75925925925926,0,0,0,0,3,0,0,0,0,0,5.6419,3.9028,5412,1113464,113,60,3,0.012059543998492557,0,0.833342,0.104077,109,5.308,21.778,41.44,0,0.0,0.0,0,0,0,0,0,0,
K8_R0.90_T0_H1_N1_U1_S8020_HYBRID_inprocess,8020,8,0.9,0,1,N1,0.98,3.0,1.0,HYBRID,inprocess,b11e77985aa69e133d191b6d2d0c08ef6b9be8b1356d9a0e29753776d6321cdb,3aa0187118bdd767b7ca9eae6134614069f544846349a525f98b40d97a45b3b8,0.94,0,62,52,2,54,8,87.09677419354838,88.67924528301887,87.5,100.0,86.84210526315789,92.0,689,12.75925925925926,0,0,0,0,3,0,0,0,0,0,5.6419,3.9028,5412,1113464,113,60,3,0.012059543998492557,0,0.757601,0.094683,109,4.797,19.060000000000002,25.157,0,0.0,0.0,0,0,0,0,0,0,
K8_R0.90_T0_H1_N3_U1_S8020_CENTRAL_inprocess,8020,8,0.9,0,1,N3,0.75,20.0,1.0,CENTRAL,inprocess,69bfcb4ce411483feb765fd182f8354dcc73c75c9b87b8c299fb571158468f8a,17fec2aa240ec566743463f7526118df045852984920c9fdac219a1f253c1fe2,0.751,0,62,50,2,52,10,83.87096774193549,84.90566037735849,87.5,85.71428571428571,81.57894736842105,76.0,698,13.423076923076923,0,0,0,0,5,0,0,0,0,0,5.6491,3.9028,5187,1089615,442,76,126,0.43381060035167046,3,0.559761,0.103625,134,4.156,8.362,18.861,0,0.0,0.0,0,0,0,0,0,0,
K8_R0.90_T0_H1_N3_U1_S8020_CENTRAL_FB_inprocess,8020,8,0.9,0,1,N3,0.75,20.0,1.0,CENTRAL_FB,inprocess,69bfcb4ce411483feb765fd182f8354dcc73c75c9b87b8c299fb571158468f8a,a9964e3037da1e7b97e889443e837997ce4515bb9c25a57f1f5d1eff4d7813a0,0.735,0,62,50,2,52,10,83.87096774193549,84.90566037735849,87.5,85.71428571428571,81.57894736842105,76.0,699,13.442307692307692,0,0,0,0,5,0,0,0,0,0,5.6491,3.9028,5187,1089443,445,78,126,0.43223535328136786,3,0.544113,0.104259,134,4.002999999999999,7.517,12.911000000000001,38,0.13999999999999999,0.43600000000000005,0,0,0,0,0,0,
K8_R0.90_T0_H1_N3_U1_S8020_HYBRID_inprocess,8020,8,0.9,0,1,N3,0.75,20.0,1.0,HYBRID,inprocess,69bfcb4ce411483feb765fd182f8354dcc73c75c9b87b8c299fb571158468f8a,cc678ba6d0d395b8ed43ed37ba28b3c7ffae4b52fd39e95e688b6a26cf75623a,0.792,0,62,50,2,52,10,83.87096774193549,84.90566037735849,87.5,85.71428571428571,81.57894736842105,76.0,699,13.442307692307692,0,0,0,0,5,0,0,0,0,0,5.6491,3.9028,5187,1089443,445,78,126,0.43223535328136786,3,0.590639,0.115506,134,4.172000000000001,8.353,19.919,38,0.11299999999999999,0.526,0,0,0,0,0,0,
K8_R0.90_T0_H1_N1_U1.6_S8020_CENTRAL_inprocess,8020,8,0.9,0,1,N1,0.98,3.0,1.6,CENTRAL,inprocess,bb1961f84959beaefbdcbb8887a5a9e465cf2bbac3d97c6a7c1e428639d375da,501f8d7f7d0e9cdd8274be8c9eda7fa6a5b233769c1ddb6e3f56fc9ac29970db,0.888,0,62,51,2,53,9,85.48387096774194,86.79245283018868,83.33333333333333,100.0,86.84210526315789,88.0,697,13.150943396226415,0,0,0,0,4,4,4,0,39,40,9.7204,3.8647,5285,1097807,93,58,4,0.014214368036880523,0,0.718722,0.087263,115,4.1209999999999996,15.387,25.701999999999998,0,0.0,0.0,0,0,0,0,0,0,
K8_R0.90_T0_H1_N1_U1.6_S8020_CENTRAL_FB_inprocess,8020,8,0.9,0,1,N1,0.98,3.0,1.6,CENTRAL_FB,inprocess,bb1961f84959beaefbdcbb8887a5a9e465cf2bbac3d97c6a7c1e428639d375da,e3e58344fe7c6149d36476b6baf540437f86abc3e1079e1aff4736c8e930fce7,1.03,0,62,51,2,53,9,85.48387096774194,86.79245283018868,83.33333333333333,100.0,86.84210526315789,88.0,697,13.150943396226415,0,0,0,0,4,4,4,0,39,40,9.7204,3.8647,5285,1097807,93,58,4,0.014214368036880523,0,0.845487,0.09692200000000001,115,4.635,21.99,26.782,0,0.0,0.0,0,0,0,0,0,0,
K8_R0.90_T0_H1_N3_U1.6_S8020_CENTRAL_inprocess,8020,8,0.9,0,1,N3,0.75,20.0,1.6,CENTRAL,inprocess,1e84b8c08592cc7dde0bb396876b0da5d937e9a577506f104e5249d760f32bbd,7f676ff607a033e2375b2c2e682effaf63830ce0027beadb04ebe28a3aa5d4b6,0.635,0,62,46,2,48,14,77.41935483870968,78.30188679245283,70.83333333333333,85.71428571428571,81.57894736842105,76.0,722,15.041666666666666,0,0,0,0,4,2,2,0,18,12,9.2543,3.8647,5282,1092729,436,82,126,0.5031831537708129,3,0.474348,0.08724,128,3.362,8.265,11.222,0,0.0,0.0,0,0,0,0,0,0,
K8_R0.90_T0_H1_N1_U1.6_S8020_HYBRID_inprocess,8020,8,0.9,0,1,N1,0.98,3.0,1.6,HYBRID,inprocess,bb1961f84959beaefbdcbb8887a5a9e465cf2bbac3d97c6a7c1e428639d375da,c0beda86e6503b9026d7d9e397e789b62d6f2efce9d0efb3f5601207ddb96246,1.035,0,62,51,2,53,9,85.48387096774194,86.79245283018868,83.33333333333333,100.0,86.84210526315789,88.0,697,13.150943396226415,0,0,0,0,4,4,4,0,39,40,9.7204,3.8647,5285,1097807,93,58,4,0.014214368036880523,0,0.836084,0.107116,115,5.038,17.99,24.896,7,0.022,0.022,0,0,0,0,0,0,
K8_R0.90_T0_H1_N3_U1.6_S8020_CENTRAL_FB_inprocess,8020,8,0.9,0,1,N3,0.75,20.0,1.6,CENTRAL_FB,inprocess,1e84b8c08592cc7dde0bb396876b0da5d937e9a577506f104e5249d760f32bbd,e25e9039129cd22855ce4595597619f202362bf74b7e7f7f7c0d40067e9317c6,0.772,0,62,45,2,47,15,75.80645161290323,76.41509433962264,66.66666666666667,85.71428571428571,81.57894736842105,72.0,716,15.23404255319149,0,0,0,0,2,2,2,0,18,30,10.3325,3.8647,5282,1091653,446,84,126,0.5299901671583087,3,0.585939,0.10800200000000001,130,3.77,10.788,14.209,39,0.45,2.627,0,1,0,0,0,0,
K8_R0.90_T0_H1_N3_U1.6_S8020_HYBRID_inprocess,8020,8,0.9,0,1,N3,0.75,20.0,1.6,HYBRID,inprocess,1e84b8c08592cc7dde0bb396876b0da5d937e9a577506f104e5249d760f32bbd,6155f08476fcd6f2908ea26b775caea9d3e71596118ae5c75e854d6d3c585843,0.745,0,62,45,2,47,15,75.80645161290323,76.41509433962264,66.66666666666667,85.71428571428571,81.57894736842105,72.0,716,15.23404255319149,0,0,0,0,2,2,2,0,18,30,10.3325,3.8647,5282,1091653,446,84,126,0.5299901671583087,3,0.561606,0.106392,130,3.659,10.030000000000001,13.466000000000001,44,0.448,2.822,0,1,0,0,0,0,
K8_R0.90_T0_H1_N1_U2_S8020_CENTRAL_inprocess,8020,8,0.9,0,1,N1,0.98,3.0,2.0,CENTRAL,inprocess,3bacc7902383fad164fbe74655dbde763597b335f1a420c5c03f0bca106645cb,a74dd60cd23f30053ee7fbf07f5145c3e4527c6e9196057598ffccd9cd2e001f,1.036,0,62,51,2,53,9,85.48387096774194,86.79245283018868,87.5,85.71428571428571,84.21052631578948,92.0,691,13.037735849056604,0,0,0,0,6,8,8,0,73,235,14.2654,3.8269,5435,1113619,113,57,4,0.013862869988759834,2,0.844484,0.102096,119,5.736,14.614,22.705,0,0.0,0.0,0,1,0,0,0,0,
K8_R0.90_T0_H1_N1_U2_S8020_CENTRAL_FB_inprocess,8020,8,0.9,0,1,N1,0.98,3.0,2.0,CENTRAL_FB,inprocess,3bacc7902383fad164fbe74655dbde763597b335f1a420c5c03f0bca106645cb,3fb3ca3d9d5ce8b41f19c9f894b9eac2cbf29770f729789f13653a5b2ba46a54,1.314,0,62,51,2,53,9,85.48387096774194,86.79245283018868,87.5,85.71428571428571,84.21052631578948,92.0,691,13.037735849056604,0,0,0,0,6,8,8,0,73,235,14.2654,3.8269,5435,1113619,113,57,4,0.013862869988759834,2,1.068327,0.12704200000000002,119,6.717,19.072,35.897,0,0.0,0.0,0,1,0,0,0,0,
K8_R0.90_T0_H1_N1_U2_S8020_HYBRID_inprocess,8020,8,0.9,0,1,N1,0.98,3.0,2.0,HYBRID,inprocess,3bacc7902383fad164fbe74655dbde763597b335f1a420c5c03f0bca106645cb,39958ee7c0ad6f987a10360d57f8fd19ba5fbaa03cca9ba8ccfa2d01c03e75b6,1.28,0,62,51,2,53,9,85.48387096774194,86.79245283018868,87.5,85.71428571428571,84.21052631578948,92.0,713,13.452830188679245,0,0,0,0,7,8,8,0,74,199,14.2654,3.8269,5448,1115127,122,52,4,0.015519820493642483,0,1.056638,0.11554500000000001,121,6.887,19.817999999999998,26.018,8,0.028,0.028,0,1,0,0,0,0,
K8_R0.90_T0_H1_N3_U2_S8020_CENTRAL_inprocess,8020,8,0.9,0,1,N3,0.75,20.0,2.0,CENTRAL,inprocess,b0eabb9e02a26c8ae207463d687dc9489e33033dd543e45537e22d2182c52335,b775c60c474eb9e64e44432fe8039caac2d69c2b214db14eb5776715ab6d4e17,0.954,0,62,48,2,50,12,80.64516129032258,82.0754716981132,79.16666666666667,100.0,81.57894736842105,76.0,701,14.02,0,0,0,0,5,8,8,0,79,229,16.28,3.8269,5582,1124179,518,87,126,0.38828932261768084,4,0.750875,0.096731,150,4.924,10.042,23.48,0,0.0,0.0,0,0,0,0,0,0,
K8_R0.90_T0_H1_N3_U2_S8020_CENTRAL_FB_inprocess,8020,8,0.9,0,1,N3,0.75,20.0,2.0,CENTRAL_FB,inprocess,b0eabb9e02a26c8ae207463d687dc9489e33033dd543e45537e22d2182c52335,7808add1d88b0e80dcfa75954e8499215da730c2ea660af8d9c9868a4686b5de,0.869,0,62,50,2,52,10,83.87096774193549,83.01886792452831,83.33333333333333,71.42857142857143,84.21052631578948,80.0,738,14.192307692307692,0,0,0,0,8,8,8,0,78,172,13.0797,3.8269,5643,1132049,496,82,93,0.343714737079666,4,0.67702,0.10660499999999999,154,4.495,7.984,16.883,40,0.11299999999999999,0.392,0,0,0,0,0,0,
K8_R0.90_T0_H1_N3_U2_S8020_HYBRID_inprocess,8020,8,0.9,0,1,N3,0.75,20.0,2.0,HYBRID,inprocess,b0eabb9e02a26c8ae207463d687dc9489e33033dd543e45537e22d2182c52335,d2d61c0f23b3f7561fda40ab9943c6074958b4ffa22e83ceac61bf0dce4b1f9c,1.067,0,62,50,2,52,10,83.87096774193549,83.01886792452831,83.33333333333333,71.42857142857143,84.21052631578948,80.0,738,14.192307692307692,0,0,0,0,8,8,8,0,78,172,13.0797,3.8269,5643,1132051,496,82,93,0.343714737079666,4,0.859097,0.11400800000000001,154,5.646,11.628,21.464000000000002,46,0.104,0.45399999999999996,0,0,0,0,0,0,
