run_id,seed,traffic,thermal,network,method,served_weighted_pct,served_urgent_pct
K8_R0.90_T0_H0_N0_S8001_CENTRAL_FB_inprocess,8001,0,0,N0,CENTRAL_FB,89.0909090909091,91.66666666666667
K8_R0.90_T0_H0_N0_S8001_CENTRAL_FOG_inprocess,8001,0,0,N0,CENTRAL_FOG,89.0909090909091,91.66666666666667
K8_R0.90_T0_H0_N0_S8001_CENTRAL_inprocess,8001,0,0,N0,CENTRAL,89.0909090909091,91.66666666666667
K8_R0.90_T0_H0_N0_S8001_EDGE_MARKET_inprocess,8001,0,0,N0,EDGE_MARKET,79.0909090909091,75.0
K8_R0.90_T0_H0_N0_S8001_HYBRID_EAGER_inprocess,8001,0,0,N0,HYBRID_EAGER,89.0909090909091,91.66666666666667
K8_R0.90_T0_H0_N0_S8001_HYBRID_inprocess,8001,0,0,N0,HYBRID,89.0909090909091,91.66666666666667
K8_R0.90_T0_H0_N0_S8001_PERIODIC_inprocess,8001,0,0,N0,PERIODIC,85.45454545454545,91.66666666666667
K8_R0.90_T0_H0_N0_S8001_STATIC_inprocess,8001,0,0,N0,STATIC,83.63636363636364,83.33333333333333
K8_R0.90_T0_H0_N0_S8002_CENTRAL_FB_inprocess,8002,0,0,N0,CENTRAL_FB,90.625,100.0
K8_R0.90_T0_H0_N0_S8002_CENTRAL_FOG_inprocess,8002,0,0,N0,CENTRAL_FOG,90.625,100.0
K8_R0.90_T0_H0_N0_S8002_CENTRAL_inprocess,8002,0,0,N0,CENTRAL,90.625,100.0
K8_R0.90_T0_H0_N0_S8002_EDGE_MARKET_inprocess,8002,0,0,N0,EDGE_MARKET,94.79166666666667,100.0
K8_R0.90_T0_H0_N0_S8002_HYBRID_EAGER_inprocess,8002,0,0,N0,HYBRID_EAGER,90.625,100.0
K8_R0.90_T0_H0_N0_S8002_HYBRID_inprocess,8002,0,0,N0,HYBRID,90.625,100.0
K8_R0.90_T0_H0_N0_S8002_PERIODIC_inprocess,8002,0,0,N0,PERIODIC,93.75,100.0
K8_R0.90_T0_H0_N0_S8002_STATIC_inprocess,8002,0,0,N0,STATIC,90.625,83.33333333333333
K8_R0.90_T0_H0_N0_S8003_CENTRAL_FB_inprocess,8003,0,0,N0,CENTRAL_FB,92.45283018867924,90.9090909090909
K8_R0.90_T0_H0_N0_S8003_CENTRAL_FOG_inprocess,8003,0,0,N0,CENTRAL_FOG,92.45283018867924,90.9090909090909
K8_R0.90_T0_H0_N0_S8003_CENTRAL_inprocess,8003,0,0,N0,CENTRAL,92.45283018867924,90.9090909090909
K8_R0.90_T0_H0_N0_S8003_EDGE_MARKET_inprocess,8003,0,0,N0,EDGE_MARKET,93.39622641509433,90.9090909090909
K8_R0.90_T0_H0_N0_S8003_HYBRID_EAGER_inprocess,8003,0,0,N0,HYBRID_EAGER,92.45283018867924,90.9090909090909
K8_R0.90_T0_H0_N0_S8003_HYBRID_inprocess,8003,0,0,N0,HYBRID,92.45283018867924,90.9090909090909
K8_R0.90_T0_H0_N0_S8003_PERIODIC_inprocess,8003,0,0,N0,PERIODIC,87.73584905660377,72.72727272727273
K8_R0.90_T0_H0_N0_S8003_STATIC_inprocess,8003,0,0,N0,STATIC,89.62264150943396,72.72727272727273
K8_R0.90_T0_H0_N0_S8004_CENTRAL_FB_inprocess,8004,0,0,N0,CENTRAL_FB,92.55319148936171,50.0
K8_R0.90_T0_H0_N0_S8004_CENTRAL_FOG_inprocess,8004,0,0,N0,CENTRAL_FOG,92.55319148936171,50.0
K8_R0.90_T0_H0_N0_S8004_CENTRAL_inprocess,8004,0,0,N0,CENTRAL,92.55319148936171,50.0
K8_R0.90_T0_H0_N0_S8004_EDGE_MARKET_inprocess,8004,0,0,N0,EDGE_MARKET,92.55319148936171,50.0
K8_R0.90_T0_H0_N0_S8004_HYBRID_EAGER_inprocess,8004,0,0,N0,HYBRID_EAGER,92.55319148936171,50.0
K8_R0.90_T0_H0_N0_S8004_HYBRID_inprocess,8004,0,0,N0,HYBRID,92.55319148936171,50.0
K8_R0.90_T0_H0_N0_S8004_PERIODIC_inprocess,8004,0,0,N0,PERIODIC,95.74468085106383,50.0
K8_R0.90_T0_H0_N0_S8004_STATIC_inprocess,8004,0,0,N0,STATIC,88.29787234042553,0.0
K8_R0.90_T0_H0_N0_S8005_CENTRAL_FB_inprocess,8005,0,0,N0,CENTRAL_FB,100.0,100.0
K8_R0.90_T0_H0_N0_S8005_CENTRAL_FOG_inprocess,8005,0,0,N0,CENTRAL_FOG,100.0,100.0
K8_R0.90_T0_H0_N0_S8005_CENTRAL_inprocess,8005,0,0,N0,CENTRAL,100.0,100.0
K8_R0.90_T0_H0_N0_S8005_EDGE_MARKET_inprocess,8005,0,0,N0,EDGE_MARKET,97.89473684210526,100.0
K8_R0.90_T0_H0_N0_S8005_HYBRID_EAGER_inprocess,8005,0,0,N0,HYBRID_EAGER,100.0,100.0
K8_R0.90_T0_H0_N0_S8005_HYBRID_inprocess,8005,0,0,N0,HYBRID,100.0,100.0
K8_R0.90_T0_H0_N0_S8005_PERIODIC_inprocess,8005,0,0,N0,PERIODIC,97.89473684210526,100.0
K8_R0.90_T0_H0_N0_S8005_STATIC_inprocess,8005,0,0,N0,STATIC,87.36842105263158,33.333333333333336
K8_R0.90_T0_H0_N0_S8006_CENTRAL_FB_inprocess,8006,0,0,N0,CENTRAL_FB,88.77551020408163,75.0
K8_R0.90_T0_H0_N0_S8006_CENTRAL_FOG_inprocess,8006,0,0,N0,CENTRAL_FOG,88.77551020408163,75.0
K8_R0.90_T0_H0_N0_S8006_CENTRAL_inprocess,8006,0,0,N0,CENTRAL,88.77551020408163,75.0
K8_R0.90_T0_H0_N0_S8006_EDGE_MARKET_inprocess,8006,0,0,N0,EDGE_MARKET,84.6938775510204,87.5
K8_R0.90_T0_H0_N0_S8006_HYBRID_EAGER_inprocess,8006,0,0,N0,HYBRID_EAGER,88.77551020408163,75.0
K8_R0.90_T0_H0_N0_S8006_HYBRID_inprocess,8006,0,0,N0,HYBRID,88.77551020408163,75.0
K8_R0.90_T0_H0_N0_S8006_PERIODIC_inprocess,8006,0,0,N0,PERIODIC,86.73469387755102,75.0
K8_R0.90_T0_H0_N0_S8006_STATIC_inprocess,8006,0,0,N0,STATIC,74.48979591836735,50.0
K8_R0.90_T0_H0_N0_S8007_CENTRAL_FB_inprocess,8007,0,0,N0,CENTRAL_FB,91.08910891089108,100.0
K8_R0.90_T0_H0_N0_S8007_CENTRAL_FOG_inprocess,8007,0,0,N0,CENTRAL_FOG,91.08910891089108,100.0
K8_R0.90_T0_H0_N0_S8007_CENTRAL_inprocess,8007,0,0,N0,CENTRAL,91.08910891089108,100.0
K8_R0.90_T0_H0_N0_S8007_EDGE_MARKET_inprocess,8007,0,0,N0,EDGE_MARKET,93.06930693069307,100.0
K8_R0.90_T0_H0_N0_S8007_HYBRID_EAGER_inprocess,8007,0,0,N0,HYBRID_EAGER,91.08910891089108,100.0
K8_R0.90_T0_H0_N0_S8007_HYBRID_inprocess,8007,0,0,N0,HYBRID,91.08910891089108,100.0
K8_R0.90_T0_H0_N0_S8007_PERIODIC_inprocess,8007,0,0,N0,PERIODIC,91.08910891089108,100.0
K8_R0.90_T0_H0_N0_S8007_STATIC_inprocess,8007,0,0,N0,STATIC,86.13861386138613,100.0
K8_R0.90_T0_H0_N0_S8008_CENTRAL_FB_inprocess,8008,0,0,N0,CENTRAL_FB,95.83333333333333,100.0
K8_R0.90_T0_H0_N0_S8008_CENTRAL_FOG_inprocess,8008,0,0,N0,CENTRAL_FOG,95.83333333333333,100.0
K8_R0.90_T0_H0_N0_S8008_CENTRAL_inprocess,8008,0,0,N0,CENTRAL,95.83333333333333,100.0
K8_R0.90_T0_H0_N0_S8008_EDGE_MARKET_inprocess,8008,0,0,N0,EDGE_MARKET,93.75,100.0
K8_R0.90_T0_H0_N0_S8008_HYBRID_EAGER_inprocess,8008,0,0,N0,HYBRID_EAGER,95.83333333333333,100.0
K8_R0.90_T0_H0_N0_S8008_HYBRID_inprocess,8008,0,0,N0,HYBRID,95.83333333333333,100.0
K8_R0.90_T0_H0_N0_S8008_PERIODIC_inprocess,8008,0,0,N0,PERIODIC,93.75,80.0
K8_R0.90_T0_H0_N0_S8008_STATIC_inprocess,8008,0,0,N0,STATIC,90.625,100.0
K8_R0.90_T0_H0_N0_S8009_CENTRAL_FB_inprocess,8009,0,0,N0,CENTRAL_FB,91.20879120879121,75.0
K8_R0.90_T0_H0_N0_S8009_CENTRAL_FOG_inprocess,8009,0,0,N0,CENTRAL_FOG,91.20879120879121,75.0
K8_R0.90_T0_H0_N0_S8009_CENTRAL_inprocess,8009,0,0,N0,CENTRAL,91.20879120879121,75.0
K8_R0.90_T0_H0_N0_S8009_EDGE_MARKET_inprocess,8009,0,0,N0,EDGE_MARKET,84.61538461538461,50.0
K8_R0.90_T0_H0_N0_S8009_HYBRID_EAGER_inprocess,8009,0,0,N0,HYBRID_EAGER,91.20879120879121,75.0
K8_R0.90_T0_H0_N0_S8009_HYBRID_inprocess,8009,0,0,N0,HYBRID,91.20879120879121,75.0
K8_R0.90_T0_H0_N0_S8009_PERIODIC_inprocess,8009,0,0,N0,PERIODIC,92.3076923076923,75.0
K8_R0.90_T0_H0_N0_S8009_STATIC_inprocess,8009,0,0,N0,STATIC,86.81318681318682,75.0
K8_R0.90_T0_H0_N0_S8010_CENTRAL_FB_inprocess,8010,0,0,N0,CENTRAL_FB,95.6989247311828,100.0
K8_R0.90_T0_H0_N0_S8010_CENTRAL_FOG_inprocess,8010,0,0,N0,CENTRAL_FOG,95.6989247311828,100.0
K8_R0.90_T0_H0_N0_S8010_CENTRAL_inprocess,8010,0,0,N0,CENTRAL,95.6989247311828,100.0
K8_R0.90_T0_H0_N0_S8010_EDGE_MARKET_inprocess,8010,0,0,N0,EDGE_MARKET,93.54838709677419,100.0
K8_R0.90_T0_H0_N0_S8010_HYBRID_EAGER_inprocess,8010,0,0,N0,HYBRID_EAGER,95.6989247311828,100.0
K8_R0.90_T0_H0_N0_S8010_HYBRID_inprocess,8010,0,0,N0,HYBRID,95.6989247311828,100.0
K8_R0.90_T0_H0_N0_S8010_PERIODIC_inprocess,8010,0,0,N0,PERIODIC,93.54838709677419,100.0
K8_R0.90_T0_H0_N0_S8010_STATIC_inprocess,8010,0,0,N0,STATIC,95.6989247311828,100.0
K8_R0.90_T0_H0_N0_S8011_CENTRAL_FB_inprocess,8011,0,0,N0,CENTRAL_FB,87.61904761904762,100.0
K8_R0.90_T0_H0_N0_S8011_CENTRAL_FOG_inprocess,8011,0,0,N0,CENTRAL_FOG,87.61904761904762,100.0
K8_R0.90_T0_H0_N0_S8011_CENTRAL_inprocess,8011,0,0,N0,CENTRAL,87.61904761904762,100.0
K8_R0.90_T0_H0_N0_S8011_EDGE_MARKET_inprocess,8011,0,0,N0,EDGE_MARKET,86.66666666666667,100.0
K8_R0.90_T0_H0_N0_S8011_HYBRID_EAGER_inprocess,8011,0,0,N0,HYBRID_EAGER,87.61904761904762,100.0
K8_R0.90_T0_H0_N0_S8011_HYBRID_inprocess,8011,0,0,N0,HYBRID,87.61904761904762,100.0
K8_R0.90_T0_H0_N0_S8011_PERIODIC_inprocess,8011,0,0,N0,PERIODIC,89.52380952380952,100.0
K8_R0.90_T0_H0_N0_S8011_STATIC_inprocess,8011,0,0,N0,STATIC,78.0952380952381,57.142857142857146
K8_R0.90_T0_H0_N0_S8012_CENTRAL_FB_inprocess,8012,0,0,N0,CENTRAL_FB,81.98198198198199,100.0
K8_R0.90_T0_H0_N0_S8012_CENTRAL_FOG_inprocess,8012,0,0,N0,CENTRAL_FOG,81.98198198198199,100.0
K8_R0.90_T0_H0_N0_S8012_CENTRAL_inprocess,8012,0,0,N0,CENTRAL,81.98198198198199,100.0
K8_R0.90_T0_H0_N0_S8012_EDGE_MARKET_inprocess,8012,0,0,N0,EDGE_MARKET,84.68468468468468,100.0
K8_R0.90_T0_H0_N0_S8012_HYBRID_EAGER_inprocess,8012,0,0,N0,HYBRID_EAGER,81.98198198198199,100.0
K8_R0.90_T0_H0_N0_S8012_HYBRID_inprocess,8012,0,0,N0,HYBRID,81.98198198198199,100.0
K8_R0.90_T0_H0_N0_S8012_PERIODIC_inprocess,8012,0,0,N0,PERIODIC,79.27927927927928,90.9090909090909
K8_R0.90_T0_H0_N0_S8012_STATIC_inprocess,8012,0,0,N0,STATIC,72.07207207207207,45.45454545454545
K8_R0.90_T0_H0_N0_S8013_CENTRAL_FB_inprocess,8013,0,0,N0,CENTRAL_FB,90.29126213592232,88.88888888888889
K8_R0.90_T0_H0_N0_S8013_CENTRAL_FOG_inprocess,8013,0,0,N0,CENTRAL_FOG,90.29126213592232,88.88888888888889
K8_R0.90_T0_H0_N0_S8013_CENTRAL_inprocess,8013,0,0,N0,CENTRAL,90.29126213592232,88.88888888888889
K8_R0.90_T0_H0_N0_S8013_EDGE_MARKET_inprocess,8013,0,0,N0,EDGE_MARKET,87.37864077669903,100.0
K8_R0.90_T0_H0_N0_S8013_HYBRID_EAGER_inprocess,8013,0,0,N0,HYBRID_EAGER,90.29126213592232,88.88888888888889
K8_R0.90_T0_H0_N0_S8013_HYBRID_inprocess,8013,0,0,N0,HYBRID,90.29126213592232,88.88888888888889
K8_R0.90_T0_H0_N0_S8013_PERIODIC_inprocess,8013,0,0,N0,PERIODIC,88.3495145631068,100.0
K8_R0.90_T0_H0_N0_S8013_STATIC_inprocess,8013,0,0,N0,STATIC,84.46601941747574,66.66666666666667
K8_R0.90_T0_H0_N0_S8014_CENTRAL_FB_inprocess,8014,0,0,N0,CENTRAL_FB,95.23809523809524,100.0
K8_R0.90_T0_H0_N0_S8014_CENTRAL_FOG_inprocess,8014,0,0,N0,CENTRAL_FOG,95.23809523809524,100.0
K8_R0.90_T0_H0_N0_S8014_CENTRAL_inprocess,8014,0,0,N0,CENTRAL,95.23809523809524,100.0
K8_R0.90_T0_H0_N0_S8014_EDGE_MARKET_inprocess,8014,0,0,N0,EDGE_MARKET,87.61904761904762,81.81818181818181
K8_R0.90_T0_H0_N0_S8014_HYBRID_EAGER_inprocess,8014,0,0,N0,HYBRID_EAGER,95.23809523809524,100.0
K8_R0.90_T0_H0_N0_S8014_HYBRID_inprocess,8014,0,0,N0,HYBRID,95.23809523809524,100.0
K8_R0.90_T0_H0_N0_S8014_PERIODIC_inprocess,8014,0,0,N0,PERIODIC,92.38095238095238,90.9090909090909
K8_R0.90_T0_H0_N0_S8014_STATIC_inprocess,8014,0,0,N0,STATIC,89.52380952380952,81.81818181818181
K8_R0.90_T0_H0_N0_S8015_CENTRAL_FB_inprocess,8015,0,0,N0,CENTRAL_FB,95.41284403669725,100.0
K8_R0.90_T0_H0_N0_S8015_CENTRAL_FOG_inprocess,8015,0,0,N0,CENTRAL_FOG,95.41284403669725,100.0
K8_R0.90_T0_H0_N0_S8015_CENTRAL_inprocess,8015,0,0,N0,CENTRAL,95.41284403669725,100.0
K8_R0.90_T0_H0_N0_S8015_EDGE_MARKET_inprocess,8015,0,0,N0,EDGE_MARKET,94.4954128440367,100.0
K8_R0.90_T0_H0_N0_S8015_HYBRID_EAGER_inprocess,8015,0,0,N0,HYBRID_EAGER,95.41284403669725,100.0
K8_R0.90_T0_H0_N0_S8015_HYBRID_inprocess,8015,0,0,N0,HYBRID,95.41284403669725,100.0
K8_R0.90_T0_H0_N0_S8015_PERIODIC_inprocess,8015,0,0,N0,PERIODIC,93.57798165137615,92.85714285714286
K8_R0.90_T0_H0_N0_S8015_STATIC_inprocess,8015,0,0,N0,STATIC,94.4954128440367,100.0
K8_R0.90_T0_H0_N0_S8016_CENTRAL_FB_inprocess,8016,0,0,N0,CENTRAL_FB,96.0,100.0
K8_R0.90_T0_H0_N0_S8016_CENTRAL_FOG_inprocess,8016,0,0,N0,CENTRAL_FOG,96.0,100.0
K8_R0.90_T0_H0_N0_S8016_CENTRAL_inprocess,8016,0,0,N0,CENTRAL,96.0,100.0
K8_R0.90_T0_H0_N0_S8016_EDGE_MARKET_inprocess,8016,0,0,N0,EDGE_MARKET,94.0,100.0
K8_R0.90_T0_H0_N0_S8016_HYBRID_EAGER_inprocess,8016,0,0,N0,HYBRID_EAGER,96.0,100.0
K8_R0.90_T0_H0_N0_S8016_HYBRID_inprocess,8016,0,0,N0,HYBRID,96.0,100.0
K8_R0.90_T0_H0_N0_S8016_PERIODIC_inprocess,8016,0,0,N0,PERIODIC,94.0,100.0
K8_R0.90_T0_H0_N0_S8016_STATIC_inprocess,8016,0,0,N0,STATIC,89.0,80.0
K8_R0.90_T0_H0_N0_S8017_CENTRAL_FB_inprocess,8017,0,0,N0,CENTRAL_FB,86.40776699029126,77.77777777777777
K8_R0.90_T0_H0_N0_S8017_CENTRAL_FOG_inprocess,8017,0,0,N0,CENTRAL_FOG,86.40776699029126,77.77777777777777
K8_R0.90_T0_H0_N0_S8017_CENTRAL_inprocess,8017,0,0,N0,CENTRAL,86.40776699029126,77.77777777777777
K8_R0.90_T0_H0_N0_S8017_EDGE_MARKET_inprocess,8017,0,0,N0,EDGE_MARKET,85.4368932038835,88.88888888888889
K8_R0.90_T0_H0_N0_S8017_HYBRID_EAGER_inprocess,8017,0,0,N0,HYBRID_EAGER,94.1747572815534,88.88888888888889
K8_R0.90_T0_H0_N0_S8017_HYBRID_inprocess,8017,0,0,N0,HYBRID,86.40776699029126,77.77777777777777
K8_R0.90_T0_H0_N0_S8017_PERIODIC_inprocess,8017,0,0,N0,PERIODIC,93.20388349514563,100.0
K8_R0.90_T0_H0_N0_S8017_STATIC_inprocess,8017,0,0,N0,STATIC,82.52427184466019,88.88888888888889
K8_R0.90_T0_H0_N0_S8018_CENTRAL_FB_inprocess,8018,0,0,N0,CENTRAL_FB,94.11764705882354,100.0
K8_R0.90_T0_H0_N0_S8018_CENTRAL_FOG_inprocess,8018,0,0,N0,CENTRAL_FOG,94.11764705882354,100.0
K8_R0.90_T0_H0_N0_S8018_CENTRAL_inprocess,8018,0,0,N0,CENTRAL,94.11764705882354,100.0
K8_R0.90_T0_H0_N0_S8018_EDGE_MARKET_inprocess,8018,0,0,N0,EDGE_MARKET,91.17647058823529,71.42857142857143
K8_R0.90_T0_H0_N0_S8018_HYBRID_EAGER_inprocess,8018,0,0,N0,HYBRID_EAGER,94.11764705882354,100.0
K8_R0.90_T0_H0_N0_S8018_HYBRID_inprocess,8018,0,0,N0,HYBRID,94.11764705882354,100.0
K8_R0.90_T0_H0_N0_S8018_PERIODIC_inprocess,8018,0,0,N0,PERIODIC,96.07843137254902,100.0
K8_R0.90_T0_H0_N0_S8018_STATIC_inprocess,8018,0,0,N0,STATIC,93.13725490196079,100.0
K8_R0.90_T0_H0_N0_S8019_CENTRAL_FB_inprocess,8019,0,0,N0,CENTRAL_FB,94.6236559139785,100.0
K8_R0.90_T0_H0_N0_S8019_CENTRAL_FOG_inprocess,8019,0,0,N0,CENTRAL_FOG,94.6236559139785,100.0
K8_R0.90_T0_H0_N0_S8019_CENTRAL_inprocess,8019,0,0,N0,CENTRAL,94.6236559139785,100.0
K8_R0.90_T0_H0_N0_S8019_EDGE_MARKET_inprocess,8019,0,0,N0,EDGE_MARKET,91.39784946236558,80.0
K8_R0.90_T0_H0_N0_S8019_HYBRID_EAGER_inprocess,8019,0,0,N0,HYBRID_EAGER,94.6236559139785,100.0
K8_R0.90_T0_H0_N0_S8019_HYBRID_inprocess,8019,0,0,N0,HYBRID,94.6236559139785,100.0
K8_R0.90_T0_H0_N0_S8019_PERIODIC_inprocess,8019,0,0,N0,PERIODIC,94.6236559139785,100.0
K8_R0.90_T0_H0_N0_S8019_STATIC_inprocess,8019,0,0,N0,STATIC,88.17204301075269,80.0
K8_R0.90_T0_H0_N0_S8020_CENTRAL_FB_inprocess,8020,0,0,N0,CENTRAL_FB,85.84905660377359,57.142857142857146
K8_R0.90_T0_H0_N0_S8020_CENTRAL_FOG_inprocess,8020,0,0,N0,CENTRAL_FOG,85.84905660377359,57.142857142857146
K8_R0.90_T0_H0_N0_S8020_CENTRAL_inprocess,8020,0,0,N0,CENTRAL,85.84905660377359,57.142857142857146
K8_R0.90_T0_H0_N0_S8020_EDGE_MARKET_inprocess,8020,0,0,N0,EDGE_MARKET,84.90566037735849,71.42857142857143
K8_R0.90_T0_H0_N0_S8020_HYBRID_EAGER_inprocess,8020,0,0,N0,HYBRID_EAGER,85.84905660377359,57.142857142857146
K8_R0.90_T0_H0_N0_S8020_HYBRID_inprocess,8020,0,0,N0,HYBRID,85.84905660377359,57.142857142857146
K8_R0.90_T0_H0_N0_S8020_PERIODIC_inprocess,8020,0,0,N0,PERIODIC,86.79245283018868,57.142857142857146
K8_R0.90_T0_H0_N0_S8020_STATIC_inprocess,8020,0,0,N0,STATIC,81.13207547169812,57.142857142857146
K8_R0.90_T0_H0_N0_S8021_CENTRAL_FB_inprocess,8021,0,0,N0,CENTRAL_FB,88.11881188118812,88.88888888888889
K8_R0.90_T0_H0_N0_S8021_CENTRAL_FOG_inprocess,8021,0,0,N0,CENTRAL_FOG,88.11881188118812,88.88888888888889
K8_R0.90_T0_H0_N0_S8021_CENTRAL_inprocess,8021,0,0,N0,CENTRAL,88.11881188118812,88.88888888888889
K8_R0.90_T0_H0_N0_S8021_EDGE_MARKET_inprocess,8021,0,0,N0,EDGE_MARKET,89.10891089108911,88.88888888888889
K8_R0.90_T0_H0_N0_S8021_HYBRID_EAGER_inprocess,8021,0,0,N0,HYBRID_EAGER,88.11881188118812,88.88888888888889
K8_R0.90_T0_H0_N0_S8021_HYBRID_inprocess,8021,0,0,N0,HYBRID,88.11881188118812,88.88888888888889
K8_R0.90_T0_H0_N0_S8021_PERIODIC_inprocess,8021,0,0,N0,PERIODIC,88.11881188118812,77.77777777777777
K8_R0.90_T0_H0_N0_S8021_STATIC_inprocess,8021,0,0,N0,STATIC,82.17821782178218,66.66666666666667
K8_R0.90_T0_H0_N0_S8022_CENTRAL_FB_inprocess,8022,0,0,N0,CENTRAL_FB,90.65420560747664,100.0
K8_R0.90_T0_H0_N0_S8022_CENTRAL_FOG_inprocess,8022,0,0,N0,CENTRAL_FOG,90.65420560747664,100.0
K8_R0.90_T0_H0_N0_S8022_CENTRAL_inprocess,8022,0,0,N0,CENTRAL,90.65420560747664,100.0
K8_R0.90_T0_H0_N0_S8022_EDGE_MARKET_inprocess,8022,0,0,N0,EDGE_MARKET,87.85046728971963,100.0
K8_R0.90_T0_H0_N0_S8022_HYBRID_EAGER_inprocess,8022,0,0,N0,HYBRID_EAGER,90.65420560747664,100.0
K8_R0.90_T0_H0_N0_S8022_HYBRID_inprocess,8022,0,0,N0,HYBRID,90.65420560747664,100.0
K8_R0.90_T0_H0_N0_S8022_PERIODIC_inprocess,8022,0,0,N0,PERIODIC,84.11214953271028,87.5
K8_R0.90_T0_H0_N0_S8022_STATIC_inprocess,8022,0,0,N0,STATIC,78.50467289719626,62.5
K8_R0.90_T0_H0_N0_S8023_CENTRAL_FB_inprocess,8023,0,0,N0,CENTRAL_FB,90.19607843137256,90.9090909090909
K8_R0.90_T0_H0_N0_S8023_CENTRAL_FOG_inprocess,8023,0,0,N0,CENTRAL_FOG,90.19607843137256,90.9090909090909
K8_R0.90_T0_H0_N0_S8023_CENTRAL_inprocess,8023,0,0,N0,CENTRAL,90.19607843137256,90.9090909090909
K8_R0.90_T0_H0_N0_S8023_EDGE_MARKET_inprocess,8023,0,0,N0,EDGE_MARKET,90.19607843137256,90.9090909090909
K8_R0.90_T0_H0_N0_S8023_HYBRID_EAGER_inprocess,8023,0,0,N0,HYBRID_EAGER,90.19607843137256,90.9090909090909
K8_R0.90_T0_H0_N0_S8023_HYBRID_inprocess,8023,0,0,N0,HYBRID,90.19607843137256,90.9090909090909
K8_R0.90_T0_H0_N0_S8023_PERIODIC_inprocess,8023,0,0,N0,PERIODIC,92.15686274509804,90.9090909090909
K8_R0.90_T0_H0_N0_S8023_STATIC_inprocess,8023,0,0,N0,STATIC,90.19607843137256,90.9090909090909
K8_R0.90_T0_H0_N0_S8024_CENTRAL_FB_inprocess,8024,0,0,N0,CENTRAL_FB,91.0,100.0
K8_R0.90_T0_H0_N0_S8024_CENTRAL_FOG_inprocess,8024,0,0,N0,CENTRAL_FOG,91.0,100.0
K8_R0.90_T0_H0_N0_S8024_CENTRAL_inprocess,8024,0,0,N0,CENTRAL,91.0,100.0
K8_R0.90_T0_H0_N0_S8024_EDGE_MARKET_inprocess,8024,0,0,N0,EDGE_MARKET,86.0,100.0
K8_R0.90_T0_H0_N0_S8024_HYBRID_EAGER_inprocess,8024,0,0,N0,HYBRID_EAGER,93.0,100.0
K8_R0.90_T0_H0_N0_S8024_HYBRID_inprocess,8024,0,0,N0,HYBRID,91.0,100.0
K8_R0.90_T0_H0_N0_S8024_PERIODIC_inprocess,8024,0,0,N0,PERIODIC,94.0,100.0
K8_R0.90_T0_H0_N0_S8024_STATIC_inprocess,8024,0,0,N0,STATIC,84.0,83.33333333333333
K8_R0.90_T0_H0_N0_S8025_CENTRAL_FB_inprocess,8025,0,0,N0,CENTRAL_FB,93.75,100.0
K8_R0.90_T0_H0_N0_S8025_CENTRAL_FOG_inprocess,8025,0,0,N0,CENTRAL_FOG,93.75,100.0
K8_R0.90_T0_H0_N0_S8025_CENTRAL_inprocess,8025,0,0,N0,CENTRAL,93.75,100.0
K8_R0.90_T0_H0_N0_S8025_EDGE_MARKET_inprocess,8025,0,0,N0,EDGE_MARKET,93.75,100.0
K8_R0.90_T0_H0_N0_S8025_HYBRID_EAGER_inprocess,8025,0,0,N0,HYBRID_EAGER,93.75,100.0
K8_R0.90_T0_H0_N0_S8025_HYBRID_inprocess,8025,0,0,N0,HYBRID,93.75,100.0
K8_R0.90_T0_H0_N0_S8025_PERIODIC_inprocess,8025,0,0,N0,PERIODIC,90.625,100.0
K8_R0.90_T0_H0_N0_S8025_STATIC_inprocess,8025,0,0,N0,STATIC,93.75,66.66666666666667
K8_R0.90_T0_H0_N0_S8026_CENTRAL_FB_inprocess,8026,0,0,N0,CENTRAL_FB,96.875,100.0
K8_R0.90_T0_H0_N0_S8026_CENTRAL_FOG_inprocess,8026,0,0,N0,CENTRAL_FOG,96.875,100.0
K8_R0.90_T0_H0_N0_S8026_CENTRAL_inprocess,8026,0,0,N0,CENTRAL,96.875,100.0
K8_R0.90_T0_H0_N0_S8026_EDGE_MARKET_inprocess,8026,0,0,N0,EDGE_MARKET,93.75,100.0
K8_R0.90_T0_H0_N0_S8026_HYBRID_EAGER_inprocess,8026,0,0,N0,HYBRID_EAGER,96.875,100.0
K8_R0.90_T0_H0_N0_S8026_HYBRID_inprocess,8026,0,0,N0,HYBRID,96.875,100.0
K8_R0.90_T0_H0_N0_S8026_PERIODIC_inprocess,8026,0,0,N0,PERIODIC,92.70833333333333,83.33333333333333
K8_R0.90_T0_H0_N0_S8026_STATIC_inprocess,8026,0,0,N0,STATIC,91.66666666666667,100.0
K8_R0.90_T0_H0_N0_S8027_CENTRAL_FB_inprocess,8027,0,0,N0,CENTRAL_FB,87.37864077669903,88.88888888888889
K8_R0.90_T0_H0_N0_S8027_CENTRAL_FOG_inprocess,8027,0,0,N0,CENTRAL_FOG,87.37864077669903,88.88888888888889
K8_R0.90_T0_H0_N0_S8027_CENTRAL_inprocess,8027,0,0,N0,CENTRAL,87.37864077669903,88.88888888888889
K8_R0.90_T0_H0_N0_S8027_EDGE_MARKET_inprocess,8027,0,0,N0,EDGE_MARKET,89.32038834951456,100.0
K8_R0.90_T0_H0_N0_S8027_HYBRID_EAGER_inprocess,8027,0,0,N0,HYBRID_EAGER,87.37864077669903,88.88888888888889
K8_R0.90_T0_H0_N0_S8027_HYBRID_inprocess,8027,0,0,N0,HYBRID,87.37864077669903,88.88888888888889
K8_R0.90_T0_H0_N0_S8027_PERIODIC_inprocess,8027,0,0,N0,PERIODIC,89.32038834951456,100.0
K8_R0.90_T0_H0_N0_S8027_STATIC_inprocess,8027,0,0,N0,STATIC,87.37864077669903,100.0
K8_R0.90_T0_H0_N0_S8028_CENTRAL_FB_inprocess,8028,0,0,N0,CENTRAL_FB,84.90566037735849,78.57142857142857
K8_R0.90_T0_H0_N0_S8028_CENTRAL_FOG_inprocess,8028,0,0,N0,CENTRAL_FOG,84.90566037735849,78.57142857142857
K8_R0.90_T0_H0_N0_S8028_CENTRAL_inprocess,8028,0,0,N0,CENTRAL,84.90566037735849,78.57142857142857
K8_R0.90_T0_H0_N0_S8028_EDGE_MARKET_inprocess,8028,0,0,N0,EDGE_MARKET,80.18867924528301,71.42857142857143
K8_R0.90_T0_H0_N0_S8028_HYBRID_EAGER_inprocess,8028,0,0,N0,HYBRID_EAGER,84.90566037735849,78.57142857142857
K8_R0.90_T0_H0_N0_S8028_HYBRID_inprocess,8028,0,0,N0,HYBRID,84.90566037735849,78.57142857142857
K8_R0.90_T0_H0_N0_S8028_PERIODIC_inprocess,8028,0,0,N0,PERIODIC,83.01886792452831,78.57142857142857
K8_R0.90_T0_H0_N0_S8028_STATIC_inprocess,8028,0,0,N0,STATIC,80.18867924528301,64.28571428571429
K8_R0.90_T0_H0_N0_S8029_CENTRAL_FB_inprocess,8029,0,0,N0,CENTRAL_FB,90.9090909090909,100.0
K8_R0.90_T0_H0_N0_S8029_CENTRAL_FOG_inprocess,8029,0,0,N0,CENTRAL_FOG,90.9090909090909,100.0
K8_R0.90_T0_H0_N0_S8029_CENTRAL_inprocess,8029,0,0,N0,CENTRAL,90.9090909090909,100.0
K8_R0.90_T0_H0_N0_S8029_EDGE_MARKET_inprocess,8029,0,0,N0,EDGE_MARKET,88.88888888888889,100.0
K8_R0.90_T0_H0_N0_S8029_HYBRID_EAGER_inprocess,8029,0,0,N0,HYBRID_EAGER,90.9090909090909,100.0
K8_R0.90_T0_H0_N0_S8029_HYBRID_inprocess,8029,0,0,N0,HYBRID,90.9090909090909,100.0
K8_R0.90_T0_H0_N0_S8029_PERIODIC_inprocess,8029,0,0,N0,PERIODIC,86.86868686868686,83.33333333333333
K8_R0.90_T0_H0_N0_S8029_STATIC_inprocess,8029,0,0,N0,STATIC,83.83838383838383,83.33333333333333
K8_R0.90_T0_H0_N0_S8030_CENTRAL_FB_inprocess,8030,0,0,N0,CENTRAL_FB,89.8989898989899,100.0
K8_R0.90_T0_H0_N0_S8030_CENTRAL_FOG_inprocess,8030,0,0,N0,CENTRAL_FOG,89.8989898989899,100.0
K8_R0.90_T0_H0_N0_S8030_CENTRAL_inprocess,8030,0,0,N0,CENTRAL,89.8989898989899,100.0
K8_R0.90_T0_H0_N0_S8030_EDGE_MARKET_inprocess,8030,0,0,N0,EDGE_MARKET,86.86868686868686,100.0
K8_R0.90_T0_H0_N0_S8030_HYBRID_EAGER_inprocess,8030,0,0,N0,HYBRID_EAGER,89.8989898989899,100.0
K8_R0.90_T0_H0_N0_S8030_HYBRID_inprocess,8030,0,0,N0,HYBRID,89.8989898989899,100.0
K8_R0.90_T0_H0_N0_S8030_PERIODIC_inprocess,8030,0,0,N0,PERIODIC,89.8989898989899,100.0
K8_R0.90_T0_H0_N0_S8030_STATIC_inprocess,8030,0,0,N0,STATIC,80.8080808080808,66.66666666666667
K8_R0.90_T0_H0_N0_S8031_CENTRAL_FB_inprocess,8031,0,0,N0,CENTRAL_FB,85.26315789473684,83.33333333333333
K8_R0.90_T0_H0_N0_S8031_CENTRAL_FOG_inprocess,8031,0,0,N0,CENTRAL_FOG,85.26315789473684,83.33333333333333
K8_R0.90_T0_H0_N0_S8031_CENTRAL_inprocess,8031,0,0,N0,CENTRAL,85.26315789473684,83.33333333333333
K8_R0.90_T0_H0_N0_S8031_EDGE_MARKET_inprocess,8031,0,0,N0,EDGE_MARKET,84.21052631578948,83.33333333333333
K8_R0.90_T0_H0_N0_S8031_HYBRID_EAGER_inprocess,8031,0,0,N0,HYBRID_EAGER,85.26315789473684,83.33333333333333
K8_R0.90_T0_H0_N0_S8031_HYBRID_inprocess,8031,0,0,N0,HYBRID,85.26315789473684,83.33333333333333
K8_R0.90_T0_H0_N0_S8031_PERIODIC_inprocess,8031,0,0,N0,PERIODIC,85.26315789473684,83.33333333333333
K8_R0.90_T0_H0_N0_S8031_STATIC_inprocess,8031,0,0,N0,STATIC,75.78947368421052,33.333333333333336
K8_R0.90_T0_H0_N0_S8032_CENTRAL_FB_inprocess,8032,0,0,N0,CENTRAL_FB,90.9090909090909,100.0
K8_R0.90_T0_H0_N0_S8032_CENTRAL_FOG_inprocess,8032,0,0,N0,CENTRAL_FOG,90.9090909090909,100.0
K8_R0.90_T0_H0_N0_S8032_CENTRAL_inprocess,8032,0,0,N0,CENTRAL,90.9090909090909,100.0
K8_R0.90_T0_H0_N0_S8032_EDGE_MARKET_inprocess,8032,0,0,N0,EDGE_MARKET,87.87878787878788,100.0
K8_R0.90_T0_H0_N0_S8032_HYBRID_EAGER_inprocess,8032,0,0,N0,HYBRID_EAGER,91.91919191919192,100.0
K8_R0.90_T0_H0_N0_S8032_HYBRID_inprocess,8032,0,0,N0,HYBRID,90.9090909090909,100.0
K8_R0.90_T0_H0_N0_S8032_PERIODIC_inprocess,8032,0,0,N0,PERIODIC,91.91919191919192,100.0
K8_R0.90_T0_H0_N0_S8032_STATIC_inprocess,8032,0,0,N0,STATIC,86.86868686868686,100.0
K8_R0.90_T0_H0_N0_S8033_CENTRAL_FB_inprocess,8033,0,0,N0,CENTRAL_FB,95.91836734693878,100.0
K8_R0.90_T0_H0_N0_S8033_CENTRAL_FOG_inprocess,8033,0,0,N0,CENTRAL_FOG,95.91836734693878,100.0
K8_R0.90_T0_H0_N0_S8033_CENTRAL_inprocess,8033,0,0,N0,CENTRAL,95.91836734693878,100.0
K8_R0.90_T0_H0_N0_S8033_EDGE_MARKET_inprocess,8033,0,0,N0,EDGE_MARKET,96.93877551020408,100.0
K8_R0.90_T0_H0_N0_S8033_HYBRID_EAGER_inprocess,8033,0,0,N0,HYBRID_EAGER,95.91836734693878,100.0
K8_R0.90_T0_H0_N0_S8033_HYBRID_inprocess,8033,0,0,N0,HYBRID,95.91836734693878,100.0
K8_R0.90_T0_H0_N0_S8033_PERIODIC_inprocess,8033,0,0,N0,PERIODIC,93.87755102040816,100.0
K8_R0.90_T0_H0_N0_S8033_STATIC_inprocess,8033,0,0,N0,STATIC,95.91836734693878,100.0
K8_R0.90_T0_H0_N0_S8034_CENTRAL_FB_inprocess,8034,0,0,N0,CENTRAL_FB,100.0,100.0
K8_R0.90_T0_H0_N0_S8034_CENTRAL_FOG_inprocess,8034,0,0,N0,CENTRAL_FOG,100.0,100.0
K8_R0.90_T0_H0_N0_S8034_CENTRAL_inprocess,8034,0,0,N0,CENTRAL,100.0,100.0
K8_R0.90_T0_H0_N0_S8034_EDGE_MARKET_inprocess,8034,0,0,N0,EDGE_MARKET,89.42307692307692,100.0
K8_R0.90_T0_H0_N0_S8034_HYBRID_EAGER_inprocess,8034,0,0,N0,HYBRID_EAGER,100.0,100.0
K8_R0.90_T0_H0_N0_S8034_HYBRID_inprocess,8034,0,0,N0,HYBRID,100.0,100.0
K8_R0.90_T0_H0_N0_S8034_PERIODIC_inprocess,8034,0,0,N0,PERIODIC,94.23076923076923,100.0
K8_R0.90_T0_H0_N0_S8034_STATIC_inprocess,8034,0,0,N0,STATIC,86.53846153846153,87.5
K8_R0.90_T0_H0_N0_S8035_CENTRAL_FB_inprocess,8035,0,0,N0,CENTRAL_FB,94.5945945945946,91.66666666666667
K8_R0.90_T0_H0_N0_S8035_CENTRAL_FOG_inprocess,8035,0,0,N0,CENTRAL_FOG,94.5945945945946,91.66666666666667
K8_R0.90_T0_H0_N0_S8035_CENTRAL_inprocess,8035,0,0,N0,CENTRAL,94.5945945945946,91.66666666666667
K8_R0.90_T0_H0_N0_S8035_EDGE_MARKET_inprocess,8035,0,0,N0,EDGE_MARKET,90.09009009009009,91.66666666666667
K8_R0.90_T0_H0_N0_S8035_HYBRID_EAGER_inprocess,8035,0,0,N0,HYBRID_EAGER,94.5945945945946,91.66666666666667
K8_R0.90_T0_H0_N0_S8035_HYBRID_inprocess,8035,0,0,N0,HYBRID,94.5945945945946,91.66666666666667
K8_R0.90_T0_H0_N0_S8035_PERIODIC_inprocess,8035,0,0,N0,PERIODIC,91.89189189189189,83.33333333333333
K8_R0.90_T0_H0_N0_S8035_STATIC_inprocess,8035,0,0,N0,STATIC,85.58558558558559,75.0
K8_R0.90_T0_H0_N0_S8036_CENTRAL_FB_inprocess,8036,0,0,N0,CENTRAL_FB,92.23300970873787,100.0
K8_R0.90_T0_H0_N0_S8036_CENTRAL_FOG_inprocess,8036,0,0,N0,CENTRAL_FOG,92.23300970873787,100.0
K8_R0.90_T0_H0_N0_S8036_CENTRAL_inprocess,8036,0,0,N0,CENTRAL,92.23300970873787,100.0
K8_R0.90_T0_H0_N0_S8036_EDGE_MARKET_inprocess,8036,0,0,N0,EDGE_MARKET,91.2621359223301,87.5
K8_R0.90_T0_H0_N0_S8036_HYBRID_EAGER_inprocess,8036,0,0,N0,HYBRID_EAGER,92.23300970873787,100.0
K8_R0.90_T0_H0_N0_S8036_HYBRID_inprocess,8036,0,0,N0,HYBRID,92.23300970873787,100.0
K8_R0.90_T0_H0_N0_S8036_PERIODIC_inprocess,8036,0,0,N0,PERIODIC,93.20388349514563,100.0
K8_R0.90_T0_H0_N0_S8036_STATIC_inprocess,8036,0,0,N0,STATIC,90.29126213592232,87.5
K8_R0.90_T0_H0_N0_S8037_CENTRAL_FB_inprocess,8037,0,0,N0,CENTRAL_FB,90.74074074074075,100.0
K8_R0.90_T0_H0_N0_S8037_CENTRAL_FOG_inprocess,8037,0,0,N0,CENTRAL_FOG,90.74074074074075,100.0
K8_R0.90_T0_H0_N0_S8037_CENTRAL_inprocess,8037,0,0,N0,CENTRAL,90.74074074074075,100.0
K8_R0.90_T0_H0_N0_S8037_EDGE_MARKET_inprocess,8037,0,0,N0,EDGE_MARKET,91.66666666666667,100.0
K8_R0.90_T0_H0_N0_S8037_HYBRID_EAGER_inprocess,8037,0,0,N0,HYBRID_EAGER,90.74074074074075,100.0
K8_R0.90_T0_H0_N0_S8037_HYBRID_inprocess,8037,0,0,N0,HYBRID,90.74074074074075,100.0
K8_R0.90_T0_H0_N0_S8037_PERIODIC_inprocess,8037,0,0,N0,PERIODIC,94.44444444444444,100.0
K8_R0.90_T0_H0_N0_S8037_STATIC_inprocess,8037,0,0,N0,STATIC,91.66666666666667,90.0
K8_R0.90_T0_H0_N0_S8038_CENTRAL_FB_inprocess,8038,0,0,N0,CENTRAL_FB,95.87628865979381,100.0
K8_R0.90_T0_H0_N0_S8038_CENTRAL_FOG_inprocess,8038,0,0,N0,CENTRAL_FOG,95.87628865979381,100.0
K8_R0.90_T0_H0_N0_S8038_CENTRAL_inprocess,8038,0,0,N0,CENTRAL,95.87628865979381,100.0
K8_R0.90_T0_H0_N0_S8038_EDGE_MARKET_inprocess,8038,0,0,N0,EDGE_MARKET,92.78350515463917,100.0
K8_R0.90_T0_H0_N0_S8038_HYBRID_EAGER_inprocess,8038,0,0,N0,HYBRID_EAGER,95.87628865979381,100.0
K8_R0.90_T0_H0_N0_S8038_HYBRID_inprocess,8038,0,0,N0,HYBRID,95.87628865979381,100.0
K8_R0.90_T0_H0_N0_S8038_PERIODIC_inprocess,8038,0,0,N0,PERIODIC,92.78350515463917,100.0
K8_R0.90_T0_H0_N0_S8038_STATIC_inprocess,8038,0,0,N0,STATIC,88.65979381443299,80.0
K8_R0.90_T0_H0_N0_S8039_CENTRAL_FB_inprocess,8039,0,0,N0,CENTRAL_FB,94.05940594059406,100.0
K8_R0.90_T0_H0_N0_S8039_CENTRAL_FOG_inprocess,8039,0,0,N0,CENTRAL_FOG,94.05940594059406,100.0
K8_R0.90_T0_H0_N0_S8039_CENTRAL_inprocess,8039,0,0,N0,CENTRAL,94.05940594059406,100.0
K8_R0.90_T0_H0_N0_S8039_EDGE_MARKET_inprocess,8039,0,0,N0,EDGE_MARKET,95.04950495049505,100.0
K8_R0.90_T0_H0_N0_S8039_HYBRID_EAGER_inprocess,8039,0,0,N0,HYBRID_EAGER,94.05940594059406,100.0
K8_R0.90_T0_H0_N0_S8039_HYBRID_inprocess,8039,0,0,N0,HYBRID,94.05940594059406,100.0
K8_R0.90_T0_H0_N0_S8039_PERIODIC_inprocess,8039,0,0,N0,PERIODIC,92.07920792079207,83.33333333333333
K8_R0.90_T0_H0_N0_S8039_STATIC_inprocess,8039,0,0,N0,STATIC,87.12871287128714,66.66666666666667
K8_R0.90_T0_H0_N0_S8040_CENTRAL_FB_inprocess,8040,0,0,N0,CENTRAL_FB,94.89795918367346,100.0
K8_R0.90_T0_H0_N0_S8040_CENTRAL_FOG_inprocess,8040,0,0,N0,CENTRAL_FOG,94.89795918367346,100.0
K8_R0.90_T0_H0_N0_S8040_CENTRAL_inprocess,8040,0,0,N0,CENTRAL,94.89795918367346,100.0
K8_R0.90_T0_H0_N0_S8040_EDGE_MARKET_inprocess,8040,0,0,N0,EDGE_MARKET,90.81632653061224,100.0
K8_R0.90_T0_H0_N0_S8040_HYBRID_EAGER_inprocess,8040,0,0,N0,HYBRID_EAGER,94.89795918367346,100.0
K8_R0.90_T0_H0_N0_S8040_HYBRID_inprocess,8040,0,0,N0,HYBRID,94.89795918367346,100.0
K8_R0.90_T0_H0_N0_S8040_PERIODIC_inprocess,8040,0,0,N0,PERIODIC,93.87755102040816,100.0
K8_R0.90_T0_H0_N0_S8040_STATIC_inprocess,8040,0,0,N0,STATIC,91.83673469387755,100.0
K8_R0.90_T0_H0_N1_S8001_CENTRAL_FB_inprocess,8001,0,0,N1,CENTRAL_FB,91.81818181818181,100.0
K8_R0.90_T0_H0_N1_S8001_CENTRAL_FOG_inprocess,8001,0,0,N1,CENTRAL_FOG,91.81818181818181,100.0
K8_R0.90_T0_H0_N1_S8001_CENTRAL_inprocess,8001,0,0,N1,CENTRAL,91.81818181818181,100.0
K8_R0.90_T0_H0_N1_S8001_EDGE_MARKET_inprocess,8001,0,0,N1,EDGE_MARKET,80.9090909090909,83.33333333333333
K8_R0.90_T0_H0_N1_S8001_HYBRID_EAGER_inprocess,8001,0,0,N1,HYBRID_EAGER,91.81818181818181,100.0
K8_R0.90_T0_H0_N1_S8001_HYBRID_inprocess,8001,0,0,N1,HYBRID,91.81818181818181,100.0
K8_R0.90_T0_H0_N1_S8001_PERIODIC_inprocess,8001,0,0,N1,PERIODIC,82.72727272727273,91.66666666666667
K8_R0.90_T0_H0_N1_S8001_STATIC_inprocess,8001,0,0,N1,STATIC,81.81818181818181,83.33333333333333
K8_R0.90_T0_H0_N1_S8002_CENTRAL_FB_inprocess,8002,0,0,N1,CENTRAL_FB,93.75,100.0
K8_R0.90_T0_H0_N1_S8002_CENTRAL_FOG_inprocess,8002,0,0,N1,CENTRAL_FOG,93.75,100.0
K8_R0.90_T0_H0_N1_S8002_CENTRAL_inprocess,8002,0,0,N1,CENTRAL,93.75,100.0
K8_R0.90_T0_H0_N1_S8002_EDGE_MARKET_inprocess,8002,0,0,N1,EDGE_MARKET,94.79166666666667,100.0
K8_R0.90_T0_H0_N1_S8002_HYBRID_EAGER_inprocess,8002,0,0,N1,HYBRID_EAGER,93.75,100.0
K8_R0.90_T0_H0_N1_S8002_HYBRID_inprocess,8002,0,0,N1,HYBRID,93.75,100.0
K8_R0.90_T0_H0_N1_S8002_PERIODIC_inprocess,8002,0,0,N1,PERIODIC,94.79166666666667,100.0
K8_R0.90_T0_H0_N1_S8002_STATIC_inprocess,8002,0,0,N1,STATIC,93.75,100.0
K8_R0.90_T0_H0_N1_S8003_CENTRAL_FB_inprocess,8003,0,0,N1,CENTRAL_FB,93.39622641509433,90.9090909090909
K8_R0.90_T0_H0_N1_S8003_CENTRAL_FOG_inprocess,8003,0,0,N1,CENTRAL_FOG,93.39622641509433,90.9090909090909
K8_R0.90_T0_H0_N1_S8003_CENTRAL_inprocess,8003,0,0,N1,CENTRAL,93.39622641509433,90.9090909090909
K8_R0.90_T0_H0_N1_S8003_EDGE_MARKET_inprocess,8003,0,0,N1,EDGE_MARKET,93.39622641509433,90.9090909090909
K8_R0.90_T0_H0_N1_S8003_HYBRID_EAGER_inprocess,8003,0,0,N1,HYBRID_EAGER,93.39622641509433,90.9090909090909
K8_R0.90_T0_H0_N1_S8003_HYBRID_inprocess,8003,0,0,N1,HYBRID,93.39622641509433,90.9090909090909
K8_R0.90_T0_H0_N1_S8003_PERIODIC_inprocess,8003,0,0,N1,PERIODIC,87.73584905660377,72.72727272727273
K8_R0.90_T0_H0_N1_S8003_STATIC_inprocess,8003,0,0,N1,STATIC,89.62264150943396,72.72727272727273
K8_R0.90_T0_H0_N1_S8004_CENTRAL_FB_inprocess,8004,0,0,N1,CENTRAL_FB,94.68085106382979,50.0
K8_R0.90_T0_H0_N1_S8004_CENTRAL_FOG_inprocess,8004,0,0,N1,CENTRAL_FOG,94.68085106382979,50.0
K8_R0.90_T0_H0_N1_S8004_CENTRAL_inprocess,8004,0,0,N1,CENTRAL,94.68085106382979,50.0
K8_R0.90_T0_H0_N1_S8004_EDGE_MARKET_inprocess,8004,0,0,N1,EDGE_MARKET,92.55319148936171,50.0
K8_R0.90_T0_H0_N1_S8004_HYBRID_EAGER_inprocess,8004,0,0,N1,HYBRID_EAGER,95.74468085106383,50.0
K8_R0.90_T0_H0_N1_S8004_HYBRID_inprocess,8004,0,0,N1,HYBRID,94.68085106382979,50.0
K8_R0.90_T0_H0_N1_S8004_PERIODIC_inprocess,8004,0,0,N1,PERIODIC,93.61702127659575,50.0
K8_R0.90_T0_H0_N1_S8004_STATIC_inprocess,8004,0,0,N1,STATIC,87.23404255319149,0.0
K8_R0.90_T0_H0_N1_S8005_CENTRAL_FB_inprocess,8005,0,0,N1,CENTRAL_FB,96.84210526315789,100.0
K8_R0.90_T0_H0_N1_S8005_CENTRAL_FOG_inprocess,8005,0,0,N1,CENTRAL_FOG,96.84210526315789,100.0
K8_R0.90_T0_H0_N1_S8005_CENTRAL_inprocess,8005,0,0,N1,CENTRAL,96.84210526315789,100.0
K8_R0.90_T0_H0_N1_S8005_EDGE_MARKET_inprocess,8005,0,0,N1,EDGE_MARKET,95.78947368421052,100.0
K8_R0.90_T0_H0_N1_S8005_HYBRID_EAGER_inprocess,8005,0,0,N1,HYBRID_EAGER,96.84210526315789,100.0
K8_R0.90_T0_H0_N1_S8005_HYBRID_inprocess,8005,0,0,N1,HYBRID,96.84210526315789,100.0
K8_R0.90_T0_H0_N1_S8005_PERIODIC_inprocess,8005,0,0,N1,PERIODIC,94.73684210526316,100.0
K8_R0.90_T0_H0_N1_S8005_STATIC_inprocess,8005,0,0,N1,STATIC,88.42105263157895,66.66666666666667
K8_R0.90_T0_H0_N1_S8006_CENTRAL_FB_inprocess,8006,0,0,N1,CENTRAL_FB,88.77551020408163,75.0
K8_R0.90_T0_H0_N1_S8006_CENTRAL_FOG_inprocess,8006,0,0,N1,CENTRAL_FOG,88.77551020408163,75.0
K8_R0.90_T0_H0_N1_S8006_CENTRAL_inprocess,8006,0,0,N1,CENTRAL,88.77551020408163,75.0
K8_R0.90_T0_H0_N1_S8006_EDGE_MARKET_inprocess,8006,0,0,N1,EDGE_MARKET,83.6734693877551,87.5
K8_R0.90_T0_H0_N1_S8006_HYBRID_EAGER_inprocess,8006,0,0,N1,HYBRID_EAGER,86.73469387755102,75.0
K8_R0.90_T0_H0_N1_S8006_HYBRID_inprocess,8006,0,0,N1,HYBRID,88.77551020408163,75.0
K8_R0.90_T0_H0_N1_S8006_PERIODIC_inprocess,8006,0,0,N1,PERIODIC,86.73469387755102,75.0
K8_R0.90_T0_H0_N1_S8006_STATIC_inprocess,8006,0,0,N1,STATIC,74.48979591836735,50.0
K8_R0.90_T0_H0_N1_S8007_CENTRAL_FB_inprocess,8007,0,0,N1,CENTRAL_FB,92.07920792079207,100.0
K8_R0.90_T0_H0_N1_S8007_CENTRAL_FOG_inprocess,8007,0,0,N1,CENTRAL_FOG,92.07920792079207,100.0
K8_R0.90_T0_H0_N1_S8007_CENTRAL_inprocess,8007,0,0,N1,CENTRAL,92.07920792079207,100.0
K8_R0.90_T0_H0_N1_S8007_EDGE_MARKET_inprocess,8007,0,0,N1,EDGE_MARKET,93.06930693069307,100.0
K8_R0.90_T0_H0_N1_S8007_HYBRID_EAGER_inprocess,8007,0,0,N1,HYBRID_EAGER,92.07920792079207,100.0
K8_R0.90_T0_H0_N1_S8007_HYBRID_inprocess,8007,0,0,N1,HYBRID,92.07920792079207,100.0
K8_R0.90_T0_H0_N1_S8007_PERIODIC_inprocess,8007,0,0,N1,PERIODIC,88.11881188118812,100.0
K8_R0.90_T0_H0_N1_S8007_STATIC_inprocess,8007,0,0,N1,STATIC,86.13861386138613,100.0
K8_R0.90_T0_H0_N1_S8008_CENTRAL_FB_inprocess,8008,0,0,N1,CENTRAL_FB,95.83333333333333,100.0
K8_R0.90_T0_H0_N1_S8008_CENTRAL_FOG_inprocess,8008,0,0,N1,CENTRAL_FOG,95.83333333333333,100.0
K8_R0.90_T0_H0_N1_S8008_CENTRAL_inprocess,8008,0,0,N1,CENTRAL,95.83333333333333,100.0
K8_R0.90_T0_H0_N1_S8008_EDGE_MARKET_inprocess,8008,0,0,N1,EDGE_MARKET,93.75,100.0
K8_R0.90_T0_H0_N1_S8008_HYBRID_EAGER_inprocess,8008,0,0,N1,HYBRID_EAGER,96.875,100.0
K8_R0.90_T0_H0_N1_S8008_HYBRID_inprocess,8008,0,0,N1,HYBRID,95.83333333333333,100.0
K8_R0.90_T0_H0_N1_S8008_PERIODIC_inprocess,8008,0,0,N1,PERIODIC,94.79166666666667,80.0
K8_R0.90_T0_H0_N1_S8008_STATIC_inprocess,8008,0,0,N1,STATIC,90.625,100.0
K8_R0.90_T0_H0_N1_S8009_CENTRAL_FB_inprocess,8009,0,0,N1,CENTRAL_FB,89.01098901098901,75.0
K8_R0.90_T0_H0_N1_S8009_CENTRAL_FOG_inprocess,8009,0,0,N1,CENTRAL_FOG,89.01098901098901,75.0
K8_R0.90_T0_H0_N1_S8009_CENTRAL_inprocess,8009,0,0,N1,CENTRAL,89.01098901098901,75.0
K8_R0.90_T0_H0_N1_S8009_EDGE_MARKET_inprocess,8009,0,0,N1,EDGE_MARKET,90.10989010989012,75.0
K8_R0.90_T0_H0_N1_S8009_HYBRID_EAGER_inprocess,8009,0,0,N1,HYBRID_EAGER,87.91208791208791,50.0
K8_R0.90_T0_H0_N1_S8009_HYBRID_inprocess,8009,0,0,N1,HYBRID,89.01098901098901,75.0
K8_R0.90_T0_H0_N1_S8009_PERIODIC_inprocess,8009,0,0,N1,PERIODIC,86.81318681318682,75.0
K8_R0.90_T0_H0_N1_S8009_STATIC_inprocess,8009,0,0,N1,STATIC,84.61538461538461,75.0
K8_R0.90_T0_H0_N1_S8010_CENTRAL_FB_inprocess,8010,0,0,N1,CENTRAL_FB,93.54838709677419,100.0
K8_R0.90_T0_H0_N1_S8010_CENTRAL_FOG_inprocess,8010,0,0,N1,CENTRAL_FOG,93.54838709677419,100.0
K8_R0.90_T0_H0_N1_S8010_CENTRAL_inprocess,8010,0,0,N1,CENTRAL,93.54838709677419,100.0
K8_R0.90_T0_H0_N1_S8010_EDGE_MARKET_inprocess,8010,0,0,N1,EDGE_MARKET,93.54838709677419,100.0
K8_R0.90_T0_H0_N1_S8010_HYBRID_EAGER_inprocess,8010,0,0,N1,HYBRID_EAGER,93.54838709677419,100.0
K8_R0.90_T0_H0_N1_S8010_HYBRID_inprocess,8010,0,0,N1,HYBRID,93.54838709677419,100.0
K8_R0.90_T0_H0_N1_S8010_PERIODIC_inprocess,8010,0,0,N1,PERIODIC,88.17204301075269,100.0
K8_R0.90_T0_H0_N1_S8010_STATIC_inprocess,8010,0,0,N1,STATIC,93.54838709677419,100.0
K8_R0.90_T0_H0_N1_S8011_CENTRAL_FB_inprocess,8011,0,0,N1,CENTRAL_FB,88.57142857142857,100.0
K8_R0.90_T0_H0_N1_S8011_CENTRAL_FOG_inprocess,8011,0,0,N1,CENTRAL_FOG,88.57142857142857,100.0
K8_R0.90_T0_H0_N1_S8011_CENTRAL_inprocess,8011,0,0,N1,CENTRAL,88.57142857142857,100.0
K8_R0.90_T0_H0_N1_S8011_EDGE_MARKET_inprocess,8011,0,0,N1,EDGE_MARKET,88.57142857142857,100.0
K8_R0.90_T0_H0_N1_S8011_HYBRID_EAGER_inprocess,8011,0,0,N1,HYBRID_EAGER,90.47619047619048,100.0
K8_R0.90_T0_H0_N1_S8011_HYBRID_inprocess,8011,0,0,N1,HYBRID,88.57142857142857,100.0
K8_R0.90_T0_H0_N1_S8011_PERIODIC_inprocess,8011,0,0,N1,PERIODIC,88.57142857142857,100.0
K8_R0.90_T0_H0_N1_S8011_STATIC_inprocess,8011,0,0,N1,STATIC,76.19047619047619,57.142857142857146
K8_R0.90_T0_H0_N1_S8012_CENTRAL_FB_inprocess,8012,0,0,N1,CENTRAL_FB,83.78378378378379,90.9090909090909
K8_R0.90_T0_H0_N1_S8012_CENTRAL_FOG_inprocess,8012,0,0,N1,CENTRAL_FOG,83.78378378378379,90.9090909090909
K8_R0.90_T0_H0_N1_S8012_CENTRAL_inprocess,8012,0,0,N1,CENTRAL,83.78378378378379,90.9090909090909
K8_R0.90_T0_H0_N1_S8012_EDGE_MARKET_inprocess,8012,0,0,N1,EDGE_MARKET,82.88288288288288,100.0
K8_R0.90_T0_H0_N1_S8012_HYBRID_EAGER_inprocess,8012,0,0,N1,HYBRID_EAGER,85.58558558558559,90.9090909090909
K8_R0.90_T0_H0_N1_S8012_HYBRID_inprocess,8012,0,0,N1,HYBRID,83.78378378378379,90.9090909090909
K8_R0.90_T0_H0_N1_S8012_PERIODIC_inprocess,8012,0,0,N1,PERIODIC,81.08108108108108,90.9090909090909
K8_R0.90_T0_H0_N1_S8012_STATIC_inprocess,8012,0,0,N1,STATIC,72.07207207207207,45.45454545454545
K8_R0.90_T0_H0_N1_S8013_CENTRAL_FB_inprocess,8013,0,0,N1,CENTRAL_FB,85.4368932038835,77.77777777777777
K8_R0.90_T0_H0_N1_S8013_CENTRAL_FOG_inprocess,8013,0,0,N1,CENTRAL_FOG,85.4368932038835,77.77777777777777
K8_R0.90_T0_H0_N1_S8013_CENTRAL_inprocess,8013,0,0,N1,CENTRAL,85.4368932038835,77.77777777777777
K8_R0.90_T0_H0_N1_S8013_EDGE_MARKET_inprocess,8013,0,0,N1,EDGE_MARKET,88.3495145631068,100.0
K8_R0.90_T0_H0_N1_S8013_HYBRID_EAGER_inprocess,8013,0,0,N1,HYBRID_EAGER,85.4368932038835,77.77777777777777
K8_R0.90_T0_H0_N1_S8013_HYBRID_inprocess,8013,0,0,N1,HYBRID,85.4368932038835,77.77777777777777
K8_R0.90_T0_H0_N1_S8013_PERIODIC_inprocess,8013,0,0,N1,PERIODIC,84.46601941747574,88.88888888888889
K8_R0.90_T0_H0_N1_S8013_STATIC_inprocess,8013,0,0,N1,STATIC,84.46601941747574,66.66666666666667
K8_R0.90_T0_H0_N1_S8014_CENTRAL_FB_inprocess,8014,0,0,N1,CENTRAL_FB,97.14285714285714,100.0
K8_R0.90_T0_H0_N1_S8014_CENTRAL_FOG_inprocess,8014,0,0,N1,CENTRAL_FOG,97.14285714285714,100.0
K8_R0.90_T0_H0_N1_S8014_CENTRAL_inprocess,8014,0,0,N1,CENTRAL,97.14285714285714,100.0
K8_R0.90_T0_H0_N1_S8014_EDGE_MARKET_inprocess,8014,0,0,N1,EDGE_MARKET,87.61904761904762,81.81818181818181
K8_R0.90_T0_H0_N1_S8014_HYBRID_EAGER_inprocess,8014,0,0,N1,HYBRID_EAGER,97.14285714285714,100.0
K8_R0.90_T0_H0_N1_S8014_HYBRID_inprocess,8014,0,0,N1,HYBRID,97.14285714285714,100.0
K8_R0.90_T0_H0_N1_S8014_PERIODIC_inprocess,8014,0,0,N1,PERIODIC,91.42857142857143,90.9090909090909
K8_R0.90_T0_H0_N1_S8014_STATIC_inprocess,8014,0,0,N1,STATIC,90.47619047619048,90.9090909090909
K8_R0.90_T0_H0_N1_S8015_CENTRAL_FB_inprocess,8015,0,0,N1,CENTRAL_FB,96.3302752293578,100.0
K8_R0.90_T0_H0_N1_S8015_CENTRAL_FOG_inprocess,8015,0,0,N1,CENTRAL_FOG,96.3302752293578,100.0
K8_R0.90_T0_H0_N1_S8015_CENTRAL_inprocess,8015,0,0,N1,CENTRAL,96.3302752293578,100.0
K8_R0.90_T0_H0_N1_S8015_EDGE_MARKET_inprocess,8015,0,0,N1,EDGE_MARKET,94.4954128440367,100.0
K8_R0.90_T0_H0_N1_S8015_HYBRID_EAGER_inprocess,8015,0,0,N1,HYBRID_EAGER,96.3302752293578,100.0
K8_R0.90_T0_H0_N1_S8015_HYBRID_inprocess,8015,0,0,N1,HYBRID,96.3302752293578,100.0
K8_R0.90_T0_H0_N1_S8015_PERIODIC_inprocess,8015,0,0,N1,PERIODIC,94.4954128440367,100.0
K8_R0.90_T0_H0_N1_S8015_STATIC_inprocess,8015,0,0,N1,STATIC,94.4954128440367,100.0
K8_R0.90_T0_H0_N1_S8016_CENTRAL_FB_inprocess,8016,0,0,N1,CENTRAL_FB,97.0,100.0
K8_R0.90_T0_H0_N1_S8016_CENTRAL_FOG_inprocess,8016,0,0,N1,CENTRAL_FOG,97.0,100.0
K8_R0.90_T0_H0_N1_S8016_CENTRAL_inprocess,8016,0,0,N1,CENTRAL,97.0,100.0
K8_R0.90_T0_H0_N1_S8016_EDGE_MARKET_inprocess,8016,0,0,N1,EDGE_MARKET,94.0,100.0
K8_R0.90_T0_H0_N1_S8016_HYBRID_EAGER_inprocess,8016,0,0,N1,HYBRID_EAGER,97.0,100.0
K8_R0.90_T0_H0_N1_S8016_HYBRID_inprocess,8016,0,0,N1,HYBRID,97.0,100.0
K8_R0.90_T0_H0_N1_S8016_PERIODIC_inprocess,8016,0,0,N1,PERIODIC,94.0,100.0
K8_R0.90_T0_H0_N1_S8016_STATIC_inprocess,8016,0,0,N1,STATIC,89.0,80.0
K8_R0.90_T0_H0_N1_S8017_CENTRAL_FB_inprocess,8017,0,0,N1,CENTRAL_FB,90.29126213592232,77.77777777777777
K8_R0.90_T0_H0_N1_S8017_CENTRAL_FOG_inprocess,8017,0,0,N1,CENTRAL_FOG,90.29126213592232,77.77777777777777
K8_R0.90_T0_H0_N1_S8017_CENTRAL_inprocess,8017,0,0,N1,CENTRAL,90.29126213592232,77.77777777777777
K8_R0.90_T0_H0_N1_S8017_EDGE_MARKET_inprocess,8017,0,0,N1,EDGE_MARKET,91.2621359223301,88.88888888888889
K8_R0.90_T0_H0_N1_S8017_HYBRID_EAGER_inprocess,8017,0,0,N1,HYBRID_EAGER,90.29126213592232,100.0
K8_R0.90_T0_H0_N1_S8017_HYBRID_inprocess,8017,0,0,N1,HYBRID,90.29126213592232,77.77777777777777
K8_R0.90_T0_H0_N1_S8017_PERIODIC_inprocess,8017,0,0,N1,PERIODIC,91.2621359223301,88.88888888888889
K8_R0.90_T0_H0_N1_S8017_STATIC_inprocess,8017,0,0,N1,STATIC,80.58252427184466,88.88888888888889
K8_R0.90_T0_H0_N1_S8018_CENTRAL_FB_inprocess,8018,0,0,N1,CENTRAL_FB,96.07843137254902,100.0
K8_R0.90_T0_H0_N1_S8018_CENTRAL_FOG_inprocess,8018,0,0,N1,CENTRAL_FOG,96.07843137254902,100.0
K8_R0.90_T0_H0_N1_S8018_CENTRAL_inprocess,8018,0,0,N1,CENTRAL,96.07843137254902,100.0
K8_R0.90_T0_H0_N1_S8018_EDGE_MARKET_inprocess,8018,0,0,N1,EDGE_MARKET,91.17647058823529,71.42857142857143
K8_R0.90_T0_H0_N1_S8018_HYBRID_EAGER_inprocess,8018,0,0,N1,HYBRID_EAGER,96.07843137254902,100.0
K8_R0.90_T0_H0_N1_S8018_HYBRID_inprocess,8018,0,0,N1,HYBRID,96.07843137254902,100.0
K8_R0.90_T0_H0_N1_S8018_PERIODIC_inprocess,8018,0,0,N1,PERIODIC,95.09803921568627,100.0
K8_R0.90_T0_H0_N1_S8018_STATIC_inprocess,8018,0,0,N1,STATIC,91.17647058823529,100.0
K8_R0.90_T0_H0_N1_S8019_CENTRAL_FB_inprocess,8019,0,0,N1,CENTRAL_FB,94.6236559139785,100.0
K8_R0.90_T0_H0_N1_S8019_CENTRAL_FOG_inprocess,8019,0,0,N1,CENTRAL_FOG,94.6236559139785,100.0
K8_R0.90_T0_H0_N1_S8019_CENTRAL_inprocess,8019,0,0,N1,CENTRAL,94.6236559139785,100.0
K8_R0.90_T0_H0_N1_S8019_EDGE_MARKET_inprocess,8019,0,0,N1,EDGE_MARKET,91.39784946236558,80.0
K8_R0.90_T0_H0_N1_S8019_HYBRID_EAGER_inprocess,8019,0,0,N1,HYBRID_EAGER,94.6236559139785,100.0
K8_R0.90_T0_H0_N1_S8019_HYBRID_inprocess,8019,0,0,N1,HYBRID,94.6236559139785,100.0
K8_R0.90_T0_H0_N1_S8019_PERIODIC_inprocess,8019,0,0,N1,PERIODIC,94.6236559139785,100.0
K8_R0.90_T0_H0_N1_S8019_STATIC_inprocess,8019,0,0,N1,STATIC,88.17204301075269,80.0
K8_R0.90_T0_H0_N1_S8020_CENTRAL_FB_inprocess,8020,0,0,N1,CENTRAL_FB,88.67924528301887,71.42857142857143
K8_R0.90_T0_H0_N1_S8020_CENTRAL_FOG_inprocess,8020,0,0,N1,CENTRAL_FOG,88.67924528301887,71.42857142857143
K8_R0.90_T0_H0_N1_S8020_CENTRAL_inprocess,8020,0,0,N1,CENTRAL,88.67924528301887,71.42857142857143
K8_R0.90_T0_H0_N1_S8020_EDGE_MARKET_inprocess,8020,0,0,N1,EDGE_MARKET,84.90566037735849,71.42857142857143
K8_R0.90_T0_H0_N1_S8020_HYBRID_EAGER_inprocess,8020,0,0,N1,HYBRID_EAGER,88.67924528301887,71.42857142857143
K8_R0.90_T0_H0_N1_S8020_HYBRID_inprocess,8020,0,0,N1,HYBRID,88.67924528301887,71.42857142857143
K8_R0.90_T0_H0_N1_S8020_PERIODIC_inprocess,8020,0,0,N1,PERIODIC,80.18867924528301,71.42857142857143
K8_R0.90_T0_H0_N1_S8020_STATIC_inprocess,8020,0,0,N1,STATIC,81.13207547169812,57.142857142857146
K8_R0.90_T0_H0_N1_S8021_CENTRAL_FB_inprocess,8021,0,0,N1,CENTRAL_FB,91.08910891089108,88.88888888888889
K8_R0.90_T0_H0_N1_S8021_CENTRAL_FOG_inprocess,8021,0,0,N1,CENTRAL_FOG,91.08910891089108,88.88888888888889
K8_R0.90_T0_H0_N1_S8021_CENTRAL_inprocess,8021,0,0,N1,CENTRAL,91.08910891089108,88.88888888888889
K8_R0.90_T0_H0_N1_S8021_EDGE_MARKET_inprocess,8021,0,0,N1,EDGE_MARKET,87.12871287128714,88.88888888888889
K8_R0.90_T0_H0_N1_S8021_HYBRID_EAGER_inprocess,8021,0,0,N1,HYBRID_EAGER,91.08910891089108,88.88888888888889
K8_R0.90_T0_H0_N1_S8021_HYBRID_inprocess,8021,0,0,N1,HYBRID,91.08910891089108,88.88888888888889
K8_R0.90_T0_H0_N1_S8021_PERIODIC_inprocess,8021,0,0,N1,PERIODIC,91.08910891089108,88.88888888888889
K8_R0.90_T0_H0_N1_S8021_STATIC_inprocess,8021,0,0,N1,STATIC,85.14851485148515,77.77777777777777
K8_R0.90_T0_H0_N1_S8022_CENTRAL_FB_inprocess,8022,0,0,N1,CENTRAL_FB,87.85046728971963,100.0
K8_R0.90_T0_H0_N1_S8022_CENTRAL_FOG_inprocess,8022,0,0,N1,CENTRAL_FOG,87.85046728971963,100.0
K8_R0.90_T0_H0_N1_S8022_CENTRAL_inprocess,8022,0,0,N1,CENTRAL,87.85046728971963,100.0
K8_R0.90_T0_H0_N1_S8022_EDGE_MARKET_inprocess,8022,0,0,N1,EDGE_MARKET,87.85046728971963,100.0
K8_R0.90_T0_H0_N1_S8022_HYBRID_EAGER_inprocess,8022,0,0,N1,HYBRID_EAGER,88.78504672897196,100.0
K8_R0.90_T0_H0_N1_S8022_HYBRID_inprocess,8022,0,0,N1,HYBRID,87.85046728971963,100.0
K8_R0.90_T0_H0_N1_S8022_PERIODIC_inprocess,8022,0,0,N1,PERIODIC,85.04672897196262,87.5
K8_R0.90_T0_H0_N1_S8022_STATIC_inprocess,8022,0,0,N1,STATIC,78.50467289719626,62.5
K8_R0.90_T0_H0_N1_S8023_CENTRAL_FB_inprocess,8023,0,0,N1,CENTRAL_FB,92.15686274509804,100.0
K8_R0.90_T0_H0_N1_S8023_CENTRAL_FOG_inprocess,8023,0,0,N1,CENTRAL_FOG,92.15686274509804,100.0
K8_R0.90_T0_H0_N1_S8023_CENTRAL_inprocess,8023,0,0,N1,CENTRAL,92.15686274509804,100.0
K8_R0.90_T0_H0_N1_S8023_EDGE_MARKET_inprocess,8023,0,0,N1,EDGE_MARKET,89.2156862745098,100.0
K8_R0.90_T0_H0_N1_S8023_HYBRID_EAGER_inprocess,8023,0,0,N1,HYBRID_EAGER,92.15686274509804,100.0
K8_R0.90_T0_H0_N1_S8023_HYBRID_inprocess,8023,0,0,N1,HYBRID,92.15686274509804,100.0
K8_R0.90_T0_H0_N1_S8023_PERIODIC_inprocess,8023,0,0,N1,PERIODIC,92.15686274509804,90.9090909090909
K8_R0.90_T0_H0_N1_S8023_STATIC_inprocess,8023,0,0,N1,STATIC,90.19607843137256,90.9090909090909
K8_R0.90_T0_H0_N1_S8024_CENTRAL_FB_inprocess,8024,0,0,N1,CENTRAL_FB,91.0,100.0
K8_R0.90_T0_H0_N1_S8024_CENTRAL_FOG_inprocess,8024,0,0,N1,CENTRAL_FOG,91.0,100.0
K8_R0.90_T0_H0_N1_S8024_CENTRAL_inprocess,8024,0,0,N1,CENTRAL,91.0,100.0
K8_R0.90_T0_H0_N1_S8024_EDGE_MARKET_inprocess,8024,0,0,N1,EDGE_MARKET,88.0,100.0
K8_R0.90_T0_H0_N1_S8024_HYBRID_EAGER_inprocess,8024,0,0,N1,HYBRID_EAGER,91.0,100.0
K8_R0.90_T0_H0_N1_S8024_HYBRID_inprocess,8024,0,0,N1,HYBRID,91.0,100.0
K8_R0.90_T0_H0_N1_S8024_PERIODIC_inprocess,8024,0,0,N1,PERIODIC,91.0,100.0
K8_R0.90_T0_H0_N1_S8024_STATIC_inprocess,8024,0,0,N1,STATIC,85.0,83.33333333333333
K8_R0.90_T0_H0_N1_S8025_CENTRAL_FB_inprocess,8025,0,0,N1,CENTRAL_FB,93.75,100.0
K8_R0.90_T0_H0_N1_S8025_CENTRAL_FOG_inprocess,8025,0,0,N1,CENTRAL_FOG,93.75,100.0
K8_R0.90_T0_H0_N1_S8025_CENTRAL_inprocess,8025,0,0,N1,CENTRAL,93.75,100.0
K8_R0.90_T0_H0_N1_S8025_EDGE_MARKET_inprocess,8025,0,0,N1,EDGE_MARKET,93.75,100.0
K8_R0.90_T0_H0_N1_S8025_HYBRID_EAGER_inprocess,8025,0,0,N1,HYBRID_EAGER,95.83333333333333,100.0
K8_R0.90_T0_H0_N1_S8025_HYBRID_inprocess,8025,0,0,N1,HYBRID,93.75,100.0
K8_R0.90_T0_H0_N1_S8025_PERIODIC_inprocess,8025,0,0,N1,PERIODIC,89.58333333333333,100.0
K8_R0.90_T0_H0_N1_S8025_STATIC_inprocess,8025,0,0,N1,STATIC,93.75,66.66666666666667
K8_R0.90_T0_H0_N1_S8026_CENTRAL_FB_inprocess,8026,0,0,N1,CENTRAL_FB,95.83333333333333,100.0
K8_R0.90_T0_H0_N1_S8026_CENTRAL_FOG_inprocess,8026,0,0,N1,CENTRAL_FOG,95.83333333333333,100.0
K8_R0.90_T0_H0_N1_S8026_CENTRAL_inprocess,8026,0,0,N1,CENTRAL,95.83333333333333,100.0
K8_R0.90_T0_H0_N1_S8026_EDGE_MARKET_inprocess,8026,0,0,N1,EDGE_MARKET,93.75,100.0
K8_R0.90_T0_H0_N1_S8026_HYBRID_EAGER_inprocess,8026,0,0,N1,HYBRID_EAGER,95.83333333333333,100.0
K8_R0.90_T0_H0_N1_S8026_HYBRID_inprocess,8026,0,0,N1,HYBRID,95.83333333333333,100.0
K8_R0.90_T0_H0_N1_S8026_PERIODIC_inprocess,8026,0,0,N1,PERIODIC,93.75,100.0
K8_R0.90_T0_H0_N1_S8026_STATIC_inprocess,8026,0,0,N1,STATIC,91.66666666666667,100.0
K8_R0.90_T0_H0_N1_S8027_CENTRAL_FB_inprocess,8027,0,0,N1,CENTRAL_FB,90.29126213592232,88.88888888888889
K8_R0.90_T0_H0_N1_S8027_CENTRAL_FOG_inprocess,8027,0,0,N1,CENTRAL_FOG,90.29126213592232,88.88888888888889
K8_R0.90_T0_H0_N1_S8027_CENTRAL_inprocess,8027,0,0,N1,CENTRAL,90.29126213592232,88.88888888888889
K8_R0.90_T0_H0_N1_S8027_EDGE_MARKET_inprocess,8027,0,0,N1,EDGE_MARKET,89.32038834951456,100.0
K8_R0.90_T0_H0_N1_S8027_HYBRID_EAGER_inprocess,8027,0,0,N1,HYBRID_EAGER,90.29126213592232,88.88888888888889
K8_R0.90_T0_H0_N1_S8027_HYBRID_inprocess,8027,0,0,N1,HYBRID,90.29126213592232,88.88888888888889
K8_R0.90_T0_H0_N1_S8027_PERIODIC_inprocess,8027,0,0,N1,PERIODIC,89.32038834951456,88.88888888888889
K8_R0.90_T0_H0_N1_S8027_STATIC_inprocess,8027,0,0,N1,STATIC,87.37864077669903,100.0
K8_R0.90_T0_H0_N1_S8028_CENTRAL_FB_inprocess,8028,0,0,N1,CENTRAL_FB,84.90566037735849,85.71428571428571
K8_R0.90_T0_H0_N1_S8028_CENTRAL_FOG_inprocess,8028,0,0,N1,CENTRAL_FOG,84.90566037735849,85.71428571428571
K8_R0.90_T0_H0_N1_S8028_CENTRAL_inprocess,8028,0,0,N1,CENTRAL,84.90566037735849,85.71428571428571
K8_R0.90_T0_H0_N1_S8028_EDGE_MARKET_inprocess,8028,0,0,N1,EDGE_MARKET,80.18867924528301,71.42857142857143
K8_R0.90_T0_H0_N1_S8028_HYBRID_EAGER_inprocess,8028,0,0,N1,HYBRID_EAGER,84.90566037735849,85.71428571428571
K8_R0.90_T0_H0_N1_S8028_HYBRID_inprocess,8028,0,0,N1,HYBRID,84.90566037735849,85.71428571428571
K8_R0.90_T0_H0_N1_S8028_PERIODIC_inprocess,8028,0,0,N1,PERIODIC,83.9622641509434,85.71428571428571
K8_R0.90_T0_H0_N1_S8028_STATIC_inprocess,8028,0,0,N1,STATIC,80.18867924528301,64.28571428571429
K8_R0.90_T0_H0_N1_S8029_CENTRAL_FB_inprocess,8029,0,0,N1,CENTRAL_FB,90.9090909090909,100.0
K8_R0.90_T0_H0_N1_S8029_CENTRAL_FOG_inprocess,8029,0,0,N1,CENTRAL_FOG,90.9090909090909,100.0
K8_R0.90_T0_H0_N1_S8029_CENTRAL_inprocess,8029,0,0,N1,CENTRAL,90.9090909090909,100.0
K8_R0.90_T0_H0_N1_S8029_EDGE_MARKET_inprocess,8029,0,0,N1,EDGE_MARKET,88.88888888888889,100.0
K8_R0.90_T0_H0_N1_S8029_HYBRID_EAGER_inprocess,8029,0,0,N1,HYBRID_EAGER,90.9090909090909,100.0
K8_R0.90_T0_H0_N1_S8029_HYBRID_inprocess,8029,0,0,N1,HYBRID,90.9090909090909,100.0
K8_R0.90_T0_H0_N1_S8029_PERIODIC_inprocess,8029,0,0,N1,PERIODIC,87.87878787878788,83.33333333333333
K8_R0.90_T0_H0_N1_S8029_STATIC_inprocess,8029,0,0,N1,STATIC,83.83838383838383,83.33333333333333
K8_R0.90_T0_H0_N1_S8030_CENTRAL_FB_inprocess,8030,0,0,N1,CENTRAL_FB,89.8989898989899,100.0
K8_R0.90_T0_H0_N1_S8030_CENTRAL_FOG_inprocess,8030,0,0,N1,CENTRAL_FOG,89.8989898989899,100.0
K8_R0.90_T0_H0_N1_S8030_CENTRAL_inprocess,8030,0,0,N1,CENTRAL,89.8989898989899,100.0
K8_R0.90_T0_H0_N1_S8030_EDGE_MARKET_inprocess,8030,0,0,N1,EDGE_MARKET,86.86868686868686,100.0
K8_R0.90_T0_H0_N1_S8030_HYBRID_EAGER_inprocess,8030,0,0,N1,HYBRID_EAGER,89.8989898989899,100.0
K8_R0.90_T0_H0_N1_S8030_HYBRID_inprocess,8030,0,0,N1,HYBRID,89.8989898989899,100.0
K8_R0.90_T0_H0_N1_S8030_PERIODIC_inprocess,8030,0,0,N1,PERIODIC,91.91919191919192,100.0
K8_R0.90_T0_H0_N1_S8030_STATIC_inprocess,8030,0,0,N1,STATIC,80.8080808080808,66.66666666666667
K8_R0.90_T0_H0_N1_S8031_CENTRAL_FB_inprocess,8031,0,0,N1,CENTRAL_FB,85.26315789473684,66.66666666666667
K8_R0.90_T0_H0_N1_S8031_CENTRAL_FOG_inprocess,8031,0,0,N1,CENTRAL_FOG,85.26315789473684,66.66666666666667
K8_R0.90_T0_H0_N1_S8031_CENTRAL_inprocess,8031,0,0,N1,CENTRAL,85.26315789473684,66.66666666666667
K8_R0.90_T0_H0_N1_S8031_EDGE_MARKET_inprocess,8031,0,0,N1,EDGE_MARKET,84.21052631578948,83.33333333333333
K8_R0.90_T0_H0_N1_S8031_HYBRID_EAGER_inprocess,8031,0,0,N1,HYBRID_EAGER,85.26315789473684,66.66666666666667
K8_R0.90_T0_H0_N1_S8031_HYBRID_inprocess,8031,0,0,N1,HYBRID,85.26315789473684,66.66666666666667
K8_R0.90_T0_H0_N1_S8031_PERIODIC_inprocess,8031,0,0,N1,PERIODIC,85.26315789473684,83.33333333333333
K8_R0.90_T0_H0_N1_S8031_STATIC_inprocess,8031,0,0,N1,STATIC,75.78947368421052,33.333333333333336
K8_R0.90_T0_H0_N1_S8032_CENTRAL_FB_inprocess,8032,0,0,N1,CENTRAL_FB,91.91919191919192,83.33333333333333
K8_R0.90_T0_H0_N1_S8032_CENTRAL_FOG_inprocess,8032,0,0,N1,CENTRAL_FOG,91.91919191919192,83.33333333333333
K8_R0.90_T0_H0_N1_S8032_CENTRAL_inprocess,8032,0,0,N1,CENTRAL,91.91919191919192,83.33333333333333
K8_R0.90_T0_H0_N1_S8032_EDGE_MARKET_inprocess,8032,0,0,N1,EDGE_MARKET,83.83838383838383,100.0
K8_R0.90_T0_H0_N1_S8032_HYBRID_EAGER_inprocess,8032,0,0,N1,HYBRID_EAGER,91.91919191919192,83.33333333333333
K8_R0.90_T0_H0_N1_S8032_HYBRID_inprocess,8032,0,0,N1,HYBRID,91.91919191919192,83.33333333333333
K8_R0.90_T0_H0_N1_S8032_PERIODIC_inprocess,8032,0,0,N1,PERIODIC,88.88888888888889,83.33333333333333
K8_R0.90_T0_H0_N1_S8032_STATIC_inprocess,8032,0,0,N1,STATIC,84.84848484848484,100.0
K8_R0.90_T0_H0_N1_S8033_CENTRAL_FB_inprocess,8033,0,0,N1,CENTRAL_FB,96.93877551020408,100.0
K8_R0.90_T0_H0_N1_S8033_CENTRAL_FOG_inprocess,8033,0,0,N1,CENTRAL_FOG,96.93877551020408,100.0
K8_R0.90_T0_H0_N1_S8033_CENTRAL_inprocess,8033,0,0,N1,CENTRAL,96.93877551020408,100.0
K8_R0.90_T0_H0_N1_S8033_EDGE_MARKET_inprocess,8033,0,0,N1,EDGE_MARKET,96.93877551020408,100.0
K8_R0.90_T0_H0_N1_S8033_HYBRID_EAGER_inprocess,8033,0,0,N1,HYBRID_EAGER,96.93877551020408,100.0
K8_R0.90_T0_H0_N1_S8033_HYBRID_inprocess,8033,0,0,N1,HYBRID,96.93877551020408,100.0
K8_R0.90_T0_H0_N1_S8033_PERIODIC_inprocess,8033,0,0,N1,PERIODIC,93.87755102040816,100.0
K8_R0.90_T0_H0_N1_S8033_STATIC_inprocess,8033,0,0,N1,STATIC,95.91836734693878,100.0
K8_R0.90_T0_H0_N1_S8034_CENTRAL_FB_inprocess,8034,0,0,N1,CENTRAL_FB,93.26923076923077,100.0
K8_R0.90_T0_H0_N1_S8034_CENTRAL_FOG_inprocess,8034,0,0,N1,CENTRAL_FOG,93.26923076923077,100.0
K8_R0.90_T0_H0_N1_S8034_CENTRAL_inprocess,8034,0,0,N1,CENTRAL,93.26923076923077,100.0
K8_R0.90_T0_H0_N1_S8034_EDGE_MARKET_inprocess,8034,0,0,N1,EDGE_MARKET,92.3076923076923,100.0
K8_R0.90_T0_H0_N1_S8034_HYBRID_EAGER_inprocess,8034,0,0,N1,HYBRID_EAGER,99.03846153846153,100.0
K8_R0.90_T0_H0_N1_S8034_HYBRID_inprocess,8034,0,0,N1,HYBRID,93.26923076923077,100.0
K8_R0.90_T0_H0_N1_S8034_PERIODIC_inprocess,8034,0,0,N1,PERIODIC,93.26923076923077,100.0
K8_R0.90_T0_H0_N1_S8034_STATIC_inprocess,8034,0,0,N1,STATIC,86.53846153846153,87.5
K8_R0.90_T0_H0_N1_S8035_CENTRAL_FB_inprocess,8035,0,0,N1,CENTRAL_FB,93.69369369369369,91.66666666666667
K8_R0.90_T0_H0_N1_S8035_CENTRAL_FOG_inprocess,8035,0,0,N1,CENTRAL_FOG,93.69369369369369,91.66666666666667
K8_R0.90_T0_H0_N1_S8035_CENTRAL_inprocess,8035,0,0,N1,CENTRAL,93.69369369369369,91.66666666666667
K8_R0.90_T0_H0_N1_S8035_EDGE_MARKET_inprocess,8035,0,0,N1,EDGE_MARKET,91.89189189189189,91.66666666666667
K8_R0.90_T0_H0_N1_S8035_HYBRID_EAGER_inprocess,8035,0,0,N1,HYBRID_EAGER,93.69369369369369,91.66666666666667
K8_R0.90_T0_H0_N1_S8035_HYBRID_inprocess,8035,0,0,N1,HYBRID,93.69369369369369,91.66666666666667
K8_R0.90_T0_H0_N1_S8035_PERIODIC_inprocess,8035,0,0,N1,PERIODIC,90.990990990991,91.66666666666667
K8_R0.90_T0_H0_N1_S8035_STATIC_inprocess,8035,0,0,N1,STATIC,88.28828828828829,83.33333333333333
K8_R0.90_T0_H0_N1_S8036_CENTRAL_FB_inprocess,8036,0,0,N1,CENTRAL_FB,94.1747572815534,100.0
K8_R0.90_T0_H0_N1_S8036_CENTRAL_FOG_inprocess,8036,0,0,N1,CENTRAL_FOG,94.1747572815534,100.0
K8_R0.90_T0_H0_N1_S8036_CENTRAL_inprocess,8036,0,0,N1,CENTRAL,94.1747572815534,100.0
K8_R0.90_T0_H0_N1_S8036_EDGE_MARKET_inprocess,8036,0,0,N1,EDGE_MARKET,91.2621359223301,87.5
K8_R0.90_T0_H0_N1_S8036_HYBRID_EAGER_inprocess,8036,0,0,N1,HYBRID_EAGER,94.1747572815534,100.0
K8_R0.90_T0_H0_N1_S8036_HYBRID_inprocess,8036,0,0,N1,HYBRID,94.1747572815534,100.0
K8_R0.90_T0_H0_N1_S8036_PERIODIC_inprocess,8036,0,0,N1,PERIODIC,92.23300970873787,100.0
K8_R0.90_T0_H0_N1_S8036_STATIC_inprocess,8036,0,0,N1,STATIC,87.37864077669903,75.0
K8_R0.90_T0_H0_N1_S8037_CENTRAL_FB_inprocess,8037,0,0,N1,CENTRAL_FB,93.51851851851852,100.0
K8_R0.90_T0_H0_N1_S8037_CENTRAL_FOG_inprocess,8037,0,0,N1,CENTRAL_FOG,93.51851851851852,100.0
K8_R0.90_T0_H0_N1_S8037_CENTRAL_inprocess,8037,0,0,N1,CENTRAL,93.51851851851852,100.0
K8_R0.90_T0_H0_N1_S8037_EDGE_MARKET_inprocess,8037,0,0,N1,EDGE_MARKET,91.66666666666667,100.0
K8_R0.90_T0_H0_N1_S8037_HYBRID_EAGER_inprocess,8037,0,0,N1,HYBRID_EAGER,93.51851851851852,100.0
K8_R0.90_T0_H0_N1_S8037_HYBRID_inprocess,8037,0,0,N1,HYBRID,93.51851851851852,100.0
K8_R0.90_T0_H0_N1_S8037_PERIODIC_inprocess,8037,0,0,N1,PERIODIC,90.74074074074075,90.0
K8_R0.90_T0_H0_N1_S8037_STATIC_inprocess,8037,0,0,N1,STATIC,91.66666666666667,90.0
K8_R0.90_T0_H0_N1_S8038_CENTRAL_FB_inprocess,8038,0,0,N1,CENTRAL_FB,95.87628865979381,100.0
K8_R0.90_T0_H0_N1_S8038_CENTRAL_FOG_inprocess,8038,0,0,N1,CENTRAL_FOG,95.87628865979381,100.0
K8_R0.90_T0_H0_N1_S8038_CENTRAL_inprocess,8038,0,0,N1,CENTRAL,95.87628865979381,100.0
K8_R0.90_T0_H0_N1_S8038_EDGE_MARKET_inprocess,8038,0,0,N1,EDGE_MARKET,92.78350515463917,100.0
K8_R0.90_T0_H0_N1_S8038_HYBRID_EAGER_inprocess,8038,0,0,N1,HYBRID_EAGER,95.87628865979381,100.0
K8_R0.90_T0_H0_N1_S8038_HYBRID_inprocess,8038,0,0,N1,HYBRID,95.87628865979381,100.0
K8_R0.90_T0_H0_N1_S8038_PERIODIC_inprocess,8038,0,0,N1,PERIODIC,93.81443298969072,100.0
K8_R0.90_T0_H0_N1_S8038_STATIC_inprocess,8038,0,0,N1,STATIC,87.62886597938144,80.0
K8_R0.90_T0_H0_N1_S8039_CENTRAL_FB_inprocess,8039,0,0,N1,CENTRAL_FB,95.04950495049505,100.0
K8_R0.90_T0_H0_N1_S8039_CENTRAL_FOG_inprocess,8039,0,0,N1,CENTRAL_FOG,95.04950495049505,100.0
K8_R0.90_T0_H0_N1_S8039_CENTRAL_inprocess,8039,0,0,N1,CENTRAL,95.04950495049505,100.0
K8_R0.90_T0_H0_N1_S8039_EDGE_MARKET_inprocess,8039,0,0,N1,EDGE_MARKET,95.04950495049505,100.0
K8_R0.90_T0_H0_N1_S8039_HYBRID_EAGER_inprocess,8039,0,0,N1,HYBRID_EAGER,95.04950495049505,100.0
K8_R0.90_T0_H0_N1_S8039_HYBRID_inprocess,8039,0,0,N1,HYBRID,95.04950495049505,100.0
K8_R0.90_T0_H0_N1_S8039_PERIODIC_inprocess,8039,0,0,N1,PERIODIC,92.07920792079207,83.33333333333333
K8_R0.90_T0_H0_N1_S8039_STATIC_inprocess,8039,0,0,N1,STATIC,87.12871287128714,66.66666666666667
K8_R0.90_T0_H0_N1_S8040_CENTRAL_FB_inprocess,8040,0,0,N1,CENTRAL_FB,94.89795918367346,100.0
K8_R0.90_T0_H0_N1_S8040_CENTRAL_FOG_inprocess,8040,0,0,N1,CENTRAL_FOG,94.89795918367346,100.0
K8_R0.90_T0_H0_N1_S8040_CENTRAL_inprocess,8040,0,0,N1,CENTRAL,94.89795918367346,100.0
K8_R0.90_T0_H0_N1_S8040_EDGE_MARKET_inprocess,8040,0,0,N1,EDGE_MARKET,89.79591836734694,100.0
K8_R0.90_T0_H0_N1_S8040_HYBRID_EAGER_inprocess,8040,0,0,N1,HYBRID_EAGER,94.89795918367346,100.0
K8_R0.90_T0_H0_N1_S8040_HYBRID_inprocess,8040,0,0,N1,HYBRID,94.89795918367346,100.0
K8_R0.90_T0_H0_N1_S8040_PERIODIC_inprocess,8040,0,0,N1,PERIODIC,93.87755102040816,100.0
K8_R0.90_T0_H0_N1_S8040_STATIC_inprocess,8040,0,0,N1,STATIC,91.83673469387755,100.0
K8_R0.90_T0_H0_N2_S8001_CENTRAL_FB_inprocess,8001,0,0,N2,CENTRAL_FB,90.0,100.0
K8_R0.90_T0_H0_N2_S8001_CENTRAL_FOG_inprocess,8001,0,0,N2,CENTRAL_FOG,90.0,100.0
K8_R0.90_T0_H0_N2_S8001_CENTRAL_inprocess,8001,0,0,N2,CENTRAL,90.0,100.0
K8_R0.90_T0_H0_N2_S8001_EDGE_MARKET_inprocess,8001,0,0,N2,EDGE_MARKET,83.63636363636364,91.66666666666667
K8_R0.90_T0_H0_N2_S8001_HYBRID_EAGER_inprocess,8001,0,0,N2,HYBRID_EAGER,90.0,100.0
K8_R0.90_T0_H0_N2_S8001_HYBRID_inprocess,8001,0,0,N2,HYBRID,90.0,100.0
K8_R0.90_T0_H0_N2_S8001_PERIODIC_inprocess,8001,0,0,N2,PERIODIC,90.9090909090909,100.0
K8_R0.90_T0_H0_N2_S8001_STATIC_inprocess,8001,0,0,N2,STATIC,81.81818181818181,83.33333333333333
K8_R0.90_T0_H0_N2_S8002_CENTRAL_FB_inprocess,8002,0,0,N2,CENTRAL_FB,90.625,83.33333333333333
K8_R0.90_T0_H0_N2_S8002_CENTRAL_FOG_inprocess,8002,0,0,N2,CENTRAL_FOG,89.58333333333333,66.66666666666667
K8_R0.90_T0_H0_N2_S8002_CENTRAL_inprocess,8002,0,0,N2,CENTRAL,89.58333333333333,66.66666666666667
K8_R0.90_T0_H0_N2_S8002_EDGE_MARKET_inprocess,8002,0,0,N2,EDGE_MARKET,91.66666666666667,100.0
K8_R0.90_T0_H0_N2_S8002_HYBRID_EAGER_inprocess,8002,0,0,N2,HYBRID_EAGER,90.625,83.33333333333333
K8_R0.90_T0_H0_N2_S8002_HYBRID_inprocess,8002,0,0,N2,HYBRID,90.625,83.33333333333333
K8_R0.90_T0_H0_N2_S8002_PERIODIC_inprocess,8002,0,0,N2,PERIODIC,92.70833333333333,100.0
K8_R0.90_T0_H0_N2_S8002_STATIC_inprocess,8002,0,0,N2,STATIC,93.75,100.0
K8_R0.90_T0_H0_N2_S8003_CENTRAL_FB_inprocess,8003,0,0,N2,CENTRAL_FB,95.28301886792453,100.0
K8_R0.90_T0_H0_N2_S8003_CENTRAL_FOG_inprocess,8003,0,0,N2,CENTRAL_FOG,94.33962264150944,90.9090909090909
K8_R0.90_T0_H0_N2_S8003_CENTRAL_inprocess,8003,0,0,N2,CENTRAL,94.33962264150944,90.9090909090909
K8_R0.90_T0_H0_N2_S8003_EDGE_MARKET_inprocess,8003,0,0,N2,EDGE_MARKET,96.22641509433963,100.0
K8_R0.90_T0_H0_N2_S8003_HYBRID_EAGER_inprocess,8003,0,0,N2,HYBRID_EAGER,95.28301886792453,100.0
K8_R0.90_T0_H0_N2_S8003_HYBRID_inprocess,8003,0,0,N2,HYBRID,95.28301886792453,100.0
K8_R0.90_T0_H0_N2_S8003_PERIODIC_inprocess,8003,0,0,N2,PERIODIC,92.45283018867924,81.81818181818181
K8_R0.90_T0_H0_N2_S8003_STATIC_inprocess,8003,0,0,N2,STATIC,83.9622641509434,54.54545454545455
K8_R0.90_T0_H0_N2_S8004_CENTRAL_FB_inprocess,8004,0,0,N2,CENTRAL_FB,94.68085106382979,50.0
K8_R0.90_T0_H0_N2_S8004_CENTRAL_FOG_inprocess,8004,0,0,N2,CENTRAL_FOG,94.68085106382979,50.0
K8_R0.90_T0_H0_N2_S8004_CENTRAL_inprocess,8004,0,0,N2,CENTRAL,94.68085106382979,50.0
K8_R0.90_T0_H0_N2_S8004_EDGE_MARKET_inprocess,8004,0,0,N2,EDGE_MARKET,95.74468085106383,50.0
K8_R0.90_T0_H0_N2_S8004_HYBRID_EAGER_inprocess,8004,0,0,N2,HYBRID_EAGER,94.68085106382979,50.0
K8_R0.90_T0_H0_N2_S8004_HYBRID_inprocess,8004,0,0,N2,HYBRID,94.68085106382979,50.0
K8_R0.90_T0_H0_N2_S8004_PERIODIC_inprocess,8004,0,0,N2,PERIODIC,93.61702127659575,50.0
K8_R0.90_T0_H0_N2_S8004_STATIC_inprocess,8004,0,0,N2,STATIC,88.29787234042553,50.0
K8_R0.90_T0_H0_N2_S8005_CENTRAL_FB_inprocess,8005,0,0,N2,CENTRAL_FB,97.89473684210526,100.0
K8_R0.90_T0_H0_N2_S8005_CENTRAL_FOG_inprocess,8005,0,0,N2,CENTRAL_FOG,97.89473684210526,100.0
K8_R0.90_T0_H0_N2_S8005_CENTRAL_inprocess,8005,0,0,N2,CENTRAL,97.89473684210526,100.0
K8_R0.90_T0_H0_N2_S8005_EDGE_MARKET_inprocess,8005,0,0,N2,EDGE_MARKET,98.94736842105263,100.0
K8_R0.90_T0_H0_N2_S8005_HYBRID_EAGER_inprocess,8005,0,0,N2,HYBRID_EAGER,97.89473684210526,100.0
K8_R0.90_T0_H0_N2_S8005_HYBRID_inprocess,8005,0,0,N2,HYBRID,97.89473684210526,100.0
K8_R0.90_T0_H0_N2_S8005_PERIODIC_inprocess,8005,0,0,N2,PERIODIC,96.84210526315789,100.0
K8_R0.90_T0_H0_N2_S8005_STATIC_inprocess,8005,0,0,N2,STATIC,88.42105263157895,66.66666666666667
K8_R0.90_T0_H0_N2_S8006_CENTRAL_FB_inprocess,8006,0,0,N2,CENTRAL_FB,90.81632653061224,87.5
K8_R0.90_T0_H0_N2_S8006_CENTRAL_FOG_inprocess,8006,0,0,N2,CENTRAL_FOG,90.81632653061224,87.5
K8_R0.90_T0_H0_N2_S8006_CENTRAL_inprocess,8006,0,0,N2,CENTRAL,90.81632653061224,87.5
K8_R0.90_T0_H0_N2_S8006_EDGE_MARKET_inprocess,8006,0,0,N2,EDGE_MARKET,87.75510204081633,87.5
K8_R0.90_T0_H0_N2_S8006_HYBRID_EAGER_inprocess,8006,0,0,N2,HYBRID_EAGER,90.81632653061224,87.5
K8_R0.90_T0_H0_N2_S8006_HYBRID_inprocess,8006,0,0,N2,HYBRID,90.81632653061224,87.5
K8_R0.90_T0_H0_N2_S8006_PERIODIC_inprocess,8006,0,0,N2,PERIODIC,91.83673469387755,87.5
K8_R0.90_T0_H0_N2_S8006_STATIC_inprocess,8006,0,0,N2,STATIC,77.55102040816327,50.0
K8_R0.90_T0_H0_N2_S8007_CENTRAL_FB_inprocess,8007,0,0,N2,CENTRAL_FB,89.10891089108911,88.88888888888889
K8_R0.90_T0_H0_N2_S8007_CENTRAL_FOG_inprocess,8007,0,0,N2,CENTRAL_FOG,89.10891089108911,88.88888888888889
K8_R0.90_T0_H0_N2_S8007_CENTRAL_inprocess,8007,0,0,N2,CENTRAL,89.10891089108911,88.88888888888889
K8_R0.90_T0_H0_N2_S8007_EDGE_MARKET_inprocess,8007,0,0,N2,EDGE_MARKET,94.05940594059406,100.0
K8_R0.90_T0_H0_N2_S8007_HYBRID_EAGER_inprocess,8007,0,0,N2,HYBRID_EAGER,89.10891089108911,88.88888888888889
K8_R0.90_T0_H0_N2_S8007_HYBRID_inprocess,8007,0,0,N2,HYBRID,89.10891089108911,88.88888888888889
K8_R0.90_T0_H0_N2_S8007_PERIODIC_inprocess,8007,0,0,N2,PERIODIC,90.0990099009901,88.88888888888889
K8_R0.90_T0_H0_N2_S8007_STATIC_inprocess,8007,0,0,N2,STATIC,86.13861386138613,100.0
K8_R0.90_T0_H0_N2_S8008_CENTRAL_FB_inprocess,8008,0,0,N2,CENTRAL_FB,95.83333333333333,100.0
K8_R0.90_T0_H0_N2_S8008_CENTRAL_FOG_inprocess,8008,0,0,N2,CENTRAL_FOG,94.79166666666667,100.0
K8_R0.90_T0_H0_N2_S8008_CENTRAL_inprocess,8008,0,0,N2,CENTRAL,94.79166666666667,100.0
K8_R0.90_T0_H0_N2_S8008_EDGE_MARKET_inprocess,8008,0,0,N2,EDGE_MARKET,90.625,80.0
K8_R0.90_T0_H0_N2_S8008_HYBRID_EAGER_inprocess,8008,0,0,N2,HYBRID_EAGER,95.83333333333333,100.0
K8_R0.90_T0_H0_N2_S8008_HYBRID_inprocess,8008,0,0,N2,HYBRID,95.83333333333333,100.0
K8_R0.90_T0_H0_N2_S8008_PERIODIC_inprocess,8008,0,0,N2,PERIODIC,89.58333333333333,100.0
K8_R0.90_T0_H0_N2_S8008_STATIC_inprocess,8008,0,0,N2,STATIC,90.625,100.0
K8_R0.90_T0_H0_N2_S8009_CENTRAL_FB_inprocess,8009,0,0,N2,CENTRAL_FB,90.10989010989012,75.0
K8_R0.90_T0_H0_N2_S8009_CENTRAL_FOG_inprocess,8009,0,0,N2,CENTRAL_FOG,90.10989010989012,75.0
K8_R0.90_T0_H0_N2_S8009_CENTRAL_inprocess,8009,0,0,N2,CENTRAL,90.10989010989012,75.0
K8_R0.90_T0_H0_N2_S8009_EDGE_MARKET_inprocess,8009,0,0,N2,EDGE_MARKET,91.20879120879121,75.0
K8_R0.90_T0_H0_N2_S8009_HYBRID_EAGER_inprocess,8009,0,0,N2,HYBRID_EAGER,89.01098901098901,75.0
K8_R0.90_T0_H0_N2_S8009_HYBRID_inprocess,8009,0,0,N2,HYBRID,90.10989010989012,75.0
K8_R0.90_T0_H0_N2_S8009_PERIODIC_inprocess,8009,0,0,N2,PERIODIC,87.91208791208791,75.0
K8_R0.90_T0_H0_N2_S8009_STATIC_inprocess,8009,0,0,N2,STATIC,86.81318681318682,75.0
K8_R0.90_T0_H0_N2_S8010_CENTRAL_FB_inprocess,8010,0,0,N2,CENTRAL_FB,93.54838709677419,100.0
K8_R0.90_T0_H0_N2_S8010_CENTRAL_FOG_inprocess,8010,0,0,N2,CENTRAL_FOG,93.54838709677419,100.0
K8_R0.90_T0_H0_N2_S8010_CENTRAL_inprocess,8010,0,0,N2,CENTRAL,93.54838709677419,100.0
K8_R0.90_T0_H0_N2_S8010_EDGE_MARKET_inprocess,8010,0,0,N2,EDGE_MARKET,87.09677419354838,75.0
K8_R0.90_T0_H0_N2_S8010_HYBRID_EAGER_inprocess,8010,0,0,N2,HYBRID_EAGER,93.54838709677419,100.0
K8_R0.90_T0_H0_N2_S8010_HYBRID_inprocess,8010,0,0,N2,HYBRID,93.54838709677419,100.0
K8_R0.90_T0_H0_N2_S8010_PERIODIC_inprocess,8010,0,0,N2,PERIODIC,87.09677419354838,75.0
K8_R0.90_T0_H0_N2_S8010_STATIC_inprocess,8010,0,0,N2,STATIC,93.54838709677419,100.0
K8_R0.90_T0_H0_N2_S8011_CENTRAL_FB_inprocess,8011,0,0,N2,CENTRAL_FB,90.47619047619048,100.0
K8_R0.90_T0_H0_N2_S8011_CENTRAL_FOG_inprocess,8011,0,0,N2,CENTRAL_FOG,90.47619047619048,100.0
K8_R0.90_T0_H0_N2_S8011_CENTRAL_inprocess,8011,0,0,N2,CENTRAL,90.47619047619048,100.0
K8_R0.90_T0_H0_N2_S8011_EDGE_MARKET_inprocess,8011,0,0,N2,EDGE_MARKET,88.57142857142857,100.0
K8_R0.90_T0_H0_N2_S8011_HYBRID_EAGER_inprocess,8011,0,0,N2,HYBRID_EAGER,90.47619047619048,100.0
K8_R0.90_T0_H0_N2_S8011_HYBRID_inprocess,8011,0,0,N2,HYBRID,90.47619047619048,100.0
K8_R0.90_T0_H0_N2_S8011_PERIODIC_inprocess,8011,0,0,N2,PERIODIC,88.57142857142857,100.0
K8_R0.90_T0_H0_N2_S8011_STATIC_inprocess,8011,0,0,N2,STATIC,74.28571428571429,57.142857142857146
K8_R0.90_T0_H0_N2_S8012_CENTRAL_FB_inprocess,8012,0,0,N2,CENTRAL_FB,77.47747747747748,72.72727272727273
K8_R0.90_T0_H0_N2_S8012_CENTRAL_FOG_inprocess,8012,0,0,N2,CENTRAL_FOG,77.47747747747748,72.72727272727273
K8_R0.90_T0_H0_N2_S8012_CENTRAL_inprocess,8012,0,0,N2,CENTRAL,77.47747747747748,72.72727272727273
K8_R0.90_T0_H0_N2_S8012_EDGE_MARKET_inprocess,8012,0,0,N2,EDGE_MARKET,85.58558558558559,100.0
K8_R0.90_T0_H0_N2_S8012_HYBRID_EAGER_inprocess,8012,0,0,N2,HYBRID_EAGER,77.47747747747748,72.72727272727273
K8_R0.90_T0_H0_N2_S8012_HYBRID_inprocess,8012,0,0,N2,HYBRID,77.47747747747748,72.72727272727273
K8_R0.90_T0_H0_N2_S8012_PERIODIC_inprocess,8012,0,0,N2,PERIODIC,81.08108108108108,90.9090909090909
K8_R0.90_T0_H0_N2_S8012_STATIC_inprocess,8012,0,0,N2,STATIC,70.27027027027027,36.36363636363637
K8_R0.90_T0_H0_N2_S8013_CENTRAL_FB_inprocess,8013,0,0,N2,CENTRAL_FB,89.32038834951456,100.0
K8_R0.90_T0_H0_N2_S8013_CENTRAL_FOG_inprocess,8013,0,0,N2,CENTRAL_FOG,89.32038834951456,100.0
K8_R0.90_T0_H0_N2_S8013_CENTRAL_inprocess,8013,0,0,N2,CENTRAL,89.32038834951456,100.0
K8_R0.90_T0_H0_N2_S8013_EDGE_MARKET_inprocess,8013,0,0,N2,EDGE_MARKET,88.3495145631068,100.0
K8_R0.90_T0_H0_N2_S8013_HYBRID_EAGER_inprocess,8013,0,0,N2,HYBRID_EAGER,89.32038834951456,100.0
K8_R0.90_T0_H0_N2_S8013_HYBRID_inprocess,8013,0,0,N2,HYBRID,89.32038834951456,100.0
K8_R0.90_T0_H0_N2_S8013_PERIODIC_inprocess,8013,0,0,N2,PERIODIC,88.3495145631068,88.88888888888889
K8_R0.90_T0_H0_N2_S8013_STATIC_inprocess,8013,0,0,N2,STATIC,85.4368932038835,77.77777777777777
K8_R0.90_T0_H0_N2_S8014_CENTRAL_FB_inprocess,8014,0,0,N2,CENTRAL_FB,93.33333333333333,100.0
K8_R0.90_T0_H0_N2_S8014_CENTRAL_FOG_inprocess,8014,0,0,N2,CENTRAL_FOG,93.33333333333333,90.9090909090909
K8_R0.90_T0_H0_N2_S8014_CENTRAL_inprocess,8014,0,0,N2,CENTRAL,93.33333333333333,90.9090909090909
K8_R0.90_T0_H0_N2_S8014_EDGE_MARKET_inprocess,8014,0,0,N2,EDGE_MARKET,86.66666666666667,81.81818181818181
K8_R0.90_T0_H0_N2_S8014_HYBRID_EAGER_inprocess,8014,0,0,N2,HYBRID_EAGER,93.33333333333333,100.0
K8_R0.90_T0_H0_N2_S8014_HYBRID_inprocess,8014,0,0,N2,HYBRID,93.33333333333333,100.0
K8_R0.90_T0_H0_N2_S8014_PERIODIC_inprocess,8014,0,0,N2,PERIODIC,93.33333333333333,90.9090909090909
K8_R0.90_T0_H0_N2_S8014_STATIC_inprocess,8014,0,0,N2,STATIC,90.47619047619048,90.9090909090909
K8_R0.90_T0_H0_N2_S8015_CENTRAL_FB_inprocess,8015,0,0,N2,CENTRAL_FB,95.41284403669725,100.0
K8_R0.90_T0_H0_N2_S8015_CENTRAL_FOG_inprocess,8015,0,0,N2,CENTRAL_FOG,95.41284403669725,100.0
K8_R0.90_T0_H0_N2_S8015_CENTRAL_inprocess,8015,0,0,N2,CENTRAL,95.41284403669725,100.0
K8_R0.90_T0_H0_N2_S8015_EDGE_MARKET_inprocess,8015,0,0,N2,EDGE_MARKET,95.41284403669725,100.0
K8_R0.90_T0_H0_N2_S8015_HYBRID_EAGER_inprocess,8015,0,0,N2,HYBRID_EAGER,95.41284403669725,100.0
K8_R0.90_T0_H0_N2_S8015_HYBRID_inprocess,8015,0,0,N2,HYBRID,95.41284403669725,100.0
K8_R0.90_T0_H0_N2_S8015_PERIODIC_inprocess,8015,0,0,N2,PERIODIC,89.90825688073394,100.0
K8_R0.90_T0_H0_N2_S8015_STATIC_inprocess,8015,0,0,N2,STATIC,86.23853211009174,78.57142857142857
K8_R0.90_T0_H0_N2_S8016_CENTRAL_FB_inprocess,8016,0,0,N2,CENTRAL_FB,95.0,100.0
K8_R0.90_T0_H0_N2_S8016_CENTRAL_FOG_inprocess,8016,0,0,N2,CENTRAL_FOG,97.0,100.0
K8_R0.90_T0_H0_N2_S8016_CENTRAL_inprocess,8016,0,0,N2,CENTRAL,97.0,100.0
K8_R0.90_T0_H0_N2_S8016_EDGE_MARKET_inprocess,8016,0,0,N2,EDGE_MARKET,92.0,80.0
K8_R0.90_T0_H0_N2_S8016_HYBRID_EAGER_inprocess,8016,0,0,N2,HYBRID_EAGER,95.0,100.0
K8_R0.90_T0_H0_N2_S8016_HYBRID_inprocess,8016,0,0,N2,HYBRID,95.0,100.0
K8_R0.90_T0_H0_N2_S8016_PERIODIC_inprocess,8016,0,0,N2,PERIODIC,95.0,100.0
K8_R0.90_T0_H0_N2_S8016_STATIC_inprocess,8016,0,0,N2,STATIC,88.0,80.0
K8_R0.90_T0_H0_N2_S8017_CENTRAL_FB_inprocess,8017,0,0,N2,CENTRAL_FB,93.20388349514563,100.0
K8_R0.90_T0_H0_N2_S8017_CENTRAL_FOG_inprocess,8017,0,0,N2,CENTRAL_FOG,93.20388349514563,100.0
K8_R0.90_T0_H0_N2_S8017_CENTRAL_inprocess,8017,0,0,N2,CENTRAL,93.20388349514563,100.0
K8_R0.90_T0_H0_N2_S8017_EDGE_MARKET_inprocess,8017,0,0,N2,EDGE_MARKET,91.2621359223301,100.0
K8_R0.90_T0_H0_N2_S8017_HYBRID_EAGER_inprocess,8017,0,0,N2,HYBRID_EAGER,93.20388349514563,100.0
K8_R0.90_T0_H0_N2_S8017_HYBRID_inprocess,8017,0,0,N2,HYBRID,93.20388349514563,100.0
K8_R0.90_T0_H0_N2_S8017_PERIODIC_inprocess,8017,0,0,N2,PERIODIC,91.2621359223301,100.0
K8_R0.90_T0_H0_N2_S8017_STATIC_inprocess,8017,0,0,N2,STATIC,74.75728155339806,66.66666666666667
K8_R0.90_T0_H0_N2_S8018_CENTRAL_FB_inprocess,8018,0,0,N2,CENTRAL_FB,94.11764705882354,100.0
K8_R0.90_T0_H0_N2_S8018_CENTRAL_FOG_inprocess,8018,0,0,N2,CENTRAL_FOG,94.11764705882354,100.0
K8_R0.90_T0_H0_N2_S8018_CENTRAL_inprocess,8018,0,0,N2,CENTRAL,94.11764705882354,100.0
K8_R0.90_T0_H0_N2_S8018_EDGE_MARKET_inprocess,8018,0,0,N2,EDGE_MARKET,90.19607843137256,100.0
K8_R0.90_T0_H0_N2_S8018_HYBRID_EAGER_inprocess,8018,0,0,N2,HYBRID_EAGER,94.11764705882354,100.0
K8_R0.90_T0_H0_N2_S8018_HYBRID_inprocess,8018,0,0,N2,HYBRID,94.11764705882354,100.0
K8_R0.90_T0_H0_N2_S8018_PERIODIC_inprocess,8018,0,0,N2,PERIODIC,96.07843137254902,100.0
K8_R0.90_T0_H0_N2_S8018_STATIC_inprocess,8018,0,0,N2,STATIC,91.17647058823529,100.0
K8_R0.90_T0_H0_N2_S8019_CENTRAL_FB_inprocess,8019,0,0,N2,CENTRAL_FB,93.54838709677419,80.0
K8_R0.90_T0_H0_N2_S8019_CENTRAL_FOG_inprocess,8019,0,0,N2,CENTRAL_FOG,93.54838709677419,80.0
K8_R0.90_T0_H0_N2_S8019_CENTRAL_inprocess,8019,0,0,N2,CENTRAL,93.54838709677419,80.0
K8_R0.90_T0_H0_N2_S8019_EDGE_MARKET_inprocess,8019,0,0,N2,EDGE_MARKET,90.3225806451613,80.0
K8_R0.90_T0_H0_N2_S8019_HYBRID_EAGER_inprocess,8019,0,0,N2,HYBRID_EAGER,93.54838709677419,80.0
K8_R0.90_T0_H0_N2_S8019_HYBRID_inprocess,8019,0,0,N2,HYBRID,93.54838709677419,80.0
K8_R0.90_T0_H0_N2_S8019_PERIODIC_inprocess,8019,0,0,N2,PERIODIC,93.54838709677419,80.0
K8_R0.90_T0_H0_N2_S8019_STATIC_inprocess,8019,0,0,N2,STATIC,87.09677419354838,80.0
K8_R0.90_T0_H0_N2_S8020_CENTRAL_FB_inprocess,8020,0,0,N2,CENTRAL_FB,90.56603773584905,71.42857142857143
K8_R0.90_T0_H0_N2_S8020_CENTRAL_FOG_inprocess,8020,0,0,N2,CENTRAL_FOG,90.56603773584905,71.42857142857143
K8_R0.90_T0_H0_N2_S8020_CENTRAL_inprocess,8020,0,0,N2,CENTRAL,90.56603773584905,71.42857142857143
K8_R0.90_T0_H0_N2_S8020_EDGE_MARKET_inprocess,8020,0,0,N2,EDGE_MARKET,85.84905660377359,57.142857142857146
K8_R0.90_T0_H0_N2_S8020_HYBRID_EAGER_inprocess,8020,0,0,N2,HYBRID_EAGER,90.56603773584905,71.42857142857143
K8_R0.90_T0_H0_N2_S8020_HYBRID_inprocess,8020,0,0,N2,HYBRID,90.56603773584905,71.42857142857143
K8_R0.90_T0_H0_N2_S8020_PERIODIC_inprocess,8020,0,0,N2,PERIODIC,88.67924528301887,71.42857142857143
K8_R0.90_T0_H0_N2_S8020_STATIC_inprocess,8020,0,0,N2,STATIC,81.13207547169812,57.142857142857146
K8_R0.90_T0_H0_N2_S8021_CENTRAL_FB_inprocess,8021,0,0,N2,CENTRAL_FB,90.0990099009901,77.77777777777777
K8_R0.90_T0_H0_N2_S8021_CENTRAL_FOG_inprocess,8021,0,0,N2,CENTRAL_FOG,90.0990099009901,77.77777777777777
K8_R0.90_T0_H0_N2_S8021_CENTRAL_inprocess,8021,0,0,N2,CENTRAL,90.0990099009901,77.77777777777777
K8_R0.90_T0_H0_N2_S8021_EDGE_MARKET_inprocess,8021,0,0,N2,EDGE_MARKET,85.14851485148515,77.77777777777777
K8_R0.90_T0_H0_N2_S8021_HYBRID_EAGER_inprocess,8021,0,0,N2,HYBRID_EAGER,90.0990099009901,77.77777777777777
K8_R0.90_T0_H0_N2_S8021_HYBRID_inprocess,8021,0,0,N2,HYBRID,90.0990099009901,77.77777777777777
K8_R0.90_T0_H0_N2_S8021_PERIODIC_inprocess,8021,0,0,N2,PERIODIC,91.08910891089108,88.88888888888889
K8_R0.90_T0_H0_N2_S8021_STATIC_inprocess,8021,0,0,N2,STATIC,85.14851485148515,77.77777777777777
K8_R0.90_T0_H0_N2_S8022_CENTRAL_FB_inprocess,8022,0,0,N2,CENTRAL_FB,87.85046728971963,100.0
K8_R0.90_T0_H0_N2_S8022_CENTRAL_FOG_inprocess,8022,0,0,N2,CENTRAL_FOG,87.85046728971963,100.0
K8_R0.90_T0_H0_N2_S8022_CENTRAL_inprocess,8022,0,0,N2,CENTRAL,87.85046728971963,100.0
K8_R0.90_T0_H0_N2_S8022_EDGE_MARKET_inprocess,8022,0,0,N2,EDGE_MARKET,86.91588785046729,100.0
K8_R0.90_T0_H0_N2_S8022_HYBRID_EAGER_inprocess,8022,0,0,N2,HYBRID_EAGER,86.91588785046729,87.5
K8_R0.90_T0_H0_N2_S8022_HYBRID_inprocess,8022,0,0,N2,HYBRID,87.85046728971963,100.0
K8_R0.90_T0_H0_N2_S8022_PERIODIC_inprocess,8022,0,0,N2,PERIODIC,81.30841121495327,87.5
K8_R0.90_T0_H0_N2_S8022_STATIC_inprocess,8022,0,0,N2,STATIC,78.50467289719626,62.5
K8_R0.90_T0_H0_N2_S8023_CENTRAL_FB_inprocess,8023,0,0,N2,CENTRAL_FB,92.15686274509804,100.0
K8_R0.90_T0_H0_N2_S8023_CENTRAL_FOG_inprocess,8023,0,0,N2,CENTRAL_FOG,92.15686274509804,100.0
K8_R0.90_T0_H0_N2_S8023_CENTRAL_inprocess,8023,0,0,N2,CENTRAL,92.15686274509804,100.0
K8_R0.90_T0_H0_N2_S8023_EDGE_MARKET_inprocess,8023,0,0,N2,EDGE_MARKET,85.29411764705883,100.0
K8_R0.90_T0_H0_N2_S8023_HYBRID_EAGER_inprocess,8023,0,0,N2,HYBRID_EAGER,92.15686274509804,100.0
K8_R0.90_T0_H0_N2_S8023_HYBRID_inprocess,8023,0,0,N2,HYBRID,92.15686274509804,100.0
K8_R0.90_T0_H0_N2_S8023_PERIODIC_inprocess,8023,0,0,N2,PERIODIC,90.19607843137256,90.9090909090909
K8_R0.90_T0_H0_N2_S8023_STATIC_inprocess,8023,0,0,N2,STATIC,90.19607843137256,100.0
K8_R0.90_T0_H0_N2_S8024_CENTRAL_FB_inprocess,8024,0,0,N2,CENTRAL_FB,91.0,100.0
K8_R0.90_T0_H0_N2_S8024_CENTRAL_FOG_inprocess,8024,0,0,N2,CENTRAL_FOG,91.0,100.0
K8_R0.90_T0_H0_N2_S8024_CENTRAL_inprocess,8024,0,0,N2,CENTRAL,91.0,100.0
K8_R0.90_T0_H0_N2_S8024_EDGE_MARKET_inprocess,8024,0,0,N2,EDGE_MARKET,83.0,100.0
K8_R0.90_T0_H0_N2_S8024_HYBRID_EAGER_inprocess,8024,0,0,N2,HYBRID_EAGER,90.0,100.0
K8_R0.90_T0_H0_N2_S8024_HYBRID_inprocess,8024,0,0,N2,HYBRID,91.0,100.0
K8_R0.90_T0_H0_N2_S8024_PERIODIC_inprocess,8024,0,0,N2,PERIODIC,89.0,83.33333333333333
K8_R0.90_T0_H0_N2_S8024_STATIC_inprocess,8024,0,0,N2,STATIC,85.0,83.33333333333333
K8_R0.90_T0_H0_N2_S8025_CENTRAL_FB_inprocess,8025,0,0,N2,CENTRAL_FB,95.83333333333333,100.0
K8_R0.90_T0_H0_N2_S8025_CENTRAL_FOG_inprocess,8025,0,0,N2,CENTRAL_FOG,95.83333333333333,100.0
K8_R0.90_T0_H0_N2_S8025_CENTRAL_inprocess,8025,0,0,N2,CENTRAL,95.83333333333333,100.0
K8_R0.90_T0_H0_N2_S8025_EDGE_MARKET_inprocess,8025,0,0,N2,EDGE_MARKET,90.625,100.0
K8_R0.90_T0_H0_N2_S8025_HYBRID_EAGER_inprocess,8025,0,0,N2,HYBRID_EAGER,95.83333333333333,100.0
K8_R0.90_T0_H0_N2_S8025_HYBRID_inprocess,8025,0,0,N2,HYBRID,95.83333333333333,100.0
K8_R0.90_T0_H0_N2_S8025_PERIODIC_inprocess,8025,0,0,N2,PERIODIC,93.75,100.0
K8_R0.90_T0_H0_N2_S8025_STATIC_inprocess,8025,0,0,N2,STATIC,92.70833333333333,66.66666666666667
K8_R0.90_T0_H0_N2_S8026_CENTRAL_FB_inprocess,8026,0,0,N2,CENTRAL_FB,95.83333333333333,100.0
K8_R0.90_T0_H0_N2_S8026_CENTRAL_FOG_inprocess,8026,0,0,N2,CENTRAL_FOG,95.83333333333333,100.0
K8_R0.90_T0_H0_N2_S8026_CENTRAL_inprocess,8026,0,0,N2,CENTRAL,95.83333333333333,100.0
K8_R0.90_T0_H0_N2_S8026_EDGE_MARKET_inprocess,8026,0,0,N2,EDGE_MARKET,95.83333333333333,100.0
K8_R0.90_T0_H0_N2_S8026_HYBRID_EAGER_inprocess,8026,0,0,N2,HYBRID_EAGER,95.83333333333333,100.0
K8_R0.90_T0_H0_N2_S8026_HYBRID_inprocess,8026,0,0,N2,HYBRID,95.83333333333333,100.0
K8_R0.90_T0_H0_N2_S8026_PERIODIC_inprocess,8026,0,0,N2,PERIODIC,89.58333333333333,83.33333333333333
K8_R0.90_T0_H0_N2_S8026_STATIC_inprocess,8026,0,0,N2,STATIC,86.45833333333333,83.33333333333333
K8_R0.90_T0_H0_N2_S8027_CENTRAL_FB_inprocess,8027,0,0,N2,CENTRAL_FB,89.32038834951456,88.88888888888889
K8_R0.90_T0_H0_N2_S8027_CENTRAL_FOG_inprocess,8027,0,0,N2,CENTRAL_FOG,89.32038834951456,88.88888888888889
K8_R0.90_T0_H0_N2_S8027_CENTRAL_inprocess,8027,0,0,N2,CENTRAL,89.32038834951456,88.88888888888889
K8_R0.90_T0_H0_N2_S8027_EDGE_MARKET_inprocess,8027,0,0,N2,EDGE_MARKET,91.2621359223301,100.0
K8_R0.90_T0_H0_N2_S8027_HYBRID_EAGER_inprocess,8027,0,0,N2,HYBRID_EAGER,89.32038834951456,88.88888888888889
K8_R0.90_T0_H0_N2_S8027_HYBRID_inprocess,8027,0,0,N2,HYBRID,89.32038834951456,88.88888888888889
K8_R0.90_T0_H0_N2_S8027_PERIODIC_inprocess,8027,0,0,N2,PERIODIC,90.29126213592232,100.0
K8_R0.90_T0_H0_N2_S8027_STATIC_inprocess,8027,0,0,N2,STATIC,90.29126213592232,100.0
K8_R0.90_T0_H0_N2_S8028_CENTRAL_FB_inprocess,8028,0,0,N2,CENTRAL_FB,73.58490566037736,50.0
K8_R0.90_T0_H0_N2_S8028_CENTRAL_FOG_inprocess,8028,0,0,N2,CENTRAL_FOG,73.58490566037736,50.0
K8_R0.90_T0_H0_N2_S8028_CENTRAL_inprocess,8028,0,0,N2,CENTRAL,73.58490566037736,50.0
K8_R0.90_T0_H0_N2_S8028_EDGE_MARKET_inprocess,8028,0,0,N2,EDGE_MARKET,80.18867924528301,78.57142857142857
K8_R0.90_T0_H0_N2_S8028_HYBRID_EAGER_inprocess,8028,0,0,N2,HYBRID_EAGER,73.58490566037736,50.0
K8_R0.90_T0_H0_N2_S8028_HYBRID_inprocess,8028,0,0,N2,HYBRID,73.58490566037736,50.0
K8_R0.90_T0_H0_N2_S8028_PERIODIC_inprocess,8028,0,0,N2,PERIODIC,87.73584905660377,85.71428571428571
K8_R0.90_T0_H0_N2_S8028_STATIC_inprocess,8028,0,0,N2,STATIC,78.30188679245283,71.42857142857143
K8_R0.90_T0_H0_N2_S8029_CENTRAL_FB_inprocess,8029,0,0,N2,CENTRAL_FB,91.91919191919192,100.0
K8_R0.90_T0_H0_N2_S8029_CENTRAL_FOG_inprocess,8029,0,0,N2,CENTRAL_FOG,91.91919191919192,100.0
K8_R0.90_T0_H0_N2_S8029_CENTRAL_inprocess,8029,0,0,N2,CENTRAL,91.91919191919192,100.0
K8_R0.90_T0_H0_N2_S8029_EDGE_MARKET_inprocess,8029,0,0,N2,EDGE_MARKET,81.81818181818181,66.66666666666667
K8_R0.90_T0_H0_N2_S8029_HYBRID_EAGER_inprocess,8029,0,0,N2,HYBRID_EAGER,87.87878787878788,83.33333333333333
K8_R0.90_T0_H0_N2_S8029_HYBRID_inprocess,8029,0,0,N2,HYBRID,91.91919191919192,100.0
K8_R0.90_T0_H0_N2_S8029_PERIODIC_inprocess,8029,0,0,N2,PERIODIC,86.86868686868686,83.33333333333333
K8_R0.90_T0_H0_N2_S8029_STATIC_inprocess,8029,0,0,N2,STATIC,83.83838383838383,83.33333333333333
K8_R0.90_T0_H0_N2_S8030_CENTRAL_FB_inprocess,8030,0,0,N2,CENTRAL_FB,89.8989898989899,83.33333333333333
K8_R0.90_T0_H0_N2_S8030_CENTRAL_FOG_inprocess,8030,0,0,N2,CENTRAL_FOG,89.8989898989899,83.33333333333333
K8_R0.90_T0_H0_N2_S8030_CENTRAL_inprocess,8030,0,0,N2,CENTRAL,89.8989898989899,83.33333333333333
K8_R0.90_T0_H0_N2_S8030_EDGE_MARKET_inprocess,8030,0,0,N2,EDGE_MARKET,86.86868686868686,100.0
K8_R0.90_T0_H0_N2_S8030_HYBRID_EAGER_inprocess,8030,0,0,N2,HYBRID_EAGER,90.9090909090909,100.0
K8_R0.90_T0_H0_N2_S8030_HYBRID_inprocess,8030,0,0,N2,HYBRID,89.8989898989899,83.33333333333333
K8_R0.90_T0_H0_N2_S8030_PERIODIC_inprocess,8030,0,0,N2,PERIODIC,84.84848484848484,66.66666666666667
K8_R0.90_T0_H0_N2_S8030_STATIC_inprocess,8030,0,0,N2,STATIC,80.8080808080808,66.66666666666667
K8_R0.90_T0_H0_N2_S8031_CENTRAL_FB_inprocess,8031,0,0,N2,CENTRAL_FB,85.26315789473684,83.33333333333333
K8_R0.90_T0_H0_N2_S8031_CENTRAL_FOG_inprocess,8031,0,0,N2,CENTRAL_FOG,87.36842105263158,83.33333333333333
K8_R0.90_T0_H0_N2_S8031_CENTRAL_inprocess,8031,0,0,N2,CENTRAL,87.36842105263158,83.33333333333333
K8_R0.90_T0_H0_N2_S8031_EDGE_MARKET_inprocess,8031,0,0,N2,EDGE_MARKET,84.21052631578948,83.33333333333333
K8_R0.90_T0_H0_N2_S8031_HYBRID_EAGER_inprocess,8031,0,0,N2,HYBRID_EAGER,85.26315789473684,83.33333333333333
K8_R0.90_T0_H0_N2_S8031_HYBRID_inprocess,8031,0,0,N2,HYBRID,85.26315789473684,83.33333333333333
K8_R0.90_T0_H0_N2_S8031_PERIODIC_inprocess,8031,0,0,N2,PERIODIC,81.05263157894737,66.66666666666667
K8_R0.90_T0_H0_N2_S8031_STATIC_inprocess,8031,0,0,N2,STATIC,75.78947368421052,33.333333333333336
K8_R0.90_T0_H0_N2_S8032_CENTRAL_FB_inprocess,8032,0,0,N2,CENTRAL_FB,90.9090909090909,100.0
K8_R0.90_T0_H0_N2_S8032_CENTRAL_FOG_inprocess,8032,0,0,N2,CENTRAL_FOG,90.9090909090909,100.0
K8_R0.90_T0_H0_N2_S8032_CENTRAL_inprocess,8032,0,0,N2,CENTRAL,90.9090909090909,100.0
K8_R0.90_T0_H0_N2_S8032_EDGE_MARKET_inprocess,8032,0,0,N2,EDGE_MARKET,84.84848484848484,100.0
K8_R0.90_T0_H0_N2_S8032_HYBRID_EAGER_inprocess,8032,0,0,N2,HYBRID_EAGER,90.9090909090909,100.0
K8_R0.90_T0_H0_N2_S8032_HYBRID_inprocess,8032,0,0,N2,HYBRID,90.9090909090909,100.0
K8_R0.90_T0_H0_N2_S8032_PERIODIC_inprocess,8032,0,0,N2,PERIODIC,84.84848484848484,83.33333333333333
K8_R0.90_T0_H0_N2_S8032_STATIC_inprocess,8032,0,0,N2,STATIC,84.84848484848484,100.0
K8_R0.90_T0_H0_N2_S8033_CENTRAL_FB_inprocess,8033,0,0,N2,CENTRAL_FB,93.87755102040816,100.0
K8_R0.90_T0_H0_N2_S8033_CENTRAL_FOG_inprocess,8033,0,0,N2,CENTRAL_FOG,94.89795918367346,100.0
K8_R0.90_T0_H0_N2_S8033_CENTRAL_inprocess,8033,0,0,N2,CENTRAL,94.89795918367346,100.0
K8_R0.90_T0_H0_N2_S8033_EDGE_MARKET_inprocess,8033,0,0,N2,EDGE_MARKET,93.87755102040816,100.0
K8_R0.90_T0_H0_N2_S8033_HYBRID_EAGER_inprocess,8033,0,0,N2,HYBRID_EAGER,95.91836734693878,100.0
K8_R0.90_T0_H0_N2_S8033_HYBRID_inprocess,8033,0,0,N2,HYBRID,93.87755102040816,100.0
K8_R0.90_T0_H0_N2_S8033_PERIODIC_inprocess,8033,0,0,N2,PERIODIC,92.85714285714286,100.0
K8_R0.90_T0_H0_N2_S8033_STATIC_inprocess,8033,0,0,N2,STATIC,88.77551020408163,83.33333333333333
K8_R0.90_T0_H0_N2_S8034_CENTRAL_FB_inprocess,8034,0,0,N2,CENTRAL_FB,90.38461538461539,100.0
K8_R0.90_T0_H0_N2_S8034_CENTRAL_FOG_inprocess,8034,0,0,N2,CENTRAL_FOG,91.34615384615384,100.0
K8_R0.90_T0_H0_N2_S8034_CENTRAL_inprocess,8034,0,0,N2,CENTRAL,91.34615384615384,100.0
K8_R0.90_T0_H0_N2_S8034_EDGE_MARKET_inprocess,8034,0,0,N2,EDGE_MARKET,90.38461538461539,100.0
K8_R0.90_T0_H0_N2_S8034_HYBRID_EAGER_inprocess,8034,0,0,N2,HYBRID_EAGER,90.38461538461539,100.0
K8_R0.90_T0_H0_N2_S8034_HYBRID_inprocess,8034,0,0,N2,HYBRID,90.38461538461539,100.0
K8_R0.90_T0_H0_N2_S8034_PERIODIC_inprocess,8034,0,0,N2,PERIODIC,95.1923076923077,100.0
K8_R0.90_T0_H0_N2_S8034_STATIC_inprocess,8034,0,0,N2,STATIC,87.5,87.5
K8_R0.90_T0_H0_N2_S8035_CENTRAL_FB_inprocess,8035,0,0,N2,CENTRAL_FB,90.990990990991,91.66666666666667
K8_R0.90_T0_H0_N2_S8035_CENTRAL_FOG_inprocess,8035,0,0,N2,CENTRAL_FOG,90.990990990991,91.66666666666667
K8_R0.90_T0_H0_N2_S8035_CENTRAL_inprocess,8035,0,0,N2,CENTRAL,90.990990990991,91.66666666666667
K8_R0.90_T0_H0_N2_S8035_EDGE_MARKET_inprocess,8035,0,0,N2,EDGE_MARKET,87.38738738738739,83.33333333333333
K8_R0.90_T0_H0_N2_S8035_HYBRID_EAGER_inprocess,8035,0,0,N2,HYBRID_EAGER,90.990990990991,91.66666666666667
K8_R0.90_T0_H0_N2_S8035_HYBRID_inprocess,8035,0,0,N2,HYBRID,90.990990990991,91.66666666666667
K8_R0.90_T0_H0_N2_S8035_PERIODIC_inprocess,8035,0,0,N2,PERIODIC,93.69369369369369,91.66666666666667
K8_R0.90_T0_H0_N2_S8035_STATIC_inprocess,8035,0,0,N2,STATIC,87.38738738738739,75.0
K8_R0.90_T0_H0_N2_S8036_CENTRAL_FB_inprocess,8036,0,0,N2,CENTRAL_FB,94.1747572815534,100.0
K8_R0.90_T0_H0_N2_S8036_CENTRAL_FOG_inprocess,8036,0,0,N2,CENTRAL_FOG,94.1747572815534,100.0
K8_R0.90_T0_H0_N2_S8036_CENTRAL_inprocess,8036,0,0,N2,CENTRAL,94.1747572815534,100.0
K8_R0.90_T0_H0_N2_S8036_EDGE_MARKET_inprocess,8036,0,0,N2,EDGE_MARKET,91.2621359223301,87.5
K8_R0.90_T0_H0_N2_S8036_HYBRID_EAGER_inprocess,8036,0,0,N2,HYBRID_EAGER,91.2621359223301,87.5
K8_R0.90_T0_H0_N2_S8036_HYBRID_inprocess,8036,0,0,N2,HYBRID,94.1747572815534,100.0
K8_R0.90_T0_H0_N2_S8036_PERIODIC_inprocess,8036,0,0,N2,PERIODIC,94.1747572815534,100.0
K8_R0.90_T0_H0_N2_S8036_STATIC_inprocess,8036,0,0,N2,STATIC,87.37864077669903,75.0
K8_R0.90_T0_H0_N2_S8037_CENTRAL_FB_inprocess,8037,0,0,N2,CENTRAL_FB,95.37037037037037,100.0
K8_R0.90_T0_H0_N2_S8037_CENTRAL_FOG_inprocess,8037,0,0,N2,CENTRAL_FOG,95.37037037037037,100.0
K8_R0.90_T0_H0_N2_S8037_CENTRAL_inprocess,8037,0,0,N2,CENTRAL,95.37037037037037,100.0
K8_R0.90_T0_H0_N2_S8037_EDGE_MARKET_inprocess,8037,0,0,N2,EDGE_MARKET,91.66666666666667,100.0
K8_R0.90_T0_H0_N2_S8037_HYBRID_EAGER_inprocess,8037,0,0,N2,HYBRID_EAGER,94.44444444444444,100.0
K8_R0.90_T0_H0_N2_S8037_HYBRID_inprocess,8037,0,0,N2,HYBRID,95.37037037037037,100.0
K8_R0.90_T0_H0_N2_S8037_PERIODIC_inprocess,8037,0,0,N2,PERIODIC,91.66666666666667,100.0
K8_R0.90_T0_H0_N2_S8037_STATIC_inprocess,8037,0,0,N2,STATIC,91.66666666666667,90.0
K8_R0.90_T0_H0_N2_S8038_CENTRAL_FB_inprocess,8038,0,0,N2,CENTRAL_FB,94.84536082474227,100.0
K8_R0.90_T0_H0_N2_S8038_CENTRAL_FOG_inprocess,8038,0,0,N2,CENTRAL_FOG,94.84536082474227,100.0
K8_R0.90_T0_H0_N2_S8038_CENTRAL_inprocess,8038,0,0,N2,CENTRAL,94.84536082474227,100.0
K8_R0.90_T0_H0_N2_S8038_EDGE_MARKET_inprocess,8038,0,0,N2,EDGE_MARKET,87.62886597938144,60.0
K8_R0.90_T0_H0_N2_S8038_HYBRID_EAGER_inprocess,8038,0,0,N2,HYBRID_EAGER,94.84536082474227,100.0
K8_R0.90_T0_H0_N2_S8038_HYBRID_inprocess,8038,0,0,N2,HYBRID,94.84536082474227,100.0
K8_R0.90_T0_H0_N2_S8038_PERIODIC_inprocess,8038,0,0,N2,PERIODIC,95.87628865979381,100.0
K8_R0.90_T0_H0_N2_S8038_STATIC_inprocess,8038,0,0,N2,STATIC,89.69072164948453,80.0
K8_R0.90_T0_H0_N2_S8039_CENTRAL_FB_inprocess,8039,0,0,N2,CENTRAL_FB,96.03960396039604,100.0
K8_R0.90_T0_H0_N2_S8039_CENTRAL_FOG_inprocess,8039,0,0,N2,CENTRAL_FOG,96.03960396039604,100.0
K8_R0.90_T0_H0_N2_S8039_CENTRAL_inprocess,8039,0,0,N2,CENTRAL,96.03960396039604,100.0
K8_R0.90_T0_H0_N2_S8039_EDGE_MARKET_inprocess,8039,0,0,N2,EDGE_MARKET,93.06930693069307,100.0
K8_R0.90_T0_H0_N2_S8039_HYBRID_EAGER_inprocess,8039,0,0,N2,HYBRID_EAGER,96.03960396039604,100.0
K8_R0.90_T0_H0_N2_S8039_HYBRID_inprocess,8039,0,0,N2,HYBRID,96.03960396039604,100.0
K8_R0.90_T0_H0_N2_S8039_PERIODIC_inprocess,8039,0,0,N2,PERIODIC,90.0990099009901,83.33333333333333
K8_R0.90_T0_H0_N2_S8039_STATIC_inprocess,8039,0,0,N2,STATIC,87.12871287128714,66.66666666666667
K8_R0.90_T0_H0_N2_S8040_CENTRAL_FB_inprocess,8040,0,0,N2,CENTRAL_FB,95.91836734693878,100.0
K8_R0.90_T0_H0_N2_S8040_CENTRAL_FOG_inprocess,8040,0,0,N2,CENTRAL_FOG,95.91836734693878,100.0
K8_R0.90_T0_H0_N2_S8040_CENTRAL_inprocess,8040,0,0,N2,CENTRAL,95.91836734693878,100.0
K8_R0.90_T0_H0_N2_S8040_EDGE_MARKET_inprocess,8040,0,0,N2,EDGE_MARKET,89.79591836734694,100.0
K8_R0.90_T0_H0_N2_S8040_HYBRID_EAGER_inprocess,8040,0,0,N2,HYBRID_EAGER,97.95918367346938,100.0
K8_R0.90_T0_H0_N2_S8040_HYBRID_inprocess,8040,0,0,N2,HYBRID,95.91836734693878,100.0
K8_R0.90_T0_H0_N2_S8040_PERIODIC_inprocess,8040,0,0,N2,PERIODIC,93.87755102040816,100.0
K8_R0.90_T0_H0_N2_S8040_STATIC_inprocess,8040,0,0,N2,STATIC,92.85714285714286,100.0
K8_R0.90_T0_H0_N3_S8001_CENTRAL_FB_inprocess,8001,0,0,N3,CENTRAL_FB,85.45454545454545,83.33333333333333
K8_R0.90_T0_H0_N3_S8001_CENTRAL_FOG_inprocess,8001,0,0,N3,CENTRAL_FOG,90.9090909090909,100.0
K8_R0.90_T0_H0_N3_S8001_CENTRAL_inprocess,8001,0,0,N3,CENTRAL,90.9090909090909,100.0
K8_R0.90_T0_H0_N3_S8001_EDGE_MARKET_inprocess,8001,0,0,N3,EDGE_MARKET,80.9090909090909,91.66666666666667
K8_R0.90_T0_H0_N3_S8001_HYBRID_EAGER_inprocess,8001,0,0,N3,HYBRID_EAGER,85.45454545454545,83.33333333333333
K8_R0.90_T0_H0_N3_S8001_HYBRID_inprocess,8001,0,0,N3,HYBRID,85.45454545454545,83.33333333333333
K8_R0.90_T0_H0_N3_S8001_PERIODIC_inprocess,8001,0,0,N3,PERIODIC,90.0,100.0
K8_R0.90_T0_H0_N3_S8001_STATIC_inprocess,8001,0,0,N3,STATIC,79.0909090909091,75.0
K8_R0.90_T0_H0_N3_S8002_CENTRAL_FB_inprocess,8002,0,0,N3,CENTRAL_FB,86.45833333333333,83.33333333333333
K8_R0.90_T0_H0_N3_S8002_CENTRAL_FOG_inprocess,8002,0,0,N3,CENTRAL_FOG,85.41666666666667,66.66666666666667
K8_R0.90_T0_H0_N3_S8002_CENTRAL_inprocess,8002,0,0,N3,CENTRAL,85.41666666666667,66.66666666666667
K8_R0.90_T0_H0_N3_S8002_EDGE_MARKET_inprocess,8002,0,0,N3,EDGE_MARKET,91.66666666666667,100.0
K8_R0.90_T0_H0_N3_S8002_HYBRID_EAGER_inprocess,8002,0,0,N3,HYBRID_EAGER,83.33333333333333,50.0
K8_R0.90_T0_H0_N3_S8002_HYBRID_inprocess,8002,0,0,N3,HYBRID,86.45833333333333,83.33333333333333
K8_R0.90_T0_H0_N3_S8002_PERIODIC_inprocess,8002,0,0,N3,PERIODIC,89.58333333333333,83.33333333333333
K8_R0.90_T0_H0_N3_S8002_STATIC_inprocess,8002,0,0,N3,STATIC,82.29166666666667,66.66666666666667
K8_R0.90_T0_H0_N3_S8003_CENTRAL_FB_inprocess,8003,0,0,N3,CENTRAL_FB,91.50943396226415,81.81818181818181
K8_R0.90_T0_H0_N3_S8003_CENTRAL_FOG_inprocess,8003,0,0,N3,CENTRAL_FOG,91.50943396226415,81.81818181818181
K8_R0.90_T0_H0_N3_S8003_CENTRAL_inprocess,8003,0,0,N3,CENTRAL,91.50943396226415,81.81818181818181
K8_R0.90_T0_H0_N3_S8003_EDGE_MARKET_inprocess,8003,0,0,N3,EDGE_MARKET,91.50943396226415,100.0
K8_R0.90_T0_H0_N3_S8003_HYBRID_EAGER_inprocess,8003,0,0,N3,HYBRID_EAGER,91.50943396226415,81.81818181818181
K8_R0.90_T0_H0_N3_S8003_HYBRID_inprocess,8003,0,0,N3,HYBRID,91.50943396226415,81.81818181818181
K8_R0.90_T0_H0_N3_S8003_PERIODIC_inprocess,8003,0,0,N3,PERIODIC,90.56603773584905,90.9090909090909
K8_R0.90_T0_H0_N3_S8003_STATIC_inprocess,8003,0,0,N3,STATIC,80.18867924528301,63.63636363636363
K8_R0.90_T0_H0_N3_S8004_CENTRAL_FB_inprocess,8004,0,0,N3,CENTRAL_FB,92.55319148936171,50.0
K8_R0.90_T0_H0_N3_S8004_CENTRAL_FOG_inprocess,8004,0,0,N3,CENTRAL_FOG,92.55319148936171,50.0
K8_R0.90_T0_H0_N3_S8004_CENTRAL_inprocess,8004,0,0,N3,CENTRAL,92.55319148936171,50.0
K8_R0.90_T0_H0_N3_S8004_EDGE_MARKET_inprocess,8004,0,0,N3,EDGE_MARKET,90.42553191489361,50.0
K8_R0.90_T0_H0_N3_S8004_HYBRID_EAGER_inprocess,8004,0,0,N3,HYBRID_EAGER,90.42553191489361,50.0
K8_R0.90_T0_H0_N3_S8004_HYBRID_inprocess,8004,0,0,N3,HYBRID,92.55319148936171,50.0
K8_R0.90_T0_H0_N3_S8004_PERIODIC_inprocess,8004,0,0,N3,PERIODIC,93.61702127659575,50.0
K8_R0.90_T0_H0_N3_S8004_STATIC_inprocess,8004,0,0,N3,STATIC,91.48936170212765,50.0
K8_R0.90_T0_H0_N3_S8005_CENTRAL_FB_inprocess,8005,0,0,N3,CENTRAL_FB,96.84210526315789,100.0
K8_R0.90_T0_H0_N3_S8005_CENTRAL_FOG_inprocess,8005,0,0,N3,CENTRAL_FOG,98.94736842105263,100.0
K8_R0.90_T0_H0_N3_S8005_CENTRAL_inprocess,8005,0,0,N3,CENTRAL,98.94736842105263,100.0
K8_R0.90_T0_H0_N3_S8005_EDGE_MARKET_inprocess,8005,0,0,N3,EDGE_MARKET,92.63157894736842,100.0
K8_R0.90_T0_H0_N3_S8005_HYBRID_EAGER_inprocess,8005,0,0,N3,HYBRID_EAGER,96.84210526315789,100.0
K8_R0.90_T0_H0_N3_S8005_HYBRID_inprocess,8005,0,0,N3,HYBRID,96.84210526315789,100.0
K8_R0.90_T0_H0_N3_S8005_PERIODIC_inprocess,8005,0,0,N3,PERIODIC,98.94736842105263,100.0
K8_R0.90_T0_H0_N3_S8005_STATIC_inprocess,8005,0,0,N3,STATIC,80.0,33.333333333333336
K8_R0.90_T0_H0_N3_S8006_CENTRAL_FB_inprocess,8006,0,0,N3,CENTRAL_FB,88.77551020408163,87.5
K8_R0.90_T0_H0_N3_S8006_CENTRAL_FOG_inprocess,8006,0,0,N3,CENTRAL_FOG,87.75510204081633,87.5
K8_R0.90_T0_H0_N3_S8006_CENTRAL_inprocess,8006,0,0,N3,CENTRAL,87.75510204081633,87.5
K8_R0.90_T0_H0_N3_S8006_EDGE_MARKET_inprocess,8006,0,0,N3,EDGE_MARKET,88.77551020408163,87.5
K8_R0.90_T0_H0_N3_S8006_HYBRID_EAGER_inprocess,8006,0,0,N3,HYBRID_EAGER,88.77551020408163,87.5
K8_R0.90_T0_H0_N3_S8006_HYBRID_inprocess,8006,0,0,N3,HYBRID,88.77551020408163,87.5
K8_R0.90_T0_H0_N3_S8006_PERIODIC_inprocess,8006,0,0,N3,PERIODIC,84.6938775510204,75.0
K8_R0.90_T0_H0_N3_S8006_STATIC_inprocess,8006,0,0,N3,STATIC,77.55102040816327,50.0
K8_R0.90_T0_H0_N3_S8007_CENTRAL_FB_inprocess,8007,0,0,N3,CENTRAL_FB,89.10891089108911,100.0
K8_R0.90_T0_H0_N3_S8007_CENTRAL_FOG_inprocess,8007,0,0,N3,CENTRAL_FOG,87.12871287128714,88.88888888888889
K8_R0.90_T0_H0_N3_S8007_CENTRAL_inprocess,8007,0,0,N3,CENTRAL,87.12871287128714,88.88888888888889
K8_R0.90_T0_H0_N3_S8007_EDGE_MARKET_inprocess,8007,0,0,N3,EDGE_MARKET,86.13861386138613,100.0
K8_R0.90_T0_H0_N3_S8007_HYBRID_EAGER_inprocess,8007,0,0,N3,HYBRID_EAGER,89.10891089108911,100.0
K8_R0.90_T0_H0_N3_S8007_HYBRID_inprocess,8007,0,0,N3,HYBRID,89.10891089108911,100.0
K8_R0.90_T0_H0_N3_S8007_PERIODIC_inprocess,8007,0,0,N3,PERIODIC,88.11881188118812,100.0
K8_R0.90_T0_H0_N3_S8007_STATIC_inprocess,8007,0,0,N3,STATIC,77.22772277227723,66.66666666666667
K8_R0.90_T0_H0_N3_S8008_CENTRAL_FB_inprocess,8008,0,0,N3,CENTRAL_FB,88.54166666666667,100.0
K8_R0.90_T0_H0_N3_S8008_CENTRAL_FOG_inprocess,8008,0,0,N3,CENTRAL_FOG,89.58333333333333,100.0
K8_R0.90_T0_H0_N3_S8008_CENTRAL_inprocess,8008,0,0,N3,CENTRAL,89.58333333333333,100.0
K8_R0.90_T0_H0_N3_S8008_EDGE_MARKET_inprocess,8008,0,0,N3,EDGE_MARKET,92.70833333333333,100.0
K8_R0.90_T0_H0_N3_S8008_HYBRID_EAGER_inprocess,8008,0,0,N3,HYBRID_EAGER,88.54166666666667,100.0
K8_R0.90_T0_H0_N3_S8008_HYBRID_inprocess,8008,0,0,N3,HYBRID,88.54166666666667,100.0
K8_R0.90_T0_H0_N3_S8008_PERIODIC_inprocess,8008,0,0,N3,PERIODIC,84.375,80.0
K8_R0.90_T0_H0_N3_S8008_STATIC_inprocess,8008,0,0,N3,STATIC,89.58333333333333,100.0
K8_R0.90_T0_H0_N3_S8009_CENTRAL_FB_inprocess,8009,0,0,N3,CENTRAL_FB,83.51648351648352,75.0
K8_R0.90_T0_H0_N3_S8009_CENTRAL_FOG_inprocess,8009,0,0,N3,CENTRAL_FOG,83.51648351648352,75.0
K8_R0.90_T0_H0_N3_S8009_CENTRAL_inprocess,8009,0,0,N3,CENTRAL,83.51648351648352,75.0
K8_R0.90_T0_H0_N3_S8009_EDGE_MARKET_inprocess,8009,0,0,N3,EDGE_MARKET,82.41758241758242,25.0
K8_R0.90_T0_H0_N3_S8009_HYBRID_EAGER_inprocess,8009,0,0,N3,HYBRID_EAGER,83.51648351648352,75.0
K8_R0.90_T0_H0_N3_S8009_HYBRID_inprocess,8009,0,0,N3,HYBRID,83.51648351648352,75.0
K8_R0.90_T0_H0_N3_S8009_PERIODIC_inprocess,8009,0,0,N3,PERIODIC,89.01098901098901,75.0
K8_R0.90_T0_H0_N3_S8009_STATIC_inprocess,8009,0,0,N3,STATIC,84.61538461538461,75.0
K8_R0.90_T0_H0_N3_S8010_CENTRAL_FB_inprocess,8010,0,0,N3,CENTRAL_FB,91.39784946236558,100.0
K8_R0.90_T0_H0_N3_S8010_CENTRAL_FOG_inprocess,8010,0,0,N3,CENTRAL_FOG,92.47311827956989,100.0
K8_R0.90_T0_H0_N3_S8010_CENTRAL_inprocess,8010,0,0,N3,CENTRAL,92.47311827956989,100.0
K8_R0.90_T0_H0_N3_S8010_EDGE_MARKET_inprocess,8010,0,0,N3,EDGE_MARKET,88.17204301075269,75.0
K8_R0.90_T0_H0_N3_S8010_HYBRID_EAGER_inprocess,8010,0,0,N3,HYBRID_EAGER,91.39784946236558,100.0
K8_R0.90_T0_H0_N3_S8010_HYBRID_inprocess,8010,0,0,N3,HYBRID,91.39784946236558,100.0
K8_R0.90_T0_H0_N3_S8010_PERIODIC_inprocess,8010,0,0,N3,PERIODIC,91.39784946236558,100.0
K8_R0.90_T0_H0_N3_S8010_STATIC_inprocess,8010,0,0,N3,STATIC,88.17204301075269,50.0
K8_R0.90_T0_H0_N3_S8011_CENTRAL_FB_inprocess,8011,0,0,N3,CENTRAL_FB,88.57142857142857,100.0
K8_R0.90_T0_H0_N3_S8011_CENTRAL_FOG_inprocess,8011,0,0,N3,CENTRAL_FOG,88.57142857142857,100.0
K8_R0.90_T0_H0_N3_S8011_CENTRAL_inprocess,8011,0,0,N3,CENTRAL,88.57142857142857,100.0
K8_R0.90_T0_H0_N3_S8011_EDGE_MARKET_inprocess,8011,0,0,N3,EDGE_MARKET,84.76190476190476,100.0
K8_R0.90_T0_H0_N3_S8011_HYBRID_EAGER_inprocess,8011,0,0,N3,HYBRID_EAGER,88.57142857142857,100.0
K8_R0.90_T0_H0_N3_S8011_HYBRID_inprocess,8011,0,0,N3,HYBRID,88.57142857142857,100.0
K8_R0.90_T0_H0_N3_S8011_PERIODIC_inprocess,8011,0,0,N3,PERIODIC,86.66666666666667,100.0
K8_R0.90_T0_H0_N3_S8011_STATIC_inprocess,8011,0,0,N3,STATIC,76.19047619047619,57.142857142857146
K8_R0.90_T0_H0_N3_S8012_CENTRAL_FB_inprocess,8012,0,0,N3,CENTRAL_FB,81.98198198198199,100.0
K8_R0.90_T0_H0_N3_S8012_CENTRAL_FOG_inprocess,8012,0,0,N3,CENTRAL_FOG,79.27927927927928,90.9090909090909
K8_R0.90_T0_H0_N3_S8012_CENTRAL_inprocess,8012,0,0,N3,CENTRAL,79.27927927927928,90.9090909090909
K8_R0.90_T0_H0_N3_S8012_EDGE_MARKET_inprocess,8012,0,0,N3,EDGE_MARKET,76.57657657657657,90.9090909090909
K8_R0.90_T0_H0_N3_S8012_HYBRID_EAGER_inprocess,8012,0,0,N3,HYBRID_EAGER,81.98198198198199,100.0
K8_R0.90_T0_H0_N3_S8012_HYBRID_inprocess,8012,0,0,N3,HYBRID,81.98198198198199,100.0
K8_R0.90_T0_H0_N3_S8012_PERIODIC_inprocess,8012,0,0,N3,PERIODIC,77.47747747747748,72.72727272727273
K8_R0.90_T0_H0_N3_S8012_STATIC_inprocess,8012,0,0,N3,STATIC,69.36936936936937,36.36363636363637
K8_R0.90_T0_H0_N3_S8013_CENTRAL_FB_inprocess,8013,0,0,N3,CENTRAL_FB,86.40776699029126,100.0
K8_R0.90_T0_H0_N3_S8013_CENTRAL_FOG_inprocess,8013,0,0,N3,CENTRAL_FOG,86.40776699029126,88.88888888888889
K8_R0.90_T0_H0_N3_S8013_CENTRAL_inprocess,8013,0,0,N3,CENTRAL,86.40776699029126,88.88888888888889
K8_R0.90_T0_H0_N3_S8013_EDGE_MARKET_inprocess,8013,0,0,N3,EDGE_MARKET,86.40776699029126,100.0
K8_R0.90_T0_H0_N3_S8013_HYBRID_EAGER_inprocess,8013,0,0,N3,HYBRID_EAGER,86.40776699029126,100.0
K8_R0.90_T0_H0_N3_S8013_HYBRID_inprocess,8013,0,0,N3,HYBRID,86.40776699029126,100.0
K8_R0.90_T0_H0_N3_S8013_PERIODIC_inprocess,8013,0,0,N3,PERIODIC,82.52427184466019,88.88888888888889
K8_R0.90_T0_H0_N3_S8013_STATIC_inprocess,8013,0,0,N3,STATIC,82.52427184466019,66.66666666666667
K8_R0.90_T0_H0_N3_S8014_CENTRAL_FB_inprocess,8014,0,0,N3,CENTRAL_FB,94.28571428571429,90.9090909090909
K8_R0.90_T0_H0_N3_S8014_CENTRAL_FOG_inprocess,8014,0,0,N3,CENTRAL_FOG,93.33333333333333,100.0
K8_R0.90_T0_H0_N3_S8014_CENTRAL_inprocess,8014,0,0,N3,CENTRAL,93.33333333333333,100.0
K8_R0.90_T0_H0_N3_S8014_EDGE_MARKET_inprocess,8014,0,0,N3,EDGE_MARKET,89.52380952380952,81.81818181818181
K8_R0.90_T0_H0_N3_S8014_HYBRID_EAGER_inprocess,8014,0,0,N3,HYBRID_EAGER,94.28571428571429,90.9090909090909
K8_R0.90_T0_H0_N3_S8014_HYBRID_inprocess,8014,0,0,N3,HYBRID,94.28571428571429,90.9090909090909
K8_R0.90_T0_H0_N3_S8014_PERIODIC_inprocess,8014,0,0,N3,PERIODIC,90.47619047619048,81.81818181818181
K8_R0.90_T0_H0_N3_S8014_STATIC_inprocess,8014,0,0,N3,STATIC,86.66666666666667,72.72727272727273
K8_R0.90_T0_H0_N3_S8015_CENTRAL_FB_inprocess,8015,0,0,N3,CENTRAL_FB,90.8256880733945,85.71428571428571
K8_R0.90_T0_H0_N3_S8015_CENTRAL_FOG_inprocess,8015,0,0,N3,CENTRAL_FOG,90.8256880733945,85.71428571428571
K8_R0.90_T0_H0_N3_S8015_CENTRAL_inprocess,8015,0,0,N3,CENTRAL,90.8256880733945,85.71428571428571
K8_R0.90_T0_H0_N3_S8015_EDGE_MARKET_inprocess,8015,0,0,N3,EDGE_MARKET,89.90825688073394,85.71428571428571
K8_R0.90_T0_H0_N3_S8015_HYBRID_EAGER_inprocess,8015,0,0,N3,HYBRID_EAGER,91.74311926605505,85.71428571428571
K8_R0.90_T0_H0_N3_S8015_HYBRID_inprocess,8015,0,0,N3,HYBRID,90.8256880733945,85.71428571428571
K8_R0.90_T0_H0_N3_S8015_PERIODIC_inprocess,8015,0,0,N3,PERIODIC,88.9908256880734,85.71428571428571
K8_R0.90_T0_H0_N3_S8015_STATIC_inprocess,8015,0,0,N3,STATIC,88.9908256880734,85.71428571428571
K8_R0.90_T0_H0_N3_S8016_CENTRAL_FB_inprocess,8016,0,0,N3,CENTRAL_FB,97.0,100.0
K8_R0.90_T0_H0_N3_S8016_CENTRAL_FOG_inprocess,8016,0,0,N3,CENTRAL_FOG,97.0,100.0
K8_R0.90_T0_H0_N3_S8016_CENTRAL_inprocess,8016,0,0,N3,CENTRAL,97.0,100.0
K8_R0.90_T0_H0_N3_S8016_EDGE_MARKET_inprocess,8016,0,0,N3,EDGE_MARKET,94.0,100.0
K8_R0.90_T0_H0_N3_S8016_HYBRID_EAGER_inprocess,8016,0,0,N3,HYBRID_EAGER,97.0,100.0
K8_R0.90_T0_H0_N3_S8016_HYBRID_inprocess,8016,0,0,N3,HYBRID,97.0,100.0
K8_R0.90_T0_H0_N3_S8016_PERIODIC_inprocess,8016,0,0,N3,PERIODIC,94.0,100.0
K8_R0.90_T0_H0_N3_S8016_STATIC_inprocess,8016,0,0,N3,STATIC,88.0,80.0
K8_R0.90_T0_H0_N3_S8017_CENTRAL_FB_inprocess,8017,0,0,N3,CENTRAL_FB,85.4368932038835,77.77777777777777
K8_R0.90_T0_H0_N3_S8017_CENTRAL_FOG_inprocess,8017,0,0,N3,CENTRAL_FOG,93.20388349514563,100.0
K8_R0.90_T0_H0_N3_S8017_CENTRAL_inprocess,8017,0,0,N3,CENTRAL,93.20388349514563,100.0
K8_R0.90_T0_H0_N3_S8017_EDGE_MARKET_inprocess,8017,0,0,N3,EDGE_MARKET,86.40776699029126,100.0
K8_R0.90_T0_H0_N3_S8017_HYBRID_EAGER_inprocess,8017,0,0,N3,HYBRID_EAGER,85.4368932038835,77.77777777777777
K8_R0.90_T0_H0_N3_S8017_HYBRID_inprocess,8017,0,0,N3,HYBRID,85.4368932038835,77.77777777777777
K8_R0.90_T0_H0_N3_S8017_PERIODIC_inprocess,8017,0,0,N3,PERIODIC,92.23300970873787,100.0
K8_R0.90_T0_H0_N3_S8017_STATIC_inprocess,8017,0,0,N3,STATIC,74.75728155339806,66.66666666666667
K8_R0.90_T0_H0_N3_S8018_CENTRAL_FB_inprocess,8018,0,0,N3,CENTRAL_FB,93.13725490196079,100.0
K8_R0.90_T0_H0_N3_S8018_CENTRAL_FOG_inprocess,8018,0,0,N3,CENTRAL_FOG,94.11764705882354,100.0
K8_R0.90_T0_H0_N3_S8018_CENTRAL_inprocess,8018,0,0,N3,CENTRAL,94.11764705882354,100.0
K8_R0.90_T0_H0_N3_S8018_EDGE_MARKET_inprocess,8018,0,0,N3,EDGE_MARKET,93.13725490196079,100.0
K8_R0.90_T0_H0_N3_S8018_HYBRID_EAGER_inprocess,8018,0,0,N3,HYBRID_EAGER,93.13725490196079,100.0
K8_R0.90_T0_H0_N3_S8018_HYBRID_inprocess,8018,0,0,N3,HYBRID,93.13725490196079,100.0
K8_R0.90_T0_H0_N3_S8018_PERIODIC_inprocess,8018,0,0,N3,PERIODIC,90.19607843137256,85.71428571428571
K8_R0.90_T0_H0_N3_S8018_STATIC_inprocess,8018,0,0,N3,STATIC,93.13725490196079,100.0
K8_R0.90_T0_H0_N3_S8019_CENTRAL_FB_inprocess,8019,0,0,N3,CENTRAL_FB,97.84946236559139,100.0
K8_R0.90_T0_H0_N3_S8019_CENTRAL_FOG_inprocess,8019,0,0,N3,CENTRAL_FOG,97.84946236559139,100.0
K8_R0.90_T0_H0_N3_S8019_CENTRAL_inprocess,8019,0,0,N3,CENTRAL,97.84946236559139,100.0
K8_R0.90_T0_H0_N3_S8019_EDGE_MARKET_inprocess,8019,0,0,N3,EDGE_MARKET,91.39784946236558,80.0
K8_R0.90_T0_H0_N3_S8019_HYBRID_EAGER_inprocess,8019,0,0,N3,HYBRID_EAGER,97.84946236559139,100.0
K8_R0.90_T0_H0_N3_S8019_HYBRID_inprocess,8019,0,0,N3,HYBRID,97.84946236559139,100.0
K8_R0.90_T0_H0_N3_S8019_PERIODIC_inprocess,8019,0,0,N3,PERIODIC,92.47311827956989,100.0
K8_R0.90_T0_H0_N3_S8019_STATIC_inprocess,8019,0,0,N3,STATIC,87.09677419354838,80.0
K8_R0.90_T0_H0_N3_S8020_CENTRAL_FB_inprocess,8020,0,0,N3,CENTRAL_FB,85.84905660377359,42.857142857142854
K8_R0.90_T0_H0_N3_S8020_CENTRAL_FOG_inprocess,8020,0,0,N3,CENTRAL_FOG,85.84905660377359,42.857142857142854
K8_R0.90_T0_H0_N3_S8020_CENTRAL_inprocess,8020,0,0,N3,CENTRAL,85.84905660377359,42.857142857142854
K8_R0.90_T0_H0_N3_S8020_EDGE_MARKET_inprocess,8020,0,0,N3,EDGE_MARKET,79.24528301886792,42.857142857142854
K8_R0.90_T0_H0_N3_S8020_HYBRID_EAGER_inprocess,8020,0,0,N3,HYBRID_EAGER,85.84905660377359,42.857142857142854
K8_R0.90_T0_H0_N3_S8020_HYBRID_inprocess,8020,0,0,N3,HYBRID,85.84905660377359,42.857142857142854
K8_R0.90_T0_H0_N3_S8020_PERIODIC_inprocess,8020,0,0,N3,PERIODIC,83.9622641509434,57.142857142857146
K8_R0.90_T0_H0_N3_S8020_STATIC_inprocess,8020,0,0,N3,STATIC,84.90566037735849,57.142857142857146
K8_R0.90_T0_H0_N3_S8021_CENTRAL_FB_inprocess,8021,0,0,N3,CENTRAL_FB,91.08910891089108,88.88888888888889
K8_R0.90_T0_H0_N3_S8021_CENTRAL_FOG_inprocess,8021,0,0,N3,CENTRAL_FOG,91.08910891089108,88.88888888888889
K8_R0.90_T0_H0_N3_S8021_CENTRAL_inprocess,8021,0,0,N3,CENTRAL,91.08910891089108,88.88888888888889
K8_R0.90_T0_H0_N3_S8021_EDGE_MARKET_inprocess,8021,0,0,N3,EDGE_MARKET,83.16831683168317,77.77777777777777
K8_R0.90_T0_H0_N3_S8021_HYBRID_EAGER_inprocess,8021,0,0,N3,HYBRID_EAGER,91.08910891089108,88.88888888888889
K8_R0.90_T0_H0_N3_S8021_HYBRID_inprocess,8021,0,0,N3,HYBRID,91.08910891089108,88.88888888888889
K8_R0.90_T0_H0_N3_S8021_PERIODIC_inprocess,8021,0,0,N3,PERIODIC,87.12871287128714,88.88888888888889
K8_R0.90_T0_H0_N3_S8021_STATIC_inprocess,8021,0,0,N3,STATIC,80.1980198019802,66.66666666666667
K8_R0.90_T0_H0_N3_S8022_CENTRAL_FB_inprocess,8022,0,0,N3,CENTRAL_FB,83.17757009345794,87.5
K8_R0.90_T0_H0_N3_S8022_CENTRAL_FOG_inprocess,8022,0,0,N3,CENTRAL_FOG,82.24299065420561,87.5
K8_R0.90_T0_H0_N3_S8022_CENTRAL_inprocess,8022,0,0,N3,CENTRAL,82.24299065420561,87.5
K8_R0.90_T0_H0_N3_S8022_EDGE_MARKET_inprocess,8022,0,0,N3,EDGE_MARKET,78.50467289719626,87.5
K8_R0.90_T0_H0_N3_S8022_HYBRID_EAGER_inprocess,8022,0,0,N3,HYBRID_EAGER,83.17757009345794,87.5
K8_R0.90_T0_H0_N3_S8022_HYBRID_inprocess,8022,0,0,N3,HYBRID,83.17757009345794,87.5
K8_R0.90_T0_H0_N3_S8022_PERIODIC_inprocess,8022,0,0,N3,PERIODIC,82.24299065420561,87.5
K8_R0.90_T0_H0_N3_S8022_STATIC_inprocess,8022,0,0,N3,STATIC,73.83177570093459,50.0
K8_R0.90_T0_H0_N3_S8023_CENTRAL_FB_inprocess,8023,0,0,N3,CENTRAL_FB,88.23529411764706,90.9090909090909
K8_R0.90_T0_H0_N3_S8023_CENTRAL_FOG_inprocess,8023,0,0,N3,CENTRAL_FOG,86.27450980392157,81.81818181818181
K8_R0.90_T0_H0_N3_S8023_CENTRAL_inprocess,8023,0,0,N3,CENTRAL,86.27450980392157,81.81818181818181
K8_R0.90_T0_H0_N3_S8023_EDGE_MARKET_inprocess,8023,0,0,N3,EDGE_MARKET,90.19607843137256,100.0
K8_R0.90_T0_H0_N3_S8023_HYBRID_EAGER_inprocess,8023,0,0,N3,HYBRID_EAGER,88.23529411764706,90.9090909090909
K8_R0.90_T0_H0_N3_S8023_HYBRID_inprocess,8023,0,0,N3,HYBRID,88.23529411764706,90.9090909090909
K8_R0.90_T0_H0_N3_S8023_PERIODIC_inprocess,8023,0,0,N3,PERIODIC,92.15686274509804,90.9090909090909
K8_R0.90_T0_H0_N3_S8023_STATIC_inprocess,8023,0,0,N3,STATIC,86.27450980392157,81.81818181818181
K8_R0.90_T0_H0_N3_S8024_CENTRAL_FB_inprocess,8024,0,0,N3,CENTRAL_FB,89.0,83.33333333333333
K8_R0.90_T0_H0_N3_S8024_CENTRAL_FOG_inprocess,8024,0,0,N3,CENTRAL_FOG,89.0,83.33333333333333
K8_R0.90_T0_H0_N3_S8024_CENTRAL_inprocess,8024,0,0,N3,CENTRAL,89.0,83.33333333333333
K8_R0.90_T0_H0_N3_S8024_EDGE_MARKET_inprocess,8024,0,0,N3,EDGE_MARKET,85.0,100.0
K8_R0.90_T0_H0_N3_S8024_HYBRID_EAGER_inprocess,8024,0,0,N3,HYBRID_EAGER,89.0,83.33333333333333
K8_R0.90_T0_H0_N3_S8024_HYBRID_inprocess,8024,0,0,N3,HYBRID,89.0,83.33333333333333
K8_R0.90_T0_H0_N3_S8024_PERIODIC_inprocess,8024,0,0,N3,PERIODIC,91.0,100.0
K8_R0.90_T0_H0_N3_S8024_STATIC_inprocess,8024,0,0,N3,STATIC,82.0,83.33333333333333
K8_R0.90_T0_H0_N3_S8025_CENTRAL_FB_inprocess,8025,0,0,N3,CENTRAL_FB,91.66666666666667,100.0
K8_R0.90_T0_H0_N3_S8025_CENTRAL_FOG_inprocess,8025,0,0,N3,CENTRAL_FOG,90.625,100.0
K8_R0.90_T0_H0_N3_S8025_CENTRAL_inprocess,8025,0,0,N3,CENTRAL,90.625,100.0
K8_R0.90_T0_H0_N3_S8025_EDGE_MARKET_inprocess,8025,0,0,N3,EDGE_MARKET,87.5,66.66666666666667
K8_R0.90_T0_H0_N3_S8025_HYBRID_EAGER_inprocess,8025,0,0,N3,HYBRID_EAGER,88.54166666666667,100.0
K8_R0.90_T0_H0_N3_S8025_HYBRID_inprocess,8025,0,0,N3,HYBRID,91.66666666666667,100.0
K8_R0.90_T0_H0_N3_S8025_PERIODIC_inprocess,8025,0,0,N3,PERIODIC,90.625,66.66666666666667
K8_R0.90_T0_H0_N3_S8025_STATIC_inprocess,8025,0,0,N3,STATIC,90.625,66.66666666666667
K8_R0.90_T0_H0_N3_S8026_CENTRAL_FB_inprocess,8026,0,0,N3,CENTRAL_FB,96.875,100.0
K8_R0.90_T0_H0_N3_S8026_CENTRAL_FOG_inprocess,8026,0,0,N3,CENTRAL_FOG,96.875,100.0
K8_R0.90_T0_H0_N3_S8026_CENTRAL_inprocess,8026,0,0,N3,CENTRAL,96.875,100.0
K8_R0.90_T0_H0_N3_S8026_EDGE_MARKET_inprocess,8026,0,0,N3,EDGE_MARKET,93.75,100.0
K8_R0.90_T0_H0_N3_S8026_HYBRID_EAGER_inprocess,8026,0,0,N3,HYBRID_EAGER,97.91666666666667,100.0
K8_R0.90_T0_H0_N3_S8026_HYBRID_inprocess,8026,0,0,N3,HYBRID,96.875,100.0
K8_R0.90_T0_H0_N3_S8026_PERIODIC_inprocess,8026,0,0,N3,PERIODIC,94.79166666666667,100.0
K8_R0.90_T0_H0_N3_S8026_STATIC_inprocess,8026,0,0,N3,STATIC,85.41666666666667,83.33333333333333
K8_R0.90_T0_H0_N3_S8027_CENTRAL_FB_inprocess,8027,0,0,N3,CENTRAL_FB,90.29126213592232,100.0
K8_R0.90_T0_H0_N3_S8027_CENTRAL_FOG_inprocess,8027,0,0,N3,CENTRAL_FOG,91.2621359223301,100.0
K8_R0.90_T0_H0_N3_S8027_CENTRAL_inprocess,8027,0,0,N3,CENTRAL,91.2621359223301,100.0
K8_R0.90_T0_H0_N3_S8027_EDGE_MARKET_inprocess,8027,0,0,N3,EDGE_MARKET,89.32038834951456,100.0
K8_R0.90_T0_H0_N3_S8027_HYBRID_EAGER_inprocess,8027,0,0,N3,HYBRID_EAGER,89.32038834951456,100.0
K8_R0.90_T0_H0_N3_S8027_HYBRID_inprocess,8027,0,0,N3,HYBRID,90.29126213592232,100.0
K8_R0.90_T0_H0_N3_S8027_PERIODIC_inprocess,8027,0,0,N3,PERIODIC,87.37864077669903,100.0
K8_R0.90_T0_H0_N3_S8027_STATIC_inprocess,8027,0,0,N3,STATIC,86.40776699029126,100.0
K8_R0.90_T0_H0_N3_S8028_CENTRAL_FB_inprocess,8028,0,0,N3,CENTRAL_FB,78.30188679245283,71.42857142857143
K8_R0.90_T0_H0_N3_S8028_CENTRAL_FOG_inprocess,8028,0,0,N3,CENTRAL_FOG,84.90566037735849,71.42857142857143
K8_R0.90_T0_H0_N3_S8028_CENTRAL_inprocess,8028,0,0,N3,CENTRAL,84.90566037735849,71.42857142857143
K8_R0.90_T0_H0_N3_S8028_EDGE_MARKET_inprocess,8028,0,0,N3,EDGE_MARKET,77.35849056603773,71.42857142857143
K8_R0.90_T0_H0_N3_S8028_HYBRID_EAGER_inprocess,8028,0,0,N3,HYBRID_EAGER,78.30188679245283,71.42857142857143
K8_R0.90_T0_H0_N3_S8028_HYBRID_inprocess,8028,0,0,N3,HYBRID,78.30188679245283,71.42857142857143
K8_R0.90_T0_H0_N3_S8028_PERIODIC_inprocess,8028,0,0,N3,PERIODIC,82.0754716981132,71.42857142857143
K8_R0.90_T0_H0_N3_S8028_STATIC_inprocess,8028,0,0,N3,STATIC,83.01886792452831,78.57142857142857
K8_R0.90_T0_H0_N3_S8029_CENTRAL_FB_inprocess,8029,0,0,N3,CENTRAL_FB,89.8989898989899,100.0
K8_R0.90_T0_H0_N3_S8029_CENTRAL_FOG_inprocess,8029,0,0,N3,CENTRAL_FOG,89.8989898989899,100.0
K8_R0.90_T0_H0_N3_S8029_CENTRAL_inprocess,8029,0,0,N3,CENTRAL,89.8989898989899,100.0
K8_R0.90_T0_H0_N3_S8029_EDGE_MARKET_inprocess,8029,0,0,N3,EDGE_MARKET,84.84848484848484,100.0
K8_R0.90_T0_H0_N3_S8029_HYBRID_EAGER_inprocess,8029,0,0,N3,HYBRID_EAGER,88.88888888888889,100.0
K8_R0.90_T0_H0_N3_S8029_HYBRID_inprocess,8029,0,0,N3,HYBRID,89.8989898989899,100.0
K8_R0.90_T0_H0_N3_S8029_PERIODIC_inprocess,8029,0,0,N3,PERIODIC,88.88888888888889,100.0
K8_R0.90_T0_H0_N3_S8029_STATIC_inprocess,8029,0,0,N3,STATIC,79.79797979797979,66.66666666666667
K8_R0.90_T0_H0_N3_S8030_CENTRAL_FB_inprocess,8030,0,0,N3,CENTRAL_FB,86.86868686868686,100.0
K8_R0.90_T0_H0_N3_S8030_CENTRAL_FOG_inprocess,8030,0,0,N3,CENTRAL_FOG,86.86868686868686,100.0
K8_R0.90_T0_H0_N3_S8030_CENTRAL_inprocess,8030,0,0,N3,CENTRAL,86.86868686868686,100.0
K8_R0.90_T0_H0_N3_S8030_EDGE_MARKET_inprocess,8030,0,0,N3,EDGE_MARKET,84.84848484848484,83.33333333333333
K8_R0.90_T0_H0_N3_S8030_HYBRID_EAGER_inprocess,8030,0,0,N3,HYBRID_EAGER,88.88888888888889,100.0
K8_R0.90_T0_H0_N3_S8030_HYBRID_inprocess,8030,0,0,N3,HYBRID,86.86868686868686,100.0
K8_R0.90_T0_H0_N3_S8030_PERIODIC_inprocess,8030,0,0,N3,PERIODIC,83.83838383838383,83.33333333333333
K8_R0.90_T0_H0_N3_S8030_STATIC_inprocess,8030,0,0,N3,STATIC,79.79797979797979,66.66666666666667
K8_R0.90_T0_H0_N3_S8031_CENTRAL_FB_inprocess,8031,0,0,N3,CENTRAL_FB,85.26315789473684,83.33333333333333
K8_R0.90_T0_H0_N3_S8031_CENTRAL_FOG_inprocess,8031,0,0,N3,CENTRAL_FOG,84.21052631578948,83.33333333333333
K8_R0.90_T0_H0_N3_S8031_CENTRAL_inprocess,8031,0,0,N3,CENTRAL,84.21052631578948,83.33333333333333
K8_R0.90_T0_H0_N3_S8031_EDGE_MARKET_inprocess,8031,0,0,N3,EDGE_MARKET,82.10526315789474,83.33333333333333
K8_R0.90_T0_H0_N3_S8031_HYBRID_EAGER_inprocess,8031,0,0,N3,HYBRID_EAGER,84.21052631578948,83.33333333333333
K8_R0.90_T0_H0_N3_S8031_HYBRID_inprocess,8031,0,0,N3,HYBRID,85.26315789473684,83.33333333333333
K8_R0.90_T0_H0_N3_S8031_PERIODIC_inprocess,8031,0,0,N3,PERIODIC,84.21052631578948,66.66666666666667
K8_R0.90_T0_H0_N3_S8031_STATIC_inprocess,8031,0,0,N3,STATIC,75.78947368421052,33.333333333333336
K8_R0.90_T0_H0_N3_S8032_CENTRAL_FB_inprocess,8032,0,0,N3,CENTRAL_FB,87.87878787878788,83.33333333333333
K8_R0.90_T0_H0_N3_S8032_CENTRAL_FOG_inprocess,8032,0,0,N3,CENTRAL_FOG,92.92929292929293,100.0
K8_R0.90_T0_H0_N3_S8032_CENTRAL_inprocess,8032,0,0,N3,CENTRAL,92.92929292929293,100.0
K8_R0.90_T0_H0_N3_S8032_EDGE_MARKET_inprocess,8032,0,0,N3,EDGE_MARKET,82.82828282828282,83.33333333333333
K8_R0.90_T0_H0_N3_S8032_HYBRID_EAGER_inprocess,8032,0,0,N3,HYBRID_EAGER,87.87878787878788,83.33333333333333
K8_R0.90_T0_H0_N3_S8032_HYBRID_inprocess,8032,0,0,N3,HYBRID,87.87878787878788,83.33333333333333
K8_R0.90_T0_H0_N3_S8032_PERIODIC_inprocess,8032,0,0,N3,PERIODIC,88.88888888888889,83.33333333333333
K8_R0.90_T0_H0_N3_S8032_STATIC_inprocess,8032,0,0,N3,STATIC,85.85858585858585,100.0
K8_R0.90_T0_H0_N3_S8033_CENTRAL_FB_inprocess,8033,0,0,N3,CENTRAL_FB,94.89795918367346,100.0
K8_R0.90_T0_H0_N3_S8033_CENTRAL_FOG_inprocess,8033,0,0,N3,CENTRAL_FOG,96.93877551020408,100.0
K8_R0.90_T0_H0_N3_S8033_CENTRAL_inprocess,8033,0,0,N3,CENTRAL,96.93877551020408,100.0
K8_R0.90_T0_H0_N3_S8033_EDGE_MARKET_inprocess,8033,0,0,N3,EDGE_MARKET,92.85714285714286,100.0
K8_R0.90_T0_H0_N3_S8033_HYBRID_EAGER_inprocess,8033,0,0,N3,HYBRID_EAGER,94.89795918367346,100.0
K8_R0.90_T0_H0_N3_S8033_HYBRID_inprocess,8033,0,0,N3,HYBRID,94.89795918367346,100.0
K8_R0.90_T0_H0_N3_S8033_PERIODIC_inprocess,8033,0,0,N3,PERIODIC,94.89795918367346,100.0
K8_R0.90_T0_H0_N3_S8033_STATIC_inprocess,8033,0,0,N3,STATIC,92.85714285714286,83.33333333333333
K8_R0.90_T0_H0_N3_S8034_CENTRAL_FB_inprocess,8034,0,0,N3,CENTRAL_FB,95.1923076923077,87.5
K8_R0.90_T0_H0_N3_S8034_CENTRAL_FOG_inprocess,8034,0,0,N3,CENTRAL_FOG,93.26923076923077,87.5
K8_R0.90_T0_H0_N3_S8034_CENTRAL_inprocess,8034,0,0,N3,CENTRAL,93.26923076923077,87.5
K8_R0.90_T0_H0_N3_S8034_EDGE_MARKET_inprocess,8034,0,0,N3,EDGE_MARKET,89.42307692307692,100.0
K8_R0.90_T0_H0_N3_S8034_HYBRID_EAGER_inprocess,8034,0,0,N3,HYBRID_EAGER,95.1923076923077,87.5
K8_R0.90_T0_H0_N3_S8034_HYBRID_inprocess,8034,0,0,N3,HYBRID,95.1923076923077,87.5
K8_R0.90_T0_H0_N3_S8034_PERIODIC_inprocess,8034,0,0,N3,PERIODIC,89.42307692307692,87.5
K8_R0.90_T0_H0_N3_S8034_STATIC_inprocess,8034,0,0,N3,STATIC,88.46153846153847,100.0
K8_R0.90_T0_H0_N3_S8035_CENTRAL_FB_inprocess,8035,0,0,N3,CENTRAL_FB,90.09009009009009,91.66666666666667
K8_R0.90_T0_H0_N3_S8035_CENTRAL_FOG_inprocess,8035,0,0,N3,CENTRAL_FOG,89.1891891891892,91.66666666666667
K8_R0.90_T0_H0_N3_S8035_CENTRAL_inprocess,8035,0,0,N3,CENTRAL,89.1891891891892,91.66666666666667
K8_R0.90_T0_H0_N3_S8035_EDGE_MARKET_inprocess,8035,0,0,N3,EDGE_MARKET,84.68468468468468,83.33333333333333
K8_R0.90_T0_H0_N3_S8035_HYBRID_EAGER_inprocess,8035,0,0,N3,HYBRID_EAGER,90.09009009009009,91.66666666666667
K8_R0.90_T0_H0_N3_S8035_HYBRID_inprocess,8035,0,0,N3,HYBRID,90.09009009009009,91.66666666666667
K8_R0.90_T0_H0_N3_S8035_PERIODIC_inprocess,8035,0,0,N3,PERIODIC,90.990990990991,91.66666666666667
K8_R0.90_T0_H0_N3_S8035_STATIC_inprocess,8035,0,0,N3,STATIC,86.48648648648648,91.66666666666667
K8_R0.90_T0_H0_N3_S8036_CENTRAL_FB_inprocess,8036,0,0,N3,CENTRAL_FB,90.29126213592232,87.5
K8_R0.90_T0_H0_N3_S8036_CENTRAL_FOG_inprocess,8036,0,0,N3,CENTRAL_FOG,90.29126213592232,87.5
K8_R0.90_T0_H0_N3_S8036_CENTRAL_inprocess,8036,0,0,N3,CENTRAL,90.29126213592232,87.5
K8_R0.90_T0_H0_N3_S8036_EDGE_MARKET_inprocess,8036,0,0,N3,EDGE_MARKET,87.37864077669903,100.0
K8_R0.90_T0_H0_N3_S8036_HYBRID_EAGER_inprocess,8036,0,0,N3,HYBRID_EAGER,90.29126213592232,87.5
K8_R0.90_T0_H0_N3_S8036_HYBRID_inprocess,8036,0,0,N3,HYBRID,90.29126213592232,87.5
K8_R0.90_T0_H0_N3_S8036_PERIODIC_inprocess,8036,0,0,N3,PERIODIC,89.32038834951456,87.5
K8_R0.90_T0_H0_N3_S8036_STATIC_inprocess,8036,0,0,N3,STATIC,85.4368932038835,87.5
K8_R0.90_T0_H0_N3_S8037_CENTRAL_FB_inprocess,8037,0,0,N3,CENTRAL_FB,90.74074074074075,90.0
K8_R0.90_T0_H0_N3_S8037_CENTRAL_FOG_inprocess,8037,0,0,N3,CENTRAL_FOG,87.03703703703704,80.0
K8_R0.90_T0_H0_N3_S8037_CENTRAL_inprocess,8037,0,0,N3,CENTRAL,87.03703703703704,80.0
K8_R0.90_T0_H0_N3_S8037_EDGE_MARKET_inprocess,8037,0,0,N3,EDGE_MARKET,87.96296296296296,90.0
K8_R0.90_T0_H0_N3_S8037_HYBRID_EAGER_inprocess,8037,0,0,N3,HYBRID_EAGER,87.96296296296296,90.0
K8_R0.90_T0_H0_N3_S8037_HYBRID_inprocess,8037,0,0,N3,HYBRID,90.74074074074075,90.0
K8_R0.90_T0_H0_N3_S8037_PERIODIC_inprocess,8037,0,0,N3,PERIODIC,87.96296296296296,90.0
K8_R0.90_T0_H0_N3_S8037_STATIC_inprocess,8037,0,0,N3,STATIC,88.88888888888889,80.0
K8_R0.90_T0_H0_N3_S8038_CENTRAL_FB_inprocess,8038,0,0,N3,CENTRAL_FB,95.87628865979381,100.0
K8_R0.90_T0_H0_N3_S8038_CENTRAL_FOG_inprocess,8038,0,0,N3,CENTRAL_FOG,95.87628865979381,100.0
K8_R0.90_T0_H0_N3_S8038_CENTRAL_inprocess,8038,0,0,N3,CENTRAL,95.87628865979381,100.0
K8_R0.90_T0_H0_N3_S8038_EDGE_MARKET_inprocess,8038,0,0,N3,EDGE_MARKET,86.5979381443299,60.0
K8_R0.90_T0_H0_N3_S8038_HYBRID_EAGER_inprocess,8038,0,0,N3,HYBRID_EAGER,95.87628865979381,100.0
K8_R0.90_T0_H0_N3_S8038_HYBRID_inprocess,8038,0,0,N3,HYBRID,95.87628865979381,100.0
K8_R0.90_T0_H0_N3_S8038_PERIODIC_inprocess,8038,0,0,N3,PERIODIC,92.78350515463917,80.0
K8_R0.90_T0_H0_N3_S8038_STATIC_inprocess,8038,0,0,N3,STATIC,89.69072164948453,100.0
K8_R0.90_T0_H0_N3_S8039_CENTRAL_FB_inprocess,8039,0,0,N3,CENTRAL_FB,93.06930693069307,100.0
K8_R0.90_T0_H0_N3_S8039_CENTRAL_FOG_inprocess,8039,0,0,N3,CENTRAL_FOG,93.06930693069307,100.0
K8_R0.90_T0_H0_N3_S8039_CENTRAL_inprocess,8039,0,0,N3,CENTRAL,93.06930693069307,100.0
K8_R0.90_T0_H0_N3_S8039_EDGE_MARKET_inprocess,8039,0,0,N3,EDGE_MARKET,94.05940594059406,100.0
K8_R0.90_T0_H0_N3_S8039_HYBRID_EAGER_inprocess,8039,0,0,N3,HYBRID_EAGER,93.06930693069307,100.0
K8_R0.90_T0_H0_N3_S8039_HYBRID_inprocess,8039,0,0,N3,HYBRID,93.06930693069307,100.0
K8_R0.90_T0_H0_N3_S8039_PERIODIC_inprocess,8039,0,0,N3,PERIODIC,96.03960396039604,100.0
K8_R0.90_T0_H0_N3_S8039_STATIC_inprocess,8039,0,0,N3,STATIC,88.11881188118812,66.66666666666667
K8_R0.90_T0_H0_N3_S8040_CENTRAL_FB_inprocess,8040,0,0,N3,CENTRAL_FB,93.87755102040816,100.0
K8_R0.90_T0_H0_N3_S8040_CENTRAL_FOG_inprocess,8040,0,0,N3,CENTRAL_FOG,91.83673469387755,100.0
K8_R0.90_T0_H0_N3_S8040_CENTRAL_inprocess,8040,0,0,N3,CENTRAL,91.83673469387755,100.0
K8_R0.90_T0_H0_N3_S8040_EDGE_MARKET_inprocess,8040,0,0,N3,EDGE_MARKET,88.77551020408163,100.0
K8_R0.90_T0_H0_N3_S8040_HYBRID_EAGER_inprocess,8040,0,0,N3,HYBRID_EAGER,93.87755102040816,100.0
K8_R0.90_T0_H0_N3_S8040_HYBRID_inprocess,8040,0,0,N3,HYBRID,93.87755102040816,100.0
K8_R0.90_T0_H0_N3_S8040_PERIODIC_inprocess,8040,0,0,N3,PERIODIC,93.87755102040816,100.0
K8_R0.90_T0_H0_N3_S8040_STATIC_inprocess,8040,0,0,N3,STATIC,92.85714285714286,100.0
K8_R0.90_T0_H0_N4_S8001_CENTRAL_FB_inprocess,8001,0,0,N4,CENTRAL_FB,79.0909090909091,66.66666666666667
K8_R0.90_T0_H0_N4_S8001_CENTRAL_FOG_inprocess,8001,0,0,N4,CENTRAL_FOG,91.81818181818181,100.0
K8_R0.90_T0_H0_N4_S8001_CENTRAL_inprocess,8001,0,0,N4,CENTRAL,80.9090909090909,66.66666666666667
K8_R0.90_T0_H0_N4_S8001_EDGE_MARKET_inprocess,8001,0,0,N4,EDGE_MARKET,80.9090909090909,83.33333333333333
K8_R0.90_T0_H0_N4_S8001_HYBRID_EAGER_inprocess,8001,0,0,N4,HYBRID_EAGER,91.81818181818181,100.0
K8_R0.90_T0_H0_N4_S8001_HYBRID_inprocess,8001,0,0,N4,HYBRID,91.81818181818181,100.0
K8_R0.90_T0_H0_N4_S8001_PERIODIC_inprocess,8001,0,0,N4,PERIODIC,79.0909090909091,66.66666666666667
K8_R0.90_T0_H0_N4_S8001_STATIC_inprocess,8001,0,0,N4,STATIC,70.0,41.666666666666664
K8_R0.90_T0_H0_N4_S8002_CENTRAL_FB_inprocess,8002,0,0,N4,CENTRAL_FB,91.66666666666667,83.33333333333333
K8_R0.90_T0_H0_N4_S8002_CENTRAL_FOG_inprocess,8002,0,0,N4,CENTRAL_FOG,93.75,100.0
K8_R0.90_T0_H0_N4_S8002_CENTRAL_inprocess,8002,0,0,N4,CENTRAL,91.66666666666667,83.33333333333333
K8_R0.90_T0_H0_N4_S8002_EDGE_MARKET_inprocess,8002,0,0,N4,EDGE_MARKET,94.79166666666667,100.0
K8_R0.90_T0_H0_N4_S8002_HYBRID_EAGER_inprocess,8002,0,0,N4,HYBRID_EAGER,93.75,100.0
K8_R0.90_T0_H0_N4_S8002_HYBRID_inprocess,8002,0,0,N4,HYBRID,93.75,100.0
K8_R0.90_T0_H0_N4_S8002_PERIODIC_inprocess,8002,0,0,N4,PERIODIC,87.5,83.33333333333333
K8_R0.90_T0_H0_N4_S8002_STATIC_inprocess,8002,0,0,N4,STATIC,87.5,66.66666666666667
K8_R0.90_T0_H0_N4_S8003_CENTRAL_FB_inprocess,8003,0,0,N4,CENTRAL_FB,86.79245283018868,72.72727272727273
K8_R0.90_T0_H0_N4_S8003_CENTRAL_FOG_inprocess,8003,0,0,N4,CENTRAL_FOG,93.39622641509433,90.9090909090909
K8_R0.90_T0_H0_N4_S8003_CENTRAL_inprocess,8003,0,0,N4,CENTRAL,86.79245283018868,72.72727272727273
K8_R0.90_T0_H0_N4_S8003_EDGE_MARKET_inprocess,8003,0,0,N4,EDGE_MARKET,93.39622641509433,90.9090909090909
K8_R0.90_T0_H0_N4_S8003_HYBRID_EAGER_inprocess,8003,0,0,N4,HYBRID_EAGER,94.33962264150944,100.0
K8_R0.90_T0_H0_N4_S8003_HYBRID_inprocess,8003,0,0,N4,HYBRID,94.33962264150944,100.0
K8_R0.90_T0_H0_N4_S8003_PERIODIC_inprocess,8003,0,0,N4,PERIODIC,83.9622641509434,63.63636363636363
K8_R0.90_T0_H0_N4_S8003_STATIC_inprocess,8003,0,0,N4,STATIC,82.0754716981132,54.54545454545455
K8_R0.90_T0_H0_N4_S8004_CENTRAL_FB_inprocess,8004,0,0,N4,CENTRAL_FB,92.55319148936171,0.0
K8_R0.90_T0_H0_N4_S8004_CENTRAL_FOG_inprocess,8004,0,0,N4,CENTRAL_FOG,94.68085106382979,50.0
K8_R0.90_T0_H0_N4_S8004_CENTRAL_inprocess,8004,0,0,N4,CENTRAL,92.55319148936171,0.0
K8_R0.90_T0_H0_N4_S8004_EDGE_MARKET_inprocess,8004,0,0,N4,EDGE_MARKET,92.55319148936171,50.0
K8_R0.90_T0_H0_N4_S8004_HYBRID_EAGER_inprocess,8004,0,0,N4,HYBRID_EAGER,92.55319148936171,50.0
K8_R0.90_T0_H0_N4_S8004_HYBRID_inprocess,8004,0,0,N4,HYBRID,95.74468085106383,50.0
K8_R0.90_T0_H0_N4_S8004_PERIODIC_inprocess,8004,0,0,N4,PERIODIC,90.42553191489361,0.0
K8_R0.90_T0_H0_N4_S8004_STATIC_inprocess,8004,0,0,N4,STATIC,87.23404255319149,0.0
K8_R0.90_T0_H0_N4_S8005_CENTRAL_FB_inprocess,8005,0,0,N4,CENTRAL_FB,98.94736842105263,100.0
K8_R0.90_T0_H0_N4_S8005_CENTRAL_FOG_inprocess,8005,0,0,N4,CENTRAL_FOG,96.84210526315789,100.0
K8_R0.90_T0_H0_N4_S8005_CENTRAL_inprocess,8005,0,0,N4,CENTRAL,98.94736842105263,100.0
K8_R0.90_T0_H0_N4_S8005_EDGE_MARKET_inprocess,8005,0,0,N4,EDGE_MARKET,95.78947368421052,100.0
K8_R0.90_T0_H0_N4_S8005_HYBRID_EAGER_inprocess,8005,0,0,N4,HYBRID_EAGER,95.78947368421052,100.0
K8_R0.90_T0_H0_N4_S8005_HYBRID_inprocess,8005,0,0,N4,HYBRID,95.78947368421052,100.0
K8_R0.90_T0_H0_N4_S8005_PERIODIC_inprocess,8005,0,0,N4,PERIODIC,94.73684210526316,100.0
K8_R0.90_T0_H0_N4_S8005_STATIC_inprocess,8005,0,0,N4,STATIC,90.52631578947368,66.66666666666667
K8_R0.90_T0_H0_N4_S8006_CENTRAL_FB_inprocess,8006,0,0,N4,CENTRAL_FB,82.65306122448979,62.5
K8_R0.90_T0_H0_N4_S8006_CENTRAL_FOG_inprocess,8006,0,0,N4,CENTRAL_FOG,88.77551020408163,75.0
K8_R0.90_T0_H0_N4_S8006_CENTRAL_inprocess,8006,0,0,N4,CENTRAL,83.6734693877551,62.5
K8_R0.90_T0_H0_N4_S8006_EDGE_MARKET_inprocess,8006,0,0,N4,EDGE_MARKET,83.6734693877551,87.5
K8_R0.90_T0_H0_N4_S8006_HYBRID_EAGER_inprocess,8006,0,0,N4,HYBRID_EAGER,88.77551020408163,75.0
K8_R0.90_T0_H0_N4_S8006_HYBRID_inprocess,8006,0,0,N4,HYBRID,88.77551020408163,75.0
K8_R0.90_T0_H0_N4_S8006_PERIODIC_inprocess,8006,0,0,N4,PERIODIC,84.6938775510204,75.0
K8_R0.90_T0_H0_N4_S8006_STATIC_inprocess,8006,0,0,N4,STATIC,76.53061224489795,50.0
K8_R0.90_T0_H0_N4_S8007_CENTRAL_FB_inprocess,8007,0,0,N4,CENTRAL_FB,88.11881188118812,77.77777777777777
K8_R0.90_T0_H0_N4_S8007_CENTRAL_FOG_inprocess,8007,0,0,N4,CENTRAL_FOG,92.07920792079207,100.0
K8_R0.90_T0_H0_N4_S8007_CENTRAL_inprocess,8007,0,0,N4,CENTRAL,88.11881188118812,77.77777777777777
K8_R0.90_T0_H0_N4_S8007_EDGE_MARKET_inprocess,8007,0,0,N4,EDGE_MARKET,93.06930693069307,100.0
K8_R0.90_T0_H0_N4_S8007_HYBRID_EAGER_inprocess,8007,0,0,N4,HYBRID_EAGER,88.11881188118812,88.88888888888889
K8_R0.90_T0_H0_N4_S8007_HYBRID_inprocess,8007,0,0,N4,HYBRID,88.11881188118812,88.88888888888889
K8_R0.90_T0_H0_N4_S8007_PERIODIC_inprocess,8007,0,0,N4,PERIODIC,81.18811881188118,55.55555555555556
K8_R0.90_T0_H0_N4_S8007_STATIC_inprocess,8007,0,0,N4,STATIC,85.14851485148515,88.88888888888889
K8_R0.90_T0_H0_N4_S8008_CENTRAL_FB_inprocess,8008,0,0,N4,CENTRAL_FB,92.70833333333333,80.0
K8_R0.90_T0_H0_N4_S8008_CENTRAL_FOG_inprocess,8008,0,0,N4,CENTRAL_FOG,95.83333333333333,100.0
K8_R0.90_T0_H0_N4_S8008_CENTRAL_inprocess,8008,0,0,N4,CENTRAL,91.66666666666667,80.0
K8_R0.90_T0_H0_N4_S8008_EDGE_MARKET_inprocess,8008,0,0,N4,EDGE_MARKET,93.75,100.0
K8_R0.90_T0_H0_N4_S8008_HYBRID_EAGER_inprocess,8008,0,0,N4,HYBRID_EAGER,91.66666666666667,100.0
K8_R0.90_T0_H0_N4_S8008_HYBRID_inprocess,8008,0,0,N4,HYBRID,91.66666666666667,100.0
K8_R0.90_T0_H0_N4_S8008_PERIODIC_inprocess,8008,0,0,N4,PERIODIC,87.5,40.0
K8_R0.90_T0_H0_N4_S8008_STATIC_inprocess,8008,0,0,N4,STATIC,87.5,80.0
K8_R0.90_T0_H0_N4_S8009_CENTRAL_FB_inprocess,8009,0,0,N4,CENTRAL_FB,90.10989010989012,75.0
K8_R0.90_T0_H0_N4_S8009_CENTRAL_FOG_inprocess,8009,0,0,N4,CENTRAL_FOG,89.01098901098901,75.0
K8_R0.90_T0_H0_N4_S8009_CENTRAL_inprocess,8009,0,0,N4,CENTRAL,87.91208791208791,75.0
K8_R0.90_T0_H0_N4_S8009_EDGE_MARKET_inprocess,8009,0,0,N4,EDGE_MARKET,90.10989010989012,75.0
K8_R0.90_T0_H0_N4_S8009_HYBRID_EAGER_inprocess,8009,0,0,N4,HYBRID_EAGER,91.20879120879121,75.0
K8_R0.90_T0_H0_N4_S8009_HYBRID_inprocess,8009,0,0,N4,HYBRID,91.20879120879121,75.0
K8_R0.90_T0_H0_N4_S8009_PERIODIC_inprocess,8009,0,0,N4,PERIODIC,86.81318681318682,75.0
K8_R0.90_T0_H0_N4_S8009_STATIC_inprocess,8009,0,0,N4,STATIC,89.01098901098901,75.0
K8_R0.90_T0_H0_N4_S8010_CENTRAL_FB_inprocess,8010,0,0,N4,CENTRAL_FB,91.39784946236558,75.0
K8_R0.90_T0_H0_N4_S8010_CENTRAL_FOG_inprocess,8010,0,0,N4,CENTRAL_FOG,93.54838709677419,100.0
K8_R0.90_T0_H0_N4_S8010_CENTRAL_inprocess,8010,0,0,N4,CENTRAL,92.47311827956989,75.0
K8_R0.90_T0_H0_N4_S8010_EDGE_MARKET_inprocess,8010,0,0,N4,EDGE_MARKET,93.54838709677419,100.0
K8_R0.90_T0_H0_N4_S8010_HYBRID_EAGER_inprocess,8010,0,0,N4,HYBRID_EAGER,94.6236559139785,100.0
K8_R0.90_T0_H0_N4_S8010_HYBRID_inprocess,8010,0,0,N4,HYBRID,94.6236559139785,100.0
K8_R0.90_T0_H0_N4_S8010_PERIODIC_inprocess,8010,0,0,N4,PERIODIC,88.17204301075269,50.0
K8_R0.90_T0_H0_N4_S8010_STATIC_inprocess,8010,0,0,N4,STATIC,90.3225806451613,75.0
K8_R0.90_T0_H0_N4_S8011_CENTRAL_FB_inprocess,8011,0,0,N4,CENTRAL_FB,87.61904761904762,85.71428571428571
K8_R0.90_T0_H0_N4_S8011_CENTRAL_FOG_inprocess,8011,0,0,N4,CENTRAL_FOG,88.57142857142857,100.0
K8_R0.90_T0_H0_N4_S8011_CENTRAL_inprocess,8011,0,0,N4,CENTRAL,82.85714285714286,85.71428571428571
K8_R0.90_T0_H0_N4_S8011_EDGE_MARKET_inprocess,8011,0,0,N4,EDGE_MARKET,88.57142857142857,100.0
K8_R0.90_T0_H0_N4_S8011_HYBRID_EAGER_inprocess,8011,0,0,N4,HYBRID_EAGER,87.61904761904762,85.71428571428571
K8_R0.90_T0_H0_N4_S8011_HYBRID_inprocess,8011,0,0,N4,HYBRID,87.61904761904762,85.71428571428571
K8_R0.90_T0_H0_N4_S8011_PERIODIC_inprocess,8011,0,0,N4,PERIODIC,82.85714285714286,100.0
K8_R0.90_T0_H0_N4_S8011_STATIC_inprocess,8011,0,0,N4,STATIC,71.42857142857143,42.857142857142854
K8_R0.90_T0_H0_N4_S8012_CENTRAL_FB_inprocess,8012,0,0,N4,CENTRAL_FB,79.27927927927928,81.81818181818181
K8_R0.90_T0_H0_N4_S8012_CENTRAL_FOG_inprocess,8012,0,0,N4,CENTRAL_FOG,83.78378378378379,90.9090909090909
K8_R0.90_T0_H0_N4_S8012_CENTRAL_inprocess,8012,0,0,N4,CENTRAL,78.37837837837837,81.81818181818181
K8_R0.90_T0_H0_N4_S8012_EDGE_MARKET_inprocess,8012,0,0,N4,EDGE_MARKET,82.88288288288288,100.0
K8_R0.90_T0_H0_N4_S8012_HYBRID_EAGER_inprocess,8012,0,0,N4,HYBRID_EAGER,80.18018018018019,81.81818181818181
K8_R0.90_T0_H0_N4_S8012_HYBRID_inprocess,8012,0,0,N4,HYBRID,80.18018018018019,81.81818181818181
K8_R0.90_T0_H0_N4_S8012_PERIODIC_inprocess,8012,0,0,N4,PERIODIC,72.97297297297297,63.63636363636363
K8_R0.90_T0_H0_N4_S8012_STATIC_inprocess,8012,0,0,N4,STATIC,70.27027027027027,45.45454545454545
K8_R0.90_T0_H0_N4_S8013_CENTRAL_FB_inprocess,8013,0,0,N4,CENTRAL_FB,85.4368932038835,88.88888888888889
K8_R0.90_T0_H0_N4_S8013_CENTRAL_FOG_inprocess,8013,0,0,N4,CENTRAL_FOG,85.4368932038835,77.77777777777777
K8_R0.90_T0_H0_N4_S8013_CENTRAL_inprocess,8013,0,0,N4,CENTRAL,87.37864077669903,88.88888888888889
K8_R0.90_T0_H0_N4_S8013_EDGE_MARKET_inprocess,8013,0,0,N4,EDGE_MARKET,88.3495145631068,100.0
K8_R0.90_T0_H0_N4_S8013_HYBRID_EAGER_inprocess,8013,0,0,N4,HYBRID_EAGER,88.3495145631068,88.88888888888889
K8_R0.90_T0_H0_N4_S8013_HYBRID_inprocess,8013,0,0,N4,HYBRID,88.3495145631068,88.88888888888889
K8_R0.90_T0_H0_N4_S8013_PERIODIC_inprocess,8013,0,0,N4,PERIODIC,77.66990291262135,77.77777777777777
K8_R0.90_T0_H0_N4_S8013_STATIC_inprocess,8013,0,0,N4,STATIC,76.69902912621359,44.44444444444444
K8_R0.90_T0_H0_N4_S8014_CENTRAL_FB_inprocess,8014,0,0,N4,CENTRAL_FB,91.42857142857143,81.81818181818181
K8_R0.90_T0_H0_N4_S8014_CENTRAL_FOG_inprocess,8014,0,0,N4,CENTRAL_FOG,97.14285714285714,100.0
K8_R0.90_T0_H0_N4_S8014_CENTRAL_inprocess,8014,0,0,N4,CENTRAL,91.42857142857143,81.81818181818181
K8_R0.90_T0_H0_N4_S8014_EDGE_MARKET_inprocess,8014,0,0,N4,EDGE_MARKET,87.61904761904762,81.81818181818181
K8_R0.90_T0_H0_N4_S8014_HYBRID_EAGER_inprocess,8014,0,0,N4,HYBRID_EAGER,97.14285714285714,100.0
K8_R0.90_T0_H0_N4_S8014_HYBRID_inprocess,8014,0,0,N4,HYBRID,97.14285714285714,100.0
K8_R0.90_T0_H0_N4_S8014_PERIODIC_inprocess,8014,0,0,N4,PERIODIC,86.66666666666667,81.81818181818181
K8_R0.90_T0_H0_N4_S8014_STATIC_inprocess,8014,0,0,N4,STATIC,81.9047619047619,63.63636363636363
K8_R0.90_T0_H0_N4_S8015_CENTRAL_FB_inprocess,8015,0,0,N4,CENTRAL_FB,87.1559633027523,71.42857142857143
K8_R0.90_T0_H0_N4_S8015_CENTRAL_FOG_inprocess,8015,0,0,N4,CENTRAL_FOG,96.3302752293578,100.0
K8_R0.90_T0_H0_N4_S8015_CENTRAL_inprocess,8015,0,0,N4,CENTRAL,84.40366972477064,64.28571428571429
K8_R0.90_T0_H0_N4_S8015_EDGE_MARKET_inprocess,8015,0,0,N4,EDGE_MARKET,94.4954128440367,100.0
K8_R0.90_T0_H0_N4_S8015_HYBRID_EAGER_inprocess,8015,0,0,N4,HYBRID_EAGER,94.4954128440367,100.0
K8_R0.90_T0_H0_N4_S8015_HYBRID_inprocess,8015,0,0,N4,HYBRID,94.4954128440367,100.0
K8_R0.90_T0_H0_N4_S8015_PERIODIC_inprocess,8015,0,0,N4,PERIODIC,83.4862385321101,64.28571428571429
K8_R0.90_T0_H0_N4_S8015_STATIC_inprocess,8015,0,0,N4,STATIC,79.81651376146789,71.42857142857143
K8_R0.90_T0_H0_N4_S8016_CENTRAL_FB_inprocess,8016,0,0,N4,CENTRAL_FB,91.0,60.0
K8_R0.90_T0_H0_N4_S8016_CENTRAL_FOG_inprocess,8016,0,0,N4,CENTRAL_FOG,97.0,100.0
K8_R0.90_T0_H0_N4_S8016_CENTRAL_inprocess,8016,0,0,N4,CENTRAL,91.0,60.0
K8_R0.90_T0_H0_N4_S8016_EDGE_MARKET_inprocess,8016,0,0,N4,EDGE_MARKET,94.0,100.0
K8_R0.90_T0_H0_N4_S8016_HYBRID_EAGER_inprocess,8016,0,0,N4,HYBRID_EAGER,94.0,100.0
K8_R0.90_T0_H0_N4_S8016_HYBRID_inprocess,8016,0,0,N4,HYBRID,94.0,100.0
K8_R0.90_T0_H0_N4_S8016_PERIODIC_inprocess,8016,0,0,N4,PERIODIC,87.0,60.0
K8_R0.90_T0_H0_N4_S8016_STATIC_inprocess,8016,0,0,N4,STATIC,89.0,60.0
K8_R0.90_T0_H0_N4_S8017_CENTRAL_FB_inprocess,8017,0,0,N4,CENTRAL_FB,85.4368932038835,66.66666666666667
K8_R0.90_T0_H0_N4_S8017_CENTRAL_FOG_inprocess,8017,0,0,N4,CENTRAL_FOG,90.29126213592232,77.77777777777777
K8_R0.90_T0_H0_N4_S8017_CENTRAL_inprocess,8017,0,0,N4,CENTRAL,83.49514563106796,66.66666666666667
K8_R0.90_T0_H0_N4_S8017_EDGE_MARKET_inprocess,8017,0,0,N4,EDGE_MARKET,91.2621359223301,88.88888888888889
K8_R0.90_T0_H0_N4_S8017_HYBRID_EAGER_inprocess,8017,0,0,N4,HYBRID_EAGER,91.2621359223301,100.0
K8_R0.90_T0_H0_N4_S8017_HYBRID_inprocess,8017,0,0,N4,HYBRID,92.23300970873787,100.0
K8_R0.90_T0_H0_N4_S8017_PERIODIC_inprocess,8017,0,0,N4,PERIODIC,83.49514563106796,66.66666666666667
K8_R0.90_T0_H0_N4_S8017_STATIC_inprocess,8017,0,0,N4,STATIC,68.93203883495146,55.55555555555556
K8_R0.90_T0_H0_N4_S8018_CENTRAL_FB_inprocess,8018,0,0,N4,CENTRAL_FB,88.23529411764706,85.71428571428571
K8_R0.90_T0_H0_N4_S8018_CENTRAL_FOG_inprocess,8018,0,0,N4,CENTRAL_FOG,96.07843137254902,100.0
K8_R0.90_T0_H0_N4_S8018_CENTRAL_inprocess,8018,0,0,N4,CENTRAL,87.25490196078431,71.42857142857143
K8_R0.90_T0_H0_N4_S8018_EDGE_MARKET_inprocess,8018,0,0,N4,EDGE_MARKET,91.17647058823529,71.42857142857143
K8_R0.90_T0_H0_N4_S8018_HYBRID_EAGER_inprocess,8018,0,0,N4,HYBRID_EAGER,93.13725490196079,100.0
K8_R0.90_T0_H0_N4_S8018_HYBRID_inprocess,8018,0,0,N4,HYBRID,93.13725490196079,100.0
K8_R0.90_T0_H0_N4_S8018_PERIODIC_inprocess,8018,0,0,N4,PERIODIC,88.23529411764706,71.42857142857143
K8_R0.90_T0_H0_N4_S8018_STATIC_inprocess,8018,0,0,N4,STATIC,89.2156862745098,85.71428571428571
K8_R0.90_T0_H0_N4_S8019_CENTRAL_FB_inprocess,8019,0,0,N4,CENTRAL_FB,91.39784946236558,80.0
K8_R0.90_T0_H0_N4_S8019_CENTRAL_FOG_inprocess,8019,0,0,N4,CENTRAL_FOG,94.6236559139785,100.0
K8_R0.90_T0_H0_N4_S8019_CENTRAL_inprocess,8019,0,0,N4,CENTRAL,92.47311827956989,100.0
K8_R0.90_T0_H0_N4_S8019_EDGE_MARKET_inprocess,8019,0,0,N4,EDGE_MARKET,91.39784946236558,80.0
K8_R0.90_T0_H0_N4_S8019_HYBRID_EAGER_inprocess,8019,0,0,N4,HYBRID_EAGER,92.47311827956989,80.0
K8_R0.90_T0_H0_N4_S8019_HYBRID_inprocess,8019,0,0,N4,HYBRID,91.39784946236558,60.0
K8_R0.90_T0_H0_N4_S8019_PERIODIC_inprocess,8019,0,0,N4,PERIODIC,88.17204301075269,60.0
K8_R0.90_T0_H0_N4_S8019_STATIC_inprocess,8019,0,0,N4,STATIC,88.17204301075269,80.0
K8_R0.90_T0_H0_N4_S8020_CENTRAL_FB_inprocess,8020,0,0,N4,CENTRAL_FB,84.90566037735849,42.857142857142854
K8_R0.90_T0_H0_N4_S8020_CENTRAL_FOG_inprocess,8020,0,0,N4,CENTRAL_FOG,88.67924528301887,71.42857142857143
K8_R0.90_T0_H0_N4_S8020_CENTRAL_inprocess,8020,0,0,N4,CENTRAL,84.90566037735849,42.857142857142854
K8_R0.90_T0_H0_N4_S8020_EDGE_MARKET_inprocess,8020,0,0,N4,EDGE_MARKET,84.90566037735849,71.42857142857143
K8_R0.90_T0_H0_N4_S8020_HYBRID_EAGER_inprocess,8020,0,0,N4,HYBRID_EAGER,88.67924528301887,71.42857142857143
K8_R0.90_T0_H0_N4_S8020_HYBRID_inprocess,8020,0,0,N4,HYBRID,88.67924528301887,71.42857142857143
K8_R0.90_T0_H0_N4_S8020_PERIODIC_inprocess,8020,0,0,N4,PERIODIC,76.41509433962264,28.571428571428573
K8_R0.90_T0_H0_N4_S8020_STATIC_inprocess,8020,0,0,N4,STATIC,74.52830188679245,14.285714285714286
K8_R0.90_T0_H0_N4_S8021_CENTRAL_FB_inprocess,8021,0,0,N4,CENTRAL_FB,85.14851485148515,66.66666666666667
K8_R0.90_T0_H0_N4_S8021_CENTRAL_FOG_inprocess,8021,0,0,N4,CENTRAL_FOG,91.08910891089108,88.88888888888889
K8_R0.90_T0_H0_N4_S8021_CENTRAL_inprocess,8021,0,0,N4,CENTRAL,85.14851485148515,66.66666666666667
K8_R0.90_T0_H0_N4_S8021_EDGE_MARKET_inprocess,8021,0,0,N4,EDGE_MARKET,87.12871287128714,88.88888888888889
K8_R0.90_T0_H0_N4_S8021_HYBRID_EAGER_inprocess,8021,0,0,N4,HYBRID_EAGER,86.13861386138613,77.77777777777777
K8_R0.90_T0_H0_N4_S8021_HYBRID_inprocess,8021,0,0,N4,HYBRID,86.13861386138613,77.77777777777777
K8_R0.90_T0_H0_N4_S8021_PERIODIC_inprocess,8021,0,0,N4,PERIODIC,87.12871287128714,77.77777777777777
K8_R0.90_T0_H0_N4_S8021_STATIC_inprocess,8021,0,0,N4,STATIC,80.1980198019802,66.66666666666667
K8_R0.90_T0_H0_N4_S8022_CENTRAL_FB_inprocess,8022,0,0,N4,CENTRAL_FB,83.17757009345794,75.0
K8_R0.90_T0_H0_N4_S8022_CENTRAL_FOG_inprocess,8022,0,0,N4,CENTRAL_FOG,87.85046728971963,100.0
K8_R0.90_T0_H0_N4_S8022_CENTRAL_inprocess,8022,0,0,N4,CENTRAL,82.24299065420561,75.0
K8_R0.90_T0_H0_N4_S8022_EDGE_MARKET_inprocess,8022,0,0,N4,EDGE_MARKET,87.85046728971963,100.0
K8_R0.90_T0_H0_N4_S8022_HYBRID_EAGER_inprocess,8022,0,0,N4,HYBRID_EAGER,87.85046728971963,87.5
K8_R0.90_T0_H0_N4_S8022_HYBRID_inprocess,8022,0,0,N4,HYBRID,87.85046728971963,87.5
K8_R0.90_T0_H0_N4_S8022_PERIODIC_inprocess,8022,0,0,N4,PERIODIC,67.28971962616822,37.5
K8_R0.90_T0_H0_N4_S8022_STATIC_inprocess,8022,0,0,N4,STATIC,69.1588785046729,25.0
K8_R0.90_T0_H0_N4_S8023_CENTRAL_FB_inprocess,8023,0,0,N4,CENTRAL_FB,85.29411764705883,81.81818181818181
K8_R0.90_T0_H0_N4_S8023_CENTRAL_FOG_inprocess,8023,0,0,N4,CENTRAL_FOG,92.15686274509804,100.0
K8_R0.90_T0_H0_N4_S8023_CENTRAL_inprocess,8023,0,0,N4,CENTRAL,85.29411764705883,81.81818181818181
K8_R0.90_T0_H0_N4_S8023_EDGE_MARKET_inprocess,8023,0,0,N4,EDGE_MARKET,89.2156862745098,100.0
K8_R0.90_T0_H0_N4_S8023_HYBRID_EAGER_inprocess,8023,0,0,N4,HYBRID_EAGER,93.13725490196079,90.9090909090909
K8_R0.90_T0_H0_N4_S8023_HYBRID_inprocess,8023,0,0,N4,HYBRID,93.13725490196079,90.9090909090909
K8_R0.90_T0_H0_N4_S8023_PERIODIC_inprocess,8023,0,0,N4,PERIODIC,83.33333333333333,72.72727272727273
K8_R0.90_T0_H0_N4_S8023_STATIC_inprocess,8023,0,0,N4,STATIC,83.33333333333333,81.81818181818181
K8_R0.90_T0_H0_N4_S8024_CENTRAL_FB_inprocess,8024,0,0,N4,CENTRAL_FB,81.0,83.33333333333333
K8_R0.90_T0_H0_N4_S8024_CENTRAL_FOG_inprocess,8024,0,0,N4,CENTRAL_FOG,91.0,100.0
K8_R0.90_T0_H0_N4_S8024_CENTRAL_inprocess,8024,0,0,N4,CENTRAL,81.0,83.33333333333333
K8_R0.90_T0_H0_N4_S8024_EDGE_MARKET_inprocess,8024,0,0,N4,EDGE_MARKET,88.0,100.0
K8_R0.90_T0_H0_N4_S8024_HYBRID_EAGER_inprocess,8024,0,0,N4,HYBRID_EAGER,88.0,100.0
K8_R0.90_T0_H0_N4_S8024_HYBRID_inprocess,8024,0,0,N4,HYBRID,88.0,100.0
K8_R0.90_T0_H0_N4_S8024_PERIODIC_inprocess,8024,0,0,N4,PERIODIC,85.0,83.33333333333333
K8_R0.90_T0_H0_N4_S8024_STATIC_inprocess,8024,0,0,N4,STATIC,81.0,66.66666666666667
K8_R0.90_T0_H0_N4_S8025_CENTRAL_FB_inprocess,8025,0,0,N4,CENTRAL_FB,91.66666666666667,100.0
K8_R0.90_T0_H0_N4_S8025_CENTRAL_FOG_inprocess,8025,0,0,N4,CENTRAL_FOG,93.75,100.0
K8_R0.90_T0_H0_N4_S8025_CENTRAL_inprocess,8025,0,0,N4,CENTRAL,93.75,100.0
K8_R0.90_T0_H0_N4_S8025_EDGE_MARKET_inprocess,8025,0,0,N4,EDGE_MARKET,93.75,100.0
K8_R0.90_T0_H0_N4_S8025_HYBRID_EAGER_inprocess,8025,0,0,N4,HYBRID_EAGER,92.70833333333333,100.0
K8_R0.90_T0_H0_N4_S8025_HYBRID_inprocess,8025,0,0,N4,HYBRID,92.70833333333333,100.0
K8_R0.90_T0_H0_N4_S8025_PERIODIC_inprocess,8025,0,0,N4,PERIODIC,90.625,66.66666666666667
K8_R0.90_T0_H0_N4_S8025_STATIC_inprocess,8025,0,0,N4,STATIC,90.625,66.66666666666667
K8_R0.90_T0_H0_N4_S8026_CENTRAL_FB_inprocess,8026,0,0,N4,CENTRAL_FB,90.625,66.66666666666667
K8_R0.90_T0_H0_N4_S8026_CENTRAL_FOG_inprocess,8026,0,0,N4,CENTRAL_FOG,95.83333333333333,100.0
K8_R0.90_T0_H0_N4_S8026_CENTRAL_inprocess,8026,0,0,N4,CENTRAL,90.625,66.66666666666667
K8_R0.90_T0_H0_N4_S8026_EDGE_MARKET_inprocess,8026,0,0,N4,EDGE_MARKET,93.75,100.0
K8_R0.90_T0_H0_N4_S8026_HYBRID_EAGER_inprocess,8026,0,0,N4,HYBRID_EAGER,95.83333333333333,100.0
K8_R0.90_T0_H0_N4_S8026_HYBRID_inprocess,8026,0,0,N4,HYBRID,95.83333333333333,100.0
K8_R0.90_T0_H0_N4_S8026_PERIODIC_inprocess,8026,0,0,N4,PERIODIC,87.5,66.66666666666667
K8_R0.90_T0_H0_N4_S8026_STATIC_inprocess,8026,0,0,N4,STATIC,86.45833333333333,66.66666666666667
K8_R0.90_T0_H0_N4_S8027_CENTRAL_FB_inprocess,8027,0,0,N4,CENTRAL_FB,86.40776699029126,88.88888888888889
K8_R0.90_T0_H0_N4_S8027_CENTRAL_FOG_inprocess,8027,0,0,N4,CENTRAL_FOG,90.29126213592232,88.88888888888889
K8_R0.90_T0_H0_N4_S8027_CENTRAL_inprocess,8027,0,0,N4,CENTRAL,80.58252427184466,66.66666666666667
K8_R0.90_T0_H0_N4_S8027_EDGE_MARKET_inprocess,8027,0,0,N4,EDGE_MARKET,89.32038834951456,100.0
K8_R0.90_T0_H0_N4_S8027_HYBRID_EAGER_inprocess,8027,0,0,N4,HYBRID_EAGER,90.29126213592232,100.0
K8_R0.90_T0_H0_N4_S8027_HYBRID_inprocess,8027,0,0,N4,HYBRID,90.29126213592232,100.0
K8_R0.90_T0_H0_N4_S8027_PERIODIC_inprocess,8027,0,0,N4,PERIODIC,85.4368932038835,77.77777777777777
K8_R0.90_T0_H0_N4_S8027_STATIC_inprocess,8027,0,0,N4,STATIC,78.64077669902913,77.77777777777777
K8_R0.90_T0_H0_N4_S8028_CENTRAL_FB_inprocess,8028,0,0,N4,CENTRAL_FB,77.35849056603773,57.142857142857146
K8_R0.90_T0_H0_N4_S8028_CENTRAL_FOG_inprocess,8028,0,0,N4,CENTRAL_FOG,84.90566037735849,85.71428571428571
K8_R0.90_T0_H0_N4_S8028_CENTRAL_inprocess,8028,0,0,N4,CENTRAL,76.41509433962264,57.142857142857146
K8_R0.90_T0_H0_N4_S8028_EDGE_MARKET_inprocess,8028,0,0,N4,EDGE_MARKET,80.18867924528301,71.42857142857143
K8_R0.90_T0_H0_N4_S8028_HYBRID_EAGER_inprocess,8028,0,0,N4,HYBRID_EAGER,84.90566037735849,78.57142857142857
K8_R0.90_T0_H0_N4_S8028_HYBRID_inprocess,8028,0,0,N4,HYBRID,84.90566037735849,78.57142857142857
K8_R0.90_T0_H0_N4_S8028_PERIODIC_inprocess,8028,0,0,N4,PERIODIC,70.75471698113208,50.0
K8_R0.90_T0_H0_N4_S8028_STATIC_inprocess,8028,0,0,N4,STATIC,75.47169811320755,57.142857142857146
K8_R0.90_T0_H0_N4_S8029_CENTRAL_FB_inprocess,8029,0,0,N4,CENTRAL_FB,87.87878787878788,83.33333333333333
K8_R0.90_T0_H0_N4_S8029_CENTRAL_FOG_inprocess,8029,0,0,N4,CENTRAL_FOG,90.9090909090909,100.0
K8_R0.90_T0_H0_N4_S8029_CENTRAL_inprocess,8029,0,0,N4,CENTRAL,87.87878787878788,83.33333333333333
K8_R0.90_T0_H0_N4_S8029_EDGE_MARKET_inprocess,8029,0,0,N4,EDGE_MARKET,88.88888888888889,100.0
K8_R0.90_T0_H0_N4_S8029_HYBRID_EAGER_inprocess,8029,0,0,N4,HYBRID_EAGER,90.9090909090909,100.0
K8_R0.90_T0_H0_N4_S8029_HYBRID_inprocess,8029,0,0,N4,HYBRID,90.9090909090909,100.0
K8_R0.90_T0_H0_N4_S8029_PERIODIC_inprocess,8029,0,0,N4,PERIODIC,77.77777777777777,33.333333333333336
K8_R0.90_T0_H0_N4_S8029_STATIC_inprocess,8029,0,0,N4,STATIC,82.82828282828282,66.66666666666667
K8_R0.90_T0_H0_N4_S8030_CENTRAL_FB_inprocess,8030,0,0,N4,CENTRAL_FB,89.8989898989899,100.0
K8_R0.90_T0_H0_N4_S8030_CENTRAL_FOG_inprocess,8030,0,0,N4,CENTRAL_FOG,89.8989898989899,100.0
K8_R0.90_T0_H0_N4_S8030_CENTRAL_inprocess,8030,0,0,N4,CENTRAL,88.88888888888889,100.0
K8_R0.90_T0_H0_N4_S8030_EDGE_MARKET_inprocess,8030,0,0,N4,EDGE_MARKET,86.86868686868686,100.0
K8_R0.90_T0_H0_N4_S8030_HYBRID_EAGER_inprocess,8030,0,0,N4,HYBRID_EAGER,89.8989898989899,100.0
K8_R0.90_T0_H0_N4_S8030_HYBRID_inprocess,8030,0,0,N4,HYBRID,89.8989898989899,100.0
K8_R0.90_T0_H0_N4_S8030_PERIODIC_inprocess,8030,0,0,N4,PERIODIC,82.82828282828282,83.33333333333333
K8_R0.90_T0_H0_N4_S8030_STATIC_inprocess,8030,0,0,N4,STATIC,78.78787878787878,66.66666666666667
K8_R0.90_T0_H0_N4_S8031_CENTRAL_FB_inprocess,8031,0,0,N4,CENTRAL_FB,88.42105263157895,83.33333333333333
K8_R0.90_T0_H0_N4_S8031_CENTRAL_FOG_inprocess,8031,0,0,N4,CENTRAL_FOG,85.26315789473684,66.66666666666667
K8_R0.90_T0_H0_N4_S8031_CENTRAL_inprocess,8031,0,0,N4,CENTRAL,86.3157894736842,83.33333333333333
K8_R0.90_T0_H0_N4_S8031_EDGE_MARKET_inprocess,8031,0,0,N4,EDGE_MARKET,84.21052631578948,83.33333333333333
K8_R0.90_T0_H0_N4_S8031_HYBRID_EAGER_inprocess,8031,0,0,N4,HYBRID_EAGER,88.42105263157895,83.33333333333333
K8_R0.90_T0_H0_N4_S8031_HYBRID_inprocess,8031,0,0,N4,HYBRID,88.42105263157895,83.33333333333333
K8_R0.90_T0_H0_N4_S8031_PERIODIC_inprocess,8031,0,0,N4,PERIODIC,80.0,50.0
K8_R0.90_T0_H0_N4_S8031_STATIC_inprocess,8031,0,0,N4,STATIC,72.63157894736842,16.666666666666668
K8_R0.90_T0_H0_N4_S8032_CENTRAL_FB_inprocess,8032,0,0,N4,CENTRAL_FB,89.8989898989899,83.33333333333333
K8_R0.90_T0_H0_N4_S8032_CENTRAL_FOG_inprocess,8032,0,0,N4,CENTRAL_FOG,91.91919191919192,83.33333333333333
K8_R0.90_T0_H0_N4_S8032_CENTRAL_inprocess,8032,0,0,N4,CENTRAL,91.91919191919192,100.0
K8_R0.90_T0_H0_N4_S8032_EDGE_MARKET_inprocess,8032,0,0,N4,EDGE_MARKET,83.83838383838383,100.0
K8_R0.90_T0_H0_N4_S8032_HYBRID_EAGER_inprocess,8032,0,0,N4,HYBRID_EAGER,93.93939393939394,100.0
K8_R0.90_T0_H0_N4_S8032_HYBRID_inprocess,8032,0,0,N4,HYBRID,93.93939393939394,100.0
K8_R0.90_T0_H0_N4_S8032_PERIODIC_inprocess,8032,0,0,N4,PERIODIC,86.86868686868686,83.33333333333333
K8_R0.90_T0_H0_N4_S8032_STATIC_inprocess,8032,0,0,N4,STATIC,76.76767676767676,66.66666666666667
K8_R0.90_T0_H0_N4_S8033_CENTRAL_FB_inprocess,8033,0,0,N4,CENTRAL_FB,90.81632653061224,83.33333333333333
K8_R0.90_T0_H0_N4_S8033_CENTRAL_FOG_inprocess,8033,0,0,N4,CENTRAL_FOG,96.93877551020408,100.0
K8_R0.90_T0_H0_N4_S8033_CENTRAL_inprocess,8033,0,0,N4,CENTRAL,91.83673469387755,83.33333333333333
K8_R0.90_T0_H0_N4_S8033_EDGE_MARKET_inprocess,8033,0,0,N4,EDGE_MARKET,96.93877551020408,100.0
K8_R0.90_T0_H0_N4_S8033_HYBRID_EAGER_inprocess,8033,0,0,N4,HYBRID_EAGER,94.89795918367346,100.0
K8_R0.90_T0_H0_N4_S8033_HYBRID_inprocess,8033,0,0,N4,HYBRID,94.89795918367346,100.0
K8_R0.90_T0_H0_N4_S8033_PERIODIC_inprocess,8033,0,0,N4,PERIODIC,92.85714285714286,83.33333333333333
K8_R0.90_T0_H0_N4_S8033_STATIC_inprocess,8033,0,0,N4,STATIC,90.81632653061224,83.33333333333333
K8_R0.90_T0_H0_N4_S8034_CENTRAL_FB_inprocess,8034,0,0,N4,CENTRAL_FB,89.42307692307692,87.5
K8_R0.90_T0_H0_N4_S8034_CENTRAL_FOG_inprocess,8034,0,0,N4,CENTRAL_FOG,93.26923076923077,100.0
K8_R0.90_T0_H0_N4_S8034_CENTRAL_inprocess,8034,0,0,N4,CENTRAL,92.3076923076923,87.5
K8_R0.90_T0_H0_N4_S8034_EDGE_MARKET_inprocess,8034,0,0,N4,EDGE_MARKET,92.3076923076923,100.0
K8_R0.90_T0_H0_N4_S8034_HYBRID_EAGER_inprocess,8034,0,0,N4,HYBRID_EAGER,98.07692307692308,100.0
K8_R0.90_T0_H0_N4_S8034_HYBRID_inprocess,8034,0,0,N4,HYBRID,94.23076923076923,100.0
K8_R0.90_T0_H0_N4_S8034_PERIODIC_inprocess,8034,0,0,N4,PERIODIC,86.53846153846153,75.0
K8_R0.90_T0_H0_N4_S8034_STATIC_inprocess,8034,0,0,N4,STATIC,80.76923076923077,62.5
K8_R0.90_T0_H0_N4_S8035_CENTRAL_FB_inprocess,8035,0,0,N4,CENTRAL_FB,90.990990990991,91.66666666666667
K8_R0.90_T0_H0_N4_S8035_CENTRAL_FOG_inprocess,8035,0,0,N4,CENTRAL_FOG,93.69369369369369,91.66666666666667
K8_R0.90_T0_H0_N4_S8035_CENTRAL_inprocess,8035,0,0,N4,CENTRAL,90.990990990991,91.66666666666667
K8_R0.90_T0_H0_N4_S8035_EDGE_MARKET_inprocess,8035,0,0,N4,EDGE_MARKET,91.89189189189189,91.66666666666667
K8_R0.90_T0_H0_N4_S8035_HYBRID_EAGER_inprocess,8035,0,0,N4,HYBRID_EAGER,93.69369369369369,91.66666666666667
K8_R0.90_T0_H0_N4_S8035_HYBRID_inprocess,8035,0,0,N4,HYBRID,93.69369369369369,91.66666666666667
K8_R0.90_T0_H0_N4_S8035_PERIODIC_inprocess,8035,0,0,N4,PERIODIC,88.28828828828829,91.66666666666667
K8_R0.90_T0_H0_N4_S8035_STATIC_inprocess,8035,0,0,N4,STATIC,84.68468468468468,66.66666666666667
K8_R0.90_T0_H0_N4_S8036_CENTRAL_FB_inprocess,8036,0,0,N4,CENTRAL_FB,89.32038834951456,87.5
K8_R0.90_T0_H0_N4_S8036_CENTRAL_FOG_inprocess,8036,0,0,N4,CENTRAL_FOG,94.1747572815534,100.0
K8_R0.90_T0_H0_N4_S8036_CENTRAL_inprocess,8036,0,0,N4,CENTRAL,91.2621359223301,87.5
K8_R0.90_T0_H0_N4_S8036_EDGE_MARKET_inprocess,8036,0,0,N4,EDGE_MARKET,91.2621359223301,87.5
K8_R0.90_T0_H0_N4_S8036_HYBRID_EAGER_inprocess,8036,0,0,N4,HYBRID_EAGER,94.1747572815534,100.0
K8_R0.90_T0_H0_N4_S8036_HYBRID_inprocess,8036,0,0,N4,HYBRID,94.1747572815534,100.0
K8_R0.90_T0_H0_N4_S8036_PERIODIC_inprocess,8036,0,0,N4,PERIODIC,88.3495145631068,87.5
K8_R0.90_T0_H0_N4_S8036_STATIC_inprocess,8036,0,0,N4,STATIC,82.52427184466019,62.5
K8_R0.90_T0_H0_N4_S8037_CENTRAL_FB_inprocess,8037,0,0,N4,CENTRAL_FB,82.4074074074074,60.0
K8_R0.90_T0_H0_N4_S8037_CENTRAL_FOG_inprocess,8037,0,0,N4,CENTRAL_FOG,93.51851851851852,100.0
K8_R0.90_T0_H0_N4_S8037_CENTRAL_inprocess,8037,0,0,N4,CENTRAL,82.4074074074074,60.0
K8_R0.90_T0_H0_N4_S8037_EDGE_MARKET_inprocess,8037,0,0,N4,EDGE_MARKET,91.66666666666667,100.0
K8_R0.90_T0_H0_N4_S8037_HYBRID_EAGER_inprocess,8037,0,0,N4,HYBRID_EAGER,91.66666666666667,100.0
K8_R0.90_T0_H0_N4_S8037_HYBRID_inprocess,8037,0,0,N4,HYBRID,91.66666666666667,100.0
K8_R0.90_T0_H0_N4_S8037_PERIODIC_inprocess,8037,0,0,N4,PERIODIC,79.62962962962963,50.0
K8_R0.90_T0_H0_N4_S8037_STATIC_inprocess,8037,0,0,N4,STATIC,79.62962962962963,60.0
K8_R0.90_T0_H0_N4_S8038_CENTRAL_FB_inprocess,8038,0,0,N4,CENTRAL_FB,92.78350515463917,80.0
K8_R0.90_T0_H0_N4_S8038_CENTRAL_FOG_inprocess,8038,0,0,N4,CENTRAL_FOG,95.87628865979381,100.0
K8_R0.90_T0_H0_N4_S8038_CENTRAL_inprocess,8038,0,0,N4,CENTRAL,90.72164948453609,80.0
K8_R0.90_T0_H0_N4_S8038_EDGE_MARKET_inprocess,8038,0,0,N4,EDGE_MARKET,92.78350515463917,100.0
K8_R0.90_T0_H0_N4_S8038_HYBRID_EAGER_inprocess,8038,0,0,N4,HYBRID_EAGER,94.84536082474227,100.0
K8_R0.90_T0_H0_N4_S8038_HYBRID_inprocess,8038,0,0,N4,HYBRID,94.84536082474227,100.0
K8_R0.90_T0_H0_N4_S8038_PERIODIC_inprocess,8038,0,0,N4,PERIODIC,91.75257731958763,80.0
K8_R0.90_T0_H0_N4_S8038_STATIC_inprocess,8038,0,0,N4,STATIC,84.5360824742268,60.0
K8_R0.90_T0_H0_N4_S8039_CENTRAL_FB_inprocess,8039,0,0,N4,CENTRAL_FB,95.04950495049505,100.0
K8_R0.90_T0_H0_N4_S8039_CENTRAL_FOG_inprocess,8039,0,0,N4,CENTRAL_FOG,95.04950495049505,100.0
K8_R0.90_T0_H0_N4_S8039_CENTRAL_inprocess,8039,0,0,N4,CENTRAL,96.03960396039604,100.0
K8_R0.90_T0_H0_N4_S8039_EDGE_MARKET_inprocess,8039,0,0,N4,EDGE_MARKET,95.04950495049505,100.0
K8_R0.90_T0_H0_N4_S8039_HYBRID_EAGER_inprocess,8039,0,0,N4,HYBRID_EAGER,96.03960396039604,100.0
K8_R0.90_T0_H0_N4_S8039_HYBRID_inprocess,8039,0,0,N4,HYBRID,96.03960396039604,100.0
K8_R0.90_T0_H0_N4_S8039_PERIODIC_inprocess,8039,0,0,N4,PERIODIC,89.10891089108911,83.33333333333333
K8_R0.90_T0_H0_N4_S8039_STATIC_inprocess,8039,0,0,N4,STATIC,83.16831683168317,66.66666666666667
K8_R0.90_T0_H0_N4_S8040_CENTRAL_FB_inprocess,8040,0,0,N4,CENTRAL_FB,81.63265306122449,57.142857142857146
K8_R0.90_T0_H0_N4_S8040_CENTRAL_FOG_inprocess,8040,0,0,N4,CENTRAL_FOG,94.89795918367346,100.0
K8_R0.90_T0_H0_N4_S8040_CENTRAL_inprocess,8040,0,0,N4,CENTRAL,81.63265306122449,57.142857142857146
K8_R0.90_T0_H0_N4_S8040_EDGE_MARKET_inprocess,8040,0,0,N4,EDGE_MARKET,89.79591836734694,100.0
K8_R0.90_T0_H0_N4_S8040_HYBRID_EAGER_inprocess,8040,0,0,N4,HYBRID_EAGER,93.87755102040816,100.0
K8_R0.90_T0_H0_N4_S8040_HYBRID_inprocess,8040,0,0,N4,HYBRID,93.87755102040816,100.0
K8_R0.90_T0_H0_N4_S8040_PERIODIC_inprocess,8040,0,0,N4,PERIODIC,76.53061224489795,28.571428571428573
K8_R0.90_T0_H0_N4_S8040_STATIC_inprocess,8040,0,0,N4,STATIC,80.61224489795919,57.142857142857146
K8_R0.90_T0_H1_N0_S8001_CENTRAL_FB_inprocess,8001,0,1,N0,CENTRAL_FB,89.0909090909091,100.0
K8_R0.90_T0_H1_N0_S8001_CENTRAL_FOG_inprocess,8001,0,1,N0,CENTRAL_FOG,89.0909090909091,100.0
K8_R0.90_T0_H1_N0_S8001_CENTRAL_inprocess,8001,0,1,N0,CENTRAL,89.0909090909091,100.0
K8_R0.90_T0_H1_N0_S8001_EDGE_MARKET_inprocess,8001,0,1,N0,EDGE_MARKET,82.72727272727273,100.0
K8_R0.90_T0_H1_N0_S8001_HYBRID_EAGER_inprocess,8001,0,1,N0,HYBRID_EAGER,89.0909090909091,100.0
K8_R0.90_T0_H1_N0_S8001_HYBRID_inprocess,8001,0,1,N0,HYBRID,89.0909090909091,100.0
K8_R0.90_T0_H1_N0_S8001_PERIODIC_inprocess,8001,0,1,N0,PERIODIC,89.0909090909091,100.0
K8_R0.90_T0_H1_N0_S8001_STATIC_inprocess,8001,0,1,N0,STATIC,74.54545454545455,50.0
K8_R0.90_T0_H1_N0_S8002_CENTRAL_FB_inprocess,8002,0,1,N0,CENTRAL_FB,90.625,100.0
K8_R0.90_T0_H1_N0_S8002_CENTRAL_FOG_inprocess,8002,0,1,N0,CENTRAL_FOG,90.625,100.0
K8_R0.90_T0_H1_N0_S8002_CENTRAL_inprocess,8002,0,1,N0,CENTRAL,90.625,100.0
K8_R0.90_T0_H1_N0_S8002_EDGE_MARKET_inprocess,8002,0,1,N0,EDGE_MARKET,90.625,83.33333333333333
K8_R0.90_T0_H1_N0_S8002_HYBRID_EAGER_inprocess,8002,0,1,N0,HYBRID_EAGER,90.625,100.0
K8_R0.90_T0_H1_N0_S8002_HYBRID_inprocess,8002,0,1,N0,HYBRID,90.625,100.0
K8_R0.90_T0_H1_N0_S8002_PERIODIC_inprocess,8002,0,1,N0,PERIODIC,87.5,100.0
K8_R0.90_T0_H1_N0_S8002_STATIC_inprocess,8002,0,1,N0,STATIC,87.5,83.33333333333333
K8_R0.90_T0_H1_N0_S8003_CENTRAL_FB_inprocess,8003,0,1,N0,CENTRAL_FB,86.79245283018868,81.81818181818181
K8_R0.90_T0_H1_N0_S8003_CENTRAL_FOG_inprocess,8003,0,1,N0,CENTRAL_FOG,86.79245283018868,81.81818181818181
K8_R0.90_T0_H1_N0_S8003_CENTRAL_inprocess,8003,0,1,N0,CENTRAL,86.79245283018868,81.81818181818181
K8_R0.90_T0_H1_N0_S8003_EDGE_MARKET_inprocess,8003,0,1,N0,EDGE_MARKET,86.79245283018868,90.9090909090909
K8_R0.90_T0_H1_N0_S8003_HYBRID_EAGER_inprocess,8003,0,1,N0,HYBRID_EAGER,91.50943396226415,90.9090909090909
K8_R0.90_T0_H1_N0_S8003_HYBRID_inprocess,8003,0,1,N0,HYBRID,86.79245283018868,81.81818181818181
K8_R0.90_T0_H1_N0_S8003_PERIODIC_inprocess,8003,0,1,N0,PERIODIC,95.28301886792453,90.9090909090909
K8_R0.90_T0_H1_N0_S8003_STATIC_inprocess,8003,0,1,N0,STATIC,82.0754716981132,54.54545454545455
K8_R0.90_T0_H1_N0_S8004_CENTRAL_FB_inprocess,8004,0,1,N0,CENTRAL_FB,95.74468085106383,50.0
K8_R0.90_T0_H1_N0_S8004_CENTRAL_FOG_inprocess,8004,0,1,N0,CENTRAL_FOG,95.74468085106383,50.0
K8_R0.90_T0_H1_N0_S8004_CENTRAL_inprocess,8004,0,1,N0,CENTRAL,95.74468085106383,50.0
K8_R0.90_T0_H1_N0_S8004_EDGE_MARKET_inprocess,8004,0,1,N0,EDGE_MARKET,90.42553191489361,50.0
K8_R0.90_T0_H1_N0_S8004_HYBRID_EAGER_inprocess,8004,0,1,N0,HYBRID_EAGER,95.74468085106383,50.0
K8_R0.90_T0_H1_N0_S8004_HYBRID_inprocess,8004,0,1,N0,HYBRID,95.74468085106383,50.0
K8_R0.90_T0_H1_N0_S8004_PERIODIC_inprocess,8004,0,1,N0,PERIODIC,92.55319148936171,50.0
K8_R0.90_T0_H1_N0_S8004_STATIC_inprocess,8004,0,1,N0,STATIC,87.23404255319149,50.0
K8_R0.90_T0_H1_N0_S8005_CENTRAL_FB_inprocess,8005,0,1,N0,CENTRAL_FB,95.78947368421052,100.0
K8_R0.90_T0_H1_N0_S8005_CENTRAL_FOG_inprocess,8005,0,1,N0,CENTRAL_FOG,95.78947368421052,100.0
K8_R0.90_T0_H1_N0_S8005_CENTRAL_inprocess,8005,0,1,N0,CENTRAL,95.78947368421052,100.0
K8_R0.90_T0_H1_N0_S8005_EDGE_MARKET_inprocess,8005,0,1,N0,EDGE_MARKET,92.63157894736842,100.0
K8_R0.90_T0_H1_N0_S8005_HYBRID_EAGER_inprocess,8005,0,1,N0,HYBRID_EAGER,95.78947368421052,100.0
K8_R0.90_T0_H1_N0_S8005_HYBRID_inprocess,8005,0,1,N0,HYBRID,95.78947368421052,100.0
K8_R0.90_T0_H1_N0_S8005_PERIODIC_inprocess,8005,0,1,N0,PERIODIC,94.73684210526316,100.0
K8_R0.90_T0_H1_N0_S8005_STATIC_inprocess,8005,0,1,N0,STATIC,90.52631578947368,33.333333333333336
K8_R0.90_T0_H1_N0_S8006_CENTRAL_FB_inprocess,8006,0,1,N0,CENTRAL_FB,88.77551020408163,87.5
K8_R0.90_T0_H1_N0_S8006_CENTRAL_FOG_inprocess,8006,0,1,N0,CENTRAL_FOG,88.77551020408163,87.5
K8_R0.90_T0_H1_N0_S8006_CENTRAL_inprocess,8006,0,1,N0,CENTRAL,88.77551020408163,87.5
K8_R0.90_T0_H1_N0_S8006_EDGE_MARKET_inprocess,8006,0,1,N0,EDGE_MARKET,85.71428571428571,87.5
K8_R0.90_T0_H1_N0_S8006_HYBRID_EAGER_inprocess,8006,0,1,N0,HYBRID_EAGER,88.77551020408163,87.5
K8_R0.90_T0_H1_N0_S8006_HYBRID_inprocess,8006,0,1,N0,HYBRID,88.77551020408163,87.5
K8_R0.90_T0_H1_N0_S8006_PERIODIC_inprocess,8006,0,1,N0,PERIODIC,87.75510204081633,87.5
K8_R0.90_T0_H1_N0_S8006_STATIC_inprocess,8006,0,1,N0,STATIC,83.6734693877551,62.5
K8_R0.90_T0_H1_N0_S8007_CENTRAL_FB_inprocess,8007,0,1,N0,CENTRAL_FB,89.10891089108911,100.0
K8_R0.90_T0_H1_N0_S8007_CENTRAL_FOG_inprocess,8007,0,1,N0,CENTRAL_FOG,89.10891089108911,100.0
K8_R0.90_T0_H1_N0_S8007_CENTRAL_inprocess,8007,0,1,N0,CENTRAL,89.10891089108911,100.0
K8_R0.90_T0_H1_N0_S8007_EDGE_MARKET_inprocess,8007,0,1,N0,EDGE_MARKET,88.11881188118812,88.88888888888889
K8_R0.90_T0_H1_N0_S8007_HYBRID_EAGER_inprocess,8007,0,1,N0,HYBRID_EAGER,89.10891089108911,100.0
K8_R0.90_T0_H1_N0_S8007_HYBRID_inprocess,8007,0,1,N0,HYBRID,89.10891089108911,100.0
K8_R0.90_T0_H1_N0_S8007_PERIODIC_inprocess,8007,0,1,N0,PERIODIC,88.11881188118812,77.77777777777777
K8_R0.90_T0_H1_N0_S8007_STATIC_inprocess,8007,0,1,N0,STATIC,80.1980198019802,66.66666666666667
K8_R0.90_T0_H1_N0_S8008_CENTRAL_FB_inprocess,8008,0,1,N0,CENTRAL_FB,91.66666666666667,100.0
K8_R0.90_T0_H1_N0_S8008_CENTRAL_FOG_inprocess,8008,0,1,N0,CENTRAL_FOG,91.66666666666667,100.0
K8_R0.90_T0_H1_N0_S8008_CENTRAL_inprocess,8008,0,1,N0,CENTRAL,91.66666666666667,100.0
K8_R0.90_T0_H1_N0_S8008_EDGE_MARKET_inprocess,8008,0,1,N0,EDGE_MARKET,88.54166666666667,80.0
K8_R0.90_T0_H1_N0_S8008_HYBRID_EAGER_inprocess,8008,0,1,N0,HYBRID_EAGER,90.625,100.0
K8_R0.90_T0_H1_N0_S8008_HYBRID_inprocess,8008,0,1,N0,HYBRID,91.66666666666667,100.0
K8_R0.90_T0_H1_N0_S8008_PERIODIC_inprocess,8008,0,1,N0,PERIODIC,92.70833333333333,100.0
K8_R0.90_T0_H1_N0_S8008_STATIC_inprocess,8008,0,1,N0,STATIC,80.20833333333333,60.0
K8_R0.90_T0_H1_N0_S8009_CENTRAL_FB_inprocess,8009,0,1,N0,CENTRAL_FB,86.81318681318682,75.0
K8_R0.90_T0_H1_N0_S8009_CENTRAL_FOG_inprocess,8009,0,1,N0,CENTRAL_FOG,86.81318681318682,75.0
K8_R0.90_T0_H1_N0_S8009_CENTRAL_inprocess,8009,0,1,N0,CENTRAL,86.81318681318682,75.0
K8_R0.90_T0_H1_N0_S8009_EDGE_MARKET_inprocess,8009,0,1,N0,EDGE_MARKET,82.41758241758242,50.0
K8_R0.90_T0_H1_N0_S8009_HYBRID_EAGER_inprocess,8009,0,1,N0,HYBRID_EAGER,86.81318681318682,75.0
K8_R0.90_T0_H1_N0_S8009_HYBRID_inprocess,8009,0,1,N0,HYBRID,86.81318681318682,75.0
K8_R0.90_T0_H1_N0_S8009_PERIODIC_inprocess,8009,0,1,N0,PERIODIC,83.51648351648352,50.0
K8_R0.90_T0_H1_N0_S8009_STATIC_inprocess,8009,0,1,N0,STATIC,76.92307692307692,25.0
K8_R0.90_T0_H1_N0_S8010_CENTRAL_FB_inprocess,8010,0,1,N0,CENTRAL_FB,89.24731182795699,100.0
K8_R0.90_T0_H1_N0_S8010_CENTRAL_FOG_inprocess,8010,0,1,N0,CENTRAL_FOG,89.24731182795699,100.0
K8_R0.90_T0_H1_N0_S8010_CENTRAL_inprocess,8010,0,1,N0,CENTRAL,89.24731182795699,100.0
K8_R0.90_T0_H1_N0_S8010_EDGE_MARKET_inprocess,8010,0,1,N0,EDGE_MARKET,86.02150537634408,100.0
K8_R0.90_T0_H1_N0_S8010_HYBRID_EAGER_inprocess,8010,0,1,N0,HYBRID_EAGER,89.24731182795699,100.0
K8_R0.90_T0_H1_N0_S8010_HYBRID_inprocess,8010,0,1,N0,HYBRID,89.24731182795699,100.0
K8_R0.90_T0_H1_N0_S8010_PERIODIC_inprocess,8010,0,1,N0,PERIODIC,87.09677419354838,75.0
K8_R0.90_T0_H1_N0_S8010_STATIC_inprocess,8010,0,1,N0,STATIC,77.41935483870968,25.0
K8_R0.90_T0_H1_N0_S8011_CENTRAL_FB_inprocess,8011,0,1,N0,CENTRAL_FB,81.9047619047619,100.0
K8_R0.90_T0_H1_N0_S8011_CENTRAL_FOG_inprocess,8011,0,1,N0,CENTRAL_FOG,81.9047619047619,100.0
K8_R0.90_T0_H1_N0_S8011_CENTRAL_inprocess,8011,0,1,N0,CENTRAL,81.9047619047619,100.0
K8_R0.90_T0_H1_N0_S8011_EDGE_MARKET_inprocess,8011,0,1,N0,EDGE_MARKET,82.85714285714286,100.0
K8_R0.90_T0_H1_N0_S8011_HYBRID_EAGER_inprocess,8011,0,1,N0,HYBRID_EAGER,81.9047619047619,100.0
K8_R0.90_T0_H1_N0_S8011_HYBRID_inprocess,8011,0,1,N0,HYBRID,81.9047619047619,100.0
K8_R0.90_T0_H1_N0_S8011_PERIODIC_inprocess,8011,0,1,N0,PERIODIC,80.95238095238095,85.71428571428571
K8_R0.90_T0_H1_N0_S8011_STATIC_inprocess,8011,0,1,N0,STATIC,72.38095238095238,28.571428571428573
K8_R0.90_T0_H1_N0_S8012_CENTRAL_FB_inprocess,8012,0,1,N0,CENTRAL_FB,79.27927927927928,90.9090909090909
K8_R0.90_T0_H1_N0_S8012_CENTRAL_FOG_inprocess,8012,0,1,N0,CENTRAL_FOG,79.27927927927928,90.9090909090909
K8_R0.90_T0_H1_N0_S8012_CENTRAL_inprocess,8012,0,1,N0,CENTRAL,79.27927927927928,90.9090909090909
K8_R0.90_T0_H1_N0_S8012_EDGE_MARKET_inprocess,8012,0,1,N0,EDGE_MARKET,82.88288288288288,100.0
K8_R0.90_T0_H1_N0_S8012_HYBRID_EAGER_inprocess,8012,0,1,N0,HYBRID_EAGER,79.27927927927928,90.9090909090909
K8_R0.90_T0_H1_N0_S8012_HYBRID_inprocess,8012,0,1,N0,HYBRID,79.27927927927928,90.9090909090909
K8_R0.90_T0_H1_N0_S8012_PERIODIC_inprocess,8012,0,1,N0,PERIODIC,80.18018018018019,90.9090909090909
K8_R0.90_T0_H1_N0_S8012_STATIC_inprocess,8012,0,1,N0,STATIC,69.36936936936937,54.54545454545455
K8_R0.90_T0_H1_N0_S8013_CENTRAL_FB_inprocess,8013,0,1,N0,CENTRAL_FB,82.52427184466019,100.0
K8_R0.90_T0_H1_N0_S8013_CENTRAL_FOG_inprocess,8013,0,1,N0,CENTRAL_FOG,82.52427184466019,100.0
K8_R0.90_T0_H1_N0_S8013_CENTRAL_inprocess,8013,0,1,N0,CENTRAL,82.52427184466019,100.0
K8_R0.90_T0_H1_N0_S8013_EDGE_MARKET_inprocess,8013,0,1,N0,EDGE_MARKET,74.75728155339806,77.77777777777777
K8_R0.90_T0_H1_N0_S8013_HYBRID_EAGER_inprocess,8013,0,1,N0,HYBRID_EAGER,86.40776699029126,100.0
K8_R0.90_T0_H1_N0_S8013_HYBRID_inprocess,8013,0,1,N0,HYBRID,82.52427184466019,100.0
K8_R0.90_T0_H1_N0_S8013_PERIODIC_inprocess,8013,0,1,N0,PERIODIC,80.58252427184466,100.0
K8_R0.90_T0_H1_N0_S8013_STATIC_inprocess,8013,0,1,N0,STATIC,69.90291262135922,44.44444444444444
K8_R0.90_T0_H1_N0_S8014_CENTRAL_FB_inprocess,8014,0,1,N0,CENTRAL_FB,86.66666666666667,81.81818181818181
K8_R0.90_T0_H1_N0_S8014_CENTRAL_FOG_inprocess,8014,0,1,N0,CENTRAL_FOG,86.66666666666667,81.81818181818181
K8_R0.90_T0_H1_N0_S8014_CENTRAL_inprocess,8014,0,1,N0,CENTRAL,86.66666666666667,81.81818181818181
K8_R0.90_T0_H1_N0_S8014_EDGE_MARKET_inprocess,8014,0,1,N0,EDGE_MARKET,82.85714285714286,81.81818181818181
K8_R0.90_T0_H1_N0_S8014_HYBRID_EAGER_inprocess,8014,0,1,N0,HYBRID_EAGER,86.66666666666667,81.81818181818181
K8_R0.90_T0_H1_N0_S8014_HYBRID_inprocess,8014,0,1,N0,HYBRID,86.66666666666667,81.81818181818181
K8_R0.90_T0_H1_N0_S8014_PERIODIC_inprocess,8014,0,1,N0,PERIODIC,89.52380952380952,100.0
K8_R0.90_T0_H1_N0_S8014_STATIC_inprocess,8014,0,1,N0,STATIC,83.80952380952381,81.81818181818181
K8_R0.90_T0_H1_N0_S8015_CENTRAL_FB_inprocess,8015,0,1,N0,CENTRAL_FB,88.07339449541284,92.85714285714286
K8_R0.90_T0_H1_N0_S8015_CENTRAL_FOG_inprocess,8015,0,1,N0,CENTRAL_FOG,88.07339449541284,92.85714285714286
K8_R0.90_T0_H1_N0_S8015_CENTRAL_inprocess,8015,0,1,N0,CENTRAL,88.07339449541284,92.85714285714286
K8_R0.90_T0_H1_N0_S8015_EDGE_MARKET_inprocess,8015,0,1,N0,EDGE_MARKET,87.1559633027523,92.85714285714286
K8_R0.90_T0_H1_N0_S8015_HYBRID_EAGER_inprocess,8015,0,1,N0,HYBRID_EAGER,88.07339449541284,92.85714285714286
K8_R0.90_T0_H1_N0_S8015_HYBRID_inprocess,8015,0,1,N0,HYBRID,88.07339449541284,92.85714285714286
K8_R0.90_T0_H1_N0_S8015_PERIODIC_inprocess,8015,0,1,N0,PERIODIC,82.56880733944953,92.85714285714286
K8_R0.90_T0_H1_N0_S8015_STATIC_inprocess,8015,0,1,N0,STATIC,74.31192660550458,42.857142857142854
K8_R0.90_T0_H1_N0_S8016_CENTRAL_FB_inprocess,8016,0,1,N0,CENTRAL_FB,89.0,100.0
K8_R0.90_T0_H1_N0_S8016_CENTRAL_FOG_inprocess,8016,0,1,N0,CENTRAL_FOG,89.0,100.0
K8_R0.90_T0_H1_N0_S8016_CENTRAL_inprocess,8016,0,1,N0,CENTRAL,89.0,100.0
K8_R0.90_T0_H1_N0_S8016_EDGE_MARKET_inprocess,8016,0,1,N0,EDGE_MARKET,90.0,100.0
K8_R0.90_T0_H1_N0_S8016_HYBRID_EAGER_inprocess,8016,0,1,N0,HYBRID_EAGER,89.0,100.0
K8_R0.90_T0_H1_N0_S8016_HYBRID_inprocess,8016,0,1,N0,HYBRID,89.0,100.0
K8_R0.90_T0_H1_N0_S8016_PERIODIC_inprocess,8016,0,1,N0,PERIODIC,87.0,100.0
K8_R0.90_T0_H1_N0_S8016_STATIC_inprocess,8016,0,1,N0,STATIC,84.0,80.0
K8_R0.90_T0_H1_N0_S8017_CENTRAL_FB_inprocess,8017,0,1,N0,CENTRAL_FB,95.14563106796116,100.0
K8_R0.90_T0_H1_N0_S8017_CENTRAL_FOG_inprocess,8017,0,1,N0,CENTRAL_FOG,95.14563106796116,100.0
K8_R0.90_T0_H1_N0_S8017_CENTRAL_inprocess,8017,0,1,N0,CENTRAL,95.14563106796116,100.0
K8_R0.90_T0_H1_N0_S8017_EDGE_MARKET_inprocess,8017,0,1,N0,EDGE_MARKET,89.32038834951456,100.0
K8_R0.90_T0_H1_N0_S8017_HYBRID_EAGER_inprocess,8017,0,1,N0,HYBRID_EAGER,95.14563106796116,100.0
K8_R0.90_T0_H1_N0_S8017_HYBRID_inprocess,8017,0,1,N0,HYBRID,95.14563106796116,100.0
K8_R0.90_T0_H1_N0_S8017_PERIODIC_inprocess,8017,0,1,N0,PERIODIC,88.3495145631068,88.88888888888889
K8_R0.90_T0_H1_N0_S8017_STATIC_inprocess,8017,0,1,N0,STATIC,82.52427184466019,88.88888888888889
K8_R0.90_T0_H1_N0_S8018_CENTRAL_FB_inprocess,8018,0,1,N0,CENTRAL_FB,93.13725490196079,100.0
K8_R0.90_T0_H1_N0_S8018_CENTRAL_FOG_inprocess,8018,0,1,N0,CENTRAL_FOG,93.13725490196079,100.0
K8_R0.90_T0_H1_N0_S8018_CENTRAL_inprocess,8018,0,1,N0,CENTRAL,93.13725490196079,100.0
K8_R0.90_T0_H1_N0_S8018_EDGE_MARKET_inprocess,8018,0,1,N0,EDGE_MARKET,90.19607843137256,100.0
K8_R0.90_T0_H1_N0_S8018_HYBRID_EAGER_inprocess,8018,0,1,N0,HYBRID_EAGER,93.13725490196079,100.0
K8_R0.90_T0_H1_N0_S8018_HYBRID_inprocess,8018,0,1,N0,HYBRID,93.13725490196079,100.0
K8_R0.90_T0_H1_N0_S8018_PERIODIC_inprocess,8018,0,1,N0,PERIODIC,89.2156862745098,100.0
K8_R0.90_T0_H1_N0_S8018_STATIC_inprocess,8018,0,1,N0,STATIC,80.3921568627451,71.42857142857143
K8_R0.90_T0_H1_N0_S8019_CENTRAL_FB_inprocess,8019,0,1,N0,CENTRAL_FB,90.3225806451613,80.0
K8_R0.90_T0_H1_N0_S8019_CENTRAL_FOG_inprocess,8019,0,1,N0,CENTRAL_FOG,90.3225806451613,80.0
K8_R0.90_T0_H1_N0_S8019_CENTRAL_inprocess,8019,0,1,N0,CENTRAL,90.3225806451613,80.0
K8_R0.90_T0_H1_N0_S8019_EDGE_MARKET_inprocess,8019,0,1,N0,EDGE_MARKET,84.94623655913979,80.0
K8_R0.90_T0_H1_N0_S8019_HYBRID_EAGER_inprocess,8019,0,1,N0,HYBRID_EAGER,90.3225806451613,80.0
K8_R0.90_T0_H1_N0_S8019_HYBRID_inprocess,8019,0,1,N0,HYBRID,90.3225806451613,80.0
K8_R0.90_T0_H1_N0_S8019_PERIODIC_inprocess,8019,0,1,N0,PERIODIC,91.39784946236558,100.0
K8_R0.90_T0_H1_N0_S8019_STATIC_inprocess,8019,0,1,N0,STATIC,83.87096774193549,80.0
K8_R0.90_T0_H1_N0_S8020_CENTRAL_FB_inprocess,8020,0,1,N0,CENTRAL_FB,86.79245283018868,85.71428571428571
K8_R0.90_T0_H1_N0_S8020_CENTRAL_FOG_inprocess,8020,0,1,N0,CENTRAL_FOG,86.79245283018868,85.71428571428571
K8_R0.90_T0_H1_N0_S8020_CENTRAL_inprocess,8020,0,1,N0,CENTRAL,86.79245283018868,85.71428571428571
K8_R0.90_T0_H1_N0_S8020_EDGE_MARKET_inprocess,8020,0,1,N0,EDGE_MARKET,80.18867924528301,85.71428571428571
K8_R0.90_T0_H1_N0_S8020_HYBRID_EAGER_inprocess,8020,0,1,N0,HYBRID_EAGER,86.79245283018868,85.71428571428571
K8_R0.90_T0_H1_N0_S8020_HYBRID_inprocess,8020,0,1,N0,HYBRID,86.79245283018868,85.71428571428571
K8_R0.90_T0_H1_N0_S8020_PERIODIC_inprocess,8020,0,1,N0,PERIODIC,82.0754716981132,85.71428571428571
K8_R0.90_T0_H1_N0_S8020_STATIC_inprocess,8020,0,1,N0,STATIC,80.18867924528301,42.857142857142854
K8_R0.90_T0_H1_N0_S8021_CENTRAL_FB_inprocess,8021,0,1,N0,CENTRAL_FB,87.12871287128714,88.88888888888889
K8_R0.90_T0_H1_N0_S8021_CENTRAL_FOG_inprocess,8021,0,1,N0,CENTRAL_FOG,87.12871287128714,88.88888888888889
K8_R0.90_T0_H1_N0_S8021_CENTRAL_inprocess,8021,0,1,N0,CENTRAL,87.12871287128714,88.88888888888889
K8_R0.90_T0_H1_N0_S8021_EDGE_MARKET_inprocess,8021,0,1,N0,EDGE_MARKET,89.10891089108911,88.88888888888889
K8_R0.90_T0_H1_N0_S8021_HYBRID_EAGER_inprocess,8021,0,1,N0,HYBRID_EAGER,87.12871287128714,88.88888888888889
K8_R0.90_T0_H1_N0_S8021_HYBRID_inprocess,8021,0,1,N0,HYBRID,87.12871287128714,88.88888888888889
K8_R0.90_T0_H1_N0_S8021_PERIODIC_inprocess,8021,0,1,N0,PERIODIC,88.11881188118812,88.88888888888889
K8_R0.90_T0_H1_N0_S8021_STATIC_inprocess,8021,0,1,N0,STATIC,76.23762376237623,55.55555555555556
K8_R0.90_T0_H1_N0_S8022_CENTRAL_FB_inprocess,8022,0,1,N0,CENTRAL_FB,77.57009345794393,100.0
K8_R0.90_T0_H1_N0_S8022_CENTRAL_FOG_inprocess,8022,0,1,N0,CENTRAL_FOG,77.57009345794393,100.0
K8_R0.90_T0_H1_N0_S8022_CENTRAL_inprocess,8022,0,1,N0,CENTRAL,77.57009345794393,100.0
K8_R0.90_T0_H1_N0_S8022_EDGE_MARKET_inprocess,8022,0,1,N0,EDGE_MARKET,79.4392523364486,87.5
K8_R0.90_T0_H1_N0_S8022_HYBRID_EAGER_inprocess,8022,0,1,N0,HYBRID_EAGER,77.57009345794393,100.0
K8_R0.90_T0_H1_N0_S8022_HYBRID_inprocess,8022,0,1,N0,HYBRID,77.57009345794393,100.0
K8_R0.90_T0_H1_N0_S8022_PERIODIC_inprocess,8022,0,1,N0,PERIODIC,74.76635514018692,62.5
K8_R0.90_T0_H1_N0_S8022_STATIC_inprocess,8022,0,1,N0,STATIC,67.28971962616822,37.5
K8_R0.90_T0_H1_N0_S8023_CENTRAL_FB_inprocess,8023,0,1,N0,CENTRAL_FB,89.2156862745098,100.0
K8_R0.90_T0_H1_N0_S8023_CENTRAL_FOG_inprocess,8023,0,1,N0,CENTRAL_FOG,89.2156862745098,100.0
K8_R0.90_T0_H1_N0_S8023_CENTRAL_inprocess,8023,0,1,N0,CENTRAL,89.2156862745098,100.0
K8_R0.90_T0_H1_N0_S8023_EDGE_MARKET_inprocess,8023,0,1,N0,EDGE_MARKET,88.23529411764706,100.0
K8_R0.90_T0_H1_N0_S8023_HYBRID_EAGER_inprocess,8023,0,1,N0,HYBRID_EAGER,89.2156862745098,100.0
K8_R0.90_T0_H1_N0_S8023_HYBRID_inprocess,8023,0,1,N0,HYBRID,89.2156862745098,100.0
K8_R0.90_T0_H1_N0_S8023_PERIODIC_inprocess,8023,0,1,N0,PERIODIC,86.27450980392157,100.0
K8_R0.90_T0_H1_N0_S8023_STATIC_inprocess,8023,0,1,N0,STATIC,81.37254901960785,63.63636363636363
K8_R0.90_T0_H1_N0_S8024_CENTRAL_FB_inprocess,8024,0,1,N0,CENTRAL_FB,90.0,83.33333333333333
K8_R0.90_T0_H1_N0_S8024_CENTRAL_FOG_inprocess,8024,0,1,N0,CENTRAL_FOG,90.0,83.33333333333333
K8_R0.90_T0_H1_N0_S8024_CENTRAL_inprocess,8024,0,1,N0,CENTRAL,90.0,83.33333333333333
K8_R0.90_T0_H1_N0_S8024_EDGE_MARKET_inprocess,8024,0,1,N0,EDGE_MARKET,89.0,100.0
K8_R0.90_T0_H1_N0_S8024_HYBRID_EAGER_inprocess,8024,0,1,N0,HYBRID_EAGER,90.0,83.33333333333333
K8_R0.90_T0_H1_N0_S8024_HYBRID_inprocess,8024,0,1,N0,HYBRID,90.0,83.33333333333333
K8_R0.90_T0_H1_N0_S8024_PERIODIC_inprocess,8024,0,1,N0,PERIODIC,92.0,100.0
K8_R0.90_T0_H1_N0_S8024_STATIC_inprocess,8024,0,1,N0,STATIC,88.0,83.33333333333333
K8_R0.90_T0_H1_N0_S8025_CENTRAL_FB_inprocess,8025,0,1,N0,CENTRAL_FB,96.875,100.0
K8_R0.90_T0_H1_N0_S8025_CENTRAL_FOG_inprocess,8025,0,1,N0,CENTRAL_FOG,96.875,100.0
K8_R0.90_T0_H1_N0_S8025_CENTRAL_inprocess,8025,0,1,N0,CENTRAL,96.875,100.0
K8_R0.90_T0_H1_N0_S8025_EDGE_MARKET_inprocess,8025,0,1,N0,EDGE_MARKET,93.75,66.66666666666667
K8_R0.90_T0_H1_N0_S8025_HYBRID_EAGER_inprocess,8025,0,1,N0,HYBRID_EAGER,96.875,100.0
K8_R0.90_T0_H1_N0_S8025_HYBRID_inprocess,8025,0,1,N0,HYBRID,96.875,100.0
K8_R0.90_T0_H1_N0_S8025_PERIODIC_inprocess,8025,0,1,N0,PERIODIC,94.79166666666667,100.0
K8_R0.90_T0_H1_N0_S8025_STATIC_inprocess,8025,0,1,N0,STATIC,87.5,33.333333333333336
K8_R0.90_T0_H1_N0_S8026_CENTRAL_FB_inprocess,8026,0,1,N0,CENTRAL_FB,92.70833333333333,83.33333333333333
K8_R0.90_T0_H1_N0_S8026_CENTRAL_FOG_inprocess,8026,0,1,N0,CENTRAL_FOG,92.70833333333333,83.33333333333333
K8_R0.90_T0_H1_N0_S8026_CENTRAL_inprocess,8026,0,1,N0,CENTRAL,92.70833333333333,83.33333333333333
K8_R0.90_T0_H1_N0_S8026_EDGE_MARKET_inprocess,8026,0,1,N0,EDGE_MARKET,89.58333333333333,100.0
K8_R0.90_T0_H1_N0_S8026_HYBRID_EAGER_inprocess,8026,0,1,N0,HYBRID_EAGER,92.70833333333333,83.33333333333333
K8_R0.90_T0_H1_N0_S8026_HYBRID_inprocess,8026,0,1,N0,HYBRID,92.70833333333333,83.33333333333333
K8_R0.90_T0_H1_N0_S8026_PERIODIC_inprocess,8026,0,1,N0,PERIODIC,88.54166666666667,100.0
K8_R0.90_T0_H1_N0_S8026_STATIC_inprocess,8026,0,1,N0,STATIC,87.5,66.66666666666667
K8_R0.90_T0_H1_N0_S8027_CENTRAL_FB_inprocess,8027,0,1,N0,CENTRAL_FB,83.49514563106796,100.0
K8_R0.90_T0_H1_N0_S8027_CENTRAL_FOG_inprocess,8027,0,1,N0,CENTRAL_FOG,83.49514563106796,100.0
K8_R0.90_T0_H1_N0_S8027_CENTRAL_inprocess,8027,0,1,N0,CENTRAL,83.49514563106796,100.0
K8_R0.90_T0_H1_N0_S8027_EDGE_MARKET_inprocess,8027,0,1,N0,EDGE_MARKET,82.52427184466019,100.0
K8_R0.90_T0_H1_N0_S8027_HYBRID_EAGER_inprocess,8027,0,1,N0,HYBRID_EAGER,83.49514563106796,100.0
K8_R0.90_T0_H1_N0_S8027_HYBRID_inprocess,8027,0,1,N0,HYBRID,83.49514563106796,100.0
K8_R0.90_T0_H1_N0_S8027_PERIODIC_inprocess,8027,0,1,N0,PERIODIC,87.37864077669903,100.0
K8_R0.90_T0_H1_N0_S8027_STATIC_inprocess,8027,0,1,N0,STATIC,76.69902912621359,66.66666666666667
K8_R0.90_T0_H1_N0_S8028_CENTRAL_FB_inprocess,8028,0,1,N0,CENTRAL_FB,72.64150943396227,78.57142857142857
K8_R0.90_T0_H1_N0_S8028_CENTRAL_FOG_inprocess,8028,0,1,N0,CENTRAL_FOG,72.64150943396227,78.57142857142857
K8_R0.90_T0_H1_N0_S8028_CENTRAL_inprocess,8028,0,1,N0,CENTRAL,72.64150943396227,78.57142857142857
K8_R0.90_T0_H1_N0_S8028_EDGE_MARKET_inprocess,8028,0,1,N0,EDGE_MARKET,77.35849056603773,78.57142857142857
K8_R0.90_T0_H1_N0_S8028_HYBRID_EAGER_inprocess,8028,0,1,N0,HYBRID_EAGER,72.64150943396227,78.57142857142857
K8_R0.90_T0_H1_N0_S8028_HYBRID_inprocess,8028,0,1,N0,HYBRID,72.64150943396227,78.57142857142857
K8_R0.90_T0_H1_N0_S8028_PERIODIC_inprocess,8028,0,1,N0,PERIODIC,76.41509433962264,78.57142857142857
K8_R0.90_T0_H1_N0_S8028_STATIC_inprocess,8028,0,1,N0,STATIC,66.0377358490566,35.714285714285715
K8_R0.90_T0_H1_N0_S8029_CENTRAL_FB_inprocess,8029,0,1,N0,CENTRAL_FB,88.88888888888889,100.0
K8_R0.90_T0_H1_N0_S8029_CENTRAL_FOG_inprocess,8029,0,1,N0,CENTRAL_FOG,88.88888888888889,100.0
K8_R0.90_T0_H1_N0_S8029_CENTRAL_inprocess,8029,0,1,N0,CENTRAL,88.88888888888889,100.0
K8_R0.90_T0_H1_N0_S8029_EDGE_MARKET_inprocess,8029,0,1,N0,EDGE_MARKET,87.87878787878788,83.33333333333333
K8_R0.90_T0_H1_N0_S8029_HYBRID_EAGER_inprocess,8029,0,1,N0,HYBRID_EAGER,88.88888888888889,100.0
K8_R0.90_T0_H1_N0_S8029_HYBRID_inprocess,8029,0,1,N0,HYBRID,88.88888888888889,100.0
K8_R0.90_T0_H1_N0_S8029_PERIODIC_inprocess,8029,0,1,N0,PERIODIC,85.85858585858585,100.0
K8_R0.90_T0_H1_N0_S8029_STATIC_inprocess,8029,0,1,N0,STATIC,81.81818181818181,50.0
K8_R0.90_T0_H1_N0_S8030_CENTRAL_FB_inprocess,8030,0,1,N0,CENTRAL_FB,84.84848484848484,66.66666666666667
K8_R0.90_T0_H1_N0_S8030_CENTRAL_FOG_inprocess,8030,0,1,N0,CENTRAL_FOG,84.84848484848484,66.66666666666667
K8_R0.90_T0_H1_N0_S8030_CENTRAL_inprocess,8030,0,1,N0,CENTRAL,84.84848484848484,66.66666666666667
K8_R0.90_T0_H1_N0_S8030_EDGE_MARKET_inprocess,8030,0,1,N0,EDGE_MARKET,86.86868686868686,100.0
K8_R0.90_T0_H1_N0_S8030_HYBRID_EAGER_inprocess,8030,0,1,N0,HYBRID_EAGER,84.84848484848484,66.66666666666667
K8_R0.90_T0_H1_N0_S8030_HYBRID_inprocess,8030,0,1,N0,HYBRID,84.84848484848484,66.66666666666667
K8_R0.90_T0_H1_N0_S8030_PERIODIC_inprocess,8030,0,1,N0,PERIODIC,86.86868686868686,100.0
K8_R0.90_T0_H1_N0_S8030_STATIC_inprocess,8030,0,1,N0,STATIC,81.81818181818181,50.0
K8_R0.90_T0_H1_N0_S8031_CENTRAL_FB_inprocess,8031,0,1,N0,CENTRAL_FB,85.26315789473684,83.33333333333333
K8_R0.90_T0_H1_N0_S8031_CENTRAL_FOG_inprocess,8031,0,1,N0,CENTRAL_FOG,85.26315789473684,83.33333333333333
K8_R0.90_T0_H1_N0_S8031_CENTRAL_inprocess,8031,0,1,N0,CENTRAL,85.26315789473684,83.33333333333333
K8_R0.90_T0_H1_N0_S8031_EDGE_MARKET_inprocess,8031,0,1,N0,EDGE_MARKET,84.21052631578948,83.33333333333333
K8_R0.90_T0_H1_N0_S8031_HYBRID_EAGER_inprocess,8031,0,1,N0,HYBRID_EAGER,85.26315789473684,83.33333333333333
K8_R0.90_T0_H1_N0_S8031_HYBRID_inprocess,8031,0,1,N0,HYBRID,85.26315789473684,83.33333333333333
K8_R0.90_T0_H1_N0_S8031_PERIODIC_inprocess,8031,0,1,N0,PERIODIC,82.10526315789474,83.33333333333333
K8_R0.90_T0_H1_N0_S8031_STATIC_inprocess,8031,0,1,N0,STATIC,77.89473684210526,50.0
K8_R0.90_T0_H1_N0_S8032_CENTRAL_FB_inprocess,8032,0,1,N0,CENTRAL_FB,89.8989898989899,100.0
K8_R0.90_T0_H1_N0_S8032_CENTRAL_FOG_inprocess,8032,0,1,N0,CENTRAL_FOG,89.8989898989899,100.0
K8_R0.90_T0_H1_N0_S8032_CENTRAL_inprocess,8032,0,1,N0,CENTRAL,89.8989898989899,100.0
K8_R0.90_T0_H1_N0_S8032_EDGE_MARKET_inprocess,8032,0,1,N0,EDGE_MARKET,88.88888888888889,100.0
K8_R0.90_T0_H1_N0_S8032_HYBRID_EAGER_inprocess,8032,0,1,N0,HYBRID_EAGER,89.8989898989899,100.0
K8_R0.90_T0_H1_N0_S8032_HYBRID_inprocess,8032,0,1,N0,HYBRID,89.8989898989899,100.0
K8_R0.90_T0_H1_N0_S8032_PERIODIC_inprocess,8032,0,1,N0,PERIODIC,88.88888888888889,100.0
K8_R0.90_T0_H1_N0_S8032_STATIC_inprocess,8032,0,1,N0,STATIC,87.87878787878788,100.0
K8_R0.90_T0_H1_N0_S8033_CENTRAL_FB_inprocess,8033,0,1,N0,CENTRAL_FB,91.83673469387755,83.33333333333333
K8_R0.90_T0_H1_N0_S8033_CENTRAL_FOG_inprocess,8033,0,1,N0,CENTRAL_FOG,91.83673469387755,83.33333333333333
K8_R0.90_T0_H1_N0_S8033_CENTRAL_inprocess,8033,0,1,N0,CENTRAL,91.83673469387755,83.33333333333333
K8_R0.90_T0_H1_N0_S8033_EDGE_MARKET_inprocess,8033,0,1,N0,EDGE_MARKET,89.79591836734694,83.33333333333333
K8_R0.90_T0_H1_N0_S8033_HYBRID_EAGER_inprocess,8033,0,1,N0,HYBRID_EAGER,90.81632653061224,83.33333333333333
K8_R0.90_T0_H1_N0_S8033_HYBRID_inprocess,8033,0,1,N0,HYBRID,91.83673469387755,83.33333333333333
K8_R0.90_T0_H1_N0_S8033_PERIODIC_inprocess,8033,0,1,N0,PERIODIC,92.85714285714286,100.0
K8_R0.90_T0_H1_N0_S8033_STATIC_inprocess,8033,0,1,N0,STATIC,81.63265306122449,33.333333333333336
K8_R0.90_T0_H1_N0_S8034_CENTRAL_FB_inprocess,8034,0,1,N0,CENTRAL_FB,95.1923076923077,100.0
K8_R0.90_T0_H1_N0_S8034_CENTRAL_FOG_inprocess,8034,0,1,N0,CENTRAL_FOG,95.1923076923077,100.0
K8_R0.90_T0_H1_N0_S8034_CENTRAL_inprocess,8034,0,1,N0,CENTRAL,95.1923076923077,100.0
K8_R0.90_T0_H1_N0_S8034_EDGE_MARKET_inprocess,8034,0,1,N0,EDGE_MARKET,87.5,100.0
K8_R0.90_T0_H1_N0_S8034_HYBRID_EAGER_inprocess,8034,0,1,N0,HYBRID_EAGER,95.1923076923077,100.0
K8_R0.90_T0_H1_N0_S8034_HYBRID_inprocess,8034,0,1,N0,HYBRID,95.1923076923077,100.0
K8_R0.90_T0_H1_N0_S8034_PERIODIC_inprocess,8034,0,1,N0,PERIODIC,88.46153846153847,100.0
K8_R0.90_T0_H1_N0_S8034_STATIC_inprocess,8034,0,1,N0,STATIC,83.65384615384616,62.5
K8_R0.90_T0_H1_N0_S8035_CENTRAL_FB_inprocess,8035,0,1,N0,CENTRAL_FB,88.28828828828829,91.66666666666667
K8_R0.90_T0_H1_N0_S8035_CENTRAL_FOG_inprocess,8035,0,1,N0,CENTRAL_FOG,88.28828828828829,91.66666666666667
K8_R0.90_T0_H1_N0_S8035_CENTRAL_inprocess,8035,0,1,N0,CENTRAL,88.28828828828829,91.66666666666667
K8_R0.90_T0_H1_N0_S8035_EDGE_MARKET_inprocess,8035,0,1,N0,EDGE_MARKET,90.990990990991,91.66666666666667
K8_R0.90_T0_H1_N0_S8035_HYBRID_EAGER_inprocess,8035,0,1,N0,HYBRID_EAGER,88.28828828828829,91.66666666666667
K8_R0.90_T0_H1_N0_S8035_HYBRID_inprocess,8035,0,1,N0,HYBRID,88.28828828828829,91.66666666666667
K8_R0.90_T0_H1_N0_S8035_PERIODIC_inprocess,8035,0,1,N0,PERIODIC,88.28828828828829,91.66666666666667
K8_R0.90_T0_H1_N0_S8035_STATIC_inprocess,8035,0,1,N0,STATIC,78.37837837837837,41.666666666666664
K8_R0.90_T0_H1_N0_S8036_CENTRAL_FB_inprocess,8036,0,1,N0,CENTRAL_FB,81.55339805825243,75.0
K8_R0.90_T0_H1_N0_S8036_CENTRAL_FOG_inprocess,8036,0,1,N0,CENTRAL_FOG,81.55339805825243,75.0
K8_R0.90_T0_H1_N0_S8036_CENTRAL_inprocess,8036,0,1,N0,CENTRAL,81.55339805825243,75.0
K8_R0.90_T0_H1_N0_S8036_EDGE_MARKET_inprocess,8036,0,1,N0,EDGE_MARKET,78.64077669902913,62.5
K8_R0.90_T0_H1_N0_S8036_HYBRID_EAGER_inprocess,8036,0,1,N0,HYBRID_EAGER,81.55339805825243,75.0
K8_R0.90_T0_H1_N0_S8036_HYBRID_inprocess,8036,0,1,N0,HYBRID,81.55339805825243,75.0
K8_R0.90_T0_H1_N0_S8036_PERIODIC_inprocess,8036,0,1,N0,PERIODIC,81.55339805825243,62.5
K8_R0.90_T0_H1_N0_S8036_STATIC_inprocess,8036,0,1,N0,STATIC,76.69902912621359,50.0
K8_R0.90_T0_H1_N0_S8037_CENTRAL_FB_inprocess,8037,0,1,N0,CENTRAL_FB,85.18518518518519,100.0
K8_R0.90_T0_H1_N0_S8037_CENTRAL_FOG_inprocess,8037,0,1,N0,CENTRAL_FOG,85.18518518518519,100.0
K8_R0.90_T0_H1_N0_S8037_CENTRAL_inprocess,8037,0,1,N0,CENTRAL,85.18518518518519,100.0
K8_R0.90_T0_H1_N0_S8037_EDGE_MARKET_inprocess,8037,0,1,N0,EDGE_MARKET,86.11111111111111,90.0
K8_R0.90_T0_H1_N0_S8037_HYBRID_EAGER_inprocess,8037,0,1,N0,HYBRID_EAGER,87.03703703703704,100.0
K8_R0.90_T0_H1_N0_S8037_HYBRID_inprocess,8037,0,1,N0,HYBRID,85.18518518518519,100.0
K8_R0.90_T0_H1_N0_S8037_PERIODIC_inprocess,8037,0,1,N0,PERIODIC,88.88888888888889,100.0
K8_R0.90_T0_H1_N0_S8037_STATIC_inprocess,8037,0,1,N0,STATIC,77.77777777777777,60.0
K8_R0.90_T0_H1_N0_S8038_CENTRAL_FB_inprocess,8038,0,1,N0,CENTRAL_FB,90.72164948453609,100.0
K8_R0.90_T0_H1_N0_S8038_CENTRAL_FOG_inprocess,8038,0,1,N0,CENTRAL_FOG,90.72164948453609,100.0
K8_R0.90_T0_H1_N0_S8038_CENTRAL_inprocess,8038,0,1,N0,CENTRAL,90.72164948453609,100.0
K8_R0.90_T0_H1_N0_S8038_EDGE_MARKET_inprocess,8038,0,1,N0,EDGE_MARKET,91.75257731958763,100.0
K8_R0.90_T0_H1_N0_S8038_HYBRID_EAGER_inprocess,8038,0,1,N0,HYBRID_EAGER,90.72164948453609,100.0
K8_R0.90_T0_H1_N0_S8038_HYBRID_inprocess,8038,0,1,N0,HYBRID,90.72164948453609,100.0
K8_R0.90_T0_H1_N0_S8038_PERIODIC_inprocess,8038,0,1,N0,PERIODIC,90.72164948453609,100.0
K8_R0.90_T0_H1_N0_S8038_STATIC_inprocess,8038,0,1,N0,STATIC,81.44329896907216,60.0
K8_R0.90_T0_H1_N0_S8039_CENTRAL_FB_inprocess,8039,0,1,N0,CENTRAL_FB,86.13861386138613,83.33333333333333
K8_R0.90_T0_H1_N0_S8039_CENTRAL_FOG_inprocess,8039,0,1,N0,CENTRAL_FOG,86.13861386138613,83.33333333333333
K8_R0.90_T0_H1_N0_S8039_CENTRAL_inprocess,8039,0,1,N0,CENTRAL,86.13861386138613,83.33333333333333
K8_R0.90_T0_H1_N0_S8039_EDGE_MARKET_inprocess,8039,0,1,N0,EDGE_MARKET,94.05940594059406,100.0
K8_R0.90_T0_H1_N0_S8039_HYBRID_EAGER_inprocess,8039,0,1,N0,HYBRID_EAGER,86.13861386138613,83.33333333333333
K8_R0.90_T0_H1_N0_S8039_HYBRID_inprocess,8039,0,1,N0,HYBRID,86.13861386138613,83.33333333333333
K8_R0.90_T0_H1_N0_S8039_PERIODIC_inprocess,8039,0,1,N0,PERIODIC,95.04950495049505,100.0
K8_R0.90_T0_H1_N0_S8039_STATIC_inprocess,8039,0,1,N0,STATIC,84.15841584158416,50.0
K8_R0.90_T0_H1_N0_S8040_CENTRAL_FB_inprocess,8040,0,1,N0,CENTRAL_FB,90.81632653061224,85.71428571428571
K8_R0.90_T0_H1_N0_S8040_CENTRAL_FOG_inprocess,8040,0,1,N0,CENTRAL_FOG,90.81632653061224,85.71428571428571
K8_R0.90_T0_H1_N0_S8040_CENTRAL_inprocess,8040,0,1,N0,CENTRAL,90.81632653061224,85.71428571428571
K8_R0.90_T0_H1_N0_S8040_EDGE_MARKET_inprocess,8040,0,1,N0,EDGE_MARKET,86.73469387755102,100.0
K8_R0.90_T0_H1_N0_S8040_HYBRID_EAGER_inprocess,8040,0,1,N0,HYBRID_EAGER,90.81632653061224,85.71428571428571
K8_R0.90_T0_H1_N0_S8040_HYBRID_inprocess,8040,0,1,N0,HYBRID,90.81632653061224,85.71428571428571
K8_R0.90_T0_H1_N0_S8040_PERIODIC_inprocess,8040,0,1,N0,PERIODIC,88.77551020408163,100.0
K8_R0.90_T0_H1_N0_S8040_STATIC_inprocess,8040,0,1,N0,STATIC,76.53061224489795,71.42857142857143
K8_R0.90_T0_H1_N1_S8001_CENTRAL_FB_inprocess,8001,0,1,N1,CENTRAL_FB,85.45454545454545,100.0
K8_R0.90_T0_H1_N1_S8001_CENTRAL_FOG_inprocess,8001,0,1,N1,CENTRAL_FOG,85.45454545454545,100.0
K8_R0.90_T0_H1_N1_S8001_CENTRAL_inprocess,8001,0,1,N1,CENTRAL,85.45454545454545,100.0
K8_R0.90_T0_H1_N1_S8001_EDGE_MARKET_inprocess,8001,0,1,N1,EDGE_MARKET,82.72727272727273,100.0
K8_R0.90_T0_H1_N1_S8001_HYBRID_EAGER_inprocess,8001,0,1,N1,HYBRID_EAGER,85.45454545454545,100.0
K8_R0.90_T0_H1_N1_S8001_HYBRID_inprocess,8001,0,1,N1,HYBRID,85.45454545454545,100.0
K8_R0.90_T0_H1_N1_S8001_PERIODIC_inprocess,8001,0,1,N1,PERIODIC,89.0909090909091,100.0
K8_R0.90_T0_H1_N1_S8001_STATIC_inprocess,8001,0,1,N1,STATIC,74.54545454545455,50.0
K8_R0.90_T0_H1_N1_S8002_CENTRAL_FB_inprocess,8002,0,1,N1,CENTRAL_FB,91.66666666666667,100.0
K8_R0.90_T0_H1_N1_S8002_CENTRAL_FOG_inprocess,8002,0,1,N1,CENTRAL_FOG,91.66666666666667,100.0
K8_R0.90_T0_H1_N1_S8002_CENTRAL_inprocess,8002,0,1,N1,CENTRAL,91.66666666666667,100.0
K8_R0.90_T0_H1_N1_S8002_EDGE_MARKET_inprocess,8002,0,1,N1,EDGE_MARKET,90.625,83.33333333333333
K8_R0.90_T0_H1_N1_S8002_HYBRID_EAGER_inprocess,8002,0,1,N1,HYBRID_EAGER,91.66666666666667,100.0
K8_R0.90_T0_H1_N1_S8002_HYBRID_inprocess,8002,0,1,N1,HYBRID,91.66666666666667,100.0
K8_R0.90_T0_H1_N1_S8002_PERIODIC_inprocess,8002,0,1,N1,PERIODIC,88.54166666666667,83.33333333333333
K8_R0.90_T0_H1_N1_S8002_STATIC_inprocess,8002,0,1,N1,STATIC,87.5,83.33333333333333
K8_R0.90_T0_H1_N1_S8003_CENTRAL_FB_inprocess,8003,0,1,N1,CENTRAL_FB,92.45283018867924,90.9090909090909
K8_R0.90_T0_H1_N1_S8003_CENTRAL_FOG_inprocess,8003,0,1,N1,CENTRAL_FOG,92.45283018867924,90.9090909090909
K8_R0.90_T0_H1_N1_S8003_CENTRAL_inprocess,8003,0,1,N1,CENTRAL,92.45283018867924,90.9090909090909
K8_R0.90_T0_H1_N1_S8003_EDGE_MARKET_inprocess,8003,0,1,N1,EDGE_MARKET,87.73584905660377,90.9090909090909
K8_R0.90_T0_H1_N1_S8003_HYBRID_EAGER_inprocess,8003,0,1,N1,HYBRID_EAGER,85.84905660377359,81.81818181818181
K8_R0.90_T0_H1_N1_S8003_HYBRID_inprocess,8003,0,1,N1,HYBRID,92.45283018867924,90.9090909090909
K8_R0.90_T0_H1_N1_S8003_PERIODIC_inprocess,8003,0,1,N1,PERIODIC,95.28301886792453,90.9090909090909
K8_R0.90_T0_H1_N1_S8003_STATIC_inprocess,8003,0,1,N1,STATIC,82.0754716981132,54.54545454545455
K8_R0.90_T0_H1_N1_S8004_CENTRAL_FB_inprocess,8004,0,1,N1,CENTRAL_FB,93.61702127659575,50.0
K8_R0.90_T0_H1_N1_S8004_CENTRAL_FOG_inprocess,8004,0,1,N1,CENTRAL_FOG,93.61702127659575,50.0
K8_R0.90_T0_H1_N1_S8004_CENTRAL_inprocess,8004,0,1,N1,CENTRAL,93.61702127659575,50.0
K8_R0.90_T0_H1_N1_S8004_EDGE_MARKET_inprocess,8004,0,1,N1,EDGE_MARKET,89.36170212765957,50.0
K8_R0.90_T0_H1_N1_S8004_HYBRID_EAGER_inprocess,8004,0,1,N1,HYBRID_EAGER,91.48936170212765,50.0
K8_R0.90_T0_H1_N1_S8004_HYBRID_inprocess,8004,0,1,N1,HYBRID,93.61702127659575,50.0
K8_R0.90_T0_H1_N1_S8004_PERIODIC_inprocess,8004,0,1,N1,PERIODIC,91.48936170212765,50.0
K8_R0.90_T0_H1_N1_S8004_STATIC_inprocess,8004,0,1,N1,STATIC,86.17021276595744,50.0
K8_R0.90_T0_H1_N1_S8005_CENTRAL_FB_inprocess,8005,0,1,N1,CENTRAL_FB,96.84210526315789,100.0
K8_R0.90_T0_H1_N1_S8005_CENTRAL_FOG_inprocess,8005,0,1,N1,CENTRAL_FOG,96.84210526315789,100.0
K8_R0.90_T0_H1_N1_S8005_CENTRAL_inprocess,8005,0,1,N1,CENTRAL,96.84210526315789,100.0
K8_R0.90_T0_H1_N1_S8005_EDGE_MARKET_inprocess,8005,0,1,N1,EDGE_MARKET,92.63157894736842,100.0
K8_R0.90_T0_H1_N1_S8005_HYBRID_EAGER_inprocess,8005,0,1,N1,HYBRID_EAGER,95.78947368421052,100.0
K8_R0.90_T0_H1_N1_S8005_HYBRID_inprocess,8005,0,1,N1,HYBRID,96.84210526315789,100.0
K8_R0.90_T0_H1_N1_S8005_PERIODIC_inprocess,8005,0,1,N1,PERIODIC,95.78947368421052,100.0
K8_R0.90_T0_H1_N1_S8005_STATIC_inprocess,8005,0,1,N1,STATIC,90.52631578947368,33.333333333333336
K8_R0.90_T0_H1_N1_S8006_CENTRAL_FB_inprocess,8006,0,1,N1,CENTRAL_FB,90.81632653061224,87.5
K8_R0.90_T0_H1_N1_S8006_CENTRAL_FOG_inprocess,8006,0,1,N1,CENTRAL_FOG,90.81632653061224,87.5
K8_R0.90_T0_H1_N1_S8006_CENTRAL_inprocess,8006,0,1,N1,CENTRAL,90.81632653061224,87.5
K8_R0.90_T0_H1_N1_S8006_EDGE_MARKET_inprocess,8006,0,1,N1,EDGE_MARKET,85.71428571428571,87.5
K8_R0.90_T0_H1_N1_S8006_HYBRID_EAGER_inprocess,8006,0,1,N1,HYBRID_EAGER,89.79591836734694,87.5
K8_R0.90_T0_H1_N1_S8006_HYBRID_inprocess,8006,0,1,N1,HYBRID,90.81632653061224,87.5
K8_R0.90_T0_H1_N1_S8006_PERIODIC_inprocess,8006,0,1,N1,PERIODIC,86.73469387755102,75.0
K8_R0.90_T0_H1_N1_S8006_STATIC_inprocess,8006,0,1,N1,STATIC,83.6734693877551,62.5
K8_R0.90_T0_H1_N1_S8007_CENTRAL_FB_inprocess,8007,0,1,N1,CENTRAL_FB,87.12871287128714,88.88888888888889
K8_R0.90_T0_H1_N1_S8007_CENTRAL_FOG_inprocess,8007,0,1,N1,CENTRAL_FOG,87.12871287128714,88.88888888888889
K8_R0.90_T0_H1_N1_S8007_CENTRAL_inprocess,8007,0,1,N1,CENTRAL,87.12871287128714,88.88888888888889
K8_R0.90_T0_H1_N1_S8007_EDGE_MARKET_inprocess,8007,0,1,N1,EDGE_MARKET,87.12871287128714,88.88888888888889
K8_R0.90_T0_H1_N1_S8007_HYBRID_EAGER_inprocess,8007,0,1,N1,HYBRID_EAGER,88.11881188118812,88.88888888888889
K8_R0.90_T0_H1_N1_S8007_HYBRID_inprocess,8007,0,1,N1,HYBRID,87.12871287128714,88.88888888888889
K8_R0.90_T0_H1_N1_S8007_PERIODIC_inprocess,8007,0,1,N1,PERIODIC,91.08910891089108,100.0
K8_R0.90_T0_H1_N1_S8007_STATIC_inprocess,8007,0,1,N1,STATIC,80.1980198019802,66.66666666666667
K8_R0.90_T0_H1_N1_S8008_CENTRAL_FB_inprocess,8008,0,1,N1,CENTRAL_FB,87.5,100.0
K8_R0.90_T0_H1_N1_S8008_CENTRAL_FOG_inprocess,8008,0,1,N1,CENTRAL_FOG,87.5,100.0
K8_R0.90_T0_H1_N1_S8008_CENTRAL_inprocess,8008,0,1,N1,CENTRAL,87.5,100.0
K8_R0.90_T0_H1_N1_S8008_EDGE_MARKET_inprocess,8008,0,1,N1,EDGE_MARKET,88.54166666666667,80.0
K8_R0.90_T0_H1_N1_S8008_HYBRID_EAGER_inprocess,8008,0,1,N1,HYBRID_EAGER,87.5,100.0
K8_R0.90_T0_H1_N1_S8008_HYBRID_inprocess,8008,0,1,N1,HYBRID,87.5,100.0
K8_R0.90_T0_H1_N1_S8008_PERIODIC_inprocess,8008,0,1,N1,PERIODIC,89.58333333333333,100.0
K8_R0.90_T0_H1_N1_S8008_STATIC_inprocess,8008,0,1,N1,STATIC,80.20833333333333,60.0
K8_R0.90_T0_H1_N1_S8009_CENTRAL_FB_inprocess,8009,0,1,N1,CENTRAL_FB,84.61538461538461,75.0
K8_R0.90_T0_H1_N1_S8009_CENTRAL_FOG_inprocess,8009,0,1,N1,CENTRAL_FOG,84.61538461538461,75.0
K8_R0.90_T0_H1_N1_S8009_CENTRAL_inprocess,8009,0,1,N1,CENTRAL,84.61538461538461,75.0
K8_R0.90_T0_H1_N1_S8009_EDGE_MARKET_inprocess,8009,0,1,N1,EDGE_MARKET,82.41758241758242,50.0
K8_R0.90_T0_H1_N1_S8009_HYBRID_EAGER_inprocess,8009,0,1,N1,HYBRID_EAGER,85.71428571428571,75.0
K8_R0.90_T0_H1_N1_S8009_HYBRID_inprocess,8009,0,1,N1,HYBRID,84.61538461538461,75.0
K8_R0.90_T0_H1_N1_S8009_PERIODIC_inprocess,8009,0,1,N1,PERIODIC,85.71428571428571,75.0
K8_R0.90_T0_H1_N1_S8009_STATIC_inprocess,8009,0,1,N1,STATIC,76.92307692307692,25.0
K8_R0.90_T0_H1_N1_S8010_CENTRAL_FB_inprocess,8010,0,1,N1,CENTRAL_FB,82.79569892473118,100.0
K8_R0.90_T0_H1_N1_S8010_CENTRAL_FOG_inprocess,8010,0,1,N1,CENTRAL_FOG,82.79569892473118,100.0
K8_R0.90_T0_H1_N1_S8010_CENTRAL_inprocess,8010,0,1,N1,CENTRAL,82.79569892473118,100.0
K8_R0.90_T0_H1_N1_S8010_EDGE_MARKET_inprocess,8010,0,1,N1,EDGE_MARKET,87.09677419354838,100.0
K8_R0.90_T0_H1_N1_S8010_HYBRID_EAGER_inprocess,8010,0,1,N1,HYBRID_EAGER,84.94623655913979,100.0
K8_R0.90_T0_H1_N1_S8010_HYBRID_inprocess,8010,0,1,N1,HYBRID,82.79569892473118,100.0
K8_R0.90_T0_H1_N1_S8010_PERIODIC_inprocess,8010,0,1,N1,PERIODIC,82.79569892473118,100.0
K8_R0.90_T0_H1_N1_S8010_STATIC_inprocess,8010,0,1,N1,STATIC,76.34408602150538,25.0
K8_R0.90_T0_H1_N1_S8011_CENTRAL_FB_inprocess,8011,0,1,N1,CENTRAL_FB,80.0,100.0
K8_R0.90_T0_H1_N1_S8011_CENTRAL_FOG_inprocess,8011,0,1,N1,CENTRAL_FOG,80.0,100.0
K8_R0.90_T0_H1_N1_S8011_CENTRAL_inprocess,8011,0,1,N1,CENTRAL,80.0,100.0
K8_R0.90_T0_H1_N1_S8011_EDGE_MARKET_inprocess,8011,0,1,N1,EDGE_MARKET,82.85714285714286,100.0
K8_R0.90_T0_H1_N1_S8011_HYBRID_EAGER_inprocess,8011,0,1,N1,HYBRID_EAGER,77.14285714285714,85.71428571428571
K8_R0.90_T0_H1_N1_S8011_HYBRID_inprocess,8011,0,1,N1,HYBRID,80.0,100.0
K8_R0.90_T0_H1_N1_S8011_PERIODIC_inprocess,8011,0,1,N1,PERIODIC,77.14285714285714,85.71428571428571
K8_R0.90_T0_H1_N1_S8011_STATIC_inprocess,8011,0,1,N1,STATIC,72.38095238095238,28.571428571428573
K8_R0.90_T0_H1_N1_S8012_CENTRAL_FB_inprocess,8012,0,1,N1,CENTRAL_FB,79.27927927927928,81.81818181818181
K8_R0.90_T0_H1_N1_S8012_CENTRAL_FOG_inprocess,8012,0,1,N1,CENTRAL_FOG,79.27927927927928,81.81818181818181
K8_R0.90_T0_H1_N1_S8012_CENTRAL_inprocess,8012,0,1,N1,CENTRAL,79.27927927927928,81.81818181818181
K8_R0.90_T0_H1_N1_S8012_EDGE_MARKET_inprocess,8012,0,1,N1,EDGE_MARKET,82.88288288288288,100.0
K8_R0.90_T0_H1_N1_S8012_HYBRID_EAGER_inprocess,8012,0,1,N1,HYBRID_EAGER,79.27927927927928,81.81818181818181
K8_R0.90_T0_H1_N1_S8012_HYBRID_inprocess,8012,0,1,N1,HYBRID,79.27927927927928,81.81818181818181
K8_R0.90_T0_H1_N1_S8012_PERIODIC_inprocess,8012,0,1,N1,PERIODIC,81.08108108108108,90.9090909090909
K8_R0.90_T0_H1_N1_S8012_STATIC_inprocess,8012,0,1,N1,STATIC,70.27027027027027,45.45454545454545
K8_R0.90_T0_H1_N1_S8013_CENTRAL_FB_inprocess,8013,0,1,N1,CENTRAL_FB,84.46601941747574,100.0
K8_R0.90_T0_H1_N1_S8013_CENTRAL_FOG_inprocess,8013,0,1,N1,CENTRAL_FOG,84.46601941747574,100.0
K8_R0.90_T0_H1_N1_S8013_CENTRAL_inprocess,8013,0,1,N1,CENTRAL,84.46601941747574,100.0
K8_R0.90_T0_H1_N1_S8013_EDGE_MARKET_inprocess,8013,0,1,N1,EDGE_MARKET,74.75728155339806,77.77777777777777
K8_R0.90_T0_H1_N1_S8013_HYBRID_EAGER_inprocess,8013,0,1,N1,HYBRID_EAGER,84.46601941747574,100.0
K8_R0.90_T0_H1_N1_S8013_HYBRID_inprocess,8013,0,1,N1,HYBRID,84.46601941747574,100.0
K8_R0.90_T0_H1_N1_S8013_PERIODIC_inprocess,8013,0,1,N1,PERIODIC,84.46601941747574,100.0
K8_R0.90_T0_H1_N1_S8013_STATIC_inprocess,8013,0,1,N1,STATIC,70.87378640776699,55.55555555555556
K8_R0.90_T0_H1_N1_S8014_CENTRAL_FB_inprocess,8014,0,1,N1,CENTRAL_FB,85.71428571428571,81.81818181818181
K8_R0.90_T0_H1_N1_S8014_CENTRAL_FOG_inprocess,8014,0,1,N1,CENTRAL_FOG,85.71428571428571,81.81818181818181
K8_R0.90_T0_H1_N1_S8014_CENTRAL_inprocess,8014,0,1,N1,CENTRAL,85.71428571428571,81.81818181818181
K8_R0.90_T0_H1_N1_S8014_EDGE_MARKET_inprocess,8014,0,1,N1,EDGE_MARKET,85.71428571428571,90.9090909090909
K8_R0.90_T0_H1_N1_S8014_HYBRID_EAGER_inprocess,8014,0,1,N1,HYBRID_EAGER,85.71428571428571,81.81818181818181
K8_R0.90_T0_H1_N1_S8014_HYBRID_inprocess,8014,0,1,N1,HYBRID,85.71428571428571,81.81818181818181
K8_R0.90_T0_H1_N1_S8014_PERIODIC_inprocess,8014,0,1,N1,PERIODIC,86.66666666666667,90.9090909090909
K8_R0.90_T0_H1_N1_S8014_STATIC_inprocess,8014,0,1,N1,STATIC,81.9047619047619,63.63636363636363
K8_R0.90_T0_H1_N1_S8015_CENTRAL_FB_inprocess,8015,0,1,N1,CENTRAL_FB,86.23853211009174,92.85714285714286
K8_R0.90_T0_H1_N1_S8015_CENTRAL_FOG_inprocess,8015,0,1,N1,CENTRAL_FOG,86.23853211009174,92.85714285714286
K8_R0.90_T0_H1_N1_S8015_CENTRAL_inprocess,8015,0,1,N1,CENTRAL,86.23853211009174,92.85714285714286
K8_R0.90_T0_H1_N1_S8015_EDGE_MARKET_inprocess,8015,0,1,N1,EDGE_MARKET,84.40366972477064,78.57142857142857
K8_R0.90_T0_H1_N1_S8015_HYBRID_EAGER_inprocess,8015,0,1,N1,HYBRID_EAGER,86.23853211009174,92.85714285714286
K8_R0.90_T0_H1_N1_S8015_HYBRID_inprocess,8015,0,1,N1,HYBRID,86.23853211009174,92.85714285714286
K8_R0.90_T0_H1_N1_S8015_PERIODIC_inprocess,8015,0,1,N1,PERIODIC,88.9908256880734,100.0
K8_R0.90_T0_H1_N1_S8015_STATIC_inprocess,8015,0,1,N1,STATIC,74.31192660550458,42.857142857142854
K8_R0.90_T0_H1_N1_S8016_CENTRAL_FB_inprocess,8016,0,1,N1,CENTRAL_FB,90.0,100.0
K8_R0.90_T0_H1_N1_S8016_CENTRAL_FOG_inprocess,8016,0,1,N1,CENTRAL_FOG,90.0,100.0
K8_R0.90_T0_H1_N1_S8016_CENTRAL_inprocess,8016,0,1,N1,CENTRAL,90.0,100.0
K8_R0.90_T0_H1_N1_S8016_EDGE_MARKET_inprocess,8016,0,1,N1,EDGE_MARKET,90.0,100.0
K8_R0.90_T0_H1_N1_S8016_HYBRID_EAGER_inprocess,8016,0,1,N1,HYBRID_EAGER,84.0,80.0
K8_R0.90_T0_H1_N1_S8016_HYBRID_inprocess,8016,0,1,N1,HYBRID,90.0,100.0
K8_R0.90_T0_H1_N1_S8016_PERIODIC_inprocess,8016,0,1,N1,PERIODIC,90.0,100.0
K8_R0.90_T0_H1_N1_S8016_STATIC_inprocess,8016,0,1,N1,STATIC,84.0,80.0
K8_R0.90_T0_H1_N1_S8017_CENTRAL_FB_inprocess,8017,0,1,N1,CENTRAL_FB,87.37864077669903,100.0
K8_R0.90_T0_H1_N1_S8017_CENTRAL_FOG_inprocess,8017,0,1,N1,CENTRAL_FOG,87.37864077669903,100.0
K8_R0.90_T0_H1_N1_S8017_CENTRAL_inprocess,8017,0,1,N1,CENTRAL,87.37864077669903,100.0
K8_R0.90_T0_H1_N1_S8017_EDGE_MARKET_inprocess,8017,0,1,N1,EDGE_MARKET,88.3495145631068,88.88888888888889
K8_R0.90_T0_H1_N1_S8017_HYBRID_EAGER_inprocess,8017,0,1,N1,HYBRID_EAGER,87.37864077669903,100.0
K8_R0.90_T0_H1_N1_S8017_HYBRID_inprocess,8017,0,1,N1,HYBRID,87.37864077669903,100.0
K8_R0.90_T0_H1_N1_S8017_PERIODIC_inprocess,8017,0,1,N1,PERIODIC,88.3495145631068,88.88888888888889
K8_R0.90_T0_H1_N1_S8017_STATIC_inprocess,8017,0,1,N1,STATIC,82.52427184466019,88.88888888888889
K8_R0.90_T0_H1_N1_S8018_CENTRAL_FB_inprocess,8018,0,1,N1,CENTRAL_FB,86.27450980392157,100.0
K8_R0.90_T0_H1_N1_S8018_CENTRAL_FOG_inprocess,8018,0,1,N1,CENTRAL_FOG,86.27450980392157,100.0
K8_R0.90_T0_H1_N1_S8018_CENTRAL_inprocess,8018,0,1,N1,CENTRAL,86.27450980392157,100.0
K8_R0.90_T0_H1_N1_S8018_EDGE_MARKET_inprocess,8018,0,1,N1,EDGE_MARKET,84.31372549019608,85.71428571428571
K8_R0.90_T0_H1_N1_S8018_HYBRID_EAGER_inprocess,8018,0,1,N1,HYBRID_EAGER,85.29411764705883,100.0
K8_R0.90_T0_H1_N1_S8018_HYBRID_inprocess,8018,0,1,N1,HYBRID,86.27450980392157,100.0
K8_R0.90_T0_H1_N1_S8018_PERIODIC_inprocess,8018,0,1,N1,PERIODIC,83.33333333333333,85.71428571428571
K8_R0.90_T0_H1_N1_S8018_STATIC_inprocess,8018,0,1,N1,STATIC,78.43137254901961,71.42857142857143
K8_R0.90_T0_H1_N1_S8019_CENTRAL_FB_inprocess,8019,0,1,N1,CENTRAL_FB,93.54838709677419,100.0
K8_R0.90_T0_H1_N1_S8019_CENTRAL_FOG_inprocess,8019,0,1,N1,CENTRAL_FOG,93.54838709677419,100.0
K8_R0.90_T0_H1_N1_S8019_CENTRAL_inprocess,8019,0,1,N1,CENTRAL,93.54838709677419,100.0
K8_R0.90_T0_H1_N1_S8019_EDGE_MARKET_inprocess,8019,0,1,N1,EDGE_MARKET,86.02150537634408,80.0
K8_R0.90_T0_H1_N1_S8019_HYBRID_EAGER_inprocess,8019,0,1,N1,HYBRID_EAGER,93.54838709677419,100.0
K8_R0.90_T0_H1_N1_S8019_HYBRID_inprocess,8019,0,1,N1,HYBRID,93.54838709677419,100.0
K8_R0.90_T0_H1_N1_S8019_PERIODIC_inprocess,8019,0,1,N1,PERIODIC,91.39784946236558,100.0
K8_R0.90_T0_H1_N1_S8019_STATIC_inprocess,8019,0,1,N1,STATIC,83.87096774193549,80.0
K8_R0.90_T0_H1_N1_S8020_CENTRAL_FB_inprocess,8020,0,1,N1,CENTRAL_FB,86.79245283018868,85.71428571428571
K8_R0.90_T0_H1_N1_S8020_CENTRAL_FOG_inprocess,8020,0,1,N1,CENTRAL_FOG,86.79245283018868,85.71428571428571
K8_R0.90_T0_H1_N1_S8020_CENTRAL_inprocess,8020,0,1,N1,CENTRAL,86.79245283018868,85.71428571428571
K8_R0.90_T0_H1_N1_S8020_EDGE_MARKET_inprocess,8020,0,1,N1,EDGE_MARKET,81.13207547169812,85.71428571428571
K8_R0.90_T0_H1_N1_S8020_HYBRID_EAGER_inprocess,8020,0,1,N1,HYBRID_EAGER,86.79245283018868,85.71428571428571
K8_R0.90_T0_H1_N1_S8020_HYBRID_inprocess,8020,0,1,N1,HYBRID,86.79245283018868,85.71428571428571
K8_R0.90_T0_H1_N1_S8020_PERIODIC_inprocess,8020,0,1,N1,PERIODIC,88.67924528301887,85.71428571428571
K8_R0.90_T0_H1_N1_S8020_STATIC_inprocess,8020,0,1,N1,STATIC,80.18867924528301,42.857142857142854
K8_R0.90_T0_H1_N1_S8021_CENTRAL_FB_inprocess,8021,0,1,N1,CENTRAL_FB,85.14851485148515,77.77777777777777
K8_R0.90_T0_H1_N1_S8021_CENTRAL_FOG_inprocess,8021,0,1,N1,CENTRAL_FOG,85.14851485148515,77.77777777777777
K8_R0.90_T0_H1_N1_S8021_CENTRAL_inprocess,8021,0,1,N1,CENTRAL,85.14851485148515,77.77777777777777
K8_R0.90_T0_H1_N1_S8021_EDGE_MARKET_inprocess,8021,0,1,N1,EDGE_MARKET,89.10891089108911,88.88888888888889
K8_R0.90_T0_H1_N1_S8021_HYBRID_EAGER_inprocess,8021,0,1,N1,HYBRID_EAGER,85.14851485148515,77.77777777777777
K8_R0.90_T0_H1_N1_S8021_HYBRID_inprocess,8021,0,1,N1,HYBRID,85.14851485148515,77.77777777777777
K8_R0.90_T0_H1_N1_S8021_PERIODIC_inprocess,8021,0,1,N1,PERIODIC,88.11881188118812,88.88888888888889
K8_R0.90_T0_H1_N1_S8021_STATIC_inprocess,8021,0,1,N1,STATIC,76.23762376237623,55.55555555555556
K8_R0.90_T0_H1_N1_S8022_CENTRAL_FB_inprocess,8022,0,1,N1,CENTRAL_FB,79.4392523364486,100.0
K8_R0.90_T0_H1_N1_S8022_CENTRAL_FOG_inprocess,8022,0,1,N1,CENTRAL_FOG,79.4392523364486,100.0
K8_R0.90_T0_H1_N1_S8022_CENTRAL_inprocess,8022,0,1,N1,CENTRAL,79.4392523364486,100.0
K8_R0.90_T0_H1_N1_S8022_EDGE_MARKET_inprocess,8022,0,1,N1,EDGE_MARKET,77.57009345794393,87.5
K8_R0.90_T0_H1_N1_S8022_HYBRID_EAGER_inprocess,8022,0,1,N1,HYBRID_EAGER,82.24299065420561,100.0
K8_R0.90_T0_H1_N1_S8022_HYBRID_inprocess,8022,0,1,N1,HYBRID,79.4392523364486,100.0
K8_R0.90_T0_H1_N1_S8022_PERIODIC_inprocess,8022,0,1,N1,PERIODIC,75.70093457943925,100.0
K8_R0.90_T0_H1_N1_S8022_STATIC_inprocess,8022,0,1,N1,STATIC,69.1588785046729,37.5
K8_R0.90_T0_H1_N1_S8023_CENTRAL_FB_inprocess,8023,0,1,N1,CENTRAL_FB,79.41176470588235,81.81818181818181
K8_R0.90_T0_H1_N1_S8023_CENTRAL_FOG_inprocess,8023,0,1,N1,CENTRAL_FOG,79.41176470588235,81.81818181818181
K8_R0.90_T0_H1_N1_S8023_CENTRAL_inprocess,8023,0,1,N1,CENTRAL,79.41176470588235,81.81818181818181
K8_R0.90_T0_H1_N1_S8023_EDGE_MARKET_inprocess,8023,0,1,N1,EDGE_MARKET,88.23529411764706,100.0
K8_R0.90_T0_H1_N1_S8023_HYBRID_EAGER_inprocess,8023,0,1,N1,HYBRID_EAGER,79.41176470588235,81.81818181818181
K8_R0.90_T0_H1_N1_S8023_HYBRID_inprocess,8023,0,1,N1,HYBRID,79.41176470588235,81.81818181818181
K8_R0.90_T0_H1_N1_S8023_PERIODIC_inprocess,8023,0,1,N1,PERIODIC,87.25490196078431,100.0
K8_R0.90_T0_H1_N1_S8023_STATIC_inprocess,8023,0,1,N1,STATIC,81.37254901960785,63.63636363636363
K8_R0.90_T0_H1_N1_S8024_CENTRAL_FB_inprocess,8024,0,1,N1,CENTRAL_FB,92.0,100.0
K8_R0.90_T0_H1_N1_S8024_CENTRAL_FOG_inprocess,8024,0,1,N1,CENTRAL_FOG,92.0,100.0
K8_R0.90_T0_H1_N1_S8024_CENTRAL_inprocess,8024,0,1,N1,CENTRAL,92.0,100.0
K8_R0.90_T0_H1_N1_S8024_EDGE_MARKET_inprocess,8024,0,1,N1,EDGE_MARKET,89.0,100.0
K8_R0.90_T0_H1_N1_S8024_HYBRID_EAGER_inprocess,8024,0,1,N1,HYBRID_EAGER,92.0,100.0
K8_R0.90_T0_H1_N1_S8024_HYBRID_inprocess,8024,0,1,N1,HYBRID,92.0,100.0
K8_R0.90_T0_H1_N1_S8024_PERIODIC_inprocess,8024,0,1,N1,PERIODIC,89.0,100.0
K8_R0.90_T0_H1_N1_S8024_STATIC_inprocess,8024,0,1,N1,STATIC,87.0,83.33333333333333
K8_R0.90_T0_H1_N1_S8025_CENTRAL_FB_inprocess,8025,0,1,N1,CENTRAL_FB,93.75,100.0
K8_R0.90_T0_H1_N1_S8025_CENTRAL_FOG_inprocess,8025,0,1,N1,CENTRAL_FOG,93.75,100.0
K8_R0.90_T0_H1_N1_S8025_CENTRAL_inprocess,8025,0,1,N1,CENTRAL,93.75,100.0
K8_R0.90_T0_H1_N1_S8025_EDGE_MARKET_inprocess,8025,0,1,N1,EDGE_MARKET,93.75,66.66666666666667
K8_R0.90_T0_H1_N1_S8025_HYBRID_EAGER_inprocess,8025,0,1,N1,HYBRID_EAGER,93.75,100.0
K8_R0.90_T0_H1_N1_S8025_HYBRID_inprocess,8025,0,1,N1,HYBRID,93.75,100.0
K8_R0.90_T0_H1_N1_S8025_PERIODIC_inprocess,8025,0,1,N1,PERIODIC,94.79166666666667,100.0
K8_R0.90_T0_H1_N1_S8025_STATIC_inprocess,8025,0,1,N1,STATIC,87.5,33.333333333333336
K8_R0.90_T0_H1_N1_S8026_CENTRAL_FB_inprocess,8026,0,1,N1,CENTRAL_FB,93.75,100.0
K8_R0.90_T0_H1_N1_S8026_CENTRAL_FOG_inprocess,8026,0,1,N1,CENTRAL_FOG,93.75,100.0
K8_R0.90_T0_H1_N1_S8026_CENTRAL_inprocess,8026,0,1,N1,CENTRAL,93.75,100.0
K8_R0.90_T0_H1_N1_S8026_EDGE_MARKET_inprocess,8026,0,1,N1,EDGE_MARKET,89.58333333333333,100.0
K8_R0.90_T0_H1_N1_S8026_HYBRID_EAGER_inprocess,8026,0,1,N1,HYBRID_EAGER,93.75,100.0
K8_R0.90_T0_H1_N1_S8026_HYBRID_inprocess,8026,0,1,N1,HYBRID,93.75,100.0
K8_R0.90_T0_H1_N1_S8026_PERIODIC_inprocess,8026,0,1,N1,PERIODIC,90.625,83.33333333333333
K8_R0.90_T0_H1_N1_S8026_STATIC_inprocess,8026,0,1,N1,STATIC,87.5,66.66666666666667
K8_R0.90_T0_H1_N1_S8027_CENTRAL_FB_inprocess,8027,0,1,N1,CENTRAL_FB,84.46601941747574,100.0
K8_R0.90_T0_H1_N1_S8027_CENTRAL_FOG_inprocess,8027,0,1,N1,CENTRAL_FOG,84.46601941747574,100.0
K8_R0.90_T0_H1_N1_S8027_CENTRAL_inprocess,8027,0,1,N1,CENTRAL,84.46601941747574,100.0
K8_R0.90_T0_H1_N1_S8027_EDGE_MARKET_inprocess,8027,0,1,N1,EDGE_MARKET,82.52427184466019,100.0
K8_R0.90_T0_H1_N1_S8027_HYBRID_EAGER_inprocess,8027,0,1,N1,HYBRID_EAGER,86.40776699029126,100.0
K8_R0.90_T0_H1_N1_S8027_HYBRID_inprocess,8027,0,1,N1,HYBRID,84.46601941747574,100.0
K8_R0.90_T0_H1_N1_S8027_PERIODIC_inprocess,8027,0,1,N1,PERIODIC,80.58252427184466,100.0
K8_R0.90_T0_H1_N1_S8027_STATIC_inprocess,8027,0,1,N1,STATIC,76.69902912621359,66.66666666666667
K8_R0.90_T0_H1_N1_S8028_CENTRAL_FB_inprocess,8028,0,1,N1,CENTRAL_FB,75.47169811320755,71.42857142857143
K8_R0.90_T0_H1_N1_S8028_CENTRAL_FOG_inprocess,8028,0,1,N1,CENTRAL_FOG,75.47169811320755,71.42857142857143
K8_R0.90_T0_H1_N1_S8028_CENTRAL_inprocess,8028,0,1,N1,CENTRAL,75.47169811320755,71.42857142857143
K8_R0.90_T0_H1_N1_S8028_EDGE_MARKET_inprocess,8028,0,1,N1,EDGE_MARKET,76.41509433962264,78.57142857142857
K8_R0.90_T0_H1_N1_S8028_HYBRID_EAGER_inprocess,8028,0,1,N1,HYBRID_EAGER,73.58490566037736,78.57142857142857
K8_R0.90_T0_H1_N1_S8028_HYBRID_inprocess,8028,0,1,N1,HYBRID,75.47169811320755,71.42857142857143
K8_R0.90_T0_H1_N1_S8028_PERIODIC_inprocess,8028,0,1,N1,PERIODIC,75.47169811320755,78.57142857142857
K8_R0.90_T0_H1_N1_S8028_STATIC_inprocess,8028,0,1,N1,STATIC,68.86792452830188,42.857142857142854
K8_R0.90_T0_H1_N1_S8029_CENTRAL_FB_inprocess,8029,0,1,N1,CENTRAL_FB,87.87878787878788,100.0
K8_R0.90_T0_H1_N1_S8029_CENTRAL_FOG_inprocess,8029,0,1,N1,CENTRAL_FOG,87.87878787878788,100.0
K8_R0.90_T0_H1_N1_S8029_CENTRAL_inprocess,8029,0,1,N1,CENTRAL,87.87878787878788,100.0
K8_R0.90_T0_H1_N1_S8029_EDGE_MARKET_inprocess,8029,0,1,N1,EDGE_MARKET,87.87878787878788,83.33333333333333
K8_R0.90_T0_H1_N1_S8029_HYBRID_EAGER_inprocess,8029,0,1,N1,HYBRID_EAGER,87.87878787878788,100.0
K8_R0.90_T0_H1_N1_S8029_HYBRID_inprocess,8029,0,1,N1,HYBRID,87.87878787878788,100.0
K8_R0.90_T0_H1_N1_S8029_PERIODIC_inprocess,8029,0,1,N1,PERIODIC,85.85858585858585,100.0
K8_R0.90_T0_H1_N1_S8029_STATIC_inprocess,8029,0,1,N1,STATIC,81.81818181818181,50.0
K8_R0.90_T0_H1_N1_S8030_CENTRAL_FB_inprocess,8030,0,1,N1,CENTRAL_FB,88.88888888888889,100.0
K8_R0.90_T0_H1_N1_S8030_CENTRAL_FOG_inprocess,8030,0,1,N1,CENTRAL_FOG,88.88888888888889,100.0
K8_R0.90_T0_H1_N1_S8030_CENTRAL_inprocess,8030,0,1,N1,CENTRAL,88.88888888888889,100.0
K8_R0.90_T0_H1_N1_S8030_EDGE_MARKET_inprocess,8030,0,1,N1,EDGE_MARKET,87.87878787878788,100.0
K8_R0.90_T0_H1_N1_S8030_HYBRID_EAGER_inprocess,8030,0,1,N1,HYBRID_EAGER,88.88888888888889,100.0
K8_R0.90_T0_H1_N1_S8030_HYBRID_inprocess,8030,0,1,N1,HYBRID,88.88888888888889,100.0
K8_R0.90_T0_H1_N1_S8030_PERIODIC_inprocess,8030,0,1,N1,PERIODIC,86.86868686868686,100.0
K8_R0.90_T0_H1_N1_S8030_STATIC_inprocess,8030,0,1,N1,STATIC,81.81818181818181,50.0
K8_R0.90_T0_H1_N1_S8031_CENTRAL_FB_inprocess,8031,0,1,N1,CENTRAL_FB,86.3157894736842,83.33333333333333
K8_R0.90_T0_H1_N1_S8031_CENTRAL_FOG_inprocess,8031,0,1,N1,CENTRAL_FOG,86.3157894736842,83.33333333333333
K8_R0.90_T0_H1_N1_S8031_CENTRAL_inprocess,8031,0,1,N1,CENTRAL,86.3157894736842,83.33333333333333
K8_R0.90_T0_H1_N1_S8031_EDGE_MARKET_inprocess,8031,0,1,N1,EDGE_MARKET,84.21052631578948,83.33333333333333
K8_R0.90_T0_H1_N1_S8031_HYBRID_EAGER_inprocess,8031,0,1,N1,HYBRID_EAGER,86.3157894736842,83.33333333333333
K8_R0.90_T0_H1_N1_S8031_HYBRID_inprocess,8031,0,1,N1,HYBRID,86.3157894736842,83.33333333333333
K8_R0.90_T0_H1_N1_S8031_PERIODIC_inprocess,8031,0,1,N1,PERIODIC,81.05263157894737,83.33333333333333
K8_R0.90_T0_H1_N1_S8031_STATIC_inprocess,8031,0,1,N1,STATIC,77.89473684210526,50.0
K8_R0.90_T0_H1_N1_S8032_CENTRAL_FB_inprocess,8032,0,1,N1,CENTRAL_FB,91.91919191919192,100.0
K8_R0.90_T0_H1_N1_S8032_CENTRAL_FOG_inprocess,8032,0,1,N1,CENTRAL_FOG,91.91919191919192,100.0
K8_R0.90_T0_H1_N1_S8032_CENTRAL_inprocess,8032,0,1,N1,CENTRAL,91.91919191919192,100.0
K8_R0.90_T0_H1_N1_S8032_EDGE_MARKET_inprocess,8032,0,1,N1,EDGE_MARKET,88.88888888888889,100.0
K8_R0.90_T0_H1_N1_S8032_HYBRID_EAGER_inprocess,8032,0,1,N1,HYBRID_EAGER,91.91919191919192,100.0
K8_R0.90_T0_H1_N1_S8032_HYBRID_inprocess,8032,0,1,N1,HYBRID,91.91919191919192,100.0
K8_R0.90_T0_H1_N1_S8032_PERIODIC_inprocess,8032,0,1,N1,PERIODIC,86.86868686868686,66.66666666666667
K8_R0.90_T0_H1_N1_S8032_STATIC_inprocess,8032,0,1,N1,STATIC,87.87878787878788,100.0
K8_R0.90_T0_H1_N1_S8033_CENTRAL_FB_inprocess,8033,0,1,N1,CENTRAL_FB,89.79591836734694,100.0
K8_R0.90_T0_H1_N1_S8033_CENTRAL_FOG_inprocess,8033,0,1,N1,CENTRAL_FOG,89.79591836734694,100.0
K8_R0.90_T0_H1_N1_S8033_CENTRAL_inprocess,8033,0,1,N1,CENTRAL,89.79591836734694,100.0
K8_R0.90_T0_H1_N1_S8033_EDGE_MARKET_inprocess,8033,0,1,N1,EDGE_MARKET,88.77551020408163,83.33333333333333
K8_R0.90_T0_H1_N1_S8033_HYBRID_EAGER_inprocess,8033,0,1,N1,HYBRID_EAGER,92.85714285714286,100.0
K8_R0.90_T0_H1_N1_S8033_HYBRID_inprocess,8033,0,1,N1,HYBRID,89.79591836734694,100.0
K8_R0.90_T0_H1_N1_S8033_PERIODIC_inprocess,8033,0,1,N1,PERIODIC,91.83673469387755,100.0
K8_R0.90_T0_H1_N1_S8033_STATIC_inprocess,8033,0,1,N1,STATIC,81.63265306122449,33.333333333333336
K8_R0.90_T0_H1_N1_S8034_CENTRAL_FB_inprocess,8034,0,1,N1,CENTRAL_FB,92.3076923076923,100.0
K8_R0.90_T0_H1_N1_S8034_CENTRAL_FOG_inprocess,8034,0,1,N1,CENTRAL_FOG,92.3076923076923,100.0
K8_R0.90_T0_H1_N1_S8034_CENTRAL_inprocess,8034,0,1,N1,CENTRAL,92.3076923076923,100.0
K8_R0.90_T0_H1_N1_S8034_EDGE_MARKET_inprocess,8034,0,1,N1,EDGE_MARKET,87.5,100.0
K8_R0.90_T0_H1_N1_S8034_HYBRID_EAGER_inprocess,8034,0,1,N1,HYBRID_EAGER,92.3076923076923,100.0
K8_R0.90_T0_H1_N1_S8034_HYBRID_inprocess,8034,0,1,N1,HYBRID,92.3076923076923,100.0
K8_R0.90_T0_H1_N1_S8034_PERIODIC_inprocess,8034,0,1,N1,PERIODIC,89.42307692307692,100.0
K8_R0.90_T0_H1_N1_S8034_STATIC_inprocess,8034,0,1,N1,STATIC,83.65384615384616,62.5
K8_R0.90_T0_H1_N1_S8035_CENTRAL_FB_inprocess,8035,0,1,N1,CENTRAL_FB,88.28828828828829,91.66666666666667
K8_R0.90_T0_H1_N1_S8035_CENTRAL_FOG_inprocess,8035,0,1,N1,CENTRAL_FOG,88.28828828828829,91.66666666666667
K8_R0.90_T0_H1_N1_S8035_CENTRAL_inprocess,8035,0,1,N1,CENTRAL,88.28828828828829,91.66666666666667
K8_R0.90_T0_H1_N1_S8035_EDGE_MARKET_inprocess,8035,0,1,N1,EDGE_MARKET,90.09009009009009,91.66666666666667
K8_R0.90_T0_H1_N1_S8035_HYBRID_EAGER_inprocess,8035,0,1,N1,HYBRID_EAGER,88.28828828828829,91.66666666666667
K8_R0.90_T0_H1_N1_S8035_HYBRID_inprocess,8035,0,1,N1,HYBRID,88.28828828828829,91.66666666666667
K8_R0.90_T0_H1_N1_S8035_PERIODIC_inprocess,8035,0,1,N1,PERIODIC,89.1891891891892,91.66666666666667
K8_R0.90_T0_H1_N1_S8035_STATIC_inprocess,8035,0,1,N1,STATIC,78.37837837837837,41.666666666666664
K8_R0.90_T0_H1_N1_S8036_CENTRAL_FB_inprocess,8036,0,1,N1,CENTRAL_FB,81.55339805825243,75.0
K8_R0.90_T0_H1_N1_S8036_CENTRAL_FOG_inprocess,8036,0,1,N1,CENTRAL_FOG,81.55339805825243,75.0
K8_R0.90_T0_H1_N1_S8036_CENTRAL_inprocess,8036,0,1,N1,CENTRAL,81.55339805825243,75.0
K8_R0.90_T0_H1_N1_S8036_EDGE_MARKET_inprocess,8036,0,1,N1,EDGE_MARKET,81.55339805825243,75.0
K8_R0.90_T0_H1_N1_S8036_HYBRID_EAGER_inprocess,8036,0,1,N1,HYBRID_EAGER,81.55339805825243,75.0
K8_R0.90_T0_H1_N1_S8036_HYBRID_inprocess,8036,0,1,N1,HYBRID,81.55339805825243,75.0
K8_R0.90_T0_H1_N1_S8036_PERIODIC_inprocess,8036,0,1,N1,PERIODIC,85.4368932038835,87.5
K8_R0.90_T0_H1_N1_S8036_STATIC_inprocess,8036,0,1,N1,STATIC,76.69902912621359,50.0
K8_R0.90_T0_H1_N1_S8037_CENTRAL_FB_inprocess,8037,0,1,N1,CENTRAL_FB,84.25925925925925,100.0
K8_R0.90_T0_H1_N1_S8037_CENTRAL_FOG_inprocess,8037,0,1,N1,CENTRAL_FOG,84.25925925925925,100.0
K8_R0.90_T0_H1_N1_S8037_CENTRAL_inprocess,8037,0,1,N1,CENTRAL,84.25925925925925,100.0
K8_R0.90_T0_H1_N1_S8037_EDGE_MARKET_inprocess,8037,0,1,N1,EDGE_MARKET,86.11111111111111,90.0
K8_R0.90_T0_H1_N1_S8037_HYBRID_EAGER_inprocess,8037,0,1,N1,HYBRID_EAGER,84.25925925925925,100.0
K8_R0.90_T0_H1_N1_S8037_HYBRID_inprocess,8037,0,1,N1,HYBRID,84.25925925925925,100.0
K8_R0.90_T0_H1_N1_S8037_PERIODIC_inprocess,8037,0,1,N1,PERIODIC,82.4074074074074,80.0
K8_R0.90_T0_H1_N1_S8037_STATIC_inprocess,8037,0,1,N1,STATIC,77.77777777777777,60.0
K8_R0.90_T0_H1_N1_S8038_CENTRAL_FB_inprocess,8038,0,1,N1,CENTRAL_FB,93.81443298969072,100.0
K8_R0.90_T0_H1_N1_S8038_CENTRAL_FOG_inprocess,8038,0,1,N1,CENTRAL_FOG,93.81443298969072,100.0
K8_R0.90_T0_H1_N1_S8038_CENTRAL_inprocess,8038,0,1,N1,CENTRAL,93.81443298969072,100.0
K8_R0.90_T0_H1_N1_S8038_EDGE_MARKET_inprocess,8038,0,1,N1,EDGE_MARKET,87.62886597938144,80.0
K8_R0.90_T0_H1_N1_S8038_HYBRID_EAGER_inprocess,8038,0,1,N1,HYBRID_EAGER,90.72164948453609,100.0
K8_R0.90_T0_H1_N1_S8038_HYBRID_inprocess,8038,0,1,N1,HYBRID,93.81443298969072,100.0
K8_R0.90_T0_H1_N1_S8038_PERIODIC_inprocess,8038,0,1,N1,PERIODIC,92.78350515463917,100.0
K8_R0.90_T0_H1_N1_S8038_STATIC_inprocess,8038,0,1,N1,STATIC,79.38144329896907,60.0
K8_R0.90_T0_H1_N1_S8039_CENTRAL_FB_inprocess,8039,0,1,N1,CENTRAL_FB,92.07920792079207,100.0
K8_R0.90_T0_H1_N1_S8039_CENTRAL_FOG_inprocess,8039,0,1,N1,CENTRAL_FOG,92.07920792079207,100.0
K8_R0.90_T0_H1_N1_S8039_CENTRAL_inprocess,8039,0,1,N1,CENTRAL,92.07920792079207,100.0
K8_R0.90_T0_H1_N1_S8039_EDGE_MARKET_inprocess,8039,0,1,N1,EDGE_MARKET,93.06930693069307,100.0
K8_R0.90_T0_H1_N1_S8039_HYBRID_EAGER_inprocess,8039,0,1,N1,HYBRID_EAGER,93.06930693069307,100.0
K8_R0.90_T0_H1_N1_S8039_HYBRID_inprocess,8039,0,1,N1,HYBRID,92.07920792079207,100.0
K8_R0.90_T0_H1_N1_S8039_PERIODIC_inprocess,8039,0,1,N1,PERIODIC,91.08910891089108,100.0
K8_R0.90_T0_H1_N1_S8039_STATIC_inprocess,8039,0,1,N1,STATIC,84.15841584158416,50.0
K8_R0.90_T0_H1_N1_S8040_CENTRAL_FB_inprocess,8040,0,1,N1,CENTRAL_FB,90.81632653061224,100.0
K8_R0.90_T0_H1_N1_S8040_CENTRAL_FOG_inprocess,8040,0,1,N1,CENTRAL_FOG,90.81632653061224,100.0
K8_R0.90_T0_H1_N1_S8040_CENTRAL_inprocess,8040,0,1,N1,CENTRAL,90.81632653061224,100.0
K8_R0.90_T0_H1_N1_S8040_EDGE_MARKET_inprocess,8040,0,1,N1,EDGE_MARKET,87.75510204081633,100.0
K8_R0.90_T0_H1_N1_S8040_HYBRID_EAGER_inprocess,8040,0,1,N1,HYBRID_EAGER,90.81632653061224,100.0
K8_R0.90_T0_H1_N1_S8040_HYBRID_inprocess,8040,0,1,N1,HYBRID,90.81632653061224,100.0
K8_R0.90_T0_H1_N1_S8040_PERIODIC_inprocess,8040,0,1,N1,PERIODIC,85.71428571428571,85.71428571428571
K8_R0.90_T0_H1_N1_S8040_STATIC_inprocess,8040,0,1,N1,STATIC,77.55102040816327,71.42857142857143
K8_R0.90_T0_H1_N2_S8001_CENTRAL_FB_inprocess,8001,0,1,N2,CENTRAL_FB,88.18181818181819,100.0
K8_R0.90_T0_H1_N2_S8001_CENTRAL_FOG_inprocess,8001,0,1,N2,CENTRAL_FOG,88.18181818181819,100.0
K8_R0.90_T0_H1_N2_S8001_CENTRAL_inprocess,8001,0,1,N2,CENTRAL,88.18181818181819,100.0
K8_R0.90_T0_H1_N2_S8001_EDGE_MARKET_inprocess,8001,0,1,N2,EDGE_MARKET,82.72727272727273,100.0
K8_R0.90_T0_H1_N2_S8001_HYBRID_EAGER_inprocess,8001,0,1,N2,HYBRID_EAGER,89.0909090909091,100.0
K8_R0.90_T0_H1_N2_S8001_HYBRID_inprocess,8001,0,1,N2,HYBRID,88.18181818181819,100.0
K8_R0.90_T0_H1_N2_S8001_PERIODIC_inprocess,8001,0,1,N2,PERIODIC,89.0909090909091,100.0
K8_R0.90_T0_H1_N2_S8001_STATIC_inprocess,8001,0,1,N2,STATIC,74.54545454545455,50.0
K8_R0.90_T0_H1_N2_S8002_CENTRAL_FB_inprocess,8002,0,1,N2,CENTRAL_FB,88.54166666666667,83.33333333333333
K8_R0.90_T0_H1_N2_S8002_CENTRAL_FOG_inprocess,8002,0,1,N2,CENTRAL_FOG,88.54166666666667,83.33333333333333
K8_R0.90_T0_H1_N2_S8002_CENTRAL_inprocess,8002,0,1,N2,CENTRAL,88.54166666666667,83.33333333333333
K8_R0.90_T0_H1_N2_S8002_EDGE_MARKET_inprocess,8002,0,1,N2,EDGE_MARKET,89.58333333333333,100.0
K8_R0.90_T0_H1_N2_S8002_HYBRID_EAGER_inprocess,8002,0,1,N2,HYBRID_EAGER,88.54166666666667,83.33333333333333
K8_R0.90_T0_H1_N2_S8002_HYBRID_inprocess,8002,0,1,N2,HYBRID,88.54166666666667,83.33333333333333
K8_R0.90_T0_H1_N2_S8002_PERIODIC_inprocess,8002,0,1,N2,PERIODIC,88.54166666666667,100.0
K8_R0.90_T0_H1_N2_S8002_STATIC_inprocess,8002,0,1,N2,STATIC,87.5,83.33333333333333
K8_R0.90_T0_H1_N2_S8003_CENTRAL_FB_inprocess,8003,0,1,N2,CENTRAL_FB,92.45283018867924,100.0
K8_R0.90_T0_H1_N2_S8003_CENTRAL_FOG_inprocess,8003,0,1,N2,CENTRAL_FOG,92.45283018867924,100.0
K8_R0.90_T0_H1_N2_S8003_CENTRAL_inprocess,8003,0,1,N2,CENTRAL,92.45283018867924,100.0
K8_R0.90_T0_H1_N2_S8003_EDGE_MARKET_inprocess,8003,0,1,N2,EDGE_MARKET,87.73584905660377,100.0
K8_R0.90_T0_H1_N2_S8003_HYBRID_EAGER_inprocess,8003,0,1,N2,HYBRID_EAGER,92.45283018867924,100.0
K8_R0.90_T0_H1_N2_S8003_HYBRID_inprocess,8003,0,1,N2,HYBRID,92.45283018867924,100.0
K8_R0.90_T0_H1_N2_S8003_PERIODIC_inprocess,8003,0,1,N2,PERIODIC,91.50943396226415,90.9090909090909
K8_R0.90_T0_H1_N2_S8003_STATIC_inprocess,8003,0,1,N2,STATIC,78.30188679245283,45.45454545454545
K8_R0.90_T0_H1_N2_S8004_CENTRAL_FB_inprocess,8004,0,1,N2,CENTRAL_FB,88.29787234042553,50.0
K8_R0.90_T0_H1_N2_S8004_CENTRAL_FOG_inprocess,8004,0,1,N2,CENTRAL_FOG,88.29787234042553,50.0
K8_R0.90_T0_H1_N2_S8004_CENTRAL_inprocess,8004,0,1,N2,CENTRAL,88.29787234042553,50.0
K8_R0.90_T0_H1_N2_S8004_EDGE_MARKET_inprocess,8004,0,1,N2,EDGE_MARKET,86.17021276595744,50.0
K8_R0.90_T0_H1_N2_S8004_HYBRID_EAGER_inprocess,8004,0,1,N2,HYBRID_EAGER,88.29787234042553,50.0
K8_R0.90_T0_H1_N2_S8004_HYBRID_inprocess,8004,0,1,N2,HYBRID,88.29787234042553,50.0
K8_R0.90_T0_H1_N2_S8004_PERIODIC_inprocess,8004,0,1,N2,PERIODIC,93.61702127659575,50.0
K8_R0.90_T0_H1_N2_S8004_STATIC_inprocess,8004,0,1,N2,STATIC,86.17021276595744,50.0
K8_R0.90_T0_H1_N2_S8005_CENTRAL_FB_inprocess,8005,0,1,N2,CENTRAL_FB,95.78947368421052,100.0
K8_R0.90_T0_H1_N2_S8005_CENTRAL_FOG_inprocess,8005,0,1,N2,CENTRAL_FOG,95.78947368421052,100.0
K8_R0.90_T0_H1_N2_S8005_CENTRAL_inprocess,8005,0,1,N2,CENTRAL,95.78947368421052,100.0
K8_R0.90_T0_H1_N2_S8005_EDGE_MARKET_inprocess,8005,0,1,N2,EDGE_MARKET,92.63157894736842,100.0
K8_R0.90_T0_H1_N2_S8005_HYBRID_EAGER_inprocess,8005,0,1,N2,HYBRID_EAGER,94.73684210526316,100.0
K8_R0.90_T0_H1_N2_S8005_HYBRID_inprocess,8005,0,1,N2,HYBRID,95.78947368421052,100.0
K8_R0.90_T0_H1_N2_S8005_PERIODIC_inprocess,8005,0,1,N2,PERIODIC,94.73684210526316,100.0
K8_R0.90_T0_H1_N2_S8005_STATIC_inprocess,8005,0,1,N2,STATIC,88.42105263157895,66.66666666666667
K8_R0.90_T0_H1_N2_S8006_CENTRAL_FB_inprocess,8006,0,1,N2,CENTRAL_FB,87.75510204081633,87.5
K8_R0.90_T0_H1_N2_S8006_CENTRAL_FOG_inprocess,8006,0,1,N2,CENTRAL_FOG,87.75510204081633,87.5
K8_R0.90_T0_H1_N2_S8006_CENTRAL_inprocess,8006,0,1,N2,CENTRAL,87.75510204081633,87.5
K8_R0.90_T0_H1_N2_S8006_EDGE_MARKET_inprocess,8006,0,1,N2,EDGE_MARKET,89.79591836734694,87.5
K8_R0.90_T0_H1_N2_S8006_HYBRID_EAGER_inprocess,8006,0,1,N2,HYBRID_EAGER,88.77551020408163,87.5
K8_R0.90_T0_H1_N2_S8006_HYBRID_inprocess,8006,0,1,N2,HYBRID,87.75510204081633,87.5
K8_R0.90_T0_H1_N2_S8006_PERIODIC_inprocess,8006,0,1,N2,PERIODIC,86.73469387755102,75.0
K8_R0.90_T0_H1_N2_S8006_STATIC_inprocess,8006,0,1,N2,STATIC,82.65306122448979,62.5
K8_R0.90_T0_H1_N2_S8007_CENTRAL_FB_inprocess,8007,0,1,N2,CENTRAL_FB,91.08910891089108,88.88888888888889
K8_R0.90_T0_H1_N2_S8007_CENTRAL_FOG_inprocess,8007,0,1,N2,CENTRAL_FOG,87.12871287128714,88.88888888888889
K8_R0.90_T0_H1_N2_S8007_CENTRAL_inprocess,8007,0,1,N2,CENTRAL,87.12871287128714,88.88888888888889
K8_R0.90_T0_H1_N2_S8007_EDGE_MARKET_inprocess,8007,0,1,N2,EDGE_MARKET,86.13861386138613,88.88888888888889
K8_R0.90_T0_H1_N2_S8007_HYBRID_EAGER_inprocess,8007,0,1,N2,HYBRID_EAGER,89.10891089108911,100.0
K8_R0.90_T0_H1_N2_S8007_HYBRID_inprocess,8007,0,1,N2,HYBRID,91.08910891089108,88.88888888888889
K8_R0.90_T0_H1_N2_S8007_PERIODIC_inprocess,8007,0,1,N2,PERIODIC,92.07920792079207,100.0
K8_R0.90_T0_H1_N2_S8007_STATIC_inprocess,8007,0,1,N2,STATIC,80.1980198019802,66.66666666666667
K8_R0.90_T0_H1_N2_S8008_CENTRAL_FB_inprocess,8008,0,1,N2,CENTRAL_FB,92.70833333333333,100.0
K8_R0.90_T0_H1_N2_S8008_CENTRAL_FOG_inprocess,8008,0,1,N2,CENTRAL_FOG,92.70833333333333,100.0
K8_R0.90_T0_H1_N2_S8008_CENTRAL_inprocess,8008,0,1,N2,CENTRAL,92.70833333333333,100.0
K8_R0.90_T0_H1_N2_S8008_EDGE_MARKET_inprocess,8008,0,1,N2,EDGE_MARKET,86.45833333333333,80.0
K8_R0.90_T0_H1_N2_S8008_HYBRID_EAGER_inprocess,8008,0,1,N2,HYBRID_EAGER,91.66666666666667,100.0
K8_R0.90_T0_H1_N2_S8008_HYBRID_inprocess,8008,0,1,N2,HYBRID,92.70833333333333,100.0
K8_R0.90_T0_H1_N2_S8008_PERIODIC_inprocess,8008,0,1,N2,PERIODIC,87.5,100.0
K8_R0.90_T0_H1_N2_S8008_STATIC_inprocess,8008,0,1,N2,STATIC,80.20833333333333,60.0
K8_R0.90_T0_H1_N2_S8009_CENTRAL_FB_inprocess,8009,0,1,N2,CENTRAL_FB,89.01098901098901,75.0
K8_R0.90_T0_H1_N2_S8009_CENTRAL_FOG_inprocess,8009,0,1,N2,CENTRAL_FOG,89.01098901098901,75.0
K8_R0.90_T0_H1_N2_S8009_CENTRAL_inprocess,8009,0,1,N2,CENTRAL,89.01098901098901,75.0
K8_R0.90_T0_H1_N2_S8009_EDGE_MARKET_inprocess,8009,0,1,N2,EDGE_MARKET,84.61538461538461,50.0
K8_R0.90_T0_H1_N2_S8009_HYBRID_EAGER_inprocess,8009,0,1,N2,HYBRID_EAGER,85.71428571428571,50.0
K8_R0.90_T0_H1_N2_S8009_HYBRID_inprocess,8009,0,1,N2,HYBRID,89.01098901098901,75.0
K8_R0.90_T0_H1_N2_S8009_PERIODIC_inprocess,8009,0,1,N2,PERIODIC,83.51648351648352,50.0
K8_R0.90_T0_H1_N2_S8009_STATIC_inprocess,8009,0,1,N2,STATIC,79.12087912087912,25.0
K8_R0.90_T0_H1_N2_S8010_CENTRAL_FB_inprocess,8010,0,1,N2,CENTRAL_FB,90.3225806451613,100.0
K8_R0.90_T0_H1_N2_S8010_CENTRAL_FOG_inprocess,8010,0,1,N2,CENTRAL_FOG,89.24731182795699,100.0
K8_R0.90_T0_H1_N2_S8010_CENTRAL_inprocess,8010,0,1,N2,CENTRAL,89.24731182795699,100.0
K8_R0.90_T0_H1_N2_S8010_EDGE_MARKET_inprocess,8010,0,1,N2,EDGE_MARKET,87.09677419354838,75.0
K8_R0.90_T0_H1_N2_S8010_HYBRID_EAGER_inprocess,8010,0,1,N2,HYBRID_EAGER,89.24731182795699,100.0
K8_R0.90_T0_H1_N2_S8010_HYBRID_inprocess,8010,0,1,N2,HYBRID,90.3225806451613,100.0
K8_R0.90_T0_H1_N2_S8010_PERIODIC_inprocess,8010,0,1,N2,PERIODIC,87.09677419354838,100.0
K8_R0.90_T0_H1_N2_S8010_STATIC_inprocess,8010,0,1,N2,STATIC,77.41935483870968,25.0
K8_R0.90_T0_H1_N2_S8011_CENTRAL_FB_inprocess,8011,0,1,N2,CENTRAL_FB,80.95238095238095,100.0
K8_R0.90_T0_H1_N2_S8011_CENTRAL_FOG_inprocess,8011,0,1,N2,CENTRAL_FOG,80.95238095238095,100.0
K8_R0.90_T0_H1_N2_S8011_CENTRAL_inprocess,8011,0,1,N2,CENTRAL,80.95238095238095,100.0
K8_R0.90_T0_H1_N2_S8011_EDGE_MARKET_inprocess,8011,0,1,N2,EDGE_MARKET,80.95238095238095,85.71428571428571
K8_R0.90_T0_H1_N2_S8011_HYBRID_EAGER_inprocess,8011,0,1,N2,HYBRID_EAGER,80.95238095238095,100.0
K8_R0.90_T0_H1_N2_S8011_HYBRID_inprocess,8011,0,1,N2,HYBRID,80.95238095238095,100.0
K8_R0.90_T0_H1_N2_S8011_PERIODIC_inprocess,8011,0,1,N2,PERIODIC,79.04761904761905,85.71428571428571
K8_R0.90_T0_H1_N2_S8011_STATIC_inprocess,8011,0,1,N2,STATIC,72.38095238095238,28.571428571428573
K8_R0.90_T0_H1_N2_S8012_CENTRAL_FB_inprocess,8012,0,1,N2,CENTRAL_FB,81.08108108108108,100.0
K8_R0.90_T0_H1_N2_S8012_CENTRAL_FOG_inprocess,8012,0,1,N2,CENTRAL_FOG,80.18018018018019,100.0
K8_R0.90_T0_H1_N2_S8012_CENTRAL_inprocess,8012,0,1,N2,CENTRAL,80.18018018018019,100.0
K8_R0.90_T0_H1_N2_S8012_EDGE_MARKET_inprocess,8012,0,1,N2,EDGE_MARKET,81.98198198198199,90.9090909090909
K8_R0.90_T0_H1_N2_S8012_HYBRID_EAGER_inprocess,8012,0,1,N2,HYBRID_EAGER,78.37837837837837,90.9090909090909
K8_R0.90_T0_H1_N2_S8012_HYBRID_inprocess,8012,0,1,N2,HYBRID,81.08108108108108,100.0
K8_R0.90_T0_H1_N2_S8012_PERIODIC_inprocess,8012,0,1,N2,PERIODIC,80.18018018018019,100.0
K8_R0.90_T0_H1_N2_S8012_STATIC_inprocess,8012,0,1,N2,STATIC,68.46846846846847,45.45454545454545
K8_R0.90_T0_H1_N2_S8013_CENTRAL_FB_inprocess,8013,0,1,N2,CENTRAL_FB,79.6116504854369,77.77777777777777
K8_R0.90_T0_H1_N2_S8013_CENTRAL_FOG_inprocess,8013,0,1,N2,CENTRAL_FOG,79.6116504854369,77.77777777777777
K8_R0.90_T0_H1_N2_S8013_CENTRAL_inprocess,8013,0,1,N2,CENTRAL,79.6116504854369,77.77777777777777
K8_R0.90_T0_H1_N2_S8013_EDGE_MARKET_inprocess,8013,0,1,N2,EDGE_MARKET,78.64077669902913,77.77777777777777
K8_R0.90_T0_H1_N2_S8013_HYBRID_EAGER_inprocess,8013,0,1,N2,HYBRID_EAGER,80.58252427184466,77.77777777777777
K8_R0.90_T0_H1_N2_S8013_HYBRID_inprocess,8013,0,1,N2,HYBRID,79.6116504854369,77.77777777777777
K8_R0.90_T0_H1_N2_S8013_PERIODIC_inprocess,8013,0,1,N2,PERIODIC,81.55339805825243,88.88888888888889
K8_R0.90_T0_H1_N2_S8013_STATIC_inprocess,8013,0,1,N2,STATIC,70.87378640776699,55.55555555555556
K8_R0.90_T0_H1_N2_S8014_CENTRAL_FB_inprocess,8014,0,1,N2,CENTRAL_FB,93.33333333333333,100.0
K8_R0.90_T0_H1_N2_S8014_CENTRAL_FOG_inprocess,8014,0,1,N2,CENTRAL_FOG,93.33333333333333,100.0
K8_R0.90_T0_H1_N2_S8014_CENTRAL_inprocess,8014,0,1,N2,CENTRAL,93.33333333333333,100.0
K8_R0.90_T0_H1_N2_S8014_EDGE_MARKET_inprocess,8014,0,1,N2,EDGE_MARKET,85.71428571428571,81.81818181818181
K8_R0.90_T0_H1_N2_S8014_HYBRID_EAGER_inprocess,8014,0,1,N2,HYBRID_EAGER,91.42857142857143,90.9090909090909
K8_R0.90_T0_H1_N2_S8014_HYBRID_inprocess,8014,0,1,N2,HYBRID,93.33333333333333,100.0
K8_R0.90_T0_H1_N2_S8014_PERIODIC_inprocess,8014,0,1,N2,PERIODIC,90.47619047619048,100.0
K8_R0.90_T0_H1_N2_S8014_STATIC_inprocess,8014,0,1,N2,STATIC,83.80952380952381,63.63636363636363
K8_R0.90_T0_H1_N2_S8015_CENTRAL_FB_inprocess,8015,0,1,N2,CENTRAL_FB,91.74311926605505,100.0
K8_R0.90_T0_H1_N2_S8015_CENTRAL_FOG_inprocess,8015,0,1,N2,CENTRAL_FOG,89.90825688073394,92.85714285714286
K8_R0.90_T0_H1_N2_S8015_CENTRAL_inprocess,8015,0,1,N2,CENTRAL,89.90825688073394,92.85714285714286
K8_R0.90_T0_H1_N2_S8015_EDGE_MARKET_inprocess,8015,0,1,N2,EDGE_MARKET,88.07339449541284,100.0
K8_R0.90_T0_H1_N2_S8015_HYBRID_EAGER_inprocess,8015,0,1,N2,HYBRID_EAGER,91.74311926605505,100.0
K8_R0.90_T0_H1_N2_S8015_HYBRID_inprocess,8015,0,1,N2,HYBRID,91.74311926605505,100.0
K8_R0.90_T0_H1_N2_S8015_PERIODIC_inprocess,8015,0,1,N2,PERIODIC,84.40366972477064,92.85714285714286
K8_R0.90_T0_H1_N2_S8015_STATIC_inprocess,8015,0,1,N2,STATIC,74.31192660550458,42.857142857142854
K8_R0.90_T0_H1_N2_S8016_CENTRAL_FB_inprocess,8016,0,1,N2,CENTRAL_FB,86.0,80.0
K8_R0.90_T0_H1_N2_S8016_CENTRAL_FOG_inprocess,8016,0,1,N2,CENTRAL_FOG,86.0,80.0
K8_R0.90_T0_H1_N2_S8016_CENTRAL_inprocess,8016,0,1,N2,CENTRAL,86.0,80.0
K8_R0.90_T0_H1_N2_S8016_EDGE_MARKET_inprocess,8016,0,1,N2,EDGE_MARKET,89.0,80.0
K8_R0.90_T0_H1_N2_S8016_HYBRID_EAGER_inprocess,8016,0,1,N2,HYBRID_EAGER,86.0,80.0
K8_R0.90_T0_H1_N2_S8016_HYBRID_inprocess,8016,0,1,N2,HYBRID,86.0,80.0
K8_R0.90_T0_H1_N2_S8016_PERIODIC_inprocess,8016,0,1,N2,PERIODIC,84.0,80.0
K8_R0.90_T0_H1_N2_S8016_STATIC_inprocess,8016,0,1,N2,STATIC,86.0,80.0
K8_R0.90_T0_H1_N2_S8017_CENTRAL_FB_inprocess,8017,0,1,N2,CENTRAL_FB,87.37864077669903,88.88888888888889
K8_R0.90_T0_H1_N2_S8017_CENTRAL_FOG_inprocess,8017,0,1,N2,CENTRAL_FOG,87.37864077669903,88.88888888888889
K8_R0.90_T0_H1_N2_S8017_CENTRAL_inprocess,8017,0,1,N2,CENTRAL,87.37864077669903,88.88888888888889
K8_R0.90_T0_H1_N2_S8017_EDGE_MARKET_inprocess,8017,0,1,N2,EDGE_MARKET,88.3495145631068,100.0
K8_R0.90_T0_H1_N2_S8017_HYBRID_EAGER_inprocess,8017,0,1,N2,HYBRID_EAGER,83.49514563106796,88.88888888888889
K8_R0.90_T0_H1_N2_S8017_HYBRID_inprocess,8017,0,1,N2,HYBRID,87.37864077669903,88.88888888888889
K8_R0.90_T0_H1_N2_S8017_PERIODIC_inprocess,8017,0,1,N2,PERIODIC,82.52427184466019,88.88888888888889
K8_R0.90_T0_H1_N2_S8017_STATIC_inprocess,8017,0,1,N2,STATIC,82.52427184466019,88.88888888888889
K8_R0.90_T0_H1_N2_S8018_CENTRAL_FB_inprocess,8018,0,1,N2,CENTRAL_FB,86.27450980392157,100.0
K8_R0.90_T0_H1_N2_S8018_CENTRAL_FOG_inprocess,8018,0,1,N2,CENTRAL_FOG,86.27450980392157,100.0
K8_R0.90_T0_H1_N2_S8018_CENTRAL_inprocess,8018,0,1,N2,CENTRAL,86.27450980392157,100.0
K8_R0.90_T0_H1_N2_S8018_EDGE_MARKET_inprocess,8018,0,1,N2,EDGE_MARKET,85.29411764705883,85.71428571428571
K8_R0.90_T0_H1_N2_S8018_HYBRID_EAGER_inprocess,8018,0,1,N2,HYBRID_EAGER,82.3529411764706,85.71428571428571
K8_R0.90_T0_H1_N2_S8018_HYBRID_inprocess,8018,0,1,N2,HYBRID,86.27450980392157,100.0
K8_R0.90_T0_H1_N2_S8018_PERIODIC_inprocess,8018,0,1,N2,PERIODIC,84.31372549019608,85.71428571428571
K8_R0.90_T0_H1_N2_S8018_STATIC_inprocess,8018,0,1,N2,STATIC,78.43137254901961,71.42857142857143
K8_R0.90_T0_H1_N2_S8019_CENTRAL_FB_inprocess,8019,0,1,N2,CENTRAL_FB,93.54838709677419,100.0
K8_R0.90_T0_H1_N2_S8019_CENTRAL_FOG_inprocess,8019,0,1,N2,CENTRAL_FOG,93.54838709677419,100.0
K8_R0.90_T0_H1_N2_S8019_CENTRAL_inprocess,8019,0,1,N2,CENTRAL,93.54838709677419,100.0
K8_R0.90_T0_H1_N2_S8019_EDGE_MARKET_inprocess,8019,0,1,N2,EDGE_MARKET,84.94623655913979,80.0
K8_R0.90_T0_H1_N2_S8019_HYBRID_EAGER_inprocess,8019,0,1,N2,HYBRID_EAGER,93.54838709677419,100.0
K8_R0.90_T0_H1_N2_S8019_HYBRID_inprocess,8019,0,1,N2,HYBRID,93.54838709677419,100.0
K8_R0.90_T0_H1_N2_S8019_PERIODIC_inprocess,8019,0,1,N2,PERIODIC,89.24731182795699,80.0
K8_R0.90_T0_H1_N2_S8019_STATIC_inprocess,8019,0,1,N2,STATIC,81.72043010752688,80.0
K8_R0.90_T0_H1_N2_S8020_CENTRAL_FB_inprocess,8020,0,1,N2,CENTRAL_FB,86.79245283018868,85.71428571428571
K8_R0.90_T0_H1_N2_S8020_CENTRAL_FOG_inprocess,8020,0,1,N2,CENTRAL_FOG,86.79245283018868,85.71428571428571
K8_R0.90_T0_H1_N2_S8020_CENTRAL_inprocess,8020,0,1,N2,CENTRAL,86.79245283018868,85.71428571428571
K8_R0.90_T0_H1_N2_S8020_EDGE_MARKET_inprocess,8020,0,1,N2,EDGE_MARKET,83.9622641509434,71.42857142857143
K8_R0.90_T0_H1_N2_S8020_HYBRID_EAGER_inprocess,8020,0,1,N2,HYBRID_EAGER,86.79245283018868,85.71428571428571
K8_R0.90_T0_H1_N2_S8020_HYBRID_inprocess,8020,0,1,N2,HYBRID,86.79245283018868,85.71428571428571
K8_R0.90_T0_H1_N2_S8020_PERIODIC_inprocess,8020,0,1,N2,PERIODIC,85.84905660377359,71.42857142857143
K8_R0.90_T0_H1_N2_S8020_STATIC_inprocess,8020,0,1,N2,STATIC,78.30188679245283,42.857142857142854
K8_R0.90_T0_H1_N2_S8021_CENTRAL_FB_inprocess,8021,0,1,N2,CENTRAL_FB,81.18811881188118,77.77777777777777
K8_R0.90_T0_H1_N2_S8021_CENTRAL_FOG_inprocess,8021,0,1,N2,CENTRAL_FOG,83.16831683168317,88.88888888888889
K8_R0.90_T0_H1_N2_S8021_CENTRAL_inprocess,8021,0,1,N2,CENTRAL,83.16831683168317,88.88888888888889
K8_R0.90_T0_H1_N2_S8021_EDGE_MARKET_inprocess,8021,0,1,N2,EDGE_MARKET,82.17821782178218,77.77777777777777
K8_R0.90_T0_H1_N2_S8021_HYBRID_EAGER_inprocess,8021,0,1,N2,HYBRID_EAGER,86.13861386138613,88.88888888888889
K8_R0.90_T0_H1_N2_S8021_HYBRID_inprocess,8021,0,1,N2,HYBRID,81.18811881188118,77.77777777777777
K8_R0.90_T0_H1_N2_S8021_PERIODIC_inprocess,8021,0,1,N2,PERIODIC,86.13861386138613,88.88888888888889
K8_R0.90_T0_H1_N2_S8021_STATIC_inprocess,8021,0,1,N2,STATIC,78.21782178217822,66.66666666666667
K8_R0.90_T0_H1_N2_S8022_CENTRAL_FB_inprocess,8022,0,1,N2,CENTRAL_FB,80.37383177570094,75.0
K8_R0.90_T0_H1_N2_S8022_CENTRAL_FOG_inprocess,8022,0,1,N2,CENTRAL_FOG,83.17757009345794,100.0
K8_R0.90_T0_H1_N2_S8022_CENTRAL_inprocess,8022,0,1,N2,CENTRAL,83.17757009345794,100.0
K8_R0.90_T0_H1_N2_S8022_EDGE_MARKET_inprocess,8022,0,1,N2,EDGE_MARKET,78.50467289719626,100.0
K8_R0.90_T0_H1_N2_S8022_HYBRID_EAGER_inprocess,8022,0,1,N2,HYBRID_EAGER,78.50467289719626,75.0
K8_R0.90_T0_H1_N2_S8022_HYBRID_inprocess,8022,0,1,N2,HYBRID,80.37383177570094,75.0
K8_R0.90_T0_H1_N2_S8022_PERIODIC_inprocess,8022,0,1,N2,PERIODIC,77.57009345794393,100.0
K8_R0.90_T0_H1_N2_S8022_STATIC_inprocess,8022,0,1,N2,STATIC,64.48598130841121,25.0
K8_R0.90_T0_H1_N2_S8023_CENTRAL_FB_inprocess,8023,0,1,N2,CENTRAL_FB,84.31372549019608,90.9090909090909
K8_R0.90_T0_H1_N2_S8023_CENTRAL_FOG_inprocess,8023,0,1,N2,CENTRAL_FOG,84.31372549019608,90.9090909090909
K8_R0.90_T0_H1_N2_S8023_CENTRAL_inprocess,8023,0,1,N2,CENTRAL,84.31372549019608,90.9090909090909
K8_R0.90_T0_H1_N2_S8023_EDGE_MARKET_inprocess,8023,0,1,N2,EDGE_MARKET,88.23529411764706,100.0
K8_R0.90_T0_H1_N2_S8023_HYBRID_EAGER_inprocess,8023,0,1,N2,HYBRID_EAGER,83.33333333333333,90.9090909090909
K8_R0.90_T0_H1_N2_S8023_HYBRID_inprocess,8023,0,1,N2,HYBRID,84.31372549019608,90.9090909090909
K8_R0.90_T0_H1_N2_S8023_PERIODIC_inprocess,8023,0,1,N2,PERIODIC,84.31372549019608,100.0
K8_R0.90_T0_H1_N2_S8023_STATIC_inprocess,8023,0,1,N2,STATIC,83.33333333333333,72.72727272727273
K8_R0.90_T0_H1_N2_S8024_CENTRAL_FB_inprocess,8024,0,1,N2,CENTRAL_FB,90.0,100.0
K8_R0.90_T0_H1_N2_S8024_CENTRAL_FOG_inprocess,8024,0,1,N2,CENTRAL_FOG,88.0,100.0
K8_R0.90_T0_H1_N2_S8024_CENTRAL_inprocess,8024,0,1,N2,CENTRAL,88.0,100.0
K8_R0.90_T0_H1_N2_S8024_EDGE_MARKET_inprocess,8024,0,1,N2,EDGE_MARKET,88.0,100.0
K8_R0.90_T0_H1_N2_S8024_HYBRID_EAGER_inprocess,8024,0,1,N2,HYBRID_EAGER,91.0,100.0
K8_R0.90_T0_H1_N2_S8024_HYBRID_inprocess,8024,0,1,N2,HYBRID,90.0,100.0
K8_R0.90_T0_H1_N2_S8024_PERIODIC_inprocess,8024,0,1,N2,PERIODIC,85.0,83.33333333333333
K8_R0.90_T0_H1_N2_S8024_STATIC_inprocess,8024,0,1,N2,STATIC,85.0,83.33333333333333
K8_R0.90_T0_H1_N2_S8025_CENTRAL_FB_inprocess,8025,0,1,N2,CENTRAL_FB,92.70833333333333,100.0
K8_R0.90_T0_H1_N2_S8025_CENTRAL_FOG_inprocess,8025,0,1,N2,CENTRAL_FOG,95.83333333333333,100.0
K8_R0.90_T0_H1_N2_S8025_CENTRAL_inprocess,8025,0,1,N2,CENTRAL,95.83333333333333,100.0
K8_R0.90_T0_H1_N2_S8025_EDGE_MARKET_inprocess,8025,0,1,N2,EDGE_MARKET,92.70833333333333,66.66666666666667
K8_R0.90_T0_H1_N2_S8025_HYBRID_EAGER_inprocess,8025,0,1,N2,HYBRID_EAGER,95.83333333333333,100.0
K8_R0.90_T0_H1_N2_S8025_HYBRID_inprocess,8025,0,1,N2,HYBRID,92.70833333333333,100.0
K8_R0.90_T0_H1_N2_S8025_PERIODIC_inprocess,8025,0,1,N2,PERIODIC,94.79166666666667,100.0
K8_R0.90_T0_H1_N2_S8025_STATIC_inprocess,8025,0,1,N2,STATIC,87.5,33.333333333333336
K8_R0.90_T0_H1_N2_S8026_CENTRAL_FB_inprocess,8026,0,1,N2,CENTRAL_FB,91.66666666666667,100.0
K8_R0.90_T0_H1_N2_S8026_CENTRAL_FOG_inprocess,8026,0,1,N2,CENTRAL_FOG,91.66666666666667,100.0
K8_R0.90_T0_H1_N2_S8026_CENTRAL_inprocess,8026,0,1,N2,CENTRAL,91.66666666666667,100.0
K8_R0.90_T0_H1_N2_S8026_EDGE_MARKET_inprocess,8026,0,1,N2,EDGE_MARKET,88.54166666666667,100.0
K8_R0.90_T0_H1_N2_S8026_HYBRID_EAGER_inprocess,8026,0,1,N2,HYBRID_EAGER,91.66666666666667,100.0
K8_R0.90_T0_H1_N2_S8026_HYBRID_inprocess,8026,0,1,N2,HYBRID,91.66666666666667,100.0
K8_R0.90_T0_H1_N2_S8026_PERIODIC_inprocess,8026,0,1,N2,PERIODIC,89.58333333333333,100.0
K8_R0.90_T0_H1_N2_S8026_STATIC_inprocess,8026,0,1,N2,STATIC,89.58333333333333,83.33333333333333
K8_R0.90_T0_H1_N2_S8027_CENTRAL_FB_inprocess,8027,0,1,N2,CENTRAL_FB,87.37864077669903,100.0
K8_R0.90_T0_H1_N2_S8027_CENTRAL_FOG_inprocess,8027,0,1,N2,CENTRAL_FOG,87.37864077669903,100.0
K8_R0.90_T0_H1_N2_S8027_CENTRAL_inprocess,8027,0,1,N2,CENTRAL,87.37864077669903,100.0
K8_R0.90_T0_H1_N2_S8027_EDGE_MARKET_inprocess,8027,0,1,N2,EDGE_MARKET,82.52427184466019,100.0
K8_R0.90_T0_H1_N2_S8027_HYBRID_EAGER_inprocess,8027,0,1,N2,HYBRID_EAGER,87.37864077669903,100.0
K8_R0.90_T0_H1_N2_S8027_HYBRID_inprocess,8027,0,1,N2,HYBRID,87.37864077669903,100.0
K8_R0.90_T0_H1_N2_S8027_PERIODIC_inprocess,8027,0,1,N2,PERIODIC,84.46601941747574,100.0
K8_R0.90_T0_H1_N2_S8027_STATIC_inprocess,8027,0,1,N2,STATIC,73.7864077669903,55.55555555555556
K8_R0.90_T0_H1_N2_S8028_CENTRAL_FB_inprocess,8028,0,1,N2,CENTRAL_FB,76.41509433962264,78.57142857142857
K8_R0.90_T0_H1_N2_S8028_CENTRAL_FOG_inprocess,8028,0,1,N2,CENTRAL_FOG,76.41509433962264,78.57142857142857
K8_R0.90_T0_H1_N2_S8028_CENTRAL_inprocess,8028,0,1,N2,CENTRAL,76.41509433962264,78.57142857142857
K8_R0.90_T0_H1_N2_S8028_EDGE_MARKET_inprocess,8028,0,1,N2,EDGE_MARKET,77.35849056603773,78.57142857142857
K8_R0.90_T0_H1_N2_S8028_HYBRID_EAGER_inprocess,8028,0,1,N2,HYBRID_EAGER,74.52830188679245,78.57142857142857
K8_R0.90_T0_H1_N2_S8028_HYBRID_inprocess,8028,0,1,N2,HYBRID,76.41509433962264,78.57142857142857
K8_R0.90_T0_H1_N2_S8028_PERIODIC_inprocess,8028,0,1,N2,PERIODIC,81.13207547169812,85.71428571428571
K8_R0.90_T0_H1_N2_S8028_STATIC_inprocess,8028,0,1,N2,STATIC,68.86792452830188,42.857142857142854
K8_R0.90_T0_H1_N2_S8029_CENTRAL_FB_inprocess,8029,0,1,N2,CENTRAL_FB,90.9090909090909,100.0
K8_R0.90_T0_H1_N2_S8029_CENTRAL_FOG_inprocess,8029,0,1,N2,CENTRAL_FOG,90.9090909090909,100.0
K8_R0.90_T0_H1_N2_S8029_CENTRAL_inprocess,8029,0,1,N2,CENTRAL,90.9090909090909,100.0
K8_R0.90_T0_H1_N2_S8029_EDGE_MARKET_inprocess,8029,0,1,N2,EDGE_MARKET,85.85858585858585,100.0
K8_R0.90_T0_H1_N2_S8029_HYBRID_EAGER_inprocess,8029,0,1,N2,HYBRID_EAGER,90.9090909090909,100.0
K8_R0.90_T0_H1_N2_S8029_HYBRID_inprocess,8029,0,1,N2,HYBRID,90.9090909090909,100.0
K8_R0.90_T0_H1_N2_S8029_PERIODIC_inprocess,8029,0,1,N2,PERIODIC,88.88888888888889,100.0
K8_R0.90_T0_H1_N2_S8029_STATIC_inprocess,8029,0,1,N2,STATIC,83.83838383838383,50.0
K8_R0.90_T0_H1_N2_S8030_CENTRAL_FB_inprocess,8030,0,1,N2,CENTRAL_FB,88.88888888888889,100.0
K8_R0.90_T0_H1_N2_S8030_CENTRAL_FOG_inprocess,8030,0,1,N2,CENTRAL_FOG,87.87878787878788,100.0
K8_R0.90_T0_H1_N2_S8030_CENTRAL_inprocess,8030,0,1,N2,CENTRAL,87.87878787878788,100.0
K8_R0.90_T0_H1_N2_S8030_EDGE_MARKET_inprocess,8030,0,1,N2,EDGE_MARKET,87.87878787878788,100.0
K8_R0.90_T0_H1_N2_S8030_HYBRID_EAGER_inprocess,8030,0,1,N2,HYBRID_EAGER,85.85858585858585,83.33333333333333
K8_R0.90_T0_H1_N2_S8030_HYBRID_inprocess,8030,0,1,N2,HYBRID,88.88888888888889,100.0
K8_R0.90_T0_H1_N2_S8030_PERIODIC_inprocess,8030,0,1,N2,PERIODIC,86.86868686868686,100.0
K8_R0.90_T0_H1_N2_S8030_STATIC_inprocess,8030,0,1,N2,STATIC,81.81818181818181,50.0
K8_R0.90_T0_H1_N2_S8031_CENTRAL_FB_inprocess,8031,0,1,N2,CENTRAL_FB,83.15789473684211,83.33333333333333
K8_R0.90_T0_H1_N2_S8031_CENTRAL_FOG_inprocess,8031,0,1,N2,CENTRAL_FOG,82.10526315789474,83.33333333333333
K8_R0.90_T0_H1_N2_S8031_CENTRAL_inprocess,8031,0,1,N2,CENTRAL,82.10526315789474,83.33333333333333
K8_R0.90_T0_H1_N2_S8031_EDGE_MARKET_inprocess,8031,0,1,N2,EDGE_MARKET,85.26315789473684,83.33333333333333
K8_R0.90_T0_H1_N2_S8031_HYBRID_EAGER_inprocess,8031,0,1,N2,HYBRID_EAGER,87.36842105263158,83.33333333333333
K8_R0.90_T0_H1_N2_S8031_HYBRID_inprocess,8031,0,1,N2,HYBRID,83.15789473684211,83.33333333333333
K8_R0.90_T0_H1_N2_S8031_PERIODIC_inprocess,8031,0,1,N2,PERIODIC,81.05263157894737,66.66666666666667
K8_R0.90_T0_H1_N2_S8031_STATIC_inprocess,8031,0,1,N2,STATIC,75.78947368421052,50.0
K8_R0.90_T0_H1_N2_S8032_CENTRAL_FB_inprocess,8032,0,1,N2,CENTRAL_FB,91.91919191919192,100.0
K8_R0.90_T0_H1_N2_S8032_CENTRAL_FOG_inprocess,8032,0,1,N2,CENTRAL_FOG,91.91919191919192,100.0
K8_R0.90_T0_H1_N2_S8032_CENTRAL_inprocess,8032,0,1,N2,CENTRAL,91.91919191919192,100.0
K8_R0.90_T0_H1_N2_S8032_EDGE_MARKET_inprocess,8032,0,1,N2,EDGE_MARKET,90.9090909090909,100.0
K8_R0.90_T0_H1_N2_S8032_HYBRID_EAGER_inprocess,8032,0,1,N2,HYBRID_EAGER,91.91919191919192,100.0
K8_R0.90_T0_H1_N2_S8032_HYBRID_inprocess,8032,0,1,N2,HYBRID,91.91919191919192,100.0
K8_R0.90_T0_H1_N2_S8032_PERIODIC_inprocess,8032,0,1,N2,PERIODIC,90.9090909090909,100.0
K8_R0.90_T0_H1_N2_S8032_STATIC_inprocess,8032,0,1,N2,STATIC,87.87878787878788,100.0
K8_R0.90_T0_H1_N2_S8033_CENTRAL_FB_inprocess,8033,0,1,N2,CENTRAL_FB,93.87755102040816,100.0
K8_R0.90_T0_H1_N2_S8033_CENTRAL_FOG_inprocess,8033,0,1,N2,CENTRAL_FOG,93.87755102040816,100.0
K8_R0.90_T0_H1_N2_S8033_CENTRAL_inprocess,8033,0,1,N2,CENTRAL,93.87755102040816,100.0
K8_R0.90_T0_H1_N2_S8033_EDGE_MARKET_inprocess,8033,0,1,N2,EDGE_MARKET,88.77551020408163,83.33333333333333
K8_R0.90_T0_H1_N2_S8033_HYBRID_EAGER_inprocess,8033,0,1,N2,HYBRID_EAGER,93.87755102040816,100.0
K8_R0.90_T0_H1_N2_S8033_HYBRID_inprocess,8033,0,1,N2,HYBRID,93.87755102040816,100.0
K8_R0.90_T0_H1_N2_S8033_PERIODIC_inprocess,8033,0,1,N2,PERIODIC,85.71428571428571,100.0
K8_R0.90_T0_H1_N2_S8033_STATIC_inprocess,8033,0,1,N2,STATIC,81.63265306122449,33.333333333333336
K8_R0.90_T0_H1_N2_S8034_CENTRAL_FB_inprocess,8034,0,1,N2,CENTRAL_FB,94.23076923076923,100.0
K8_R0.90_T0_H1_N2_S8034_CENTRAL_FOG_inprocess,8034,0,1,N2,CENTRAL_FOG,94.23076923076923,100.0
K8_R0.90_T0_H1_N2_S8034_CENTRAL_inprocess,8034,0,1,N2,CENTRAL,94.23076923076923,100.0
K8_R0.90_T0_H1_N2_S8034_EDGE_MARKET_inprocess,8034,0,1,N2,EDGE_MARKET,87.5,100.0
K8_R0.90_T0_H1_N2_S8034_HYBRID_EAGER_inprocess,8034,0,1,N2,HYBRID_EAGER,93.26923076923077,100.0
K8_R0.90_T0_H1_N2_S8034_HYBRID_inprocess,8034,0,1,N2,HYBRID,94.23076923076923,100.0
K8_R0.90_T0_H1_N2_S8034_PERIODIC_inprocess,8034,0,1,N2,PERIODIC,85.57692307692308,100.0
K8_R0.90_T0_H1_N2_S8034_STATIC_inprocess,8034,0,1,N2,STATIC,79.8076923076923,62.5
K8_R0.90_T0_H1_N2_S8035_CENTRAL_FB_inprocess,8035,0,1,N2,CENTRAL_FB,90.990990990991,91.66666666666667
K8_R0.90_T0_H1_N2_S8035_CENTRAL_FOG_inprocess,8035,0,1,N2,CENTRAL_FOG,90.990990990991,91.66666666666667
K8_R0.90_T0_H1_N2_S8035_CENTRAL_inprocess,8035,0,1,N2,CENTRAL,90.990990990991,91.66666666666667
K8_R0.90_T0_H1_N2_S8035_EDGE_MARKET_inprocess,8035,0,1,N2,EDGE_MARKET,89.1891891891892,91.66666666666667
K8_R0.90_T0_H1_N2_S8035_HYBRID_EAGER_inprocess,8035,0,1,N2,HYBRID_EAGER,90.990990990991,91.66666666666667
K8_R0.90_T0_H1_N2_S8035_HYBRID_inprocess,8035,0,1,N2,HYBRID,90.990990990991,91.66666666666667
K8_R0.90_T0_H1_N2_S8035_PERIODIC_inprocess,8035,0,1,N2,PERIODIC,87.38738738738739,83.33333333333333
K8_R0.90_T0_H1_N2_S8035_STATIC_inprocess,8035,0,1,N2,STATIC,78.37837837837837,41.666666666666664
K8_R0.90_T0_H1_N2_S8036_CENTRAL_FB_inprocess,8036,0,1,N2,CENTRAL_FB,84.46601941747574,87.5
K8_R0.90_T0_H1_N2_S8036_CENTRAL_FOG_inprocess,8036,0,1,N2,CENTRAL_FOG,84.46601941747574,100.0
K8_R0.90_T0_H1_N2_S8036_CENTRAL_inprocess,8036,0,1,N2,CENTRAL,84.46601941747574,100.0
K8_R0.90_T0_H1_N2_S8036_EDGE_MARKET_inprocess,8036,0,1,N2,EDGE_MARKET,82.52427184466019,87.5
K8_R0.90_T0_H1_N2_S8036_HYBRID_EAGER_inprocess,8036,0,1,N2,HYBRID_EAGER,86.40776699029126,87.5
K8_R0.90_T0_H1_N2_S8036_HYBRID_inprocess,8036,0,1,N2,HYBRID,84.46601941747574,87.5
K8_R0.90_T0_H1_N2_S8036_PERIODIC_inprocess,8036,0,1,N2,PERIODIC,85.4368932038835,75.0
K8_R0.90_T0_H1_N2_S8036_STATIC_inprocess,8036,0,1,N2,STATIC,77.66990291262135,62.5
K8_R0.90_T0_H1_N2_S8037_CENTRAL_FB_inprocess,8037,0,1,N2,CENTRAL_FB,79.62962962962963,90.0
K8_R0.90_T0_H1_N2_S8037_CENTRAL_FOG_inprocess,8037,0,1,N2,CENTRAL_FOG,79.62962962962963,90.0
K8_R0.90_T0_H1_N2_S8037_CENTRAL_inprocess,8037,0,1,N2,CENTRAL,79.62962962962963,90.0
K8_R0.90_T0_H1_N2_S8037_EDGE_MARKET_inprocess,8037,0,1,N2,EDGE_MARKET,83.33333333333333,90.0
K8_R0.90_T0_H1_N2_S8037_HYBRID_EAGER_inprocess,8037,0,1,N2,HYBRID_EAGER,84.25925925925925,90.0
K8_R0.90_T0_H1_N2_S8037_HYBRID_inprocess,8037,0,1,N2,HYBRID,79.62962962962963,90.0
K8_R0.90_T0_H1_N2_S8037_PERIODIC_inprocess,8037,0,1,N2,PERIODIC,85.18518518518519,90.0
K8_R0.90_T0_H1_N2_S8037_STATIC_inprocess,8037,0,1,N2,STATIC,76.85185185185185,50.0
K8_R0.90_T0_H1_N2_S8038_CENTRAL_FB_inprocess,8038,0,1,N2,CENTRAL_FB,94.84536082474227,100.0
K8_R0.90_T0_H1_N2_S8038_CENTRAL_FOG_inprocess,8038,0,1,N2,CENTRAL_FOG,90.72164948453609,100.0
K8_R0.90_T0_H1_N2_S8038_CENTRAL_inprocess,8038,0,1,N2,CENTRAL,90.72164948453609,100.0
K8_R0.90_T0_H1_N2_S8038_EDGE_MARKET_inprocess,8038,0,1,N2,EDGE_MARKET,88.65979381443299,100.0
K8_R0.90_T0_H1_N2_S8038_HYBRID_EAGER_inprocess,8038,0,1,N2,HYBRID_EAGER,94.84536082474227,100.0
K8_R0.90_T0_H1_N2_S8038_HYBRID_inprocess,8038,0,1,N2,HYBRID,94.84536082474227,100.0
K8_R0.90_T0_H1_N2_S8038_PERIODIC_inprocess,8038,0,1,N2,PERIODIC,91.75257731958763,100.0
K8_R0.90_T0_H1_N2_S8038_STATIC_inprocess,8038,0,1,N2,STATIC,79.38144329896907,60.0
K8_R0.90_T0_H1_N2_S8039_CENTRAL_FB_inprocess,8039,0,1,N2,CENTRAL_FB,86.13861386138613,66.66666666666667
K8_R0.90_T0_H1_N2_S8039_CENTRAL_FOG_inprocess,8039,0,1,N2,CENTRAL_FOG,86.13861386138613,66.66666666666667
K8_R0.90_T0_H1_N2_S8039_CENTRAL_inprocess,8039,0,1,N2,CENTRAL,86.13861386138613,66.66666666666667
K8_R0.90_T0_H1_N2_S8039_EDGE_MARKET_inprocess,8039,0,1,N2,EDGE_MARKET,92.07920792079207,100.0
K8_R0.90_T0_H1_N2_S8039_HYBRID_EAGER_inprocess,8039,0,1,N2,HYBRID_EAGER,91.08910891089108,83.33333333333333
K8_R0.90_T0_H1_N2_S8039_HYBRID_inprocess,8039,0,1,N2,HYBRID,86.13861386138613,66.66666666666667
K8_R0.90_T0_H1_N2_S8039_PERIODIC_inprocess,8039,0,1,N2,PERIODIC,91.08910891089108,100.0
K8_R0.90_T0_H1_N2_S8039_STATIC_inprocess,8039,0,1,N2,STATIC,86.13861386138613,66.66666666666667
K8_R0.90_T0_H1_N2_S8040_CENTRAL_FB_inprocess,8040,0,1,N2,CENTRAL_FB,90.81632653061224,85.71428571428571
K8_R0.90_T0_H1_N2_S8040_CENTRAL_FOG_inprocess,8040,0,1,N2,CENTRAL_FOG,90.81632653061224,85.71428571428571
K8_R0.90_T0_H1_N2_S8040_CENTRAL_inprocess,8040,0,1,N2,CENTRAL,90.81632653061224,85.71428571428571
K8_R0.90_T0_H1_N2_S8040_EDGE_MARKET_inprocess,8040,0,1,N2,EDGE_MARKET,88.77551020408163,100.0
K8_R0.90_T0_H1_N2_S8040_HYBRID_EAGER_inprocess,8040,0,1,N2,HYBRID_EAGER,90.81632653061224,85.71428571428571
K8_R0.90_T0_H1_N2_S8040_HYBRID_inprocess,8040,0,1,N2,HYBRID,90.81632653061224,85.71428571428571
K8_R0.90_T0_H1_N2_S8040_PERIODIC_inprocess,8040,0,1,N2,PERIODIC,90.81632653061224,100.0
K8_R0.90_T0_H1_N2_S8040_STATIC_inprocess,8040,0,1,N2,STATIC,73.46938775510205,71.42857142857143
K8_R0.90_T0_H1_N3_S8001_CENTRAL_FB_inprocess,8001,0,1,N3,CENTRAL_FB,86.36363636363636,91.66666666666667
K8_R0.90_T0_H1_N3_S8001_CENTRAL_FOG_inprocess,8001,0,1,N3,CENTRAL_FOG,84.54545454545455,91.66666666666667
K8_R0.90_T0_H1_N3_S8001_CENTRAL_inprocess,8001,0,1,N3,CENTRAL,84.54545454545455,91.66666666666667
K8_R0.90_T0_H1_N3_S8001_EDGE_MARKET_inprocess,8001,0,1,N3,EDGE_MARKET,80.0,83.33333333333333
K8_R0.90_T0_H1_N3_S8001_HYBRID_EAGER_inprocess,8001,0,1,N3,HYBRID_EAGER,83.63636363636364,91.66666666666667
K8_R0.90_T0_H1_N3_S8001_HYBRID_inprocess,8001,0,1,N3,HYBRID,86.36363636363636,91.66666666666667
K8_R0.90_T0_H1_N3_S8001_PERIODIC_inprocess,8001,0,1,N3,PERIODIC,82.72727272727273,100.0
K8_R0.90_T0_H1_N3_S8001_STATIC_inprocess,8001,0,1,N3,STATIC,74.54545454545455,50.0
K8_R0.90_T0_H1_N3_S8002_CENTRAL_FB_inprocess,8002,0,1,N3,CENTRAL_FB,90.625,100.0
K8_R0.90_T0_H1_N3_S8002_CENTRAL_FOG_inprocess,8002,0,1,N3,CENTRAL_FOG,89.58333333333333,100.0
K8_R0.90_T0_H1_N3_S8002_CENTRAL_inprocess,8002,0,1,N3,CENTRAL,89.58333333333333,100.0
K8_R0.90_T0_H1_N3_S8002_EDGE_MARKET_inprocess,8002,0,1,N3,EDGE_MARKET,91.66666666666667,100.0
K8_R0.90_T0_H1_N3_S8002_HYBRID_EAGER_inprocess,8002,0,1,N3,HYBRID_EAGER,90.625,100.0
K8_R0.90_T0_H1_N3_S8002_HYBRID_inprocess,8002,0,1,N3,HYBRID,90.625,100.0
K8_R0.90_T0_H1_N3_S8002_PERIODIC_inprocess,8002,0,1,N3,PERIODIC,89.58333333333333,83.33333333333333
K8_R0.90_T0_H1_N3_S8002_STATIC_inprocess,8002,0,1,N3,STATIC,84.375,66.66666666666667
K8_R0.90_T0_H1_N3_S8003_CENTRAL_FB_inprocess,8003,0,1,N3,CENTRAL_FB,92.45283018867924,90.9090909090909
K8_R0.90_T0_H1_N3_S8003_CENTRAL_FOG_inprocess,8003,0,1,N3,CENTRAL_FOG,92.45283018867924,90.9090909090909
K8_R0.90_T0_H1_N3_S8003_CENTRAL_inprocess,8003,0,1,N3,CENTRAL,92.45283018867924,90.9090909090909
K8_R0.90_T0_H1_N3_S8003_EDGE_MARKET_inprocess,8003,0,1,N3,EDGE_MARKET,83.01886792452831,72.72727272727273
K8_R0.90_T0_H1_N3_S8003_HYBRID_EAGER_inprocess,8003,0,1,N3,HYBRID_EAGER,91.50943396226415,90.9090909090909
K8_R0.90_T0_H1_N3_S8003_HYBRID_inprocess,8003,0,1,N3,HYBRID,92.45283018867924,90.9090909090909
K8_R0.90_T0_H1_N3_S8003_PERIODIC_inprocess,8003,0,1,N3,PERIODIC,83.9622641509434,90.9090909090909
K8_R0.90_T0_H1_N3_S8003_STATIC_inprocess,8003,0,1,N3,STATIC,76.41509433962264,36.36363636363637
K8_R0.90_T0_H1_N3_S8004_CENTRAL_FB_inprocess,8004,0,1,N3,CENTRAL_FB,92.55319148936171,50.0
K8_R0.90_T0_H1_N3_S8004_CENTRAL_FOG_inprocess,8004,0,1,N3,CENTRAL_FOG,92.55319148936171,50.0
K8_R0.90_T0_H1_N3_S8004_CENTRAL_inprocess,8004,0,1,N3,CENTRAL,92.55319148936171,50.0
K8_R0.90_T0_H1_N3_S8004_EDGE_MARKET_inprocess,8004,0,1,N3,EDGE_MARKET,87.23404255319149,50.0
K8_R0.90_T0_H1_N3_S8004_HYBRID_EAGER_inprocess,8004,0,1,N3,HYBRID_EAGER,92.55319148936171,50.0
K8_R0.90_T0_H1_N3_S8004_HYBRID_inprocess,8004,0,1,N3,HYBRID,92.55319148936171,50.0
K8_R0.90_T0_H1_N3_S8004_PERIODIC_inprocess,8004,0,1,N3,PERIODIC,91.48936170212765,50.0
K8_R0.90_T0_H1_N3_S8004_STATIC_inprocess,8004,0,1,N3,STATIC,84.04255319148936,50.0
K8_R0.90_T0_H1_N3_S8005_CENTRAL_FB_inprocess,8005,0,1,N3,CENTRAL_FB,89.47368421052632,100.0
K8_R0.90_T0_H1_N3_S8005_CENTRAL_FOG_inprocess,8005,0,1,N3,CENTRAL_FOG,88.42105263157895,100.0
K8_R0.90_T0_H1_N3_S8005_CENTRAL_inprocess,8005,0,1,N3,CENTRAL,88.42105263157895,100.0
K8_R0.90_T0_H1_N3_S8005_EDGE_MARKET_inprocess,8005,0,1,N3,EDGE_MARKET,91.57894736842105,100.0
K8_R0.90_T0_H1_N3_S8005_HYBRID_EAGER_inprocess,8005,0,1,N3,HYBRID_EAGER,88.42105263157895,100.0
K8_R0.90_T0_H1_N3_S8005_HYBRID_inprocess,8005,0,1,N3,HYBRID,89.47368421052632,100.0
K8_R0.90_T0_H1_N3_S8005_PERIODIC_inprocess,8005,0,1,N3,PERIODIC,96.84210526315789,100.0
K8_R0.90_T0_H1_N3_S8005_STATIC_inprocess,8005,0,1,N3,STATIC,86.3157894736842,66.66666666666667
K8_R0.90_T0_H1_N3_S8006_CENTRAL_FB_inprocess,8006,0,1,N3,CENTRAL_FB,79.59183673469387,62.5
K8_R0.90_T0_H1_N3_S8006_CENTRAL_FOG_inprocess,8006,0,1,N3,CENTRAL_FOG,79.59183673469387,62.5
K8_R0.90_T0_H1_N3_S8006_CENTRAL_inprocess,8006,0,1,N3,CENTRAL,79.59183673469387,62.5
K8_R0.90_T0_H1_N3_S8006_EDGE_MARKET_inprocess,8006,0,1,N3,EDGE_MARKET,90.81632653061224,87.5
K8_R0.90_T0_H1_N3_S8006_HYBRID_EAGER_inprocess,8006,0,1,N3,HYBRID_EAGER,82.65306122448979,75.0
K8_R0.90_T0_H1_N3_S8006_HYBRID_inprocess,8006,0,1,N3,HYBRID,79.59183673469387,62.5
K8_R0.90_T0_H1_N3_S8006_PERIODIC_inprocess,8006,0,1,N3,PERIODIC,82.65306122448979,75.0
K8_R0.90_T0_H1_N3_S8006_STATIC_inprocess,8006,0,1,N3,STATIC,82.65306122448979,50.0
K8_R0.90_T0_H1_N3_S8007_CENTRAL_FB_inprocess,8007,0,1,N3,CENTRAL_FB,91.08910891089108,100.0
K8_R0.90_T0_H1_N3_S8007_CENTRAL_FOG_inprocess,8007,0,1,N3,CENTRAL_FOG,91.08910891089108,100.0
K8_R0.90_T0_H1_N3_S8007_CENTRAL_inprocess,8007,0,1,N3,CENTRAL,91.08910891089108,100.0
K8_R0.90_T0_H1_N3_S8007_EDGE_MARKET_inprocess,8007,0,1,N3,EDGE_MARKET,87.12871287128714,100.0
K8_R0.90_T0_H1_N3_S8007_HYBRID_EAGER_inprocess,8007,0,1,N3,HYBRID_EAGER,93.06930693069307,100.0
K8_R0.90_T0_H1_N3_S8007_HYBRID_inprocess,8007,0,1,N3,HYBRID,91.08910891089108,100.0
K8_R0.90_T0_H1_N3_S8007_PERIODIC_inprocess,8007,0,1,N3,PERIODIC,86.13861386138613,88.88888888888889
K8_R0.90_T0_H1_N3_S8007_STATIC_inprocess,8007,0,1,N3,STATIC,80.1980198019802,66.66666666666667
K8_R0.90_T0_H1_N3_S8008_CENTRAL_FB_inprocess,8008,0,1,N3,CENTRAL_FB,89.58333333333333,100.0
K8_R0.90_T0_H1_N3_S8008_CENTRAL_FOG_inprocess,8008,0,1,N3,CENTRAL_FOG,90.625,100.0
K8_R0.90_T0_H1_N3_S8008_CENTRAL_inprocess,8008,0,1,N3,CENTRAL,90.625,100.0
K8_R0.90_T0_H1_N3_S8008_EDGE_MARKET_inprocess,8008,0,1,N3,EDGE_MARKET,87.5,80.0
K8_R0.90_T0_H1_N3_S8008_HYBRID_EAGER_inprocess,8008,0,1,N3,HYBRID_EAGER,89.58333333333333,100.0
K8_R0.90_T0_H1_N3_S8008_HYBRID_inprocess,8008,0,1,N3,HYBRID,89.58333333333333,100.0
K8_R0.90_T0_H1_N3_S8008_PERIODIC_inprocess,8008,0,1,N3,PERIODIC,84.375,80.0
K8_R0.90_T0_H1_N3_S8008_STATIC_inprocess,8008,0,1,N3,STATIC,79.16666666666667,60.0
K8_R0.90_T0_H1_N3_S8009_CENTRAL_FB_inprocess,8009,0,1,N3,CENTRAL_FB,86.81318681318682,50.0
K8_R0.90_T0_H1_N3_S8009_CENTRAL_FOG_inprocess,8009,0,1,N3,CENTRAL_FOG,85.71428571428571,50.0
K8_R0.90_T0_H1_N3_S8009_CENTRAL_inprocess,8009,0,1,N3,CENTRAL,85.71428571428571,50.0
K8_R0.90_T0_H1_N3_S8009_EDGE_MARKET_inprocess,8009,0,1,N3,EDGE_MARKET,82.41758241758242,50.0
K8_R0.90_T0_H1_N3_S8009_HYBRID_EAGER_inprocess,8009,0,1,N3,HYBRID_EAGER,86.81318681318682,50.0
K8_R0.90_T0_H1_N3_S8009_HYBRID_inprocess,8009,0,1,N3,HYBRID,86.81318681318682,50.0
K8_R0.90_T0_H1_N3_S8009_PERIODIC_inprocess,8009,0,1,N3,PERIODIC,84.61538461538461,75.0
K8_R0.90_T0_H1_N3_S8009_STATIC_inprocess,8009,0,1,N3,STATIC,79.12087912087912,50.0
K8_R0.90_T0_H1_N3_S8010_CENTRAL_FB_inprocess,8010,0,1,N3,CENTRAL_FB,90.3225806451613,100.0
K8_R0.90_T0_H1_N3_S8010_CENTRAL_FOG_inprocess,8010,0,1,N3,CENTRAL_FOG,89.24731182795699,100.0
K8_R0.90_T0_H1_N3_S8010_CENTRAL_inprocess,8010,0,1,N3,CENTRAL,89.24731182795699,100.0
K8_R0.90_T0_H1_N3_S8010_EDGE_MARKET_inprocess,8010,0,1,N3,EDGE_MARKET,84.94623655913979,75.0
K8_R0.90_T0_H1_N3_S8010_HYBRID_EAGER_inprocess,8010,0,1,N3,HYBRID_EAGER,88.17204301075269,100.0
K8_R0.90_T0_H1_N3_S8010_HYBRID_inprocess,8010,0,1,N3,HYBRID,90.3225806451613,100.0
K8_R0.90_T0_H1_N3_S8010_PERIODIC_inprocess,8010,0,1,N3,PERIODIC,90.3225806451613,100.0
K8_R0.90_T0_H1_N3_S8010_STATIC_inprocess,8010,0,1,N3,STATIC,81.72043010752688,50.0
K8_R0.90_T0_H1_N3_S8011_CENTRAL_FB_inprocess,8011,0,1,N3,CENTRAL_FB,80.95238095238095,100.0
K8_R0.90_T0_H1_N3_S8011_CENTRAL_FOG_inprocess,8011,0,1,N3,CENTRAL_FOG,80.95238095238095,100.0
K8_R0.90_T0_H1_N3_S8011_CENTRAL_inprocess,8011,0,1,N3,CENTRAL,80.95238095238095,100.0
K8_R0.90_T0_H1_N3_S8011_EDGE_MARKET_inprocess,8011,0,1,N3,EDGE_MARKET,80.0,100.0
K8_R0.90_T0_H1_N3_S8011_HYBRID_EAGER_inprocess,8011,0,1,N3,HYBRID_EAGER,80.95238095238095,100.0
K8_R0.90_T0_H1_N3_S8011_HYBRID_inprocess,8011,0,1,N3,HYBRID,80.95238095238095,100.0
K8_R0.90_T0_H1_N3_S8011_PERIODIC_inprocess,8011,0,1,N3,PERIODIC,80.95238095238095,100.0
K8_R0.90_T0_H1_N3_S8011_STATIC_inprocess,8011,0,1,N3,STATIC,72.38095238095238,28.571428571428573
K8_R0.90_T0_H1_N3_S8012_CENTRAL_FB_inprocess,8012,0,1,N3,CENTRAL_FB,73.87387387387388,72.72727272727273
K8_R0.90_T0_H1_N3_S8012_CENTRAL_FOG_inprocess,8012,0,1,N3,CENTRAL_FOG,73.87387387387388,72.72727272727273
K8_R0.90_T0_H1_N3_S8012_CENTRAL_inprocess,8012,0,1,N3,CENTRAL,73.87387387387388,72.72727272727273
K8_R0.90_T0_H1_N3_S8012_EDGE_MARKET_inprocess,8012,0,1,N3,EDGE_MARKET,76.57657657657657,90.9090909090909
K8_R0.90_T0_H1_N3_S8012_HYBRID_EAGER_inprocess,8012,0,1,N3,HYBRID_EAGER,73.87387387387388,72.72727272727273
K8_R0.90_T0_H1_N3_S8012_HYBRID_inprocess,8012,0,1,N3,HYBRID,73.87387387387388,72.72727272727273
K8_R0.90_T0_H1_N3_S8012_PERIODIC_inprocess,8012,0,1,N3,PERIODIC,77.47747747747748,100.0
K8_R0.90_T0_H1_N3_S8012_STATIC_inprocess,8012,0,1,N3,STATIC,69.36936936936937,36.36363636363637
K8_R0.90_T0_H1_N3_S8013_CENTRAL_FB_inprocess,8013,0,1,N3,CENTRAL_FB,81.55339805825243,77.77777777777777
K8_R0.90_T0_H1_N3_S8013_CENTRAL_FOG_inprocess,8013,0,1,N3,CENTRAL_FOG,85.4368932038835,77.77777777777777
K8_R0.90_T0_H1_N3_S8013_CENTRAL_inprocess,8013,0,1,N3,CENTRAL,85.4368932038835,77.77777777777777
K8_R0.90_T0_H1_N3_S8013_EDGE_MARKET_inprocess,8013,0,1,N3,EDGE_MARKET,75.72815533980582,77.77777777777777
K8_R0.90_T0_H1_N3_S8013_HYBRID_EAGER_inprocess,8013,0,1,N3,HYBRID_EAGER,81.55339805825243,77.77777777777777
K8_R0.90_T0_H1_N3_S8013_HYBRID_inprocess,8013,0,1,N3,HYBRID,81.55339805825243,77.77777777777777
K8_R0.90_T0_H1_N3_S8013_PERIODIC_inprocess,8013,0,1,N3,PERIODIC,80.58252427184466,88.88888888888889
K8_R0.90_T0_H1_N3_S8013_STATIC_inprocess,8013,0,1,N3,STATIC,68.93203883495146,44.44444444444444
K8_R0.90_T0_H1_N3_S8014_CENTRAL_FB_inprocess,8014,0,1,N3,CENTRAL_FB,86.66666666666667,81.81818181818181
K8_R0.90_T0_H1_N3_S8014_CENTRAL_FOG_inprocess,8014,0,1,N3,CENTRAL_FOG,90.47619047619048,90.9090909090909
K8_R0.90_T0_H1_N3_S8014_CENTRAL_inprocess,8014,0,1,N3,CENTRAL,90.47619047619048,90.9090909090909
K8_R0.90_T0_H1_N3_S8014_EDGE_MARKET_inprocess,8014,0,1,N3,EDGE_MARKET,81.9047619047619,90.9090909090909
K8_R0.90_T0_H1_N3_S8014_HYBRID_EAGER_inprocess,8014,0,1,N3,HYBRID_EAGER,85.71428571428571,81.81818181818181
K8_R0.90_T0_H1_N3_S8014_HYBRID_inprocess,8014,0,1,N3,HYBRID,86.66666666666667,81.81818181818181
K8_R0.90_T0_H1_N3_S8014_PERIODIC_inprocess,8014,0,1,N3,PERIODIC,80.95238095238095,72.72727272727273
K8_R0.90_T0_H1_N3_S8014_STATIC_inprocess,8014,0,1,N3,STATIC,87.61904761904762,81.81818181818181
K8_R0.90_T0_H1_N3_S8015_CENTRAL_FB_inprocess,8015,0,1,N3,CENTRAL_FB,86.23853211009174,85.71428571428571
K8_R0.90_T0_H1_N3_S8015_CENTRAL_FOG_inprocess,8015,0,1,N3,CENTRAL_FOG,89.90825688073394,92.85714285714286
K8_R0.90_T0_H1_N3_S8015_CENTRAL_inprocess,8015,0,1,N3,CENTRAL,89.90825688073394,92.85714285714286
K8_R0.90_T0_H1_N3_S8015_EDGE_MARKET_inprocess,8015,0,1,N3,EDGE_MARKET,80.73394495412845,78.57142857142857
K8_R0.90_T0_H1_N3_S8015_HYBRID_EAGER_inprocess,8015,0,1,N3,HYBRID_EAGER,88.07339449541284,92.85714285714286
K8_R0.90_T0_H1_N3_S8015_HYBRID_inprocess,8015,0,1,N3,HYBRID,86.23853211009174,85.71428571428571
K8_R0.90_T0_H1_N3_S8015_PERIODIC_inprocess,8015,0,1,N3,PERIODIC,84.40366972477064,100.0
K8_R0.90_T0_H1_N3_S8015_STATIC_inprocess,8015,0,1,N3,STATIC,74.31192660550458,42.857142857142854
K8_R0.90_T0_H1_N3_S8016_CENTRAL_FB_inprocess,8016,0,1,N3,CENTRAL_FB,88.0,80.0
K8_R0.90_T0_H1_N3_S8016_CENTRAL_FOG_inprocess,8016,0,1,N3,CENTRAL_FOG,88.0,80.0
K8_R0.90_T0_H1_N3_S8016_CENTRAL_inprocess,8016,0,1,N3,CENTRAL,88.0,80.0
K8_R0.90_T0_H1_N3_S8016_EDGE_MARKET_inprocess,8016,0,1,N3,EDGE_MARKET,91.0,100.0
K8_R0.90_T0_H1_N3_S8016_HYBRID_EAGER_inprocess,8016,0,1,N3,HYBRID_EAGER,88.0,80.0
K8_R0.90_T0_H1_N3_S8016_HYBRID_inprocess,8016,0,1,N3,HYBRID,88.0,80.0
K8_R0.90_T0_H1_N3_S8016_PERIODIC_inprocess,8016,0,1,N3,PERIODIC,88.0,100.0
K8_R0.90_T0_H1_N3_S8016_STATIC_inprocess,8016,0,1,N3,STATIC,86.0,80.0
K8_R0.90_T0_H1_N3_S8017_CENTRAL_FB_inprocess,8017,0,1,N3,CENTRAL_FB,86.40776699029126,88.88888888888889
K8_R0.90_T0_H1_N3_S8017_CENTRAL_FOG_inprocess,8017,0,1,N3,CENTRAL_FOG,86.40776699029126,88.88888888888889
K8_R0.90_T0_H1_N3_S8017_CENTRAL_inprocess,8017,0,1,N3,CENTRAL,86.40776699029126,88.88888888888889
K8_R0.90_T0_H1_N3_S8017_EDGE_MARKET_inprocess,8017,0,1,N3,EDGE_MARKET,86.40776699029126,100.0
K8_R0.90_T0_H1_N3_S8017_HYBRID_EAGER_inprocess,8017,0,1,N3,HYBRID_EAGER,87.37864077669903,100.0
K8_R0.90_T0_H1_N3_S8017_HYBRID_inprocess,8017,0,1,N3,HYBRID,86.40776699029126,88.88888888888889
K8_R0.90_T0_H1_N3_S8017_PERIODIC_inprocess,8017,0,1,N3,PERIODIC,90.29126213592232,100.0
K8_R0.90_T0_H1_N3_S8017_STATIC_inprocess,8017,0,1,N3,STATIC,75.72815533980582,66.66666666666667
K8_R0.90_T0_H1_N3_S8018_CENTRAL_FB_inprocess,8018,0,1,N3,CENTRAL_FB,84.31372549019608,100.0
K8_R0.90_T0_H1_N3_S8018_CENTRAL_FOG_inprocess,8018,0,1,N3,CENTRAL_FOG,85.29411764705883,100.0
K8_R0.90_T0_H1_N3_S8018_CENTRAL_inprocess,8018,0,1,N3,CENTRAL,85.29411764705883,100.0
K8_R0.90_T0_H1_N3_S8018_EDGE_MARKET_inprocess,8018,0,1,N3,EDGE_MARKET,85.29411764705883,85.71428571428571
K8_R0.90_T0_H1_N3_S8018_HYBRID_EAGER_inprocess,8018,0,1,N3,HYBRID_EAGER,87.25490196078431,100.0
K8_R0.90_T0_H1_N3_S8018_HYBRID_inprocess,8018,0,1,N3,HYBRID,84.31372549019608,100.0
K8_R0.90_T0_H1_N3_S8018_PERIODIC_inprocess,8018,0,1,N3,PERIODIC,80.3921568627451,71.42857142857143
K8_R0.90_T0_H1_N3_S8018_STATIC_inprocess,8018,0,1,N3,STATIC,72.54901960784314,28.571428571428573
K8_R0.90_T0_H1_N3_S8019_CENTRAL_FB_inprocess,8019,0,1,N3,CENTRAL_FB,87.09677419354838,60.0
K8_R0.90_T0_H1_N3_S8019_CENTRAL_FOG_inprocess,8019,0,1,N3,CENTRAL_FOG,89.24731182795699,100.0
K8_R0.90_T0_H1_N3_S8019_CENTRAL_inprocess,8019,0,1,N3,CENTRAL,89.24731182795699,100.0
K8_R0.90_T0_H1_N3_S8019_EDGE_MARKET_inprocess,8019,0,1,N3,EDGE_MARKET,81.72043010752688,60.0
K8_R0.90_T0_H1_N3_S8019_HYBRID_EAGER_inprocess,8019,0,1,N3,HYBRID_EAGER,88.17204301075269,80.0
K8_R0.90_T0_H1_N3_S8019_HYBRID_inprocess,8019,0,1,N3,HYBRID,87.09677419354838,60.0
K8_R0.90_T0_H1_N3_S8019_PERIODIC_inprocess,8019,0,1,N3,PERIODIC,88.17204301075269,100.0
K8_R0.90_T0_H1_N3_S8019_STATIC_inprocess,8019,0,1,N3,STATIC,81.72043010752688,80.0
K8_R0.90_T0_H1_N3_S8020_CENTRAL_FB_inprocess,8020,0,1,N3,CENTRAL_FB,86.79245283018868,85.71428571428571
K8_R0.90_T0_H1_N3_S8020_CENTRAL_FOG_inprocess,8020,0,1,N3,CENTRAL_FOG,86.79245283018868,85.71428571428571
K8_R0.90_T0_H1_N3_S8020_CENTRAL_inprocess,8020,0,1,N3,CENTRAL,86.79245283018868,85.71428571428571
K8_R0.90_T0_H1_N3_S8020_EDGE_MARKET_inprocess,8020,0,1,N3,EDGE_MARKET,81.13207547169812,71.42857142857143
K8_R0.90_T0_H1_N3_S8020_HYBRID_EAGER_inprocess,8020,0,1,N3,HYBRID_EAGER,83.9622641509434,85.71428571428571
K8_R0.90_T0_H1_N3_S8020_HYBRID_inprocess,8020,0,1,N3,HYBRID,86.79245283018868,85.71428571428571
K8_R0.90_T0_H1_N3_S8020_PERIODIC_inprocess,8020,0,1,N3,PERIODIC,80.18867924528301,42.857142857142854
K8_R0.90_T0_H1_N3_S8020_STATIC_inprocess,8020,0,1,N3,STATIC,76.41509433962264,42.857142857142854
K8_R0.90_T0_H1_N3_S8021_CENTRAL_FB_inprocess,8021,0,1,N3,CENTRAL_FB,82.17821782178218,77.77777777777777
K8_R0.90_T0_H1_N3_S8021_CENTRAL_FOG_inprocess,8021,0,1,N3,CENTRAL_FOG,81.18811881188118,77.77777777777777
K8_R0.90_T0_H1_N3_S8021_CENTRAL_inprocess,8021,0,1,N3,CENTRAL,81.18811881188118,77.77777777777777
K8_R0.90_T0_H1_N3_S8021_EDGE_MARKET_inprocess,8021,0,1,N3,EDGE_MARKET,83.16831683168317,77.77777777777777
K8_R0.90_T0_H1_N3_S8021_HYBRID_EAGER_inprocess,8021,0,1,N3,HYBRID_EAGER,85.14851485148515,88.88888888888889
K8_R0.90_T0_H1_N3_S8021_HYBRID_inprocess,8021,0,1,N3,HYBRID,82.17821782178218,77.77777777777777
K8_R0.90_T0_H1_N3_S8021_PERIODIC_inprocess,8021,0,1,N3,PERIODIC,77.22772277227723,77.77777777777777
K8_R0.90_T0_H1_N3_S8021_STATIC_inprocess,8021,0,1,N3,STATIC,73.26732673267327,44.44444444444444
K8_R0.90_T0_H1_N3_S8022_CENTRAL_FB_inprocess,8022,0,1,N3,CENTRAL_FB,74.76635514018692,100.0
K8_R0.90_T0_H1_N3_S8022_CENTRAL_FOG_inprocess,8022,0,1,N3,CENTRAL_FOG,72.89719626168224,75.0
K8_R0.90_T0_H1_N3_S8022_CENTRAL_inprocess,8022,0,1,N3,CENTRAL,72.89719626168224,75.0
K8_R0.90_T0_H1_N3_S8022_EDGE_MARKET_inprocess,8022,0,1,N3,EDGE_MARKET,68.22429906542057,75.0
K8_R0.90_T0_H1_N3_S8022_HYBRID_EAGER_inprocess,8022,0,1,N3,HYBRID_EAGER,75.70093457943925,87.5
K8_R0.90_T0_H1_N3_S8022_HYBRID_inprocess,8022,0,1,N3,HYBRID,74.76635514018692,100.0
K8_R0.90_T0_H1_N3_S8022_PERIODIC_inprocess,8022,0,1,N3,PERIODIC,74.76635514018692,87.5
K8_R0.90_T0_H1_N3_S8022_STATIC_inprocess,8022,0,1,N3,STATIC,64.48598130841121,50.0
K8_R0.90_T0_H1_N3_S8023_CENTRAL_FB_inprocess,8023,0,1,N3,CENTRAL_FB,77.45098039215686,90.9090909090909
K8_R0.90_T0_H1_N3_S8023_CENTRAL_FOG_inprocess,8023,0,1,N3,CENTRAL_FOG,81.37254901960785,90.9090909090909
K8_R0.90_T0_H1_N3_S8023_CENTRAL_inprocess,8023,0,1,N3,CENTRAL,81.37254901960785,90.9090909090909
K8_R0.90_T0_H1_N3_S8023_EDGE_MARKET_inprocess,8023,0,1,N3,EDGE_MARKET,81.37254901960785,81.81818181818181
K8_R0.90_T0_H1_N3_S8023_HYBRID_EAGER_inprocess,8023,0,1,N3,HYBRID_EAGER,84.31372549019608,100.0
K8_R0.90_T0_H1_N3_S8023_HYBRID_inprocess,8023,0,1,N3,HYBRID,77.45098039215686,90.9090909090909
K8_R0.90_T0_H1_N3_S8023_PERIODIC_inprocess,8023,0,1,N3,PERIODIC,83.33333333333333,90.9090909090909
K8_R0.90_T0_H1_N3_S8023_STATIC_inprocess,8023,0,1,N3,STATIC,77.45098039215686,72.72727272727273
K8_R0.90_T0_H1_N3_S8024_CENTRAL_FB_inprocess,8024,0,1,N3,CENTRAL_FB,90.0,83.33333333333333
K8_R0.90_T0_H1_N3_S8024_CENTRAL_FOG_inprocess,8024,0,1,N3,CENTRAL_FOG,90.0,83.33333333333333
K8_R0.90_T0_H1_N3_S8024_CENTRAL_inprocess,8024,0,1,N3,CENTRAL,90.0,83.33333333333333
K8_R0.90_T0_H1_N3_S8024_EDGE_MARKET_inprocess,8024,0,1,N3,EDGE_MARKET,84.0,100.0
K8_R0.90_T0_H1_N3_S8024_HYBRID_EAGER_inprocess,8024,0,1,N3,HYBRID_EAGER,90.0,83.33333333333333
K8_R0.90_T0_H1_N3_S8024_HYBRID_inprocess,8024,0,1,N3,HYBRID,90.0,83.33333333333333
K8_R0.90_T0_H1_N3_S8024_PERIODIC_inprocess,8024,0,1,N3,PERIODIC,85.0,100.0
K8_R0.90_T0_H1_N3_S8024_STATIC_inprocess,8024,0,1,N3,STATIC,84.0,100.0
K8_R0.90_T0_H1_N3_S8025_CENTRAL_FB_inprocess,8025,0,1,N3,CENTRAL_FB,87.5,66.66666666666667
K8_R0.90_T0_H1_N3_S8025_CENTRAL_FOG_inprocess,8025,0,1,N3,CENTRAL_FOG,87.5,66.66666666666667
K8_R0.90_T0_H1_N3_S8025_CENTRAL_inprocess,8025,0,1,N3,CENTRAL,87.5,66.66666666666667
K8_R0.90_T0_H1_N3_S8025_EDGE_MARKET_inprocess,8025,0,1,N3,EDGE_MARKET,88.54166666666667,100.0
K8_R0.90_T0_H1_N3_S8025_HYBRID_EAGER_inprocess,8025,0,1,N3,HYBRID_EAGER,92.70833333333333,66.66666666666667
K8_R0.90_T0_H1_N3_S8025_HYBRID_inprocess,8025,0,1,N3,HYBRID,87.5,66.66666666666667
K8_R0.90_T0_H1_N3_S8025_PERIODIC_inprocess,8025,0,1,N3,PERIODIC,90.625,100.0
K8_R0.90_T0_H1_N3_S8025_STATIC_inprocess,8025,0,1,N3,STATIC,82.29166666666667,33.333333333333336
K8_R0.90_T0_H1_N3_S8026_CENTRAL_FB_inprocess,8026,0,1,N3,CENTRAL_FB,92.70833333333333,100.0
K8_R0.90_T0_H1_N3_S8026_CENTRAL_FOG_inprocess,8026,0,1,N3,CENTRAL_FOG,92.70833333333333,100.0
K8_R0.90_T0_H1_N3_S8026_CENTRAL_inprocess,8026,0,1,N3,CENTRAL,92.70833333333333,100.0
K8_R0.90_T0_H1_N3_S8026_EDGE_MARKET_inprocess,8026,0,1,N3,EDGE_MARKET,89.58333333333333,100.0
K8_R0.90_T0_H1_N3_S8026_HYBRID_EAGER_inprocess,8026,0,1,N3,HYBRID_EAGER,92.70833333333333,100.0
K8_R0.90_T0_H1_N3_S8026_HYBRID_inprocess,8026,0,1,N3,HYBRID,92.70833333333333,100.0
K8_R0.90_T0_H1_N3_S8026_PERIODIC_inprocess,8026,0,1,N3,PERIODIC,90.625,83.33333333333333
K8_R0.90_T0_H1_N3_S8026_STATIC_inprocess,8026,0,1,N3,STATIC,88.54166666666667,83.33333333333333
K8_R0.90_T0_H1_N3_S8027_CENTRAL_FB_inprocess,8027,0,1,N3,CENTRAL_FB,87.37864077669903,100.0
K8_R0.90_T0_H1_N3_S8027_CENTRAL_FOG_inprocess,8027,0,1,N3,CENTRAL_FOG,86.40776699029126,100.0
K8_R0.90_T0_H1_N3_S8027_CENTRAL_inprocess,8027,0,1,N3,CENTRAL,86.40776699029126,100.0
K8_R0.90_T0_H1_N3_S8027_EDGE_MARKET_inprocess,8027,0,1,N3,EDGE_MARKET,81.55339805825243,100.0
K8_R0.90_T0_H1_N3_S8027_HYBRID_EAGER_inprocess,8027,0,1,N3,HYBRID_EAGER,85.4368932038835,100.0
K8_R0.90_T0_H1_N3_S8027_HYBRID_inprocess,8027,0,1,N3,HYBRID,87.37864077669903,100.0
K8_R0.90_T0_H1_N3_S8027_PERIODIC_inprocess,8027,0,1,N3,PERIODIC,84.46601941747574,100.0
K8_R0.90_T0_H1_N3_S8027_STATIC_inprocess,8027,0,1,N3,STATIC,76.69902912621359,55.55555555555556
K8_R0.90_T0_H1_N3_S8028_CENTRAL_FB_inprocess,8028,0,1,N3,CENTRAL_FB,75.47169811320755,71.42857142857143
K8_R0.90_T0_H1_N3_S8028_CENTRAL_FOG_inprocess,8028,0,1,N3,CENTRAL_FOG,79.24528301886792,78.57142857142857
K8_R0.90_T0_H1_N3_S8028_CENTRAL_inprocess,8028,0,1,N3,CENTRAL,79.24528301886792,78.57142857142857
K8_R0.90_T0_H1_N3_S8028_EDGE_MARKET_inprocess,8028,0,1,N3,EDGE_MARKET,77.35849056603773,78.57142857142857
K8_R0.90_T0_H1_N3_S8028_HYBRID_EAGER_inprocess,8028,0,1,N3,HYBRID_EAGER,76.41509433962264,78.57142857142857
K8_R0.90_T0_H1_N3_S8028_HYBRID_inprocess,8028,0,1,N3,HYBRID,75.47169811320755,71.42857142857143
K8_R0.90_T0_H1_N3_S8028_PERIODIC_inprocess,8028,0,1,N3,PERIODIC,80.18867924528301,85.71428571428571
K8_R0.90_T0_H1_N3_S8028_STATIC_inprocess,8028,0,1,N3,STATIC,69.81132075471699,50.0
K8_R0.90_T0_H1_N3_S8029_CENTRAL_FB_inprocess,8029,0,1,N3,CENTRAL_FB,87.87878787878788,100.0
K8_R0.90_T0_H1_N3_S8029_CENTRAL_FOG_inprocess,8029,0,1,N3,CENTRAL_FOG,87.87878787878788,100.0
K8_R0.90_T0_H1_N3_S8029_CENTRAL_inprocess,8029,0,1,N3,CENTRAL,87.87878787878788,100.0
K8_R0.90_T0_H1_N3_S8029_EDGE_MARKET_inprocess,8029,0,1,N3,EDGE_MARKET,83.83838383838383,100.0
K8_R0.90_T0_H1_N3_S8029_HYBRID_EAGER_inprocess,8029,0,1,N3,HYBRID_EAGER,87.87878787878788,100.0
K8_R0.90_T0_H1_N3_S8029_HYBRID_inprocess,8029,0,1,N3,HYBRID,87.87878787878788,100.0
K8_R0.90_T0_H1_N3_S8029_PERIODIC_inprocess,8029,0,1,N3,PERIODIC,83.83838383838383,100.0
K8_R0.90_T0_H1_N3_S8029_STATIC_inprocess,8029,0,1,N3,STATIC,78.78787878787878,33.333333333333336
K8_R0.90_T0_H1_N3_S8030_CENTRAL_FB_inprocess,8030,0,1,N3,CENTRAL_FB,88.88888888888889,100.0
K8_R0.90_T0_H1_N3_S8030_CENTRAL_FOG_inprocess,8030,0,1,N3,CENTRAL_FOG,88.88888888888889,100.0
K8_R0.90_T0_H1_N3_S8030_CENTRAL_inprocess,8030,0,1,N3,CENTRAL,88.88888888888889,100.0
K8_R0.90_T0_H1_N3_S8030_EDGE_MARKET_inprocess,8030,0,1,N3,EDGE_MARKET,79.79797979797979,100.0
K8_R0.90_T0_H1_N3_S8030_HYBRID_EAGER_inprocess,8030,0,1,N3,HYBRID_EAGER,88.88888888888889,100.0
K8_R0.90_T0_H1_N3_S8030_HYBRID_inprocess,8030,0,1,N3,HYBRID,88.88888888888889,100.0
K8_R0.90_T0_H1_N3_S8030_PERIODIC_inprocess,8030,0,1,N3,PERIODIC,80.8080808080808,83.33333333333333
K8_R0.90_T0_H1_N3_S8030_STATIC_inprocess,8030,0,1,N3,STATIC,79.79797979797979,50.0
K8_R0.90_T0_H1_N3_S8031_CENTRAL_FB_inprocess,8031,0,1,N3,CENTRAL_FB,83.15789473684211,83.33333333333333
K8_R0.90_T0_H1_N3_S8031_CENTRAL_FOG_inprocess,8031,0,1,N3,CENTRAL_FOG,82.10526315789474,83.33333333333333
K8_R0.90_T0_H1_N3_S8031_CENTRAL_inprocess,8031,0,1,N3,CENTRAL,82.10526315789474,83.33333333333333
K8_R0.90_T0_H1_N3_S8031_EDGE_MARKET_inprocess,8031,0,1,N3,EDGE_MARKET,81.05263157894737,83.33333333333333
K8_R0.90_T0_H1_N3_S8031_HYBRID_EAGER_inprocess,8031,0,1,N3,HYBRID_EAGER,86.3157894736842,83.33333333333333
K8_R0.90_T0_H1_N3_S8031_HYBRID_inprocess,8031,0,1,N3,HYBRID,83.15789473684211,83.33333333333333
K8_R0.90_T0_H1_N3_S8031_PERIODIC_inprocess,8031,0,1,N3,PERIODIC,83.15789473684211,83.33333333333333
K8_R0.90_T0_H1_N3_S8031_STATIC_inprocess,8031,0,1,N3,STATIC,75.78947368421052,50.0
K8_R0.90_T0_H1_N3_S8032_CENTRAL_FB_inprocess,8032,0,1,N3,CENTRAL_FB,88.88888888888889,100.0
K8_R0.90_T0_H1_N3_S8032_CENTRAL_FOG_inprocess,8032,0,1,N3,CENTRAL_FOG,86.86868686868686,100.0
K8_R0.90_T0_H1_N3_S8032_CENTRAL_inprocess,8032,0,1,N3,CENTRAL,86.86868686868686,100.0
K8_R0.90_T0_H1_N3_S8032_EDGE_MARKET_inprocess,8032,0,1,N3,EDGE_MARKET,89.8989898989899,100.0
K8_R0.90_T0_H1_N3_S8032_HYBRID_EAGER_inprocess,8032,0,1,N3,HYBRID_EAGER,88.88888888888889,100.0
K8_R0.90_T0_H1_N3_S8032_HYBRID_inprocess,8032,0,1,N3,HYBRID,88.88888888888889,100.0
K8_R0.90_T0_H1_N3_S8032_PERIODIC_inprocess,8032,0,1,N3,PERIODIC,87.87878787878788,83.33333333333333
K8_R0.90_T0_H1_N3_S8032_STATIC_inprocess,8032,0,1,N3,STATIC,87.87878787878788,100.0
K8_R0.90_T0_H1_N3_S8033_CENTRAL_FB_inprocess,8033,0,1,N3,CENTRAL_FB,90.81632653061224,100.0
K8_R0.90_T0_H1_N3_S8033_CENTRAL_FOG_inprocess,8033,0,1,N3,CENTRAL_FOG,92.85714285714286,100.0
K8_R0.90_T0_H1_N3_S8033_CENTRAL_inprocess,8033,0,1,N3,CENTRAL,92.85714285714286,100.0
K8_R0.90_T0_H1_N3_S8033_EDGE_MARKET_inprocess,8033,0,1,N3,EDGE_MARKET,84.6938775510204,66.66666666666667
K8_R0.90_T0_H1_N3_S8033_HYBRID_EAGER_inprocess,8033,0,1,N3,HYBRID_EAGER,88.77551020408163,83.33333333333333
K8_R0.90_T0_H1_N3_S8033_HYBRID_inprocess,8033,0,1,N3,HYBRID,90.81632653061224,100.0
K8_R0.90_T0_H1_N3_S8033_PERIODIC_inprocess,8033,0,1,N3,PERIODIC,90.81632653061224,100.0
K8_R0.90_T0_H1_N3_S8033_STATIC_inprocess,8033,0,1,N3,STATIC,81.63265306122449,33.333333333333336
K8_R0.90_T0_H1_N3_S8034_CENTRAL_FB_inprocess,8034,0,1,N3,CENTRAL_FB,92.3076923076923,100.0
K8_R0.90_T0_H1_N3_S8034_CENTRAL_FOG_inprocess,8034,0,1,N3,CENTRAL_FOG,92.3076923076923,100.0
K8_R0.90_T0_H1_N3_S8034_CENTRAL_inprocess,8034,0,1,N3,CENTRAL,92.3076923076923,100.0
K8_R0.90_T0_H1_N3_S8034_EDGE_MARKET_inprocess,8034,0,1,N3,EDGE_MARKET,81.73076923076923,87.5
K8_R0.90_T0_H1_N3_S8034_HYBRID_EAGER_inprocess,8034,0,1,N3,HYBRID_EAGER,92.3076923076923,100.0
K8_R0.90_T0_H1_N3_S8034_HYBRID_inprocess,8034,0,1,N3,HYBRID,92.3076923076923,100.0
K8_R0.90_T0_H1_N3_S8034_PERIODIC_inprocess,8034,0,1,N3,PERIODIC,87.5,87.5
K8_R0.90_T0_H1_N3_S8034_STATIC_inprocess,8034,0,1,N3,STATIC,77.88461538461539,62.5
K8_R0.90_T0_H1_N3_S8035_CENTRAL_FB_inprocess,8035,0,1,N3,CENTRAL_FB,90.990990990991,83.33333333333333
K8_R0.90_T0_H1_N3_S8035_CENTRAL_FOG_inprocess,8035,0,1,N3,CENTRAL_FOG,90.990990990991,83.33333333333333
K8_R0.90_T0_H1_N3_S8035_CENTRAL_inprocess,8035,0,1,N3,CENTRAL,90.990990990991,83.33333333333333
K8_R0.90_T0_H1_N3_S8035_EDGE_MARKET_inprocess,8035,0,1,N3,EDGE_MARKET,86.48648648648648,83.33333333333333
K8_R0.90_T0_H1_N3_S8035_HYBRID_EAGER_inprocess,8035,0,1,N3,HYBRID_EAGER,88.28828828828829,75.0
K8_R0.90_T0_H1_N3_S8035_HYBRID_inprocess,8035,0,1,N3,HYBRID,90.990990990991,83.33333333333333
K8_R0.90_T0_H1_N3_S8035_PERIODIC_inprocess,8035,0,1,N3,PERIODIC,81.98198198198199,91.66666666666667
K8_R0.90_T0_H1_N3_S8035_STATIC_inprocess,8035,0,1,N3,STATIC,79.27927927927928,58.333333333333336
K8_R0.90_T0_H1_N3_S8036_CENTRAL_FB_inprocess,8036,0,1,N3,CENTRAL_FB,84.46601941747574,87.5
K8_R0.90_T0_H1_N3_S8036_CENTRAL_FOG_inprocess,8036,0,1,N3,CENTRAL_FOG,79.6116504854369,62.5
K8_R0.90_T0_H1_N3_S8036_CENTRAL_inprocess,8036,0,1,N3,CENTRAL,79.6116504854369,62.5
K8_R0.90_T0_H1_N3_S8036_EDGE_MARKET_inprocess,8036,0,1,N3,EDGE_MARKET,77.66990291262135,62.5
K8_R0.90_T0_H1_N3_S8036_HYBRID_EAGER_inprocess,8036,0,1,N3,HYBRID_EAGER,84.46601941747574,87.5
K8_R0.90_T0_H1_N3_S8036_HYBRID_inprocess,8036,0,1,N3,HYBRID,84.46601941747574,87.5
K8_R0.90_T0_H1_N3_S8036_PERIODIC_inprocess,8036,0,1,N3,PERIODIC,77.66990291262135,62.5
K8_R0.90_T0_H1_N3_S8036_STATIC_inprocess,8036,0,1,N3,STATIC,76.69902912621359,62.5
K8_R0.90_T0_H1_N3_S8037_CENTRAL_FB_inprocess,8037,0,1,N3,CENTRAL_FB,82.4074074074074,80.0
K8_R0.90_T0_H1_N3_S8037_CENTRAL_FOG_inprocess,8037,0,1,N3,CENTRAL_FOG,81.48148148148148,80.0
K8_R0.90_T0_H1_N3_S8037_CENTRAL_inprocess,8037,0,1,N3,CENTRAL,81.48148148148148,80.0
K8_R0.90_T0_H1_N3_S8037_EDGE_MARKET_inprocess,8037,0,1,N3,EDGE_MARKET,86.11111111111111,100.0
K8_R0.90_T0_H1_N3_S8037_HYBRID_EAGER_inprocess,8037,0,1,N3,HYBRID_EAGER,82.4074074074074,80.0
K8_R0.90_T0_H1_N3_S8037_HYBRID_inprocess,8037,0,1,N3,HYBRID,82.4074074074074,80.0
K8_R0.90_T0_H1_N3_S8037_PERIODIC_inprocess,8037,0,1,N3,PERIODIC,81.48148148148148,70.0
K8_R0.90_T0_H1_N3_S8037_STATIC_inprocess,8037,0,1,N3,STATIC,73.14814814814815,30.0
K8_R0.90_T0_H1_N3_S8038_CENTRAL_FB_inprocess,8038,0,1,N3,CENTRAL_FB,92.78350515463917,100.0
K8_R0.90_T0_H1_N3_S8038_CENTRAL_FOG_inprocess,8038,0,1,N3,CENTRAL_FOG,92.78350515463917,100.0
K8_R0.90_T0_H1_N3_S8038_CENTRAL_inprocess,8038,0,1,N3,CENTRAL,92.78350515463917,100.0
K8_R0.90_T0_H1_N3_S8038_EDGE_MARKET_inprocess,8038,0,1,N3,EDGE_MARKET,89.69072164948453,100.0
K8_R0.90_T0_H1_N3_S8038_HYBRID_EAGER_inprocess,8038,0,1,N3,HYBRID_EAGER,88.65979381443299,100.0
K8_R0.90_T0_H1_N3_S8038_HYBRID_inprocess,8038,0,1,N3,HYBRID,92.78350515463917,100.0
K8_R0.90_T0_H1_N3_S8038_PERIODIC_inprocess,8038,0,1,N3,PERIODIC,86.5979381443299,100.0
K8_R0.90_T0_H1_N3_S8038_STATIC_inprocess,8038,0,1,N3,STATIC,79.38144329896907,60.0
K8_R0.90_T0_H1_N3_S8039_CENTRAL_FB_inprocess,8039,0,1,N3,CENTRAL_FB,91.08910891089108,100.0
K8_R0.90_T0_H1_N3_S8039_CENTRAL_FOG_inprocess,8039,0,1,N3,CENTRAL_FOG,93.06930693069307,100.0
K8_R0.90_T0_H1_N3_S8039_CENTRAL_inprocess,8039,0,1,N3,CENTRAL,93.06930693069307,100.0
K8_R0.90_T0_H1_N3_S8039_EDGE_MARKET_inprocess,8039,0,1,N3,EDGE_MARKET,89.10891089108911,83.33333333333333
K8_R0.90_T0_H1_N3_S8039_HYBRID_EAGER_inprocess,8039,0,1,N3,HYBRID_EAGER,90.0990099009901,83.33333333333333
K8_R0.90_T0_H1_N3_S8039_HYBRID_inprocess,8039,0,1,N3,HYBRID,91.08910891089108,100.0
K8_R0.90_T0_H1_N3_S8039_PERIODIC_inprocess,8039,0,1,N3,PERIODIC,89.10891089108911,100.0
K8_R0.90_T0_H1_N3_S8039_STATIC_inprocess,8039,0,1,N3,STATIC,80.1980198019802,50.0
K8_R0.90_T0_H1_N3_S8040_CENTRAL_FB_inprocess,8040,0,1,N3,CENTRAL_FB,89.79591836734694,100.0
K8_R0.90_T0_H1_N3_S8040_CENTRAL_FOG_inprocess,8040,0,1,N3,CENTRAL_FOG,89.79591836734694,100.0
K8_R0.90_T0_H1_N3_S8040_CENTRAL_inprocess,8040,0,1,N3,CENTRAL,89.79591836734694,100.0
K8_R0.90_T0_H1_N3_S8040_EDGE_MARKET_inprocess,8040,0,1,N3,EDGE_MARKET,88.77551020408163,100.0
K8_R0.90_T0_H1_N3_S8040_HYBRID_EAGER_inprocess,8040,0,1,N3,HYBRID_EAGER,89.79591836734694,100.0
K8_R0.90_T0_H1_N3_S8040_HYBRID_inprocess,8040,0,1,N3,HYBRID,89.79591836734694,100.0
K8_R0.90_T0_H1_N3_S8040_PERIODIC_inprocess,8040,0,1,N3,PERIODIC,87.75510204081633,100.0
K8_R0.90_T0_H1_N3_S8040_STATIC_inprocess,8040,0,1,N3,STATIC,77.55102040816327,71.42857142857143
K8_R0.90_T0_H1_N4_S8001_CENTRAL_FB_inprocess,8001,0,1,N4,CENTRAL_FB,76.36363636363636,66.66666666666667
K8_R0.90_T0_H1_N4_S8001_CENTRAL_FOG_inprocess,8001,0,1,N4,CENTRAL_FOG,85.45454545454545,100.0
K8_R0.90_T0_H1_N4_S8001_CENTRAL_inprocess,8001,0,1,N4,CENTRAL,78.18181818181819,66.66666666666667
K8_R0.90_T0_H1_N4_S8001_EDGE_MARKET_inprocess,8001,0,1,N4,EDGE_MARKET,82.72727272727273,100.0
K8_R0.90_T0_H1_N4_S8001_HYBRID_EAGER_inprocess,8001,0,1,N4,HYBRID_EAGER,86.36363636363636,100.0
K8_R0.90_T0_H1_N4_S8001_HYBRID_inprocess,8001,0,1,N4,HYBRID,86.36363636363636,100.0
K8_R0.90_T0_H1_N4_S8001_PERIODIC_inprocess,8001,0,1,N4,PERIODIC,80.0,66.66666666666667
K8_R0.90_T0_H1_N4_S8001_STATIC_inprocess,8001,0,1,N4,STATIC,77.27272727272727,58.333333333333336
K8_R0.90_T0_H1_N4_S8002_CENTRAL_FB_inprocess,8002,0,1,N4,CENTRAL_FB,86.45833333333333,66.66666666666667
K8_R0.90_T0_H1_N4_S8002_CENTRAL_FOG_inprocess,8002,0,1,N4,CENTRAL_FOG,91.66666666666667,100.0
K8_R0.90_T0_H1_N4_S8002_CENTRAL_inprocess,8002,0,1,N4,CENTRAL,89.58333333333333,83.33333333333333
K8_R0.90_T0_H1_N4_S8002_EDGE_MARKET_inprocess,8002,0,1,N4,EDGE_MARKET,90.625,83.33333333333333
K8_R0.90_T0_H1_N4_S8002_HYBRID_EAGER_inprocess,8002,0,1,N4,HYBRID_EAGER,90.625,83.33333333333333
K8_R0.90_T0_H1_N4_S8002_HYBRID_inprocess,8002,0,1,N4,HYBRID,90.625,83.33333333333333
K8_R0.90_T0_H1_N4_S8002_PERIODIC_inprocess,8002,0,1,N4,PERIODIC,80.20833333333333,66.66666666666667
K8_R0.90_T0_H1_N4_S8002_STATIC_inprocess,8002,0,1,N4,STATIC,81.25,66.66666666666667
K8_R0.90_T0_H1_N4_S8003_CENTRAL_FB_inprocess,8003,0,1,N4,CENTRAL_FB,83.01886792452831,63.63636363636363
K8_R0.90_T0_H1_N4_S8003_CENTRAL_FOG_inprocess,8003,0,1,N4,CENTRAL_FOG,92.45283018867924,90.9090909090909
K8_R0.90_T0_H1_N4_S8003_CENTRAL_inprocess,8003,0,1,N4,CENTRAL,80.18867924528301,54.54545454545455
K8_R0.90_T0_H1_N4_S8003_EDGE_MARKET_inprocess,8003,0,1,N4,EDGE_MARKET,87.73584905660377,90.9090909090909
K8_R0.90_T0_H1_N4_S8003_HYBRID_EAGER_inprocess,8003,0,1,N4,HYBRID_EAGER,88.67924528301887,90.9090909090909
K8_R0.90_T0_H1_N4_S8003_HYBRID_inprocess,8003,0,1,N4,HYBRID,88.67924528301887,90.9090909090909
K8_R0.90_T0_H1_N4_S8003_PERIODIC_inprocess,8003,0,1,N4,PERIODIC,81.13207547169812,45.45454545454545
K8_R0.90_T0_H1_N4_S8003_STATIC_inprocess,8003,0,1,N4,STATIC,75.47169811320755,36.36363636363637
K8_R0.90_T0_H1_N4_S8004_CENTRAL_FB_inprocess,8004,0,1,N4,CENTRAL_FB,92.55319148936171,0.0
K8_R0.90_T0_H1_N4_S8004_CENTRAL_FOG_inprocess,8004,0,1,N4,CENTRAL_FOG,93.61702127659575,50.0
K8_R0.90_T0_H1_N4_S8004_CENTRAL_inprocess,8004,0,1,N4,CENTRAL,92.55319148936171,0.0
K8_R0.90_T0_H1_N4_S8004_EDGE_MARKET_inprocess,8004,0,1,N4,EDGE_MARKET,89.36170212765957,50.0
K8_R0.90_T0_H1_N4_S8004_HYBRID_EAGER_inprocess,8004,0,1,N4,HYBRID_EAGER,93.61702127659575,50.0
K8_R0.90_T0_H1_N4_S8004_HYBRID_inprocess,8004,0,1,N4,HYBRID,93.61702127659575,50.0
K8_R0.90_T0_H1_N4_S8004_PERIODIC_inprocess,8004,0,1,N4,PERIODIC,88.29787234042553,0.0
K8_R0.90_T0_H1_N4_S8004_STATIC_inprocess,8004,0,1,N4,STATIC,86.17021276595744,0.0
K8_R0.90_T0_H1_N4_S8005_CENTRAL_FB_inprocess,8005,0,1,N4,CENTRAL_FB,93.6842105263158,100.0
K8_R0.90_T0_H1_N4_S8005_CENTRAL_FOG_inprocess,8005,0,1,N4,CENTRAL_FOG,96.84210526315789,100.0
K8_R0.90_T0_H1_N4_S8005_CENTRAL_inprocess,8005,0,1,N4,CENTRAL,96.84210526315789,100.0
K8_R0.90_T0_H1_N4_S8005_EDGE_MARKET_inprocess,8005,0,1,N4,EDGE_MARKET,92.63157894736842,100.0
K8_R0.90_T0_H1_N4_S8005_HYBRID_EAGER_inprocess,8005,0,1,N4,HYBRID_EAGER,97.89473684210526,100.0
K8_R0.90_T0_H1_N4_S8005_HYBRID_inprocess,8005,0,1,N4,HYBRID,94.73684210526316,100.0
K8_R0.90_T0_H1_N4_S8005_PERIODIC_inprocess,8005,0,1,N4,PERIODIC,93.6842105263158,100.0
K8_R0.90_T0_H1_N4_S8005_STATIC_inprocess,8005,0,1,N4,STATIC,88.42105263157895,33.333333333333336
K8_R0.90_T0_H1_N4_S8006_CENTRAL_FB_inprocess,8006,0,1,N4,CENTRAL_FB,88.77551020408163,87.5
K8_R0.90_T0_H1_N4_S8006_CENTRAL_FOG_inprocess,8006,0,1,N4,CENTRAL_FOG,90.81632653061224,87.5
K8_R0.90_T0_H1_N4_S8006_CENTRAL_inprocess,8006,0,1,N4,CENTRAL,88.77551020408163,87.5
K8_R0.90_T0_H1_N4_S8006_EDGE_MARKET_inprocess,8006,0,1,N4,EDGE_MARKET,85.71428571428571,87.5
K8_R0.90_T0_H1_N4_S8006_HYBRID_EAGER_inprocess,8006,0,1,N4,HYBRID_EAGER,88.77551020408163,75.0
K8_R0.90_T0_H1_N4_S8006_HYBRID_inprocess,8006,0,1,N4,HYBRID,90.81632653061224,87.5
K8_R0.90_T0_H1_N4_S8006_PERIODIC_inprocess,8006,0,1,N4,PERIODIC,82.65306122448979,75.0
K8_R0.90_T0_H1_N4_S8006_STATIC_inprocess,8006,0,1,N4,STATIC,78.57142857142857,50.0
K8_R0.90_T0_H1_N4_S8007_CENTRAL_FB_inprocess,8007,0,1,N4,CENTRAL_FB,82.17821782178218,66.66666666666667
K8_R0.90_T0_H1_N4_S8007_CENTRAL_FOG_inprocess,8007,0,1,N4,CENTRAL_FOG,87.12871287128714,88.88888888888889
K8_R0.90_T0_H1_N4_S8007_CENTRAL_inprocess,8007,0,1,N4,CENTRAL,84.15841584158416,66.66666666666667
K8_R0.90_T0_H1_N4_S8007_EDGE_MARKET_inprocess,8007,0,1,N4,EDGE_MARKET,87.12871287128714,88.88888888888889
K8_R0.90_T0_H1_N4_S8007_HYBRID_EAGER_inprocess,8007,0,1,N4,HYBRID_EAGER,86.13861386138613,88.88888888888889
K8_R0.90_T0_H1_N4_S8007_HYBRID_inprocess,8007,0,1,N4,HYBRID,86.13861386138613,88.88888888888889
K8_R0.90_T0_H1_N4_S8007_PERIODIC_inprocess,8007,0,1,N4,PERIODIC,83.16831683168317,66.66666666666667
K8_R0.90_T0_H1_N4_S8007_STATIC_inprocess,8007,0,1,N4,STATIC,76.23762376237623,44.44444444444444
K8_R0.90_T0_H1_N4_S8008_CENTRAL_FB_inprocess,8008,0,1,N4,CENTRAL_FB,88.54166666666667,80.0
K8_R0.90_T0_H1_N4_S8008_CENTRAL_FOG_inprocess,8008,0,1,N4,CENTRAL_FOG,87.5,100.0
K8_R0.90_T0_H1_N4_S8008_CENTRAL_inprocess,8008,0,1,N4,CENTRAL,87.5,80.0
K8_R0.90_T0_H1_N4_S8008_EDGE_MARKET_inprocess,8008,0,1,N4,EDGE_MARKET,88.54166666666667,80.0
K8_R0.90_T0_H1_N4_S8008_HYBRID_EAGER_inprocess,8008,0,1,N4,HYBRID_EAGER,90.625,100.0
K8_R0.90_T0_H1_N4_S8008_HYBRID_inprocess,8008,0,1,N4,HYBRID,89.58333333333333,100.0
K8_R0.90_T0_H1_N4_S8008_PERIODIC_inprocess,8008,0,1,N4,PERIODIC,86.45833333333333,60.0
K8_R0.90_T0_H1_N4_S8008_STATIC_inprocess,8008,0,1,N4,STATIC,80.20833333333333,40.0
K8_R0.90_T0_H1_N4_S8009_CENTRAL_FB_inprocess,8009,0,1,N4,CENTRAL_FB,78.02197802197803,50.0
K8_R0.90_T0_H1_N4_S8009_CENTRAL_FOG_inprocess,8009,0,1,N4,CENTRAL_FOG,84.61538461538461,75.0
K8_R0.90_T0_H1_N4_S8009_CENTRAL_inprocess,8009,0,1,N4,CENTRAL,79.12087912087912,50.0
K8_R0.90_T0_H1_N4_S8009_EDGE_MARKET_inprocess,8009,0,1,N4,EDGE_MARKET,82.41758241758242,50.0
K8_R0.90_T0_H1_N4_S8009_HYBRID_EAGER_inprocess,8009,0,1,N4,HYBRID_EAGER,86.81318681318682,75.0
K8_R0.90_T0_H1_N4_S8009_HYBRID_inprocess,8009,0,1,N4,HYBRID,86.81318681318682,75.0
K8_R0.90_T0_H1_N4_S8009_PERIODIC_inprocess,8009,0,1,N4,PERIODIC,86.81318681318682,75.0
K8_R0.90_T0_H1_N4_S8009_STATIC_inprocess,8009,0,1,N4,STATIC,80.21978021978022,50.0
K8_R0.90_T0_H1_N4_S8010_CENTRAL_FB_inprocess,8010,0,1,N4,CENTRAL_FB,86.02150537634408,75.0
K8_R0.90_T0_H1_N4_S8010_CENTRAL_FOG_inprocess,8010,0,1,N4,CENTRAL_FOG,82.79569892473118,100.0
K8_R0.90_T0_H1_N4_S8010_CENTRAL_inprocess,8010,0,1,N4,CENTRAL,84.94623655913979,75.0
K8_R0.90_T0_H1_N4_S8010_EDGE_MARKET_inprocess,8010,0,1,N4,EDGE_MARKET,87.09677419354838,100.0
K8_R0.90_T0_H1_N4_S8010_HYBRID_EAGER_inprocess,8010,0,1,N4,HYBRID_EAGER,87.09677419354838,100.0
K8_R0.90_T0_H1_N4_S8010_HYBRID_inprocess,8010,0,1,N4,HYBRID,87.09677419354838,100.0
K8_R0.90_T0_H1_N4_S8010_PERIODIC_inprocess,8010,0,1,N4,PERIODIC,79.56989247311827,50.0
K8_R0.90_T0_H1_N4_S8010_STATIC_inprocess,8010,0,1,N4,STATIC,78.49462365591398,25.0
K8_R0.90_T0_H1_N4_S8011_CENTRAL_FB_inprocess,8011,0,1,N4,CENTRAL_FB,71.42857142857143,85.71428571428571
K8_R0.90_T0_H1_N4_S8011_CENTRAL_FOG_inprocess,8011,0,1,N4,CENTRAL_FOG,80.0,100.0
K8_R0.90_T0_H1_N4_S8011_CENTRAL_inprocess,8011,0,1,N4,CENTRAL,76.19047619047619,85.71428571428571
K8_R0.90_T0_H1_N4_S8011_EDGE_MARKET_inprocess,8011,0,1,N4,EDGE_MARKET,82.85714285714286,100.0
K8_R0.90_T0_H1_N4_S8011_HYBRID_EAGER_inprocess,8011,0,1,N4,HYBRID_EAGER,81.9047619047619,100.0
K8_R0.90_T0_H1_N4_S8011_HYBRID_inprocess,8011,0,1,N4,HYBRID,81.9047619047619,100.0
K8_R0.90_T0_H1_N4_S8011_PERIODIC_inprocess,8011,0,1,N4,PERIODIC,69.52380952380952,57.142857142857146
K8_R0.90_T0_H1_N4_S8011_STATIC_inprocess,8011,0,1,N4,STATIC,71.42857142857143,42.857142857142854
K8_R0.90_T0_H1_N4_S8012_CENTRAL_FB_inprocess,8012,0,1,N4,CENTRAL_FB,77.47747747747748,72.72727272727273
K8_R0.90_T0_H1_N4_S8012_CENTRAL_FOG_inprocess,8012,0,1,N4,CENTRAL_FOG,79.27927927927928,81.81818181818181
K8_R0.90_T0_H1_N4_S8012_CENTRAL_inprocess,8012,0,1,N4,CENTRAL,73.87387387387388,63.63636363636363
K8_R0.90_T0_H1_N4_S8012_EDGE_MARKET_inprocess,8012,0,1,N4,EDGE_MARKET,82.88288288288288,100.0
K8_R0.90_T0_H1_N4_S8012_HYBRID_EAGER_inprocess,8012,0,1,N4,HYBRID_EAGER,82.88288288288288,100.0
K8_R0.90_T0_H1_N4_S8012_HYBRID_inprocess,8012,0,1,N4,HYBRID,83.78378378378379,90.9090909090909
K8_R0.90_T0_H1_N4_S8012_PERIODIC_inprocess,8012,0,1,N4,PERIODIC,71.17117117117117,45.45454545454545
K8_R0.90_T0_H1_N4_S8012_STATIC_inprocess,8012,0,1,N4,STATIC,69.36936936936937,36.36363636363637
K8_R0.90_T0_H1_N4_S8013_CENTRAL_FB_inprocess,8013,0,1,N4,CENTRAL_FB,78.64077669902913,77.77777777777777
K8_R0.90_T0_H1_N4_S8013_CENTRAL_FOG_inprocess,8013,0,1,N4,CENTRAL_FOG,84.46601941747574,100.0
K8_R0.90_T0_H1_N4_S8013_CENTRAL_inprocess,8013,0,1,N4,CENTRAL,77.66990291262135,77.77777777777777
K8_R0.90_T0_H1_N4_S8013_EDGE_MARKET_inprocess,8013,0,1,N4,EDGE_MARKET,74.75728155339806,77.77777777777777
K8_R0.90_T0_H1_N4_S8013_HYBRID_EAGER_inprocess,8013,0,1,N4,HYBRID_EAGER,83.49514563106796,88.88888888888889
K8_R0.90_T0_H1_N4_S8013_HYBRID_inprocess,8013,0,1,N4,HYBRID,83.49514563106796,88.88888888888889
K8_R0.90_T0_H1_N4_S8013_PERIODIC_inprocess,8013,0,1,N4,PERIODIC,76.69902912621359,66.66666666666667
K8_R0.90_T0_H1_N4_S8013_STATIC_inprocess,8013,0,1,N4,STATIC,68.93203883495146,44.44444444444444
K8_R0.90_T0_H1_N4_S8014_CENTRAL_FB_inprocess,8014,0,1,N4,CENTRAL_FB,80.95238095238095,54.54545454545455
K8_R0.90_T0_H1_N4_S8014_CENTRAL_FOG_inprocess,8014,0,1,N4,CENTRAL_FOG,85.71428571428571,81.81818181818181
K8_R0.90_T0_H1_N4_S8014_CENTRAL_inprocess,8014,0,1,N4,CENTRAL,80.95238095238095,54.54545454545455
K8_R0.90_T0_H1_N4_S8014_EDGE_MARKET_inprocess,8014,0,1,N4,EDGE_MARKET,85.71428571428571,90.9090909090909
K8_R0.90_T0_H1_N4_S8014_HYBRID_EAGER_inprocess,8014,0,1,N4,HYBRID_EAGER,89.52380952380952,81.81818181818181
K8_R0.90_T0_H1_N4_S8014_HYBRID_inprocess,8014,0,1,N4,HYBRID,89.52380952380952,81.81818181818181
K8_R0.90_T0_H1_N4_S8014_PERIODIC_inprocess,8014,0,1,N4,PERIODIC,80.0,72.72727272727273
K8_R0.90_T0_H1_N4_S8014_STATIC_inprocess,8014,0,1,N4,STATIC,76.19047619047619,45.45454545454545
K8_R0.90_T0_H1_N4_S8015_CENTRAL_FB_inprocess,8015,0,1,N4,CENTRAL_FB,77.98165137614679,64.28571428571429
K8_R0.90_T0_H1_N4_S8015_CENTRAL_FOG_inprocess,8015,0,1,N4,CENTRAL_FOG,86.23853211009174,92.85714285714286
K8_R0.90_T0_H1_N4_S8015_CENTRAL_inprocess,8015,0,1,N4,CENTRAL,76.14678899082568,64.28571428571429
K8_R0.90_T0_H1_N4_S8015_EDGE_MARKET_inprocess,8015,0,1,N4,EDGE_MARKET,84.40366972477064,78.57142857142857
K8_R0.90_T0_H1_N4_S8015_HYBRID_EAGER_inprocess,8015,0,1,N4,HYBRID_EAGER,90.8256880733945,100.0
K8_R0.90_T0_H1_N4_S8015_HYBRID_inprocess,8015,0,1,N4,HYBRID,90.8256880733945,100.0
K8_R0.90_T0_H1_N4_S8015_PERIODIC_inprocess,8015,0,1,N4,PERIODIC,78.89908256880734,64.28571428571429
K8_R0.90_T0_H1_N4_S8015_STATIC_inprocess,8015,0,1,N4,STATIC,67.88990825688073,35.714285714285715
K8_R0.90_T0_H1_N4_S8016_CENTRAL_FB_inprocess,8016,0,1,N4,CENTRAL_FB,80.0,40.0
K8_R0.90_T0_H1_N4_S8016_CENTRAL_FOG_inprocess,8016,0,1,N4,CENTRAL_FOG,90.0,100.0
K8_R0.90_T0_H1_N4_S8016_CENTRAL_inprocess,8016,0,1,N4,CENTRAL,81.0,40.0
K8_R0.90_T0_H1_N4_S8016_EDGE_MARKET_inprocess,8016,0,1,N4,EDGE_MARKET,90.0,100.0
K8_R0.90_T0_H1_N4_S8016_HYBRID_EAGER_inprocess,8016,0,1,N4,HYBRID_EAGER,90.0,100.0
K8_R0.90_T0_H1_N4_S8016_HYBRID_inprocess,8016,0,1,N4,HYBRID,87.0,80.0
K8_R0.90_T0_H1_N4_S8016_PERIODIC_inprocess,8016,0,1,N4,PERIODIC,79.0,60.0
K8_R0.90_T0_H1_N4_S8016_STATIC_inprocess,8016,0,1,N4,STATIC,82.0,40.0
K8_R0.90_T0_H1_N4_S8017_CENTRAL_FB_inprocess,8017,0,1,N4,CENTRAL_FB,79.6116504854369,66.66666666666667
K8_R0.90_T0_H1_N4_S8017_CENTRAL_FOG_inprocess,8017,0,1,N4,CENTRAL_FOG,87.37864077669903,100.0
K8_R0.90_T0_H1_N4_S8017_CENTRAL_inprocess,8017,0,1,N4,CENTRAL,79.6116504854369,66.66666666666667
K8_R0.90_T0_H1_N4_S8017_EDGE_MARKET_inprocess,8017,0,1,N4,EDGE_MARKET,88.3495145631068,88.88888888888889
K8_R0.90_T0_H1_N4_S8017_HYBRID_EAGER_inprocess,8017,0,1,N4,HYBRID_EAGER,90.29126213592232,100.0
K8_R0.90_T0_H1_N4_S8017_HYBRID_inprocess,8017,0,1,N4,HYBRID,90.29126213592232,100.0
K8_R0.90_T0_H1_N4_S8017_PERIODIC_inprocess,8017,0,1,N4,PERIODIC,78.64077669902913,55.55555555555556
K8_R0.90_T0_H1_N4_S8017_STATIC_inprocess,8017,0,1,N4,STATIC,75.72815533980582,55.55555555555556
K8_R0.90_T0_H1_N4_S8018_CENTRAL_FB_inprocess,8018,0,1,N4,CENTRAL_FB,82.3529411764706,85.71428571428571
K8_R0.90_T0_H1_N4_S8018_CENTRAL_FOG_inprocess,8018,0,1,N4,CENTRAL_FOG,86.27450980392157,100.0
K8_R0.90_T0_H1_N4_S8018_CENTRAL_inprocess,8018,0,1,N4,CENTRAL,78.43137254901961,85.71428571428571
K8_R0.90_T0_H1_N4_S8018_EDGE_MARKET_inprocess,8018,0,1,N4,EDGE_MARKET,84.31372549019608,85.71428571428571
K8_R0.90_T0_H1_N4_S8018_HYBRID_EAGER_inprocess,8018,0,1,N4,HYBRID_EAGER,85.29411764705883,100.0
K8_R0.90_T0_H1_N4_S8018_HYBRID_inprocess,8018,0,1,N4,HYBRID,85.29411764705883,100.0
K8_R0.90_T0_H1_N4_S8018_PERIODIC_inprocess,8018,0,1,N4,PERIODIC,82.3529411764706,71.42857142857143
K8_R0.90_T0_H1_N4_S8018_STATIC_inprocess,8018,0,1,N4,STATIC,75.49019607843137,57.142857142857146
K8_R0.90_T0_H1_N4_S8019_CENTRAL_FB_inprocess,8019,0,1,N4,CENTRAL_FB,90.3225806451613,80.0
K8_R0.90_T0_H1_N4_S8019_CENTRAL_FOG_inprocess,8019,0,1,N4,CENTRAL_FOG,93.54838709677419,100.0
K8_R0.90_T0_H1_N4_S8019_CENTRAL_inprocess,8019,0,1,N4,CENTRAL,90.3225806451613,80.0
K8_R0.90_T0_H1_N4_S8019_EDGE_MARKET_inprocess,8019,0,1,N4,EDGE_MARKET,86.02150537634408,80.0
K8_R0.90_T0_H1_N4_S8019_HYBRID_EAGER_inprocess,8019,0,1,N4,HYBRID_EAGER,93.54838709677419,100.0
K8_R0.90_T0_H1_N4_S8019_HYBRID_inprocess,8019,0,1,N4,HYBRID,90.3225806451613,80.0
K8_R0.90_T0_H1_N4_S8019_PERIODIC_inprocess,8019,0,1,N4,PERIODIC,87.09677419354838,80.0
K8_R0.90_T0_H1_N4_S8019_STATIC_inprocess,8019,0,1,N4,STATIC,81.72043010752688,40.0
K8_R0.90_T0_H1_N4_S8020_CENTRAL_FB_inprocess,8020,0,1,N4,CENTRAL_FB,81.13207547169812,42.857142857142854
K8_R0.90_T0_H1_N4_S8020_CENTRAL_FOG_inprocess,8020,0,1,N4,CENTRAL_FOG,86.79245283018868,85.71428571428571
K8_R0.90_T0_H1_N4_S8020_CENTRAL_inprocess,8020,0,1,N4,CENTRAL,80.18867924528301,42.857142857142854
K8_R0.90_T0_H1_N4_S8020_EDGE_MARKET_inprocess,8020,0,1,N4,EDGE_MARKET,81.13207547169812,85.71428571428571
K8_R0.90_T0_H1_N4_S8020_HYBRID_EAGER_inprocess,8020,0,1,N4,HYBRID_EAGER,85.84905660377359,85.71428571428571
K8_R0.90_T0_H1_N4_S8020_HYBRID_inprocess,8020,0,1,N4,HYBRID,85.84905660377359,85.71428571428571
K8_R0.90_T0_H1_N4_S8020_PERIODIC_inprocess,8020,0,1,N4,PERIODIC,81.13207547169812,42.857142857142854
K8_R0.90_T0_H1_N4_S8020_STATIC_inprocess,8020,0,1,N4,STATIC,72.64150943396227,14.285714285714286
K8_R0.90_T0_H1_N4_S8021_CENTRAL_FB_inprocess,8021,0,1,N4,CENTRAL_FB,83.16831683168317,66.66666666666667
K8_R0.90_T0_H1_N4_S8021_CENTRAL_FOG_inprocess,8021,0,1,N4,CENTRAL_FOG,85.14851485148515,77.77777777777777
K8_R0.90_T0_H1_N4_S8021_CENTRAL_inprocess,8021,0,1,N4,CENTRAL,83.16831683168317,66.66666666666667
K8_R0.90_T0_H1_N4_S8021_EDGE_MARKET_inprocess,8021,0,1,N4,EDGE_MARKET,89.10891089108911,88.88888888888889
K8_R0.90_T0_H1_N4_S8021_HYBRID_EAGER_inprocess,8021,0,1,N4,HYBRID_EAGER,86.13861386138613,77.77777777777777
K8_R0.90_T0_H1_N4_S8021_HYBRID_inprocess,8021,0,1,N4,HYBRID,86.13861386138613,77.77777777777777
K8_R0.90_T0_H1_N4_S8021_PERIODIC_inprocess,8021,0,1,N4,PERIODIC,79.20792079207921,66.66666666666667
K8_R0.90_T0_H1_N4_S8021_STATIC_inprocess,8021,0,1,N4,STATIC,78.21782178217822,55.55555555555556
K8_R0.90_T0_H1_N4_S8022_CENTRAL_FB_inprocess,8022,0,1,N4,CENTRAL_FB,71.02803738317758,50.0
K8_R0.90_T0_H1_N4_S8022_CENTRAL_FOG_inprocess,8022,0,1,N4,CENTRAL_FOG,79.4392523364486,100.0
K8_R0.90_T0_H1_N4_S8022_CENTRAL_inprocess,8022,0,1,N4,CENTRAL,71.02803738317758,50.0
K8_R0.90_T0_H1_N4_S8022_EDGE_MARKET_inprocess,8022,0,1,N4,EDGE_MARKET,77.57009345794393,87.5
K8_R0.90_T0_H1_N4_S8022_HYBRID_EAGER_inprocess,8022,0,1,N4,HYBRID_EAGER,76.6355140186916,75.0
K8_R0.90_T0_H1_N4_S8022_HYBRID_inprocess,8022,0,1,N4,HYBRID,76.6355140186916,75.0
K8_R0.90_T0_H1_N4_S8022_PERIODIC_inprocess,8022,0,1,N4,PERIODIC,71.96261682242991,50.0
K8_R0.90_T0_H1_N4_S8022_STATIC_inprocess,8022,0,1,N4,STATIC,66.35514018691589,25.0
K8_R0.90_T0_H1_N4_S8023_CENTRAL_FB_inprocess,8023,0,1,N4,CENTRAL_FB,76.47058823529412,72.72727272727273
K8_R0.90_T0_H1_N4_S8023_CENTRAL_FOG_inprocess,8023,0,1,N4,CENTRAL_FOG,79.41176470588235,81.81818181818181
K8_R0.90_T0_H1_N4_S8023_CENTRAL_inprocess,8023,0,1,N4,CENTRAL,76.47058823529412,72.72727272727273
K8_R0.90_T0_H1_N4_S8023_EDGE_MARKET_inprocess,8023,0,1,N4,EDGE_MARKET,88.23529411764706,100.0
K8_R0.90_T0_H1_N4_S8023_HYBRID_EAGER_inprocess,8023,0,1,N4,HYBRID_EAGER,84.31372549019608,90.9090909090909
K8_R0.90_T0_H1_N4_S8023_HYBRID_inprocess,8023,0,1,N4,HYBRID,84.31372549019608,90.9090909090909
K8_R0.90_T0_H1_N4_S8023_PERIODIC_inprocess,8023,0,1,N4,PERIODIC,77.45098039215686,63.63636363636363
K8_R0.90_T0_H1_N4_S8023_STATIC_inprocess,8023,0,1,N4,STATIC,77.45098039215686,63.63636363636363
K8_R0.90_T0_H1_N4_S8024_CENTRAL_FB_inprocess,8024,0,1,N4,CENTRAL_FB,85.0,83.33333333333333
K8_R0.90_T0_H1_N4_S8024_CENTRAL_FOG_inprocess,8024,0,1,N4,CENTRAL_FOG,92.0,100.0
K8_R0.90_T0_H1_N4_S8024_CENTRAL_inprocess,8024,0,1,N4,CENTRAL,85.0,83.33333333333333
K8_R0.90_T0_H1_N4_S8024_EDGE_MARKET_inprocess,8024,0,1,N4,EDGE_MARKET,89.0,100.0
K8_R0.90_T0_H1_N4_S8024_HYBRID_EAGER_inprocess,8024,0,1,N4,HYBRID_EAGER,93.0,100.0
K8_R0.90_T0_H1_N4_S8024_HYBRID_inprocess,8024,0,1,N4,HYBRID,93.0,100.0
K8_R0.90_T0_H1_N4_S8024_PERIODIC_inprocess,8024,0,1,N4,PERIODIC,80.0,66.66666666666667
K8_R0.90_T0_H1_N4_S8024_STATIC_inprocess,8024,0,1,N4,STATIC,76.0,66.66666666666667
K8_R0.90_T0_H1_N4_S8025_CENTRAL_FB_inprocess,8025,0,1,N4,CENTRAL_FB,93.75,100.0
K8_R0.90_T0_H1_N4_S8025_CENTRAL_FOG_inprocess,8025,0,1,N4,CENTRAL_FOG,93.75,100.0
K8_R0.90_T0_H1_N4_S8025_CENTRAL_inprocess,8025,0,1,N4,CENTRAL,92.70833333333333,100.0
K8_R0.90_T0_H1_N4_S8025_EDGE_MARKET_inprocess,8025,0,1,N4,EDGE_MARKET,93.75,66.66666666666667
K8_R0.90_T0_H1_N4_S8025_HYBRID_EAGER_inprocess,8025,0,1,N4,HYBRID_EAGER,93.75,100.0
K8_R0.90_T0_H1_N4_S8025_HYBRID_inprocess,8025,0,1,N4,HYBRID,93.75,100.0
K8_R0.90_T0_H1_N4_S8025_PERIODIC_inprocess,8025,0,1,N4,PERIODIC,91.66666666666667,66.66666666666667
K8_R0.90_T0_H1_N4_S8025_STATIC_inprocess,8025,0,1,N4,STATIC,87.5,33.333333333333336
K8_R0.90_T0_H1_N4_S8026_CENTRAL_FB_inprocess,8026,0,1,N4,CENTRAL_FB,84.375,66.66666666666667
K8_R0.90_T0_H1_N4_S8026_CENTRAL_FOG_inprocess,8026,0,1,N4,CENTRAL_FOG,93.75,100.0
K8_R0.90_T0_H1_N4_S8026_CENTRAL_inprocess,8026,0,1,N4,CENTRAL,85.41666666666667,66.66666666666667
K8_R0.90_T0_H1_N4_S8026_EDGE_MARKET_inprocess,8026,0,1,N4,EDGE_MARKET,89.58333333333333,100.0
K8_R0.90_T0_H1_N4_S8026_HYBRID_EAGER_inprocess,8026,0,1,N4,HYBRID_EAGER,93.75,100.0
K8_R0.90_T0_H1_N4_S8026_HYBRID_inprocess,8026,0,1,N4,HYBRID,93.75,100.0
K8_R0.90_T0_H1_N4_S8026_PERIODIC_inprocess,8026,0,1,N4,PERIODIC,82.29166666666667,66.66666666666667
K8_R0.90_T0_H1_N4_S8026_STATIC_inprocess,8026,0,1,N4,STATIC,82.29166666666667,33.333333333333336
K8_R0.90_T0_H1_N4_S8027_CENTRAL_FB_inprocess,8027,0,1,N4,CENTRAL_FB,78.64077669902913,77.77777777777777
K8_R0.90_T0_H1_N4_S8027_CENTRAL_FOG_inprocess,8027,0,1,N4,CENTRAL_FOG,84.46601941747574,100.0
K8_R0.90_T0_H1_N4_S8027_CENTRAL_inprocess,8027,0,1,N4,CENTRAL,82.52427184466019,77.77777777777777
K8_R0.90_T0_H1_N4_S8027_EDGE_MARKET_inprocess,8027,0,1,N4,EDGE_MARKET,82.52427184466019,100.0
K8_R0.90_T0_H1_N4_S8027_HYBRID_EAGER_inprocess,8027,0,1,N4,HYBRID_EAGER,82.52427184466019,100.0
K8_R0.90_T0_H1_N4_S8027_HYBRID_inprocess,8027,0,1,N4,HYBRID,82.52427184466019,100.0
K8_R0.90_T0_H1_N4_S8027_PERIODIC_inprocess,8027,0,1,N4,PERIODIC,70.87378640776699,55.55555555555556
K8_R0.90_T0_H1_N4_S8027_STATIC_inprocess,8027,0,1,N4,STATIC,74.75728155339806,44.44444444444444
K8_R0.90_T0_H1_N4_S8028_CENTRAL_FB_inprocess,8028,0,1,N4,CENTRAL_FB,68.86792452830188,50.0
K8_R0.90_T0_H1_N4_S8028_CENTRAL_FOG_inprocess,8028,0,1,N4,CENTRAL_FOG,75.47169811320755,71.42857142857143
K8_R0.90_T0_H1_N4_S8028_CENTRAL_inprocess,8028,0,1,N4,CENTRAL,66.98113207547169,42.857142857142854
K8_R0.90_T0_H1_N4_S8028_EDGE_MARKET_inprocess,8028,0,1,N4,EDGE_MARKET,76.41509433962264,78.57142857142857
K8_R0.90_T0_H1_N4_S8028_HYBRID_EAGER_inprocess,8028,0,1,N4,HYBRID_EAGER,79.24528301886792,78.57142857142857
K8_R0.90_T0_H1_N4_S8028_HYBRID_inprocess,8028,0,1,N4,HYBRID,79.24528301886792,85.71428571428571
K8_R0.90_T0_H1_N4_S8028_PERIODIC_inprocess,8028,0,1,N4,PERIODIC,66.98113207547169,42.857142857142854
K8_R0.90_T0_H1_N4_S8028_STATIC_inprocess,8028,0,1,N4,STATIC,63.20754716981132,28.571428571428573
K8_R0.90_T0_H1_N4_S8029_CENTRAL_FB_inprocess,8029,0,1,N4,CENTRAL_FB,85.85858585858585,66.66666666666667
K8_R0.90_T0_H1_N4_S8029_CENTRAL_FOG_inprocess,8029,0,1,N4,CENTRAL_FOG,87.87878787878788,100.0
K8_R0.90_T0_H1_N4_S8029_CENTRAL_inprocess,8029,0,1,N4,CENTRAL,86.86868686868686,66.66666666666667
K8_R0.90_T0_H1_N4_S8029_EDGE_MARKET_inprocess,8029,0,1,N4,EDGE_MARKET,87.87878787878788,83.33333333333333
K8_R0.90_T0_H1_N4_S8029_HYBRID_EAGER_inprocess,8029,0,1,N4,HYBRID_EAGER,86.86868686868686,100.0
K8_R0.90_T0_H1_N4_S8029_HYBRID_inprocess,8029,0,1,N4,HYBRID,86.86868686868686,100.0
K8_R0.90_T0_H1_N4_S8029_PERIODIC_inprocess,8029,0,1,N4,PERIODIC,80.8080808080808,50.0
K8_R0.90_T0_H1_N4_S8029_STATIC_inprocess,8029,0,1,N4,STATIC,78.78787878787878,33.333333333333336
K8_R0.90_T0_H1_N4_S8030_CENTRAL_FB_inprocess,8030,0,1,N4,CENTRAL_FB,88.88888888888889,100.0
K8_R0.90_T0_H1_N4_S8030_CENTRAL_FOG_inprocess,8030,0,1,N4,CENTRAL_FOG,88.88888888888889,100.0
K8_R0.90_T0_H1_N4_S8030_CENTRAL_inprocess,8030,0,1,N4,CENTRAL,88.88888888888889,100.0
K8_R0.90_T0_H1_N4_S8030_EDGE_MARKET_inprocess,8030,0,1,N4,EDGE_MARKET,87.87878787878788,100.0
K8_R0.90_T0_H1_N4_S8030_HYBRID_EAGER_inprocess,8030,0,1,N4,HYBRID_EAGER,87.87878787878788,83.33333333333333
K8_R0.90_T0_H1_N4_S8030_HYBRID_inprocess,8030,0,1,N4,HYBRID,87.87878787878788,83.33333333333333
K8_R0.90_T0_H1_N4_S8030_PERIODIC_inprocess,8030,0,1,N4,PERIODIC,82.82828282828282,83.33333333333333
K8_R0.90_T0_H1_N4_S8030_STATIC_inprocess,8030,0,1,N4,STATIC,77.77777777777777,50.0
K8_R0.90_T0_H1_N4_S8031_CENTRAL_FB_inprocess,8031,0,1,N4,CENTRAL_FB,75.78947368421052,66.66666666666667
K8_R0.90_T0_H1_N4_S8031_CENTRAL_FOG_inprocess,8031,0,1,N4,CENTRAL_FOG,86.3157894736842,83.33333333333333
K8_R0.90_T0_H1_N4_S8031_CENTRAL_inprocess,8031,0,1,N4,CENTRAL,74.73684210526316,66.66666666666667
K8_R0.90_T0_H1_N4_S8031_EDGE_MARKET_inprocess,8031,0,1,N4,EDGE_MARKET,84.21052631578948,83.33333333333333
K8_R0.90_T0_H1_N4_S8031_HYBRID_EAGER_inprocess,8031,0,1,N4,HYBRID_EAGER,85.26315789473684,83.33333333333333
K8_R0.90_T0_H1_N4_S8031_HYBRID_inprocess,8031,0,1,N4,HYBRID,85.26315789473684,83.33333333333333
K8_R0.90_T0_H1_N4_S8031_PERIODIC_inprocess,8031,0,1,N4,PERIODIC,78.94736842105263,50.0
K8_R0.90_T0_H1_N4_S8031_STATIC_inprocess,8031,0,1,N4,STATIC,74.73684210526316,33.333333333333336
K8_R0.90_T0_H1_N4_S8032_CENTRAL_FB_inprocess,8032,0,1,N4,CENTRAL_FB,88.88888888888889,100.0
K8_R0.90_T0_H1_N4_S8032_CENTRAL_FOG_inprocess,8032,0,1,N4,CENTRAL_FOG,91.91919191919192,100.0
K8_R0.90_T0_H1_N4_S8032_CENTRAL_inprocess,8032,0,1,N4,CENTRAL,87.87878787878788,83.33333333333333
K8_R0.90_T0_H1_N4_S8032_EDGE_MARKET_inprocess,8032,0,1,N4,EDGE_MARKET,88.88888888888889,100.0
K8_R0.90_T0_H1_N4_S8032_HYBRID_EAGER_inprocess,8032,0,1,N4,HYBRID_EAGER,91.91919191919192,100.0
K8_R0.90_T0_H1_N4_S8032_HYBRID_inprocess,8032,0,1,N4,HYBRID,91.91919191919192,100.0
K8_R0.90_T0_H1_N4_S8032_PERIODIC_inprocess,8032,0,1,N4,PERIODIC,88.88888888888889,83.33333333333333
K8_R0.90_T0_H1_N4_S8032_STATIC_inprocess,8032,0,1,N4,STATIC,81.81818181818181,66.66666666666667
K8_R0.90_T0_H1_N4_S8033_CENTRAL_FB_inprocess,8033,0,1,N4,CENTRAL_FB,91.83673469387755,83.33333333333333
K8_R0.90_T0_H1_N4_S8033_CENTRAL_FOG_inprocess,8033,0,1,N4,CENTRAL_FOG,89.79591836734694,100.0
K8_R0.90_T0_H1_N4_S8033_CENTRAL_inprocess,8033,0,1,N4,CENTRAL,88.77551020408163,83.33333333333333
K8_R0.90_T0_H1_N4_S8033_EDGE_MARKET_inprocess,8033,0,1,N4,EDGE_MARKET,88.77551020408163,83.33333333333333
K8_R0.90_T0_H1_N4_S8033_HYBRID_EAGER_inprocess,8033,0,1,N4,HYBRID_EAGER,91.83673469387755,100.0
K8_R0.90_T0_H1_N4_S8033_HYBRID_inprocess,8033,0,1,N4,HYBRID,91.83673469387755,100.0
K8_R0.90_T0_H1_N4_S8033_PERIODIC_inprocess,8033,0,1,N4,PERIODIC,91.83673469387755,83.33333333333333
K8_R0.90_T0_H1_N4_S8033_STATIC_inprocess,8033,0,1,N4,STATIC,81.63265306122449,33.333333333333336
K8_R0.90_T0_H1_N4_S8034_CENTRAL_FB_inprocess,8034,0,1,N4,CENTRAL_FB,86.53846153846153,87.5
K8_R0.90_T0_H1_N4_S8034_CENTRAL_FOG_inprocess,8034,0,1,N4,CENTRAL_FOG,92.3076923076923,100.0
K8_R0.90_T0_H1_N4_S8034_CENTRAL_inprocess,8034,0,1,N4,CENTRAL,86.53846153846153,87.5
K8_R0.90_T0_H1_N4_S8034_EDGE_MARKET_inprocess,8034,0,1,N4,EDGE_MARKET,87.5,100.0
K8_R0.90_T0_H1_N4_S8034_HYBRID_EAGER_inprocess,8034,0,1,N4,HYBRID_EAGER,92.3076923076923,100.0
K8_R0.90_T0_H1_N4_S8034_HYBRID_inprocess,8034,0,1,N4,HYBRID,92.3076923076923,100.0
K8_R0.90_T0_H1_N4_S8034_PERIODIC_inprocess,8034,0,1,N4,PERIODIC,84.61538461538461,75.0
K8_R0.90_T0_H1_N4_S8034_STATIC_inprocess,8034,0,1,N4,STATIC,79.8076923076923,37.5
K8_R0.90_T0_H1_N4_S8035_CENTRAL_FB_inprocess,8035,0,1,N4,CENTRAL_FB,90.09009009009009,91.66666666666667
K8_R0.90_T0_H1_N4_S8035_CENTRAL_FOG_inprocess,8035,0,1,N4,CENTRAL_FOG,88.28828828828829,91.66666666666667
K8_R0.90_T0_H1_N4_S8035_CENTRAL_inprocess,8035,0,1,N4,CENTRAL,86.48648648648648,83.33333333333333
K8_R0.90_T0_H1_N4_S8035_EDGE_MARKET_inprocess,8035,0,1,N4,EDGE_MARKET,90.09009009009009,91.66666666666667
K8_R0.90_T0_H1_N4_S8035_HYBRID_EAGER_inprocess,8035,0,1,N4,HYBRID_EAGER,90.09009009009009,91.66666666666667
K8_R0.90_T0_H1_N4_S8035_HYBRID_inprocess,8035,0,1,N4,HYBRID,90.09009009009009,91.66666666666667
K8_R0.90_T0_H1_N4_S8035_PERIODIC_inprocess,8035,0,1,N4,PERIODIC,86.48648648648648,91.66666666666667
K8_R0.90_T0_H1_N4_S8035_STATIC_inprocess,8035,0,1,N4,STATIC,78.37837837837837,41.666666666666664
K8_R0.90_T0_H1_N4_S8036_CENTRAL_FB_inprocess,8036,0,1,N4,CENTRAL_FB,78.64077669902913,50.0
K8_R0.90_T0_H1_N4_S8036_CENTRAL_FOG_inprocess,8036,0,1,N4,CENTRAL_FOG,81.55339805825243,75.0
K8_R0.90_T0_H1_N4_S8036_CENTRAL_inprocess,8036,0,1,N4,CENTRAL,78.64077669902913,50.0
K8_R0.90_T0_H1_N4_S8036_EDGE_MARKET_inprocess,8036,0,1,N4,EDGE_MARKET,81.55339805825243,75.0
K8_R0.90_T0_H1_N4_S8036_HYBRID_EAGER_inprocess,8036,0,1,N4,HYBRID_EAGER,82.52427184466019,87.5
K8_R0.90_T0_H1_N4_S8036_HYBRID_inprocess,8036,0,1,N4,HYBRID,82.52427184466019,87.5
K8_R0.90_T0_H1_N4_S8036_PERIODIC_inprocess,8036,0,1,N4,PERIODIC,80.58252427184466,62.5
K8_R0.90_T0_H1_N4_S8036_STATIC_inprocess,8036,0,1,N4,STATIC,76.69902912621359,50.0
K8_R0.90_T0_H1_N4_S8037_CENTRAL_FB_inprocess,8037,0,1,N4,CENTRAL_FB,76.85185185185185,70.0
K8_R0.90_T0_H1_N4_S8037_CENTRAL_FOG_inprocess,8037,0,1,N4,CENTRAL_FOG,84.25925925925925,100.0
K8_R0.90_T0_H1_N4_S8037_CENTRAL_inprocess,8037,0,1,N4,CENTRAL,79.62962962962963,60.0
K8_R0.90_T0_H1_N4_S8037_EDGE_MARKET_inprocess,8037,0,1,N4,EDGE_MARKET,86.11111111111111,90.0
K8_R0.90_T0_H1_N4_S8037_HYBRID_EAGER_inprocess,8037,0,1,N4,HYBRID_EAGER,86.11111111111111,90.0
K8_R0.90_T0_H1_N4_S8037_HYBRID_inprocess,8037,0,1,N4,HYBRID,86.11111111111111,90.0
K8_R0.90_T0_H1_N4_S8037_PERIODIC_inprocess,8037,0,1,N4,PERIODIC,77.77777777777777,50.0
K8_R0.90_T0_H1_N4_S8037_STATIC_inprocess,8037,0,1,N4,STATIC,71.29629629629629,30.0
K8_R0.90_T0_H1_N4_S8038_CENTRAL_FB_inprocess,8038,0,1,N4,CENTRAL_FB,89.69072164948453,80.0
K8_R0.90_T0_H1_N4_S8038_CENTRAL_FOG_inprocess,8038,0,1,N4,CENTRAL_FOG,93.81443298969072,100.0
K8_R0.90_T0_H1_N4_S8038_CENTRAL_inprocess,8038,0,1,N4,CENTRAL,91.75257731958763,80.0
K8_R0.90_T0_H1_N4_S8038_EDGE_MARKET_inprocess,8038,0,1,N4,EDGE_MARKET,87.62886597938144,80.0
K8_R0.90_T0_H1_N4_S8038_HYBRID_EAGER_inprocess,8038,0,1,N4,HYBRID_EAGER,92.78350515463917,100.0
K8_R0.90_T0_H1_N4_S8038_HYBRID_inprocess,8038,0,1,N4,HYBRID,93.81443298969072,100.0
K8_R0.90_T0_H1_N4_S8038_PERIODIC_inprocess,8038,0,1,N4,PERIODIC,88.65979381443299,80.0
K8_R0.90_T0_H1_N4_S8038_STATIC_inprocess,8038,0,1,N4,STATIC,79.38144329896907,40.0
K8_R0.90_T0_H1_N4_S8039_CENTRAL_FB_inprocess,8039,0,1,N4,CENTRAL_FB,79.20792079207921,83.33333333333333
K8_R0.90_T0_H1_N4_S8039_CENTRAL_FOG_inprocess,8039,0,1,N4,CENTRAL_FOG,92.07920792079207,100.0
K8_R0.90_T0_H1_N4_S8039_CENTRAL_inprocess,8039,0,1,N4,CENTRAL,79.20792079207921,83.33333333333333
K8_R0.90_T0_H1_N4_S8039_EDGE_MARKET_inprocess,8039,0,1,N4,EDGE_MARKET,93.06930693069307,100.0
K8_R0.90_T0_H1_N4_S8039_HYBRID_EAGER_inprocess,8039,0,1,N4,HYBRID_EAGER,89.10891089108911,100.0
K8_R0.90_T0_H1_N4_S8039_HYBRID_inprocess,8039,0,1,N4,HYBRID,89.10891089108911,100.0
K8_R0.90_T0_H1_N4_S8039_PERIODIC_inprocess,8039,0,1,N4,PERIODIC,89.10891089108911,83.33333333333333
K8_R0.90_T0_H1_N4_S8039_STATIC_inprocess,8039,0,1,N4,STATIC,82.17821782178218,50.0
K8_R0.90_T0_H1_N4_S8040_CENTRAL_FB_inprocess,8040,0,1,N4,CENTRAL_FB,82.65306122448979,57.142857142857146
K8_R0.90_T0_H1_N4_S8040_CENTRAL_FOG_inprocess,8040,0,1,N4,CENTRAL_FOG,90.81632653061224,100.0
K8_R0.90_T0_H1_N4_S8040_CENTRAL_inprocess,8040,0,1,N4,CENTRAL,80.61224489795919,57.142857142857146
K8_R0.90_T0_H1_N4_S8040_EDGE_MARKET_inprocess,8040,0,1,N4,EDGE_MARKET,87.75510204081633,100.0
K8_R0.90_T0_H1_N4_S8040_HYBRID_EAGER_inprocess,8040,0,1,N4,HYBRID_EAGER,91.83673469387755,100.0
K8_R0.90_T0_H1_N4_S8040_HYBRID_inprocess,8040,0,1,N4,HYBRID,91.83673469387755,100.0
K8_R0.90_T0_H1_N4_S8040_PERIODIC_inprocess,8040,0,1,N4,PERIODIC,78.57142857142857,28.571428571428573
K8_R0.90_T0_H1_N4_S8040_STATIC_inprocess,8040,0,1,N4,STATIC,76.53061224489795,42.857142857142854
K8_R0.90_T1_H0_N0_S8001_CENTRAL_FB_inprocess,8001,1,0,N0,CENTRAL_FB,92.72727272727273,100.0
K8_R0.90_T1_H0_N0_S8001_CENTRAL_FOG_inprocess,8001,1,0,N0,CENTRAL_FOG,92.72727272727273,100.0
K8_R0.90_T1_H0_N0_S8001_CENTRAL_inprocess,8001,1,0,N0,CENTRAL,92.72727272727273,100.0
K8_R0.90_T1_H0_N0_S8001_EDGE_MARKET_inprocess,8001,1,0,N0,EDGE_MARKET,79.0909090909091,83.33333333333333
K8_R0.90_T1_H0_N0_S8001_HYBRID_EAGER_inprocess,8001,1,0,N0,HYBRID_EAGER,92.72727272727273,100.0
K8_R0.90_T1_H0_N0_S8001_HYBRID_inprocess,8001,1,0,N0,HYBRID,92.72727272727273,100.0
K8_R0.90_T1_H0_N0_S8001_PERIODIC_inprocess,8001,1,0,N0,PERIODIC,83.63636363636364,83.33333333333333
K8_R0.90_T1_H0_N0_S8001_STATIC_inprocess,8001,1,0,N0,STATIC,77.27272727272727,75.0
K8_R0.90_T1_H0_N0_S8002_CENTRAL_FB_inprocess,8002,1,0,N0,CENTRAL_FB,93.75,100.0
K8_R0.90_T1_H0_N0_S8002_CENTRAL_FOG_inprocess,8002,1,0,N0,CENTRAL_FOG,93.75,100.0
K8_R0.90_T1_H0_N0_S8002_CENTRAL_inprocess,8002,1,0,N0,CENTRAL,93.75,100.0
K8_R0.90_T1_H0_N0_S8002_EDGE_MARKET_inprocess,8002,1,0,N0,EDGE_MARKET,93.75,100.0
K8_R0.90_T1_H0_N0_S8002_HYBRID_EAGER_inprocess,8002,1,0,N0,HYBRID_EAGER,93.75,100.0
K8_R0.90_T1_H0_N0_S8002_HYBRID_inprocess,8002,1,0,N0,HYBRID,93.75,100.0
K8_R0.90_T1_H0_N0_S8002_PERIODIC_inprocess,8002,1,0,N0,PERIODIC,90.625,83.33333333333333
K8_R0.90_T1_H0_N0_S8002_STATIC_inprocess,8002,1,0,N0,STATIC,93.75,100.0
K8_R0.90_T1_H0_N0_S8003_CENTRAL_FB_inprocess,8003,1,0,N0,CENTRAL_FB,93.39622641509433,90.9090909090909
K8_R0.90_T1_H0_N0_S8003_CENTRAL_FOG_inprocess,8003,1,0,N0,CENTRAL_FOG,93.39622641509433,90.9090909090909
K8_R0.90_T1_H0_N0_S8003_CENTRAL_inprocess,8003,1,0,N0,CENTRAL,93.39622641509433,90.9090909090909
K8_R0.90_T1_H0_N0_S8003_EDGE_MARKET_inprocess,8003,1,0,N0,EDGE_MARKET,91.50943396226415,90.9090909090909
K8_R0.90_T1_H0_N0_S8003_HYBRID_EAGER_inprocess,8003,1,0,N0,HYBRID_EAGER,93.39622641509433,90.9090909090909
K8_R0.90_T1_H0_N0_S8003_HYBRID_inprocess,8003,1,0,N0,HYBRID,93.39622641509433,90.9090909090909
K8_R0.90_T1_H0_N0_S8003_PERIODIC_inprocess,8003,1,0,N0,PERIODIC,83.01886792452831,72.72727272727273
K8_R0.90_T1_H0_N0_S8003_STATIC_inprocess,8003,1,0,N0,STATIC,87.73584905660377,72.72727272727273
K8_R0.90_T1_H0_N0_S8004_CENTRAL_FB_inprocess,8004,1,0,N0,CENTRAL_FB,94.68085106382979,50.0
K8_R0.90_T1_H0_N0_S8004_CENTRAL_FOG_inprocess,8004,1,0,N0,CENTRAL_FOG,94.68085106382979,50.0
K8_R0.90_T1_H0_N0_S8004_CENTRAL_inprocess,8004,1,0,N0,CENTRAL,94.68085106382979,50.0
K8_R0.90_T1_H0_N0_S8004_EDGE_MARKET_inprocess,8004,1,0,N0,EDGE_MARKET,94.68085106382979,50.0
K8_R0.90_T1_H0_N0_S8004_HYBRID_EAGER_inprocess,8004,1,0,N0,HYBRID_EAGER,94.68085106382979,50.0
K8_R0.90_T1_H0_N0_S8004_HYBRID_inprocess,8004,1,0,N0,HYBRID,94.68085106382979,50.0
K8_R0.90_T1_H0_N0_S8004_PERIODIC_inprocess,8004,1,0,N0,PERIODIC,94.68085106382979,50.0
K8_R0.90_T1_H0_N0_S8004_STATIC_inprocess,8004,1,0,N0,STATIC,86.17021276595744,0.0
K8_R0.90_T1_H0_N0_S8005_CENTRAL_FB_inprocess,8005,1,0,N0,CENTRAL_FB,94.73684210526316,66.66666666666667
K8_R0.90_T1_H0_N0_S8005_CENTRAL_FOG_inprocess,8005,1,0,N0,CENTRAL_FOG,94.73684210526316,66.66666666666667
K8_R0.90_T1_H0_N0_S8005_CENTRAL_inprocess,8005,1,0,N0,CENTRAL,94.73684210526316,66.66666666666667
K8_R0.90_T1_H0_N0_S8005_EDGE_MARKET_inprocess,8005,1,0,N0,EDGE_MARKET,92.63157894736842,66.66666666666667
K8_R0.90_T1_H0_N0_S8005_HYBRID_EAGER_inprocess,8005,1,0,N0,HYBRID_EAGER,94.73684210526316,66.66666666666667
K8_R0.90_T1_H0_N0_S8005_HYBRID_inprocess,8005,1,0,N0,HYBRID,94.73684210526316,66.66666666666667
K8_R0.90_T1_H0_N0_S8005_PERIODIC_inprocess,8005,1,0,N0,PERIODIC,97.89473684210526,100.0
K8_R0.90_T1_H0_N0_S8005_STATIC_inprocess,8005,1,0,N0,STATIC,85.26315789473684,33.333333333333336
K8_R0.90_T1_H0_N0_S8006_CENTRAL_FB_inprocess,8006,1,0,N0,CENTRAL_FB,87.75510204081633,75.0
K8_R0.90_T1_H0_N0_S8006_CENTRAL_FOG_inprocess,8006,1,0,N0,CENTRAL_FOG,87.75510204081633,75.0
K8_R0.90_T1_H0_N0_S8006_CENTRAL_inprocess,8006,1,0,N0,CENTRAL,87.75510204081633,75.0
K8_R0.90_T1_H0_N0_S8006_EDGE_MARKET_inprocess,8006,1,0,N0,EDGE_MARKET,86.73469387755102,75.0
K8_R0.90_T1_H0_N0_S8006_HYBRID_EAGER_inprocess,8006,1,0,N0,HYBRID_EAGER,87.75510204081633,75.0
K8_R0.90_T1_H0_N0_S8006_HYBRID_inprocess,8006,1,0,N0,HYBRID,87.75510204081633,75.0
K8_R0.90_T1_H0_N0_S8006_PERIODIC_inprocess,8006,1,0,N0,PERIODIC,88.77551020408163,87.5
K8_R0.90_T1_H0_N0_S8006_STATIC_inprocess,8006,1,0,N0,STATIC,74.48979591836735,50.0
K8_R0.90_T1_H0_N0_S8007_CENTRAL_FB_inprocess,8007,1,0,N0,CENTRAL_FB,90.0990099009901,100.0
K8_R0.90_T1_H0_N0_S8007_CENTRAL_FOG_inprocess,8007,1,0,N0,CENTRAL_FOG,90.0990099009901,100.0
K8_R0.90_T1_H0_N0_S8007_CENTRAL_inprocess,8007,1,0,N0,CENTRAL,90.0990099009901,100.0
K8_R0.90_T1_H0_N0_S8007_EDGE_MARKET_inprocess,8007,1,0,N0,EDGE_MARKET,92.07920792079207,100.0
K8_R0.90_T1_H0_N0_S8007_HYBRID_EAGER_inprocess,8007,1,0,N0,HYBRID_EAGER,90.0990099009901,100.0
K8_R0.90_T1_H0_N0_S8007_HYBRID_inprocess,8007,1,0,N0,HYBRID,90.0990099009901,100.0
K8_R0.90_T1_H0_N0_S8007_PERIODIC_inprocess,8007,1,0,N0,PERIODIC,90.0990099009901,100.0
K8_R0.90_T1_H0_N0_S8007_STATIC_inprocess,8007,1,0,N0,STATIC,86.13861386138613,100.0
K8_R0.90_T1_H0_N0_S8008_CENTRAL_FB_inprocess,8008,1,0,N0,CENTRAL_FB,92.70833333333333,100.0
K8_R0.90_T1_H0_N0_S8008_CENTRAL_FOG_inprocess,8008,1,0,N0,CENTRAL_FOG,92.70833333333333,100.0
K8_R0.90_T1_H0_N0_S8008_CENTRAL_inprocess,8008,1,0,N0,CENTRAL,92.70833333333333,100.0
K8_R0.90_T1_H0_N0_S8008_EDGE_MARKET_inprocess,8008,1,0,N0,EDGE_MARKET,91.66666666666667,80.0
K8_R0.90_T1_H0_N0_S8008_HYBRID_EAGER_inprocess,8008,1,0,N0,HYBRID_EAGER,92.70833333333333,100.0
K8_R0.90_T1_H0_N0_S8008_HYBRID_inprocess,8008,1,0,N0,HYBRID,92.70833333333333,100.0
K8_R0.90_T1_H0_N0_S8008_PERIODIC_inprocess,8008,1,0,N0,PERIODIC,91.66666666666667,80.0
K8_R0.90_T1_H0_N0_S8008_STATIC_inprocess,8008,1,0,N0,STATIC,88.54166666666667,80.0
K8_R0.90_T1_H0_N0_S8009_CENTRAL_FB_inprocess,8009,1,0,N0,CENTRAL_FB,90.10989010989012,75.0
K8_R0.90_T1_H0_N0_S8009_CENTRAL_FOG_inprocess,8009,1,0,N0,CENTRAL_FOG,90.10989010989012,75.0
K8_R0.90_T1_H0_N0_S8009_CENTRAL_inprocess,8009,1,0,N0,CENTRAL,90.10989010989012,75.0
K8_R0.90_T1_H0_N0_S8009_EDGE_MARKET_inprocess,8009,1,0,N0,EDGE_MARKET,84.61538461538461,50.0
K8_R0.90_T1_H0_N0_S8009_HYBRID_EAGER_inprocess,8009,1,0,N0,HYBRID_EAGER,90.10989010989012,75.0
K8_R0.90_T1_H0_N0_S8009_HYBRID_inprocess,8009,1,0,N0,HYBRID,90.10989010989012,75.0
K8_R0.90_T1_H0_N0_S8009_PERIODIC_inprocess,8009,1,0,N0,PERIODIC,90.10989010989012,75.0
K8_R0.90_T1_H0_N0_S8009_STATIC_inprocess,8009,1,0,N0,STATIC,82.41758241758242,50.0
K8_R0.90_T1_H0_N0_S8010_CENTRAL_FB_inprocess,8010,1,0,N0,CENTRAL_FB,93.54838709677419,100.0
K8_R0.90_T1_H0_N0_S8010_CENTRAL_FOG_inprocess,8010,1,0,N0,CENTRAL_FOG,93.54838709677419,100.0
K8_R0.90_T1_H0_N0_S8010_CENTRAL_inprocess,8010,1,0,N0,CENTRAL,93.54838709677419,100.0
K8_R0.90_T1_H0_N0_S8010_EDGE_MARKET_inprocess,8010,1,0,N0,EDGE_MARKET,90.3225806451613,75.0
K8_R0.90_T1_H0_N0_S8010_HYBRID_EAGER_inprocess,8010,1,0,N0,HYBRID_EAGER,93.54838709677419,100.0
K8_R0.90_T1_H0_N0_S8010_HYBRID_inprocess,8010,1,0,N0,HYBRID,93.54838709677419,100.0
K8_R0.90_T1_H0_N0_S8010_PERIODIC_inprocess,8010,1,0,N0,PERIODIC,91.39784946236558,100.0
K8_R0.90_T1_H0_N0_S8010_STATIC_inprocess,8010,1,0,N0,STATIC,92.47311827956989,100.0
K8_R0.90_T1_H0_N0_S8011_CENTRAL_FB_inprocess,8011,1,0,N0,CENTRAL_FB,88.57142857142857,100.0
K8_R0.90_T1_H0_N0_S8011_CENTRAL_FOG_inprocess,8011,1,0,N0,CENTRAL_FOG,88.57142857142857,100.0
K8_R0.90_T1_H0_N0_S8011_CENTRAL_inprocess,8011,1,0,N0,CENTRAL,88.57142857142857,100.0
K8_R0.90_T1_H0_N0_S8011_EDGE_MARKET_inprocess,8011,1,0,N0,EDGE_MARKET,87.61904761904762,100.0
K8_R0.90_T1_H0_N0_S8011_HYBRID_EAGER_inprocess,8011,1,0,N0,HYBRID_EAGER,83.80952380952381,100.0
K8_R0.90_T1_H0_N0_S8011_HYBRID_inprocess,8011,1,0,N0,HYBRID,88.57142857142857,100.0
K8_R0.90_T1_H0_N0_S8011_PERIODIC_inprocess,8011,1,0,N0,PERIODIC,90.47619047619048,100.0
K8_R0.90_T1_H0_N0_S8011_STATIC_inprocess,8011,1,0,N0,STATIC,73.33333333333333,57.142857142857146
K8_R0.90_T1_H0_N0_S8012_CENTRAL_FB_inprocess,8012,1,0,N0,CENTRAL_FB,81.98198198198199,90.9090909090909
K8_R0.90_T1_H0_N0_S8012_CENTRAL_FOG_inprocess,8012,1,0,N0,CENTRAL_FOG,81.98198198198199,90.9090909090909
K8_R0.90_T1_H0_N0_S8012_CENTRAL_inprocess,8012,1,0,N0,CENTRAL,81.98198198198199,90.9090909090909
K8_R0.90_T1_H0_N0_S8012_EDGE_MARKET_inprocess,8012,1,0,N0,EDGE_MARKET,81.98198198198199,100.0
K8_R0.90_T1_H0_N0_S8012_HYBRID_EAGER_inprocess,8012,1,0,N0,HYBRID_EAGER,81.98198198198199,90.9090909090909
K8_R0.90_T1_H0_N0_S8012_HYBRID_inprocess,8012,1,0,N0,HYBRID,81.98198198198199,90.9090909090909
K8_R0.90_T1_H0_N0_S8012_PERIODIC_inprocess,8012,1,0,N0,PERIODIC,77.47747747747748,81.81818181818181
K8_R0.90_T1_H0_N0_S8012_STATIC_inprocess,8012,1,0,N0,STATIC,71.17117117117117,54.54545454545455
K8_R0.90_T1_H0_N0_S8013_CENTRAL_FB_inprocess,8013,1,0,N0,CENTRAL_FB,85.4368932038835,88.88888888888889
K8_R0.90_T1_H0_N0_S8013_CENTRAL_FOG_inprocess,8013,1,0,N0,CENTRAL_FOG,85.4368932038835,88.88888888888889
K8_R0.90_T1_H0_N0_S8013_CENTRAL_inprocess,8013,1,0,N0,CENTRAL,85.4368932038835,88.88888888888889
K8_R0.90_T1_H0_N0_S8013_EDGE_MARKET_inprocess,8013,1,0,N0,EDGE_MARKET,88.3495145631068,100.0
K8_R0.90_T1_H0_N0_S8013_HYBRID_EAGER_inprocess,8013,1,0,N0,HYBRID_EAGER,85.4368932038835,88.88888888888889
K8_R0.90_T1_H0_N0_S8013_HYBRID_inprocess,8013,1,0,N0,HYBRID,85.4368932038835,88.88888888888889
K8_R0.90_T1_H0_N0_S8013_PERIODIC_inprocess,8013,1,0,N0,PERIODIC,85.4368932038835,88.88888888888889
K8_R0.90_T1_H0_N0_S8013_STATIC_inprocess,8013,1,0,N0,STATIC,83.49514563106796,66.66666666666667
K8_R0.90_T1_H0_N0_S8014_CENTRAL_FB_inprocess,8014,1,0,N0,CENTRAL_FB,92.38095238095238,90.9090909090909
K8_R0.90_T1_H0_N0_S8014_CENTRAL_FOG_inprocess,8014,1,0,N0,CENTRAL_FOG,92.38095238095238,90.9090909090909
K8_R0.90_T1_H0_N0_S8014_CENTRAL_inprocess,8014,1,0,N0,CENTRAL,92.38095238095238,90.9090909090909
K8_R0.90_T1_H0_N0_S8014_EDGE_MARKET_inprocess,8014,1,0,N0,EDGE_MARKET,87.61904761904762,81.81818181818181
K8_R0.90_T1_H0_N0_S8014_HYBRID_EAGER_inprocess,8014,1,0,N0,HYBRID_EAGER,92.38095238095238,90.9090909090909
K8_R0.90_T1_H0_N0_S8014_HYBRID_inprocess,8014,1,0,N0,HYBRID,92.38095238095238,90.9090909090909
K8_R0.90_T1_H0_N0_S8014_PERIODIC_inprocess,8014,1,0,N0,PERIODIC,88.57142857142857,81.81818181818181
K8_R0.90_T1_H0_N0_S8014_STATIC_inprocess,8014,1,0,N0,STATIC,87.61904761904762,90.9090909090909
K8_R0.90_T1_H0_N0_S8015_CENTRAL_FB_inprocess,8015,1,0,N0,CENTRAL_FB,92.66055045871559,85.71428571428571
K8_R0.90_T1_H0_N0_S8015_CENTRAL_FOG_inprocess,8015,1,0,N0,CENTRAL_FOG,92.66055045871559,85.71428571428571
K8_R0.90_T1_H0_N0_S8015_CENTRAL_inprocess,8015,1,0,N0,CENTRAL,92.66055045871559,85.71428571428571
K8_R0.90_T1_H0_N0_S8015_EDGE_MARKET_inprocess,8015,1,0,N0,EDGE_MARKET,86.23853211009174,85.71428571428571
K8_R0.90_T1_H0_N0_S8015_HYBRID_EAGER_inprocess,8015,1,0,N0,HYBRID_EAGER,93.57798165137615,92.85714285714286
K8_R0.90_T1_H0_N0_S8015_HYBRID_inprocess,8015,1,0,N0,HYBRID,92.66055045871559,85.71428571428571
K8_R0.90_T1_H0_N0_S8015_PERIODIC_inprocess,8015,1,0,N0,PERIODIC,90.8256880733945,85.71428571428571
K8_R0.90_T1_H0_N0_S8015_STATIC_inprocess,8015,1,0,N0,STATIC,89.90825688073394,92.85714285714286
K8_R0.90_T1_H0_N0_S8016_CENTRAL_FB_inprocess,8016,1,0,N0,CENTRAL_FB,97.0,100.0
K8_R0.90_T1_H0_N0_S8016_CENTRAL_FOG_inprocess,8016,1,0,N0,CENTRAL_FOG,97.0,100.0
K8_R0.90_T1_H0_N0_S8016_CENTRAL_inprocess,8016,1,0,N0,CENTRAL,97.0,100.0
K8_R0.90_T1_H0_N0_S8016_EDGE_MARKET_inprocess,8016,1,0,N0,EDGE_MARKET,92.0,100.0
K8_R0.90_T1_H0_N0_S8016_HYBRID_EAGER_inprocess,8016,1,0,N0,HYBRID_EAGER,97.0,100.0
K8_R0.90_T1_H0_N0_S8016_HYBRID_inprocess,8016,1,0,N0,HYBRID,97.0,100.0
K8_R0.90_T1_H0_N0_S8016_PERIODIC_inprocess,8016,1,0,N0,PERIODIC,94.0,100.0
K8_R0.90_T1_H0_N0_S8016_STATIC_inprocess,8016,1,0,N0,STATIC,85.0,80.0
K8_R0.90_T1_H0_N0_S8017_CENTRAL_FB_inprocess,8017,1,0,N0,CENTRAL_FB,86.40776699029126,88.88888888888889
K8_R0.90_T1_H0_N0_S8017_CENTRAL_FOG_inprocess,8017,1,0,N0,CENTRAL_FOG,86.40776699029126,88.88888888888889
K8_R0.90_T1_H0_N0_S8017_CENTRAL_inprocess,8017,1,0,N0,CENTRAL,86.40776699029126,88.88888888888889
K8_R0.90_T1_H0_N0_S8017_EDGE_MARKET_inprocess,8017,1,0,N0,EDGE_MARKET,87.37864077669903,88.88888888888889
K8_R0.90_T1_H0_N0_S8017_HYBRID_EAGER_inprocess,8017,1,0,N0,HYBRID_EAGER,88.3495145631068,77.77777777777777
K8_R0.90_T1_H0_N0_S8017_HYBRID_inprocess,8017,1,0,N0,HYBRID,86.40776699029126,88.88888888888889
K8_R0.90_T1_H0_N0_S8017_PERIODIC_inprocess,8017,1,0,N0,PERIODIC,93.20388349514563,100.0
K8_R0.90_T1_H0_N0_S8017_STATIC_inprocess,8017,1,0,N0,STATIC,78.64077669902913,77.77777777777777
K8_R0.90_T1_H0_N0_S8018_CENTRAL_FB_inprocess,8018,1,0,N0,CENTRAL_FB,94.11764705882354,100.0
K8_R0.90_T1_H0_N0_S8018_CENTRAL_FOG_inprocess,8018,1,0,N0,CENTRAL_FOG,94.11764705882354,100.0
K8_R0.90_T1_H0_N0_S8018_CENTRAL_inprocess,8018,1,0,N0,CENTRAL,94.11764705882354,100.0
K8_R0.90_T1_H0_N0_S8018_EDGE_MARKET_inprocess,8018,1,0,N0,EDGE_MARKET,86.27450980392157,57.142857142857146
K8_R0.90_T1_H0_N0_S8018_HYBRID_EAGER_inprocess,8018,1,0,N0,HYBRID_EAGER,94.11764705882354,100.0
K8_R0.90_T1_H0_N0_S8018_HYBRID_inprocess,8018,1,0,N0,HYBRID,94.11764705882354,100.0
K8_R0.90_T1_H0_N0_S8018_PERIODIC_inprocess,8018,1,0,N0,PERIODIC,95.09803921568627,100.0
K8_R0.90_T1_H0_N0_S8018_STATIC_inprocess,8018,1,0,N0,STATIC,88.23529411764706,100.0
K8_R0.90_T1_H0_N0_S8019_CENTRAL_FB_inprocess,8019,1,0,N0,CENTRAL_FB,94.6236559139785,100.0
K8_R0.90_T1_H0_N0_S8019_CENTRAL_FOG_inprocess,8019,1,0,N0,CENTRAL_FOG,94.6236559139785,100.0
K8_R0.90_T1_H0_N0_S8019_CENTRAL_inprocess,8019,1,0,N0,CENTRAL,94.6236559139785,100.0
K8_R0.90_T1_H0_N0_S8019_EDGE_MARKET_inprocess,8019,1,0,N0,EDGE_MARKET,92.47311827956989,100.0
K8_R0.90_T1_H0_N0_S8019_HYBRID_EAGER_inprocess,8019,1,0,N0,HYBRID_EAGER,94.6236559139785,100.0
K8_R0.90_T1_H0_N0_S8019_HYBRID_inprocess,8019,1,0,N0,HYBRID,94.6236559139785,100.0
K8_R0.90_T1_H0_N0_S8019_PERIODIC_inprocess,8019,1,0,N0,PERIODIC,91.39784946236558,100.0
K8_R0.90_T1_H0_N0_S8019_STATIC_inprocess,8019,1,0,N0,STATIC,87.09677419354838,80.0
K8_R0.90_T1_H0_N0_S8020_CENTRAL_FB_inprocess,8020,1,0,N0,CENTRAL_FB,88.67924528301887,71.42857142857143
K8_R0.90_T1_H0_N0_S8020_CENTRAL_FOG_inprocess,8020,1,0,N0,CENTRAL_FOG,88.67924528301887,71.42857142857143
K8_R0.90_T1_H0_N0_S8020_CENTRAL_inprocess,8020,1,0,N0,CENTRAL,88.67924528301887,71.42857142857143
K8_R0.90_T1_H0_N0_S8020_EDGE_MARKET_inprocess,8020,1,0,N0,EDGE_MARKET,83.01886792452831,42.857142857142854
K8_R0.90_T1_H0_N0_S8020_HYBRID_EAGER_inprocess,8020,1,0,N0,HYBRID_EAGER,88.67924528301887,71.42857142857143
K8_R0.90_T1_H0_N0_S8020_HYBRID_inprocess,8020,1,0,N0,HYBRID,88.67924528301887,71.42857142857143
K8_R0.90_T1_H0_N0_S8020_PERIODIC_inprocess,8020,1,0,N0,PERIODIC,79.24528301886792,57.142857142857146
K8_R0.90_T1_H0_N0_S8020_STATIC_inprocess,8020,1,0,N0,STATIC,79.24528301886792,57.142857142857146
K8_R0.90_T1_H0_N0_S8021_CENTRAL_FB_inprocess,8021,1,0,N0,CENTRAL_FB,87.12871287128714,77.77777777777777
K8_R0.90_T1_H0_N0_S8021_CENTRAL_FOG_inprocess,8021,1,0,N0,CENTRAL_FOG,87.12871287128714,77.77777777777777
K8_R0.90_T1_H0_N0_S8021_CENTRAL_inprocess,8021,1,0,N0,CENTRAL,87.12871287128714,77.77777777777777
K8_R0.90_T1_H0_N0_S8021_EDGE_MARKET_inprocess,8021,1,0,N0,EDGE_MARKET,88.11881188118812,88.88888888888889
K8_R0.90_T1_H0_N0_S8021_HYBRID_EAGER_inprocess,8021,1,0,N0,HYBRID_EAGER,87.12871287128714,77.77777777777777
K8_R0.90_T1_H0_N0_S8021_HYBRID_inprocess,8021,1,0,N0,HYBRID,87.12871287128714,77.77777777777777
K8_R0.90_T1_H0_N0_S8021_PERIODIC_inprocess,8021,1,0,N0,PERIODIC,89.10891089108911,88.88888888888889
K8_R0.90_T1_H0_N0_S8021_STATIC_inprocess,8021,1,0,N0,STATIC,86.13861386138613,77.77777777777777
K8_R0.90_T1_H0_N0_S8022_CENTRAL_FB_inprocess,8022,1,0,N0,CENTRAL_FB,89.7196261682243,100.0
K8_R0.90_T1_H0_N0_S8022_CENTRAL_FOG_inprocess,8022,1,0,N0,CENTRAL_FOG,89.7196261682243,100.0
K8_R0.90_T1_H0_N0_S8022_CENTRAL_inprocess,8022,1,0,N0,CENTRAL,89.7196261682243,100.0
K8_R0.90_T1_H0_N0_S8022_EDGE_MARKET_inprocess,8022,1,0,N0,EDGE_MARKET,84.11214953271028,87.5
K8_R0.90_T1_H0_N0_S8022_HYBRID_EAGER_inprocess,8022,1,0,N0,HYBRID_EAGER,89.7196261682243,100.0
K8_R0.90_T1_H0_N0_S8022_HYBRID_inprocess,8022,1,0,N0,HYBRID,89.7196261682243,100.0
K8_R0.90_T1_H0_N0_S8022_PERIODIC_inprocess,8022,1,0,N0,PERIODIC,86.91588785046729,100.0
K8_R0.90_T1_H0_N0_S8022_STATIC_inprocess,8022,1,0,N0,STATIC,76.6355140186916,62.5
K8_R0.90_T1_H0_N0_S8023_CENTRAL_FB_inprocess,8023,1,0,N0,CENTRAL_FB,87.25490196078431,81.81818181818181
K8_R0.90_T1_H0_N0_S8023_CENTRAL_FOG_inprocess,8023,1,0,N0,CENTRAL_FOG,87.25490196078431,81.81818181818181
K8_R0.90_T1_H0_N0_S8023_CENTRAL_inprocess,8023,1,0,N0,CENTRAL,87.25490196078431,81.81818181818181
K8_R0.90_T1_H0_N0_S8023_EDGE_MARKET_inprocess,8023,1,0,N0,EDGE_MARKET,88.23529411764706,100.0
K8_R0.90_T1_H0_N0_S8023_HYBRID_EAGER_inprocess,8023,1,0,N0,HYBRID_EAGER,87.25490196078431,81.81818181818181
K8_R0.90_T1_H0_N0_S8023_HYBRID_inprocess,8023,1,0,N0,HYBRID,87.25490196078431,81.81818181818181
K8_R0.90_T1_H0_N0_S8023_PERIODIC_inprocess,8023,1,0,N0,PERIODIC,89.2156862745098,90.9090909090909
K8_R0.90_T1_H0_N0_S8023_STATIC_inprocess,8023,1,0,N0,STATIC,86.27450980392157,72.72727272727273
K8_R0.90_T1_H0_N0_S8024_CENTRAL_FB_inprocess,8024,1,0,N0,CENTRAL_FB,91.0,100.0
K8_R0.90_T1_H0_N0_S8024_CENTRAL_FOG_inprocess,8024,1,0,N0,CENTRAL_FOG,91.0,100.0
K8_R0.90_T1_H0_N0_S8024_CENTRAL_inprocess,8024,1,0,N0,CENTRAL,91.0,100.0
K8_R0.90_T1_H0_N0_S8024_EDGE_MARKET_inprocess,8024,1,0,N0,EDGE_MARKET,84.0,100.0
K8_R0.90_T1_H0_N0_S8024_HYBRID_EAGER_inprocess,8024,1,0,N0,HYBRID_EAGER,91.0,100.0
K8_R0.90_T1_H0_N0_S8024_HYBRID_inprocess,8024,1,0,N0,HYBRID,91.0,100.0
K8_R0.90_T1_H0_N0_S8024_PERIODIC_inprocess,8024,1,0,N0,PERIODIC,95.0,100.0
K8_R0.90_T1_H0_N0_S8024_STATIC_inprocess,8024,1,0,N0,STATIC,84.0,83.33333333333333
K8_R0.90_T1_H0_N0_S8025_CENTRAL_FB_inprocess,8025,1,0,N0,CENTRAL_FB,94.79166666666667,100.0
K8_R0.90_T1_H0_N0_S8025_CENTRAL_FOG_inprocess,8025,1,0,N0,CENTRAL_FOG,94.79166666666667,100.0
K8_R0.90_T1_H0_N0_S8025_CENTRAL_inprocess,8025,1,0,N0,CENTRAL,94.79166666666667,100.0
K8_R0.90_T1_H0_N0_S8025_EDGE_MARKET_inprocess,8025,1,0,N0,EDGE_MARKET,90.625,66.66666666666667
K8_R0.90_T1_H0_N0_S8025_HYBRID_EAGER_inprocess,8025,1,0,N0,HYBRID_EAGER,91.66666666666667,100.0
K8_R0.90_T1_H0_N0_S8025_HYBRID_inprocess,8025,1,0,N0,HYBRID,94.79166666666667,100.0
K8_R0.90_T1_H0_N0_S8025_PERIODIC_inprocess,8025,1,0,N0,PERIODIC,90.625,100.0
K8_R0.90_T1_H0_N0_S8025_STATIC_inprocess,8025,1,0,N0,STATIC,88.54166666666667,66.66666666666667
K8_R0.90_T1_H0_N0_S8026_CENTRAL_FB_inprocess,8026,1,0,N0,CENTRAL_FB,93.75,83.33333333333333
K8_R0.90_T1_H0_N0_S8026_CENTRAL_FOG_inprocess,8026,1,0,N0,CENTRAL_FOG,93.75,83.33333333333333
K8_R0.90_T1_H0_N0_S8026_CENTRAL_inprocess,8026,1,0,N0,CENTRAL,93.75,83.33333333333333
K8_R0.90_T1_H0_N0_S8026_EDGE_MARKET_inprocess,8026,1,0,N0,EDGE_MARKET,94.79166666666667,100.0
K8_R0.90_T1_H0_N0_S8026_HYBRID_EAGER_inprocess,8026,1,0,N0,HYBRID_EAGER,93.75,83.33333333333333
K8_R0.90_T1_H0_N0_S8026_HYBRID_inprocess,8026,1,0,N0,HYBRID,93.75,83.33333333333333
K8_R0.90_T1_H0_N0_S8026_PERIODIC_inprocess,8026,1,0,N0,PERIODIC,93.75,100.0
K8_R0.90_T1_H0_N0_S8026_STATIC_inprocess,8026,1,0,N0,STATIC,89.58333333333333,100.0
K8_R0.90_T1_H0_N0_S8027_CENTRAL_FB_inprocess,8027,1,0,N0,CENTRAL_FB,88.3495145631068,100.0
K8_R0.90_T1_H0_N0_S8027_CENTRAL_FOG_inprocess,8027,1,0,N0,CENTRAL_FOG,88.3495145631068,100.0
K8_R0.90_T1_H0_N0_S8027_CENTRAL_inprocess,8027,1,0,N0,CENTRAL,88.3495145631068,100.0
K8_R0.90_T1_H0_N0_S8027_EDGE_MARKET_inprocess,8027,1,0,N0,EDGE_MARKET,87.37864077669903,100.0
K8_R0.90_T1_H0_N0_S8027_HYBRID_EAGER_inprocess,8027,1,0,N0,HYBRID_EAGER,85.4368932038835,88.88888888888889
K8_R0.90_T1_H0_N0_S8027_HYBRID_inprocess,8027,1,0,N0,HYBRID,88.3495145631068,100.0
K8_R0.90_T1_H0_N0_S8027_PERIODIC_inprocess,8027,1,0,N0,PERIODIC,86.40776699029126,88.88888888888889
K8_R0.90_T1_H0_N0_S8027_STATIC_inprocess,8027,1,0,N0,STATIC,87.37864077669903,100.0
K8_R0.90_T1_H0_N0_S8028_CENTRAL_FB_inprocess,8028,1,0,N0,CENTRAL_FB,83.01886792452831,78.57142857142857
K8_R0.90_T1_H0_N0_S8028_CENTRAL_FOG_inprocess,8028,1,0,N0,CENTRAL_FOG,83.01886792452831,78.57142857142857
K8_R0.90_T1_H0_N0_S8028_CENTRAL_inprocess,8028,1,0,N0,CENTRAL,83.01886792452831,78.57142857142857
K8_R0.90_T1_H0_N0_S8028_EDGE_MARKET_inprocess,8028,1,0,N0,EDGE_MARKET,77.35849056603773,71.42857142857143
K8_R0.90_T1_H0_N0_S8028_HYBRID_EAGER_inprocess,8028,1,0,N0,HYBRID_EAGER,80.18867924528301,64.28571428571429
K8_R0.90_T1_H0_N0_S8028_HYBRID_inprocess,8028,1,0,N0,HYBRID,83.01886792452831,78.57142857142857
K8_R0.90_T1_H0_N0_S8028_PERIODIC_inprocess,8028,1,0,N0,PERIODIC,86.79245283018868,85.71428571428571
K8_R0.90_T1_H0_N0_S8028_STATIC_inprocess,8028,1,0,N0,STATIC,78.30188679245283,64.28571428571429
K8_R0.90_T1_H0_N0_S8029_CENTRAL_FB_inprocess,8029,1,0,N0,CENTRAL_FB,86.86868686868686,100.0
K8_R0.90_T1_H0_N0_S8029_CENTRAL_FOG_inprocess,8029,1,0,N0,CENTRAL_FOG,86.86868686868686,100.0
K8_R0.90_T1_H0_N0_S8029_CENTRAL_inprocess,8029,1,0,N0,CENTRAL,86.86868686868686,100.0
K8_R0.90_T1_H0_N0_S8029_EDGE_MARKET_inprocess,8029,1,0,N0,EDGE_MARKET,84.84848484848484,83.33333333333333
K8_R0.90_T1_H0_N0_S8029_HYBRID_EAGER_inprocess,8029,1,0,N0,HYBRID_EAGER,86.86868686868686,100.0
K8_R0.90_T1_H0_N0_S8029_HYBRID_inprocess,8029,1,0,N0,HYBRID,86.86868686868686,100.0
K8_R0.90_T1_H0_N0_S8029_PERIODIC_inprocess,8029,1,0,N0,PERIODIC,82.82828282828282,100.0
K8_R0.90_T1_H0_N0_S8029_STATIC_inprocess,8029,1,0,N0,STATIC,81.81818181818181,66.66666666666667
K8_R0.90_T1_H0_N0_S8030_CENTRAL_FB_inprocess,8030,1,0,N0,CENTRAL_FB,83.83838383838383,83.33333333333333
K8_R0.90_T1_H0_N0_S8030_CENTRAL_FOG_inprocess,8030,1,0,N0,CENTRAL_FOG,83.83838383838383,83.33333333333333
K8_R0.90_T1_H0_N0_S8030_CENTRAL_inprocess,8030,1,0,N0,CENTRAL,83.83838383838383,83.33333333333333
K8_R0.90_T1_H0_N0_S8030_EDGE_MARKET_inprocess,8030,1,0,N0,EDGE_MARKET,84.84848484848484,100.0
K8_R0.90_T1_H0_N0_S8030_HYBRID_EAGER_inprocess,8030,1,0,N0,HYBRID_EAGER,83.83838383838383,83.33333333333333
K8_R0.90_T1_H0_N0_S8030_HYBRID_inprocess,8030,1,0,N0,HYBRID,83.83838383838383,83.33333333333333
K8_R0.90_T1_H0_N0_S8030_PERIODIC_inprocess,8030,1,0,N0,PERIODIC,88.88888888888889,100.0
K8_R0.90_T1_H0_N0_S8030_STATIC_inprocess,8030,1,0,N0,STATIC,81.81818181818181,83.33333333333333
K8_R0.90_T1_H0_N0_S8031_CENTRAL_FB_inprocess,8031,1,0,N0,CENTRAL_FB,83.15789473684211,66.66666666666667
K8_R0.90_T1_H0_N0_S8031_CENTRAL_FOG_inprocess,8031,1,0,N0,CENTRAL_FOG,83.15789473684211,66.66666666666667
K8_R0.90_T1_H0_N0_S8031_CENTRAL_inprocess,8031,1,0,N0,CENTRAL,83.15789473684211,66.66666666666667
K8_R0.90_T1_H0_N0_S8031_EDGE_MARKET_inprocess,8031,1,0,N0,EDGE_MARKET,78.94736842105263,50.0
K8_R0.90_T1_H0_N0_S8031_HYBRID_EAGER_inprocess,8031,1,0,N0,HYBRID_EAGER,82.10526315789474,66.66666666666667
K8_R0.90_T1_H0_N0_S8031_HYBRID_inprocess,8031,1,0,N0,HYBRID,83.15789473684211,66.66666666666667
K8_R0.90_T1_H0_N0_S8031_PERIODIC_inprocess,8031,1,0,N0,PERIODIC,80.0,83.33333333333333
K8_R0.90_T1_H0_N0_S8031_STATIC_inprocess,8031,1,0,N0,STATIC,70.52631578947368,16.666666666666668
K8_R0.90_T1_H0_N0_S8032_CENTRAL_FB_inprocess,8032,1,0,N0,CENTRAL_FB,89.8989898989899,100.0
K8_R0.90_T1_H0_N0_S8032_CENTRAL_FOG_inprocess,8032,1,0,N0,CENTRAL_FOG,89.8989898989899,100.0
K8_R0.90_T1_H0_N0_S8032_CENTRAL_inprocess,8032,1,0,N0,CENTRAL,89.8989898989899,100.0
K8_R0.90_T1_H0_N0_S8032_EDGE_MARKET_inprocess,8032,1,0,N0,EDGE_MARKET,84.84848484848484,83.33333333333333
K8_R0.90_T1_H0_N0_S8032_HYBRID_EAGER_inprocess,8032,1,0,N0,HYBRID_EAGER,89.8989898989899,100.0
K8_R0.90_T1_H0_N0_S8032_HYBRID_inprocess,8032,1,0,N0,HYBRID,89.8989898989899,100.0
K8_R0.90_T1_H0_N0_S8032_PERIODIC_inprocess,8032,1,0,N0,PERIODIC,92.92929292929293,100.0
K8_R0.90_T1_H0_N0_S8032_STATIC_inprocess,8032,1,0,N0,STATIC,85.85858585858585,100.0
K8_R0.90_T1_H0_N0_S8033_CENTRAL_FB_inprocess,8033,1,0,N0,CENTRAL_FB,95.91836734693878,100.0
K8_R0.90_T1_H0_N0_S8033_CENTRAL_FOG_inprocess,8033,1,0,N0,CENTRAL_FOG,95.91836734693878,100.0
K8_R0.90_T1_H0_N0_S8033_CENTRAL_inprocess,8033,1,0,N0,CENTRAL,95.91836734693878,100.0
K8_R0.90_T1_H0_N0_S8033_EDGE_MARKET_inprocess,8033,1,0,N0,EDGE_MARKET,92.85714285714286,100.0
K8_R0.90_T1_H0_N0_S8033_HYBRID_EAGER_inprocess,8033,1,0,N0,HYBRID_EAGER,95.91836734693878,100.0
K8_R0.90_T1_H0_N0_S8033_HYBRID_inprocess,8033,1,0,N0,HYBRID,95.91836734693878,100.0
K8_R0.90_T1_H0_N0_S8033_PERIODIC_inprocess,8033,1,0,N0,PERIODIC,95.91836734693878,100.0
K8_R0.90_T1_H0_N0_S8033_STATIC_inprocess,8033,1,0,N0,STATIC,92.85714285714286,100.0
K8_R0.90_T1_H0_N0_S8034_CENTRAL_FB_inprocess,8034,1,0,N0,CENTRAL_FB,99.03846153846153,100.0
K8_R0.90_T1_H0_N0_S8034_CENTRAL_FOG_inprocess,8034,1,0,N0,CENTRAL_FOG,99.03846153846153,100.0
K8_R0.90_T1_H0_N0_S8034_CENTRAL_inprocess,8034,1,0,N0,CENTRAL,99.03846153846153,100.0
K8_R0.90_T1_H0_N0_S8034_EDGE_MARKET_inprocess,8034,1,0,N0,EDGE_MARKET,88.46153846153847,87.5
K8_R0.90_T1_H0_N0_S8034_HYBRID_EAGER_inprocess,8034,1,0,N0,HYBRID_EAGER,99.03846153846153,100.0
K8_R0.90_T1_H0_N0_S8034_HYBRID_inprocess,8034,1,0,N0,HYBRID,99.03846153846153,100.0
K8_R0.90_T1_H0_N0_S8034_PERIODIC_inprocess,8034,1,0,N0,PERIODIC,91.34615384615384,87.5
K8_R0.90_T1_H0_N0_S8034_STATIC_inprocess,8034,1,0,N0,STATIC,88.46153846153847,100.0
K8_R0.90_T1_H0_N0_S8035_CENTRAL_FB_inprocess,8035,1,0,N0,CENTRAL_FB,94.5945945945946,91.66666666666667
K8_R0.90_T1_H0_N0_S8035_CENTRAL_FOG_inprocess,8035,1,0,N0,CENTRAL_FOG,94.5945945945946,91.66666666666667
K8_R0.90_T1_H0_N0_S8035_CENTRAL_inprocess,8035,1,0,N0,CENTRAL,94.5945945945946,91.66666666666667
K8_R0.90_T1_H0_N0_S8035_EDGE_MARKET_inprocess,8035,1,0,N0,EDGE_MARKET,87.38738738738739,75.0
K8_R0.90_T1_H0_N0_S8035_HYBRID_EAGER_inprocess,8035,1,0,N0,HYBRID_EAGER,94.5945945945946,91.66666666666667
K8_R0.90_T1_H0_N0_S8035_HYBRID_inprocess,8035,1,0,N0,HYBRID,94.5945945945946,91.66666666666667
K8_R0.90_T1_H0_N0_S8035_PERIODIC_inprocess,8035,1,0,N0,PERIODIC,91.89189189189189,91.66666666666667
K8_R0.90_T1_H0_N0_S8035_STATIC_inprocess,8035,1,0,N0,STATIC,84.68468468468468,75.0
K8_R0.90_T1_H0_N0_S8036_CENTRAL_FB_inprocess,8036,1,0,N0,CENTRAL_FB,94.1747572815534,100.0
K8_R0.90_T1_H0_N0_S8036_CENTRAL_FOG_inprocess,8036,1,0,N0,CENTRAL_FOG,94.1747572815534,100.0
K8_R0.90_T1_H0_N0_S8036_CENTRAL_inprocess,8036,1,0,N0,CENTRAL,94.1747572815534,100.0
K8_R0.90_T1_H0_N0_S8036_EDGE_MARKET_inprocess,8036,1,0,N0,EDGE_MARKET,86.40776699029126,75.0
K8_R0.90_T1_H0_N0_S8036_HYBRID_EAGER_inprocess,8036,1,0,N0,HYBRID_EAGER,94.1747572815534,100.0
K8_R0.90_T1_H0_N0_S8036_HYBRID_inprocess,8036,1,0,N0,HYBRID,94.1747572815534,100.0
K8_R0.90_T1_H0_N0_S8036_PERIODIC_inprocess,8036,1,0,N0,PERIODIC,90.29126213592232,87.5
K8_R0.90_T1_H0_N0_S8036_STATIC_inprocess,8036,1,0,N0,STATIC,89.32038834951456,87.5
K8_R0.90_T1_H0_N0_S8037_CENTRAL_FB_inprocess,8037,1,0,N0,CENTRAL_FB,92.5925925925926,100.0
K8_R0.90_T1_H0_N0_S8037_CENTRAL_FOG_inprocess,8037,1,0,N0,CENTRAL_FOG,92.5925925925926,100.0
K8_R0.90_T1_H0_N0_S8037_CENTRAL_inprocess,8037,1,0,N0,CENTRAL,92.5925925925926,100.0
K8_R0.90_T1_H0_N0_S8037_EDGE_MARKET_inprocess,8037,1,0,N0,EDGE_MARKET,91.66666666666667,100.0
K8_R0.90_T1_H0_N0_S8037_HYBRID_EAGER_inprocess,8037,1,0,N0,HYBRID_EAGER,92.5925925925926,100.0
K8_R0.90_T1_H0_N0_S8037_HYBRID_inprocess,8037,1,0,N0,HYBRID,92.5925925925926,100.0
K8_R0.90_T1_H0_N0_S8037_PERIODIC_inprocess,8037,1,0,N0,PERIODIC,89.81481481481481,80.0
K8_R0.90_T1_H0_N0_S8037_STATIC_inprocess,8037,1,0,N0,STATIC,88.88888888888889,80.0
K8_R0.90_T1_H0_N0_S8038_CENTRAL_FB_inprocess,8038,1,0,N0,CENTRAL_FB,93.81443298969072,100.0
K8_R0.90_T1_H0_N0_S8038_CENTRAL_FOG_inprocess,8038,1,0,N0,CENTRAL_FOG,93.81443298969072,100.0
K8_R0.90_T1_H0_N0_S8038_CENTRAL_inprocess,8038,1,0,N0,CENTRAL,93.81443298969072,100.0
K8_R0.90_T1_H0_N0_S8038_EDGE_MARKET_inprocess,8038,1,0,N0,EDGE_MARKET,91.75257731958763,100.0
K8_R0.90_T1_H0_N0_S8038_HYBRID_EAGER_inprocess,8038,1,0,N0,HYBRID_EAGER,93.81443298969072,100.0
K8_R0.90_T1_H0_N0_S8038_HYBRID_inprocess,8038,1,0,N0,HYBRID,93.81443298969072,100.0
K8_R0.90_T1_H0_N0_S8038_PERIODIC_inprocess,8038,1,0,N0,PERIODIC,90.72164948453609,100.0
K8_R0.90_T1_H0_N0_S8038_STATIC_inprocess,8038,1,0,N0,STATIC,88.65979381443299,80.0
K8_R0.90_T1_H0_N0_S8039_CENTRAL_FB_inprocess,8039,1,0,N0,CENTRAL_FB,91.08910891089108,100.0
K8_R0.90_T1_H0_N0_S8039_CENTRAL_FOG_inprocess,8039,1,0,N0,CENTRAL_FOG,91.08910891089108,100.0
K8_R0.90_T1_H0_N0_S8039_CENTRAL_inprocess,8039,1,0,N0,CENTRAL,91.08910891089108,100.0
K8_R0.90_T1_H0_N0_S8039_EDGE_MARKET_inprocess,8039,1,0,N0,EDGE_MARKET,90.0990099009901,83.33333333333333
K8_R0.90_T1_H0_N0_S8039_HYBRID_EAGER_inprocess,8039,1,0,N0,HYBRID_EAGER,91.08910891089108,100.0
K8_R0.90_T1_H0_N0_S8039_HYBRID_inprocess,8039,1,0,N0,HYBRID,91.08910891089108,100.0
K8_R0.90_T1_H0_N0_S8039_PERIODIC_inprocess,8039,1,0,N0,PERIODIC,89.10891089108911,83.33333333333333
K8_R0.90_T1_H0_N0_S8039_STATIC_inprocess,8039,1,0,N0,STATIC,84.15841584158416,50.0
K8_R0.90_T1_H0_N0_S8040_CENTRAL_FB_inprocess,8040,1,0,N0,CENTRAL_FB,93.87755102040816,100.0
K8_R0.90_T1_H0_N0_S8040_CENTRAL_FOG_inprocess,8040,1,0,N0,CENTRAL_FOG,93.87755102040816,100.0
K8_R0.90_T1_H0_N0_S8040_CENTRAL_inprocess,8040,1,0,N0,CENTRAL,93.87755102040816,100.0
K8_R0.90_T1_H0_N0_S8040_EDGE_MARKET_inprocess,8040,1,0,N0,EDGE_MARKET,87.75510204081633,100.0
K8_R0.90_T1_H0_N0_S8040_HYBRID_EAGER_inprocess,8040,1,0,N0,HYBRID_EAGER,93.87755102040816,100.0
K8_R0.90_T1_H0_N0_S8040_HYBRID_inprocess,8040,1,0,N0,HYBRID,93.87755102040816,100.0
K8_R0.90_T1_H0_N0_S8040_PERIODIC_inprocess,8040,1,0,N0,PERIODIC,93.87755102040816,100.0
K8_R0.90_T1_H0_N0_S8040_STATIC_inprocess,8040,1,0,N0,STATIC,91.83673469387755,100.0
K8_R0.90_T1_H0_N1_S8001_CENTRAL_FB_inprocess,8001,1,0,N1,CENTRAL_FB,88.18181818181819,100.0
K8_R0.90_T1_H0_N1_S8001_CENTRAL_FOG_inprocess,8001,1,0,N1,CENTRAL_FOG,88.18181818181819,100.0
K8_R0.90_T1_H0_N1_S8001_CENTRAL_inprocess,8001,1,0,N1,CENTRAL,88.18181818181819,100.0
K8_R0.90_T1_H0_N1_S8001_EDGE_MARKET_inprocess,8001,1,0,N1,EDGE_MARKET,80.9090909090909,83.33333333333333
K8_R0.90_T1_H0_N1_S8001_HYBRID_EAGER_inprocess,8001,1,0,N1,HYBRID_EAGER,88.18181818181819,100.0
K8_R0.90_T1_H0_N1_S8001_HYBRID_inprocess,8001,1,0,N1,HYBRID,88.18181818181819,100.0
K8_R0.90_T1_H0_N1_S8001_PERIODIC_inprocess,8001,1,0,N1,PERIODIC,85.45454545454545,100.0
K8_R0.90_T1_H0_N1_S8001_STATIC_inprocess,8001,1,0,N1,STATIC,77.27272727272727,75.0
K8_R0.90_T1_H0_N1_S8002_CENTRAL_FB_inprocess,8002,1,0,N1,CENTRAL_FB,95.83333333333333,100.0
K8_R0.90_T1_H0_N1_S8002_CENTRAL_FOG_inprocess,8002,1,0,N1,CENTRAL_FOG,95.83333333333333,100.0
K8_R0.90_T1_H0_N1_S8002_CENTRAL_inprocess,8002,1,0,N1,CENTRAL,95.83333333333333,100.0
K8_R0.90_T1_H0_N1_S8002_EDGE_MARKET_inprocess,8002,1,0,N1,EDGE_MARKET,93.75,100.0
K8_R0.90_T1_H0_N1_S8002_HYBRID_EAGER_inprocess,8002,1,0,N1,HYBRID_EAGER,97.91666666666667,100.0
K8_R0.90_T1_H0_N1_S8002_HYBRID_inprocess,8002,1,0,N1,HYBRID,95.83333333333333,100.0
K8_R0.90_T1_H0_N1_S8002_PERIODIC_inprocess,8002,1,0,N1,PERIODIC,92.70833333333333,100.0
K8_R0.90_T1_H0_N1_S8002_STATIC_inprocess,8002,1,0,N1,STATIC,90.625,83.33333333333333
K8_R0.90_T1_H0_N1_S8003_CENTRAL_FB_inprocess,8003,1,0,N1,CENTRAL_FB,92.45283018867924,90.9090909090909
K8_R0.90_T1_H0_N1_S8003_CENTRAL_FOG_inprocess,8003,1,0,N1,CENTRAL_FOG,92.45283018867924,90.9090909090909
K8_R0.90_T1_H0_N1_S8003_CENTRAL_inprocess,8003,1,0,N1,CENTRAL,92.45283018867924,90.9090909090909
K8_R0.90_T1_H0_N1_S8003_EDGE_MARKET_inprocess,8003,1,0,N1,EDGE_MARKET,91.50943396226415,90.9090909090909
K8_R0.90_T1_H0_N1_S8003_HYBRID_EAGER_inprocess,8003,1,0,N1,HYBRID_EAGER,92.45283018867924,90.9090909090909
K8_R0.90_T1_H0_N1_S8003_HYBRID_inprocess,8003,1,0,N1,HYBRID,92.45283018867924,90.9090909090909
K8_R0.90_T1_H0_N1_S8003_PERIODIC_inprocess,8003,1,0,N1,PERIODIC,83.01886792452831,72.72727272727273
K8_R0.90_T1_H0_N1_S8003_STATIC_inprocess,8003,1,0,N1,STATIC,87.73584905660377,72.72727272727273
K8_R0.90_T1_H0_N1_S8004_CENTRAL_FB_inprocess,8004,1,0,N1,CENTRAL_FB,95.74468085106383,50.0
K8_R0.90_T1_H0_N1_S8004_CENTRAL_FOG_inprocess,8004,1,0,N1,CENTRAL_FOG,95.74468085106383,50.0
K8_R0.90_T1_H0_N1_S8004_CENTRAL_inprocess,8004,1,0,N1,CENTRAL,95.74468085106383,50.0
K8_R0.90_T1_H0_N1_S8004_EDGE_MARKET_inprocess,8004,1,0,N1,EDGE_MARKET,94.68085106382979,50.0
K8_R0.90_T1_H0_N1_S8004_HYBRID_EAGER_inprocess,8004,1,0,N1,HYBRID_EAGER,93.61702127659575,50.0
K8_R0.90_T1_H0_N1_S8004_HYBRID_inprocess,8004,1,0,N1,HYBRID,95.74468085106383,50.0
K8_R0.90_T1_H0_N1_S8004_PERIODIC_inprocess,8004,1,0,N1,PERIODIC,94.68085106382979,50.0
K8_R0.90_T1_H0_N1_S8004_STATIC_inprocess,8004,1,0,N1,STATIC,85.1063829787234,0.0
K8_R0.90_T1_H0_N1_S8005_CENTRAL_FB_inprocess,8005,1,0,N1,CENTRAL_FB,98.94736842105263,100.0
K8_R0.90_T1_H0_N1_S8005_CENTRAL_FOG_inprocess,8005,1,0,N1,CENTRAL_FOG,98.94736842105263,100.0
K8_R0.90_T1_H0_N1_S8005_CENTRAL_inprocess,8005,1,0,N1,CENTRAL,98.94736842105263,100.0
K8_R0.90_T1_H0_N1_S8005_EDGE_MARKET_inprocess,8005,1,0,N1,EDGE_MARKET,92.63157894736842,66.66666666666667
K8_R0.90_T1_H0_N1_S8005_HYBRID_EAGER_inprocess,8005,1,0,N1,HYBRID_EAGER,98.94736842105263,100.0
K8_R0.90_T1_H0_N1_S8005_HYBRID_inprocess,8005,1,0,N1,HYBRID,98.94736842105263,100.0
K8_R0.90_T1_H0_N1_S8005_PERIODIC_inprocess,8005,1,0,N1,PERIODIC,95.78947368421052,100.0
K8_R0.90_T1_H0_N1_S8005_STATIC_inprocess,8005,1,0,N1,STATIC,85.26315789473684,33.333333333333336
K8_R0.90_T1_H0_N1_S8006_CENTRAL_FB_inprocess,8006,1,0,N1,CENTRAL_FB,86.73469387755102,75.0
K8_R0.90_T1_H0_N1_S8006_CENTRAL_FOG_inprocess,8006,1,0,N1,CENTRAL_FOG,86.73469387755102,75.0
K8_R0.90_T1_H0_N1_S8006_CENTRAL_inprocess,8006,1,0,N1,CENTRAL,86.73469387755102,75.0
K8_R0.90_T1_H0_N1_S8006_EDGE_MARKET_inprocess,8006,1,0,N1,EDGE_MARKET,82.65306122448979,75.0
K8_R0.90_T1_H0_N1_S8006_HYBRID_EAGER_inprocess,8006,1,0,N1,HYBRID_EAGER,85.71428571428571,62.5
K8_R0.90_T1_H0_N1_S8006_HYBRID_inprocess,8006,1,0,N1,HYBRID,86.73469387755102,75.0
K8_R0.90_T1_H0_N1_S8006_PERIODIC_inprocess,8006,1,0,N1,PERIODIC,84.6938775510204,75.0
K8_R0.90_T1_H0_N1_S8006_STATIC_inprocess,8006,1,0,N1,STATIC,74.48979591836735,50.0
K8_R0.90_T1_H0_N1_S8007_CENTRAL_FB_inprocess,8007,1,0,N1,CENTRAL_FB,90.0990099009901,100.0
K8_R0.90_T1_H0_N1_S8007_CENTRAL_FOG_inprocess,8007,1,0,N1,CENTRAL_FOG,90.0990099009901,100.0
K8_R0.90_T1_H0_N1_S8007_CENTRAL_inprocess,8007,1,0,N1,CENTRAL,90.0990099009901,100.0
K8_R0.90_T1_H0_N1_S8007_EDGE_MARKET_inprocess,8007,1,0,N1,EDGE_MARKET,92.07920792079207,100.0
K8_R0.90_T1_H0_N1_S8007_HYBRID_EAGER_inprocess,8007,1,0,N1,HYBRID_EAGER,91.08910891089108,100.0
K8_R0.90_T1_H0_N1_S8007_HYBRID_inprocess,8007,1,0,N1,HYBRID,90.0990099009901,100.0
K8_R0.90_T1_H0_N1_S8007_PERIODIC_inprocess,8007,1,0,N1,PERIODIC,88.11881188118812,100.0
K8_R0.90_T1_H0_N1_S8007_STATIC_inprocess,8007,1,0,N1,STATIC,86.13861386138613,100.0
K8_R0.90_T1_H0_N1_S8008_CENTRAL_FB_inprocess,8008,1,0,N1,CENTRAL_FB,91.66666666666667,80.0
K8_R0.90_T1_H0_N1_S8008_CENTRAL_FOG_inprocess,8008,1,0,N1,CENTRAL_FOG,91.66666666666667,80.0
K8_R0.90_T1_H0_N1_S8008_CENTRAL_inprocess,8008,1,0,N1,CENTRAL,91.66666666666667,80.0
K8_R0.90_T1_H0_N1_S8008_EDGE_MARKET_inprocess,8008,1,0,N1,EDGE_MARKET,91.66666666666667,80.0
K8_R0.90_T1_H0_N1_S8008_HYBRID_EAGER_inprocess,8008,1,0,N1,HYBRID_EAGER,91.66666666666667,80.0
K8_R0.90_T1_H0_N1_S8008_HYBRID_inprocess,8008,1,0,N1,HYBRID,91.66666666666667,80.0
K8_R0.90_T1_H0_N1_S8008_PERIODIC_inprocess,8008,1,0,N1,PERIODIC,94.79166666666667,100.0
K8_R0.90_T1_H0_N1_S8008_STATIC_inprocess,8008,1,0,N1,STATIC,88.54166666666667,80.0
K8_R0.90_T1_H0_N1_S8009_CENTRAL_FB_inprocess,8009,1,0,N1,CENTRAL_FB,91.20879120879121,75.0
K8_R0.90_T1_H0_N1_S8009_CENTRAL_FOG_inprocess,8009,1,0,N1,CENTRAL_FOG,91.20879120879121,75.0
K8_R0.90_T1_H0_N1_S8009_CENTRAL_inprocess,8009,1,0,N1,CENTRAL,91.20879120879121,75.0
K8_R0.90_T1_H0_N1_S8009_EDGE_MARKET_inprocess,8009,1,0,N1,EDGE_MARKET,90.10989010989012,75.0
K8_R0.90_T1_H0_N1_S8009_HYBRID_EAGER_inprocess,8009,1,0,N1,HYBRID_EAGER,91.20879120879121,75.0
K8_R0.90_T1_H0_N1_S8009_HYBRID_inprocess,8009,1,0,N1,HYBRID,91.20879120879121,75.0
K8_R0.90_T1_H0_N1_S8009_PERIODIC_inprocess,8009,1,0,N1,PERIODIC,89.01098901098901,75.0
K8_R0.90_T1_H0_N1_S8009_STATIC_inprocess,8009,1,0,N1,STATIC,83.51648351648352,50.0
K8_R0.90_T1_H0_N1_S8010_CENTRAL_FB_inprocess,8010,1,0,N1,CENTRAL_FB,95.6989247311828,100.0
K8_R0.90_T1_H0_N1_S8010_CENTRAL_FOG_inprocess,8010,1,0,N1,CENTRAL_FOG,95.6989247311828,100.0
K8_R0.90_T1_H0_N1_S8010_CENTRAL_inprocess,8010,1,0,N1,CENTRAL,95.6989247311828,100.0
K8_R0.90_T1_H0_N1_S8010_EDGE_MARKET_inprocess,8010,1,0,N1,EDGE_MARKET,89.24731182795699,75.0
K8_R0.90_T1_H0_N1_S8010_HYBRID_EAGER_inprocess,8010,1,0,N1,HYBRID_EAGER,94.6236559139785,100.0
K8_R0.90_T1_H0_N1_S8010_HYBRID_inprocess,8010,1,0,N1,HYBRID,95.6989247311828,100.0
K8_R0.90_T1_H0_N1_S8010_PERIODIC_inprocess,8010,1,0,N1,PERIODIC,87.09677419354838,100.0
K8_R0.90_T1_H0_N1_S8010_STATIC_inprocess,8010,1,0,N1,STATIC,90.3225806451613,100.0
K8_R0.90_T1_H0_N1_S8011_CENTRAL_FB_inprocess,8011,1,0,N1,CENTRAL_FB,84.76190476190476,85.71428571428571
K8_R0.90_T1_H0_N1_S8011_CENTRAL_FOG_inprocess,8011,1,0,N1,CENTRAL_FOG,84.76190476190476,85.71428571428571
K8_R0.90_T1_H0_N1_S8011_CENTRAL_inprocess,8011,1,0,N1,CENTRAL,84.76190476190476,85.71428571428571
K8_R0.90_T1_H0_N1_S8011_EDGE_MARKET_inprocess,8011,1,0,N1,EDGE_MARKET,83.80952380952381,100.0
K8_R0.90_T1_H0_N1_S8011_HYBRID_EAGER_inprocess,8011,1,0,N1,HYBRID_EAGER,87.61904761904762,100.0
K8_R0.90_T1_H0_N1_S8011_HYBRID_inprocess,8011,1,0,N1,HYBRID,84.76190476190476,85.71428571428571
K8_R0.90_T1_H0_N1_S8011_PERIODIC_inprocess,8011,1,0,N1,PERIODIC,86.66666666666667,100.0
K8_R0.90_T1_H0_N1_S8011_STATIC_inprocess,8011,1,0,N1,STATIC,71.42857142857143,57.142857142857146
K8_R0.90_T1_H0_N1_S8012_CENTRAL_FB_inprocess,8012,1,0,N1,CENTRAL_FB,81.98198198198199,81.81818181818181
K8_R0.90_T1_H0_N1_S8012_CENTRAL_FOG_inprocess,8012,1,0,N1,CENTRAL_FOG,81.98198198198199,81.81818181818181
K8_R0.90_T1_H0_N1_S8012_CENTRAL_inprocess,8012,1,0,N1,CENTRAL,81.98198198198199,81.81818181818181
K8_R0.90_T1_H0_N1_S8012_EDGE_MARKET_inprocess,8012,1,0,N1,EDGE_MARKET,79.27927927927928,100.0
K8_R0.90_T1_H0_N1_S8012_HYBRID_EAGER_inprocess,8012,1,0,N1,HYBRID_EAGER,81.98198198198199,81.81818181818181
K8_R0.90_T1_H0_N1_S8012_HYBRID_inprocess,8012,1,0,N1,HYBRID,81.98198198198199,81.81818181818181
K8_R0.90_T1_H0_N1_S8012_PERIODIC_inprocess,8012,1,0,N1,PERIODIC,81.98198198198199,81.81818181818181
K8_R0.90_T1_H0_N1_S8012_STATIC_inprocess,8012,1,0,N1,STATIC,71.17117117117117,54.54545454545455
K8_R0.90_T1_H0_N1_S8013_CENTRAL_FB_inprocess,8013,1,0,N1,CENTRAL_FB,85.4368932038835,88.88888888888889
K8_R0.90_T1_H0_N1_S8013_CENTRAL_FOG_inprocess,8013,1,0,N1,CENTRAL_FOG,85.4368932038835,88.88888888888889
K8_R0.90_T1_H0_N1_S8013_CENTRAL_inprocess,8013,1,0,N1,CENTRAL,85.4368932038835,88.88888888888889
K8_R0.90_T1_H0_N1_S8013_EDGE_MARKET_inprocess,8013,1,0,N1,EDGE_MARKET,88.3495145631068,100.0
K8_R0.90_T1_H0_N1_S8013_HYBRID_EAGER_inprocess,8013,1,0,N1,HYBRID_EAGER,85.4368932038835,88.88888888888889
K8_R0.90_T1_H0_N1_S8013_HYBRID_inprocess,8013,1,0,N1,HYBRID,85.4368932038835,88.88888888888889
K8_R0.90_T1_H0_N1_S8013_PERIODIC_inprocess,8013,1,0,N1,PERIODIC,83.49514563106796,88.88888888888889
K8_R0.90_T1_H0_N1_S8013_STATIC_inprocess,8013,1,0,N1,STATIC,83.49514563106796,66.66666666666667
K8_R0.90_T1_H0_N1_S8014_CENTRAL_FB_inprocess,8014,1,0,N1,CENTRAL_FB,93.33333333333333,90.9090909090909
K8_R0.90_T1_H0_N1_S8014_CENTRAL_FOG_inprocess,8014,1,0,N1,CENTRAL_FOG,93.33333333333333,90.9090909090909
K8_R0.90_T1_H0_N1_S8014_CENTRAL_inprocess,8014,1,0,N1,CENTRAL,93.33333333333333,90.9090909090909
K8_R0.90_T1_H0_N1_S8014_EDGE_MARKET_inprocess,8014,1,0,N1,EDGE_MARKET,87.61904761904762,81.81818181818181
K8_R0.90_T1_H0_N1_S8014_HYBRID_EAGER_inprocess,8014,1,0,N1,HYBRID_EAGER,93.33333333333333,90.9090909090909
K8_R0.90_T1_H0_N1_S8014_HYBRID_inprocess,8014,1,0,N1,HYBRID,93.33333333333333,90.9090909090909
K8_R0.90_T1_H0_N1_S8014_PERIODIC_inprocess,8014,1,0,N1,PERIODIC,85.71428571428571,72.72727272727273
K8_R0.90_T1_H0_N1_S8014_STATIC_inprocess,8014,1,0,N1,STATIC,87.61904761904762,90.9090909090909
K8_R0.90_T1_H0_N1_S8015_CENTRAL_FB_inprocess,8015,1,0,N1,CENTRAL_FB,93.57798165137615,92.85714285714286
K8_R0.90_T1_H0_N1_S8015_CENTRAL_FOG_inprocess,8015,1,0,N1,CENTRAL_FOG,93.57798165137615,92.85714285714286
K8_R0.90_T1_H0_N1_S8015_CENTRAL_inprocess,8015,1,0,N1,CENTRAL,93.57798165137615,92.85714285714286
K8_R0.90_T1_H0_N1_S8015_EDGE_MARKET_inprocess,8015,1,0,N1,EDGE_MARKET,87.1559633027523,92.85714285714286
K8_R0.90_T1_H0_N1_S8015_HYBRID_EAGER_inprocess,8015,1,0,N1,HYBRID_EAGER,91.74311926605505,92.85714285714286
K8_R0.90_T1_H0_N1_S8015_HYBRID_inprocess,8015,1,0,N1,HYBRID,93.57798165137615,92.85714285714286
K8_R0.90_T1_H0_N1_S8015_PERIODIC_inprocess,8015,1,0,N1,PERIODIC,91.74311926605505,92.85714285714286
K8_R0.90_T1_H0_N1_S8015_STATIC_inprocess,8015,1,0,N1,STATIC,89.90825688073394,92.85714285714286
K8_R0.90_T1_H0_N1_S8016_CENTRAL_FB_inprocess,8016,1,0,N1,CENTRAL_FB,97.0,100.0
K8_R0.90_T1_H0_N1_S8016_CENTRAL_FOG_inprocess,8016,1,0,N1,CENTRAL_FOG,97.0,100.0
K8_R0.90_T1_H0_N1_S8016_CENTRAL_inprocess,8016,1,0,N1,CENTRAL,97.0,100.0
K8_R0.90_T1_H0_N1_S8016_EDGE_MARKET_inprocess,8016,1,0,N1,EDGE_MARKET,93.0,100.0
K8_R0.90_T1_H0_N1_S8016_HYBRID_EAGER_inprocess,8016,1,0,N1,HYBRID_EAGER,97.0,100.0
K8_R0.90_T1_H0_N1_S8016_HYBRID_inprocess,8016,1,0,N1,HYBRID,97.0,100.0
K8_R0.90_T1_H0_N1_S8016_PERIODIC_inprocess,8016,1,0,N1,PERIODIC,95.0,100.0
K8_R0.90_T1_H0_N1_S8016_STATIC_inprocess,8016,1,0,N1,STATIC,85.0,80.0
K8_R0.90_T1_H0_N1_S8017_CENTRAL_FB_inprocess,8017,1,0,N1,CENTRAL_FB,89.32038834951456,77.77777777777777
K8_R0.90_T1_H0_N1_S8017_CENTRAL_FOG_inprocess,8017,1,0,N1,CENTRAL_FOG,89.32038834951456,77.77777777777777
K8_R0.90_T1_H0_N1_S8017_CENTRAL_inprocess,8017,1,0,N1,CENTRAL,89.32038834951456,77.77777777777777
K8_R0.90_T1_H0_N1_S8017_EDGE_MARKET_inprocess,8017,1,0,N1,EDGE_MARKET,86.40776699029126,77.77777777777777
K8_R0.90_T1_H0_N1_S8017_HYBRID_EAGER_inprocess,8017,1,0,N1,HYBRID_EAGER,89.32038834951456,88.88888888888889
K8_R0.90_T1_H0_N1_S8017_HYBRID_inprocess,8017,1,0,N1,HYBRID,89.32038834951456,77.77777777777777
K8_R0.90_T1_H0_N1_S8017_PERIODIC_inprocess,8017,1,0,N1,PERIODIC,94.1747572815534,100.0
K8_R0.90_T1_H0_N1_S8017_STATIC_inprocess,8017,1,0,N1,STATIC,76.69902912621359,77.77777777777777
K8_R0.90_T1_H0_N1_S8018_CENTRAL_FB_inprocess,8018,1,0,N1,CENTRAL_FB,90.19607843137256,85.71428571428571
K8_R0.90_T1_H0_N1_S8018_CENTRAL_FOG_inprocess,8018,1,0,N1,CENTRAL_FOG,90.19607843137256,85.71428571428571
K8_R0.90_T1_H0_N1_S8018_CENTRAL_inprocess,8018,1,0,N1,CENTRAL,90.19607843137256,85.71428571428571
K8_R0.90_T1_H0_N1_S8018_EDGE_MARKET_inprocess,8018,1,0,N1,EDGE_MARKET,88.23529411764706,57.142857142857146
K8_R0.90_T1_H0_N1_S8018_HYBRID_EAGER_inprocess,8018,1,0,N1,HYBRID_EAGER,90.19607843137256,85.71428571428571
K8_R0.90_T1_H0_N1_S8018_HYBRID_inprocess,8018,1,0,N1,HYBRID,90.19607843137256,85.71428571428571
K8_R0.90_T1_H0_N1_S8018_PERIODIC_inprocess,8018,1,0,N1,PERIODIC,95.09803921568627,100.0
K8_R0.90_T1_H0_N1_S8018_STATIC_inprocess,8018,1,0,N1,STATIC,89.2156862745098,85.71428571428571
K8_R0.90_T1_H0_N1_S8019_CENTRAL_FB_inprocess,8019,1,0,N1,CENTRAL_FB,93.54838709677419,100.0
K8_R0.90_T1_H0_N1_S8019_CENTRAL_FOG_inprocess,8019,1,0,N1,CENTRAL_FOG,93.54838709677419,100.0
K8_R0.90_T1_H0_N1_S8019_CENTRAL_inprocess,8019,1,0,N1,CENTRAL,93.54838709677419,100.0
K8_R0.90_T1_H0_N1_S8019_EDGE_MARKET_inprocess,8019,1,0,N1,EDGE_MARKET,94.6236559139785,100.0
K8_R0.90_T1_H0_N1_S8019_HYBRID_EAGER_inprocess,8019,1,0,N1,HYBRID_EAGER,93.54838709677419,100.0
K8_R0.90_T1_H0_N1_S8019_HYBRID_inprocess,8019,1,0,N1,HYBRID,93.54838709677419,100.0
K8_R0.90_T1_H0_N1_S8019_PERIODIC_inprocess,8019,1,0,N1,PERIODIC,91.39784946236558,100.0
K8_R0.90_T1_H0_N1_S8019_STATIC_inprocess,8019,1,0,N1,STATIC,87.09677419354838,80.0
K8_R0.90_T1_H0_N1_S8020_CENTRAL_FB_inprocess,8020,1,0,N1,CENTRAL_FB,87.73584905660377,71.42857142857143
K8_R0.90_T1_H0_N1_S8020_CENTRAL_FOG_inprocess,8020,1,0,N1,CENTRAL_FOG,87.73584905660377,71.42857142857143
K8_R0.90_T1_H0_N1_S8020_CENTRAL_inprocess,8020,1,0,N1,CENTRAL,87.73584905660377,71.42857142857143
K8_R0.90_T1_H0_N1_S8020_EDGE_MARKET_inprocess,8020,1,0,N1,EDGE_MARKET,83.01886792452831,42.857142857142854
K8_R0.90_T1_H0_N1_S8020_HYBRID_EAGER_inprocess,8020,1,0,N1,HYBRID_EAGER,87.73584905660377,71.42857142857143
K8_R0.90_T1_H0_N1_S8020_HYBRID_inprocess,8020,1,0,N1,HYBRID,87.73584905660377,71.42857142857143
K8_R0.90_T1_H0_N1_S8020_PERIODIC_inprocess,8020,1,0,N1,PERIODIC,85.84905660377359,71.42857142857143
K8_R0.90_T1_H0_N1_S8020_STATIC_inprocess,8020,1,0,N1,STATIC,79.24528301886792,57.142857142857146
K8_R0.90_T1_H0_N1_S8021_CENTRAL_FB_inprocess,8021,1,0,N1,CENTRAL_FB,87.12871287128714,77.77777777777777
K8_R0.90_T1_H0_N1_S8021_CENTRAL_FOG_inprocess,8021,1,0,N1,CENTRAL_FOG,87.12871287128714,77.77777777777777
K8_R0.90_T1_H0_N1_S8021_CENTRAL_inprocess,8021,1,0,N1,CENTRAL,87.12871287128714,77.77777777777777
K8_R0.90_T1_H0_N1_S8021_EDGE_MARKET_inprocess,8021,1,0,N1,EDGE_MARKET,87.12871287128714,77.77777777777777
K8_R0.90_T1_H0_N1_S8021_HYBRID_EAGER_inprocess,8021,1,0,N1,HYBRID_EAGER,87.12871287128714,77.77777777777777
K8_R0.90_T1_H0_N1_S8021_HYBRID_inprocess,8021,1,0,N1,HYBRID,87.12871287128714,77.77777777777777
K8_R0.90_T1_H0_N1_S8021_PERIODIC_inprocess,8021,1,0,N1,PERIODIC,90.0990099009901,88.88888888888889
K8_R0.90_T1_H0_N1_S8021_STATIC_inprocess,8021,1,0,N1,STATIC,87.12871287128714,77.77777777777777
K8_R0.90_T1_H0_N1_S8022_CENTRAL_FB_inprocess,8022,1,0,N1,CENTRAL_FB,89.7196261682243,100.0
K8_R0.90_T1_H0_N1_S8022_CENTRAL_FOG_inprocess,8022,1,0,N1,CENTRAL_FOG,89.7196261682243,100.0
K8_R0.90_T1_H0_N1_S8022_CENTRAL_inprocess,8022,1,0,N1,CENTRAL,89.7196261682243,100.0
K8_R0.90_T1_H0_N1_S8022_EDGE_MARKET_inprocess,8022,1,0,N1,EDGE_MARKET,85.04672897196262,87.5
K8_R0.90_T1_H0_N1_S8022_HYBRID_EAGER_inprocess,8022,1,0,N1,HYBRID_EAGER,89.7196261682243,100.0
K8_R0.90_T1_H0_N1_S8022_HYBRID_inprocess,8022,1,0,N1,HYBRID,89.7196261682243,100.0
K8_R0.90_T1_H0_N1_S8022_PERIODIC_inprocess,8022,1,0,N1,PERIODIC,85.04672897196262,100.0
K8_R0.90_T1_H0_N1_S8022_STATIC_inprocess,8022,1,0,N1,STATIC,76.6355140186916,62.5
K8_R0.90_T1_H0_N1_S8023_CENTRAL_FB_inprocess,8023,1,0,N1,CENTRAL_FB,93.13725490196079,100.0
K8_R0.90_T1_H0_N1_S8023_CENTRAL_FOG_inprocess,8023,1,0,N1,CENTRAL_FOG,93.13725490196079,100.0
K8_R0.90_T1_H0_N1_S8023_CENTRAL_inprocess,8023,1,0,N1,CENTRAL,93.13725490196079,100.0
K8_R0.90_T1_H0_N1_S8023_EDGE_MARKET_inprocess,8023,1,0,N1,EDGE_MARKET,88.23529411764706,100.0
K8_R0.90_T1_H0_N1_S8023_HYBRID_EAGER_inprocess,8023,1,0,N1,HYBRID_EAGER,93.13725490196079,100.0
K8_R0.90_T1_H0_N1_S8023_HYBRID_inprocess,8023,1,0,N1,HYBRID,93.13725490196079,100.0
K8_R0.90_T1_H0_N1_S8023_PERIODIC_inprocess,8023,1,0,N1,PERIODIC,89.2156862745098,90.9090909090909
K8_R0.90_T1_H0_N1_S8023_STATIC_inprocess,8023,1,0,N1,STATIC,86.27450980392157,72.72727272727273
K8_R0.90_T1_H0_N1_S8024_CENTRAL_FB_inprocess,8024,1,0,N1,CENTRAL_FB,94.0,100.0
K8_R0.90_T1_H0_N1_S8024_CENTRAL_FOG_inprocess,8024,1,0,N1,CENTRAL_FOG,94.0,100.0
K8_R0.90_T1_H0_N1_S8024_CENTRAL_inprocess,8024,1,0,N1,CENTRAL,94.0,100.0
K8_R0.90_T1_H0_N1_S8024_EDGE_MARKET_inprocess,8024,1,0,N1,EDGE_MARKET,84.0,100.0
K8_R0.90_T1_H0_N1_S8024_HYBRID_EAGER_inprocess,8024,1,0,N1,HYBRID_EAGER,94.0,100.0
K8_R0.90_T1_H0_N1_S8024_HYBRID_inprocess,8024,1,0,N1,HYBRID,94.0,100.0
K8_R0.90_T1_H0_N1_S8024_PERIODIC_inprocess,8024,1,0,N1,PERIODIC,92.0,100.0
K8_R0.90_T1_H0_N1_S8024_STATIC_inprocess,8024,1,0,N1,STATIC,82.0,83.33333333333333
K8_R0.90_T1_H0_N1_S8025_CENTRAL_FB_inprocess,8025,1,0,N1,CENTRAL_FB,96.875,100.0
K8_R0.90_T1_H0_N1_S8025_CENTRAL_FOG_inprocess,8025,1,0,N1,CENTRAL_FOG,94.79166666666667,100.0
K8_R0.90_T1_H0_N1_S8025_CENTRAL_inprocess,8025,1,0,N1,CENTRAL,94.79166666666667,100.0
K8_R0.90_T1_H0_N1_S8025_EDGE_MARKET_inprocess,8025,1,0,N1,EDGE_MARKET,90.625,66.66666666666667
K8_R0.90_T1_H0_N1_S8025_HYBRID_EAGER_inprocess,8025,1,0,N1,HYBRID_EAGER,92.70833333333333,100.0
K8_R0.90_T1_H0_N1_S8025_HYBRID_inprocess,8025,1,0,N1,HYBRID,96.875,100.0
K8_R0.90_T1_H0_N1_S8025_PERIODIC_inprocess,8025,1,0,N1,PERIODIC,90.625,100.0
K8_R0.90_T1_H0_N1_S8025_STATIC_inprocess,8025,1,0,N1,STATIC,88.54166666666667,66.66666666666667
K8_R0.90_T1_H0_N1_S8026_CENTRAL_FB_inprocess,8026,1,0,N1,CENTRAL_FB,90.625,100.0
K8_R0.90_T1_H0_N1_S8026_CENTRAL_FOG_inprocess,8026,1,0,N1,CENTRAL_FOG,90.625,100.0
K8_R0.90_T1_H0_N1_S8026_CENTRAL_inprocess,8026,1,0,N1,CENTRAL,90.625,100.0
K8_R0.90_T1_H0_N1_S8026_EDGE_MARKET_inprocess,8026,1,0,N1,EDGE_MARKET,93.75,100.0
K8_R0.90_T1_H0_N1_S8026_HYBRID_EAGER_inprocess,8026,1,0,N1,HYBRID_EAGER,90.625,100.0
K8_R0.90_T1_H0_N1_S8026_HYBRID_inprocess,8026,1,0,N1,HYBRID,90.625,100.0
K8_R0.90_T1_H0_N1_S8026_PERIODIC_inprocess,8026,1,0,N1,PERIODIC,93.75,100.0
K8_R0.90_T1_H0_N1_S8026_STATIC_inprocess,8026,1,0,N1,STATIC,89.58333333333333,100.0
K8_R0.90_T1_H0_N1_S8027_CENTRAL_FB_inprocess,8027,1,0,N1,CENTRAL_FB,88.3495145631068,100.0
K8_R0.90_T1_H0_N1_S8027_CENTRAL_FOG_inprocess,8027,1,0,N1,CENTRAL_FOG,88.3495145631068,100.0
K8_R0.90_T1_H0_N1_S8027_CENTRAL_inprocess,8027,1,0,N1,CENTRAL,88.3495145631068,100.0
K8_R0.90_T1_H0_N1_S8027_EDGE_MARKET_inprocess,8027,1,0,N1,EDGE_MARKET,87.37864077669903,100.0
K8_R0.90_T1_H0_N1_S8027_HYBRID_EAGER_inprocess,8027,1,0,N1,HYBRID_EAGER,82.52427184466019,88.88888888888889
K8_R0.90_T1_H0_N1_S8027_HYBRID_inprocess,8027,1,0,N1,HYBRID,88.3495145631068,100.0
K8_R0.90_T1_H0_N1_S8027_PERIODIC_inprocess,8027,1,0,N1,PERIODIC,86.40776699029126,100.0
K8_R0.90_T1_H0_N1_S8027_STATIC_inprocess,8027,1,0,N1,STATIC,87.37864077669903,100.0
K8_R0.90_T1_H0_N1_S8028_CENTRAL_FB_inprocess,8028,1,0,N1,CENTRAL_FB,78.30188679245283,71.42857142857143
K8_R0.90_T1_H0_N1_S8028_CENTRAL_FOG_inprocess,8028,1,0,N1,CENTRAL_FOG,78.30188679245283,71.42857142857143
K8_R0.90_T1_H0_N1_S8028_CENTRAL_inprocess,8028,1,0,N1,CENTRAL,78.30188679245283,71.42857142857143
K8_R0.90_T1_H0_N1_S8028_EDGE_MARKET_inprocess,8028,1,0,N1,EDGE_MARKET,77.35849056603773,71.42857142857143
K8_R0.90_T1_H0_N1_S8028_HYBRID_EAGER_inprocess,8028,1,0,N1,HYBRID_EAGER,79.24528301886792,71.42857142857143
K8_R0.90_T1_H0_N1_S8028_HYBRID_inprocess,8028,1,0,N1,HYBRID,78.30188679245283,71.42857142857143
K8_R0.90_T1_H0_N1_S8028_PERIODIC_inprocess,8028,1,0,N1,PERIODIC,83.01886792452831,78.57142857142857
K8_R0.90_T1_H0_N1_S8028_STATIC_inprocess,8028,1,0,N1,STATIC,78.30188679245283,64.28571428571429
K8_R0.90_T1_H0_N1_S8029_CENTRAL_FB_inprocess,8029,1,0,N1,CENTRAL_FB,89.8989898989899,100.0
K8_R0.90_T1_H0_N1_S8029_CENTRAL_FOG_inprocess,8029,1,0,N1,CENTRAL_FOG,89.8989898989899,100.0
K8_R0.90_T1_H0_N1_S8029_CENTRAL_inprocess,8029,1,0,N1,CENTRAL,89.8989898989899,100.0
K8_R0.90_T1_H0_N1_S8029_EDGE_MARKET_inprocess,8029,1,0,N1,EDGE_MARKET,84.84848484848484,83.33333333333333
K8_R0.90_T1_H0_N1_S8029_HYBRID_EAGER_inprocess,8029,1,0,N1,HYBRID_EAGER,89.8989898989899,100.0
K8_R0.90_T1_H0_N1_S8029_HYBRID_inprocess,8029,1,0,N1,HYBRID,89.8989898989899,100.0
K8_R0.90_T1_H0_N1_S8029_PERIODIC_inprocess,8029,1,0,N1,PERIODIC,86.86868686868686,83.33333333333333
K8_R0.90_T1_H0_N1_S8029_STATIC_inprocess,8029,1,0,N1,STATIC,81.81818181818181,66.66666666666667
K8_R0.90_T1_H0_N1_S8030_CENTRAL_FB_inprocess,8030,1,0,N1,CENTRAL_FB,88.88888888888889,100.0
K8_R0.90_T1_H0_N1_S8030_CENTRAL_FOG_inprocess,8030,1,0,N1,CENTRAL_FOG,88.88888888888889,100.0
K8_R0.90_T1_H0_N1_S8030_CENTRAL_inprocess,8030,1,0,N1,CENTRAL,88.88888888888889,100.0
K8_R0.90_T1_H0_N1_S8030_EDGE_MARKET_inprocess,8030,1,0,N1,EDGE_MARKET,84.84848484848484,100.0
K8_R0.90_T1_H0_N1_S8030_HYBRID_EAGER_inprocess,8030,1,0,N1,HYBRID_EAGER,88.88888888888889,100.0
K8_R0.90_T1_H0_N1_S8030_HYBRID_inprocess,8030,1,0,N1,HYBRID,88.88888888888889,100.0
K8_R0.90_T1_H0_N1_S8030_PERIODIC_inprocess,8030,1,0,N1,PERIODIC,89.8989898989899,100.0
K8_R0.90_T1_H0_N1_S8030_STATIC_inprocess,8030,1,0,N1,STATIC,81.81818181818181,83.33333333333333
K8_R0.90_T1_H0_N1_S8031_CENTRAL_FB_inprocess,8031,1,0,N1,CENTRAL_FB,85.26315789473684,83.33333333333333
K8_R0.90_T1_H0_N1_S8031_CENTRAL_FOG_inprocess,8031,1,0,N1,CENTRAL_FOG,85.26315789473684,83.33333333333333
K8_R0.90_T1_H0_N1_S8031_CENTRAL_inprocess,8031,1,0,N1,CENTRAL,85.26315789473684,83.33333333333333
K8_R0.90_T1_H0_N1_S8031_EDGE_MARKET_inprocess,8031,1,0,N1,EDGE_MARKET,78.94736842105263,50.0
K8_R0.90_T1_H0_N1_S8031_HYBRID_EAGER_inprocess,8031,1,0,N1,HYBRID_EAGER,85.26315789473684,83.33333333333333
K8_R0.90_T1_H0_N1_S8031_HYBRID_inprocess,8031,1,0,N1,HYBRID,85.26315789473684,83.33333333333333
K8_R0.90_T1_H0_N1_S8031_PERIODIC_inprocess,8031,1,0,N1,PERIODIC,80.0,83.33333333333333
K8_R0.90_T1_H0_N1_S8031_STATIC_inprocess,8031,1,0,N1,STATIC,70.52631578947368,16.666666666666668
K8_R0.90_T1_H0_N1_S8032_CENTRAL_FB_inprocess,8032,1,0,N1,CENTRAL_FB,89.8989898989899,100.0
K8_R0.90_T1_H0_N1_S8032_CENTRAL_FOG_inprocess,8032,1,0,N1,CENTRAL_FOG,89.8989898989899,100.0
K8_R0.90_T1_H0_N1_S8032_CENTRAL_inprocess,8032,1,0,N1,CENTRAL,89.8989898989899,100.0
K8_R0.90_T1_H0_N1_S8032_EDGE_MARKET_inprocess,8032,1,0,N1,EDGE_MARKET,80.8080808080808,100.0
K8_R0.90_T1_H0_N1_S8032_HYBRID_EAGER_inprocess,8032,1,0,N1,HYBRID_EAGER,92.92929292929293,100.0
K8_R0.90_T1_H0_N1_S8032_HYBRID_inprocess,8032,1,0,N1,HYBRID,89.8989898989899,100.0
K8_R0.90_T1_H0_N1_S8032_PERIODIC_inprocess,8032,1,0,N1,PERIODIC,89.8989898989899,100.0
K8_R0.90_T1_H0_N1_S8032_STATIC_inprocess,8032,1,0,N1,STATIC,83.83838383838383,100.0
K8_R0.90_T1_H0_N1_S8033_CENTRAL_FB_inprocess,8033,1,0,N1,CENTRAL_FB,96.93877551020408,100.0
K8_R0.90_T1_H0_N1_S8033_CENTRAL_FOG_inprocess,8033,1,0,N1,CENTRAL_FOG,96.93877551020408,100.0
K8_R0.90_T1_H0_N1_S8033_CENTRAL_inprocess,8033,1,0,N1,CENTRAL,96.93877551020408,100.0
K8_R0.90_T1_H0_N1_S8033_EDGE_MARKET_inprocess,8033,1,0,N1,EDGE_MARKET,92.85714285714286,100.0
K8_R0.90_T1_H0_N1_S8033_HYBRID_EAGER_inprocess,8033,1,0,N1,HYBRID_EAGER,96.93877551020408,100.0
K8_R0.90_T1_H0_N1_S8033_HYBRID_inprocess,8033,1,0,N1,HYBRID,96.93877551020408,100.0
K8_R0.90_T1_H0_N1_S8033_PERIODIC_inprocess,8033,1,0,N1,PERIODIC,95.91836734693878,100.0
K8_R0.90_T1_H0_N1_S8033_STATIC_inprocess,8033,1,0,N1,STATIC,92.85714285714286,100.0
K8_R0.90_T1_H0_N1_S8034_CENTRAL_FB_inprocess,8034,1,0,N1,CENTRAL_FB,91.34615384615384,100.0
K8_R0.90_T1_H0_N1_S8034_CENTRAL_FOG_inprocess,8034,1,0,N1,CENTRAL_FOG,91.34615384615384,100.0
K8_R0.90_T1_H0_N1_S8034_CENTRAL_inprocess,8034,1,0,N1,CENTRAL,91.34615384615384,100.0
K8_R0.90_T1_H0_N1_S8034_EDGE_MARKET_inprocess,8034,1,0,N1,EDGE_MARKET,90.38461538461539,100.0
K8_R0.90_T1_H0_N1_S8034_HYBRID_EAGER_inprocess,8034,1,0,N1,HYBRID_EAGER,97.11538461538461,100.0
K8_R0.90_T1_H0_N1_S8034_HYBRID_inprocess,8034,1,0,N1,HYBRID,91.34615384615384,100.0
K8_R0.90_T1_H0_N1_S8034_PERIODIC_inprocess,8034,1,0,N1,PERIODIC,95.1923076923077,100.0
K8_R0.90_T1_H0_N1_S8034_STATIC_inprocess,8034,1,0,N1,STATIC,86.53846153846153,75.0
K8_R0.90_T1_H0_N1_S8035_CENTRAL_FB_inprocess,8035,1,0,N1,CENTRAL_FB,92.7927927927928,91.66666666666667
K8_R0.90_T1_H0_N1_S8035_CENTRAL_FOG_inprocess,8035,1,0,N1,CENTRAL_FOG,92.7927927927928,91.66666666666667
K8_R0.90_T1_H0_N1_S8035_CENTRAL_inprocess,8035,1,0,N1,CENTRAL,92.7927927927928,91.66666666666667
K8_R0.90_T1_H0_N1_S8035_EDGE_MARKET_inprocess,8035,1,0,N1,EDGE_MARKET,90.09009009009009,91.66666666666667
K8_R0.90_T1_H0_N1_S8035_HYBRID_EAGER_inprocess,8035,1,0,N1,HYBRID_EAGER,92.7927927927928,91.66666666666667
K8_R0.90_T1_H0_N1_S8035_HYBRID_inprocess,8035,1,0,N1,HYBRID,92.7927927927928,91.66666666666667
K8_R0.90_T1_H0_N1_S8035_PERIODIC_inprocess,8035,1,0,N1,PERIODIC,93.69369369369369,91.66666666666667
K8_R0.90_T1_H0_N1_S8035_STATIC_inprocess,8035,1,0,N1,STATIC,84.68468468468468,75.0
K8_R0.90_T1_H0_N1_S8036_CENTRAL_FB_inprocess,8036,1,0,N1,CENTRAL_FB,94.1747572815534,100.0
K8_R0.90_T1_H0_N1_S8036_CENTRAL_FOG_inprocess,8036,1,0,N1,CENTRAL_FOG,94.1747572815534,100.0
K8_R0.90_T1_H0_N1_S8036_CENTRAL_inprocess,8036,1,0,N1,CENTRAL,94.1747572815534,100.0
K8_R0.90_T1_H0_N1_S8036_EDGE_MARKET_inprocess,8036,1,0,N1,EDGE_MARKET,86.40776699029126,75.0
K8_R0.90_T1_H0_N1_S8036_HYBRID_EAGER_inprocess,8036,1,0,N1,HYBRID_EAGER,94.1747572815534,100.0
K8_R0.90_T1_H0_N1_S8036_HYBRID_inprocess,8036,1,0,N1,HYBRID,94.1747572815534,100.0
K8_R0.90_T1_H0_N1_S8036_PERIODIC_inprocess,8036,1,0,N1,PERIODIC,90.29126213592232,87.5
K8_R0.90_T1_H0_N1_S8036_STATIC_inprocess,8036,1,0,N1,STATIC,86.40776699029126,75.0
K8_R0.90_T1_H0_N1_S8037_CENTRAL_FB_inprocess,8037,1,0,N1,CENTRAL_FB,93.51851851851852,100.0
K8_R0.90_T1_H0_N1_S8037_CENTRAL_FOG_inprocess,8037,1,0,N1,CENTRAL_FOG,93.51851851851852,100.0
K8_R0.90_T1_H0_N1_S8037_CENTRAL_inprocess,8037,1,0,N1,CENTRAL,93.51851851851852,100.0
K8_R0.90_T1_H0_N1_S8037_EDGE_MARKET_inprocess,8037,1,0,N1,EDGE_MARKET,90.74074074074075,100.0
K8_R0.90_T1_H0_N1_S8037_HYBRID_EAGER_inprocess,8037,1,0,N1,HYBRID_EAGER,93.51851851851852,100.0
K8_R0.90_T1_H0_N1_S8037_HYBRID_inprocess,8037,1,0,N1,HYBRID,93.51851851851852,100.0
K8_R0.90_T1_H0_N1_S8037_PERIODIC_inprocess,8037,1,0,N1,PERIODIC,90.74074074074075,80.0
K8_R0.90_T1_H0_N1_S8037_STATIC_inprocess,8037,1,0,N1,STATIC,88.88888888888889,80.0
K8_R0.90_T1_H0_N1_S8038_CENTRAL_FB_inprocess,8038,1,0,N1,CENTRAL_FB,92.78350515463917,100.0
K8_R0.90_T1_H0_N1_S8038_CENTRAL_FOG_inprocess,8038,1,0,N1,CENTRAL_FOG,92.78350515463917,100.0
K8_R0.90_T1_H0_N1_S8038_CENTRAL_inprocess,8038,1,0,N1,CENTRAL,92.78350515463917,100.0
K8_R0.90_T1_H0_N1_S8038_EDGE_MARKET_inprocess,8038,1,0,N1,EDGE_MARKET,91.75257731958763,100.0
K8_R0.90_T1_H0_N1_S8038_HYBRID_EAGER_inprocess,8038,1,0,N1,HYBRID_EAGER,92.78350515463917,100.0
K8_R0.90_T1_H0_N1_S8038_HYBRID_inprocess,8038,1,0,N1,HYBRID,92.78350515463917,100.0
K8_R0.90_T1_H0_N1_S8038_PERIODIC_inprocess,8038,1,0,N1,PERIODIC,91.75257731958763,100.0
K8_R0.90_T1_H0_N1_S8038_STATIC_inprocess,8038,1,0,N1,STATIC,87.62886597938144,80.0
K8_R0.90_T1_H0_N1_S8039_CENTRAL_FB_inprocess,8039,1,0,N1,CENTRAL_FB,94.05940594059406,100.0
K8_R0.90_T1_H0_N1_S8039_CENTRAL_FOG_inprocess,8039,1,0,N1,CENTRAL_FOG,94.05940594059406,100.0
K8_R0.90_T1_H0_N1_S8039_CENTRAL_inprocess,8039,1,0,N1,CENTRAL,94.05940594059406,100.0
K8_R0.90_T1_H0_N1_S8039_EDGE_MARKET_inprocess,8039,1,0,N1,EDGE_MARKET,88.11881188118812,83.33333333333333
K8_R0.90_T1_H0_N1_S8039_HYBRID_EAGER_inprocess,8039,1,0,N1,HYBRID_EAGER,94.05940594059406,100.0
K8_R0.90_T1_H0_N1_S8039_HYBRID_inprocess,8039,1,0,N1,HYBRID,94.05940594059406,100.0
K8_R0.90_T1_H0_N1_S8039_PERIODIC_inprocess,8039,1,0,N1,PERIODIC,89.10891089108911,83.33333333333333
K8_R0.90_T1_H0_N1_S8039_STATIC_inprocess,8039,1,0,N1,STATIC,84.15841584158416,50.0
K8_R0.90_T1_H0_N1_S8040_CENTRAL_FB_inprocess,8040,1,0,N1,CENTRAL_FB,93.87755102040816,100.0
K8_R0.90_T1_H0_N1_S8040_CENTRAL_FOG_inprocess,8040,1,0,N1,CENTRAL_FOG,93.87755102040816,100.0
K8_R0.90_T1_H0_N1_S8040_CENTRAL_inprocess,8040,1,0,N1,CENTRAL,93.87755102040816,100.0
K8_R0.90_T1_H0_N1_S8040_EDGE_MARKET_inprocess,8040,1,0,N1,EDGE_MARKET,86.73469387755102,100.0
K8_R0.90_T1_H0_N1_S8040_HYBRID_EAGER_inprocess,8040,1,0,N1,HYBRID_EAGER,93.87755102040816,100.0
K8_R0.90_T1_H0_N1_S8040_HYBRID_inprocess,8040,1,0,N1,HYBRID,93.87755102040816,100.0
K8_R0.90_T1_H0_N1_S8040_PERIODIC_inprocess,8040,1,0,N1,PERIODIC,92.85714285714286,100.0
K8_R0.90_T1_H0_N1_S8040_STATIC_inprocess,8040,1,0,N1,STATIC,91.83673469387755,100.0
K8_R0.90_T1_H0_N2_S8001_CENTRAL_FB_inprocess,8001,1,0,N2,CENTRAL_FB,90.9090909090909,100.0
K8_R0.90_T1_H0_N2_S8001_CENTRAL_FOG_inprocess,8001,1,0,N2,CENTRAL_FOG,90.9090909090909,100.0
K8_R0.90_T1_H0_N2_S8001_CENTRAL_inprocess,8001,1,0,N2,CENTRAL,90.9090909090909,100.0
K8_R0.90_T1_H0_N2_S8001_EDGE_MARKET_inprocess,8001,1,0,N2,EDGE_MARKET,81.81818181818181,91.66666666666667
K8_R0.90_T1_H0_N2_S8001_HYBRID_EAGER_inprocess,8001,1,0,N2,HYBRID_EAGER,90.9090909090909,100.0
K8_R0.90_T1_H0_N2_S8001_HYBRID_inprocess,8001,1,0,N2,HYBRID,90.9090909090909,100.0
K8_R0.90_T1_H0_N2_S8001_PERIODIC_inprocess,8001,1,0,N2,PERIODIC,90.0,100.0
K8_R0.90_T1_H0_N2_S8001_STATIC_inprocess,8001,1,0,N2,STATIC,78.18181818181819,83.33333333333333
K8_R0.90_T1_H0_N2_S8002_CENTRAL_FB_inprocess,8002,1,0,N2,CENTRAL_FB,94.79166666666667,100.0
K8_R0.90_T1_H0_N2_S8002_CENTRAL_FOG_inprocess,8002,1,0,N2,CENTRAL_FOG,94.79166666666667,100.0
K8_R0.90_T1_H0_N2_S8002_CENTRAL_inprocess,8002,1,0,N2,CENTRAL,94.79166666666667,100.0
K8_R0.90_T1_H0_N2_S8002_EDGE_MARKET_inprocess,8002,1,0,N2,EDGE_MARKET,93.75,100.0
K8_R0.90_T1_H0_N2_S8002_HYBRID_EAGER_inprocess,8002,1,0,N2,HYBRID_EAGER,94.79166666666667,100.0
K8_R0.90_T1_H0_N2_S8002_HYBRID_inprocess,8002,1,0,N2,HYBRID,94.79166666666667,100.0
K8_R0.90_T1_H0_N2_S8002_PERIODIC_inprocess,8002,1,0,N2,PERIODIC,87.5,83.33333333333333
K8_R0.90_T1_H0_N2_S8002_STATIC_inprocess,8002,1,0,N2,STATIC,90.625,83.33333333333333
K8_R0.90_T1_H0_N2_S8003_CENTRAL_FB_inprocess,8003,1,0,N2,CENTRAL_FB,96.22641509433963,90.9090909090909
K8_R0.90_T1_H0_N2_S8003_CENTRAL_FOG_inprocess,8003,1,0,N2,CENTRAL_FOG,96.22641509433963,90.9090909090909
K8_R0.90_T1_H0_N2_S8003_CENTRAL_inprocess,8003,1,0,N2,CENTRAL,96.22641509433963,90.9090909090909
K8_R0.90_T1_H0_N2_S8003_EDGE_MARKET_inprocess,8003,1,0,N2,EDGE_MARKET,91.50943396226415,90.9090909090909
K8_R0.90_T1_H0_N2_S8003_HYBRID_EAGER_inprocess,8003,1,0,N2,HYBRID_EAGER,97.16981132075472,100.0
K8_R0.90_T1_H0_N2_S8003_HYBRID_inprocess,8003,1,0,N2,HYBRID,96.22641509433963,90.9090909090909
K8_R0.90_T1_H0_N2_S8003_PERIODIC_inprocess,8003,1,0,N2,PERIODIC,88.67924528301887,100.0
K8_R0.90_T1_H0_N2_S8003_STATIC_inprocess,8003,1,0,N2,STATIC,83.9622641509434,54.54545454545455
K8_R0.90_T1_H0_N2_S8004_CENTRAL_FB_inprocess,8004,1,0,N2,CENTRAL_FB,95.74468085106383,50.0
K8_R0.90_T1_H0_N2_S8004_CENTRAL_FOG_inprocess,8004,1,0,N2,CENTRAL_FOG,95.74468085106383,50.0
K8_R0.90_T1_H0_N2_S8004_CENTRAL_inprocess,8004,1,0,N2,CENTRAL,95.74468085106383,50.0
K8_R0.90_T1_H0_N2_S8004_EDGE_MARKET_inprocess,8004,1,0,N2,EDGE_MARKET,90.42553191489361,50.0
K8_R0.90_T1_H0_N2_S8004_HYBRID_EAGER_inprocess,8004,1,0,N2,HYBRID_EAGER,94.68085106382979,50.0
K8_R0.90_T1_H0_N2_S8004_HYBRID_inprocess,8004,1,0,N2,HYBRID,95.74468085106383,50.0
K8_R0.90_T1_H0_N2_S8004_PERIODIC_inprocess,8004,1,0,N2,PERIODIC,93.61702127659575,50.0
K8_R0.90_T1_H0_N2_S8004_STATIC_inprocess,8004,1,0,N2,STATIC,86.17021276595744,50.0
K8_R0.90_T1_H0_N2_S8005_CENTRAL_FB_inprocess,8005,1,0,N2,CENTRAL_FB,95.78947368421052,100.0
K8_R0.90_T1_H0_N2_S8005_CENTRAL_FOG_inprocess,8005,1,0,N2,CENTRAL_FOG,95.78947368421052,100.0
K8_R0.90_T1_H0_N2_S8005_CENTRAL_inprocess,8005,1,0,N2,CENTRAL,95.78947368421052,100.0
K8_R0.90_T1_H0_N2_S8005_EDGE_MARKET_inprocess,8005,1,0,N2,EDGE_MARKET,93.6842105263158,66.66666666666667
K8_R0.90_T1_H0_N2_S8005_HYBRID_EAGER_inprocess,8005,1,0,N2,HYBRID_EAGER,95.78947368421052,100.0
K8_R0.90_T1_H0_N2_S8005_HYBRID_inprocess,8005,1,0,N2,HYBRID,95.78947368421052,100.0
K8_R0.90_T1_H0_N2_S8005_PERIODIC_inprocess,8005,1,0,N2,PERIODIC,96.84210526315789,100.0
K8_R0.90_T1_H0_N2_S8005_STATIC_inprocess,8005,1,0,N2,STATIC,85.26315789473684,33.333333333333336
K8_R0.90_T1_H0_N2_S8006_CENTRAL_FB_inprocess,8006,1,0,N2,CENTRAL_FB,84.6938775510204,75.0
K8_R0.90_T1_H0_N2_S8006_CENTRAL_FOG_inprocess,8006,1,0,N2,CENTRAL_FOG,84.6938775510204,75.0
K8_R0.90_T1_H0_N2_S8006_CENTRAL_inprocess,8006,1,0,N2,CENTRAL,84.6938775510204,75.0
K8_R0.90_T1_H0_N2_S8006_EDGE_MARKET_inprocess,8006,1,0,N2,EDGE_MARKET,85.71428571428571,75.0
K8_R0.90_T1_H0_N2_S8006_HYBRID_EAGER_inprocess,8006,1,0,N2,HYBRID_EAGER,84.6938775510204,75.0
K8_R0.90_T1_H0_N2_S8006_HYBRID_inprocess,8006,1,0,N2,HYBRID,84.6938775510204,75.0
K8_R0.90_T1_H0_N2_S8006_PERIODIC_inprocess,8006,1,0,N2,PERIODIC,89.79591836734694,87.5
K8_R0.90_T1_H0_N2_S8006_STATIC_inprocess,8006,1,0,N2,STATIC,73.46938775510205,50.0
K8_R0.90_T1_H0_N2_S8007_CENTRAL_FB_inprocess,8007,1,0,N2,CENTRAL_FB,92.07920792079207,100.0
K8_R0.90_T1_H0_N2_S8007_CENTRAL_FOG_inprocess,8007,1,0,N2,CENTRAL_FOG,92.07920792079207,100.0
K8_R0.90_T1_H0_N2_S8007_CENTRAL_inprocess,8007,1,0,N2,CENTRAL,92.07920792079207,100.0
K8_R0.90_T1_H0_N2_S8007_EDGE_MARKET_inprocess,8007,1,0,N2,EDGE_MARKET,92.07920792079207,100.0
K8_R0.90_T1_H0_N2_S8007_HYBRID_EAGER_inprocess,8007,1,0,N2,HYBRID_EAGER,92.07920792079207,100.0
K8_R0.90_T1_H0_N2_S8007_HYBRID_inprocess,8007,1,0,N2,HYBRID,92.07920792079207,100.0
K8_R0.90_T1_H0_N2_S8007_PERIODIC_inprocess,8007,1,0,N2,PERIODIC,92.07920792079207,100.0
K8_R0.90_T1_H0_N2_S8007_STATIC_inprocess,8007,1,0,N2,STATIC,86.13861386138613,100.0
K8_R0.90_T1_H0_N2_S8008_CENTRAL_FB_inprocess,8008,1,0,N2,CENTRAL_FB,89.58333333333333,60.0
K8_R0.90_T1_H0_N2_S8008_CENTRAL_FOG_inprocess,8008,1,0,N2,CENTRAL_FOG,90.625,80.0
K8_R0.90_T1_H0_N2_S8008_CENTRAL_inprocess,8008,1,0,N2,CENTRAL,90.625,80.0
K8_R0.90_T1_H0_N2_S8008_EDGE_MARKET_inprocess,8008,1,0,N2,EDGE_MARKET,89.58333333333333,80.0
K8_R0.90_T1_H0_N2_S8008_HYBRID_EAGER_inprocess,8008,1,0,N2,HYBRID_EAGER,89.58333333333333,60.0
K8_R0.90_T1_H0_N2_S8008_HYBRID_inprocess,8008,1,0,N2,HYBRID,89.58333333333333,60.0
K8_R0.90_T1_H0_N2_S8008_PERIODIC_inprocess,8008,1,0,N2,PERIODIC,90.625,100.0
K8_R0.90_T1_H0_N2_S8008_STATIC_inprocess,8008,1,0,N2,STATIC,88.54166666666667,80.0
K8_R0.90_T1_H0_N2_S8009_CENTRAL_FB_inprocess,8009,1,0,N2,CENTRAL_FB,89.01098901098901,75.0
K8_R0.90_T1_H0_N2_S8009_CENTRAL_FOG_inprocess,8009,1,0,N2,CENTRAL_FOG,89.01098901098901,75.0
K8_R0.90_T1_H0_N2_S8009_CENTRAL_inprocess,8009,1,0,N2,CENTRAL,89.01098901098901,75.0
K8_R0.90_T1_H0_N2_S8009_EDGE_MARKET_inprocess,8009,1,0,N2,EDGE_MARKET,90.10989010989012,75.0
K8_R0.90_T1_H0_N2_S8009_HYBRID_EAGER_inprocess,8009,1,0,N2,HYBRID_EAGER,90.10989010989012,75.0
K8_R0.90_T1_H0_N2_S8009_HYBRID_inprocess,8009,1,0,N2,HYBRID,89.01098901098901,75.0
K8_R0.90_T1_H0_N2_S8009_PERIODIC_inprocess,8009,1,0,N2,PERIODIC,89.01098901098901,75.0
K8_R0.90_T1_H0_N2_S8009_STATIC_inprocess,8009,1,0,N2,STATIC,82.41758241758242,50.0
K8_R0.90_T1_H0_N2_S8010_CENTRAL_FB_inprocess,8010,1,0,N2,CENTRAL_FB,93.54838709677419,100.0
K8_R0.90_T1_H0_N2_S8010_CENTRAL_FOG_inprocess,8010,1,0,N2,CENTRAL_FOG,93.54838709677419,100.0
K8_R0.90_T1_H0_N2_S8010_CENTRAL_inprocess,8010,1,0,N2,CENTRAL,93.54838709677419,100.0
K8_R0.90_T1_H0_N2_S8010_EDGE_MARKET_inprocess,8010,1,0,N2,EDGE_MARKET,92.47311827956989,100.0
K8_R0.90_T1_H0_N2_S8010_HYBRID_EAGER_inprocess,8010,1,0,N2,HYBRID_EAGER,92.47311827956989,100.0
K8_R0.90_T1_H0_N2_S8010_HYBRID_inprocess,8010,1,0,N2,HYBRID,93.54838709677419,100.0
K8_R0.90_T1_H0_N2_S8010_PERIODIC_inprocess,8010,1,0,N2,PERIODIC,90.3225806451613,100.0
K8_R0.90_T1_H0_N2_S8010_STATIC_inprocess,8010,1,0,N2,STATIC,88.17204301075269,100.0
K8_R0.90_T1_H0_N2_S8011_CENTRAL_FB_inprocess,8011,1,0,N2,CENTRAL_FB,89.52380952380952,100.0
K8_R0.90_T1_H0_N2_S8011_CENTRAL_FOG_inprocess,8011,1,0,N2,CENTRAL_FOG,89.52380952380952,100.0
K8_R0.90_T1_H0_N2_S8011_CENTRAL_inprocess,8011,1,0,N2,CENTRAL,89.52380952380952,100.0
K8_R0.90_T1_H0_N2_S8011_EDGE_MARKET_inprocess,8011,1,0,N2,EDGE_MARKET,83.80952380952381,100.0
K8_R0.90_T1_H0_N2_S8011_HYBRID_EAGER_inprocess,8011,1,0,N2,HYBRID_EAGER,89.52380952380952,100.0
K8_R0.90_T1_H0_N2_S8011_HYBRID_inprocess,8011,1,0,N2,HYBRID,89.52380952380952,100.0
K8_R0.90_T1_H0_N2_S8011_PERIODIC_inprocess,8011,1,0,N2,PERIODIC,91.42857142857143,100.0
K8_R0.90_T1_H0_N2_S8011_STATIC_inprocess,8011,1,0,N2,STATIC,73.33333333333333,57.142857142857146
K8_R0.90_T1_H0_N2_S8012_CENTRAL_FB_inprocess,8012,1,0,N2,CENTRAL_FB,81.08108108108108,90.9090909090909
K8_R0.90_T1_H0_N2_S8012_CENTRAL_FOG_inprocess,8012,1,0,N2,CENTRAL_FOG,81.08108108108108,90.9090909090909
K8_R0.90_T1_H0_N2_S8012_CENTRAL_inprocess,8012,1,0,N2,CENTRAL,81.08108108108108,90.9090909090909
K8_R0.90_T1_H0_N2_S8012_EDGE_MARKET_inprocess,8012,1,0,N2,EDGE_MARKET,81.08108108108108,100.0
K8_R0.90_T1_H0_N2_S8012_HYBRID_EAGER_inprocess,8012,1,0,N2,HYBRID_EAGER,81.08108108108108,90.9090909090909
K8_R0.90_T1_H0_N2_S8012_HYBRID_inprocess,8012,1,0,N2,HYBRID,81.08108108108108,90.9090909090909
K8_R0.90_T1_H0_N2_S8012_PERIODIC_inprocess,8012,1,0,N2,PERIODIC,80.18018018018019,90.9090909090909
K8_R0.90_T1_H0_N2_S8012_STATIC_inprocess,8012,1,0,N2,STATIC,69.36936936936937,36.36363636363637
K8_R0.90_T1_H0_N2_S8013_CENTRAL_FB_inprocess,8013,1,0,N2,CENTRAL_FB,87.37864077669903,100.0
K8_R0.90_T1_H0_N2_S8013_CENTRAL_FOG_inprocess,8013,1,0,N2,CENTRAL_FOG,87.37864077669903,100.0
K8_R0.90_T1_H0_N2_S8013_CENTRAL_inprocess,8013,1,0,N2,CENTRAL,87.37864077669903,100.0
K8_R0.90_T1_H0_N2_S8013_EDGE_MARKET_inprocess,8013,1,0,N2,EDGE_MARKET,88.3495145631068,100.0
K8_R0.90_T1_H0_N2_S8013_HYBRID_EAGER_inprocess,8013,1,0,N2,HYBRID_EAGER,87.37864077669903,100.0
K8_R0.90_T1_H0_N2_S8013_HYBRID_inprocess,8013,1,0,N2,HYBRID,87.37864077669903,100.0
K8_R0.90_T1_H0_N2_S8013_PERIODIC_inprocess,8013,1,0,N2,PERIODIC,86.40776699029126,100.0
K8_R0.90_T1_H0_N2_S8013_STATIC_inprocess,8013,1,0,N2,STATIC,84.46601941747574,77.77777777777777
K8_R0.90_T1_H0_N2_S8014_CENTRAL_FB_inprocess,8014,1,0,N2,CENTRAL_FB,95.23809523809524,100.0
K8_R0.90_T1_H0_N2_S8014_CENTRAL_FOG_inprocess,8014,1,0,N2,CENTRAL_FOG,89.52380952380952,90.9090909090909
K8_R0.90_T1_H0_N2_S8014_CENTRAL_inprocess,8014,1,0,N2,CENTRAL,89.52380952380952,90.9090909090909
K8_R0.90_T1_H0_N2_S8014_EDGE_MARKET_inprocess,8014,1,0,N2,EDGE_MARKET,85.71428571428571,81.81818181818181
K8_R0.90_T1_H0_N2_S8014_HYBRID_EAGER_inprocess,8014,1,0,N2,HYBRID_EAGER,97.14285714285714,100.0
K8_R0.90_T1_H0_N2_S8014_HYBRID_inprocess,8014,1,0,N2,HYBRID,95.23809523809524,100.0
K8_R0.90_T1_H0_N2_S8014_PERIODIC_inprocess,8014,1,0,N2,PERIODIC,91.42857142857143,90.9090909090909
K8_R0.90_T1_H0_N2_S8014_STATIC_inprocess,8014,1,0,N2,STATIC,87.61904761904762,90.9090909090909
K8_R0.90_T1_H0_N2_S8015_CENTRAL_FB_inprocess,8015,1,0,N2,CENTRAL_FB,93.57798165137615,92.85714285714286
K8_R0.90_T1_H0_N2_S8015_CENTRAL_FOG_inprocess,8015,1,0,N2,CENTRAL_FOG,93.57798165137615,92.85714285714286
K8_R0.90_T1_H0_N2_S8015_CENTRAL_inprocess,8015,1,0,N2,CENTRAL,93.57798165137615,92.85714285714286
K8_R0.90_T1_H0_N2_S8015_EDGE_MARKET_inprocess,8015,1,0,N2,EDGE_MARKET,88.9908256880734,100.0
K8_R0.90_T1_H0_N2_S8015_HYBRID_EAGER_inprocess,8015,1,0,N2,HYBRID_EAGER,93.57798165137615,100.0
K8_R0.90_T1_H0_N2_S8015_HYBRID_inprocess,8015,1,0,N2,HYBRID,93.57798165137615,92.85714285714286
K8_R0.90_T1_H0_N2_S8015_PERIODIC_inprocess,8015,1,0,N2,PERIODIC,88.07339449541284,92.85714285714286
K8_R0.90_T1_H0_N2_S8015_STATIC_inprocess,8015,1,0,N2,STATIC,84.40366972477064,78.57142857142857
K8_R0.90_T1_H0_N2_S8016_CENTRAL_FB_inprocess,8016,1,0,N2,CENTRAL_FB,93.0,100.0
K8_R0.90_T1_H0_N2_S8016_CENTRAL_FOG_inprocess,8016,1,0,N2,CENTRAL_FOG,93.0,100.0
K8_R0.90_T1_H0_N2_S8016_CENTRAL_inprocess,8016,1,0,N2,CENTRAL,93.0,100.0
K8_R0.90_T1_H0_N2_S8016_EDGE_MARKET_inprocess,8016,1,0,N2,EDGE_MARKET,93.0,100.0
K8_R0.90_T1_H0_N2_S8016_HYBRID_EAGER_inprocess,8016,1,0,N2,HYBRID_EAGER,93.0,100.0
K8_R0.90_T1_H0_N2_S8016_HYBRID_inprocess,8016,1,0,N2,HYBRID,93.0,100.0
K8_R0.90_T1_H0_N2_S8016_PERIODIC_inprocess,8016,1,0,N2,PERIODIC,98.0,100.0
K8_R0.90_T1_H0_N2_S8016_STATIC_inprocess,8016,1,0,N2,STATIC,86.0,80.0
K8_R0.90_T1_H0_N2_S8017_CENTRAL_FB_inprocess,8017,1,0,N2,CENTRAL_FB,90.29126213592232,100.0
K8_R0.90_T1_H0_N2_S8017_CENTRAL_FOG_inprocess,8017,1,0,N2,CENTRAL_FOG,90.29126213592232,100.0
K8_R0.90_T1_H0_N2_S8017_CENTRAL_inprocess,8017,1,0,N2,CENTRAL,90.29126213592232,100.0
K8_R0.90_T1_H0_N2_S8017_EDGE_MARKET_inprocess,8017,1,0,N2,EDGE_MARKET,90.29126213592232,100.0
K8_R0.90_T1_H0_N2_S8017_HYBRID_EAGER_inprocess,8017,1,0,N2,HYBRID_EAGER,91.2621359223301,88.88888888888889
K8_R0.90_T1_H0_N2_S8017_HYBRID_inprocess,8017,1,0,N2,HYBRID,90.29126213592232,100.0
K8_R0.90_T1_H0_N2_S8017_PERIODIC_inprocess,8017,1,0,N2,PERIODIC,88.3495145631068,100.0
K8_R0.90_T1_H0_N2_S8017_STATIC_inprocess,8017,1,0,N2,STATIC,73.7864077669903,66.66666666666667
K8_R0.90_T1_H0_N2_S8018_CENTRAL_FB_inprocess,8018,1,0,N2,CENTRAL_FB,93.13725490196079,100.0
K8_R0.90_T1_H0_N2_S8018_CENTRAL_FOG_inprocess,8018,1,0,N2,CENTRAL_FOG,93.13725490196079,100.0
K8_R0.90_T1_H0_N2_S8018_CENTRAL_inprocess,8018,1,0,N2,CENTRAL,93.13725490196079,100.0
K8_R0.90_T1_H0_N2_S8018_EDGE_MARKET_inprocess,8018,1,0,N2,EDGE_MARKET,87.25490196078431,71.42857142857143
K8_R0.90_T1_H0_N2_S8018_HYBRID_EAGER_inprocess,8018,1,0,N2,HYBRID_EAGER,94.11764705882354,100.0
K8_R0.90_T1_H0_N2_S8018_HYBRID_inprocess,8018,1,0,N2,HYBRID,93.13725490196079,100.0
K8_R0.90_T1_H0_N2_S8018_PERIODIC_inprocess,8018,1,0,N2,PERIODIC,91.17647058823529,100.0
K8_R0.90_T1_H0_N2_S8018_STATIC_inprocess,8018,1,0,N2,STATIC,89.2156862745098,85.71428571428571
K8_R0.90_T1_H0_N2_S8019_CENTRAL_FB_inprocess,8019,1,0,N2,CENTRAL_FB,96.7741935483871,100.0
K8_R0.90_T1_H0_N2_S8019_CENTRAL_FOG_inprocess,8019,1,0,N2,CENTRAL_FOG,96.7741935483871,100.0
K8_R0.90_T1_H0_N2_S8019_CENTRAL_inprocess,8019,1,0,N2,CENTRAL,96.7741935483871,100.0
K8_R0.90_T1_H0_N2_S8019_EDGE_MARKET_inprocess,8019,1,0,N2,EDGE_MARKET,93.54838709677419,100.0
K8_R0.90_T1_H0_N2_S8019_HYBRID_EAGER_inprocess,8019,1,0,N2,HYBRID_EAGER,96.7741935483871,100.0
K8_R0.90_T1_H0_N2_S8019_HYBRID_inprocess,8019,1,0,N2,HYBRID,96.7741935483871,100.0
K8_R0.90_T1_H0_N2_S8019_PERIODIC_inprocess,8019,1,0,N2,PERIODIC,90.3225806451613,80.0
K8_R0.90_T1_H0_N2_S8019_STATIC_inprocess,8019,1,0,N2,STATIC,86.02150537634408,80.0
K8_R0.90_T1_H0_N2_S8020_CENTRAL_FB_inprocess,8020,1,0,N2,CENTRAL_FB,90.56603773584905,71.42857142857143
K8_R0.90_T1_H0_N2_S8020_CENTRAL_FOG_inprocess,8020,1,0,N2,CENTRAL_FOG,90.56603773584905,71.42857142857143
K8_R0.90_T1_H0_N2_S8020_CENTRAL_inprocess,8020,1,0,N2,CENTRAL,90.56603773584905,71.42857142857143
K8_R0.90_T1_H0_N2_S8020_EDGE_MARKET_inprocess,8020,1,0,N2,EDGE_MARKET,85.84905660377359,57.142857142857146
K8_R0.90_T1_H0_N2_S8020_HYBRID_EAGER_inprocess,8020,1,0,N2,HYBRID_EAGER,90.56603773584905,71.42857142857143
K8_R0.90_T1_H0_N2_S8020_HYBRID_inprocess,8020,1,0,N2,HYBRID,90.56603773584905,71.42857142857143
K8_R0.90_T1_H0_N2_S8020_PERIODIC_inprocess,8020,1,0,N2,PERIODIC,85.84905660377359,71.42857142857143
K8_R0.90_T1_H0_N2_S8020_STATIC_inprocess,8020,1,0,N2,STATIC,80.18867924528301,42.857142857142854
K8_R0.90_T1_H0_N2_S8021_CENTRAL_FB_inprocess,8021,1,0,N2,CENTRAL_FB,92.07920792079207,88.88888888888889
K8_R0.90_T1_H0_N2_S8021_CENTRAL_FOG_inprocess,8021,1,0,N2,CENTRAL_FOG,92.07920792079207,88.88888888888889
K8_R0.90_T1_H0_N2_S8021_CENTRAL_inprocess,8021,1,0,N2,CENTRAL,92.07920792079207,88.88888888888889
K8_R0.90_T1_H0_N2_S8021_EDGE_MARKET_inprocess,8021,1,0,N2,EDGE_MARKET,85.14851485148515,88.88888888888889
K8_R0.90_T1_H0_N2_S8021_HYBRID_EAGER_inprocess,8021,1,0,N2,HYBRID_EAGER,92.07920792079207,88.88888888888889
K8_R0.90_T1_H0_N2_S8021_HYBRID_inprocess,8021,1,0,N2,HYBRID,92.07920792079207,88.88888888888889
K8_R0.90_T1_H0_N2_S8021_PERIODIC_inprocess,8021,1,0,N2,PERIODIC,91.08910891089108,88.88888888888889
K8_R0.90_T1_H0_N2_S8021_STATIC_inprocess,8021,1,0,N2,STATIC,88.11881188118812,88.88888888888889
K8_R0.90_T1_H0_N2_S8022_CENTRAL_FB_inprocess,8022,1,0,N2,CENTRAL_FB,85.04672897196262,87.5
K8_R0.90_T1_H0_N2_S8022_CENTRAL_FOG_inprocess,8022,1,0,N2,CENTRAL_FOG,85.04672897196262,87.5
K8_R0.90_T1_H0_N2_S8022_CENTRAL_inprocess,8022,1,0,N2,CENTRAL,85.04672897196262,87.5
K8_R0.90_T1_H0_N2_S8022_EDGE_MARKET_inprocess,8022,1,0,N2,EDGE_MARKET,84.11214953271028,87.5
K8_R0.90_T1_H0_N2_S8022_HYBRID_EAGER_inprocess,8022,1,0,N2,HYBRID_EAGER,85.98130841121495,100.0
K8_R0.90_T1_H0_N2_S8022_HYBRID_inprocess,8022,1,0,N2,HYBRID,85.04672897196262,87.5
K8_R0.90_T1_H0_N2_S8022_PERIODIC_inprocess,8022,1,0,N2,PERIODIC,87.85046728971963,100.0
K8_R0.90_T1_H0_N2_S8022_STATIC_inprocess,8022,1,0,N2,STATIC,76.6355140186916,62.5
K8_R0.90_T1_H0_N2_S8023_CENTRAL_FB_inprocess,8023,1,0,N2,CENTRAL_FB,92.15686274509804,90.9090909090909
K8_R0.90_T1_H0_N2_S8023_CENTRAL_FOG_inprocess,8023,1,0,N2,CENTRAL_FOG,92.15686274509804,90.9090909090909
K8_R0.90_T1_H0_N2_S8023_CENTRAL_inprocess,8023,1,0,N2,CENTRAL,92.15686274509804,90.9090909090909
K8_R0.90_T1_H0_N2_S8023_EDGE_MARKET_inprocess,8023,1,0,N2,EDGE_MARKET,81.37254901960785,81.81818181818181
K8_R0.90_T1_H0_N2_S8023_HYBRID_EAGER_inprocess,8023,1,0,N2,HYBRID_EAGER,92.15686274509804,90.9090909090909
K8_R0.90_T1_H0_N2_S8023_HYBRID_inprocess,8023,1,0,N2,HYBRID,92.15686274509804,90.9090909090909
K8_R0.90_T1_H0_N2_S8023_PERIODIC_inprocess,8023,1,0,N2,PERIODIC,87.25490196078431,81.81818181818181
K8_R0.90_T1_H0_N2_S8023_STATIC_inprocess,8023,1,0,N2,STATIC,86.27450980392157,81.81818181818181
K8_R0.90_T1_H0_N2_S8024_CENTRAL_FB_inprocess,8024,1,0,N2,CENTRAL_FB,91.0,100.0
K8_R0.90_T1_H0_N2_S8024_CENTRAL_FOG_inprocess,8024,1,0,N2,CENTRAL_FOG,91.0,100.0
K8_R0.90_T1_H0_N2_S8024_CENTRAL_inprocess,8024,1,0,N2,CENTRAL,91.0,100.0
K8_R0.90_T1_H0_N2_S8024_EDGE_MARKET_inprocess,8024,1,0,N2,EDGE_MARKET,85.0,100.0
K8_R0.90_T1_H0_N2_S8024_HYBRID_EAGER_inprocess,8024,1,0,N2,HYBRID_EAGER,90.0,100.0
K8_R0.90_T1_H0_N2_S8024_HYBRID_inprocess,8024,1,0,N2,HYBRID,91.0,100.0
K8_R0.90_T1_H0_N2_S8024_PERIODIC_inprocess,8024,1,0,N2,PERIODIC,93.0,83.33333333333333
K8_R0.90_T1_H0_N2_S8024_STATIC_inprocess,8024,1,0,N2,STATIC,82.0,83.33333333333333
K8_R0.90_T1_H0_N2_S8025_CENTRAL_FB_inprocess,8025,1,0,N2,CENTRAL_FB,95.83333333333333,100.0
K8_R0.90_T1_H0_N2_S8025_CENTRAL_FOG_inprocess,8025,1,0,N2,CENTRAL_FOG,95.83333333333333,100.0
K8_R0.90_T1_H0_N2_S8025_CENTRAL_inprocess,8025,1,0,N2,CENTRAL,95.83333333333333,100.0
K8_R0.90_T1_H0_N2_S8025_EDGE_MARKET_inprocess,8025,1,0,N2,EDGE_MARKET,91.66666666666667,100.0
K8_R0.90_T1_H0_N2_S8025_HYBRID_EAGER_inprocess,8025,1,0,N2,HYBRID_EAGER,94.79166666666667,100.0
K8_R0.90_T1_H0_N2_S8025_HYBRID_inprocess,8025,1,0,N2,HYBRID,95.83333333333333,100.0
K8_R0.90_T1_H0_N2_S8025_PERIODIC_inprocess,8025,1,0,N2,PERIODIC,87.5,100.0
K8_R0.90_T1_H0_N2_S8025_STATIC_inprocess,8025,1,0,N2,STATIC,88.54166666666667,66.66666666666667
K8_R0.90_T1_H0_N2_S8026_CENTRAL_FB_inprocess,8026,1,0,N2,CENTRAL_FB,94.79166666666667,100.0
K8_R0.90_T1_H0_N2_S8026_CENTRAL_FOG_inprocess,8026,1,0,N2,CENTRAL_FOG,94.79166666666667,100.0
K8_R0.90_T1_H0_N2_S8026_CENTRAL_inprocess,8026,1,0,N2,CENTRAL,94.79166666666667,100.0
K8_R0.90_T1_H0_N2_S8026_EDGE_MARKET_inprocess,8026,1,0,N2,EDGE_MARKET,92.70833333333333,100.0
K8_R0.90_T1_H0_N2_S8026_HYBRID_EAGER_inprocess,8026,1,0,N2,HYBRID_EAGER,94.79166666666667,100.0
K8_R0.90_T1_H0_N2_S8026_HYBRID_inprocess,8026,1,0,N2,HYBRID,94.79166666666667,100.0
K8_R0.90_T1_H0_N2_S8026_PERIODIC_inprocess,8026,1,0,N2,PERIODIC,93.75,100.0
K8_R0.90_T1_H0_N2_S8026_STATIC_inprocess,8026,1,0,N2,STATIC,85.41666666666667,100.0
K8_R0.90_T1_H0_N2_S8027_CENTRAL_FB_inprocess,8027,1,0,N2,CENTRAL_FB,87.37864077669903,88.88888888888889
K8_R0.90_T1_H0_N2_S8027_CENTRAL_FOG_inprocess,8027,1,0,N2,CENTRAL_FOG,87.37864077669903,88.88888888888889
K8_R0.90_T1_H0_N2_S8027_CENTRAL_inprocess,8027,1,0,N2,CENTRAL,87.37864077669903,88.88888888888889
K8_R0.90_T1_H0_N2_S8027_EDGE_MARKET_inprocess,8027,1,0,N2,EDGE_MARKET,90.29126213592232,100.0
K8_R0.90_T1_H0_N2_S8027_HYBRID_EAGER_inprocess,8027,1,0,N2,HYBRID_EAGER,88.3495145631068,88.88888888888889
K8_R0.90_T1_H0_N2_S8027_HYBRID_inprocess,8027,1,0,N2,HYBRID,87.37864077669903,88.88888888888889
K8_R0.90_T1_H0_N2_S8027_PERIODIC_inprocess,8027,1,0,N2,PERIODIC,91.2621359223301,100.0
K8_R0.90_T1_H0_N2_S8027_STATIC_inprocess,8027,1,0,N2,STATIC,88.3495145631068,100.0
K8_R0.90_T1_H0_N2_S8028_CENTRAL_FB_inprocess,8028,1,0,N2,CENTRAL_FB,81.13207547169812,78.57142857142857
K8_R0.90_T1_H0_N2_S8028_CENTRAL_FOG_inprocess,8028,1,0,N2,CENTRAL_FOG,81.13207547169812,78.57142857142857
K8_R0.90_T1_H0_N2_S8028_CENTRAL_inprocess,8028,1,0,N2,CENTRAL,81.13207547169812,78.57142857142857
K8_R0.90_T1_H0_N2_S8028_EDGE_MARKET_inprocess,8028,1,0,N2,EDGE_MARKET,76.41509433962264,85.71428571428571
K8_R0.90_T1_H0_N2_S8028_HYBRID_EAGER_inprocess,8028,1,0,N2,HYBRID_EAGER,82.0754716981132,78.57142857142857
K8_R0.90_T1_H0_N2_S8028_HYBRID_inprocess,8028,1,0,N2,HYBRID,81.13207547169812,78.57142857142857
K8_R0.90_T1_H0_N2_S8028_PERIODIC_inprocess,8028,1,0,N2,PERIODIC,78.30188679245283,64.28571428571429
K8_R0.90_T1_H0_N2_S8028_STATIC_inprocess,8028,1,0,N2,STATIC,75.47169811320755,64.28571428571429
K8_R0.90_T1_H0_N2_S8029_CENTRAL_FB_inprocess,8029,1,0,N2,CENTRAL_FB,84.84848484848484,100.0
K8_R0.90_T1_H0_N2_S8029_CENTRAL_FOG_inprocess,8029,1,0,N2,CENTRAL_FOG,83.83838383838383,66.66666666666667
K8_R0.90_T1_H0_N2_S8029_CENTRAL_inprocess,8029,1,0,N2,CENTRAL,83.83838383838383,66.66666666666667
K8_R0.90_T1_H0_N2_S8029_EDGE_MARKET_inprocess,8029,1,0,N2,EDGE_MARKET,85.85858585858585,100.0
K8_R0.90_T1_H0_N2_S8029_HYBRID_EAGER_inprocess,8029,1,0,N2,HYBRID_EAGER,86.86868686868686,100.0
K8_R0.90_T1_H0_N2_S8029_HYBRID_inprocess,8029,1,0,N2,HYBRID,84.84848484848484,100.0
K8_R0.90_T1_H0_N2_S8029_PERIODIC_inprocess,8029,1,0,N2,PERIODIC,85.85858585858585,83.33333333333333
K8_R0.90_T1_H0_N2_S8029_STATIC_inprocess,8029,1,0,N2,STATIC,81.81818181818181,66.66666666666667
K8_R0.90_T1_H0_N2_S8030_CENTRAL_FB_inprocess,8030,1,0,N2,CENTRAL_FB,87.87878787878788,83.33333333333333
K8_R0.90_T1_H0_N2_S8030_CENTRAL_FOG_inprocess,8030,1,0,N2,CENTRAL_FOG,87.87878787878788,83.33333333333333
K8_R0.90_T1_H0_N2_S8030_CENTRAL_inprocess,8030,1,0,N2,CENTRAL,87.87878787878788,83.33333333333333
K8_R0.90_T1_H0_N2_S8030_EDGE_MARKET_inprocess,8030,1,0,N2,EDGE_MARKET,86.86868686868686,100.0
K8_R0.90_T1_H0_N2_S8030_HYBRID_EAGER_inprocess,8030,1,0,N2,HYBRID_EAGER,87.87878787878788,83.33333333333333
K8_R0.90_T1_H0_N2_S8030_HYBRID_inprocess,8030,1,0,N2,HYBRID,87.87878787878788,83.33333333333333
K8_R0.90_T1_H0_N2_S8030_PERIODIC_inprocess,8030,1,0,N2,PERIODIC,87.87878787878788,83.33333333333333
K8_R0.90_T1_H0_N2_S8030_STATIC_inprocess,8030,1,0,N2,STATIC,81.81818181818181,83.33333333333333
K8_R0.90_T1_H0_N2_S8031_CENTRAL_FB_inprocess,8031,1,0,N2,CENTRAL_FB,82.10526315789474,66.66666666666667
K8_R0.90_T1_H0_N2_S8031_CENTRAL_FOG_inprocess,8031,1,0,N2,CENTRAL_FOG,82.10526315789474,66.66666666666667
K8_R0.90_T1_H0_N2_S8031_CENTRAL_inprocess,8031,1,0,N2,CENTRAL,82.10526315789474,66.66666666666667
K8_R0.90_T1_H0_N2_S8031_EDGE_MARKET_inprocess,8031,1,0,N2,EDGE_MARKET,81.05263157894737,66.66666666666667
K8_R0.90_T1_H0_N2_S8031_HYBRID_EAGER_inprocess,8031,1,0,N2,HYBRID_EAGER,82.10526315789474,66.66666666666667
K8_R0.90_T1_H0_N2_S8031_HYBRID_inprocess,8031,1,0,N2,HYBRID,82.10526315789474,66.66666666666667
K8_R0.90_T1_H0_N2_S8031_PERIODIC_inprocess,8031,1,0,N2,PERIODIC,84.21052631578948,66.66666666666667
K8_R0.90_T1_H0_N2_S8031_STATIC_inprocess,8031,1,0,N2,STATIC,70.52631578947368,16.666666666666668
K8_R0.90_T1_H0_N2_S8032_CENTRAL_FB_inprocess,8032,1,0,N2,CENTRAL_FB,91.91919191919192,100.0
K8_R0.90_T1_H0_N2_S8032_CENTRAL_FOG_inprocess,8032,1,0,N2,CENTRAL_FOG,91.91919191919192,100.0
K8_R0.90_T1_H0_N2_S8032_CENTRAL_inprocess,8032,1,0,N2,CENTRAL,91.91919191919192,100.0
K8_R0.90_T1_H0_N2_S8032_EDGE_MARKET_inprocess,8032,1,0,N2,EDGE_MARKET,79.79797979797979,100.0
K8_R0.90_T1_H0_N2_S8032_HYBRID_EAGER_inprocess,8032,1,0,N2,HYBRID_EAGER,91.91919191919192,100.0
K8_R0.90_T1_H0_N2_S8032_HYBRID_inprocess,8032,1,0,N2,HYBRID,91.91919191919192,100.0
K8_R0.90_T1_H0_N2_S8032_PERIODIC_inprocess,8032,1,0,N2,PERIODIC,85.85858585858585,66.66666666666667
K8_R0.90_T1_H0_N2_S8032_STATIC_inprocess,8032,1,0,N2,STATIC,83.83838383838383,100.0
K8_R0.90_T1_H0_N2_S8033_CENTRAL_FB_inprocess,8033,1,0,N2,CENTRAL_FB,92.85714285714286,100.0
K8_R0.90_T1_H0_N2_S8033_CENTRAL_FOG_inprocess,8033,1,0,N2,CENTRAL_FOG,92.85714285714286,100.0
K8_R0.90_T1_H0_N2_S8033_CENTRAL_inprocess,8033,1,0,N2,CENTRAL,92.85714285714286,100.0
K8_R0.90_T1_H0_N2_S8033_EDGE_MARKET_inprocess,8033,1,0,N2,EDGE_MARKET,89.79591836734694,100.0
K8_R0.90_T1_H0_N2_S8033_HYBRID_EAGER_inprocess,8033,1,0,N2,HYBRID_EAGER,92.85714285714286,100.0
K8_R0.90_T1_H0_N2_S8033_HYBRID_inprocess,8033,1,0,N2,HYBRID,92.85714285714286,100.0
K8_R0.90_T1_H0_N2_S8033_PERIODIC_inprocess,8033,1,0,N2,PERIODIC,90.81632653061224,83.33333333333333
K8_R0.90_T1_H0_N2_S8033_STATIC_inprocess,8033,1,0,N2,STATIC,89.79591836734694,83.33333333333333
K8_R0.90_T1_H0_N2_S8034_CENTRAL_FB_inprocess,8034,1,0,N2,CENTRAL_FB,94.23076923076923,100.0
K8_R0.90_T1_H0_N2_S8034_CENTRAL_FOG_inprocess,8034,1,0,N2,CENTRAL_FOG,94.23076923076923,100.0
K8_R0.90_T1_H0_N2_S8034_CENTRAL_inprocess,8034,1,0,N2,CENTRAL,94.23076923076923,100.0
K8_R0.90_T1_H0_N2_S8034_EDGE_MARKET_inprocess,8034,1,0,N2,EDGE_MARKET,89.42307692307692,100.0
K8_R0.90_T1_H0_N2_S8034_HYBRID_EAGER_inprocess,8034,1,0,N2,HYBRID_EAGER,94.23076923076923,100.0
K8_R0.90_T1_H0_N2_S8034_HYBRID_inprocess,8034,1,0,N2,HYBRID,94.23076923076923,100.0
K8_R0.90_T1_H0_N2_S8034_PERIODIC_inprocess,8034,1,0,N2,PERIODIC,92.3076923076923,100.0
K8_R0.90_T1_H0_N2_S8034_STATIC_inprocess,8034,1,0,N2,STATIC,87.5,100.0
K8_R0.90_T1_H0_N2_S8035_CENTRAL_FB_inprocess,8035,1,0,N2,CENTRAL_FB,88.28828828828829,75.0
K8_R0.90_T1_H0_N2_S8035_CENTRAL_FOG_inprocess,8035,1,0,N2,CENTRAL_FOG,88.28828828828829,75.0
K8_R0.90_T1_H0_N2_S8035_CENTRAL_inprocess,8035,1,0,N2,CENTRAL,88.28828828828829,75.0
K8_R0.90_T1_H0_N2_S8035_EDGE_MARKET_inprocess,8035,1,0,N2,EDGE_MARKET,90.09009009009009,83.33333333333333
K8_R0.90_T1_H0_N2_S8035_HYBRID_EAGER_inprocess,8035,1,0,N2,HYBRID_EAGER,88.28828828828829,75.0
K8_R0.90_T1_H0_N2_S8035_HYBRID_inprocess,8035,1,0,N2,HYBRID,88.28828828828829,75.0
K8_R0.90_T1_H0_N2_S8035_PERIODIC_inprocess,8035,1,0,N2,PERIODIC,88.28828828828829,83.33333333333333
K8_R0.90_T1_H0_N2_S8035_STATIC_inprocess,8035,1,0,N2,STATIC,89.1891891891892,91.66666666666667
K8_R0.90_T1_H0_N2_S8036_CENTRAL_FB_inprocess,8036,1,0,N2,CENTRAL_FB,93.20388349514563,100.0
K8_R0.90_T1_H0_N2_S8036_CENTRAL_FOG_inprocess,8036,1,0,N2,CENTRAL_FOG,93.20388349514563,100.0
K8_R0.90_T1_H0_N2_S8036_CENTRAL_inprocess,8036,1,0,N2,CENTRAL,93.20388349514563,100.0
K8_R0.90_T1_H0_N2_S8036_EDGE_MARKET_inprocess,8036,1,0,N2,EDGE_MARKET,86.40776699029126,75.0
K8_R0.90_T1_H0_N2_S8036_HYBRID_EAGER_inprocess,8036,1,0,N2,HYBRID_EAGER,92.23300970873787,100.0
K8_R0.90_T1_H0_N2_S8036_HYBRID_inprocess,8036,1,0,N2,HYBRID,93.20388349514563,100.0
K8_R0.90_T1_H0_N2_S8036_PERIODIC_inprocess,8036,1,0,N2,PERIODIC,88.3495145631068,87.5
K8_R0.90_T1_H0_N2_S8036_STATIC_inprocess,8036,1,0,N2,STATIC,86.40776699029126,75.0
K8_R0.90_T1_H0_N2_S8037_CENTRAL_FB_inprocess,8037,1,0,N2,CENTRAL_FB,93.51851851851852,100.0
K8_R0.90_T1_H0_N2_S8037_CENTRAL_FOG_inprocess,8037,1,0,N2,CENTRAL_FOG,93.51851851851852,100.0
K8_R0.90_T1_H0_N2_S8037_CENTRAL_inprocess,8037,1,0,N2,CENTRAL,93.51851851851852,100.0
K8_R0.90_T1_H0_N2_S8037_EDGE_MARKET_inprocess,8037,1,0,N2,EDGE_MARKET,91.66666666666667,100.0
K8_R0.90_T1_H0_N2_S8037_HYBRID_EAGER_inprocess,8037,1,0,N2,HYBRID_EAGER,92.5925925925926,100.0
K8_R0.90_T1_H0_N2_S8037_HYBRID_inprocess,8037,1,0,N2,HYBRID,93.51851851851852,100.0
K8_R0.90_T1_H0_N2_S8037_PERIODIC_inprocess,8037,1,0,N2,PERIODIC,92.5925925925926,90.0
K8_R0.90_T1_H0_N2_S8037_STATIC_inprocess,8037,1,0,N2,STATIC,91.66666666666667,90.0
K8_R0.90_T1_H0_N2_S8038_CENTRAL_FB_inprocess,8038,1,0,N2,CENTRAL_FB,90.72164948453609,100.0
K8_R0.90_T1_H0_N2_S8038_CENTRAL_FOG_inprocess,8038,1,0,N2,CENTRAL_FOG,94.84536082474227,100.0
K8_R0.90_T1_H0_N2_S8038_CENTRAL_inprocess,8038,1,0,N2,CENTRAL,94.84536082474227,100.0
K8_R0.90_T1_H0_N2_S8038_EDGE_MARKET_inprocess,8038,1,0,N2,EDGE_MARKET,86.5979381443299,60.0
K8_R0.90_T1_H0_N2_S8038_HYBRID_EAGER_inprocess,8038,1,0,N2,HYBRID_EAGER,92.78350515463917,100.0
K8_R0.90_T1_H0_N2_S8038_HYBRID_inprocess,8038,1,0,N2,HYBRID,90.72164948453609,100.0
K8_R0.90_T1_H0_N2_S8038_PERIODIC_inprocess,8038,1,0,N2,PERIODIC,93.81443298969072,100.0
K8_R0.90_T1_H0_N2_S8038_STATIC_inprocess,8038,1,0,N2,STATIC,89.69072164948453,80.0
K8_R0.90_T1_H0_N2_S8039_CENTRAL_FB_inprocess,8039,1,0,N2,CENTRAL_FB,92.07920792079207,100.0
K8_R0.90_T1_H0_N2_S8039_CENTRAL_FOG_inprocess,8039,1,0,N2,CENTRAL_FOG,92.07920792079207,100.0
K8_R0.90_T1_H0_N2_S8039_CENTRAL_inprocess,8039,1,0,N2,CENTRAL,92.07920792079207,100.0
K8_R0.90_T1_H0_N2_S8039_EDGE_MARKET_inprocess,8039,1,0,N2,EDGE_MARKET,90.0990099009901,83.33333333333333
K8_R0.90_T1_H0_N2_S8039_HYBRID_EAGER_inprocess,8039,1,0,N2,HYBRID_EAGER,92.07920792079207,100.0
K8_R0.90_T1_H0_N2_S8039_HYBRID_inprocess,8039,1,0,N2,HYBRID,92.07920792079207,100.0
K8_R0.90_T1_H0_N2_S8039_PERIODIC_inprocess,8039,1,0,N2,PERIODIC,93.06930693069307,83.33333333333333
K8_R0.90_T1_H0_N2_S8039_STATIC_inprocess,8039,1,0,N2,STATIC,84.15841584158416,50.0
K8_R0.90_T1_H0_N2_S8040_CENTRAL_FB_inprocess,8040,1,0,N2,CENTRAL_FB,94.89795918367346,100.0
K8_R0.90_T1_H0_N2_S8040_CENTRAL_FOG_inprocess,8040,1,0,N2,CENTRAL_FOG,95.91836734693878,100.0
K8_R0.90_T1_H0_N2_S8040_CENTRAL_inprocess,8040,1,0,N2,CENTRAL,95.91836734693878,100.0
K8_R0.90_T1_H0_N2_S8040_EDGE_MARKET_inprocess,8040,1,0,N2,EDGE_MARKET,85.71428571428571,85.71428571428571
K8_R0.90_T1_H0_N2_S8040_HYBRID_EAGER_inprocess,8040,1,0,N2,HYBRID_EAGER,96.93877551020408,100.0
K8_R0.90_T1_H0_N2_S8040_HYBRID_inprocess,8040,1,0,N2,HYBRID,94.89795918367346,100.0
K8_R0.90_T1_H0_N2_S8040_PERIODIC_inprocess,8040,1,0,N2,PERIODIC,91.83673469387755,100.0
K8_R0.90_T1_H0_N2_S8040_STATIC_inprocess,8040,1,0,N2,STATIC,94.89795918367346,100.0
K8_R0.90_T1_H0_N3_S8001_CENTRAL_FB_inprocess,8001,1,0,N3,CENTRAL_FB,89.0909090909091,100.0
K8_R0.90_T1_H0_N3_S8001_CENTRAL_FOG_inprocess,8001,1,0,N3,CENTRAL_FOG,82.72727272727273,91.66666666666667
K8_R0.90_T1_H0_N3_S8001_CENTRAL_inprocess,8001,1,0,N3,CENTRAL,82.72727272727273,91.66666666666667
K8_R0.90_T1_H0_N3_S8001_EDGE_MARKET_inprocess,8001,1,0,N3,EDGE_MARKET,81.81818181818181,91.66666666666667
K8_R0.90_T1_H0_N3_S8001_HYBRID_EAGER_inprocess,8001,1,0,N3,HYBRID_EAGER,89.0909090909091,100.0
K8_R0.90_T1_H0_N3_S8001_HYBRID_inprocess,8001,1,0,N3,HYBRID,89.0909090909091,100.0
K8_R0.90_T1_H0_N3_S8001_PERIODIC_inprocess,8001,1,0,N3,PERIODIC,90.0,100.0
K8_R0.90_T1_H0_N3_S8001_STATIC_inprocess,8001,1,0,N3,STATIC,76.36363636363636,66.66666666666667
K8_R0.90_T1_H0_N3_S8002_CENTRAL_FB_inprocess,8002,1,0,N3,CENTRAL_FB,85.41666666666667,66.66666666666667
K8_R0.90_T1_H0_N3_S8002_CENTRAL_FOG_inprocess,8002,1,0,N3,CENTRAL_FOG,85.41666666666667,66.66666666666667
K8_R0.90_T1_H0_N3_S8002_CENTRAL_inprocess,8002,1,0,N3,CENTRAL,85.41666666666667,66.66666666666667
K8_R0.90_T1_H0_N3_S8002_EDGE_MARKET_inprocess,8002,1,0,N3,EDGE_MARKET,86.45833333333333,83.33333333333333
K8_R0.90_T1_H0_N3_S8002_HYBRID_EAGER_inprocess,8002,1,0,N3,HYBRID_EAGER,88.54166666666667,66.66666666666667
K8_R0.90_T1_H0_N3_S8002_HYBRID_inprocess,8002,1,0,N3,HYBRID,85.41666666666667,66.66666666666667
K8_R0.90_T1_H0_N3_S8002_PERIODIC_inprocess,8002,1,0,N3,PERIODIC,84.375,50.0
K8_R0.90_T1_H0_N3_S8002_STATIC_inprocess,8002,1,0,N3,STATIC,79.16666666666667,50.0
K8_R0.90_T1_H0_N3_S8003_CENTRAL_FB_inprocess,8003,1,0,N3,CENTRAL_FB,85.84905660377359,90.9090909090909
K8_R0.90_T1_H0_N3_S8003_CENTRAL_FOG_inprocess,8003,1,0,N3,CENTRAL_FOG,86.79245283018868,81.81818181818181
K8_R0.90_T1_H0_N3_S8003_CENTRAL_inprocess,8003,1,0,N3,CENTRAL,86.79245283018868,81.81818181818181
K8_R0.90_T1_H0_N3_S8003_EDGE_MARKET_inprocess,8003,1,0,N3,EDGE_MARKET,83.01886792452831,72.72727272727273
K8_R0.90_T1_H0_N3_S8003_HYBRID_EAGER_inprocess,8003,1,0,N3,HYBRID_EAGER,88.67924528301887,90.9090909090909
K8_R0.90_T1_H0_N3_S8003_HYBRID_inprocess,8003,1,0,N3,HYBRID,85.84905660377359,90.9090909090909
K8_R0.90_T1_H0_N3_S8003_PERIODIC_inprocess,8003,1,0,N3,PERIODIC,89.62264150943396,90.9090909090909
K8_R0.90_T1_H0_N3_S8003_STATIC_inprocess,8003,1,0,N3,STATIC,81.13207547169812,63.63636363636363
K8_R0.90_T1_H0_N3_S8004_CENTRAL_FB_inprocess,8004,1,0,N3,CENTRAL_FB,92.55319148936171,50.0
K8_R0.90_T1_H0_N3_S8004_CENTRAL_FOG_inprocess,8004,1,0,N3,CENTRAL_FOG,92.55319148936171,50.0
K8_R0.90_T1_H0_N3_S8004_CENTRAL_inprocess,8004,1,0,N3,CENTRAL,92.55319148936171,50.0
K8_R0.90_T1_H0_N3_S8004_EDGE_MARKET_inprocess,8004,1,0,N3,EDGE_MARKET,86.17021276595744,50.0
K8_R0.90_T1_H0_N3_S8004_HYBRID_EAGER_inprocess,8004,1,0,N3,HYBRID_EAGER,92.55319148936171,50.0
K8_R0.90_T1_H0_N3_S8004_HYBRID_inprocess,8004,1,0,N3,HYBRID,92.55319148936171,50.0
K8_R0.90_T1_H0_N3_S8004_PERIODIC_inprocess,8004,1,0,N3,PERIODIC,92.55319148936171,50.0
K8_R0.90_T1_H0_N3_S8004_STATIC_inprocess,8004,1,0,N3,STATIC,88.29787234042553,50.0
K8_R0.90_T1_H0_N3_S8005_CENTRAL_FB_inprocess,8005,1,0,N3,CENTRAL_FB,96.84210526315789,100.0
K8_R0.90_T1_H0_N3_S8005_CENTRAL_FOG_inprocess,8005,1,0,N3,CENTRAL_FOG,93.6842105263158,100.0
K8_R0.90_T1_H0_N3_S8005_CENTRAL_inprocess,8005,1,0,N3,CENTRAL,93.6842105263158,100.0
K8_R0.90_T1_H0_N3_S8005_EDGE_MARKET_inprocess,8005,1,0,N3,EDGE_MARKET,90.52631578947368,100.0
K8_R0.90_T1_H0_N3_S8005_HYBRID_EAGER_inprocess,8005,1,0,N3,HYBRID_EAGER,96.84210526315789,100.0
K8_R0.90_T1_H0_N3_S8005_HYBRID_inprocess,8005,1,0,N3,HYBRID,96.84210526315789,100.0
K8_R0.90_T1_H0_N3_S8005_PERIODIC_inprocess,8005,1,0,N3,PERIODIC,95.78947368421052,100.0
K8_R0.90_T1_H0_N3_S8005_STATIC_inprocess,8005,1,0,N3,STATIC,78.94736842105263,33.333333333333336
K8_R0.90_T1_H0_N3_S8006_CENTRAL_FB_inprocess,8006,1,0,N3,CENTRAL_FB,87.75510204081633,75.0
K8_R0.90_T1_H0_N3_S8006_CENTRAL_FOG_inprocess,8006,1,0,N3,CENTRAL_FOG,86.73469387755102,75.0
K8_R0.90_T1_H0_N3_S8006_CENTRAL_inprocess,8006,1,0,N3,CENTRAL,86.73469387755102,75.0
K8_R0.90_T1_H0_N3_S8006_EDGE_MARKET_inprocess,8006,1,0,N3,EDGE_MARKET,83.6734693877551,75.0
K8_R0.90_T1_H0_N3_S8006_HYBRID_EAGER_inprocess,8006,1,0,N3,HYBRID_EAGER,87.75510204081633,75.0
K8_R0.90_T1_H0_N3_S8006_HYBRID_inprocess,8006,1,0,N3,HYBRID,87.75510204081633,75.0
K8_R0.90_T1_H0_N3_S8006_PERIODIC_inprocess,8006,1,0,N3,PERIODIC,85.71428571428571,75.0
K8_R0.90_T1_H0_N3_S8006_STATIC_inprocess,8006,1,0,N3,STATIC,73.46938775510205,50.0
K8_R0.90_T1_H0_N3_S8007_CENTRAL_FB_inprocess,8007,1,0,N3,CENTRAL_FB,85.14851485148515,77.77777777777777
K8_R0.90_T1_H0_N3_S8007_CENTRAL_FOG_inprocess,8007,1,0,N3,CENTRAL_FOG,85.14851485148515,77.77777777777777
K8_R0.90_T1_H0_N3_S8007_CENTRAL_inprocess,8007,1,0,N3,CENTRAL,85.14851485148515,77.77777777777777
K8_R0.90_T1_H0_N3_S8007_EDGE_MARKET_inprocess,8007,1,0,N3,EDGE_MARKET,87.12871287128714,100.0
K8_R0.90_T1_H0_N3_S8007_HYBRID_EAGER_inprocess,8007,1,0,N3,HYBRID_EAGER,80.1980198019802,77.77777777777777
K8_R0.90_T1_H0_N3_S8007_HYBRID_inprocess,8007,1,0,N3,HYBRID,85.14851485148515,77.77777777777777
K8_R0.90_T1_H0_N3_S8007_PERIODIC_inprocess,8007,1,0,N3,PERIODIC,86.13861386138613,100.0
K8_R0.90_T1_H0_N3_S8007_STATIC_inprocess,8007,1,0,N3,STATIC,78.21782178217822,55.55555555555556
K8_R0.90_T1_H0_N3_S8008_CENTRAL_FB_inprocess,8008,1,0,N3,CENTRAL_FB,89.58333333333333,100.0
K8_R0.90_T1_H0_N3_S8008_CENTRAL_FOG_inprocess,8008,1,0,N3,CENTRAL_FOG,89.58333333333333,100.0
K8_R0.90_T1_H0_N3_S8008_CENTRAL_inprocess,8008,1,0,N3,CENTRAL,89.58333333333333,100.0
K8_R0.90_T1_H0_N3_S8008_EDGE_MARKET_inprocess,8008,1,0,N3,EDGE_MARKET,93.75,100.0
K8_R0.90_T1_H0_N3_S8008_HYBRID_EAGER_inprocess,8008,1,0,N3,HYBRID_EAGER,89.58333333333333,100.0
K8_R0.90_T1_H0_N3_S8008_HYBRID_inprocess,8008,1,0,N3,HYBRID,89.58333333333333,100.0
K8_R0.90_T1_H0_N3_S8008_PERIODIC_inprocess,8008,1,0,N3,PERIODIC,85.41666666666667,100.0
K8_R0.90_T1_H0_N3_S8008_STATIC_inprocess,8008,1,0,N3,STATIC,87.5,80.0
K8_R0.90_T1_H0_N3_S8009_CENTRAL_FB_inprocess,8009,1,0,N3,CENTRAL_FB,87.91208791208791,50.0
K8_R0.90_T1_H0_N3_S8009_CENTRAL_FOG_inprocess,8009,1,0,N3,CENTRAL_FOG,87.91208791208791,50.0
K8_R0.90_T1_H0_N3_S8009_CENTRAL_inprocess,8009,1,0,N3,CENTRAL,87.91208791208791,50.0
K8_R0.90_T1_H0_N3_S8009_EDGE_MARKET_inprocess,8009,1,0,N3,EDGE_MARKET,82.41758241758242,50.0
K8_R0.90_T1_H0_N3_S8009_HYBRID_EAGER_inprocess,8009,1,0,N3,HYBRID_EAGER,85.71428571428571,75.0
K8_R0.90_T1_H0_N3_S8009_HYBRID_inprocess,8009,1,0,N3,HYBRID,87.91208791208791,50.0
K8_R0.90_T1_H0_N3_S8009_PERIODIC_inprocess,8009,1,0,N3,PERIODIC,87.91208791208791,75.0
K8_R0.90_T1_H0_N3_S8009_STATIC_inprocess,8009,1,0,N3,STATIC,84.61538461538461,75.0
K8_R0.90_T1_H0_N3_S8010_CENTRAL_FB_inprocess,8010,1,0,N3,CENTRAL_FB,91.39784946236558,100.0
K8_R0.90_T1_H0_N3_S8010_CENTRAL_FOG_inprocess,8010,1,0,N3,CENTRAL_FOG,91.39784946236558,100.0
K8_R0.90_T1_H0_N3_S8010_CENTRAL_inprocess,8010,1,0,N3,CENTRAL,91.39784946236558,100.0
K8_R0.90_T1_H0_N3_S8010_EDGE_MARKET_inprocess,8010,1,0,N3,EDGE_MARKET,88.17204301075269,75.0
K8_R0.90_T1_H0_N3_S8010_HYBRID_EAGER_inprocess,8010,1,0,N3,HYBRID_EAGER,91.39784946236558,100.0
K8_R0.90_T1_H0_N3_S8010_HYBRID_inprocess,8010,1,0,N3,HYBRID,91.39784946236558,100.0
K8_R0.90_T1_H0_N3_S8010_PERIODIC_inprocess,8010,1,0,N3,PERIODIC,91.39784946236558,100.0
K8_R0.90_T1_H0_N3_S8010_STATIC_inprocess,8010,1,0,N3,STATIC,89.24731182795699,75.0
K8_R0.90_T1_H0_N3_S8011_CENTRAL_FB_inprocess,8011,1,0,N3,CENTRAL_FB,87.61904761904762,100.0
K8_R0.90_T1_H0_N3_S8011_CENTRAL_FOG_inprocess,8011,1,0,N3,CENTRAL_FOG,87.61904761904762,100.0
K8_R0.90_T1_H0_N3_S8011_CENTRAL_inprocess,8011,1,0,N3,CENTRAL,87.61904761904762,100.0
K8_R0.90_T1_H0_N3_S8011_EDGE_MARKET_inprocess,8011,1,0,N3,EDGE_MARKET,84.76190476190476,100.0
K8_R0.90_T1_H0_N3_S8011_HYBRID_EAGER_inprocess,8011,1,0,N3,HYBRID_EAGER,86.66666666666667,100.0
K8_R0.90_T1_H0_N3_S8011_HYBRID_inprocess,8011,1,0,N3,HYBRID,87.61904761904762,100.0
K8_R0.90_T1_H0_N3_S8011_PERIODIC_inprocess,8011,1,0,N3,PERIODIC,86.66666666666667,85.71428571428571
K8_R0.90_T1_H0_N3_S8011_STATIC_inprocess,8011,1,0,N3,STATIC,74.28571428571429,42.857142857142854
K8_R0.90_T1_H0_N3_S8012_CENTRAL_FB_inprocess,8012,1,0,N3,CENTRAL_FB,75.67567567567568,72.72727272727273
K8_R0.90_T1_H0_N3_S8012_CENTRAL_FOG_inprocess,8012,1,0,N3,CENTRAL_FOG,75.67567567567568,72.72727272727273
K8_R0.90_T1_H0_N3_S8012_CENTRAL_inprocess,8012,1,0,N3,CENTRAL,75.67567567567568,72.72727272727273
K8_R0.90_T1_H0_N3_S8012_EDGE_MARKET_inprocess,8012,1,0,N3,EDGE_MARKET,74.77477477477477,90.9090909090909
K8_R0.90_T1_H0_N3_S8012_HYBRID_EAGER_inprocess,8012,1,0,N3,HYBRID_EAGER,74.77477477477477,81.81818181818181
K8_R0.90_T1_H0_N3_S8012_HYBRID_inprocess,8012,1,0,N3,HYBRID,75.67567567567568,72.72727272727273
K8_R0.90_T1_H0_N3_S8012_PERIODIC_inprocess,8012,1,0,N3,PERIODIC,78.37837837837837,81.81818181818181
K8_R0.90_T1_H0_N3_S8012_STATIC_inprocess,8012,1,0,N3,STATIC,71.17117117117117,45.45454545454545
K8_R0.90_T1_H0_N3_S8013_CENTRAL_FB_inprocess,8013,1,0,N3,CENTRAL_FB,86.40776699029126,100.0
K8_R0.90_T1_H0_N3_S8013_CENTRAL_FOG_inprocess,8013,1,0,N3,CENTRAL_FOG,81.55339805825243,77.77777777777777
K8_R0.90_T1_H0_N3_S8013_CENTRAL_inprocess,8013,1,0,N3,CENTRAL,81.55339805825243,77.77777777777777
K8_R0.90_T1_H0_N3_S8013_EDGE_MARKET_inprocess,8013,1,0,N3,EDGE_MARKET,75.72815533980582,66.66666666666667
K8_R0.90_T1_H0_N3_S8013_HYBRID_EAGER_inprocess,8013,1,0,N3,HYBRID_EAGER,86.40776699029126,100.0
K8_R0.90_T1_H0_N3_S8013_HYBRID_inprocess,8013,1,0,N3,HYBRID,86.40776699029126,100.0
K8_R0.90_T1_H0_N3_S8013_PERIODIC_inprocess,8013,1,0,N3,PERIODIC,82.52427184466019,88.88888888888889
K8_R0.90_T1_H0_N3_S8013_STATIC_inprocess,8013,1,0,N3,STATIC,80.58252427184466,55.55555555555556
K8_R0.90_T1_H0_N3_S8014_CENTRAL_FB_inprocess,8014,1,0,N3,CENTRAL_FB,94.28571428571429,90.9090909090909
K8_R0.90_T1_H0_N3_S8014_CENTRAL_FOG_inprocess,8014,1,0,N3,CENTRAL_FOG,86.66666666666667,81.81818181818181
K8_R0.90_T1_H0_N3_S8014_CENTRAL_inprocess,8014,1,0,N3,CENTRAL,86.66666666666667,81.81818181818181
K8_R0.90_T1_H0_N3_S8014_EDGE_MARKET_inprocess,8014,1,0,N3,EDGE_MARKET,88.57142857142857,90.9090909090909
K8_R0.90_T1_H0_N3_S8014_HYBRID_EAGER_inprocess,8014,1,0,N3,HYBRID_EAGER,90.47619047619048,90.9090909090909
K8_R0.90_T1_H0_N3_S8014_HYBRID_inprocess,8014,1,0,N3,HYBRID,94.28571428571429,90.9090909090909
K8_R0.90_T1_H0_N3_S8014_PERIODIC_inprocess,8014,1,0,N3,PERIODIC,88.57142857142857,81.81818181818181
K8_R0.90_T1_H0_N3_S8014_STATIC_inprocess,8014,1,0,N3,STATIC,84.76190476190476,72.72727272727273
K8_R0.90_T1_H0_N3_S8015_CENTRAL_FB_inprocess,8015,1,0,N3,CENTRAL_FB,94.4954128440367,100.0
K8_R0.90_T1_H0_N3_S8015_CENTRAL_FOG_inprocess,8015,1,0,N3,CENTRAL_FOG,94.4954128440367,100.0
K8_R0.90_T1_H0_N3_S8015_CENTRAL_inprocess,8015,1,0,N3,CENTRAL,94.4954128440367,100.0
K8_R0.90_T1_H0_N3_S8015_EDGE_MARKET_inprocess,8015,1,0,N3,EDGE_MARKET,87.1559633027523,92.85714285714286
K8_R0.90_T1_H0_N3_S8015_HYBRID_EAGER_inprocess,8015,1,0,N3,HYBRID_EAGER,90.8256880733945,100.0
K8_R0.90_T1_H0_N3_S8015_HYBRID_inprocess,8015,1,0,N3,HYBRID,94.4954128440367,100.0
K8_R0.90_T1_H0_N3_S8015_PERIODIC_inprocess,8015,1,0,N3,PERIODIC,90.8256880733945,92.85714285714286
K8_R0.90_T1_H0_N3_S8015_STATIC_inprocess,8015,1,0,N3,STATIC,87.1559633027523,85.71428571428571
K8_R0.90_T1_H0_N3_S8016_CENTRAL_FB_inprocess,8016,1,0,N3,CENTRAL_FB,97.0,100.0
K8_R0.90_T1_H0_N3_S8016_CENTRAL_FOG_inprocess,8016,1,0,N3,CENTRAL_FOG,97.0,100.0
K8_R0.90_T1_H0_N3_S8016_CENTRAL_inprocess,8016,1,0,N3,CENTRAL,97.0,100.0
K8_R0.90_T1_H0_N3_S8016_EDGE_MARKET_inprocess,8016,1,0,N3,EDGE_MARKET,90.0,100.0
K8_R0.90_T1_H0_N3_S8016_HYBRID_EAGER_inprocess,8016,1,0,N3,HYBRID_EAGER,97.0,100.0
K8_R0.90_T1_H0_N3_S8016_HYBRID_inprocess,8016,1,0,N3,HYBRID,97.0,100.0
K8_R0.90_T1_H0_N3_S8016_PERIODIC_inprocess,8016,1,0,N3,PERIODIC,94.0,100.0
K8_R0.90_T1_H0_N3_S8016_STATIC_inprocess,8016,1,0,N3,STATIC,85.0,80.0
K8_R0.90_T1_H0_N3_S8017_CENTRAL_FB_inprocess,8017,1,0,N3,CENTRAL_FB,88.3495145631068,77.77777777777777
K8_R0.90_T1_H0_N3_S8017_CENTRAL_FOG_inprocess,8017,1,0,N3,CENTRAL_FOG,94.1747572815534,100.0
K8_R0.90_T1_H0_N3_S8017_CENTRAL_inprocess,8017,1,0,N3,CENTRAL,94.1747572815534,100.0
K8_R0.90_T1_H0_N3_S8017_EDGE_MARKET_inprocess,8017,1,0,N3,EDGE_MARKET,84.46601941747574,88.88888888888889
K8_R0.90_T1_H0_N3_S8017_HYBRID_EAGER_inprocess,8017,1,0,N3,HYBRID_EAGER,86.40776699029126,77.77777777777777
K8_R0.90_T1_H0_N3_S8017_HYBRID_inprocess,8017,1,0,N3,HYBRID,88.3495145631068,77.77777777777777
K8_R0.90_T1_H0_N3_S8017_PERIODIC_inprocess,8017,1,0,N3,PERIODIC,86.40776699029126,100.0
K8_R0.90_T1_H0_N3_S8017_STATIC_inprocess,8017,1,0,N3,STATIC,72.81553398058253,66.66666666666667
K8_R0.90_T1_H0_N3_S8018_CENTRAL_FB_inprocess,8018,1,0,N3,CENTRAL_FB,93.13725490196079,100.0
K8_R0.90_T1_H0_N3_S8018_CENTRAL_FOG_inprocess,8018,1,0,N3,CENTRAL_FOG,93.13725490196079,100.0
K8_R0.90_T1_H0_N3_S8018_CENTRAL_inprocess,8018,1,0,N3,CENTRAL,93.13725490196079,100.0
K8_R0.90_T1_H0_N3_S8018_EDGE_MARKET_inprocess,8018,1,0,N3,EDGE_MARKET,90.19607843137256,100.0
K8_R0.90_T1_H0_N3_S8018_HYBRID_EAGER_inprocess,8018,1,0,N3,HYBRID_EAGER,93.13725490196079,100.0
K8_R0.90_T1_H0_N3_S8018_HYBRID_inprocess,8018,1,0,N3,HYBRID,93.13725490196079,100.0
K8_R0.90_T1_H0_N3_S8018_PERIODIC_inprocess,8018,1,0,N3,PERIODIC,92.15686274509804,85.71428571428571
K8_R0.90_T1_H0_N3_S8018_STATIC_inprocess,8018,1,0,N3,STATIC,89.2156862745098,85.71428571428571
K8_R0.90_T1_H0_N3_S8019_CENTRAL_FB_inprocess,8019,1,0,N3,CENTRAL_FB,93.54838709677419,100.0
K8_R0.90_T1_H0_N3_S8019_CENTRAL_FOG_inprocess,8019,1,0,N3,CENTRAL_FOG,93.54838709677419,100.0
K8_R0.90_T1_H0_N3_S8019_CENTRAL_inprocess,8019,1,0,N3,CENTRAL,93.54838709677419,100.0
K8_R0.90_T1_H0_N3_S8019_EDGE_MARKET_inprocess,8019,1,0,N3,EDGE_MARKET,90.3225806451613,100.0
K8_R0.90_T1_H0_N3_S8019_HYBRID_EAGER_inprocess,8019,1,0,N3,HYBRID_EAGER,93.54838709677419,100.0
K8_R0.90_T1_H0_N3_S8019_HYBRID_inprocess,8019,1,0,N3,HYBRID,93.54838709677419,100.0
K8_R0.90_T1_H0_N3_S8019_PERIODIC_inprocess,8019,1,0,N3,PERIODIC,92.47311827956989,100.0
K8_R0.90_T1_H0_N3_S8019_STATIC_inprocess,8019,1,0,N3,STATIC,87.09677419354838,80.0
K8_R0.90_T1_H0_N3_S8020_CENTRAL_FB_inprocess,8020,1,0,N3,CENTRAL_FB,90.56603773584905,71.42857142857143
K8_R0.90_T1_H0_N3_S8020_CENTRAL_FOG_inprocess,8020,1,0,N3,CENTRAL_FOG,90.56603773584905,71.42857142857143
K8_R0.90_T1_H0_N3_S8020_CENTRAL_inprocess,8020,1,0,N3,CENTRAL,90.56603773584905,71.42857142857143
K8_R0.90_T1_H0_N3_S8020_EDGE_MARKET_inprocess,8020,1,0,N3,EDGE_MARKET,82.0754716981132,57.142857142857146
K8_R0.90_T1_H0_N3_S8020_HYBRID_EAGER_inprocess,8020,1,0,N3,HYBRID_EAGER,90.56603773584905,71.42857142857143
K8_R0.90_T1_H0_N3_S8020_HYBRID_inprocess,8020,1,0,N3,HYBRID,90.56603773584905,71.42857142857143
K8_R0.90_T1_H0_N3_S8020_PERIODIC_inprocess,8020,1,0,N3,PERIODIC,83.01886792452831,57.142857142857146
K8_R0.90_T1_H0_N3_S8020_STATIC_inprocess,8020,1,0,N3,STATIC,81.13207547169812,42.857142857142854
K8_R0.90_T1_H0_N3_S8021_CENTRAL_FB_inprocess,8021,1,0,N3,CENTRAL_FB,87.12871287128714,77.77777777777777
K8_R0.90_T1_H0_N3_S8021_CENTRAL_FOG_inprocess,8021,1,0,N3,CENTRAL_FOG,87.12871287128714,77.77777777777777
K8_R0.90_T1_H0_N3_S8021_CENTRAL_inprocess,8021,1,0,N3,CENTRAL,87.12871287128714,77.77777777777777
K8_R0.90_T1_H0_N3_S8021_EDGE_MARKET_inprocess,8021,1,0,N3,EDGE_MARKET,83.16831683168317,77.77777777777777
K8_R0.90_T1_H0_N3_S8021_HYBRID_EAGER_inprocess,8021,1,0,N3,HYBRID_EAGER,87.12871287128714,77.77777777777777
K8_R0.90_T1_H0_N3_S8021_HYBRID_inprocess,8021,1,0,N3,HYBRID,87.12871287128714,77.77777777777777
K8_R0.90_T1_H0_N3_S8021_PERIODIC_inprocess,8021,1,0,N3,PERIODIC,89.10891089108911,88.88888888888889
K8_R0.90_T1_H0_N3_S8021_STATIC_inprocess,8021,1,0,N3,STATIC,80.1980198019802,55.55555555555556
K8_R0.90_T1_H0_N3_S8022_CENTRAL_FB_inprocess,8022,1,0,N3,CENTRAL_FB,84.11214953271028,87.5
K8_R0.90_T1_H0_N3_S8022_CENTRAL_FOG_inprocess,8022,1,0,N3,CENTRAL_FOG,82.24299065420561,87.5
K8_R0.90_T1_H0_N3_S8022_CENTRAL_inprocess,8022,1,0,N3,CENTRAL,82.24299065420561,87.5
K8_R0.90_T1_H0_N3_S8022_EDGE_MARKET_inprocess,8022,1,0,N3,EDGE_MARKET,80.37383177570094,87.5
K8_R0.90_T1_H0_N3_S8022_HYBRID_EAGER_inprocess,8022,1,0,N3,HYBRID_EAGER,84.11214953271028,87.5
K8_R0.90_T1_H0_N3_S8022_HYBRID_inprocess,8022,1,0,N3,HYBRID,84.11214953271028,87.5
K8_R0.90_T1_H0_N3_S8022_PERIODIC_inprocess,8022,1,0,N3,PERIODIC,79.4392523364486,87.5
K8_R0.90_T1_H0_N3_S8022_STATIC_inprocess,8022,1,0,N3,STATIC,72.89719626168224,50.0
K8_R0.90_T1_H0_N3_S8023_CENTRAL_FB_inprocess,8023,1,0,N3,CENTRAL_FB,92.15686274509804,90.9090909090909
K8_R0.90_T1_H0_N3_S8023_CENTRAL_FOG_inprocess,8023,1,0,N3,CENTRAL_FOG,91.17647058823529,100.0
K8_R0.90_T1_H0_N3_S8023_CENTRAL_inprocess,8023,1,0,N3,CENTRAL,91.17647058823529,100.0
K8_R0.90_T1_H0_N3_S8023_EDGE_MARKET_inprocess,8023,1,0,N3,EDGE_MARKET,90.19607843137256,100.0
K8_R0.90_T1_H0_N3_S8023_HYBRID_EAGER_inprocess,8023,1,0,N3,HYBRID_EAGER,92.15686274509804,90.9090909090909
K8_R0.90_T1_H0_N3_S8023_HYBRID_inprocess,8023,1,0,N3,HYBRID,92.15686274509804,90.9090909090909
K8_R0.90_T1_H0_N3_S8023_PERIODIC_inprocess,8023,1,0,N3,PERIODIC,89.2156862745098,100.0
K8_R0.90_T1_H0_N3_S8023_STATIC_inprocess,8023,1,0,N3,STATIC,89.2156862745098,90.9090909090909
K8_R0.90_T1_H0_N3_S8024_CENTRAL_FB_inprocess,8024,1,0,N3,CENTRAL_FB,89.0,83.33333333333333
K8_R0.90_T1_H0_N3_S8024_CENTRAL_FOG_inprocess,8024,1,0,N3,CENTRAL_FOG,89.0,83.33333333333333
K8_R0.90_T1_H0_N3_S8024_CENTRAL_inprocess,8024,1,0,N3,CENTRAL,89.0,83.33333333333333
K8_R0.90_T1_H0_N3_S8024_EDGE_MARKET_inprocess,8024,1,0,N3,EDGE_MARKET,84.0,100.0
K8_R0.90_T1_H0_N3_S8024_HYBRID_EAGER_inprocess,8024,1,0,N3,HYBRID_EAGER,89.0,83.33333333333333
K8_R0.90_T1_H0_N3_S8024_HYBRID_inprocess,8024,1,0,N3,HYBRID,89.0,83.33333333333333
K8_R0.90_T1_H0_N3_S8024_PERIODIC_inprocess,8024,1,0,N3,PERIODIC,87.0,83.33333333333333
K8_R0.90_T1_H0_N3_S8024_STATIC_inprocess,8024,1,0,N3,STATIC,84.0,100.0
K8_R0.90_T1_H0_N3_S8025_CENTRAL_FB_inprocess,8025,1,0,N3,CENTRAL_FB,90.625,100.0
K8_R0.90_T1_H0_N3_S8025_CENTRAL_FOG_inprocess,8025,1,0,N3,CENTRAL_FOG,90.625,100.0
K8_R0.90_T1_H0_N3_S8025_CENTRAL_inprocess,8025,1,0,N3,CENTRAL,90.625,100.0
K8_R0.90_T1_H0_N3_S8025_EDGE_MARKET_inprocess,8025,1,0,N3,EDGE_MARKET,87.5,66.66666666666667
K8_R0.90_T1_H0_N3_S8025_HYBRID_EAGER_inprocess,8025,1,0,N3,HYBRID_EAGER,84.375,100.0
K8_R0.90_T1_H0_N3_S8025_HYBRID_inprocess,8025,1,0,N3,HYBRID,90.625,100.0
K8_R0.90_T1_H0_N3_S8025_PERIODIC_inprocess,8025,1,0,N3,PERIODIC,86.45833333333333,66.66666666666667
K8_R0.90_T1_H0_N3_S8025_STATIC_inprocess,8025,1,0,N3,STATIC,86.45833333333333,66.66666666666667
K8_R0.90_T1_H0_N3_S8026_CENTRAL_FB_inprocess,8026,1,0,N3,CENTRAL_FB,95.83333333333333,100.0
K8_R0.90_T1_H0_N3_S8026_CENTRAL_FOG_inprocess,8026,1,0,N3,CENTRAL_FOG,95.83333333333333,100.0
K8_R0.90_T1_H0_N3_S8026_CENTRAL_inprocess,8026,1,0,N3,CENTRAL,95.83333333333333,100.0
K8_R0.90_T1_H0_N3_S8026_EDGE_MARKET_inprocess,8026,1,0,N3,EDGE_MARKET,92.70833333333333,100.0
K8_R0.90_T1_H0_N3_S8026_HYBRID_EAGER_inprocess,8026,1,0,N3,HYBRID_EAGER,95.83333333333333,100.0
K8_R0.90_T1_H0_N3_S8026_HYBRID_inprocess,8026,1,0,N3,HYBRID,95.83333333333333,100.0
K8_R0.90_T1_H0_N3_S8026_PERIODIC_inprocess,8026,1,0,N3,PERIODIC,94.79166666666667,100.0
K8_R0.90_T1_H0_N3_S8026_STATIC_inprocess,8026,1,0,N3,STATIC,87.5,100.0
K8_R0.90_T1_H0_N3_S8027_CENTRAL_FB_inprocess,8027,1,0,N3,CENTRAL_FB,89.32038834951456,100.0
K8_R0.90_T1_H0_N3_S8027_CENTRAL_FOG_inprocess,8027,1,0,N3,CENTRAL_FOG,89.32038834951456,100.0
K8_R0.90_T1_H0_N3_S8027_CENTRAL_inprocess,8027,1,0,N3,CENTRAL,89.32038834951456,100.0
K8_R0.90_T1_H0_N3_S8027_EDGE_MARKET_inprocess,8027,1,0,N3,EDGE_MARKET,88.3495145631068,100.0
K8_R0.90_T1_H0_N3_S8027_HYBRID_EAGER_inprocess,8027,1,0,N3,HYBRID_EAGER,89.32038834951456,100.0
K8_R0.90_T1_H0_N3_S8027_HYBRID_inprocess,8027,1,0,N3,HYBRID,89.32038834951456,100.0
K8_R0.90_T1_H0_N3_S8027_PERIODIC_inprocess,8027,1,0,N3,PERIODIC,85.4368932038835,100.0
K8_R0.90_T1_H0_N3_S8027_STATIC_inprocess,8027,1,0,N3,STATIC,84.46601941747574,100.0
K8_R0.90_T1_H0_N3_S8028_CENTRAL_FB_inprocess,8028,1,0,N3,CENTRAL_FB,76.41509433962264,64.28571428571429
K8_R0.90_T1_H0_N3_S8028_CENTRAL_FOG_inprocess,8028,1,0,N3,CENTRAL_FOG,73.58490566037736,64.28571428571429
K8_R0.90_T1_H0_N3_S8028_CENTRAL_inprocess,8028,1,0,N3,CENTRAL,73.58490566037736,64.28571428571429
K8_R0.90_T1_H0_N3_S8028_EDGE_MARKET_inprocess,8028,1,0,N3,EDGE_MARKET,81.13207547169812,85.71428571428571
K8_R0.90_T1_H0_N3_S8028_HYBRID_EAGER_inprocess,8028,1,0,N3,HYBRID_EAGER,76.41509433962264,64.28571428571429
K8_R0.90_T1_H0_N3_S8028_HYBRID_inprocess,8028,1,0,N3,HYBRID,76.41509433962264,64.28571428571429
K8_R0.90_T1_H0_N3_S8028_PERIODIC_inprocess,8028,1,0,N3,PERIODIC,84.90566037735849,78.57142857142857
K8_R0.90_T1_H0_N3_S8028_STATIC_inprocess,8028,1,0,N3,STATIC,78.30188679245283,71.42857142857143
K8_R0.90_T1_H0_N3_S8029_CENTRAL_FB_inprocess,8029,1,0,N3,CENTRAL_FB,88.88888888888889,100.0
K8_R0.90_T1_H0_N3_S8029_CENTRAL_FOG_inprocess,8029,1,0,N3,CENTRAL_FOG,88.88888888888889,100.0
K8_R0.90_T1_H0_N3_S8029_CENTRAL_inprocess,8029,1,0,N3,CENTRAL,88.88888888888889,100.0
K8_R0.90_T1_H0_N3_S8029_EDGE_MARKET_inprocess,8029,1,0,N3,EDGE_MARKET,88.88888888888889,100.0
K8_R0.90_T1_H0_N3_S8029_HYBRID_EAGER_inprocess,8029,1,0,N3,HYBRID_EAGER,88.88888888888889,100.0
K8_R0.90_T1_H0_N3_S8029_HYBRID_inprocess,8029,1,0,N3,HYBRID,88.88888888888889,100.0
K8_R0.90_T1_H0_N3_S8029_PERIODIC_inprocess,8029,1,0,N3,PERIODIC,84.84848484848484,100.0
K8_R0.90_T1_H0_N3_S8029_STATIC_inprocess,8029,1,0,N3,STATIC,82.82828282828282,83.33333333333333
K8_R0.90_T1_H0_N3_S8030_CENTRAL_FB_inprocess,8030,1,0,N3,CENTRAL_FB,86.86868686868686,100.0
K8_R0.90_T1_H0_N3_S8030_CENTRAL_FOG_inprocess,8030,1,0,N3,CENTRAL_FOG,86.86868686868686,100.0
K8_R0.90_T1_H0_N3_S8030_CENTRAL_inprocess,8030,1,0,N3,CENTRAL,86.86868686868686,100.0
K8_R0.90_T1_H0_N3_S8030_EDGE_MARKET_inprocess,8030,1,0,N3,EDGE_MARKET,82.82828282828282,83.33333333333333
K8_R0.90_T1_H0_N3_S8030_HYBRID_EAGER_inprocess,8030,1,0,N3,HYBRID_EAGER,88.88888888888889,100.0
K8_R0.90_T1_H0_N3_S8030_HYBRID_inprocess,8030,1,0,N3,HYBRID,86.86868686868686,100.0
K8_R0.90_T1_H0_N3_S8030_PERIODIC_inprocess,8030,1,0,N3,PERIODIC,84.84848484848484,100.0
K8_R0.90_T1_H0_N3_S8030_STATIC_inprocess,8030,1,0,N3,STATIC,77.77777777777777,66.66666666666667
K8_R0.90_T1_H0_N3_S8031_CENTRAL_FB_inprocess,8031,1,0,N3,CENTRAL_FB,82.10526315789474,83.33333333333333
K8_R0.90_T1_H0_N3_S8031_CENTRAL_FOG_inprocess,8031,1,0,N3,CENTRAL_FOG,82.10526315789474,83.33333333333333
K8_R0.90_T1_H0_N3_S8031_CENTRAL_inprocess,8031,1,0,N3,CENTRAL,82.10526315789474,83.33333333333333
K8_R0.90_T1_H0_N3_S8031_EDGE_MARKET_inprocess,8031,1,0,N3,EDGE_MARKET,73.6842105263158,66.66666666666667
K8_R0.90_T1_H0_N3_S8031_HYBRID_EAGER_inprocess,8031,1,0,N3,HYBRID_EAGER,82.10526315789474,83.33333333333333
K8_R0.90_T1_H0_N3_S8031_HYBRID_inprocess,8031,1,0,N3,HYBRID,82.10526315789474,83.33333333333333
K8_R0.90_T1_H0_N3_S8031_PERIODIC_inprocess,8031,1,0,N3,PERIODIC,82.10526315789474,83.33333333333333
K8_R0.90_T1_H0_N3_S8031_STATIC_inprocess,8031,1,0,N3,STATIC,69.47368421052632,16.666666666666668
K8_R0.90_T1_H0_N3_S8032_CENTRAL_FB_inprocess,8032,1,0,N3,CENTRAL_FB,86.86868686868686,100.0
K8_R0.90_T1_H0_N3_S8032_CENTRAL_FOG_inprocess,8032,1,0,N3,CENTRAL_FOG,86.86868686868686,83.33333333333333
K8_R0.90_T1_H0_N3_S8032_CENTRAL_inprocess,8032,1,0,N3,CENTRAL,86.86868686868686,83.33333333333333
K8_R0.90_T1_H0_N3_S8032_EDGE_MARKET_inprocess,8032,1,0,N3,EDGE_MARKET,73.73737373737374,50.0
K8_R0.90_T1_H0_N3_S8032_HYBRID_EAGER_inprocess,8032,1,0,N3,HYBRID_EAGER,86.86868686868686,100.0
K8_R0.90_T1_H0_N3_S8032_HYBRID_inprocess,8032,1,0,N3,HYBRID,86.86868686868686,100.0
K8_R0.90_T1_H0_N3_S8032_PERIODIC_inprocess,8032,1,0,N3,PERIODIC,80.8080808080808,100.0
K8_R0.90_T1_H0_N3_S8032_STATIC_inprocess,8032,1,0,N3,STATIC,83.83838383838383,100.0
K8_R0.90_T1_H0_N3_S8033_CENTRAL_FB_inprocess,8033,1,0,N3,CENTRAL_FB,92.85714285714286,83.33333333333333
K8_R0.90_T1_H0_N3_S8033_CENTRAL_FOG_inprocess,8033,1,0,N3,CENTRAL_FOG,88.77551020408163,83.33333333333333
K8_R0.90_T1_H0_N3_S8033_CENTRAL_inprocess,8033,1,0,N3,CENTRAL,88.77551020408163,83.33333333333333
K8_R0.90_T1_H0_N3_S8033_EDGE_MARKET_inprocess,8033,1,0,N3,EDGE_MARKET,89.79591836734694,100.0
K8_R0.90_T1_H0_N3_S8033_HYBRID_EAGER_inprocess,8033,1,0,N3,HYBRID_EAGER,92.85714285714286,83.33333333333333
K8_R0.90_T1_H0_N3_S8033_HYBRID_inprocess,8033,1,0,N3,HYBRID,92.85714285714286,83.33333333333333
K8_R0.90_T1_H0_N3_S8033_PERIODIC_inprocess,8033,1,0,N3,PERIODIC,94.89795918367346,100.0
K8_R0.90_T1_H0_N3_S8033_STATIC_inprocess,8033,1,0,N3,STATIC,89.79591836734694,83.33333333333333
K8_R0.90_T1_H0_N3_S8034_CENTRAL_FB_inprocess,8034,1,0,N3,CENTRAL_FB,89.42307692307692,87.5
K8_R0.90_T1_H0_N3_S8034_CENTRAL_FOG_inprocess,8034,1,0,N3,CENTRAL_FOG,94.23076923076923,87.5
K8_R0.90_T1_H0_N3_S8034_CENTRAL_inprocess,8034,1,0,N3,CENTRAL,94.23076923076923,87.5
K8_R0.90_T1_H0_N3_S8034_EDGE_MARKET_inprocess,8034,1,0,N3,EDGE_MARKET,88.46153846153847,100.0
K8_R0.90_T1_H0_N3_S8034_HYBRID_EAGER_inprocess,8034,1,0,N3,HYBRID_EAGER,89.42307692307692,87.5
K8_R0.90_T1_H0_N3_S8034_HYBRID_inprocess,8034,1,0,N3,HYBRID,89.42307692307692,87.5
K8_R0.90_T1_H0_N3_S8034_PERIODIC_inprocess,8034,1,0,N3,PERIODIC,93.26923076923077,87.5
K8_R0.90_T1_H0_N3_S8034_STATIC_inprocess,8034,1,0,N3,STATIC,90.38461538461539,87.5
K8_R0.90_T1_H0_N3_S8035_CENTRAL_FB_inprocess,8035,1,0,N3,CENTRAL_FB,93.69369369369369,91.66666666666667
K8_R0.90_T1_H0_N3_S8035_CENTRAL_FOG_inprocess,8035,1,0,N3,CENTRAL_FOG,93.69369369369369,91.66666666666667
K8_R0.90_T1_H0_N3_S8035_CENTRAL_inprocess,8035,1,0,N3,CENTRAL,93.69369369369369,91.66666666666667
K8_R0.90_T1_H0_N3_S8035_EDGE_MARKET_inprocess,8035,1,0,N3,EDGE_MARKET,82.88288288288288,66.66666666666667
K8_R0.90_T1_H0_N3_S8035_HYBRID_EAGER_inprocess,8035,1,0,N3,HYBRID_EAGER,93.69369369369369,91.66666666666667
K8_R0.90_T1_H0_N3_S8035_HYBRID_inprocess,8035,1,0,N3,HYBRID,93.69369369369369,91.66666666666667
K8_R0.90_T1_H0_N3_S8035_PERIODIC_inprocess,8035,1,0,N3,PERIODIC,91.89189189189189,91.66666666666667
K8_R0.90_T1_H0_N3_S8035_STATIC_inprocess,8035,1,0,N3,STATIC,86.48648648648648,91.66666666666667
K8_R0.90_T1_H0_N3_S8036_CENTRAL_FB_inprocess,8036,1,0,N3,CENTRAL_FB,85.4368932038835,75.0
K8_R0.90_T1_H0_N3_S8036_CENTRAL_FOG_inprocess,8036,1,0,N3,CENTRAL_FOG,85.4368932038835,75.0
K8_R0.90_T1_H0_N3_S8036_CENTRAL_inprocess,8036,1,0,N3,CENTRAL,85.4368932038835,75.0
K8_R0.90_T1_H0_N3_S8036_EDGE_MARKET_inprocess,8036,1,0,N3,EDGE_MARKET,89.32038834951456,100.0
K8_R0.90_T1_H0_N3_S8036_HYBRID_EAGER_inprocess,8036,1,0,N3,HYBRID_EAGER,88.3495145631068,87.5
K8_R0.90_T1_H0_N3_S8036_HYBRID_inprocess,8036,1,0,N3,HYBRID,85.4368932038835,75.0
K8_R0.90_T1_H0_N3_S8036_PERIODIC_inprocess,8036,1,0,N3,PERIODIC,91.2621359223301,87.5
K8_R0.90_T1_H0_N3_S8036_STATIC_inprocess,8036,1,0,N3,STATIC,84.46601941747574,87.5
K8_R0.90_T1_H0_N3_S8037_CENTRAL_FB_inprocess,8037,1,0,N3,CENTRAL_FB,89.81481481481481,90.0
K8_R0.90_T1_H0_N3_S8037_CENTRAL_FOG_inprocess,8037,1,0,N3,CENTRAL_FOG,87.03703703703704,80.0
K8_R0.90_T1_H0_N3_S8037_CENTRAL_inprocess,8037,1,0,N3,CENTRAL,87.03703703703704,80.0
K8_R0.90_T1_H0_N3_S8037_EDGE_MARKET_inprocess,8037,1,0,N3,EDGE_MARKET,86.11111111111111,70.0
K8_R0.90_T1_H0_N3_S8037_HYBRID_EAGER_inprocess,8037,1,0,N3,HYBRID_EAGER,89.81481481481481,90.0
K8_R0.90_T1_H0_N3_S8037_HYBRID_inprocess,8037,1,0,N3,HYBRID,89.81481481481481,90.0
K8_R0.90_T1_H0_N3_S8037_PERIODIC_inprocess,8037,1,0,N3,PERIODIC,91.66666666666667,100.0
K8_R0.90_T1_H0_N3_S8037_STATIC_inprocess,8037,1,0,N3,STATIC,88.88888888888889,80.0
K8_R0.90_T1_H0_N3_S8038_CENTRAL_FB_inprocess,8038,1,0,N3,CENTRAL_FB,90.72164948453609,100.0
K8_R0.90_T1_H0_N3_S8038_CENTRAL_FOG_inprocess,8038,1,0,N3,CENTRAL_FOG,94.84536082474227,100.0
K8_R0.90_T1_H0_N3_S8038_CENTRAL_inprocess,8038,1,0,N3,CENTRAL,94.84536082474227,100.0
K8_R0.90_T1_H0_N3_S8038_EDGE_MARKET_inprocess,8038,1,0,N3,EDGE_MARKET,86.5979381443299,60.0
K8_R0.90_T1_H0_N3_S8038_HYBRID_EAGER_inprocess,8038,1,0,N3,HYBRID_EAGER,89.69072164948453,100.0
K8_R0.90_T1_H0_N3_S8038_HYBRID_inprocess,8038,1,0,N3,HYBRID,90.72164948453609,100.0
K8_R0.90_T1_H0_N3_S8038_PERIODIC_inprocess,8038,1,0,N3,PERIODIC,84.5360824742268,80.0
K8_R0.90_T1_H0_N3_S8038_STATIC_inprocess,8038,1,0,N3,STATIC,88.65979381443299,100.0
K8_R0.90_T1_H0_N3_S8039_CENTRAL_FB_inprocess,8039,1,0,N3,CENTRAL_FB,92.07920792079207,100.0
K8_R0.90_T1_H0_N3_S8039_CENTRAL_FOG_inprocess,8039,1,0,N3,CENTRAL_FOG,92.07920792079207,100.0
K8_R0.90_T1_H0_N3_S8039_CENTRAL_inprocess,8039,1,0,N3,CENTRAL,92.07920792079207,100.0
K8_R0.90_T1_H0_N3_S8039_EDGE_MARKET_inprocess,8039,1,0,N3,EDGE_MARKET,88.11881188118812,83.33333333333333
K8_R0.90_T1_H0_N3_S8039_HYBRID_EAGER_inprocess,8039,1,0,N3,HYBRID_EAGER,92.07920792079207,100.0
K8_R0.90_T1_H0_N3_S8039_HYBRID_inprocess,8039,1,0,N3,HYBRID,92.07920792079207,100.0
K8_R0.90_T1_H0_N3_S8039_PERIODIC_inprocess,8039,1,0,N3,PERIODIC,95.04950495049505,100.0
K8_R0.90_T1_H0_N3_S8039_STATIC_inprocess,8039,1,0,N3,STATIC,80.1980198019802,33.333333333333336
K8_R0.90_T1_H0_N3_S8040_CENTRAL_FB_inprocess,8040,1,0,N3,CENTRAL_FB,95.91836734693878,100.0
K8_R0.90_T1_H0_N3_S8040_CENTRAL_FOG_inprocess,8040,1,0,N3,CENTRAL_FOG,88.77551020408163,85.71428571428571
K8_R0.90_T1_H0_N3_S8040_CENTRAL_inprocess,8040,1,0,N3,CENTRAL,88.77551020408163,85.71428571428571
K8_R0.90_T1_H0_N3_S8040_EDGE_MARKET_inprocess,8040,1,0,N3,EDGE_MARKET,87.75510204081633,100.0
K8_R0.90_T1_H0_N3_S8040_HYBRID_EAGER_inprocess,8040,1,0,N3,HYBRID_EAGER,95.91836734693878,100.0
K8_R0.90_T1_H0_N3_S8040_HYBRID_inprocess,8040,1,0,N3,HYBRID,95.91836734693878,100.0
K8_R0.90_T1_H0_N3_S8040_PERIODIC_inprocess,8040,1,0,N3,PERIODIC,91.83673469387755,100.0
K8_R0.90_T1_H0_N3_S8040_STATIC_inprocess,8040,1,0,N3,STATIC,94.89795918367346,100.0
K8_R0.90_T1_H0_N4_S8001_CENTRAL_FB_inprocess,8001,1,0,N4,CENTRAL_FB,79.0909090909091,66.66666666666667
K8_R0.90_T1_H0_N4_S8001_CENTRAL_FOG_inprocess,8001,1,0,N4,CENTRAL_FOG,88.18181818181819,100.0
K8_R0.90_T1_H0_N4_S8001_CENTRAL_inprocess,8001,1,0,N4,CENTRAL,80.0,66.66666666666667
K8_R0.90_T1_H0_N4_S8001_EDGE_MARKET_inprocess,8001,1,0,N4,EDGE_MARKET,80.9090909090909,83.33333333333333
K8_R0.90_T1_H0_N4_S8001_HYBRID_EAGER_inprocess,8001,1,0,N4,HYBRID_EAGER,90.0,100.0
K8_R0.90_T1_H0_N4_S8001_HYBRID_inprocess,8001,1,0,N4,HYBRID,90.0,100.0
K8_R0.90_T1_H0_N4_S8001_PERIODIC_inprocess,8001,1,0,N4,PERIODIC,76.36363636363636,66.66666666666667
K8_R0.90_T1_H0_N4_S8001_STATIC_inprocess,8001,1,0,N4,STATIC,69.0909090909091,50.0
K8_R0.90_T1_H0_N4_S8002_CENTRAL_FB_inprocess,8002,1,0,N4,CENTRAL_FB,86.45833333333333,83.33333333333333
K8_R0.90_T1_H0_N4_S8002_CENTRAL_FOG_inprocess,8002,1,0,N4,CENTRAL_FOG,95.83333333333333,100.0
K8_R0.90_T1_H0_N4_S8002_CENTRAL_inprocess,8002,1,0,N4,CENTRAL,86.45833333333333,83.33333333333333
K8_R0.90_T1_H0_N4_S8002_EDGE_MARKET_inprocess,8002,1,0,N4,EDGE_MARKET,93.75,100.0
K8_R0.90_T1_H0_N4_S8002_HYBRID_EAGER_inprocess,8002,1,0,N4,HYBRID_EAGER,91.66666666666667,83.33333333333333
K8_R0.90_T1_H0_N4_S8002_HYBRID_inprocess,8002,1,0,N4,HYBRID,91.66666666666667,83.33333333333333
K8_R0.90_T1_H0_N4_S8002_PERIODIC_inprocess,8002,1,0,N4,PERIODIC,88.54166666666667,83.33333333333333
K8_R0.90_T1_H0_N4_S8002_STATIC_inprocess,8002,1,0,N4,STATIC,84.375,50.0
K8_R0.90_T1_H0_N4_S8003_CENTRAL_FB_inprocess,8003,1,0,N4,CENTRAL_FB,82.0754716981132,54.54545454545455
K8_R0.90_T1_H0_N4_S8003_CENTRAL_FOG_inprocess,8003,1,0,N4,CENTRAL_FOG,92.45283018867924,90.9090909090909
K8_R0.90_T1_H0_N4_S8003_CENTRAL_inprocess,8003,1,0,N4,CENTRAL,82.0754716981132,54.54545454545455
K8_R0.90_T1_H0_N4_S8003_EDGE_MARKET_inprocess,8003,1,0,N4,EDGE_MARKET,91.50943396226415,90.9090909090909
K8_R0.90_T1_H0_N4_S8003_HYBRID_EAGER_inprocess,8003,1,0,N4,HYBRID_EAGER,91.50943396226415,90.9090909090909
K8_R0.90_T1_H0_N4_S8003_HYBRID_inprocess,8003,1,0,N4,HYBRID,91.50943396226415,90.9090909090909
K8_R0.90_T1_H0_N4_S8003_PERIODIC_inprocess,8003,1,0,N4,PERIODIC,81.13207547169812,54.54545454545455
K8_R0.90_T1_H0_N4_S8003_STATIC_inprocess,8003,1,0,N4,STATIC,82.0754716981132,54.54545454545455
K8_R0.90_T1_H0_N4_S8004_CENTRAL_FB_inprocess,8004,1,0,N4,CENTRAL_FB,92.55319148936171,0.0
K8_R0.90_T1_H0_N4_S8004_CENTRAL_FOG_inprocess,8004,1,0,N4,CENTRAL_FOG,95.74468085106383,50.0
K8_R0.90_T1_H0_N4_S8004_CENTRAL_inprocess,8004,1,0,N4,CENTRAL,92.55319148936171,0.0
K8_R0.90_T1_H0_N4_S8004_EDGE_MARKET_inprocess,8004,1,0,N4,EDGE_MARKET,94.68085106382979,50.0
K8_R0.90_T1_H0_N4_S8004_HYBRID_EAGER_inprocess,8004,1,0,N4,HYBRID_EAGER,95.74468085106383,50.0
K8_R0.90_T1_H0_N4_S8004_HYBRID_inprocess,8004,1,0,N4,HYBRID,93.61702127659575,50.0
K8_R0.90_T1_H0_N4_S8004_PERIODIC_inprocess,8004,1,0,N4,PERIODIC,91.48936170212765,0.0
K8_R0.90_T1_H0_N4_S8004_STATIC_inprocess,8004,1,0,N4,STATIC,80.85106382978724,0.0
K8_R0.90_T1_H0_N4_S8005_CENTRAL_FB_inprocess,8005,1,0,N4,CENTRAL_FB,96.84210526315789,100.0
K8_R0.90_T1_H0_N4_S8005_CENTRAL_FOG_inprocess,8005,1,0,N4,CENTRAL_FOG,98.94736842105263,100.0
K8_R0.90_T1_H0_N4_S8005_CENTRAL_inprocess,8005,1,0,N4,CENTRAL,96.84210526315789,100.0
K8_R0.90_T1_H0_N4_S8005_EDGE_MARKET_inprocess,8005,1,0,N4,EDGE_MARKET,92.63157894736842,66.66666666666667
K8_R0.90_T1_H0_N4_S8005_HYBRID_EAGER_inprocess,8005,1,0,N4,HYBRID_EAGER,96.84210526315789,100.0
K8_R0.90_T1_H0_N4_S8005_HYBRID_inprocess,8005,1,0,N4,HYBRID,96.84210526315789,100.0
K8_R0.90_T1_H0_N4_S8005_PERIODIC_inprocess,8005,1,0,N4,PERIODIC,94.73684210526316,100.0
K8_R0.90_T1_H0_N4_S8005_STATIC_inprocess,8005,1,0,N4,STATIC,85.26315789473684,33.333333333333336
K8_R0.90_T1_H0_N4_S8006_CENTRAL_FB_inprocess,8006,1,0,N4,CENTRAL_FB,82.65306122448979,75.0
K8_R0.90_T1_H0_N4_S8006_CENTRAL_FOG_inprocess,8006,1,0,N4,CENTRAL_FOG,86.73469387755102,75.0
K8_R0.90_T1_H0_N4_S8006_CENTRAL_inprocess,8006,1,0,N4,CENTRAL,84.6938775510204,75.0
K8_R0.90_T1_H0_N4_S8006_EDGE_MARKET_inprocess,8006,1,0,N4,EDGE_MARKET,82.65306122448979,75.0
K8_R0.90_T1_H0_N4_S8006_HYBRID_EAGER_inprocess,8006,1,0,N4,HYBRID_EAGER,83.6734693877551,62.5
K8_R0.90_T1_H0_N4_S8006_HYBRID_inprocess,8006,1,0,N4,HYBRID,85.71428571428571,75.0
K8_R0.90_T1_H0_N4_S8006_PERIODIC_inprocess,8006,1,0,N4,PERIODIC,87.75510204081633,87.5
K8_R0.90_T1_H0_N4_S8006_STATIC_inprocess,8006,1,0,N4,STATIC,70.40816326530613,37.5
K8_R0.90_T1_H0_N4_S8007_CENTRAL_FB_inprocess,8007,1,0,N4,CENTRAL_FB,88.11881188118812,88.88888888888889
K8_R0.90_T1_H0_N4_S8007_CENTRAL_FOG_inprocess,8007,1,0,N4,CENTRAL_FOG,90.0990099009901,100.0
K8_R0.90_T1_H0_N4_S8007_CENTRAL_inprocess,8007,1,0,N4,CENTRAL,88.11881188118812,77.77777777777777
K8_R0.90_T1_H0_N4_S8007_EDGE_MARKET_inprocess,8007,1,0,N4,EDGE_MARKET,92.07920792079207,100.0
K8_R0.90_T1_H0_N4_S8007_HYBRID_EAGER_inprocess,8007,1,0,N4,HYBRID_EAGER,91.08910891089108,100.0
K8_R0.90_T1_H0_N4_S8007_HYBRID_inprocess,8007,1,0,N4,HYBRID,91.08910891089108,100.0
K8_R0.90_T1_H0_N4_S8007_PERIODIC_inprocess,8007,1,0,N4,PERIODIC,83.16831683168317,66.66666666666667
K8_R0.90_T1_H0_N4_S8007_STATIC_inprocess,8007,1,0,N4,STATIC,83.16831683168317,88.88888888888889
K8_R0.90_T1_H0_N4_S8008_CENTRAL_FB_inprocess,8008,1,0,N4,CENTRAL_FB,92.70833333333333,80.0
K8_R0.90_T1_H0_N4_S8008_CENTRAL_FOG_inprocess,8008,1,0,N4,CENTRAL_FOG,91.66666666666667,80.0
K8_R0.90_T1_H0_N4_S8008_CENTRAL_inprocess,8008,1,0,N4,CENTRAL,90.625,80.0
K8_R0.90_T1_H0_N4_S8008_EDGE_MARKET_inprocess,8008,1,0,N4,EDGE_MARKET,91.66666666666667,80.0
K8_R0.90_T1_H0_N4_S8008_HYBRID_EAGER_inprocess,8008,1,0,N4,HYBRID_EAGER,90.625,100.0
K8_R0.90_T1_H0_N4_S8008_HYBRID_inprocess,8008,1,0,N4,HYBRID,90.625,100.0
K8_R0.90_T1_H0_N4_S8008_PERIODIC_inprocess,8008,1,0,N4,PERIODIC,86.45833333333333,40.0
K8_R0.90_T1_H0_N4_S8008_STATIC_inprocess,8008,1,0,N4,STATIC,85.41666666666667,80.0
K8_R0.90_T1_H0_N4_S8009_CENTRAL_FB_inprocess,8009,1,0,N4,CENTRAL_FB,89.01098901098901,75.0
K8_R0.90_T1_H0_N4_S8009_CENTRAL_FOG_inprocess,8009,1,0,N4,CENTRAL_FOG,91.20879120879121,75.0
K8_R0.90_T1_H0_N4_S8009_CENTRAL_inprocess,8009,1,0,N4,CENTRAL,89.01098901098901,75.0
K8_R0.90_T1_H0_N4_S8009_EDGE_MARKET_inprocess,8009,1,0,N4,EDGE_MARKET,90.10989010989012,75.0
K8_R0.90_T1_H0_N4_S8009_HYBRID_EAGER_inprocess,8009,1,0,N4,HYBRID_EAGER,90.10989010989012,75.0
K8_R0.90_T1_H0_N4_S8009_HYBRID_inprocess,8009,1,0,N4,HYBRID,90.10989010989012,75.0
K8_R0.90_T1_H0_N4_S8009_PERIODIC_inprocess,8009,1,0,N4,PERIODIC,87.91208791208791,75.0
K8_R0.90_T1_H0_N4_S8009_STATIC_inprocess,8009,1,0,N4,STATIC,82.41758241758242,25.0
K8_R0.90_T1_H0_N4_S8010_CENTRAL_FB_inprocess,8010,1,0,N4,CENTRAL_FB,90.3225806451613,75.0
K8_R0.90_T1_H0_N4_S8010_CENTRAL_FOG_inprocess,8010,1,0,N4,CENTRAL_FOG,95.6989247311828,100.0
K8_R0.90_T1_H0_N4_S8010_CENTRAL_inprocess,8010,1,0,N4,CENTRAL,89.24731182795699,75.0
K8_R0.90_T1_H0_N4_S8010_EDGE_MARKET_inprocess,8010,1,0,N4,EDGE_MARKET,89.24731182795699,75.0
K8_R0.90_T1_H0_N4_S8010_HYBRID_EAGER_inprocess,8010,1,0,N4,HYBRID_EAGER,94.6236559139785,100.0
K8_R0.90_T1_H0_N4_S8010_HYBRID_inprocess,8010,1,0,N4,HYBRID,91.39784946236558,100.0
K8_R0.90_T1_H0_N4_S8010_PERIODIC_inprocess,8010,1,0,N4,PERIODIC,87.09677419354838,50.0
K8_R0.90_T1_H0_N4_S8010_STATIC_inprocess,8010,1,0,N4,STATIC,87.09677419354838,50.0
K8_R0.90_T1_H0_N4_S8011_CENTRAL_FB_inprocess,8011,1,0,N4,CENTRAL_FB,83.80952380952381,71.42857142857143
K8_R0.90_T1_H0_N4_S8011_CENTRAL_FOG_inprocess,8011,1,0,N4,CENTRAL_FOG,84.76190476190476,85.71428571428571
K8_R0.90_T1_H0_N4_S8011_CENTRAL_inprocess,8011,1,0,N4,CENTRAL,82.85714285714286,71.42857142857143
K8_R0.90_T1_H0_N4_S8011_EDGE_MARKET_inprocess,8011,1,0,N4,EDGE_MARKET,83.80952380952381,100.0
K8_R0.90_T1_H0_N4_S8011_HYBRID_EAGER_inprocess,8011,1,0,N4,HYBRID_EAGER,88.57142857142857,100.0
K8_R0.90_T1_H0_N4_S8011_HYBRID_inprocess,8011,1,0,N4,HYBRID,88.57142857142857,100.0
K8_R0.90_T1_H0_N4_S8011_PERIODIC_inprocess,8011,1,0,N4,PERIODIC,80.95238095238095,85.71428571428571
K8_R0.90_T1_H0_N4_S8011_STATIC_inprocess,8011,1,0,N4,STATIC,68.57142857142857,42.857142857142854
K8_R0.90_T1_H0_N4_S8012_CENTRAL_FB_inprocess,8012,1,0,N4,CENTRAL_FB,72.07207207207207,72.72727272727273
K8_R0.90_T1_H0_N4_S8012_CENTRAL_FOG_inprocess,8012,1,0,N4,CENTRAL_FOG,81.98198198198199,81.81818181818181
K8_R0.90_T1_H0_N4_S8012_CENTRAL_inprocess,8012,1,0,N4,CENTRAL,74.77477477477477,72.72727272727273
K8_R0.90_T1_H0_N4_S8012_EDGE_MARKET_inprocess,8012,1,0,N4,EDGE_MARKET,79.27927927927928,100.0
K8_R0.90_T1_H0_N4_S8012_HYBRID_EAGER_inprocess,8012,1,0,N4,HYBRID_EAGER,80.18018018018019,100.0
K8_R0.90_T1_H0_N4_S8012_HYBRID_inprocess,8012,1,0,N4,HYBRID,80.18018018018019,100.0
K8_R0.90_T1_H0_N4_S8012_PERIODIC_inprocess,8012,1,0,N4,PERIODIC,72.07207207207207,45.45454545454545
K8_R0.90_T1_H0_N4_S8012_STATIC_inprocess,8012,1,0,N4,STATIC,65.76576576576576,36.36363636363637
K8_R0.90_T1_H0_N4_S8013_CENTRAL_FB_inprocess,8013,1,0,N4,CENTRAL_FB,83.49514563106796,77.77777777777777
K8_R0.90_T1_H0_N4_S8013_CENTRAL_FOG_inprocess,8013,1,0,N4,CENTRAL_FOG,85.4368932038835,88.88888888888889
K8_R0.90_T1_H0_N4_S8013_CENTRAL_inprocess,8013,1,0,N4,CENTRAL,80.58252427184466,77.77777777777777
K8_R0.90_T1_H0_N4_S8013_EDGE_MARKET_inprocess,8013,1,0,N4,EDGE_MARKET,88.3495145631068,100.0
K8_R0.90_T1_H0_N4_S8013_HYBRID_EAGER_inprocess,8013,1,0,N4,HYBRID_EAGER,89.32038834951456,100.0
K8_R0.90_T1_H0_N4_S8013_HYBRID_inprocess,8013,1,0,N4,HYBRID,89.32038834951456,100.0
K8_R0.90_T1_H0_N4_S8013_PERIODIC_inprocess,8013,1,0,N4,PERIODIC,80.58252427184466,77.77777777777777
K8_R0.90_T1_H0_N4_S8013_STATIC_inprocess,8013,1,0,N4,STATIC,77.66990291262135,44.44444444444444
K8_R0.90_T1_H0_N4_S8014_CENTRAL_FB_inprocess,8014,1,0,N4,CENTRAL_FB,90.47619047619048,81.81818181818181
K8_R0.90_T1_H0_N4_S8014_CENTRAL_FOG_inprocess,8014,1,0,N4,CENTRAL_FOG,93.33333333333333,90.9090909090909
K8_R0.90_T1_H0_N4_S8014_CENTRAL_inprocess,8014,1,0,N4,CENTRAL,86.66666666666667,72.72727272727273
K8_R0.90_T1_H0_N4_S8014_EDGE_MARKET_inprocess,8014,1,0,N4,EDGE_MARKET,87.61904761904762,81.81818181818181
K8_R0.90_T1_H0_N4_S8014_HYBRID_EAGER_inprocess,8014,1,0,N4,HYBRID_EAGER,95.23809523809524,100.0
K8_R0.90_T1_H0_N4_S8014_HYBRID_inprocess,8014,1,0,N4,HYBRID,95.23809523809524,100.0
K8_R0.90_T1_H0_N4_S8014_PERIODIC_inprocess,8014,1,0,N4,PERIODIC,81.9047619047619,63.63636363636363
K8_R0.90_T1_H0_N4_S8014_STATIC_inprocess,8014,1,0,N4,STATIC,80.95238095238095,63.63636363636363
K8_R0.90_T1_H0_N4_S8015_CENTRAL_FB_inprocess,8015,1,0,N4,CENTRAL_FB,82.56880733944953,71.42857142857143
K8_R0.90_T1_H0_N4_S8015_CENTRAL_FOG_inprocess,8015,1,0,N4,CENTRAL_FOG,93.57798165137615,92.85714285714286
K8_R0.90_T1_H0_N4_S8015_CENTRAL_inprocess,8015,1,0,N4,CENTRAL,83.4862385321101,71.42857142857143
K8_R0.90_T1_H0_N4_S8015_EDGE_MARKET_inprocess,8015,1,0,N4,EDGE_MARKET,87.1559633027523,92.85714285714286
K8_R0.90_T1_H0_N4_S8015_HYBRID_EAGER_inprocess,8015,1,0,N4,HYBRID_EAGER,92.66055045871559,100.0
K8_R0.90_T1_H0_N4_S8015_HYBRID_inprocess,8015,1,0,N4,HYBRID,90.8256880733945,92.85714285714286
K8_R0.90_T1_H0_N4_S8015_PERIODIC_inprocess,8015,1,0,N4,PERIODIC,77.06422018348624,57.142857142857146
K8_R0.90_T1_H0_N4_S8015_STATIC_inprocess,8015,1,0,N4,STATIC,78.89908256880734,64.28571428571429
K8_R0.90_T1_H0_N4_S8016_CENTRAL_FB_inprocess,8016,1,0,N4,CENTRAL_FB,91.0,60.0
K8_R0.90_T1_H0_N4_S8016_CENTRAL_FOG_inprocess,8016,1,0,N4,CENTRAL_FOG,97.0,100.0
K8_R0.90_T1_H0_N4_S8016_CENTRAL_inprocess,8016,1,0,N4,CENTRAL,91.0,60.0
K8_R0.90_T1_H0_N4_S8016_EDGE_MARKET_inprocess,8016,1,0,N4,EDGE_MARKET,93.0,100.0
K8_R0.90_T1_H0_N4_S8016_HYBRID_EAGER_inprocess,8016,1,0,N4,HYBRID_EAGER,92.0,100.0
K8_R0.90_T1_H0_N4_S8016_HYBRID_inprocess,8016,1,0,N4,HYBRID,92.0,100.0
K8_R0.90_T1_H0_N4_S8016_PERIODIC_inprocess,8016,1,0,N4,PERIODIC,91.0,60.0
K8_R0.90_T1_H0_N4_S8016_STATIC_inprocess,8016,1,0,N4,STATIC,87.0,60.0
K8_R0.90_T1_H0_N4_S8017_CENTRAL_FB_inprocess,8017,1,0,N4,CENTRAL_FB,85.4368932038835,66.66666666666667
K8_R0.90_T1_H0_N4_S8017_CENTRAL_FOG_inprocess,8017,1,0,N4,CENTRAL_FOG,89.32038834951456,77.77777777777777
K8_R0.90_T1_H0_N4_S8017_CENTRAL_inprocess,8017,1,0,N4,CENTRAL,83.49514563106796,66.66666666666667
K8_R0.90_T1_H0_N4_S8017_EDGE_MARKET_inprocess,8017,1,0,N4,EDGE_MARKET,86.40776699029126,77.77777777777777
K8_R0.90_T1_H0_N4_S8017_HYBRID_EAGER_inprocess,8017,1,0,N4,HYBRID_EAGER,88.3495145631068,88.88888888888889
K8_R0.90_T1_H0_N4_S8017_HYBRID_inprocess,8017,1,0,N4,HYBRID,92.23300970873787,100.0
K8_R0.90_T1_H0_N4_S8017_PERIODIC_inprocess,8017,1,0,N4,PERIODIC,86.40776699029126,77.77777777777777
K8_R0.90_T1_H0_N4_S8017_STATIC_inprocess,8017,1,0,N4,STATIC,68.93203883495146,55.55555555555556
K8_R0.90_T1_H0_N4_S8018_CENTRAL_FB_inprocess,8018,1,0,N4,CENTRAL_FB,92.15686274509804,85.71428571428571
K8_R0.90_T1_H0_N4_S8018_CENTRAL_FOG_inprocess,8018,1,0,N4,CENTRAL_FOG,90.19607843137256,85.71428571428571
K8_R0.90_T1_H0_N4_S8018_CENTRAL_inprocess,8018,1,0,N4,CENTRAL,92.15686274509804,85.71428571428571
K8_R0.90_T1_H0_N4_S8018_EDGE_MARKET_inprocess,8018,1,0,N4,EDGE_MARKET,88.23529411764706,57.142857142857146
K8_R0.90_T1_H0_N4_S8018_HYBRID_EAGER_inprocess,8018,1,0,N4,HYBRID_EAGER,93.13725490196079,100.0
K8_R0.90_T1_H0_N4_S8018_HYBRID_inprocess,8018,1,0,N4,HYBRID,93.13725490196079,100.0
K8_R0.90_T1_H0_N4_S8018_PERIODIC_inprocess,8018,1,0,N4,PERIODIC,86.27450980392157,71.42857142857143
K8_R0.90_T1_H0_N4_S8018_STATIC_inprocess,8018,1,0,N4,STATIC,88.23529411764706,71.42857142857143
K8_R0.90_T1_H0_N4_S8019_CENTRAL_FB_inprocess,8019,1,0,N4,CENTRAL_FB,92.47311827956989,80.0
K8_R0.90_T1_H0_N4_S8019_CENTRAL_FOG_inprocess,8019,1,0,N4,CENTRAL_FOG,93.54838709677419,100.0
K8_R0.90_T1_H0_N4_S8019_CENTRAL_inprocess,8019,1,0,N4,CENTRAL,89.24731182795699,100.0
K8_R0.90_T1_H0_N4_S8019_EDGE_MARKET_inprocess,8019,1,0,N4,EDGE_MARKET,94.6236559139785,100.0
K8_R0.90_T1_H0_N4_S8019_HYBRID_EAGER_inprocess,8019,1,0,N4,HYBRID_EAGER,90.3225806451613,80.0
K8_R0.90_T1_H0_N4_S8019_HYBRID_inprocess,8019,1,0,N4,HYBRID,90.3225806451613,80.0
K8_R0.90_T1_H0_N4_S8019_PERIODIC_inprocess,8019,1,0,N4,PERIODIC,87.09677419354838,60.0
K8_R0.90_T1_H0_N4_S8019_STATIC_inprocess,8019,1,0,N4,STATIC,87.09677419354838,80.0
K8_R0.90_T1_H0_N4_S8020_CENTRAL_FB_inprocess,8020,1,0,N4,CENTRAL_FB,83.9622641509434,42.857142857142854
K8_R0.90_T1_H0_N4_S8020_CENTRAL_FOG_inprocess,8020,1,0,N4,CENTRAL_FOG,87.73584905660377,71.42857142857143
K8_R0.90_T1_H0_N4_S8020_CENTRAL_inprocess,8020,1,0,N4,CENTRAL,83.9622641509434,42.857142857142854
K8_R0.90_T1_H0_N4_S8020_EDGE_MARKET_inprocess,8020,1,0,N4,EDGE_MARKET,83.01886792452831,42.857142857142854
K8_R0.90_T1_H0_N4_S8020_HYBRID_EAGER_inprocess,8020,1,0,N4,HYBRID_EAGER,88.67924528301887,85.71428571428571
K8_R0.90_T1_H0_N4_S8020_HYBRID_inprocess,8020,1,0,N4,HYBRID,88.67924528301887,85.71428571428571
K8_R0.90_T1_H0_N4_S8020_PERIODIC_inprocess,8020,1,0,N4,PERIODIC,80.18867924528301,28.571428571428573
K8_R0.90_T1_H0_N4_S8020_STATIC_inprocess,8020,1,0,N4,STATIC,74.52830188679245,14.285714285714286
K8_R0.90_T1_H0_N4_S8021_CENTRAL_FB_inprocess,8021,1,0,N4,CENTRAL_FB,83.16831683168317,66.66666666666667
K8_R0.90_T1_H0_N4_S8021_CENTRAL_FOG_inprocess,8021,1,0,N4,CENTRAL_FOG,87.12871287128714,77.77777777777777
K8_R0.90_T1_H0_N4_S8021_CENTRAL_inprocess,8021,1,0,N4,CENTRAL,83.16831683168317,66.66666666666667
K8_R0.90_T1_H0_N4_S8021_EDGE_MARKET_inprocess,8021,1,0,N4,EDGE_MARKET,87.12871287128714,77.77777777777777
K8_R0.90_T1_H0_N4_S8021_HYBRID_EAGER_inprocess,8021,1,0,N4,HYBRID_EAGER,86.13861386138613,77.77777777777777
K8_R0.90_T1_H0_N4_S8021_HYBRID_inprocess,8021,1,0,N4,HYBRID,86.13861386138613,77.77777777777777
K8_R0.90_T1_H0_N4_S8021_PERIODIC_inprocess,8021,1,0,N4,PERIODIC,82.17821782178218,55.55555555555556
K8_R0.90_T1_H0_N4_S8021_STATIC_inprocess,8021,1,0,N4,STATIC,80.1980198019802,77.77777777777777
K8_R0.90_T1_H0_N4_S8022_CENTRAL_FB_inprocess,8022,1,0,N4,CENTRAL_FB,79.4392523364486,62.5
K8_R0.90_T1_H0_N4_S8022_CENTRAL_FOG_inprocess,8022,1,0,N4,CENTRAL_FOG,89.7196261682243,100.0
K8_R0.90_T1_H0_N4_S8022_CENTRAL_inprocess,8022,1,0,N4,CENTRAL,79.4392523364486,62.5
K8_R0.90_T1_H0_N4_S8022_EDGE_MARKET_inprocess,8022,1,0,N4,EDGE_MARKET,85.04672897196262,87.5
K8_R0.90_T1_H0_N4_S8022_HYBRID_EAGER_inprocess,8022,1,0,N4,HYBRID_EAGER,87.85046728971963,100.0
K8_R0.90_T1_H0_N4_S8022_HYBRID_inprocess,8022,1,0,N4,HYBRID,87.85046728971963,100.0
K8_R0.90_T1_H0_N4_S8022_PERIODIC_inprocess,8022,1,0,N4,PERIODIC,74.76635514018692,62.5
K8_R0.90_T1_H0_N4_S8022_STATIC_inprocess,8022,1,0,N4,STATIC,68.22429906542057,25.0
K8_R0.90_T1_H0_N4_S8023_CENTRAL_FB_inprocess,8023,1,0,N4,CENTRAL_FB,87.25490196078431,72.72727272727273
K8_R0.90_T1_H0_N4_S8023_CENTRAL_FOG_inprocess,8023,1,0,N4,CENTRAL_FOG,93.13725490196079,100.0
K8_R0.90_T1_H0_N4_S8023_CENTRAL_inprocess,8023,1,0,N4,CENTRAL,87.25490196078431,72.72727272727273
K8_R0.90_T1_H0_N4_S8023_EDGE_MARKET_inprocess,8023,1,0,N4,EDGE_MARKET,88.23529411764706,100.0
K8_R0.90_T1_H0_N4_S8023_HYBRID_EAGER_inprocess,8023,1,0,N4,HYBRID_EAGER,92.15686274509804,100.0
K8_R0.90_T1_H0_N4_S8023_HYBRID_inprocess,8023,1,0,N4,HYBRID,92.15686274509804,100.0
K8_R0.90_T1_H0_N4_S8023_PERIODIC_inprocess,8023,1,0,N4,PERIODIC,80.3921568627451,63.63636363636363
K8_R0.90_T1_H0_N4_S8023_STATIC_inprocess,8023,1,0,N4,STATIC,80.3921568627451,72.72727272727273
K8_R0.90_T1_H0_N4_S8024_CENTRAL_FB_inprocess,8024,1,0,N4,CENTRAL_FB,83.0,83.33333333333333
K8_R0.90_T1_H0_N4_S8024_CENTRAL_FOG_inprocess,8024,1,0,N4,CENTRAL_FOG,94.0,100.0
K8_R0.90_T1_H0_N4_S8024_CENTRAL_inprocess,8024,1,0,N4,CENTRAL,82.0,83.33333333333333
K8_R0.90_T1_H0_N4_S8024_EDGE_MARKET_inprocess,8024,1,0,N4,EDGE_MARKET,84.0,100.0
K8_R0.90_T1_H0_N4_S8024_HYBRID_EAGER_inprocess,8024,1,0,N4,HYBRID_EAGER,91.0,100.0
K8_R0.90_T1_H0_N4_S8024_HYBRID_inprocess,8024,1,0,N4,HYBRID,91.0,100.0
K8_R0.90_T1_H0_N4_S8024_PERIODIC_inprocess,8024,1,0,N4,PERIODIC,82.0,83.33333333333333
K8_R0.90_T1_H0_N4_S8024_STATIC_inprocess,8024,1,0,N4,STATIC,80.0,66.66666666666667
K8_R0.90_T1_H0_N4_S8025_CENTRAL_FB_inprocess,8025,1,0,N4,CENTRAL_FB,89.58333333333333,66.66666666666667
K8_R0.90_T1_H0_N4_S8025_CENTRAL_FOG_inprocess,8025,1,0,N4,CENTRAL_FOG,94.79166666666667,100.0
K8_R0.90_T1_H0_N4_S8025_CENTRAL_inprocess,8025,1,0,N4,CENTRAL,89.58333333333333,66.66666666666667
K8_R0.90_T1_H0_N4_S8025_EDGE_MARKET_inprocess,8025,1,0,N4,EDGE_MARKET,90.625,66.66666666666667
K8_R0.90_T1_H0_N4_S8025_HYBRID_EAGER_inprocess,8025,1,0,N4,HYBRID_EAGER,92.70833333333333,100.0
K8_R0.90_T1_H0_N4_S8025_HYBRID_inprocess,8025,1,0,N4,HYBRID,92.70833333333333,100.0
K8_R0.90_T1_H0_N4_S8025_PERIODIC_inprocess,8025,1,0,N4,PERIODIC,85.41666666666667,33.333333333333336
K8_R0.90_T1_H0_N4_S8025_STATIC_inprocess,8025,1,0,N4,STATIC,86.45833333333333,66.66666666666667
K8_R0.90_T1_H0_N4_S8026_CENTRAL_FB_inprocess,8026,1,0,N4,CENTRAL_FB,93.75,83.33333333333333
K8_R0.90_T1_H0_N4_S8026_CENTRAL_FOG_inprocess,8026,1,0,N4,CENTRAL_FOG,90.625,100.0
K8_R0.90_T1_H0_N4_S8026_CENTRAL_inprocess,8026,1,0,N4,CENTRAL,93.75,83.33333333333333
K8_R0.90_T1_H0_N4_S8026_EDGE_MARKET_inprocess,8026,1,0,N4,EDGE_MARKET,93.75,100.0
K8_R0.90_T1_H0_N4_S8026_HYBRID_EAGER_inprocess,8026,1,0,N4,HYBRID_EAGER,93.75,100.0
K8_R0.90_T1_H0_N4_S8026_HYBRID_inprocess,8026,1,0,N4,HYBRID,93.75,100.0
K8_R0.90_T1_H0_N4_S8026_PERIODIC_inprocess,8026,1,0,N4,PERIODIC,90.625,66.66666666666667
K8_R0.90_T1_H0_N4_S8026_STATIC_inprocess,8026,1,0,N4,STATIC,84.375,66.66666666666667
K8_R0.90_T1_H0_N4_S8027_CENTRAL_FB_inprocess,8027,1,0,N4,CENTRAL_FB,77.66990291262135,66.66666666666667
K8_R0.90_T1_H0_N4_S8027_CENTRAL_FOG_inprocess,8027,1,0,N4,CENTRAL_FOG,88.3495145631068,100.0
K8_R0.90_T1_H0_N4_S8027_CENTRAL_inprocess,8027,1,0,N4,CENTRAL,78.64077669902913,66.66666666666667
K8_R0.90_T1_H0_N4_S8027_EDGE_MARKET_inprocess,8027,1,0,N4,EDGE_MARKET,87.37864077669903,100.0
K8_R0.90_T1_H0_N4_S8027_HYBRID_EAGER_inprocess,8027,1,0,N4,HYBRID_EAGER,90.29126213592232,100.0
K8_R0.90_T1_H0_N4_S8027_HYBRID_inprocess,8027,1,0,N4,HYBRID,90.29126213592232,100.0
K8_R0.90_T1_H0_N4_S8027_PERIODIC_inprocess,8027,1,0,N4,PERIODIC,82.52427184466019,66.66666666666667
K8_R0.90_T1_H0_N4_S8027_STATIC_inprocess,8027,1,0,N4,STATIC,78.64077669902913,77.77777777777777
K8_R0.90_T1_H0_N4_S8028_CENTRAL_FB_inprocess,8028,1,0,N4,CENTRAL_FB,77.35849056603773,57.142857142857146
K8_R0.90_T1_H0_N4_S8028_CENTRAL_FOG_inprocess,8028,1,0,N4,CENTRAL_FOG,78.30188679245283,71.42857142857143
K8_R0.90_T1_H0_N4_S8028_CENTRAL_inprocess,8028,1,0,N4,CENTRAL,78.30188679245283,57.142857142857146
K8_R0.90_T1_H0_N4_S8028_EDGE_MARKET_inprocess,8028,1,0,N4,EDGE_MARKET,77.35849056603773,71.42857142857143
K8_R0.90_T1_H0_N4_S8028_HYBRID_EAGER_inprocess,8028,1,0,N4,HYBRID_EAGER,78.30188679245283,71.42857142857143
K8_R0.90_T1_H0_N4_S8028_HYBRID_inprocess,8028,1,0,N4,HYBRID,78.30188679245283,71.42857142857143
K8_R0.90_T1_H0_N4_S8028_PERIODIC_inprocess,8028,1,0,N4,PERIODIC,74.52830188679245,50.0
K8_R0.90_T1_H0_N4_S8028_STATIC_inprocess,8028,1,0,N4,STATIC,67.9245283018868,42.857142857142854
K8_R0.90_T1_H0_N4_S8029_CENTRAL_FB_inprocess,8029,1,0,N4,CENTRAL_FB,85.85858585858585,66.66666666666667
K8_R0.90_T1_H0_N4_S8029_CENTRAL_FOG_inprocess,8029,1,0,N4,CENTRAL_FOG,89.8989898989899,100.0
K8_R0.90_T1_H0_N4_S8029_CENTRAL_inprocess,8029,1,0,N4,CENTRAL,87.87878787878788,83.33333333333333
K8_R0.90_T1_H0_N4_S8029_EDGE_MARKET_inprocess,8029,1,0,N4,EDGE_MARKET,84.84848484848484,83.33333333333333
K8_R0.90_T1_H0_N4_S8029_HYBRID_EAGER_inprocess,8029,1,0,N4,HYBRID_EAGER,87.87878787878788,100.0
K8_R0.90_T1_H0_N4_S8029_HYBRID_inprocess,8029,1,0,N4,HYBRID,87.87878787878788,100.0
K8_R0.90_T1_H0_N4_S8029_PERIODIC_inprocess,8029,1,0,N4,PERIODIC,85.85858585858585,66.66666666666667
K8_R0.90_T1_H0_N4_S8029_STATIC_inprocess,8029,1,0,N4,STATIC,76.76767676767676,50.0
K8_R0.90_T1_H0_N4_S8030_CENTRAL_FB_inprocess,8030,1,0,N4,CENTRAL_FB,89.8989898989899,100.0
K8_R0.90_T1_H0_N4_S8030_CENTRAL_FOG_inprocess,8030,1,0,N4,CENTRAL_FOG,88.88888888888889,100.0
K8_R0.90_T1_H0_N4_S8030_CENTRAL_inprocess,8030,1,0,N4,CENTRAL,89.8989898989899,100.0
K8_R0.90_T1_H0_N4_S8030_EDGE_MARKET_inprocess,8030,1,0,N4,EDGE_MARKET,84.84848484848484,100.0
K8_R0.90_T1_H0_N4_S8030_HYBRID_EAGER_inprocess,8030,1,0,N4,HYBRID_EAGER,88.88888888888889,100.0
K8_R0.90_T1_H0_N4_S8030_HYBRID_inprocess,8030,1,0,N4,HYBRID,88.88888888888889,100.0
K8_R0.90_T1_H0_N4_S8030_PERIODIC_inprocess,8030,1,0,N4,PERIODIC,80.8080808080808,83.33333333333333
K8_R0.90_T1_H0_N4_S8030_STATIC_inprocess,8030,1,0,N4,STATIC,78.78787878787878,66.66666666666667
K8_R0.90_T1_H0_N4_S8031_CENTRAL_FB_inprocess,8031,1,0,N4,CENTRAL_FB,84.21052631578948,66.66666666666667
K8_R0.90_T1_H0_N4_S8031_CENTRAL_FOG_inprocess,8031,1,0,N4,CENTRAL_FOG,85.26315789473684,83.33333333333333
K8_R0.90_T1_H0_N4_S8031_CENTRAL_inprocess,8031,1,0,N4,CENTRAL,83.15789473684211,66.66666666666667
K8_R0.90_T1_H0_N4_S8031_EDGE_MARKET_inprocess,8031,1,0,N4,EDGE_MARKET,78.94736842105263,50.0
K8_R0.90_T1_H0_N4_S8031_HYBRID_EAGER_inprocess,8031,1,0,N4,HYBRID_EAGER,83.15789473684211,66.66666666666667
K8_R0.90_T1_H0_N4_S8031_HYBRID_inprocess,8031,1,0,N4,HYBRID,83.15789473684211,66.66666666666667
K8_R0.90_T1_H0_N4_S8031_PERIODIC_inprocess,8031,1,0,N4,PERIODIC,77.89473684210526,50.0
K8_R0.90_T1_H0_N4_S8031_STATIC_inprocess,8031,1,0,N4,STATIC,67.36842105263158,0.0
K8_R0.90_T1_H0_N4_S8032_CENTRAL_FB_inprocess,8032,1,0,N4,CENTRAL_FB,87.87878787878788,83.33333333333333
K8_R0.90_T1_H0_N4_S8032_CENTRAL_FOG_inprocess,8032,1,0,N4,CENTRAL_FOG,89.8989898989899,100.0
K8_R0.90_T1_H0_N4_S8032_CENTRAL_inprocess,8032,1,0,N4,CENTRAL,85.85858585858585,100.0
K8_R0.90_T1_H0_N4_S8032_EDGE_MARKET_inprocess,8032,1,0,N4,EDGE_MARKET,80.8080808080808,100.0
K8_R0.90_T1_H0_N4_S8032_HYBRID_EAGER_inprocess,8032,1,0,N4,HYBRID_EAGER,87.87878787878788,83.33333333333333
K8_R0.90_T1_H0_N4_S8032_HYBRID_inprocess,8032,1,0,N4,HYBRID,87.87878787878788,83.33333333333333
K8_R0.90_T1_H0_N4_S8032_PERIODIC_inprocess,8032,1,0,N4,PERIODIC,86.86868686868686,83.33333333333333
K8_R0.90_T1_H0_N4_S8032_STATIC_inprocess,8032,1,0,N4,STATIC,75.75757575757575,66.66666666666667
K8_R0.90_T1_H0_N4_S8033_CENTRAL_FB_inprocess,8033,1,0,N4,CENTRAL_FB,92.85714285714286,83.33333333333333
K8_R0.90_T1_H0_N4_S8033_CENTRAL_FOG_inprocess,8033,1,0,N4,CENTRAL_FOG,96.93877551020408,100.0
K8_R0.90_T1_H0_N4_S8033_CENTRAL_inprocess,8033,1,0,N4,CENTRAL,91.83673469387755,83.33333333333333
K8_R0.90_T1_H0_N4_S8033_EDGE_MARKET_inprocess,8033,1,0,N4,EDGE_MARKET,92.85714285714286,100.0
K8_R0.90_T1_H0_N4_S8033_HYBRID_EAGER_inprocess,8033,1,0,N4,HYBRID_EAGER,95.91836734693878,100.0
K8_R0.90_T1_H0_N4_S8033_HYBRID_inprocess,8033,1,0,N4,HYBRID,95.91836734693878,100.0
K8_R0.90_T1_H0_N4_S8033_PERIODIC_inprocess,8033,1,0,N4,PERIODIC,90.81632653061224,83.33333333333333
K8_R0.90_T1_H0_N4_S8033_STATIC_inprocess,8033,1,0,N4,STATIC,87.75510204081633,83.33333333333333
K8_R0.90_T1_H0_N4_S8034_CENTRAL_FB_inprocess,8034,1,0,N4,CENTRAL_FB,90.38461538461539,87.5
K8_R0.90_T1_H0_N4_S8034_CENTRAL_FOG_inprocess,8034,1,0,N4,CENTRAL_FOG,91.34615384615384,100.0
K8_R0.90_T1_H0_N4_S8034_CENTRAL_inprocess,8034,1,0,N4,CENTRAL,90.38461538461539,87.5
K8_R0.90_T1_H0_N4_S8034_EDGE_MARKET_inprocess,8034,1,0,N4,EDGE_MARKET,90.38461538461539,100.0
K8_R0.90_T1_H0_N4_S8034_HYBRID_EAGER_inprocess,8034,1,0,N4,HYBRID_EAGER,93.26923076923077,87.5
K8_R0.90_T1_H0_N4_S8034_HYBRID_inprocess,8034,1,0,N4,HYBRID,96.15384615384616,100.0
K8_R0.90_T1_H0_N4_S8034_PERIODIC_inprocess,8034,1,0,N4,PERIODIC,85.57692307692308,75.0
K8_R0.90_T1_H0_N4_S8034_STATIC_inprocess,8034,1,0,N4,STATIC,79.8076923076923,62.5
K8_R0.90_T1_H0_N4_S8035_CENTRAL_FB_inprocess,8035,1,0,N4,CENTRAL_FB,91.89189189189189,91.66666666666667
K8_R0.90_T1_H0_N4_S8035_CENTRAL_FOG_inprocess,8035,1,0,N4,CENTRAL_FOG,92.7927927927928,91.66666666666667
K8_R0.90_T1_H0_N4_S8035_CENTRAL_inprocess,8035,1,0,N4,CENTRAL,91.89189189189189,91.66666666666667
K8_R0.90_T1_H0_N4_S8035_EDGE_MARKET_inprocess,8035,1,0,N4,EDGE_MARKET,90.09009009009009,91.66666666666667
K8_R0.90_T1_H0_N4_S8035_HYBRID_EAGER_inprocess,8035,1,0,N4,HYBRID_EAGER,92.7927927927928,83.33333333333333
K8_R0.90_T1_H0_N4_S8035_HYBRID_inprocess,8035,1,0,N4,HYBRID,92.7927927927928,83.33333333333333
K8_R0.90_T1_H0_N4_S8035_PERIODIC_inprocess,8035,1,0,N4,PERIODIC,88.28828828828829,91.66666666666667
K8_R0.90_T1_H0_N4_S8035_STATIC_inprocess,8035,1,0,N4,STATIC,84.68468468468468,66.66666666666667
K8_R0.90_T1_H0_N4_S8036_CENTRAL_FB_inprocess,8036,1,0,N4,CENTRAL_FB,89.32038834951456,87.5
K8_R0.90_T1_H0_N4_S8036_CENTRAL_FOG_inprocess,8036,1,0,N4,CENTRAL_FOG,94.1747572815534,100.0
K8_R0.90_T1_H0_N4_S8036_CENTRAL_inprocess,8036,1,0,N4,CENTRAL,89.32038834951456,87.5
K8_R0.90_T1_H0_N4_S8036_EDGE_MARKET_inprocess,8036,1,0,N4,EDGE_MARKET,86.40776699029126,75.0
K8_R0.90_T1_H0_N4_S8036_HYBRID_EAGER_inprocess,8036,1,0,N4,HYBRID_EAGER,93.20388349514563,100.0
K8_R0.90_T1_H0_N4_S8036_HYBRID_inprocess,8036,1,0,N4,HYBRID,93.20388349514563,100.0
K8_R0.90_T1_H0_N4_S8036_PERIODIC_inprocess,8036,1,0,N4,PERIODIC,90.29126213592232,87.5
K8_R0.90_T1_H0_N4_S8036_STATIC_inprocess,8036,1,0,N4,STATIC,81.55339805825243,62.5
K8_R0.90_T1_H0_N4_S8037_CENTRAL_FB_inprocess,8037,1,0,N4,CENTRAL_FB,79.62962962962963,50.0
K8_R0.90_T1_H0_N4_S8037_CENTRAL_FOG_inprocess,8037,1,0,N4,CENTRAL_FOG,93.51851851851852,100.0
K8_R0.90_T1_H0_N4_S8037_CENTRAL_inprocess,8037,1,0,N4,CENTRAL,80.55555555555556,60.0
K8_R0.90_T1_H0_N4_S8037_EDGE_MARKET_inprocess,8037,1,0,N4,EDGE_MARKET,90.74074074074075,100.0
K8_R0.90_T1_H0_N4_S8037_HYBRID_EAGER_inprocess,8037,1,0,N4,HYBRID_EAGER,88.88888888888889,100.0
K8_R0.90_T1_H0_N4_S8037_HYBRID_inprocess,8037,1,0,N4,HYBRID,88.88888888888889,100.0
K8_R0.90_T1_H0_N4_S8037_PERIODIC_inprocess,8037,1,0,N4,PERIODIC,81.48148148148148,60.0
K8_R0.90_T1_H0_N4_S8037_STATIC_inprocess,8037,1,0,N4,STATIC,76.85185185185185,50.0
K8_R0.90_T1_H0_N4_S8038_CENTRAL_FB_inprocess,8038,1,0,N4,CENTRAL_FB,91.75257731958763,80.0
K8_R0.90_T1_H0_N4_S8038_CENTRAL_FOG_inprocess,8038,1,0,N4,CENTRAL_FOG,92.78350515463917,100.0
K8_R0.90_T1_H0_N4_S8038_CENTRAL_inprocess,8038,1,0,N4,CENTRAL,91.75257731958763,80.0
K8_R0.90_T1_H0_N4_S8038_EDGE_MARKET_inprocess,8038,1,0,N4,EDGE_MARKET,91.75257731958763,100.0
K8_R0.90_T1_H0_N4_S8038_HYBRID_EAGER_inprocess,8038,1,0,N4,HYBRID_EAGER,89.69072164948453,100.0
K8_R0.90_T1_H0_N4_S8038_HYBRID_inprocess,8038,1,0,N4,HYBRID,89.69072164948453,100.0
K8_R0.90_T1_H0_N4_S8038_PERIODIC_inprocess,8038,1,0,N4,PERIODIC,88.65979381443299,80.0
K8_R0.90_T1_H0_N4_S8038_STATIC_inprocess,8038,1,0,N4,STATIC,84.5360824742268,60.0
K8_R0.90_T1_H0_N4_S8039_CENTRAL_FB_inprocess,8039,1,0,N4,CENTRAL_FB,93.06930693069307,100.0
K8_R0.90_T1_H0_N4_S8039_CENTRAL_FOG_inprocess,8039,1,0,N4,CENTRAL_FOG,94.05940594059406,100.0
K8_R0.90_T1_H0_N4_S8039_CENTRAL_inprocess,8039,1,0,N4,CENTRAL,94.05940594059406,100.0
K8_R0.90_T1_H0_N4_S8039_EDGE_MARKET_inprocess,8039,1,0,N4,EDGE_MARKET,88.11881188118812,83.33333333333333
K8_R0.90_T1_H0_N4_S8039_HYBRID_EAGER_inprocess,8039,1,0,N4,HYBRID_EAGER,94.05940594059406,100.0
K8_R0.90_T1_H0_N4_S8039_HYBRID_inprocess,8039,1,0,N4,HYBRID,94.05940594059406,100.0
K8_R0.90_T1_H0_N4_S8039_PERIODIC_inprocess,8039,1,0,N4,PERIODIC,90.0990099009901,83.33333333333333
K8_R0.90_T1_H0_N4_S8039_STATIC_inprocess,8039,1,0,N4,STATIC,78.21782178217822,50.0
K8_R0.90_T1_H0_N4_S8040_CENTRAL_FB_inprocess,8040,1,0,N4,CENTRAL_FB,81.63265306122449,57.142857142857146
K8_R0.90_T1_H0_N4_S8040_CENTRAL_FOG_inprocess,8040,1,0,N4,CENTRAL_FOG,93.87755102040816,100.0
K8_R0.90_T1_H0_N4_S8040_CENTRAL_inprocess,8040,1,0,N4,CENTRAL,83.6734693877551,57.142857142857146
K8_R0.90_T1_H0_N4_S8040_EDGE_MARKET_inprocess,8040,1,0,N4,EDGE_MARKET,86.73469387755102,100.0
K8_R0.90_T1_H0_N4_S8040_HYBRID_EAGER_inprocess,8040,1,0,N4,HYBRID_EAGER,89.79591836734694,100.0
K8_R0.90_T1_H0_N4_S8040_HYBRID_inprocess,8040,1,0,N4,HYBRID,89.79591836734694,100.0
K8_R0.90_T1_H0_N4_S8040_PERIODIC_inprocess,8040,1,0,N4,PERIODIC,75.51020408163265,28.571428571428573
K8_R0.90_T1_H0_N4_S8040_STATIC_inprocess,8040,1,0,N4,STATIC,78.57142857142857,57.142857142857146
K8_R0.90_T1_H1_N0_S8001_CENTRAL_FB_inprocess,8001,1,1,N0,CENTRAL_FB,89.0909090909091,100.0
K8_R0.90_T1_H1_N0_S8001_CENTRAL_FOG_inprocess,8001,1,1,N0,CENTRAL_FOG,89.0909090909091,100.0
K8_R0.90_T1_H1_N0_S8001_CENTRAL_inprocess,8001,1,1,N0,CENTRAL,89.0909090909091,100.0
K8_R0.90_T1_H1_N0_S8001_EDGE_MARKET_inprocess,8001,1,1,N0,EDGE_MARKET,76.36363636363636,83.33333333333333
K8_R0.90_T1_H1_N0_S8001_HYBRID_EAGER_inprocess,8001,1,1,N0,HYBRID_EAGER,89.0909090909091,100.0
K8_R0.90_T1_H1_N0_S8001_HYBRID_inprocess,8001,1,1,N0,HYBRID,89.0909090909091,100.0
K8_R0.90_T1_H1_N0_S8001_PERIODIC_inprocess,8001,1,1,N0,PERIODIC,85.45454545454545,100.0
K8_R0.90_T1_H1_N0_S8001_STATIC_inprocess,8001,1,1,N0,STATIC,77.27272727272727,66.66666666666667
K8_R0.90_T1_H1_N0_S8002_CENTRAL_FB_inprocess,8002,1,1,N0,CENTRAL_FB,88.54166666666667,83.33333333333333
K8_R0.90_T1_H1_N0_S8002_CENTRAL_FOG_inprocess,8002,1,1,N0,CENTRAL_FOG,88.54166666666667,83.33333333333333
K8_R0.90_T1_H1_N0_S8002_CENTRAL_inprocess,8002,1,1,N0,CENTRAL,88.54166666666667,83.33333333333333
K8_R0.90_T1_H1_N0_S8002_EDGE_MARKET_inprocess,8002,1,1,N0,EDGE_MARKET,87.5,100.0
K8_R0.90_T1_H1_N0_S8002_HYBRID_EAGER_inprocess,8002,1,1,N0,HYBRID_EAGER,88.54166666666667,83.33333333333333
K8_R0.90_T1_H1_N0_S8002_HYBRID_inprocess,8002,1,1,N0,HYBRID,88.54166666666667,83.33333333333333
K8_R0.90_T1_H1_N0_S8002_PERIODIC_inprocess,8002,1,1,N0,PERIODIC,86.45833333333333,100.0
K8_R0.90_T1_H1_N0_S8002_STATIC_inprocess,8002,1,1,N0,STATIC,84.375,83.33333333333333
K8_R0.90_T1_H1_N0_S8003_CENTRAL_FB_inprocess,8003,1,1,N0,CENTRAL_FB,84.90566037735849,81.81818181818181
K8_R0.90_T1_H1_N0_S8003_CENTRAL_FOG_inprocess,8003,1,1,N0,CENTRAL_FOG,84.90566037735849,81.81818181818181
K8_R0.90_T1_H1_N0_S8003_CENTRAL_inprocess,8003,1,1,N0,CENTRAL,84.90566037735849,81.81818181818181
K8_R0.90_T1_H1_N0_S8003_EDGE_MARKET_inprocess,8003,1,1,N0,EDGE_MARKET,82.0754716981132,72.72727272727273
K8_R0.90_T1_H1_N0_S8003_HYBRID_EAGER_inprocess,8003,1,1,N0,HYBRID_EAGER,81.13207547169812,72.72727272727273
K8_R0.90_T1_H1_N0_S8003_HYBRID_inprocess,8003,1,1,N0,HYBRID,84.90566037735849,81.81818181818181
K8_R0.90_T1_H1_N0_S8003_PERIODIC_inprocess,8003,1,1,N0,PERIODIC,88.67924528301887,81.81818181818181
K8_R0.90_T1_H1_N0_S8003_STATIC_inprocess,8003,1,1,N0,STATIC,79.24528301886792,45.45454545454545
K8_R0.90_T1_H1_N0_S8004_CENTRAL_FB_inprocess,8004,1,1,N0,CENTRAL_FB,92.55319148936171,50.0
K8_R0.90_T1_H1_N0_S8004_CENTRAL_FOG_inprocess,8004,1,1,N0,CENTRAL_FOG,92.55319148936171,50.0
K8_R0.90_T1_H1_N0_S8004_CENTRAL_inprocess,8004,1,1,N0,CENTRAL,92.55319148936171,50.0
K8_R0.90_T1_H1_N0_S8004_EDGE_MARKET_inprocess,8004,1,1,N0,EDGE_MARKET,90.42553191489361,50.0
K8_R0.90_T1_H1_N0_S8004_HYBRID_EAGER_inprocess,8004,1,1,N0,HYBRID_EAGER,92.55319148936171,50.0
K8_R0.90_T1_H1_N0_S8004_HYBRID_inprocess,8004,1,1,N0,HYBRID,92.55319148936171,50.0
K8_R0.90_T1_H1_N0_S8004_PERIODIC_inprocess,8004,1,1,N0,PERIODIC,94.68085106382979,50.0
K8_R0.90_T1_H1_N0_S8004_STATIC_inprocess,8004,1,1,N0,STATIC,86.17021276595744,50.0
K8_R0.90_T1_H1_N0_S8005_CENTRAL_FB_inprocess,8005,1,1,N0,CENTRAL_FB,93.6842105263158,100.0
K8_R0.90_T1_H1_N0_S8005_CENTRAL_FOG_inprocess,8005,1,1,N0,CENTRAL_FOG,93.6842105263158,100.0
K8_R0.90_T1_H1_N0_S8005_CENTRAL_inprocess,8005,1,1,N0,CENTRAL,93.6842105263158,100.0
K8_R0.90_T1_H1_N0_S8005_EDGE_MARKET_inprocess,8005,1,1,N0,EDGE_MARKET,88.42105263157895,66.66666666666667
K8_R0.90_T1_H1_N0_S8005_HYBRID_EAGER_inprocess,8005,1,1,N0,HYBRID_EAGER,93.6842105263158,100.0
K8_R0.90_T1_H1_N0_S8005_HYBRID_inprocess,8005,1,1,N0,HYBRID,93.6842105263158,100.0
K8_R0.90_T1_H1_N0_S8005_PERIODIC_inprocess,8005,1,1,N0,PERIODIC,90.52631578947368,66.66666666666667
K8_R0.90_T1_H1_N0_S8005_STATIC_inprocess,8005,1,1,N0,STATIC,87.36842105263158,33.333333333333336
K8_R0.90_T1_H1_N0_S8006_CENTRAL_FB_inprocess,8006,1,1,N0,CENTRAL_FB,82.65306122448979,62.5
K8_R0.90_T1_H1_N0_S8006_CENTRAL_FOG_inprocess,8006,1,1,N0,CENTRAL_FOG,82.65306122448979,62.5
K8_R0.90_T1_H1_N0_S8006_CENTRAL_inprocess,8006,1,1,N0,CENTRAL,82.65306122448979,62.5
K8_R0.90_T1_H1_N0_S8006_EDGE_MARKET_inprocess,8006,1,1,N0,EDGE_MARKET,82.65306122448979,87.5
K8_R0.90_T1_H1_N0_S8006_HYBRID_EAGER_inprocess,8006,1,1,N0,HYBRID_EAGER,82.65306122448979,62.5
K8_R0.90_T1_H1_N0_S8006_HYBRID_inprocess,8006,1,1,N0,HYBRID,82.65306122448979,62.5
K8_R0.90_T1_H1_N0_S8006_PERIODIC_inprocess,8006,1,1,N0,PERIODIC,89.79591836734694,87.5
K8_R0.90_T1_H1_N0_S8006_STATIC_inprocess,8006,1,1,N0,STATIC,76.53061224489795,37.5
K8_R0.90_T1_H1_N0_S8007_CENTRAL_FB_inprocess,8007,1,1,N0,CENTRAL_FB,92.07920792079207,100.0
K8_R0.90_T1_H1_N0_S8007_CENTRAL_FOG_inprocess,8007,1,1,N0,CENTRAL_FOG,92.07920792079207,100.0
K8_R0.90_T1_H1_N0_S8007_CENTRAL_inprocess,8007,1,1,N0,CENTRAL,92.07920792079207,100.0
K8_R0.90_T1_H1_N0_S8007_EDGE_MARKET_inprocess,8007,1,1,N0,EDGE_MARKET,85.14851485148515,88.88888888888889
K8_R0.90_T1_H1_N0_S8007_HYBRID_EAGER_inprocess,8007,1,1,N0,HYBRID_EAGER,91.08910891089108,100.0
K8_R0.90_T1_H1_N0_S8007_HYBRID_inprocess,8007,1,1,N0,HYBRID,92.07920792079207,100.0
K8_R0.90_T1_H1_N0_S8007_PERIODIC_inprocess,8007,1,1,N0,PERIODIC,91.08910891089108,88.88888888888889
K8_R0.90_T1_H1_N0_S8007_STATIC_inprocess,8007,1,1,N0,STATIC,75.24752475247524,55.55555555555556
K8_R0.90_T1_H1_N0_S8008_CENTRAL_FB_inprocess,8008,1,1,N0,CENTRAL_FB,88.54166666666667,100.0
K8_R0.90_T1_H1_N0_S8008_CENTRAL_FOG_inprocess,8008,1,1,N0,CENTRAL_FOG,88.54166666666667,100.0
K8_R0.90_T1_H1_N0_S8008_CENTRAL_inprocess,8008,1,1,N0,CENTRAL,88.54166666666667,100.0
K8_R0.90_T1_H1_N0_S8008_EDGE_MARKET_inprocess,8008,1,1,N0,EDGE_MARKET,81.25,60.0
K8_R0.90_T1_H1_N0_S8008_HYBRID_EAGER_inprocess,8008,1,1,N0,HYBRID_EAGER,88.54166666666667,100.0
K8_R0.90_T1_H1_N0_S8008_HYBRID_inprocess,8008,1,1,N0,HYBRID,88.54166666666667,100.0
K8_R0.90_T1_H1_N0_S8008_PERIODIC_inprocess,8008,1,1,N0,PERIODIC,87.5,100.0
K8_R0.90_T1_H1_N0_S8008_STATIC_inprocess,8008,1,1,N0,STATIC,80.20833333333333,60.0
K8_R0.90_T1_H1_N0_S8009_CENTRAL_FB_inprocess,8009,1,1,N0,CENTRAL_FB,84.61538461538461,75.0
K8_R0.90_T1_H1_N0_S8009_CENTRAL_FOG_inprocess,8009,1,1,N0,CENTRAL_FOG,84.61538461538461,75.0
K8_R0.90_T1_H1_N0_S8009_CENTRAL_inprocess,8009,1,1,N0,CENTRAL,84.61538461538461,75.0
K8_R0.90_T1_H1_N0_S8009_EDGE_MARKET_inprocess,8009,1,1,N0,EDGE_MARKET,85.71428571428571,75.0
K8_R0.90_T1_H1_N0_S8009_HYBRID_EAGER_inprocess,8009,1,1,N0,HYBRID_EAGER,84.61538461538461,75.0
K8_R0.90_T1_H1_N0_S8009_HYBRID_inprocess,8009,1,1,N0,HYBRID,84.61538461538461,75.0
K8_R0.90_T1_H1_N0_S8009_PERIODIC_inprocess,8009,1,1,N0,PERIODIC,87.91208791208791,75.0
K8_R0.90_T1_H1_N0_S8009_STATIC_inprocess,8009,1,1,N0,STATIC,80.21978021978022,50.0
K8_R0.90_T1_H1_N0_S8010_CENTRAL_FB_inprocess,8010,1,1,N0,CENTRAL_FB,87.09677419354838,100.0
K8_R0.90_T1_H1_N0_S8010_CENTRAL_FOG_inprocess,8010,1,1,N0,CENTRAL_FOG,87.09677419354838,100.0
K8_R0.90_T1_H1_N0_S8010_CENTRAL_inprocess,8010,1,1,N0,CENTRAL,87.09677419354838,100.0
K8_R0.90_T1_H1_N0_S8010_EDGE_MARKET_inprocess,8010,1,1,N0,EDGE_MARKET,89.24731182795699,100.0
K8_R0.90_T1_H1_N0_S8010_HYBRID_EAGER_inprocess,8010,1,1,N0,HYBRID_EAGER,87.09677419354838,100.0
K8_R0.90_T1_H1_N0_S8010_HYBRID_inprocess,8010,1,1,N0,HYBRID,87.09677419354838,100.0
K8_R0.90_T1_H1_N0_S8010_PERIODIC_inprocess,8010,1,1,N0,PERIODIC,84.94623655913979,100.0
K8_R0.90_T1_H1_N0_S8010_STATIC_inprocess,8010,1,1,N0,STATIC,78.49462365591398,25.0
K8_R0.90_T1_H1_N0_S8011_CENTRAL_FB_inprocess,8011,1,1,N0,CENTRAL_FB,77.14285714285714,100.0
K8_R0.90_T1_H1_N0_S8011_CENTRAL_FOG_inprocess,8011,1,1,N0,CENTRAL_FOG,77.14285714285714,100.0
K8_R0.90_T1_H1_N0_S8011_CENTRAL_inprocess,8011,1,1,N0,CENTRAL,77.14285714285714,100.0
K8_R0.90_T1_H1_N0_S8011_EDGE_MARKET_inprocess,8011,1,1,N0,EDGE_MARKET,79.04761904761905,85.71428571428571
K8_R0.90_T1_H1_N0_S8011_HYBRID_EAGER_inprocess,8011,1,1,N0,HYBRID_EAGER,79.04761904761905,100.0
K8_R0.90_T1_H1_N0_S8011_HYBRID_inprocess,8011,1,1,N0,HYBRID,77.14285714285714,100.0
K8_R0.90_T1_H1_N0_S8011_PERIODIC_inprocess,8011,1,1,N0,PERIODIC,82.85714285714286,100.0
K8_R0.90_T1_H1_N0_S8011_STATIC_inprocess,8011,1,1,N0,STATIC,73.33333333333333,42.857142857142854
K8_R0.90_T1_H1_N0_S8012_CENTRAL_FB_inprocess,8012,1,1,N0,CENTRAL_FB,76.57657657657657,90.9090909090909
K8_R0.90_T1_H1_N0_S8012_CENTRAL_FOG_inprocess,8012,1,1,N0,CENTRAL_FOG,76.57657657657657,90.9090909090909
K8_R0.90_T1_H1_N0_S8012_CENTRAL_inprocess,8012,1,1,N0,CENTRAL,76.57657657657657,90.9090909090909
K8_R0.90_T1_H1_N0_S8012_EDGE_MARKET_inprocess,8012,1,1,N0,EDGE_MARKET,75.67567567567568,81.81818181818181
K8_R0.90_T1_H1_N0_S8012_HYBRID_EAGER_inprocess,8012,1,1,N0,HYBRID_EAGER,77.47747747747748,90.9090909090909
K8_R0.90_T1_H1_N0_S8012_HYBRID_inprocess,8012,1,1,N0,HYBRID,76.57657657657657,90.9090909090909
K8_R0.90_T1_H1_N0_S8012_PERIODIC_inprocess,8012,1,1,N0,PERIODIC,76.57657657657657,81.81818181818181
K8_R0.90_T1_H1_N0_S8012_STATIC_inprocess,8012,1,1,N0,STATIC,71.17117117117117,63.63636363636363
K8_R0.90_T1_H1_N0_S8013_CENTRAL_FB_inprocess,8013,1,1,N0,CENTRAL_FB,83.49514563106796,88.88888888888889
K8_R0.90_T1_H1_N0_S8013_CENTRAL_FOG_inprocess,8013,1,1,N0,CENTRAL_FOG,83.49514563106796,88.88888888888889
K8_R0.90_T1_H1_N0_S8013_CENTRAL_inprocess,8013,1,1,N0,CENTRAL,83.49514563106796,88.88888888888889
K8_R0.90_T1_H1_N0_S8013_EDGE_MARKET_inprocess,8013,1,1,N0,EDGE_MARKET,82.52427184466019,100.0
K8_R0.90_T1_H1_N0_S8013_HYBRID_EAGER_inprocess,8013,1,1,N0,HYBRID_EAGER,86.40776699029126,100.0
K8_R0.90_T1_H1_N0_S8013_HYBRID_inprocess,8013,1,1,N0,HYBRID,83.49514563106796,88.88888888888889
K8_R0.90_T1_H1_N0_S8013_PERIODIC_inprocess,8013,1,1,N0,PERIODIC,73.7864077669903,66.66666666666667
K8_R0.90_T1_H1_N0_S8013_STATIC_inprocess,8013,1,1,N0,STATIC,69.90291262135922,33.333333333333336
K8_R0.90_T1_H1_N0_S8014_CENTRAL_FB_inprocess,8014,1,1,N0,CENTRAL_FB,86.66666666666667,72.72727272727273
K8_R0.90_T1_H1_N0_S8014_CENTRAL_FOG_inprocess,8014,1,1,N0,CENTRAL_FOG,86.66666666666667,72.72727272727273
K8_R0.90_T1_H1_N0_S8014_CENTRAL_inprocess,8014,1,1,N0,CENTRAL,86.66666666666667,72.72727272727273
K8_R0.90_T1_H1_N0_S8014_EDGE_MARKET_inprocess,8014,1,1,N0,EDGE_MARKET,88.57142857142857,100.0
K8_R0.90_T1_H1_N0_S8014_HYBRID_EAGER_inprocess,8014,1,1,N0,HYBRID_EAGER,86.66666666666667,72.72727272727273
K8_R0.90_T1_H1_N0_S8014_HYBRID_inprocess,8014,1,1,N0,HYBRID,86.66666666666667,72.72727272727273
K8_R0.90_T1_H1_N0_S8014_PERIODIC_inprocess,8014,1,1,N0,PERIODIC,89.52380952380952,90.9090909090909
K8_R0.90_T1_H1_N0_S8014_STATIC_inprocess,8014,1,1,N0,STATIC,85.71428571428571,81.81818181818181
K8_R0.90_T1_H1_N0_S8015_CENTRAL_FB_inprocess,8015,1,1,N0,CENTRAL_FB,86.23853211009174,92.85714285714286
K8_R0.90_T1_H1_N0_S8015_CENTRAL_FOG_inprocess,8015,1,1,N0,CENTRAL_FOG,86.23853211009174,92.85714285714286
K8_R0.90_T1_H1_N0_S8015_CENTRAL_inprocess,8015,1,1,N0,CENTRAL,86.23853211009174,92.85714285714286
K8_R0.90_T1_H1_N0_S8015_EDGE_MARKET_inprocess,8015,1,1,N0,EDGE_MARKET,81.65137614678899,71.42857142857143
K8_R0.90_T1_H1_N0_S8015_HYBRID_EAGER_inprocess,8015,1,1,N0,HYBRID_EAGER,87.1559633027523,92.85714285714286
K8_R0.90_T1_H1_N0_S8015_HYBRID_inprocess,8015,1,1,N0,HYBRID,86.23853211009174,92.85714285714286
K8_R0.90_T1_H1_N0_S8015_PERIODIC_inprocess,8015,1,1,N0,PERIODIC,85.3211009174312,92.85714285714286
K8_R0.90_T1_H1_N0_S8015_STATIC_inprocess,8015,1,1,N0,STATIC,72.4770642201835,42.857142857142854
K8_R0.90_T1_H1_N0_S8016_CENTRAL_FB_inprocess,8016,1,1,N0,CENTRAL_FB,87.0,80.0
K8_R0.90_T1_H1_N0_S8016_CENTRAL_FOG_inprocess,8016,1,1,N0,CENTRAL_FOG,87.0,80.0
K8_R0.90_T1_H1_N0_S8016_CENTRAL_inprocess,8016,1,1,N0,CENTRAL,87.0,80.0
K8_R0.90_T1_H1_N0_S8016_EDGE_MARKET_inprocess,8016,1,1,N0,EDGE_MARKET,88.0,100.0
K8_R0.90_T1_H1_N0_S8016_HYBRID_EAGER_inprocess,8016,1,1,N0,HYBRID_EAGER,87.0,100.0
K8_R0.90_T1_H1_N0_S8016_HYBRID_inprocess,8016,1,1,N0,HYBRID,87.0,80.0
K8_R0.90_T1_H1_N0_S8016_PERIODIC_inprocess,8016,1,1,N0,PERIODIC,90.0,100.0
K8_R0.90_T1_H1_N0_S8016_STATIC_inprocess,8016,1,1,N0,STATIC,87.0,100.0
K8_R0.90_T1_H1_N0_S8017_CENTRAL_FB_inprocess,8017,1,1,N0,CENTRAL_FB,90.29126213592232,100.0
K8_R0.90_T1_H1_N0_S8017_CENTRAL_FOG_inprocess,8017,1,1,N0,CENTRAL_FOG,90.29126213592232,100.0
K8_R0.90_T1_H1_N0_S8017_CENTRAL_inprocess,8017,1,1,N0,CENTRAL,90.29126213592232,100.0
K8_R0.90_T1_H1_N0_S8017_EDGE_MARKET_inprocess,8017,1,1,N0,EDGE_MARKET,81.55339805825243,88.88888888888889
K8_R0.90_T1_H1_N0_S8017_HYBRID_EAGER_inprocess,8017,1,1,N0,HYBRID_EAGER,90.29126213592232,100.0
K8_R0.90_T1_H1_N0_S8017_HYBRID_inprocess,8017,1,1,N0,HYBRID,90.29126213592232,100.0
K8_R0.90_T1_H1_N0_S8017_PERIODIC_inprocess,8017,1,1,N0,PERIODIC,87.37864077669903,88.88888888888889
K8_R0.90_T1_H1_N0_S8017_STATIC_inprocess,8017,1,1,N0,STATIC,77.66990291262135,88.88888888888889
K8_R0.90_T1_H1_N0_S8018_CENTRAL_FB_inprocess,8018,1,1,N0,CENTRAL_FB,90.19607843137256,100.0
K8_R0.90_T1_H1_N0_S8018_CENTRAL_FOG_inprocess,8018,1,1,N0,CENTRAL_FOG,90.19607843137256,100.0
K8_R0.90_T1_H1_N0_S8018_CENTRAL_inprocess,8018,1,1,N0,CENTRAL,90.19607843137256,100.0
K8_R0.90_T1_H1_N0_S8018_EDGE_MARKET_inprocess,8018,1,1,N0,EDGE_MARKET,91.17647058823529,100.0
K8_R0.90_T1_H1_N0_S8018_HYBRID_EAGER_inprocess,8018,1,1,N0,HYBRID_EAGER,90.19607843137256,100.0
K8_R0.90_T1_H1_N0_S8018_HYBRID_inprocess,8018,1,1,N0,HYBRID,90.19607843137256,100.0
K8_R0.90_T1_H1_N0_S8018_PERIODIC_inprocess,8018,1,1,N0,PERIODIC,86.27450980392157,100.0
K8_R0.90_T1_H1_N0_S8018_STATIC_inprocess,8018,1,1,N0,STATIC,75.49019607843137,42.857142857142854
K8_R0.90_T1_H1_N0_S8019_CENTRAL_FB_inprocess,8019,1,1,N0,CENTRAL_FB,90.3225806451613,100.0
K8_R0.90_T1_H1_N0_S8019_CENTRAL_FOG_inprocess,8019,1,1,N0,CENTRAL_FOG,90.3225806451613,100.0
K8_R0.90_T1_H1_N0_S8019_CENTRAL_inprocess,8019,1,1,N0,CENTRAL,90.3225806451613,100.0
K8_R0.90_T1_H1_N0_S8019_EDGE_MARKET_inprocess,8019,1,1,N0,EDGE_MARKET,82.79569892473118,60.0
K8_R0.90_T1_H1_N0_S8019_HYBRID_EAGER_inprocess,8019,1,1,N0,HYBRID_EAGER,90.3225806451613,100.0
K8_R0.90_T1_H1_N0_S8019_HYBRID_inprocess,8019,1,1,N0,HYBRID,90.3225806451613,100.0
K8_R0.90_T1_H1_N0_S8019_PERIODIC_inprocess,8019,1,1,N0,PERIODIC,88.17204301075269,100.0
K8_R0.90_T1_H1_N0_S8019_STATIC_inprocess,8019,1,1,N0,STATIC,78.49462365591398,60.0
K8_R0.90_T1_H1_N0_S8020_CENTRAL_FB_inprocess,8020,1,1,N0,CENTRAL_FB,86.79245283018868,85.71428571428571
K8_R0.90_T1_H1_N0_S8020_CENTRAL_FOG_inprocess,8020,1,1,N0,CENTRAL_FOG,86.79245283018868,85.71428571428571
K8_R0.90_T1_H1_N0_S8020_CENTRAL_inprocess,8020,1,1,N0,CENTRAL,86.79245283018868,85.71428571428571
K8_R0.90_T1_H1_N0_S8020_EDGE_MARKET_inprocess,8020,1,1,N0,EDGE_MARKET,81.13207547169812,85.71428571428571
K8_R0.90_T1_H1_N0_S8020_HYBRID_EAGER_inprocess,8020,1,1,N0,HYBRID_EAGER,86.79245283018868,85.71428571428571
K8_R0.90_T1_H1_N0_S8020_HYBRID_inprocess,8020,1,1,N0,HYBRID,86.79245283018868,85.71428571428571
K8_R0.90_T1_H1_N0_S8020_PERIODIC_inprocess,8020,1,1,N0,PERIODIC,83.01886792452831,85.71428571428571
K8_R0.90_T1_H1_N0_S8020_STATIC_inprocess,8020,1,1,N0,STATIC,78.30188679245283,42.857142857142854
K8_R0.90_T1_H1_N0_S8021_CENTRAL_FB_inprocess,8021,1,1,N0,CENTRAL_FB,84.15841584158416,88.88888888888889
K8_R0.90_T1_H1_N0_S8021_CENTRAL_FOG_inprocess,8021,1,1,N0,CENTRAL_FOG,84.15841584158416,88.88888888888889
K8_R0.90_T1_H1_N0_S8021_CENTRAL_inprocess,8021,1,1,N0,CENTRAL,84.15841584158416,88.88888888888889
K8_R0.90_T1_H1_N0_S8021_EDGE_MARKET_inprocess,8021,1,1,N0,EDGE_MARKET,87.12871287128714,88.88888888888889
K8_R0.90_T1_H1_N0_S8021_HYBRID_EAGER_inprocess,8021,1,1,N0,HYBRID_EAGER,84.15841584158416,88.88888888888889
K8_R0.90_T1_H1_N0_S8021_HYBRID_inprocess,8021,1,1,N0,HYBRID,84.15841584158416,88.88888888888889
K8_R0.90_T1_H1_N0_S8021_PERIODIC_inprocess,8021,1,1,N0,PERIODIC,81.18811881188118,77.77777777777777
K8_R0.90_T1_H1_N0_S8021_STATIC_inprocess,8021,1,1,N0,STATIC,75.24752475247524,55.55555555555556
K8_R0.90_T1_H1_N0_S8022_CENTRAL_FB_inprocess,8022,1,1,N0,CENTRAL_FB,76.6355140186916,100.0
K8_R0.90_T1_H1_N0_S8022_CENTRAL_FOG_inprocess,8022,1,1,N0,CENTRAL_FOG,76.6355140186916,100.0
K8_R0.90_T1_H1_N0_S8022_CENTRAL_inprocess,8022,1,1,N0,CENTRAL,76.6355140186916,100.0
K8_R0.90_T1_H1_N0_S8022_EDGE_MARKET_inprocess,8022,1,1,N0,EDGE_MARKET,72.89719626168224,87.5
K8_R0.90_T1_H1_N0_S8022_HYBRID_EAGER_inprocess,8022,1,1,N0,HYBRID_EAGER,76.6355140186916,100.0
K8_R0.90_T1_H1_N0_S8022_HYBRID_inprocess,8022,1,1,N0,HYBRID,76.6355140186916,100.0
K8_R0.90_T1_H1_N0_S8022_PERIODIC_inprocess,8022,1,1,N0,PERIODIC,74.76635514018692,87.5
K8_R0.90_T1_H1_N0_S8022_STATIC_inprocess,8022,1,1,N0,STATIC,65.42056074766356,25.0
K8_R0.90_T1_H1_N0_S8023_CENTRAL_FB_inprocess,8023,1,1,N0,CENTRAL_FB,82.3529411764706,81.81818181818181
K8_R0.90_T1_H1_N0_S8023_CENTRAL_FOG_inprocess,8023,1,1,N0,CENTRAL_FOG,82.3529411764706,81.81818181818181
K8_R0.90_T1_H1_N0_S8023_CENTRAL_inprocess,8023,1,1,N0,CENTRAL,82.3529411764706,81.81818181818181
K8_R0.90_T1_H1_N0_S8023_EDGE_MARKET_inprocess,8023,1,1,N0,EDGE_MARKET,84.31372549019608,90.9090909090909
K8_R0.90_T1_H1_N0_S8023_HYBRID_EAGER_inprocess,8023,1,1,N0,HYBRID_EAGER,83.33333333333333,81.81818181818181
K8_R0.90_T1_H1_N0_S8023_HYBRID_inprocess,8023,1,1,N0,HYBRID,82.3529411764706,81.81818181818181
K8_R0.90_T1_H1_N0_S8023_PERIODIC_inprocess,8023,1,1,N0,PERIODIC,85.29411764705883,90.9090909090909
K8_R0.90_T1_H1_N0_S8023_STATIC_inprocess,8023,1,1,N0,STATIC,78.43137254901961,81.81818181818181
K8_R0.90_T1_H1_N0_S8024_CENTRAL_FB_inprocess,8024,1,1,N0,CENTRAL_FB,88.0,100.0
K8_R0.90_T1_H1_N0_S8024_CENTRAL_FOG_inprocess,8024,1,1,N0,CENTRAL_FOG,88.0,100.0
K8_R0.90_T1_H1_N0_S8024_CENTRAL_inprocess,8024,1,1,N0,CENTRAL,88.0,100.0
K8_R0.90_T1_H1_N0_S8024_EDGE_MARKET_inprocess,8024,1,1,N0,EDGE_MARKET,90.0,100.0
K8_R0.90_T1_H1_N0_S8024_HYBRID_EAGER_inprocess,8024,1,1,N0,HYBRID_EAGER,88.0,100.0
K8_R0.90_T1_H1_N0_S8024_HYBRID_inprocess,8024,1,1,N0,HYBRID,88.0,100.0
K8_R0.90_T1_H1_N0_S8024_PERIODIC_inprocess,8024,1,1,N0,PERIODIC,87.0,100.0
K8_R0.90_T1_H1_N0_S8024_STATIC_inprocess,8024,1,1,N0,STATIC,83.0,66.66666666666667
K8_R0.90_T1_H1_N0_S8025_CENTRAL_FB_inprocess,8025,1,1,N0,CENTRAL_FB,92.70833333333333,100.0
K8_R0.90_T1_H1_N0_S8025_CENTRAL_FOG_inprocess,8025,1,1,N0,CENTRAL_FOG,92.70833333333333,100.0
K8_R0.90_T1_H1_N0_S8025_CENTRAL_inprocess,8025,1,1,N0,CENTRAL,92.70833333333333,100.0
K8_R0.90_T1_H1_N0_S8025_EDGE_MARKET_inprocess,8025,1,1,N0,EDGE_MARKET,90.625,100.0
K8_R0.90_T1_H1_N0_S8025_HYBRID_EAGER_inprocess,8025,1,1,N0,HYBRID_EAGER,92.70833333333333,100.0
K8_R0.90_T1_H1_N0_S8025_HYBRID_inprocess,8025,1,1,N0,HYBRID,92.70833333333333,100.0
K8_R0.90_T1_H1_N0_S8025_PERIODIC_inprocess,8025,1,1,N0,PERIODIC,91.66666666666667,100.0
K8_R0.90_T1_H1_N0_S8025_STATIC_inprocess,8025,1,1,N0,STATIC,85.41666666666667,66.66666666666667
K8_R0.90_T1_H1_N0_S8026_CENTRAL_FB_inprocess,8026,1,1,N0,CENTRAL_FB,94.79166666666667,100.0
K8_R0.90_T1_H1_N0_S8026_CENTRAL_FOG_inprocess,8026,1,1,N0,CENTRAL_FOG,94.79166666666667,100.0
K8_R0.90_T1_H1_N0_S8026_CENTRAL_inprocess,8026,1,1,N0,CENTRAL,94.79166666666667,100.0
K8_R0.90_T1_H1_N0_S8026_EDGE_MARKET_inprocess,8026,1,1,N0,EDGE_MARKET,89.58333333333333,100.0
K8_R0.90_T1_H1_N0_S8026_HYBRID_EAGER_inprocess,8026,1,1,N0,HYBRID_EAGER,94.79166666666667,100.0
K8_R0.90_T1_H1_N0_S8026_HYBRID_inprocess,8026,1,1,N0,HYBRID,94.79166666666667,100.0
K8_R0.90_T1_H1_N0_S8026_PERIODIC_inprocess,8026,1,1,N0,PERIODIC,88.54166666666667,100.0
K8_R0.90_T1_H1_N0_S8026_STATIC_inprocess,8026,1,1,N0,STATIC,84.375,50.0
K8_R0.90_T1_H1_N0_S8027_CENTRAL_FB_inprocess,8027,1,1,N0,CENTRAL_FB,82.52427184466019,100.0
K8_R0.90_T1_H1_N0_S8027_CENTRAL_FOG_inprocess,8027,1,1,N0,CENTRAL_FOG,82.52427184466019,100.0
K8_R0.90_T1_H1_N0_S8027_CENTRAL_inprocess,8027,1,1,N0,CENTRAL,82.52427184466019,100.0
K8_R0.90_T1_H1_N0_S8027_EDGE_MARKET_inprocess,8027,1,1,N0,EDGE_MARKET,83.49514563106796,100.0
K8_R0.90_T1_H1_N0_S8027_HYBRID_EAGER_inprocess,8027,1,1,N0,HYBRID_EAGER,82.52427184466019,100.0
K8_R0.90_T1_H1_N0_S8027_HYBRID_inprocess,8027,1,1,N0,HYBRID,82.52427184466019,100.0
K8_R0.90_T1_H1_N0_S8027_PERIODIC_inprocess,8027,1,1,N0,PERIODIC,82.52427184466019,88.88888888888889
K8_R0.90_T1_H1_N0_S8027_STATIC_inprocess,8027,1,1,N0,STATIC,77.66990291262135,66.66666666666667
K8_R0.90_T1_H1_N0_S8028_CENTRAL_FB_inprocess,8028,1,1,N0,CENTRAL_FB,74.52830188679245,78.57142857142857
K8_R0.90_T1_H1_N0_S8028_CENTRAL_FOG_inprocess,8028,1,1,N0,CENTRAL_FOG,74.52830188679245,78.57142857142857
K8_R0.90_T1_H1_N0_S8028_CENTRAL_inprocess,8028,1,1,N0,CENTRAL,74.52830188679245,78.57142857142857
K8_R0.90_T1_H1_N0_S8028_EDGE_MARKET_inprocess,8028,1,1,N0,EDGE_MARKET,79.24528301886792,85.71428571428571
K8_R0.90_T1_H1_N0_S8028_HYBRID_EAGER_inprocess,8028,1,1,N0,HYBRID_EAGER,73.58490566037736,71.42857142857143
K8_R0.90_T1_H1_N0_S8028_HYBRID_inprocess,8028,1,1,N0,HYBRID,74.52830188679245,78.57142857142857
K8_R0.90_T1_H1_N0_S8028_PERIODIC_inprocess,8028,1,1,N0,PERIODIC,75.47169811320755,78.57142857142857
K8_R0.90_T1_H1_N0_S8028_STATIC_inprocess,8028,1,1,N0,STATIC,61.320754716981135,28.571428571428573
K8_R0.90_T1_H1_N0_S8029_CENTRAL_FB_inprocess,8029,1,1,N0,CENTRAL_FB,86.86868686868686,83.33333333333333
K8_R0.90_T1_H1_N0_S8029_CENTRAL_FOG_inprocess,8029,1,1,N0,CENTRAL_FOG,86.86868686868686,83.33333333333333
K8_R0.90_T1_H1_N0_S8029_CENTRAL_inprocess,8029,1,1,N0,CENTRAL,86.86868686868686,83.33333333333333
K8_R0.90_T1_H1_N0_S8029_EDGE_MARKET_inprocess,8029,1,1,N0,EDGE_MARKET,83.83838383838383,100.0
K8_R0.90_T1_H1_N0_S8029_HYBRID_EAGER_inprocess,8029,1,1,N0,HYBRID_EAGER,86.86868686868686,83.33333333333333
K8_R0.90_T1_H1_N0_S8029_HYBRID_inprocess,8029,1,1,N0,HYBRID,86.86868686868686,83.33333333333333
K8_R0.90_T1_H1_N0_S8029_PERIODIC_inprocess,8029,1,1,N0,PERIODIC,87.87878787878788,100.0
K8_R0.90_T1_H1_N0_S8029_STATIC_inprocess,8029,1,1,N0,STATIC,79.79797979797979,50.0
K8_R0.90_T1_H1_N0_S8030_CENTRAL_FB_inprocess,8030,1,1,N0,CENTRAL_FB,82.82828282828282,66.66666666666667
K8_R0.90_T1_H1_N0_S8030_CENTRAL_FOG_inprocess,8030,1,1,N0,CENTRAL_FOG,82.82828282828282,66.66666666666667
K8_R0.90_T1_H1_N0_S8030_CENTRAL_inprocess,8030,1,1,N0,CENTRAL,82.82828282828282,66.66666666666667
K8_R0.90_T1_H1_N0_S8030_EDGE_MARKET_inprocess,8030,1,1,N0,EDGE_MARKET,86.86868686868686,100.0
K8_R0.90_T1_H1_N0_S8030_HYBRID_EAGER_inprocess,8030,1,1,N0,HYBRID_EAGER,82.82828282828282,66.66666666666667
K8_R0.90_T1_H1_N0_S8030_HYBRID_inprocess,8030,1,1,N0,HYBRID,82.82828282828282,66.66666666666667
K8_R0.90_T1_H1_N0_S8030_PERIODIC_inprocess,8030,1,1,N0,PERIODIC,86.86868686868686,100.0
K8_R0.90_T1_H1_N0_S8030_STATIC_inprocess,8030,1,1,N0,STATIC,80.8080808080808,50.0
K8_R0.90_T1_H1_N0_S8031_CENTRAL_FB_inprocess,8031,1,1,N0,CENTRAL_FB,84.21052631578948,83.33333333333333
K8_R0.90_T1_H1_N0_S8031_CENTRAL_FOG_inprocess,8031,1,1,N0,CENTRAL_FOG,84.21052631578948,83.33333333333333
K8_R0.90_T1_H1_N0_S8031_CENTRAL_inprocess,8031,1,1,N0,CENTRAL,84.21052631578948,83.33333333333333
K8_R0.90_T1_H1_N0_S8031_EDGE_MARKET_inprocess,8031,1,1,N0,EDGE_MARKET,82.10526315789474,83.33333333333333
K8_R0.90_T1_H1_N0_S8031_HYBRID_EAGER_inprocess,8031,1,1,N0,HYBRID_EAGER,84.21052631578948,83.33333333333333
K8_R0.90_T1_H1_N0_S8031_HYBRID_inprocess,8031,1,1,N0,HYBRID,84.21052631578948,83.33333333333333
K8_R0.90_T1_H1_N0_S8031_PERIODIC_inprocess,8031,1,1,N0,PERIODIC,83.15789473684211,83.33333333333333
K8_R0.90_T1_H1_N0_S8031_STATIC_inprocess,8031,1,1,N0,STATIC,74.73684210526316,33.333333333333336
K8_R0.90_T1_H1_N0_S8032_CENTRAL_FB_inprocess,8032,1,1,N0,CENTRAL_FB,89.8989898989899,100.0
K8_R0.90_T1_H1_N0_S8032_CENTRAL_FOG_inprocess,8032,1,1,N0,CENTRAL_FOG,89.8989898989899,100.0
K8_R0.90_T1_H1_N0_S8032_CENTRAL_inprocess,8032,1,1,N0,CENTRAL,89.8989898989899,100.0
K8_R0.90_T1_H1_N0_S8032_EDGE_MARKET_inprocess,8032,1,1,N0,EDGE_MARKET,86.86868686868686,83.33333333333333
K8_R0.90_T1_H1_N0_S8032_HYBRID_EAGER_inprocess,8032,1,1,N0,HYBRID_EAGER,89.8989898989899,100.0
K8_R0.90_T1_H1_N0_S8032_HYBRID_inprocess,8032,1,1,N0,HYBRID,89.8989898989899,100.0
K8_R0.90_T1_H1_N0_S8032_PERIODIC_inprocess,8032,1,1,N0,PERIODIC,90.9090909090909,100.0
K8_R0.90_T1_H1_N0_S8032_STATIC_inprocess,8032,1,1,N0,STATIC,80.8080808080808,66.66666666666667
K8_R0.90_T1_H1_N0_S8033_CENTRAL_FB_inprocess,8033,1,1,N0,CENTRAL_FB,88.77551020408163,83.33333333333333
K8_R0.90_T1_H1_N0_S8033_CENTRAL_FOG_inprocess,8033,1,1,N0,CENTRAL_FOG,88.77551020408163,83.33333333333333
K8_R0.90_T1_H1_N0_S8033_CENTRAL_inprocess,8033,1,1,N0,CENTRAL,88.77551020408163,83.33333333333333
K8_R0.90_T1_H1_N0_S8033_EDGE_MARKET_inprocess,8033,1,1,N0,EDGE_MARKET,87.75510204081633,83.33333333333333
K8_R0.90_T1_H1_N0_S8033_HYBRID_EAGER_inprocess,8033,1,1,N0,HYBRID_EAGER,92.85714285714286,100.0
K8_R0.90_T1_H1_N0_S8033_HYBRID_inprocess,8033,1,1,N0,HYBRID,88.77551020408163,83.33333333333333
K8_R0.90_T1_H1_N0_S8033_PERIODIC_inprocess,8033,1,1,N0,PERIODIC,90.81632653061224,100.0
K8_R0.90_T1_H1_N0_S8033_STATIC_inprocess,8033,1,1,N0,STATIC,82.65306122448979,50.0
K8_R0.90_T1_H1_N0_S8034_CENTRAL_FB_inprocess,8034,1,1,N0,CENTRAL_FB,88.46153846153847,100.0
K8_R0.90_T1_H1_N0_S8034_CENTRAL_FOG_inprocess,8034,1,1,N0,CENTRAL_FOG,88.46153846153847,100.0
K8_R0.90_T1_H1_N0_S8034_CENTRAL_inprocess,8034,1,1,N0,CENTRAL,88.46153846153847,100.0
K8_R0.90_T1_H1_N0_S8034_EDGE_MARKET_inprocess,8034,1,1,N0,EDGE_MARKET,84.61538461538461,100.0
K8_R0.90_T1_H1_N0_S8034_HYBRID_EAGER_inprocess,8034,1,1,N0,HYBRID_EAGER,88.46153846153847,100.0
K8_R0.90_T1_H1_N0_S8034_HYBRID_inprocess,8034,1,1,N0,HYBRID,88.46153846153847,100.0
K8_R0.90_T1_H1_N0_S8034_PERIODIC_inprocess,8034,1,1,N0,PERIODIC,89.42307692307692,100.0
K8_R0.90_T1_H1_N0_S8034_STATIC_inprocess,8034,1,1,N0,STATIC,79.8076923076923,50.0
K8_R0.90_T1_H1_N0_S8035_CENTRAL_FB_inprocess,8035,1,1,N0,CENTRAL_FB,88.28828828828829,91.66666666666667
K8_R0.90_T1_H1_N0_S8035_CENTRAL_FOG_inprocess,8035,1,1,N0,CENTRAL_FOG,88.28828828828829,91.66666666666667
K8_R0.90_T1_H1_N0_S8035_CENTRAL_inprocess,8035,1,1,N0,CENTRAL,88.28828828828829,91.66666666666667
K8_R0.90_T1_H1_N0_S8035_EDGE_MARKET_inprocess,8035,1,1,N0,EDGE_MARKET,90.09009009009009,91.66666666666667
K8_R0.90_T1_H1_N0_S8035_HYBRID_EAGER_inprocess,8035,1,1,N0,HYBRID_EAGER,88.28828828828829,91.66666666666667
K8_R0.90_T1_H1_N0_S8035_HYBRID_inprocess,8035,1,1,N0,HYBRID,88.28828828828829,91.66666666666667
K8_R0.90_T1_H1_N0_S8035_PERIODIC_inprocess,8035,1,1,N0,PERIODIC,90.990990990991,91.66666666666667
K8_R0.90_T1_H1_N0_S8035_STATIC_inprocess,8035,1,1,N0,STATIC,81.08108108108108,58.333333333333336
K8_R0.90_T1_H1_N0_S8036_CENTRAL_FB_inprocess,8036,1,1,N0,CENTRAL_FB,82.52427184466019,87.5
K8_R0.90_T1_H1_N0_S8036_CENTRAL_FOG_inprocess,8036,1,1,N0,CENTRAL_FOG,82.52427184466019,87.5
K8_R0.90_T1_H1_N0_S8036_CENTRAL_inprocess,8036,1,1,N0,CENTRAL,82.52427184466019,87.5
K8_R0.90_T1_H1_N0_S8036_EDGE_MARKET_inprocess,8036,1,1,N0,EDGE_MARKET,83.49514563106796,87.5
K8_R0.90_T1_H1_N0_S8036_HYBRID_EAGER_inprocess,8036,1,1,N0,HYBRID_EAGER,82.52427184466019,87.5
K8_R0.90_T1_H1_N0_S8036_HYBRID_inprocess,8036,1,1,N0,HYBRID,82.52427184466019,87.5
K8_R0.90_T1_H1_N0_S8036_PERIODIC_inprocess,8036,1,1,N0,PERIODIC,81.55339805825243,75.0
K8_R0.90_T1_H1_N0_S8036_STATIC_inprocess,8036,1,1,N0,STATIC,79.6116504854369,62.5
K8_R0.90_T1_H1_N0_S8037_CENTRAL_FB_inprocess,8037,1,1,N0,CENTRAL_FB,84.25925925925925,100.0
K8_R0.90_T1_H1_N0_S8037_CENTRAL_FOG_inprocess,8037,1,1,N0,CENTRAL_FOG,84.25925925925925,100.0
K8_R0.90_T1_H1_N0_S8037_CENTRAL_inprocess,8037,1,1,N0,CENTRAL,84.25925925925925,100.0
K8_R0.90_T1_H1_N0_S8037_EDGE_MARKET_inprocess,8037,1,1,N0,EDGE_MARKET,87.03703703703704,90.0
K8_R0.90_T1_H1_N0_S8037_HYBRID_EAGER_inprocess,8037,1,1,N0,HYBRID_EAGER,86.11111111111111,100.0
K8_R0.90_T1_H1_N0_S8037_HYBRID_inprocess,8037,1,1,N0,HYBRID,84.25925925925925,100.0
K8_R0.90_T1_H1_N0_S8037_PERIODIC_inprocess,8037,1,1,N0,PERIODIC,86.11111111111111,100.0
K8_R0.90_T1_H1_N0_S8037_STATIC_inprocess,8037,1,1,N0,STATIC,76.85185185185185,50.0
K8_R0.90_T1_H1_N0_S8038_CENTRAL_FB_inprocess,8038,1,1,N0,CENTRAL_FB,91.75257731958763,100.0
K8_R0.90_T1_H1_N0_S8038_CENTRAL_FOG_inprocess,8038,1,1,N0,CENTRAL_FOG,91.75257731958763,100.0
K8_R0.90_T1_H1_N0_S8038_CENTRAL_inprocess,8038,1,1,N0,CENTRAL,91.75257731958763,100.0
K8_R0.90_T1_H1_N0_S8038_EDGE_MARKET_inprocess,8038,1,1,N0,EDGE_MARKET,90.72164948453609,100.0
K8_R0.90_T1_H1_N0_S8038_HYBRID_EAGER_inprocess,8038,1,1,N0,HYBRID_EAGER,91.75257731958763,100.0
K8_R0.90_T1_H1_N0_S8038_HYBRID_inprocess,8038,1,1,N0,HYBRID,91.75257731958763,100.0
K8_R0.90_T1_H1_N0_S8038_PERIODIC_inprocess,8038,1,1,N0,PERIODIC,89.69072164948453,100.0
K8_R0.90_T1_H1_N0_S8038_STATIC_inprocess,8038,1,1,N0,STATIC,80.41237113402062,40.0
K8_R0.90_T1_H1_N0_S8039_CENTRAL_FB_inprocess,8039,1,1,N0,CENTRAL_FB,84.15841584158416,66.66666666666667
K8_R0.90_T1_H1_N0_S8039_CENTRAL_FOG_inprocess,8039,1,1,N0,CENTRAL_FOG,84.15841584158416,66.66666666666667
K8_R0.90_T1_H1_N0_S8039_CENTRAL_inprocess,8039,1,1,N0,CENTRAL,84.15841584158416,66.66666666666667
K8_R0.90_T1_H1_N0_S8039_EDGE_MARKET_inprocess,8039,1,1,N0,EDGE_MARKET,93.06930693069307,100.0
K8_R0.90_T1_H1_N0_S8039_HYBRID_EAGER_inprocess,8039,1,1,N0,HYBRID_EAGER,81.18811881188118,66.66666666666667
K8_R0.90_T1_H1_N0_S8039_HYBRID_inprocess,8039,1,1,N0,HYBRID,84.15841584158416,66.66666666666667
K8_R0.90_T1_H1_N0_S8039_PERIODIC_inprocess,8039,1,1,N0,PERIODIC,91.08910891089108,100.0
K8_R0.90_T1_H1_N0_S8039_STATIC_inprocess,8039,1,1,N0,STATIC,85.14851485148515,66.66666666666667
K8_R0.90_T1_H1_N0_S8040_CENTRAL_FB_inprocess,8040,1,1,N0,CENTRAL_FB,86.73469387755102,85.71428571428571
K8_R0.90_T1_H1_N0_S8040_CENTRAL_FOG_inprocess,8040,1,1,N0,CENTRAL_FOG,86.73469387755102,85.71428571428571
K8_R0.90_T1_H1_N0_S8040_CENTRAL_inprocess,8040,1,1,N0,CENTRAL,86.73469387755102,85.71428571428571
K8_R0.90_T1_H1_N0_S8040_EDGE_MARKET_inprocess,8040,1,1,N0,EDGE_MARKET,88.77551020408163,100.0
K8_R0.90_T1_H1_N0_S8040_HYBRID_EAGER_inprocess,8040,1,1,N0,HYBRID_EAGER,86.73469387755102,85.71428571428571
K8_R0.90_T1_H1_N0_S8040_HYBRID_inprocess,8040,1,1,N0,HYBRID,86.73469387755102,85.71428571428571
K8_R0.90_T1_H1_N0_S8040_PERIODIC_inprocess,8040,1,1,N0,PERIODIC,85.71428571428571,100.0
K8_R0.90_T1_H1_N0_S8040_STATIC_inprocess,8040,1,1,N0,STATIC,79.59183673469387,71.42857142857143
K8_R0.90_T1_H1_N1_S8001_CENTRAL_FB_inprocess,8001,1,1,N1,CENTRAL_FB,88.18181818181819,100.0
K8_R0.90_T1_H1_N1_S8001_CENTRAL_FOG_inprocess,8001,1,1,N1,CENTRAL_FOG,88.18181818181819,100.0
K8_R0.90_T1_H1_N1_S8001_CENTRAL_inprocess,8001,1,1,N1,CENTRAL,88.18181818181819,100.0
K8_R0.90_T1_H1_N1_S8001_EDGE_MARKET_inprocess,8001,1,1,N1,EDGE_MARKET,81.81818181818181,100.0
K8_R0.90_T1_H1_N1_S8001_HYBRID_EAGER_inprocess,8001,1,1,N1,HYBRID_EAGER,87.27272727272727,100.0
K8_R0.90_T1_H1_N1_S8001_HYBRID_inprocess,8001,1,1,N1,HYBRID,88.18181818181819,100.0
K8_R0.90_T1_H1_N1_S8001_PERIODIC_inprocess,8001,1,1,N1,PERIODIC,85.45454545454545,100.0
K8_R0.90_T1_H1_N1_S8001_STATIC_inprocess,8001,1,1,N1,STATIC,77.27272727272727,66.66666666666667
K8_R0.90_T1_H1_N1_S8002_CENTRAL_FB_inprocess,8002,1,1,N1,CENTRAL_FB,90.625,83.33333333333333
K8_R0.90_T1_H1_N1_S8002_CENTRAL_FOG_inprocess,8002,1,1,N1,CENTRAL_FOG,90.625,83.33333333333333
K8_R0.90_T1_H1_N1_S8002_CENTRAL_inprocess,8002,1,1,N1,CENTRAL,90.625,83.33333333333333
K8_R0.90_T1_H1_N1_S8002_EDGE_MARKET_inprocess,8002,1,1,N1,EDGE_MARKET,89.58333333333333,100.0
K8_R0.90_T1_H1_N1_S8002_HYBRID_EAGER_inprocess,8002,1,1,N1,HYBRID_EAGER,89.58333333333333,83.33333333333333
K8_R0.90_T1_H1_N1_S8002_HYBRID_inprocess,8002,1,1,N1,HYBRID,90.625,83.33333333333333
K8_R0.90_T1_H1_N1_S8002_PERIODIC_inprocess,8002,1,1,N1,PERIODIC,87.5,100.0
K8_R0.90_T1_H1_N1_S8002_STATIC_inprocess,8002,1,1,N1,STATIC,84.375,83.33333333333333
K8_R0.90_T1_H1_N1_S8003_CENTRAL_FB_inprocess,8003,1,1,N1,CENTRAL_FB,84.90566037735849,72.72727272727273
K8_R0.90_T1_H1_N1_S8003_CENTRAL_FOG_inprocess,8003,1,1,N1,CENTRAL_FOG,84.90566037735849,72.72727272727273
K8_R0.90_T1_H1_N1_S8003_CENTRAL_inprocess,8003,1,1,N1,CENTRAL,84.90566037735849,72.72727272727273
K8_R0.90_T1_H1_N1_S8003_EDGE_MARKET_inprocess,8003,1,1,N1,EDGE_MARKET,83.01886792452831,81.81818181818181
K8_R0.90_T1_H1_N1_S8003_HYBRID_EAGER_inprocess,8003,1,1,N1,HYBRID_EAGER,84.90566037735849,72.72727272727273
K8_R0.90_T1_H1_N1_S8003_HYBRID_inprocess,8003,1,1,N1,HYBRID,84.90566037735849,72.72727272727273
K8_R0.90_T1_H1_N1_S8003_PERIODIC_inprocess,8003,1,1,N1,PERIODIC,86.79245283018868,81.81818181818181
K8_R0.90_T1_H1_N1_S8003_STATIC_inprocess,8003,1,1,N1,STATIC,79.24528301886792,45.45454545454545
K8_R0.90_T1_H1_N1_S8004_CENTRAL_FB_inprocess,8004,1,1,N1,CENTRAL_FB,95.74468085106383,50.0
K8_R0.90_T1_H1_N1_S8004_CENTRAL_FOG_inprocess,8004,1,1,N1,CENTRAL_FOG,95.74468085106383,50.0
K8_R0.90_T1_H1_N1_S8004_CENTRAL_inprocess,8004,1,1,N1,CENTRAL,95.74468085106383,50.0
K8_R0.90_T1_H1_N1_S8004_EDGE_MARKET_inprocess,8004,1,1,N1,EDGE_MARKET,85.1063829787234,50.0
K8_R0.90_T1_H1_N1_S8004_HYBRID_EAGER_inprocess,8004,1,1,N1,HYBRID_EAGER,92.55319148936171,50.0
K8_R0.90_T1_H1_N1_S8004_HYBRID_inprocess,8004,1,1,N1,HYBRID,95.74468085106383,50.0
K8_R0.90_T1_H1_N1_S8004_PERIODIC_inprocess,8004,1,1,N1,PERIODIC,91.48936170212765,50.0
K8_R0.90_T1_H1_N1_S8004_STATIC_inprocess,8004,1,1,N1,STATIC,85.1063829787234,50.0
K8_R0.90_T1_H1_N1_S8005_CENTRAL_FB_inprocess,8005,1,1,N1,CENTRAL_FB,92.63157894736842,100.0
K8_R0.90_T1_H1_N1_S8005_CENTRAL_FOG_inprocess,8005,1,1,N1,CENTRAL_FOG,92.63157894736842,100.0
K8_R0.90_T1_H1_N1_S8005_CENTRAL_inprocess,8005,1,1,N1,CENTRAL,92.63157894736842,100.0
K8_R0.90_T1_H1_N1_S8005_EDGE_MARKET_inprocess,8005,1,1,N1,EDGE_MARKET,88.42105263157895,66.66666666666667
K8_R0.90_T1_H1_N1_S8005_HYBRID_EAGER_inprocess,8005,1,1,N1,HYBRID_EAGER,95.78947368421052,100.0
K8_R0.90_T1_H1_N1_S8005_HYBRID_inprocess,8005,1,1,N1,HYBRID,92.63157894736842,100.0
K8_R0.90_T1_H1_N1_S8005_PERIODIC_inprocess,8005,1,1,N1,PERIODIC,90.52631578947368,66.66666666666667
K8_R0.90_T1_H1_N1_S8005_STATIC_inprocess,8005,1,1,N1,STATIC,87.36842105263158,33.333333333333336
K8_R0.90_T1_H1_N1_S8006_CENTRAL_FB_inprocess,8006,1,1,N1,CENTRAL_FB,86.73469387755102,87.5
K8_R0.90_T1_H1_N1_S8006_CENTRAL_FOG_inprocess,8006,1,1,N1,CENTRAL_FOG,86.73469387755102,87.5
K8_R0.90_T1_H1_N1_S8006_CENTRAL_inprocess,8006,1,1,N1,CENTRAL,86.73469387755102,87.5
K8_R0.90_T1_H1_N1_S8006_EDGE_MARKET_inprocess,8006,1,1,N1,EDGE_MARKET,83.6734693877551,87.5
K8_R0.90_T1_H1_N1_S8006_HYBRID_EAGER_inprocess,8006,1,1,N1,HYBRID_EAGER,88.77551020408163,87.5
K8_R0.90_T1_H1_N1_S8006_HYBRID_inprocess,8006,1,1,N1,HYBRID,86.73469387755102,87.5
K8_R0.90_T1_H1_N1_S8006_PERIODIC_inprocess,8006,1,1,N1,PERIODIC,86.73469387755102,75.0
K8_R0.90_T1_H1_N1_S8006_STATIC_inprocess,8006,1,1,N1,STATIC,76.53061224489795,37.5
K8_R0.90_T1_H1_N1_S8007_CENTRAL_FB_inprocess,8007,1,1,N1,CENTRAL_FB,86.13861386138613,77.77777777777777
K8_R0.90_T1_H1_N1_S8007_CENTRAL_FOG_inprocess,8007,1,1,N1,CENTRAL_FOG,86.13861386138613,77.77777777777777
K8_R0.90_T1_H1_N1_S8007_CENTRAL_inprocess,8007,1,1,N1,CENTRAL,86.13861386138613,77.77777777777777
K8_R0.90_T1_H1_N1_S8007_EDGE_MARKET_inprocess,8007,1,1,N1,EDGE_MARKET,85.14851485148515,88.88888888888889
K8_R0.90_T1_H1_N1_S8007_HYBRID_EAGER_inprocess,8007,1,1,N1,HYBRID_EAGER,86.13861386138613,77.77777777777777
K8_R0.90_T1_H1_N1_S8007_HYBRID_inprocess,8007,1,1,N1,HYBRID,86.13861386138613,77.77777777777777
K8_R0.90_T1_H1_N1_S8007_PERIODIC_inprocess,8007,1,1,N1,PERIODIC,91.08910891089108,100.0
K8_R0.90_T1_H1_N1_S8007_STATIC_inprocess,8007,1,1,N1,STATIC,79.20792079207921,66.66666666666667
K8_R0.90_T1_H1_N1_S8008_CENTRAL_FB_inprocess,8008,1,1,N1,CENTRAL_FB,87.5,80.0
K8_R0.90_T1_H1_N1_S8008_CENTRAL_FOG_inprocess,8008,1,1,N1,CENTRAL_FOG,87.5,80.0
K8_R0.90_T1_H1_N1_S8008_CENTRAL_inprocess,8008,1,1,N1,CENTRAL,87.5,80.0
K8_R0.90_T1_H1_N1_S8008_EDGE_MARKET_inprocess,8008,1,1,N1,EDGE_MARKET,81.25,60.0
K8_R0.90_T1_H1_N1_S8008_HYBRID_EAGER_inprocess,8008,1,1,N1,HYBRID_EAGER,87.5,80.0
K8_R0.90_T1_H1_N1_S8008_HYBRID_inprocess,8008,1,1,N1,HYBRID,87.5,80.0
K8_R0.90_T1_H1_N1_S8008_PERIODIC_inprocess,8008,1,1,N1,PERIODIC,85.41666666666667,100.0
K8_R0.90_T1_H1_N1_S8008_STATIC_inprocess,8008,1,1,N1,STATIC,80.20833333333333,60.0
K8_R0.90_T1_H1_N1_S8009_CENTRAL_FB_inprocess,8009,1,1,N1,CENTRAL_FB,86.81318681318682,75.0
K8_R0.90_T1_H1_N1_S8009_CENTRAL_FOG_inprocess,8009,1,1,N1,CENTRAL_FOG,86.81318681318682,75.0
K8_R0.90_T1_H1_N1_S8009_CENTRAL_inprocess,8009,1,1,N1,CENTRAL,86.81318681318682,75.0
K8_R0.90_T1_H1_N1_S8009_EDGE_MARKET_inprocess,8009,1,1,N1,EDGE_MARKET,85.71428571428571,75.0
K8_R0.90_T1_H1_N1_S8009_HYBRID_EAGER_inprocess,8009,1,1,N1,HYBRID_EAGER,85.71428571428571,75.0
K8_R0.90_T1_H1_N1_S8009_HYBRID_inprocess,8009,1,1,N1,HYBRID,86.81318681318682,75.0
K8_R0.90_T1_H1_N1_S8009_PERIODIC_inprocess,8009,1,1,N1,PERIODIC,83.51648351648352,75.0
K8_R0.90_T1_H1_N1_S8009_STATIC_inprocess,8009,1,1,N1,STATIC,80.21978021978022,50.0
K8_R0.90_T1_H1_N1_S8010_CENTRAL_FB_inprocess,8010,1,1,N1,CENTRAL_FB,84.94623655913979,100.0
K8_R0.90_T1_H1_N1_S8010_CENTRAL_FOG_inprocess,8010,1,1,N1,CENTRAL_FOG,84.94623655913979,100.0
K8_R0.90_T1_H1_N1_S8010_CENTRAL_inprocess,8010,1,1,N1,CENTRAL,84.94623655913979,100.0
K8_R0.90_T1_H1_N1_S8010_EDGE_MARKET_inprocess,8010,1,1,N1,EDGE_MARKET,88.17204301075269,100.0
K8_R0.90_T1_H1_N1_S8010_HYBRID_EAGER_inprocess,8010,1,1,N1,HYBRID_EAGER,87.09677419354838,100.0
K8_R0.90_T1_H1_N1_S8010_HYBRID_inprocess,8010,1,1,N1,HYBRID,84.94623655913979,100.0
K8_R0.90_T1_H1_N1_S8010_PERIODIC_inprocess,8010,1,1,N1,PERIODIC,83.87096774193549,100.0
K8_R0.90_T1_H1_N1_S8010_STATIC_inprocess,8010,1,1,N1,STATIC,77.41935483870968,25.0
K8_R0.90_T1_H1_N1_S8011_CENTRAL_FB_inprocess,8011,1,1,N1,CENTRAL_FB,78.0952380952381,100.0
K8_R0.90_T1_H1_N1_S8011_CENTRAL_FOG_inprocess,8011,1,1,N1,CENTRAL_FOG,78.0952380952381,100.0
K8_R0.90_T1_H1_N1_S8011_CENTRAL_inprocess,8011,1,1,N1,CENTRAL,78.0952380952381,100.0
K8_R0.90_T1_H1_N1_S8011_EDGE_MARKET_inprocess,8011,1,1,N1,EDGE_MARKET,79.04761904761905,85.71428571428571
K8_R0.90_T1_H1_N1_S8011_HYBRID_EAGER_inprocess,8011,1,1,N1,HYBRID_EAGER,78.0952380952381,100.0
K8_R0.90_T1_H1_N1_S8011_HYBRID_inprocess,8011,1,1,N1,HYBRID,78.0952380952381,100.0
K8_R0.90_T1_H1_N1_S8011_PERIODIC_inprocess,8011,1,1,N1,PERIODIC,84.76190476190476,100.0
K8_R0.90_T1_H1_N1_S8011_STATIC_inprocess,8011,1,1,N1,STATIC,73.33333333333333,42.857142857142854
K8_R0.90_T1_H1_N1_S8012_CENTRAL_FB_inprocess,8012,1,1,N1,CENTRAL_FB,79.27927927927928,81.81818181818181
K8_R0.90_T1_H1_N1_S8012_CENTRAL_FOG_inprocess,8012,1,1,N1,CENTRAL_FOG,79.27927927927928,81.81818181818181
K8_R0.90_T1_H1_N1_S8012_CENTRAL_inprocess,8012,1,1,N1,CENTRAL,79.27927927927928,81.81818181818181
K8_R0.90_T1_H1_N1_S8012_EDGE_MARKET_inprocess,8012,1,1,N1,EDGE_MARKET,75.67567567567568,81.81818181818181
K8_R0.90_T1_H1_N1_S8012_HYBRID_EAGER_inprocess,8012,1,1,N1,HYBRID_EAGER,79.27927927927928,90.9090909090909
K8_R0.90_T1_H1_N1_S8012_HYBRID_inprocess,8012,1,1,N1,HYBRID,79.27927927927928,81.81818181818181
K8_R0.90_T1_H1_N1_S8012_PERIODIC_inprocess,8012,1,1,N1,PERIODIC,75.67567567567568,81.81818181818181
K8_R0.90_T1_H1_N1_S8012_STATIC_inprocess,8012,1,1,N1,STATIC,71.17117117117117,63.63636363636363
K8_R0.90_T1_H1_N1_S8013_CENTRAL_FB_inprocess,8013,1,1,N1,CENTRAL_FB,80.58252427184466,88.88888888888889
K8_R0.90_T1_H1_N1_S8013_CENTRAL_FOG_inprocess,8013,1,1,N1,CENTRAL_FOG,80.58252427184466,88.88888888888889
K8_R0.90_T1_H1_N1_S8013_CENTRAL_inprocess,8013,1,1,N1,CENTRAL,80.58252427184466,88.88888888888889
K8_R0.90_T1_H1_N1_S8013_EDGE_MARKET_inprocess,8013,1,1,N1,EDGE_MARKET,82.52427184466019,100.0
K8_R0.90_T1_H1_N1_S8013_HYBRID_EAGER_inprocess,8013,1,1,N1,HYBRID_EAGER,81.55339805825243,88.88888888888889
K8_R0.90_T1_H1_N1_S8013_HYBRID_inprocess,8013,1,1,N1,HYBRID,80.58252427184466,88.88888888888889
K8_R0.90_T1_H1_N1_S8013_PERIODIC_inprocess,8013,1,1,N1,PERIODIC,80.58252427184466,100.0
K8_R0.90_T1_H1_N1_S8013_STATIC_inprocess,8013,1,1,N1,STATIC,69.90291262135922,33.333333333333336
K8_R0.90_T1_H1_N1_S8014_CENTRAL_FB_inprocess,8014,1,1,N1,CENTRAL_FB,81.9047619047619,63.63636363636363
K8_R0.90_T1_H1_N1_S8014_CENTRAL_FOG_inprocess,8014,1,1,N1,CENTRAL_FOG,81.9047619047619,63.63636363636363
K8_R0.90_T1_H1_N1_S8014_CENTRAL_inprocess,8014,1,1,N1,CENTRAL,81.9047619047619,63.63636363636363
K8_R0.90_T1_H1_N1_S8014_EDGE_MARKET_inprocess,8014,1,1,N1,EDGE_MARKET,86.66666666666667,100.0
K8_R0.90_T1_H1_N1_S8014_HYBRID_EAGER_inprocess,8014,1,1,N1,HYBRID_EAGER,81.9047619047619,63.63636363636363
K8_R0.90_T1_H1_N1_S8014_HYBRID_inprocess,8014,1,1,N1,HYBRID,81.9047619047619,63.63636363636363
K8_R0.90_T1_H1_N1_S8014_PERIODIC_inprocess,8014,1,1,N1,PERIODIC,90.47619047619048,100.0
K8_R0.90_T1_H1_N1_S8014_STATIC_inprocess,8014,1,1,N1,STATIC,84.76190476190476,72.72727272727273
K8_R0.90_T1_H1_N1_S8015_CENTRAL_FB_inprocess,8015,1,1,N1,CENTRAL_FB,82.56880733944953,85.71428571428571
K8_R0.90_T1_H1_N1_S8015_CENTRAL_FOG_inprocess,8015,1,1,N1,CENTRAL_FOG,82.56880733944953,85.71428571428571
K8_R0.90_T1_H1_N1_S8015_CENTRAL_inprocess,8015,1,1,N1,CENTRAL,82.56880733944953,85.71428571428571
K8_R0.90_T1_H1_N1_S8015_EDGE_MARKET_inprocess,8015,1,1,N1,EDGE_MARKET,81.65137614678899,71.42857142857143
K8_R0.90_T1_H1_N1_S8015_HYBRID_EAGER_inprocess,8015,1,1,N1,HYBRID_EAGER,85.3211009174312,92.85714285714286
K8_R0.90_T1_H1_N1_S8015_HYBRID_inprocess,8015,1,1,N1,HYBRID,82.56880733944953,85.71428571428571
K8_R0.90_T1_H1_N1_S8015_PERIODIC_inprocess,8015,1,1,N1,PERIODIC,78.89908256880734,71.42857142857143
K8_R0.90_T1_H1_N1_S8015_STATIC_inprocess,8015,1,1,N1,STATIC,72.4770642201835,42.857142857142854
K8_R0.90_T1_H1_N1_S8016_CENTRAL_FB_inprocess,8016,1,1,N1,CENTRAL_FB,90.0,100.0
K8_R0.90_T1_H1_N1_S8016_CENTRAL_FOG_inprocess,8016,1,1,N1,CENTRAL_FOG,90.0,100.0
K8_R0.90_T1_H1_N1_S8016_CENTRAL_inprocess,8016,1,1,N1,CENTRAL,90.0,100.0
K8_R0.90_T1_H1_N1_S8016_EDGE_MARKET_inprocess,8016,1,1,N1,EDGE_MARKET,88.0,100.0
K8_R0.90_T1_H1_N1_S8016_HYBRID_EAGER_inprocess,8016,1,1,N1,HYBRID_EAGER,89.0,80.0
K8_R0.90_T1_H1_N1_S8016_HYBRID_inprocess,8016,1,1,N1,HYBRID,90.0,100.0
K8_R0.90_T1_H1_N1_S8016_PERIODIC_inprocess,8016,1,1,N1,PERIODIC,90.0,100.0
K8_R0.90_T1_H1_N1_S8016_STATIC_inprocess,8016,1,1,N1,STATIC,87.0,100.0
K8_R0.90_T1_H1_N1_S8017_CENTRAL_FB_inprocess,8017,1,1,N1,CENTRAL_FB,87.37864077669903,100.0
K8_R0.90_T1_H1_N1_S8017_CENTRAL_FOG_inprocess,8017,1,1,N1,CENTRAL_FOG,87.37864077669903,100.0
K8_R0.90_T1_H1_N1_S8017_CENTRAL_inprocess,8017,1,1,N1,CENTRAL,87.37864077669903,100.0
K8_R0.90_T1_H1_N1_S8017_EDGE_MARKET_inprocess,8017,1,1,N1,EDGE_MARKET,79.6116504854369,77.77777777777777
K8_R0.90_T1_H1_N1_S8017_HYBRID_EAGER_inprocess,8017,1,1,N1,HYBRID_EAGER,86.40776699029126,100.0
K8_R0.90_T1_H1_N1_S8017_HYBRID_inprocess,8017,1,1,N1,HYBRID,87.37864077669903,100.0
K8_R0.90_T1_H1_N1_S8017_PERIODIC_inprocess,8017,1,1,N1,PERIODIC,83.49514563106796,77.77777777777777
K8_R0.90_T1_H1_N1_S8017_STATIC_inprocess,8017,1,1,N1,STATIC,77.66990291262135,88.88888888888889
K8_R0.90_T1_H1_N1_S8018_CENTRAL_FB_inprocess,8018,1,1,N1,CENTRAL_FB,83.33333333333333,100.0
K8_R0.90_T1_H1_N1_S8018_CENTRAL_FOG_inprocess,8018,1,1,N1,CENTRAL_FOG,83.33333333333333,100.0
K8_R0.90_T1_H1_N1_S8018_CENTRAL_inprocess,8018,1,1,N1,CENTRAL,83.33333333333333,100.0
K8_R0.90_T1_H1_N1_S8018_EDGE_MARKET_inprocess,8018,1,1,N1,EDGE_MARKET,85.29411764705883,100.0
K8_R0.90_T1_H1_N1_S8018_HYBRID_EAGER_inprocess,8018,1,1,N1,HYBRID_EAGER,82.3529411764706,100.0
K8_R0.90_T1_H1_N1_S8018_HYBRID_inprocess,8018,1,1,N1,HYBRID,83.33333333333333,100.0
K8_R0.90_T1_H1_N1_S8018_PERIODIC_inprocess,8018,1,1,N1,PERIODIC,82.3529411764706,85.71428571428571
K8_R0.90_T1_H1_N1_S8018_STATIC_inprocess,8018,1,1,N1,STATIC,71.56862745098039,42.857142857142854
K8_R0.90_T1_H1_N1_S8019_CENTRAL_FB_inprocess,8019,1,1,N1,CENTRAL_FB,95.6989247311828,100.0
K8_R0.90_T1_H1_N1_S8019_CENTRAL_FOG_inprocess,8019,1,1,N1,CENTRAL_FOG,95.6989247311828,100.0
K8_R0.90_T1_H1_N1_S8019_CENTRAL_inprocess,8019,1,1,N1,CENTRAL,95.6989247311828,100.0
K8_R0.90_T1_H1_N1_S8019_EDGE_MARKET_inprocess,8019,1,1,N1,EDGE_MARKET,82.79569892473118,60.0
K8_R0.90_T1_H1_N1_S8019_HYBRID_EAGER_inprocess,8019,1,1,N1,HYBRID_EAGER,95.6989247311828,100.0
K8_R0.90_T1_H1_N1_S8019_HYBRID_inprocess,8019,1,1,N1,HYBRID,95.6989247311828,100.0
K8_R0.90_T1_H1_N1_S8019_PERIODIC_inprocess,8019,1,1,N1,PERIODIC,90.3225806451613,100.0
K8_R0.90_T1_H1_N1_S8019_STATIC_inprocess,8019,1,1,N1,STATIC,78.49462365591398,60.0
K8_R0.90_T1_H1_N1_S8020_CENTRAL_FB_inprocess,8020,1,1,N1,CENTRAL_FB,83.9622641509434,71.42857142857143
K8_R0.90_T1_H1_N1_S8020_CENTRAL_FOG_inprocess,8020,1,1,N1,CENTRAL_FOG,83.9622641509434,71.42857142857143
K8_R0.90_T1_H1_N1_S8020_CENTRAL_inprocess,8020,1,1,N1,CENTRAL,83.9622641509434,71.42857142857143
K8_R0.90_T1_H1_N1_S8020_EDGE_MARKET_inprocess,8020,1,1,N1,EDGE_MARKET,78.30188679245283,85.71428571428571
K8_R0.90_T1_H1_N1_S8020_HYBRID_EAGER_inprocess,8020,1,1,N1,HYBRID_EAGER,85.84905660377359,71.42857142857143
K8_R0.90_T1_H1_N1_S8020_HYBRID_inprocess,8020,1,1,N1,HYBRID,83.9622641509434,71.42857142857143
K8_R0.90_T1_H1_N1_S8020_PERIODIC_inprocess,8020,1,1,N1,PERIODIC,83.01886792452831,71.42857142857143
K8_R0.90_T1_H1_N1_S8020_STATIC_inprocess,8020,1,1,N1,STATIC,78.30188679245283,42.857142857142854
K8_R0.90_T1_H1_N1_S8021_CENTRAL_FB_inprocess,8021,1,1,N1,CENTRAL_FB,87.12871287128714,88.88888888888889
K8_R0.90_T1_H1_N1_S8021_CENTRAL_FOG_inprocess,8021,1,1,N1,CENTRAL_FOG,87.12871287128714,88.88888888888889
K8_R0.90_T1_H1_N1_S8021_CENTRAL_inprocess,8021,1,1,N1,CENTRAL,87.12871287128714,88.88888888888889
K8_R0.90_T1_H1_N1_S8021_EDGE_MARKET_inprocess,8021,1,1,N1,EDGE_MARKET,85.14851485148515,77.77777777777777
K8_R0.90_T1_H1_N1_S8021_HYBRID_EAGER_inprocess,8021,1,1,N1,HYBRID_EAGER,87.12871287128714,88.88888888888889
K8_R0.90_T1_H1_N1_S8021_HYBRID_inprocess,8021,1,1,N1,HYBRID,87.12871287128714,88.88888888888889
K8_R0.90_T1_H1_N1_S8021_PERIODIC_inprocess,8021,1,1,N1,PERIODIC,86.13861386138613,88.88888888888889
K8_R0.90_T1_H1_N1_S8021_STATIC_inprocess,8021,1,1,N1,STATIC,75.24752475247524,55.55555555555556
K8_R0.90_T1_H1_N1_S8022_CENTRAL_FB_inprocess,8022,1,1,N1,CENTRAL_FB,80.37383177570094,100.0
K8_R0.90_T1_H1_N1_S8022_CENTRAL_FOG_inprocess,8022,1,1,N1,CENTRAL_FOG,80.37383177570094,100.0
K8_R0.90_T1_H1_N1_S8022_CENTRAL_inprocess,8022,1,1,N1,CENTRAL,80.37383177570094,100.0
K8_R0.90_T1_H1_N1_S8022_EDGE_MARKET_inprocess,8022,1,1,N1,EDGE_MARKET,72.89719626168224,87.5
K8_R0.90_T1_H1_N1_S8022_HYBRID_EAGER_inprocess,8022,1,1,N1,HYBRID_EAGER,76.6355140186916,87.5
K8_R0.90_T1_H1_N1_S8022_HYBRID_inprocess,8022,1,1,N1,HYBRID,80.37383177570094,100.0
K8_R0.90_T1_H1_N1_S8022_PERIODIC_inprocess,8022,1,1,N1,PERIODIC,77.57009345794393,100.0
K8_R0.90_T1_H1_N1_S8022_STATIC_inprocess,8022,1,1,N1,STATIC,66.35514018691589,25.0
K8_R0.90_T1_H1_N1_S8023_CENTRAL_FB_inprocess,8023,1,1,N1,CENTRAL_FB,83.33333333333333,100.0
K8_R0.90_T1_H1_N1_S8023_CENTRAL_FOG_inprocess,8023,1,1,N1,CENTRAL_FOG,83.33333333333333,100.0
K8_R0.90_T1_H1_N1_S8023_CENTRAL_inprocess,8023,1,1,N1,CENTRAL,83.33333333333333,100.0
K8_R0.90_T1_H1_N1_S8023_EDGE_MARKET_inprocess,8023,1,1,N1,EDGE_MARKET,85.29411764705883,90.9090909090909
K8_R0.90_T1_H1_N1_S8023_HYBRID_EAGER_inprocess,8023,1,1,N1,HYBRID_EAGER,83.33333333333333,100.0
K8_R0.90_T1_H1_N1_S8023_HYBRID_inprocess,8023,1,1,N1,HYBRID,83.33333333333333,100.0
K8_R0.90_T1_H1_N1_S8023_PERIODIC_inprocess,8023,1,1,N1,PERIODIC,81.37254901960785,81.81818181818181
K8_R0.90_T1_H1_N1_S8023_STATIC_inprocess,8023,1,1,N1,STATIC,78.43137254901961,81.81818181818181
K8_R0.90_T1_H1_N1_S8024_CENTRAL_FB_inprocess,8024,1,1,N1,CENTRAL_FB,91.0,100.0
K8_R0.90_T1_H1_N1_S8024_CENTRAL_FOG_inprocess,8024,1,1,N1,CENTRAL_FOG,91.0,100.0
K8_R0.90_T1_H1_N1_S8024_CENTRAL_inprocess,8024,1,1,N1,CENTRAL,91.0,100.0
K8_R0.90_T1_H1_N1_S8024_EDGE_MARKET_inprocess,8024,1,1,N1,EDGE_MARKET,90.0,100.0
K8_R0.90_T1_H1_N1_S8024_HYBRID_EAGER_inprocess,8024,1,1,N1,HYBRID_EAGER,91.0,100.0
K8_R0.90_T1_H1_N1_S8024_HYBRID_inprocess,8024,1,1,N1,HYBRID,91.0,100.0
K8_R0.90_T1_H1_N1_S8024_PERIODIC_inprocess,8024,1,1,N1,PERIODIC,91.0,100.0
K8_R0.90_T1_H1_N1_S8024_STATIC_inprocess,8024,1,1,N1,STATIC,82.0,83.33333333333333
K8_R0.90_T1_H1_N1_S8025_CENTRAL_FB_inprocess,8025,1,1,N1,CENTRAL_FB,94.79166666666667,100.0
K8_R0.90_T1_H1_N1_S8025_CENTRAL_FOG_inprocess,8025,1,1,N1,CENTRAL_FOG,94.79166666666667,100.0
K8_R0.90_T1_H1_N1_S8025_CENTRAL_inprocess,8025,1,1,N1,CENTRAL,94.79166666666667,100.0
K8_R0.90_T1_H1_N1_S8025_EDGE_MARKET_inprocess,8025,1,1,N1,EDGE_MARKET,90.625,100.0
K8_R0.90_T1_H1_N1_S8025_HYBRID_EAGER_inprocess,8025,1,1,N1,HYBRID_EAGER,92.70833333333333,100.0
K8_R0.90_T1_H1_N1_S8025_HYBRID_inprocess,8025,1,1,N1,HYBRID,94.79166666666667,100.0
K8_R0.90_T1_H1_N1_S8025_PERIODIC_inprocess,8025,1,1,N1,PERIODIC,91.66666666666667,100.0
K8_R0.90_T1_H1_N1_S8025_STATIC_inprocess,8025,1,1,N1,STATIC,85.41666666666667,66.66666666666667
K8_R0.90_T1_H1_N1_S8026_CENTRAL_FB_inprocess,8026,1,1,N1,CENTRAL_FB,90.625,100.0
K8_R0.90_T1_H1_N1_S8026_CENTRAL_FOG_inprocess,8026,1,1,N1,CENTRAL_FOG,90.625,100.0
K8_R0.90_T1_H1_N1_S8026_CENTRAL_inprocess,8026,1,1,N1,CENTRAL,90.625,100.0
K8_R0.90_T1_H1_N1_S8026_EDGE_MARKET_inprocess,8026,1,1,N1,EDGE_MARKET,89.58333333333333,100.0
K8_R0.90_T1_H1_N1_S8026_HYBRID_EAGER_inprocess,8026,1,1,N1,HYBRID_EAGER,90.625,100.0
K8_R0.90_T1_H1_N1_S8026_HYBRID_inprocess,8026,1,1,N1,HYBRID,90.625,100.0
K8_R0.90_T1_H1_N1_S8026_PERIODIC_inprocess,8026,1,1,N1,PERIODIC,87.5,100.0
K8_R0.90_T1_H1_N1_S8026_STATIC_inprocess,8026,1,1,N1,STATIC,84.375,50.0
K8_R0.90_T1_H1_N1_S8027_CENTRAL_FB_inprocess,8027,1,1,N1,CENTRAL_FB,86.40776699029126,100.0
K8_R0.90_T1_H1_N1_S8027_CENTRAL_FOG_inprocess,8027,1,1,N1,CENTRAL_FOG,86.40776699029126,100.0
K8_R0.90_T1_H1_N1_S8027_CENTRAL_inprocess,8027,1,1,N1,CENTRAL,86.40776699029126,100.0
K8_R0.90_T1_H1_N1_S8027_EDGE_MARKET_inprocess,8027,1,1,N1,EDGE_MARKET,83.49514563106796,100.0
K8_R0.90_T1_H1_N1_S8027_HYBRID_EAGER_inprocess,8027,1,1,N1,HYBRID_EAGER,86.40776699029126,100.0
K8_R0.90_T1_H1_N1_S8027_HYBRID_inprocess,8027,1,1,N1,HYBRID,86.40776699029126,100.0
K8_R0.90_T1_H1_N1_S8027_PERIODIC_inprocess,8027,1,1,N1,PERIODIC,81.55339805825243,100.0
K8_R0.90_T1_H1_N1_S8027_STATIC_inprocess,8027,1,1,N1,STATIC,77.66990291262135,66.66666666666667
K8_R0.90_T1_H1_N1_S8028_CENTRAL_FB_inprocess,8028,1,1,N1,CENTRAL_FB,74.52830188679245,78.57142857142857
K8_R0.90_T1_H1_N1_S8028_CENTRAL_FOG_inprocess,8028,1,1,N1,CENTRAL_FOG,74.52830188679245,78.57142857142857
K8_R0.90_T1_H1_N1_S8028_CENTRAL_inprocess,8028,1,1,N1,CENTRAL,74.52830188679245,78.57142857142857
K8_R0.90_T1_H1_N1_S8028_EDGE_MARKET_inprocess,8028,1,1,N1,EDGE_MARKET,79.24528301886792,85.71428571428571
K8_R0.90_T1_H1_N1_S8028_HYBRID_EAGER_inprocess,8028,1,1,N1,HYBRID_EAGER,69.81132075471699,78.57142857142857
K8_R0.90_T1_H1_N1_S8028_HYBRID_inprocess,8028,1,1,N1,HYBRID,74.52830188679245,78.57142857142857
K8_R0.90_T1_H1_N1_S8028_PERIODIC_inprocess,8028,1,1,N1,PERIODIC,68.86792452830188,71.42857142857143
K8_R0.90_T1_H1_N1_S8028_STATIC_inprocess,8028,1,1,N1,STATIC,63.20754716981132,35.714285714285715
K8_R0.90_T1_H1_N1_S8029_CENTRAL_FB_inprocess,8029,1,1,N1,CENTRAL_FB,84.84848484848484,83.33333333333333
K8_R0.90_T1_H1_N1_S8029_CENTRAL_FOG_inprocess,8029,1,1,N1,CENTRAL_FOG,84.84848484848484,83.33333333333333
K8_R0.90_T1_H1_N1_S8029_CENTRAL_inprocess,8029,1,1,N1,CENTRAL,84.84848484848484,83.33333333333333
K8_R0.90_T1_H1_N1_S8029_EDGE_MARKET_inprocess,8029,1,1,N1,EDGE_MARKET,83.83838383838383,100.0
K8_R0.90_T1_H1_N1_S8029_HYBRID_EAGER_inprocess,8029,1,1,N1,HYBRID_EAGER,84.84848484848484,83.33333333333333
K8_R0.90_T1_H1_N1_S8029_HYBRID_inprocess,8029,1,1,N1,HYBRID,84.84848484848484,83.33333333333333
K8_R0.90_T1_H1_N1_S8029_PERIODIC_inprocess,8029,1,1,N1,PERIODIC,83.83838383838383,100.0
K8_R0.90_T1_H1_N1_S8029_STATIC_inprocess,8029,1,1,N1,STATIC,79.79797979797979,50.0
K8_R0.90_T1_H1_N1_S8030_CENTRAL_FB_inprocess,8030,1,1,N1,CENTRAL_FB,83.83838383838383,83.33333333333333
K8_R0.90_T1_H1_N1_S8030_CENTRAL_FOG_inprocess,8030,1,1,N1,CENTRAL_FOG,83.83838383838383,83.33333333333333
K8_R0.90_T1_H1_N1_S8030_CENTRAL_inprocess,8030,1,1,N1,CENTRAL,83.83838383838383,83.33333333333333
K8_R0.90_T1_H1_N1_S8030_EDGE_MARKET_inprocess,8030,1,1,N1,EDGE_MARKET,85.85858585858585,100.0
K8_R0.90_T1_H1_N1_S8030_HYBRID_EAGER_inprocess,8030,1,1,N1,HYBRID_EAGER,83.83838383838383,83.33333333333333
K8_R0.90_T1_H1_N1_S8030_HYBRID_inprocess,8030,1,1,N1,HYBRID,83.83838383838383,83.33333333333333
K8_R0.90_T1_H1_N1_S8030_PERIODIC_inprocess,8030,1,1,N1,PERIODIC,86.86868686868686,100.0
K8_R0.90_T1_H1_N1_S8030_STATIC_inprocess,8030,1,1,N1,STATIC,81.81818181818181,50.0
K8_R0.90_T1_H1_N1_S8031_CENTRAL_FB_inprocess,8031,1,1,N1,CENTRAL_FB,84.21052631578948,83.33333333333333
K8_R0.90_T1_H1_N1_S8031_CENTRAL_FOG_inprocess,8031,1,1,N1,CENTRAL_FOG,84.21052631578948,83.33333333333333
K8_R0.90_T1_H1_N1_S8031_CENTRAL_inprocess,8031,1,1,N1,CENTRAL,84.21052631578948,83.33333333333333
K8_R0.90_T1_H1_N1_S8031_EDGE_MARKET_inprocess,8031,1,1,N1,EDGE_MARKET,80.0,83.33333333333333
K8_R0.90_T1_H1_N1_S8031_HYBRID_EAGER_inprocess,8031,1,1,N1,HYBRID_EAGER,84.21052631578948,83.33333333333333
K8_R0.90_T1_H1_N1_S8031_HYBRID_inprocess,8031,1,1,N1,HYBRID,84.21052631578948,83.33333333333333
K8_R0.90_T1_H1_N1_S8031_PERIODIC_inprocess,8031,1,1,N1,PERIODIC,82.10526315789474,83.33333333333333
K8_R0.90_T1_H1_N1_S8031_STATIC_inprocess,8031,1,1,N1,STATIC,74.73684210526316,33.333333333333336
K8_R0.90_T1_H1_N1_S8032_CENTRAL_FB_inprocess,8032,1,1,N1,CENTRAL_FB,90.9090909090909,100.0
K8_R0.90_T1_H1_N1_S8032_CENTRAL_FOG_inprocess,8032,1,1,N1,CENTRAL_FOG,90.9090909090909,100.0
K8_R0.90_T1_H1_N1_S8032_CENTRAL_inprocess,8032,1,1,N1,CENTRAL,90.9090909090909,100.0
K8_R0.90_T1_H1_N1_S8032_EDGE_MARKET_inprocess,8032,1,1,N1,EDGE_MARKET,86.86868686868686,83.33333333333333
K8_R0.90_T1_H1_N1_S8032_HYBRID_EAGER_inprocess,8032,1,1,N1,HYBRID_EAGER,89.8989898989899,100.0
K8_R0.90_T1_H1_N1_S8032_HYBRID_inprocess,8032,1,1,N1,HYBRID,90.9090909090909,100.0
K8_R0.90_T1_H1_N1_S8032_PERIODIC_inprocess,8032,1,1,N1,PERIODIC,90.9090909090909,100.0
K8_R0.90_T1_H1_N1_S8032_STATIC_inprocess,8032,1,1,N1,STATIC,80.8080808080808,66.66666666666667
K8_R0.90_T1_H1_N1_S8033_CENTRAL_FB_inprocess,8033,1,1,N1,CENTRAL_FB,87.75510204081633,100.0
K8_R0.90_T1_H1_N1_S8033_CENTRAL_FOG_inprocess,8033,1,1,N1,CENTRAL_FOG,87.75510204081633,100.0
K8_R0.90_T1_H1_N1_S8033_CENTRAL_inprocess,8033,1,1,N1,CENTRAL,87.75510204081633,100.0
K8_R0.90_T1_H1_N1_S8033_EDGE_MARKET_inprocess,8033,1,1,N1,EDGE_MARKET,83.6734693877551,83.33333333333333
K8_R0.90_T1_H1_N1_S8033_HYBRID_EAGER_inprocess,8033,1,1,N1,HYBRID_EAGER,87.75510204081633,100.0
K8_R0.90_T1_H1_N1_S8033_HYBRID_inprocess,8033,1,1,N1,HYBRID,87.75510204081633,100.0
K8_R0.90_T1_H1_N1_S8033_PERIODIC_inprocess,8033,1,1,N1,PERIODIC,90.81632653061224,100.0
K8_R0.90_T1_H1_N1_S8033_STATIC_inprocess,8033,1,1,N1,STATIC,82.65306122448979,50.0
K8_R0.90_T1_H1_N1_S8034_CENTRAL_FB_inprocess,8034,1,1,N1,CENTRAL_FB,87.5,100.0
K8_R0.90_T1_H1_N1_S8034_CENTRAL_FOG_inprocess,8034,1,1,N1,CENTRAL_FOG,87.5,100.0
K8_R0.90_T1_H1_N1_S8034_CENTRAL_inprocess,8034,1,1,N1,CENTRAL,87.5,100.0
K8_R0.90_T1_H1_N1_S8034_EDGE_MARKET_inprocess,8034,1,1,N1,EDGE_MARKET,84.61538461538461,100.0
K8_R0.90_T1_H1_N1_S8034_HYBRID_EAGER_inprocess,8034,1,1,N1,HYBRID_EAGER,92.3076923076923,100.0
K8_R0.90_T1_H1_N1_S8034_HYBRID_inprocess,8034,1,1,N1,HYBRID,87.5,100.0
K8_R0.90_T1_H1_N1_S8034_PERIODIC_inprocess,8034,1,1,N1,PERIODIC,86.53846153846153,100.0
K8_R0.90_T1_H1_N1_S8034_STATIC_inprocess,8034,1,1,N1,STATIC,81.73076923076923,50.0
K8_R0.90_T1_H1_N1_S8035_CENTRAL_FB_inprocess,8035,1,1,N1,CENTRAL_FB,87.38738738738739,83.33333333333333
K8_R0.90_T1_H1_N1_S8035_CENTRAL_FOG_inprocess,8035,1,1,N1,CENTRAL_FOG,87.38738738738739,83.33333333333333
K8_R0.90_T1_H1_N1_S8035_CENTRAL_inprocess,8035,1,1,N1,CENTRAL,87.38738738738739,83.33333333333333
K8_R0.90_T1_H1_N1_S8035_EDGE_MARKET_inprocess,8035,1,1,N1,EDGE_MARKET,90.09009009009009,91.66666666666667
K8_R0.90_T1_H1_N1_S8035_HYBRID_EAGER_inprocess,8035,1,1,N1,HYBRID_EAGER,87.38738738738739,83.33333333333333
K8_R0.90_T1_H1_N1_S8035_HYBRID_inprocess,8035,1,1,N1,HYBRID,87.38738738738739,83.33333333333333
K8_R0.90_T1_H1_N1_S8035_PERIODIC_inprocess,8035,1,1,N1,PERIODIC,89.1891891891892,91.66666666666667
K8_R0.90_T1_H1_N1_S8035_STATIC_inprocess,8035,1,1,N1,STATIC,81.08108108108108,58.333333333333336
K8_R0.90_T1_H1_N1_S8036_CENTRAL_FB_inprocess,8036,1,1,N1,CENTRAL_FB,84.46601941747574,87.5
K8_R0.90_T1_H1_N1_S8036_CENTRAL_FOG_inprocess,8036,1,1,N1,CENTRAL_FOG,84.46601941747574,87.5
K8_R0.90_T1_H1_N1_S8036_CENTRAL_inprocess,8036,1,1,N1,CENTRAL,84.46601941747574,87.5
K8_R0.90_T1_H1_N1_S8036_EDGE_MARKET_inprocess,8036,1,1,N1,EDGE_MARKET,88.3495145631068,100.0
K8_R0.90_T1_H1_N1_S8036_HYBRID_EAGER_inprocess,8036,1,1,N1,HYBRID_EAGER,84.46601941747574,87.5
K8_R0.90_T1_H1_N1_S8036_HYBRID_inprocess,8036,1,1,N1,HYBRID,84.46601941747574,87.5
K8_R0.90_T1_H1_N1_S8036_PERIODIC_inprocess,8036,1,1,N1,PERIODIC,84.46601941747574,100.0
K8_R0.90_T1_H1_N1_S8036_STATIC_inprocess,8036,1,1,N1,STATIC,79.6116504854369,62.5
K8_R0.90_T1_H1_N1_S8037_CENTRAL_FB_inprocess,8037,1,1,N1,CENTRAL_FB,85.18518518518519,100.0
K8_R0.90_T1_H1_N1_S8037_CENTRAL_FOG_inprocess,8037,1,1,N1,CENTRAL_FOG,85.18518518518519,100.0
K8_R0.90_T1_H1_N1_S8037_CENTRAL_inprocess,8037,1,1,N1,CENTRAL,85.18518518518519,100.0
K8_R0.90_T1_H1_N1_S8037_EDGE_MARKET_inprocess,8037,1,1,N1,EDGE_MARKET,87.96296296296296,100.0
K8_R0.90_T1_H1_N1_S8037_HYBRID_EAGER_inprocess,8037,1,1,N1,HYBRID_EAGER,85.18518518518519,100.0
K8_R0.90_T1_H1_N1_S8037_HYBRID_inprocess,8037,1,1,N1,HYBRID,85.18518518518519,100.0
K8_R0.90_T1_H1_N1_S8037_PERIODIC_inprocess,8037,1,1,N1,PERIODIC,84.25925925925925,90.0
K8_R0.90_T1_H1_N1_S8037_STATIC_inprocess,8037,1,1,N1,STATIC,76.85185185185185,50.0
K8_R0.90_T1_H1_N1_S8038_CENTRAL_FB_inprocess,8038,1,1,N1,CENTRAL_FB,91.75257731958763,100.0
K8_R0.90_T1_H1_N1_S8038_CENTRAL_FOG_inprocess,8038,1,1,N1,CENTRAL_FOG,91.75257731958763,100.0
K8_R0.90_T1_H1_N1_S8038_CENTRAL_inprocess,8038,1,1,N1,CENTRAL,91.75257731958763,100.0
K8_R0.90_T1_H1_N1_S8038_EDGE_MARKET_inprocess,8038,1,1,N1,EDGE_MARKET,87.62886597938144,80.0
K8_R0.90_T1_H1_N1_S8038_HYBRID_EAGER_inprocess,8038,1,1,N1,HYBRID_EAGER,93.81443298969072,100.0
K8_R0.90_T1_H1_N1_S8038_HYBRID_inprocess,8038,1,1,N1,HYBRID,91.75257731958763,100.0
K8_R0.90_T1_H1_N1_S8038_PERIODIC_inprocess,8038,1,1,N1,PERIODIC,90.72164948453609,100.0
K8_R0.90_T1_H1_N1_S8038_STATIC_inprocess,8038,1,1,N1,STATIC,78.35051546391753,40.0
K8_R0.90_T1_H1_N1_S8039_CENTRAL_FB_inprocess,8039,1,1,N1,CENTRAL_FB,84.15841584158416,83.33333333333333
K8_R0.90_T1_H1_N1_S8039_CENTRAL_FOG_inprocess,8039,1,1,N1,CENTRAL_FOG,84.15841584158416,83.33333333333333
K8_R0.90_T1_H1_N1_S8039_CENTRAL_inprocess,8039,1,1,N1,CENTRAL,84.15841584158416,83.33333333333333
K8_R0.90_T1_H1_N1_S8039_EDGE_MARKET_inprocess,8039,1,1,N1,EDGE_MARKET,91.08910891089108,100.0
K8_R0.90_T1_H1_N1_S8039_HYBRID_EAGER_inprocess,8039,1,1,N1,HYBRID_EAGER,85.14851485148515,83.33333333333333
K8_R0.90_T1_H1_N1_S8039_HYBRID_inprocess,8039,1,1,N1,HYBRID,84.15841584158416,83.33333333333333
K8_R0.90_T1_H1_N1_S8039_PERIODIC_inprocess,8039,1,1,N1,PERIODIC,91.08910891089108,100.0
K8_R0.90_T1_H1_N1_S8039_STATIC_inprocess,8039,1,1,N1,STATIC,85.14851485148515,66.66666666666667
K8_R0.90_T1_H1_N1_S8040_CENTRAL_FB_inprocess,8040,1,1,N1,CENTRAL_FB,86.73469387755102,100.0
K8_R0.90_T1_H1_N1_S8040_CENTRAL_FOG_inprocess,8040,1,1,N1,CENTRAL_FOG,86.73469387755102,100.0
K8_R0.90_T1_H1_N1_S8040_CENTRAL_inprocess,8040,1,1,N1,CENTRAL,86.73469387755102,100.0
K8_R0.90_T1_H1_N1_S8040_EDGE_MARKET_inprocess,8040,1,1,N1,EDGE_MARKET,85.71428571428571,100.0
K8_R0.90_T1_H1_N1_S8040_HYBRID_EAGER_inprocess,8040,1,1,N1,HYBRID_EAGER,84.6938775510204,85.71428571428571
K8_R0.90_T1_H1_N1_S8040_HYBRID_inprocess,8040,1,1,N1,HYBRID,86.73469387755102,100.0
K8_R0.90_T1_H1_N1_S8040_PERIODIC_inprocess,8040,1,1,N1,PERIODIC,84.6938775510204,85.71428571428571
K8_R0.90_T1_H1_N1_S8040_STATIC_inprocess,8040,1,1,N1,STATIC,78.57142857142857,71.42857142857143
K8_R0.90_T1_H1_N2_S8001_CENTRAL_FB_inprocess,8001,1,1,N2,CENTRAL_FB,81.81818181818181,83.33333333333333
K8_R0.90_T1_H1_N2_S8001_CENTRAL_FOG_inprocess,8001,1,1,N2,CENTRAL_FOG,81.81818181818181,83.33333333333333
K8_R0.90_T1_H1_N2_S8001_CENTRAL_inprocess,8001,1,1,N2,CENTRAL,81.81818181818181,83.33333333333333
K8_R0.90_T1_H1_N2_S8001_EDGE_MARKET_inprocess,8001,1,1,N2,EDGE_MARKET,78.18181818181819,91.66666666666667
K8_R0.90_T1_H1_N2_S8001_HYBRID_EAGER_inprocess,8001,1,1,N2,HYBRID_EAGER,86.36363636363636,100.0
K8_R0.90_T1_H1_N2_S8001_HYBRID_inprocess,8001,1,1,N2,HYBRID,81.81818181818181,83.33333333333333
K8_R0.90_T1_H1_N2_S8001_PERIODIC_inprocess,8001,1,1,N2,PERIODIC,85.45454545454545,91.66666666666667
K8_R0.90_T1_H1_N2_S8001_STATIC_inprocess,8001,1,1,N2,STATIC,79.0909090909091,75.0
K8_R0.90_T1_H1_N2_S8002_CENTRAL_FB_inprocess,8002,1,1,N2,CENTRAL_FB,88.54166666666667,83.33333333333333
K8_R0.90_T1_H1_N2_S8002_CENTRAL_FOG_inprocess,8002,1,1,N2,CENTRAL_FOG,88.54166666666667,83.33333333333333
K8_R0.90_T1_H1_N2_S8002_CENTRAL_inprocess,8002,1,1,N2,CENTRAL,88.54166666666667,83.33333333333333
K8_R0.90_T1_H1_N2_S8002_EDGE_MARKET_inprocess,8002,1,1,N2,EDGE_MARKET,87.5,100.0
K8_R0.90_T1_H1_N2_S8002_HYBRID_EAGER_inprocess,8002,1,1,N2,HYBRID_EAGER,88.54166666666667,83.33333333333333
K8_R0.90_T1_H1_N2_S8002_HYBRID_inprocess,8002,1,1,N2,HYBRID,88.54166666666667,83.33333333333333
K8_R0.90_T1_H1_N2_S8002_PERIODIC_inprocess,8002,1,1,N2,PERIODIC,89.58333333333333,100.0
K8_R0.90_T1_H1_N2_S8002_STATIC_inprocess,8002,1,1,N2,STATIC,84.375,83.33333333333333
K8_R0.90_T1_H1_N2_S8003_CENTRAL_FB_inprocess,8003,1,1,N2,CENTRAL_FB,86.79245283018868,90.9090909090909
K8_R0.90_T1_H1_N2_S8003_CENTRAL_FOG_inprocess,8003,1,1,N2,CENTRAL_FOG,86.79245283018868,90.9090909090909
K8_R0.90_T1_H1_N2_S8003_CENTRAL_inprocess,8003,1,1,N2,CENTRAL,86.79245283018868,90.9090909090909
K8_R0.90_T1_H1_N2_S8003_EDGE_MARKET_inprocess,8003,1,1,N2,EDGE_MARKET,81.13207547169812,81.81818181818181
K8_R0.90_T1_H1_N2_S8003_HYBRID_EAGER_inprocess,8003,1,1,N2,HYBRID_EAGER,88.67924528301887,90.9090909090909
K8_R0.90_T1_H1_N2_S8003_HYBRID_inprocess,8003,1,1,N2,HYBRID,86.79245283018868,90.9090909090909
K8_R0.90_T1_H1_N2_S8003_PERIODIC_inprocess,8003,1,1,N2,PERIODIC,85.84905660377359,72.72727272727273
K8_R0.90_T1_H1_N2_S8003_STATIC_inprocess,8003,1,1,N2,STATIC,73.58490566037736,36.36363636363637
K8_R0.90_T1_H1_N2_S8004_CENTRAL_FB_inprocess,8004,1,1,N2,CENTRAL_FB,89.36170212765957,50.0
K8_R0.90_T1_H1_N2_S8004_CENTRAL_FOG_inprocess,8004,1,1,N2,CENTRAL_FOG,89.36170212765957,50.0
K8_R0.90_T1_H1_N2_S8004_CENTRAL_inprocess,8004,1,1,N2,CENTRAL,89.36170212765957,50.0
K8_R0.90_T1_H1_N2_S8004_EDGE_MARKET_inprocess,8004,1,1,N2,EDGE_MARKET,88.29787234042553,50.0
K8_R0.90_T1_H1_N2_S8004_HYBRID_EAGER_inprocess,8004,1,1,N2,HYBRID_EAGER,90.42553191489361,50.0
K8_R0.90_T1_H1_N2_S8004_HYBRID_inprocess,8004,1,1,N2,HYBRID,89.36170212765957,50.0
K8_R0.90_T1_H1_N2_S8004_PERIODIC_inprocess,8004,1,1,N2,PERIODIC,86.17021276595744,0.0
K8_R0.90_T1_H1_N2_S8004_STATIC_inprocess,8004,1,1,N2,STATIC,85.1063829787234,50.0
K8_R0.90_T1_H1_N2_S8005_CENTRAL_FB_inprocess,8005,1,1,N2,CENTRAL_FB,89.47368421052632,66.66666666666667
K8_R0.90_T1_H1_N2_S8005_CENTRAL_FOG_inprocess,8005,1,1,N2,CENTRAL_FOG,89.47368421052632,66.66666666666667
K8_R0.90_T1_H1_N2_S8005_CENTRAL_inprocess,8005,1,1,N2,CENTRAL,89.47368421052632,66.66666666666667
K8_R0.90_T1_H1_N2_S8005_EDGE_MARKET_inprocess,8005,1,1,N2,EDGE_MARKET,88.42105263157895,66.66666666666667
K8_R0.90_T1_H1_N2_S8005_HYBRID_EAGER_inprocess,8005,1,1,N2,HYBRID_EAGER,93.6842105263158,100.0
K8_R0.90_T1_H1_N2_S8005_HYBRID_inprocess,8005,1,1,N2,HYBRID,89.47368421052632,66.66666666666667
K8_R0.90_T1_H1_N2_S8005_PERIODIC_inprocess,8005,1,1,N2,PERIODIC,89.47368421052632,66.66666666666667
K8_R0.90_T1_H1_N2_S8005_STATIC_inprocess,8005,1,1,N2,STATIC,87.36842105263158,66.66666666666667
K8_R0.90_T1_H1_N2_S8006_CENTRAL_FB_inprocess,8006,1,1,N2,CENTRAL_FB,82.65306122448979,87.5
K8_R0.90_T1_H1_N2_S8006_CENTRAL_FOG_inprocess,8006,1,1,N2,CENTRAL_FOG,82.65306122448979,87.5
K8_R0.90_T1_H1_N2_S8006_CENTRAL_inprocess,8006,1,1,N2,CENTRAL,82.65306122448979,87.5
K8_R0.90_T1_H1_N2_S8006_EDGE_MARKET_inprocess,8006,1,1,N2,EDGE_MARKET,87.75510204081633,87.5
K8_R0.90_T1_H1_N2_S8006_HYBRID_EAGER_inprocess,8006,1,1,N2,HYBRID_EAGER,88.77551020408163,87.5
K8_R0.90_T1_H1_N2_S8006_HYBRID_inprocess,8006,1,1,N2,HYBRID,82.65306122448979,87.5
K8_R0.90_T1_H1_N2_S8006_PERIODIC_inprocess,8006,1,1,N2,PERIODIC,86.73469387755102,87.5
K8_R0.90_T1_H1_N2_S8006_STATIC_inprocess,8006,1,1,N2,STATIC,76.53061224489795,37.5
K8_R0.90_T1_H1_N2_S8007_CENTRAL_FB_inprocess,8007,1,1,N2,CENTRAL_FB,87.12871287128714,88.88888888888889
K8_R0.90_T1_H1_N2_S8007_CENTRAL_FOG_inprocess,8007,1,1,N2,CENTRAL_FOG,87.12871287128714,88.88888888888889
K8_R0.90_T1_H1_N2_S8007_CENTRAL_inprocess,8007,1,1,N2,CENTRAL,87.12871287128714,88.88888888888889
K8_R0.90_T1_H1_N2_S8007_EDGE_MARKET_inprocess,8007,1,1,N2,EDGE_MARKET,83.16831683168317,77.77777777777777
K8_R0.90_T1_H1_N2_S8007_HYBRID_EAGER_inprocess,8007,1,1,N2,HYBRID_EAGER,87.12871287128714,88.88888888888889
K8_R0.90_T1_H1_N2_S8007_HYBRID_inprocess,8007,1,1,N2,HYBRID,87.12871287128714,88.88888888888889
K8_R0.90_T1_H1_N2_S8007_PERIODIC_inprocess,8007,1,1,N2,PERIODIC,85.14851485148515,88.88888888888889
K8_R0.90_T1_H1_N2_S8007_STATIC_inprocess,8007,1,1,N2,STATIC,79.20792079207921,66.66666666666667
K8_R0.90_T1_H1_N2_S8008_CENTRAL_FB_inprocess,8008,1,1,N2,CENTRAL_FB,88.54166666666667,100.0
K8_R0.90_T1_H1_N2_S8008_CENTRAL_FOG_inprocess,8008,1,1,N2,CENTRAL_FOG,88.54166666666667,100.0
K8_R0.90_T1_H1_N2_S8008_CENTRAL_inprocess,8008,1,1,N2,CENTRAL,88.54166666666667,100.0
K8_R0.90_T1_H1_N2_S8008_EDGE_MARKET_inprocess,8008,1,1,N2,EDGE_MARKET,87.5,80.0
K8_R0.90_T1_H1_N2_S8008_HYBRID_EAGER_inprocess,8008,1,1,N2,HYBRID_EAGER,88.54166666666667,100.0
K8_R0.90_T1_H1_N2_S8008_HYBRID_inprocess,8008,1,1,N2,HYBRID,88.54166666666667,100.0
K8_R0.90_T1_H1_N2_S8008_PERIODIC_inprocess,8008,1,1,N2,PERIODIC,86.45833333333333,100.0
K8_R0.90_T1_H1_N2_S8008_STATIC_inprocess,8008,1,1,N2,STATIC,80.20833333333333,60.0
K8_R0.90_T1_H1_N2_S8009_CENTRAL_FB_inprocess,8009,1,1,N2,CENTRAL_FB,82.41758241758242,75.0
K8_R0.90_T1_H1_N2_S8009_CENTRAL_FOG_inprocess,8009,1,1,N2,CENTRAL_FOG,86.81318681318682,75.0
K8_R0.90_T1_H1_N2_S8009_CENTRAL_inprocess,8009,1,1,N2,CENTRAL,86.81318681318682,75.0
K8_R0.90_T1_H1_N2_S8009_EDGE_MARKET_inprocess,8009,1,1,N2,EDGE_MARKET,80.21978021978022,50.0
K8_R0.90_T1_H1_N2_S8009_HYBRID_EAGER_inprocess,8009,1,1,N2,HYBRID_EAGER,87.91208791208791,75.0
K8_R0.90_T1_H1_N2_S8009_HYBRID_inprocess,8009,1,1,N2,HYBRID,82.41758241758242,75.0
K8_R0.90_T1_H1_N2_S8009_PERIODIC_inprocess,8009,1,1,N2,PERIODIC,84.61538461538461,75.0
K8_R0.90_T1_H1_N2_S8009_STATIC_inprocess,8009,1,1,N2,STATIC,78.02197802197803,50.0
K8_R0.90_T1_H1_N2_S8010_CENTRAL_FB_inprocess,8010,1,1,N2,CENTRAL_FB,89.24731182795699,100.0
K8_R0.90_T1_H1_N2_S8010_CENTRAL_FOG_inprocess,8010,1,1,N2,CENTRAL_FOG,89.24731182795699,100.0
K8_R0.90_T1_H1_N2_S8010_CENTRAL_inprocess,8010,1,1,N2,CENTRAL,89.24731182795699,100.0
K8_R0.90_T1_H1_N2_S8010_EDGE_MARKET_inprocess,8010,1,1,N2,EDGE_MARKET,88.17204301075269,75.0
K8_R0.90_T1_H1_N2_S8010_HYBRID_EAGER_inprocess,8010,1,1,N2,HYBRID_EAGER,89.24731182795699,100.0
K8_R0.90_T1_H1_N2_S8010_HYBRID_inprocess,8010,1,1,N2,HYBRID,89.24731182795699,100.0
K8_R0.90_T1_H1_N2_S8010_PERIODIC_inprocess,8010,1,1,N2,PERIODIC,82.79569892473118,75.0
K8_R0.90_T1_H1_N2_S8010_STATIC_inprocess,8010,1,1,N2,STATIC,78.49462365591398,25.0
K8_R0.90_T1_H1_N2_S8011_CENTRAL_FB_inprocess,8011,1,1,N2,CENTRAL_FB,80.0,85.71428571428571
K8_R0.90_T1_H1_N2_S8011_CENTRAL_FOG_inprocess,8011,1,1,N2,CENTRAL_FOG,80.0,85.71428571428571
K8_R0.90_T1_H1_N2_S8011_CENTRAL_inprocess,8011,1,1,N2,CENTRAL,80.0,85.71428571428571
K8_R0.90_T1_H1_N2_S8011_EDGE_MARKET_inprocess,8011,1,1,N2,EDGE_MARKET,80.0,100.0
K8_R0.90_T1_H1_N2_S8011_HYBRID_EAGER_inprocess,8011,1,1,N2,HYBRID_EAGER,80.95238095238095,85.71428571428571
K8_R0.90_T1_H1_N2_S8011_HYBRID_inprocess,8011,1,1,N2,HYBRID,80.0,85.71428571428571
K8_R0.90_T1_H1_N2_S8011_PERIODIC_inprocess,8011,1,1,N2,PERIODIC,82.85714285714286,100.0
K8_R0.90_T1_H1_N2_S8011_STATIC_inprocess,8011,1,1,N2,STATIC,73.33333333333333,42.857142857142854
K8_R0.90_T1_H1_N2_S8012_CENTRAL_FB_inprocess,8012,1,1,N2,CENTRAL_FB,78.37837837837837,90.9090909090909
K8_R0.90_T1_H1_N2_S8012_CENTRAL_FOG_inprocess,8012,1,1,N2,CENTRAL_FOG,74.77477477477477,90.9090909090909
K8_R0.90_T1_H1_N2_S8012_CENTRAL_inprocess,8012,1,1,N2,CENTRAL,74.77477477477477,90.9090909090909
K8_R0.90_T1_H1_N2_S8012_EDGE_MARKET_inprocess,8012,1,1,N2,EDGE_MARKET,77.47747747747748,90.9090909090909
K8_R0.90_T1_H1_N2_S8012_HYBRID_EAGER_inprocess,8012,1,1,N2,HYBRID_EAGER,82.88288288288288,100.0
K8_R0.90_T1_H1_N2_S8012_HYBRID_inprocess,8012,1,1,N2,HYBRID,78.37837837837837,90.9090909090909
K8_R0.90_T1_H1_N2_S8012_PERIODIC_inprocess,8012,1,1,N2,PERIODIC,78.37837837837837,100.0
K8_R0.90_T1_H1_N2_S8012_STATIC_inprocess,8012,1,1,N2,STATIC,65.76576576576576,45.45454545454545
K8_R0.90_T1_H1_N2_S8013_CENTRAL_FB_inprocess,8013,1,1,N2,CENTRAL_FB,83.49514563106796,100.0
K8_R0.90_T1_H1_N2_S8013_CENTRAL_FOG_inprocess,8013,1,1,N2,CENTRAL_FOG,83.49514563106796,100.0
K8_R0.90_T1_H1_N2_S8013_CENTRAL_inprocess,8013,1,1,N2,CENTRAL,83.49514563106796,100.0
K8_R0.90_T1_H1_N2_S8013_EDGE_MARKET_inprocess,8013,1,1,N2,EDGE_MARKET,79.6116504854369,100.0
K8_R0.90_T1_H1_N2_S8013_HYBRID_EAGER_inprocess,8013,1,1,N2,HYBRID_EAGER,81.55339805825243,100.0
K8_R0.90_T1_H1_N2_S8013_HYBRID_inprocess,8013,1,1,N2,HYBRID,83.49514563106796,100.0
K8_R0.90_T1_H1_N2_S8013_PERIODIC_inprocess,8013,1,1,N2,PERIODIC,77.66990291262135,77.77777777777777
K8_R0.90_T1_H1_N2_S8013_STATIC_inprocess,8013,1,1,N2,STATIC,67.96116504854369,33.333333333333336
K8_R0.90_T1_H1_N2_S8014_CENTRAL_FB_inprocess,8014,1,1,N2,CENTRAL_FB,88.57142857142857,81.81818181818181
K8_R0.90_T1_H1_N2_S8014_CENTRAL_FOG_inprocess,8014,1,1,N2,CENTRAL_FOG,88.57142857142857,81.81818181818181
K8_R0.90_T1_H1_N2_S8014_CENTRAL_inprocess,8014,1,1,N2,CENTRAL,88.57142857142857,81.81818181818181
K8_R0.90_T1_H1_N2_S8014_EDGE_MARKET_inprocess,8014,1,1,N2,EDGE_MARKET,87.61904761904762,90.9090909090909
K8_R0.90_T1_H1_N2_S8014_HYBRID_EAGER_inprocess,8014,1,1,N2,HYBRID_EAGER,88.57142857142857,81.81818181818181
K8_R0.90_T1_H1_N2_S8014_HYBRID_inprocess,8014,1,1,N2,HYBRID,88.57142857142857,81.81818181818181
K8_R0.90_T1_H1_N2_S8014_PERIODIC_inprocess,8014,1,1,N2,PERIODIC,87.61904761904762,81.81818181818181
K8_R0.90_T1_H1_N2_S8014_STATIC_inprocess,8014,1,1,N2,STATIC,81.9047619047619,63.63636363636363
K8_R0.90_T1_H1_N2_S8015_CENTRAL_FB_inprocess,8015,1,1,N2,CENTRAL_FB,85.3211009174312,92.85714285714286
K8_R0.90_T1_H1_N2_S8015_CENTRAL_FOG_inprocess,8015,1,1,N2,CENTRAL_FOG,85.3211009174312,92.85714285714286
K8_R0.90_T1_H1_N2_S8015_CENTRAL_inprocess,8015,1,1,N2,CENTRAL,85.3211009174312,92.85714285714286
K8_R0.90_T1_H1_N2_S8015_EDGE_MARKET_inprocess,8015,1,1,N2,EDGE_MARKET,77.06422018348624,71.42857142857143
K8_R0.90_T1_H1_N2_S8015_HYBRID_EAGER_inprocess,8015,1,1,N2,HYBRID_EAGER,85.3211009174312,92.85714285714286
K8_R0.90_T1_H1_N2_S8015_HYBRID_inprocess,8015,1,1,N2,HYBRID,85.3211009174312,92.85714285714286
K8_R0.90_T1_H1_N2_S8015_PERIODIC_inprocess,8015,1,1,N2,PERIODIC,82.56880733944953,85.71428571428571
K8_R0.90_T1_H1_N2_S8015_STATIC_inprocess,8015,1,1,N2,STATIC,72.4770642201835,42.857142857142854
K8_R0.90_T1_H1_N2_S8016_CENTRAL_FB_inprocess,8016,1,1,N2,CENTRAL_FB,87.0,100.0
K8_R0.90_T1_H1_N2_S8016_CENTRAL_FOG_inprocess,8016,1,1,N2,CENTRAL_FOG,87.0,100.0
K8_R0.90_T1_H1_N2_S8016_CENTRAL_inprocess,8016,1,1,N2,CENTRAL,87.0,100.0
K8_R0.90_T1_H1_N2_S8016_EDGE_MARKET_inprocess,8016,1,1,N2,EDGE_MARKET,89.0,80.0
K8_R0.90_T1_H1_N2_S8016_HYBRID_EAGER_inprocess,8016,1,1,N2,HYBRID_EAGER,85.0,100.0
K8_R0.90_T1_H1_N2_S8016_HYBRID_inprocess,8016,1,1,N2,HYBRID,87.0,100.0
K8_R0.90_T1_H1_N2_S8016_PERIODIC_inprocess,8016,1,1,N2,PERIODIC,90.0,100.0
K8_R0.90_T1_H1_N2_S8016_STATIC_inprocess,8016,1,1,N2,STATIC,86.0,80.0
K8_R0.90_T1_H1_N2_S8017_CENTRAL_FB_inprocess,8017,1,1,N2,CENTRAL_FB,83.49514563106796,88.88888888888889
K8_R0.90_T1_H1_N2_S8017_CENTRAL_FOG_inprocess,8017,1,1,N2,CENTRAL_FOG,83.49514563106796,88.88888888888889
K8_R0.90_T1_H1_N2_S8017_CENTRAL_inprocess,8017,1,1,N2,CENTRAL,83.49514563106796,88.88888888888889
K8_R0.90_T1_H1_N2_S8017_EDGE_MARKET_inprocess,8017,1,1,N2,EDGE_MARKET,85.4368932038835,100.0
K8_R0.90_T1_H1_N2_S8017_HYBRID_EAGER_inprocess,8017,1,1,N2,HYBRID_EAGER,80.58252427184466,77.77777777777777
K8_R0.90_T1_H1_N2_S8017_HYBRID_inprocess,8017,1,1,N2,HYBRID,83.49514563106796,88.88888888888889
K8_R0.90_T1_H1_N2_S8017_PERIODIC_inprocess,8017,1,1,N2,PERIODIC,84.46601941747574,88.88888888888889
K8_R0.90_T1_H1_N2_S8017_STATIC_inprocess,8017,1,1,N2,STATIC,75.72815533980582,88.88888888888889
K8_R0.90_T1_H1_N2_S8018_CENTRAL_FB_inprocess,8018,1,1,N2,CENTRAL_FB,82.3529411764706,100.0
K8_R0.90_T1_H1_N2_S8018_CENTRAL_FOG_inprocess,8018,1,1,N2,CENTRAL_FOG,82.3529411764706,100.0
K8_R0.90_T1_H1_N2_S8018_CENTRAL_inprocess,8018,1,1,N2,CENTRAL,82.3529411764706,100.0
K8_R0.90_T1_H1_N2_S8018_EDGE_MARKET_inprocess,8018,1,1,N2,EDGE_MARKET,76.47058823529412,57.142857142857146
K8_R0.90_T1_H1_N2_S8018_HYBRID_EAGER_inprocess,8018,1,1,N2,HYBRID_EAGER,82.3529411764706,100.0
K8_R0.90_T1_H1_N2_S8018_HYBRID_inprocess,8018,1,1,N2,HYBRID,82.3529411764706,100.0
K8_R0.90_T1_H1_N2_S8018_PERIODIC_inprocess,8018,1,1,N2,PERIODIC,80.3921568627451,85.71428571428571
K8_R0.90_T1_H1_N2_S8018_STATIC_inprocess,8018,1,1,N2,STATIC,71.56862745098039,42.857142857142854
K8_R0.90_T1_H1_N2_S8019_CENTRAL_FB_inprocess,8019,1,1,N2,CENTRAL_FB,92.47311827956989,100.0
K8_R0.90_T1_H1_N2_S8019_CENTRAL_FOG_inprocess,8019,1,1,N2,CENTRAL_FOG,92.47311827956989,100.0
K8_R0.90_T1_H1_N2_S8019_CENTRAL_inprocess,8019,1,1,N2,CENTRAL,92.47311827956989,100.0
K8_R0.90_T1_H1_N2_S8019_EDGE_MARKET_inprocess,8019,1,1,N2,EDGE_MARKET,86.02150537634408,80.0
K8_R0.90_T1_H1_N2_S8019_HYBRID_EAGER_inprocess,8019,1,1,N2,HYBRID_EAGER,92.47311827956989,100.0
K8_R0.90_T1_H1_N2_S8019_HYBRID_inprocess,8019,1,1,N2,HYBRID,92.47311827956989,100.0
K8_R0.90_T1_H1_N2_S8019_PERIODIC_inprocess,8019,1,1,N2,PERIODIC,92.47311827956989,100.0
K8_R0.90_T1_H1_N2_S8019_STATIC_inprocess,8019,1,1,N2,STATIC,78.49462365591398,60.0
K8_R0.90_T1_H1_N2_S8020_CENTRAL_FB_inprocess,8020,1,1,N2,CENTRAL_FB,84.90566037735849,85.71428571428571
K8_R0.90_T1_H1_N2_S8020_CENTRAL_FOG_inprocess,8020,1,1,N2,CENTRAL_FOG,84.90566037735849,85.71428571428571
K8_R0.90_T1_H1_N2_S8020_CENTRAL_inprocess,8020,1,1,N2,CENTRAL,84.90566037735849,85.71428571428571
K8_R0.90_T1_H1_N2_S8020_EDGE_MARKET_inprocess,8020,1,1,N2,EDGE_MARKET,79.24528301886792,85.71428571428571
K8_R0.90_T1_H1_N2_S8020_HYBRID_EAGER_inprocess,8020,1,1,N2,HYBRID_EAGER,84.90566037735849,85.71428571428571
K8_R0.90_T1_H1_N2_S8020_HYBRID_inprocess,8020,1,1,N2,HYBRID,84.90566037735849,85.71428571428571
K8_R0.90_T1_H1_N2_S8020_PERIODIC_inprocess,8020,1,1,N2,PERIODIC,80.18867924528301,71.42857142857143
K8_R0.90_T1_H1_N2_S8020_STATIC_inprocess,8020,1,1,N2,STATIC,76.41509433962264,42.857142857142854
K8_R0.90_T1_H1_N2_S8021_CENTRAL_FB_inprocess,8021,1,1,N2,CENTRAL_FB,80.1980198019802,88.88888888888889
K8_R0.90_T1_H1_N2_S8021_CENTRAL_FOG_inprocess,8021,1,1,N2,CENTRAL_FOG,80.1980198019802,88.88888888888889
K8_R0.90_T1_H1_N2_S8021_CENTRAL_inprocess,8021,1,1,N2,CENTRAL,80.1980198019802,88.88888888888889
K8_R0.90_T1_H1_N2_S8021_EDGE_MARKET_inprocess,8021,1,1,N2,EDGE_MARKET,80.1980198019802,66.66666666666667
K8_R0.90_T1_H1_N2_S8021_HYBRID_EAGER_inprocess,8021,1,1,N2,HYBRID_EAGER,81.18811881188118,88.88888888888889
K8_R0.90_T1_H1_N2_S8021_HYBRID_inprocess,8021,1,1,N2,HYBRID,80.1980198019802,88.88888888888889
K8_R0.90_T1_H1_N2_S8021_PERIODIC_inprocess,8021,1,1,N2,PERIODIC,78.21782178217822,77.77777777777777
K8_R0.90_T1_H1_N2_S8021_STATIC_inprocess,8021,1,1,N2,STATIC,74.25742574257426,55.55555555555556
K8_R0.90_T1_H1_N2_S8022_CENTRAL_FB_inprocess,8022,1,1,N2,CENTRAL_FB,77.57009345794393,100.0
K8_R0.90_T1_H1_N2_S8022_CENTRAL_FOG_inprocess,8022,1,1,N2,CENTRAL_FOG,77.57009345794393,100.0
K8_R0.90_T1_H1_N2_S8022_CENTRAL_inprocess,8022,1,1,N2,CENTRAL,77.57009345794393,100.0
K8_R0.90_T1_H1_N2_S8022_EDGE_MARKET_inprocess,8022,1,1,N2,EDGE_MARKET,73.83177570093459,100.0
K8_R0.90_T1_H1_N2_S8022_HYBRID_EAGER_inprocess,8022,1,1,N2,HYBRID_EAGER,76.6355140186916,100.0
K8_R0.90_T1_H1_N2_S8022_HYBRID_inprocess,8022,1,1,N2,HYBRID,77.57009345794393,100.0
K8_R0.90_T1_H1_N2_S8022_PERIODIC_inprocess,8022,1,1,N2,PERIODIC,73.83177570093459,87.5
K8_R0.90_T1_H1_N2_S8022_STATIC_inprocess,8022,1,1,N2,STATIC,64.48598130841121,37.5
K8_R0.90_T1_H1_N2_S8023_CENTRAL_FB_inprocess,8023,1,1,N2,CENTRAL_FB,84.31372549019608,100.0
K8_R0.90_T1_H1_N2_S8023_CENTRAL_FOG_inprocess,8023,1,1,N2,CENTRAL_FOG,84.31372549019608,100.0
K8_R0.90_T1_H1_N2_S8023_CENTRAL_inprocess,8023,1,1,N2,CENTRAL,84.31372549019608,100.0
K8_R0.90_T1_H1_N2_S8023_EDGE_MARKET_inprocess,8023,1,1,N2,EDGE_MARKET,85.29411764705883,100.0
K8_R0.90_T1_H1_N2_S8023_HYBRID_EAGER_inprocess,8023,1,1,N2,HYBRID_EAGER,86.27450980392157,100.0
K8_R0.90_T1_H1_N2_S8023_HYBRID_inprocess,8023,1,1,N2,HYBRID,84.31372549019608,100.0
K8_R0.90_T1_H1_N2_S8023_PERIODIC_inprocess,8023,1,1,N2,PERIODIC,82.3529411764706,81.81818181818181
K8_R0.90_T1_H1_N2_S8023_STATIC_inprocess,8023,1,1,N2,STATIC,76.47058823529412,54.54545454545455
K8_R0.90_T1_H1_N2_S8024_CENTRAL_FB_inprocess,8024,1,1,N2,CENTRAL_FB,91.0,100.0
K8_R0.90_T1_H1_N2_S8024_CENTRAL_FOG_inprocess,8024,1,1,N2,CENTRAL_FOG,91.0,100.0
K8_R0.90_T1_H1_N2_S8024_CENTRAL_inprocess,8024,1,1,N2,CENTRAL,91.0,100.0
K8_R0.90_T1_H1_N2_S8024_EDGE_MARKET_inprocess,8024,1,1,N2,EDGE_MARKET,86.0,100.0
K8_R0.90_T1_H1_N2_S8024_HYBRID_EAGER_inprocess,8024,1,1,N2,HYBRID_EAGER,91.0,100.0
K8_R0.90_T1_H1_N2_S8024_HYBRID_inprocess,8024,1,1,N2,HYBRID,91.0,100.0
K8_R0.90_T1_H1_N2_S8024_PERIODIC_inprocess,8024,1,1,N2,PERIODIC,88.0,100.0
K8_R0.90_T1_H1_N2_S8024_STATIC_inprocess,8024,1,1,N2,STATIC,84.0,100.0
K8_R0.90_T1_H1_N2_S8025_CENTRAL_FB_inprocess,8025,1,1,N2,CENTRAL_FB,93.75,100.0
K8_R0.90_T1_H1_N2_S8025_CENTRAL_FOG_inprocess,8025,1,1,N2,CENTRAL_FOG,93.75,100.0
K8_R0.90_T1_H1_N2_S8025_CENTRAL_inprocess,8025,1,1,N2,CENTRAL,93.75,100.0
K8_R0.90_T1_H1_N2_S8025_EDGE_MARKET_inprocess,8025,1,1,N2,EDGE_MARKET,85.41666666666667,33.333333333333336
K8_R0.90_T1_H1_N2_S8025_HYBRID_EAGER_inprocess,8025,1,1,N2,HYBRID_EAGER,93.75,100.0
K8_R0.90_T1_H1_N2_S8025_HYBRID_inprocess,8025,1,1,N2,HYBRID,93.75,100.0
K8_R0.90_T1_H1_N2_S8025_PERIODIC_inprocess,8025,1,1,N2,PERIODIC,91.66666666666667,100.0
K8_R0.90_T1_H1_N2_S8025_STATIC_inprocess,8025,1,1,N2,STATIC,85.41666666666667,66.66666666666667
K8_R0.90_T1_H1_N2_S8026_CENTRAL_FB_inprocess,8026,1,1,N2,CENTRAL_FB,93.75,100.0
K8_R0.90_T1_H1_N2_S8026_CENTRAL_FOG_inprocess,8026,1,1,N2,CENTRAL_FOG,93.75,100.0
K8_R0.90_T1_H1_N2_S8026_CENTRAL_inprocess,8026,1,1,N2,CENTRAL,93.75,100.0
K8_R0.90_T1_H1_N2_S8026_EDGE_MARKET_inprocess,8026,1,1,N2,EDGE_MARKET,88.54166666666667,100.0
K8_R0.90_T1_H1_N2_S8026_HYBRID_EAGER_inprocess,8026,1,1,N2,HYBRID_EAGER,92.70833333333333,100.0
K8_R0.90_T1_H1_N2_S8026_HYBRID_inprocess,8026,1,1,N2,HYBRID,93.75,100.0
K8_R0.90_T1_H1_N2_S8026_PERIODIC_inprocess,8026,1,1,N2,PERIODIC,89.58333333333333,100.0
K8_R0.90_T1_H1_N2_S8026_STATIC_inprocess,8026,1,1,N2,STATIC,86.45833333333333,66.66666666666667
K8_R0.90_T1_H1_N2_S8027_CENTRAL_FB_inprocess,8027,1,1,N2,CENTRAL_FB,86.40776699029126,100.0
K8_R0.90_T1_H1_N2_S8027_CENTRAL_FOG_inprocess,8027,1,1,N2,CENTRAL_FOG,86.40776699029126,100.0
K8_R0.90_T1_H1_N2_S8027_CENTRAL_inprocess,8027,1,1,N2,CENTRAL,86.40776699029126,100.0
K8_R0.90_T1_H1_N2_S8027_EDGE_MARKET_inprocess,8027,1,1,N2,EDGE_MARKET,82.52427184466019,100.0
K8_R0.90_T1_H1_N2_S8027_HYBRID_EAGER_inprocess,8027,1,1,N2,HYBRID_EAGER,86.40776699029126,100.0
K8_R0.90_T1_H1_N2_S8027_HYBRID_inprocess,8027,1,1,N2,HYBRID,86.40776699029126,100.0
K8_R0.90_T1_H1_N2_S8027_PERIODIC_inprocess,8027,1,1,N2,PERIODIC,85.4368932038835,100.0
K8_R0.90_T1_H1_N2_S8027_STATIC_inprocess,8027,1,1,N2,STATIC,74.75728155339806,55.55555555555556
K8_R0.90_T1_H1_N2_S8028_CENTRAL_FB_inprocess,8028,1,1,N2,CENTRAL_FB,74.52830188679245,78.57142857142857
K8_R0.90_T1_H1_N2_S8028_CENTRAL_FOG_inprocess,8028,1,1,N2,CENTRAL_FOG,74.52830188679245,78.57142857142857
K8_R0.90_T1_H1_N2_S8028_CENTRAL_inprocess,8028,1,1,N2,CENTRAL,74.52830188679245,78.57142857142857
K8_R0.90_T1_H1_N2_S8028_EDGE_MARKET_inprocess,8028,1,1,N2,EDGE_MARKET,78.30188679245283,78.57142857142857
K8_R0.90_T1_H1_N2_S8028_HYBRID_EAGER_inprocess,8028,1,1,N2,HYBRID_EAGER,74.52830188679245,78.57142857142857
K8_R0.90_T1_H1_N2_S8028_HYBRID_inprocess,8028,1,1,N2,HYBRID,74.52830188679245,78.57142857142857
K8_R0.90_T1_H1_N2_S8028_PERIODIC_inprocess,8028,1,1,N2,PERIODIC,75.47169811320755,71.42857142857143
K8_R0.90_T1_H1_N2_S8028_STATIC_inprocess,8028,1,1,N2,STATIC,63.20754716981132,35.714285714285715
K8_R0.90_T1_H1_N2_S8029_CENTRAL_FB_inprocess,8029,1,1,N2,CENTRAL_FB,87.87878787878788,100.0
K8_R0.90_T1_H1_N2_S8029_CENTRAL_FOG_inprocess,8029,1,1,N2,CENTRAL_FOG,87.87878787878788,100.0
K8_R0.90_T1_H1_N2_S8029_CENTRAL_inprocess,8029,1,1,N2,CENTRAL,87.87878787878788,100.0
K8_R0.90_T1_H1_N2_S8029_EDGE_MARKET_inprocess,8029,1,1,N2,EDGE_MARKET,84.84848484848484,83.33333333333333
K8_R0.90_T1_H1_N2_S8029_HYBRID_EAGER_inprocess,8029,1,1,N2,HYBRID_EAGER,87.87878787878788,100.0
K8_R0.90_T1_H1_N2_S8029_HYBRID_inprocess,8029,1,1,N2,HYBRID,87.87878787878788,100.0
K8_R0.90_T1_H1_N2_S8029_PERIODIC_inprocess,8029,1,1,N2,PERIODIC,84.84848484848484,83.33333333333333
K8_R0.90_T1_H1_N2_S8029_STATIC_inprocess,8029,1,1,N2,STATIC,79.79797979797979,50.0
K8_R0.90_T1_H1_N2_S8030_CENTRAL_FB_inprocess,8030,1,1,N2,CENTRAL_FB,84.84848484848484,100.0
K8_R0.90_T1_H1_N2_S8030_CENTRAL_FOG_inprocess,8030,1,1,N2,CENTRAL_FOG,84.84848484848484,100.0
K8_R0.90_T1_H1_N2_S8030_CENTRAL_inprocess,8030,1,1,N2,CENTRAL,84.84848484848484,100.0
K8_R0.90_T1_H1_N2_S8030_EDGE_MARKET_inprocess,8030,1,1,N2,EDGE_MARKET,87.87878787878788,100.0
K8_R0.90_T1_H1_N2_S8030_HYBRID_EAGER_inprocess,8030,1,1,N2,HYBRID_EAGER,83.83838383838383,83.33333333333333
K8_R0.90_T1_H1_N2_S8030_HYBRID_inprocess,8030,1,1,N2,HYBRID,84.84848484848484,100.0
K8_R0.90_T1_H1_N2_S8030_PERIODIC_inprocess,8030,1,1,N2,PERIODIC,86.86868686868686,100.0
K8_R0.90_T1_H1_N2_S8030_STATIC_inprocess,8030,1,1,N2,STATIC,80.8080808080808,50.0
K8_R0.90_T1_H1_N2_S8031_CENTRAL_FB_inprocess,8031,1,1,N2,CENTRAL_FB,82.10526315789474,83.33333333333333
K8_R0.90_T1_H1_N2_S8031_CENTRAL_FOG_inprocess,8031,1,1,N2,CENTRAL_FOG,80.0,83.33333333333333
K8_R0.90_T1_H1_N2_S8031_CENTRAL_inprocess,8031,1,1,N2,CENTRAL,80.0,83.33333333333333
K8_R0.90_T1_H1_N2_S8031_EDGE_MARKET_inprocess,8031,1,1,N2,EDGE_MARKET,81.05263157894737,83.33333333333333
K8_R0.90_T1_H1_N2_S8031_HYBRID_EAGER_inprocess,8031,1,1,N2,HYBRID_EAGER,81.05263157894737,83.33333333333333
K8_R0.90_T1_H1_N2_S8031_HYBRID_inprocess,8031,1,1,N2,HYBRID,82.10526315789474,83.33333333333333
K8_R0.90_T1_H1_N2_S8031_PERIODIC_inprocess,8031,1,1,N2,PERIODIC,84.21052631578948,83.33333333333333
K8_R0.90_T1_H1_N2_S8031_STATIC_inprocess,8031,1,1,N2,STATIC,72.63157894736842,33.333333333333336
K8_R0.90_T1_H1_N2_S8032_CENTRAL_FB_inprocess,8032,1,1,N2,CENTRAL_FB,88.88888888888889,100.0
K8_R0.90_T1_H1_N2_S8032_CENTRAL_FOG_inprocess,8032,1,1,N2,CENTRAL_FOG,88.88888888888889,100.0
K8_R0.90_T1_H1_N2_S8032_CENTRAL_inprocess,8032,1,1,N2,CENTRAL,88.88888888888889,100.0
K8_R0.90_T1_H1_N2_S8032_EDGE_MARKET_inprocess,8032,1,1,N2,EDGE_MARKET,86.86868686868686,83.33333333333333
K8_R0.90_T1_H1_N2_S8032_HYBRID_EAGER_inprocess,8032,1,1,N2,HYBRID_EAGER,88.88888888888889,100.0
K8_R0.90_T1_H1_N2_S8032_HYBRID_inprocess,8032,1,1,N2,HYBRID,88.88888888888889,100.0
K8_R0.90_T1_H1_N2_S8032_PERIODIC_inprocess,8032,1,1,N2,PERIODIC,88.88888888888889,100.0
K8_R0.90_T1_H1_N2_S8032_STATIC_inprocess,8032,1,1,N2,STATIC,80.8080808080808,66.66666666666667
K8_R0.90_T1_H1_N2_S8033_CENTRAL_FB_inprocess,8033,1,1,N2,CENTRAL_FB,91.83673469387755,100.0
K8_R0.90_T1_H1_N2_S8033_CENTRAL_FOG_inprocess,8033,1,1,N2,CENTRAL_FOG,91.83673469387755,100.0
K8_R0.90_T1_H1_N2_S8033_CENTRAL_inprocess,8033,1,1,N2,CENTRAL,91.83673469387755,100.0
K8_R0.90_T1_H1_N2_S8033_EDGE_MARKET_inprocess,8033,1,1,N2,EDGE_MARKET,88.77551020408163,83.33333333333333
K8_R0.90_T1_H1_N2_S8033_HYBRID_EAGER_inprocess,8033,1,1,N2,HYBRID_EAGER,87.75510204081633,100.0
K8_R0.90_T1_H1_N2_S8033_HYBRID_inprocess,8033,1,1,N2,HYBRID,91.83673469387755,100.0
K8_R0.90_T1_H1_N2_S8033_PERIODIC_inprocess,8033,1,1,N2,PERIODIC,86.73469387755102,100.0
K8_R0.90_T1_H1_N2_S8033_STATIC_inprocess,8033,1,1,N2,STATIC,80.61224489795919,50.0
K8_R0.90_T1_H1_N2_S8034_CENTRAL_FB_inprocess,8034,1,1,N2,CENTRAL_FB,89.42307692307692,100.0
K8_R0.90_T1_H1_N2_S8034_CENTRAL_FOG_inprocess,8034,1,1,N2,CENTRAL_FOG,89.42307692307692,100.0
K8_R0.90_T1_H1_N2_S8034_CENTRAL_inprocess,8034,1,1,N2,CENTRAL,89.42307692307692,100.0
K8_R0.90_T1_H1_N2_S8034_EDGE_MARKET_inprocess,8034,1,1,N2,EDGE_MARKET,77.88461538461539,87.5
K8_R0.90_T1_H1_N2_S8034_HYBRID_EAGER_inprocess,8034,1,1,N2,HYBRID_EAGER,87.5,100.0
K8_R0.90_T1_H1_N2_S8034_HYBRID_inprocess,8034,1,1,N2,HYBRID,89.42307692307692,100.0
K8_R0.90_T1_H1_N2_S8034_PERIODIC_inprocess,8034,1,1,N2,PERIODIC,85.57692307692308,100.0
K8_R0.90_T1_H1_N2_S8034_STATIC_inprocess,8034,1,1,N2,STATIC,80.76923076923077,62.5
K8_R0.90_T1_H1_N2_S8035_CENTRAL_FB_inprocess,8035,1,1,N2,CENTRAL_FB,88.28828828828829,91.66666666666667
K8_R0.90_T1_H1_N2_S8035_CENTRAL_FOG_inprocess,8035,1,1,N2,CENTRAL_FOG,88.28828828828829,91.66666666666667
K8_R0.90_T1_H1_N2_S8035_CENTRAL_inprocess,8035,1,1,N2,CENTRAL,88.28828828828829,91.66666666666667
K8_R0.90_T1_H1_N2_S8035_EDGE_MARKET_inprocess,8035,1,1,N2,EDGE_MARKET,89.1891891891892,91.66666666666667
K8_R0.90_T1_H1_N2_S8035_HYBRID_EAGER_inprocess,8035,1,1,N2,HYBRID_EAGER,88.28828828828829,91.66666666666667
K8_R0.90_T1_H1_N2_S8035_HYBRID_inprocess,8035,1,1,N2,HYBRID,88.28828828828829,91.66666666666667
K8_R0.90_T1_H1_N2_S8035_PERIODIC_inprocess,8035,1,1,N2,PERIODIC,83.78378378378379,83.33333333333333
K8_R0.90_T1_H1_N2_S8035_STATIC_inprocess,8035,1,1,N2,STATIC,81.08108108108108,58.333333333333336
K8_R0.90_T1_H1_N2_S8036_CENTRAL_FB_inprocess,8036,1,1,N2,CENTRAL_FB,85.4368932038835,75.0
K8_R0.90_T1_H1_N2_S8036_CENTRAL_FOG_inprocess,8036,1,1,N2,CENTRAL_FOG,85.4368932038835,75.0
K8_R0.90_T1_H1_N2_S8036_CENTRAL_inprocess,8036,1,1,N2,CENTRAL,85.4368932038835,75.0
K8_R0.90_T1_H1_N2_S8036_EDGE_MARKET_inprocess,8036,1,1,N2,EDGE_MARKET,83.49514563106796,87.5
K8_R0.90_T1_H1_N2_S8036_HYBRID_EAGER_inprocess,8036,1,1,N2,HYBRID_EAGER,85.4368932038835,75.0
K8_R0.90_T1_H1_N2_S8036_HYBRID_inprocess,8036,1,1,N2,HYBRID,85.4368932038835,75.0
K8_R0.90_T1_H1_N2_S8036_PERIODIC_inprocess,8036,1,1,N2,PERIODIC,81.55339805825243,75.0
K8_R0.90_T1_H1_N2_S8036_STATIC_inprocess,8036,1,1,N2,STATIC,79.6116504854369,62.5
K8_R0.90_T1_H1_N2_S8037_CENTRAL_FB_inprocess,8037,1,1,N2,CENTRAL_FB,80.55555555555556,90.0
K8_R0.90_T1_H1_N2_S8037_CENTRAL_FOG_inprocess,8037,1,1,N2,CENTRAL_FOG,80.55555555555556,90.0
K8_R0.90_T1_H1_N2_S8037_CENTRAL_inprocess,8037,1,1,N2,CENTRAL,80.55555555555556,90.0
K8_R0.90_T1_H1_N2_S8037_EDGE_MARKET_inprocess,8037,1,1,N2,EDGE_MARKET,86.11111111111111,100.0
K8_R0.90_T1_H1_N2_S8037_HYBRID_EAGER_inprocess,8037,1,1,N2,HYBRID_EAGER,87.03703703703704,100.0
K8_R0.90_T1_H1_N2_S8037_HYBRID_inprocess,8037,1,1,N2,HYBRID,80.55555555555556,90.0
K8_R0.90_T1_H1_N2_S8037_PERIODIC_inprocess,8037,1,1,N2,PERIODIC,85.18518518518519,100.0
K8_R0.90_T1_H1_N2_S8037_STATIC_inprocess,8037,1,1,N2,STATIC,76.85185185185185,50.0
K8_R0.90_T1_H1_N2_S8038_CENTRAL_FB_inprocess,8038,1,1,N2,CENTRAL_FB,89.69072164948453,100.0
K8_R0.90_T1_H1_N2_S8038_CENTRAL_FOG_inprocess,8038,1,1,N2,CENTRAL_FOG,89.69072164948453,100.0
K8_R0.90_T1_H1_N2_S8038_CENTRAL_inprocess,8038,1,1,N2,CENTRAL,89.69072164948453,100.0
K8_R0.90_T1_H1_N2_S8038_EDGE_MARKET_inprocess,8038,1,1,N2,EDGE_MARKET,89.69072164948453,100.0
K8_R0.90_T1_H1_N2_S8038_HYBRID_EAGER_inprocess,8038,1,1,N2,HYBRID_EAGER,89.69072164948453,100.0
K8_R0.90_T1_H1_N2_S8038_HYBRID_inprocess,8038,1,1,N2,HYBRID,89.69072164948453,100.0
K8_R0.90_T1_H1_N2_S8038_PERIODIC_inprocess,8038,1,1,N2,PERIODIC,89.69072164948453,100.0
K8_R0.90_T1_H1_N2_S8038_STATIC_inprocess,8038,1,1,N2,STATIC,78.35051546391753,40.0
K8_R0.90_T1_H1_N2_S8039_CENTRAL_FB_inprocess,8039,1,1,N2,CENTRAL_FB,87.12871287128714,100.0
K8_R0.90_T1_H1_N2_S8039_CENTRAL_FOG_inprocess,8039,1,1,N2,CENTRAL_FOG,86.13861386138613,83.33333333333333
K8_R0.90_T1_H1_N2_S8039_CENTRAL_inprocess,8039,1,1,N2,CENTRAL,86.13861386138613,83.33333333333333
K8_R0.90_T1_H1_N2_S8039_EDGE_MARKET_inprocess,8039,1,1,N2,EDGE_MARKET,92.07920792079207,100.0
K8_R0.90_T1_H1_N2_S8039_HYBRID_EAGER_inprocess,8039,1,1,N2,HYBRID_EAGER,87.12871287128714,66.66666666666667
K8_R0.90_T1_H1_N2_S8039_HYBRID_inprocess,8039,1,1,N2,HYBRID,87.12871287128714,100.0
K8_R0.90_T1_H1_N2_S8039_PERIODIC_inprocess,8039,1,1,N2,PERIODIC,92.07920792079207,100.0
K8_R0.90_T1_H1_N2_S8039_STATIC_inprocess,8039,1,1,N2,STATIC,85.14851485148515,66.66666666666667
K8_R0.90_T1_H1_N2_S8040_CENTRAL_FB_inprocess,8040,1,1,N2,CENTRAL_FB,86.73469387755102,85.71428571428571
K8_R0.90_T1_H1_N2_S8040_CENTRAL_FOG_inprocess,8040,1,1,N2,CENTRAL_FOG,86.73469387755102,85.71428571428571
K8_R0.90_T1_H1_N2_S8040_CENTRAL_inprocess,8040,1,1,N2,CENTRAL,86.73469387755102,85.71428571428571
K8_R0.90_T1_H1_N2_S8040_EDGE_MARKET_inprocess,8040,1,1,N2,EDGE_MARKET,87.75510204081633,100.0
K8_R0.90_T1_H1_N2_S8040_HYBRID_EAGER_inprocess,8040,1,1,N2,HYBRID_EAGER,86.73469387755102,85.71428571428571
K8_R0.90_T1_H1_N2_S8040_HYBRID_inprocess,8040,1,1,N2,HYBRID,86.73469387755102,85.71428571428571
K8_R0.90_T1_H1_N2_S8040_PERIODIC_inprocess,8040,1,1,N2,PERIODIC,87.75510204081633,100.0
K8_R0.90_T1_H1_N2_S8040_STATIC_inprocess,8040,1,1,N2,STATIC,77.55102040816327,71.42857142857143
K8_R0.90_T1_H1_N3_S8001_CENTRAL_FB_inprocess,8001,1,1,N3,CENTRAL_FB,79.0909090909091,83.33333333333333
K8_R0.90_T1_H1_N3_S8001_CENTRAL_FOG_inprocess,8001,1,1,N3,CENTRAL_FOG,82.72727272727273,91.66666666666667
K8_R0.90_T1_H1_N3_S8001_CENTRAL_inprocess,8001,1,1,N3,CENTRAL,82.72727272727273,91.66666666666667
K8_R0.90_T1_H1_N3_S8001_EDGE_MARKET_inprocess,8001,1,1,N3,EDGE_MARKET,82.72727272727273,100.0
K8_R0.90_T1_H1_N3_S8001_HYBRID_EAGER_inprocess,8001,1,1,N3,HYBRID_EAGER,79.0909090909091,83.33333333333333
K8_R0.90_T1_H1_N3_S8001_HYBRID_inprocess,8001,1,1,N3,HYBRID,79.0909090909091,83.33333333333333
K8_R0.90_T1_H1_N3_S8001_PERIODIC_inprocess,8001,1,1,N3,PERIODIC,84.54545454545455,100.0
K8_R0.90_T1_H1_N3_S8001_STATIC_inprocess,8001,1,1,N3,STATIC,72.72727272727273,58.333333333333336
K8_R0.90_T1_H1_N3_S8002_CENTRAL_FB_inprocess,8002,1,1,N3,CENTRAL_FB,87.5,100.0
K8_R0.90_T1_H1_N3_S8002_CENTRAL_FOG_inprocess,8002,1,1,N3,CENTRAL_FOG,87.5,100.0
K8_R0.90_T1_H1_N3_S8002_CENTRAL_inprocess,8002,1,1,N3,CENTRAL,87.5,100.0
K8_R0.90_T1_H1_N3_S8002_EDGE_MARKET_inprocess,8002,1,1,N3,EDGE_MARKET,84.375,83.33333333333333
K8_R0.90_T1_H1_N3_S8002_HYBRID_EAGER_inprocess,8002,1,1,N3,HYBRID_EAGER,87.5,100.0
K8_R0.90_T1_H1_N3_S8002_HYBRID_inprocess,8002,1,1,N3,HYBRID,87.5,100.0
K8_R0.90_T1_H1_N3_S8002_PERIODIC_inprocess,8002,1,1,N3,PERIODIC,88.54166666666667,100.0
K8_R0.90_T1_H1_N3_S8002_STATIC_inprocess,8002,1,1,N3,STATIC,83.33333333333333,66.66666666666667
K8_R0.90_T1_H1_N3_S8003_CENTRAL_FB_inprocess,8003,1,1,N3,CENTRAL_FB,87.73584905660377,90.9090909090909
K8_R0.90_T1_H1_N3_S8003_CENTRAL_FOG_inprocess,8003,1,1,N3,CENTRAL_FOG,87.73584905660377,90.9090909090909
K8_R0.90_T1_H1_N3_S8003_CENTRAL_inprocess,8003,1,1,N3,CENTRAL,87.73584905660377,90.9090909090909
K8_R0.90_T1_H1_N3_S8003_EDGE_MARKET_inprocess,8003,1,1,N3,EDGE_MARKET,80.18867924528301,81.81818181818181
K8_R0.90_T1_H1_N3_S8003_HYBRID_EAGER_inprocess,8003,1,1,N3,HYBRID_EAGER,85.84905660377359,90.9090909090909
K8_R0.90_T1_H1_N3_S8003_HYBRID_inprocess,8003,1,1,N3,HYBRID,87.73584905660377,90.9090909090909
K8_R0.90_T1_H1_N3_S8003_PERIODIC_inprocess,8003,1,1,N3,PERIODIC,79.24528301886792,72.72727272727273
K8_R0.90_T1_H1_N3_S8003_STATIC_inprocess,8003,1,1,N3,STATIC,73.58490566037736,27.272727272727273
K8_R0.90_T1_H1_N3_S8004_CENTRAL_FB_inprocess,8004,1,1,N3,CENTRAL_FB,93.61702127659575,50.0
K8_R0.90_T1_H1_N3_S8004_CENTRAL_FOG_inprocess,8004,1,1,N3,CENTRAL_FOG,94.68085106382979,50.0
K8_R0.90_T1_H1_N3_S8004_CENTRAL_inprocess,8004,1,1,N3,CENTRAL,94.68085106382979,50.0
K8_R0.90_T1_H1_N3_S8004_EDGE_MARKET_inprocess,8004,1,1,N3,EDGE_MARKET,86.17021276595744,50.0
K8_R0.90_T1_H1_N3_S8004_HYBRID_EAGER_inprocess,8004,1,1,N3,HYBRID_EAGER,92.55319148936171,50.0
K8_R0.90_T1_H1_N3_S8004_HYBRID_inprocess,8004,1,1,N3,HYBRID,93.61702127659575,50.0
K8_R0.90_T1_H1_N3_S8004_PERIODIC_inprocess,8004,1,1,N3,PERIODIC,90.42553191489361,50.0
K8_R0.90_T1_H1_N3_S8004_STATIC_inprocess,8004,1,1,N3,STATIC,81.91489361702128,50.0
K8_R0.90_T1_H1_N3_S8005_CENTRAL_FB_inprocess,8005,1,1,N3,CENTRAL_FB,87.36842105263158,100.0
K8_R0.90_T1_H1_N3_S8005_CENTRAL_FOG_inprocess,8005,1,1,N3,CENTRAL_FOG,87.36842105263158,100.0
K8_R0.90_T1_H1_N3_S8005_CENTRAL_inprocess,8005,1,1,N3,CENTRAL,87.36842105263158,100.0
K8_R0.90_T1_H1_N3_S8005_EDGE_MARKET_inprocess,8005,1,1,N3,EDGE_MARKET,88.42105263157895,100.0
K8_R0.90_T1_H1_N3_S8005_HYBRID_EAGER_inprocess,8005,1,1,N3,HYBRID_EAGER,84.21052631578948,100.0
K8_R0.90_T1_H1_N3_S8005_HYBRID_inprocess,8005,1,1,N3,HYBRID,87.36842105263158,100.0
K8_R0.90_T1_H1_N3_S8005_PERIODIC_inprocess,8005,1,1,N3,PERIODIC,92.63157894736842,100.0
K8_R0.90_T1_H1_N3_S8005_STATIC_inprocess,8005,1,1,N3,STATIC,83.15789473684211,66.66666666666667
K8_R0.90_T1_H1_N3_S8006_CENTRAL_FB_inprocess,8006,1,1,N3,CENTRAL_FB,81.63265306122449,75.0
K8_R0.90_T1_H1_N3_S8006_CENTRAL_FOG_inprocess,8006,1,1,N3,CENTRAL_FOG,81.63265306122449,75.0
K8_R0.90_T1_H1_N3_S8006_CENTRAL_inprocess,8006,1,1,N3,CENTRAL,81.63265306122449,75.0
K8_R0.90_T1_H1_N3_S8006_EDGE_MARKET_inprocess,8006,1,1,N3,EDGE_MARKET,88.77551020408163,87.5
K8_R0.90_T1_H1_N3_S8006_HYBRID_EAGER_inprocess,8006,1,1,N3,HYBRID_EAGER,79.59183673469387,75.0
K8_R0.90_T1_H1_N3_S8006_HYBRID_inprocess,8006,1,1,N3,HYBRID,81.63265306122449,75.0
K8_R0.90_T1_H1_N3_S8006_PERIODIC_inprocess,8006,1,1,N3,PERIODIC,81.63265306122449,87.5
K8_R0.90_T1_H1_N3_S8006_STATIC_inprocess,8006,1,1,N3,STATIC,78.57142857142857,37.5
K8_R0.90_T1_H1_N3_S8007_CENTRAL_FB_inprocess,8007,1,1,N3,CENTRAL_FB,84.15841584158416,88.88888888888889
K8_R0.90_T1_H1_N3_S8007_CENTRAL_FOG_inprocess,8007,1,1,N3,CENTRAL_FOG,84.15841584158416,88.88888888888889
K8_R0.90_T1_H1_N3_S8007_CENTRAL_inprocess,8007,1,1,N3,CENTRAL,84.15841584158416,88.88888888888889
K8_R0.90_T1_H1_N3_S8007_EDGE_MARKET_inprocess,8007,1,1,N3,EDGE_MARKET,86.13861386138613,100.0
K8_R0.90_T1_H1_N3_S8007_HYBRID_EAGER_inprocess,8007,1,1,N3,HYBRID_EAGER,92.07920792079207,100.0
K8_R0.90_T1_H1_N3_S8007_HYBRID_inprocess,8007,1,1,N3,HYBRID,84.15841584158416,88.88888888888889
K8_R0.90_T1_H1_N3_S8007_PERIODIC_inprocess,8007,1,1,N3,PERIODIC,88.11881188118812,88.88888888888889
K8_R0.90_T1_H1_N3_S8007_STATIC_inprocess,8007,1,1,N3,STATIC,77.22772277227723,55.55555555555556
K8_R0.90_T1_H1_N3_S8008_CENTRAL_FB_inprocess,8008,1,1,N3,CENTRAL_FB,87.5,80.0
K8_R0.90_T1_H1_N3_S8008_CENTRAL_FOG_inprocess,8008,1,1,N3,CENTRAL_FOG,87.5,80.0
K8_R0.90_T1_H1_N3_S8008_CENTRAL_inprocess,8008,1,1,N3,CENTRAL,87.5,80.0
K8_R0.90_T1_H1_N3_S8008_EDGE_MARKET_inprocess,8008,1,1,N3,EDGE_MARKET,86.45833333333333,80.0
K8_R0.90_T1_H1_N3_S8008_HYBRID_EAGER_inprocess,8008,1,1,N3,HYBRID_EAGER,87.5,80.0
K8_R0.90_T1_H1_N3_S8008_HYBRID_inprocess,8008,1,1,N3,HYBRID,87.5,80.0
K8_R0.90_T1_H1_N3_S8008_PERIODIC_inprocess,8008,1,1,N3,PERIODIC,85.41666666666667,100.0
K8_R0.90_T1_H1_N3_S8008_STATIC_inprocess,8008,1,1,N3,STATIC,81.25,60.0
K8_R0.90_T1_H1_N3_S8009_CENTRAL_FB_inprocess,8009,1,1,N3,CENTRAL_FB,84.61538461538461,75.0
K8_R0.90_T1_H1_N3_S8009_CENTRAL_FOG_inprocess,8009,1,1,N3,CENTRAL_FOG,80.21978021978022,75.0
K8_R0.90_T1_H1_N3_S8009_CENTRAL_inprocess,8009,1,1,N3,CENTRAL,80.21978021978022,75.0
K8_R0.90_T1_H1_N3_S8009_EDGE_MARKET_inprocess,8009,1,1,N3,EDGE_MARKET,84.61538461538461,75.0
K8_R0.90_T1_H1_N3_S8009_HYBRID_EAGER_inprocess,8009,1,1,N3,HYBRID_EAGER,85.71428571428571,75.0
K8_R0.90_T1_H1_N3_S8009_HYBRID_inprocess,8009,1,1,N3,HYBRID,84.61538461538461,75.0
K8_R0.90_T1_H1_N3_S8009_PERIODIC_inprocess,8009,1,1,N3,PERIODIC,85.71428571428571,75.0
K8_R0.90_T1_H1_N3_S8009_STATIC_inprocess,8009,1,1,N3,STATIC,79.12087912087912,50.0
K8_R0.90_T1_H1_N3_S8010_CENTRAL_FB_inprocess,8010,1,1,N3,CENTRAL_FB,82.79569892473118,75.0
K8_R0.90_T1_H1_N3_S8010_CENTRAL_FOG_inprocess,8010,1,1,N3,CENTRAL_FOG,87.09677419354838,100.0
K8_R0.90_T1_H1_N3_S8010_CENTRAL_inprocess,8010,1,1,N3,CENTRAL,87.09677419354838,100.0
K8_R0.90_T1_H1_N3_S8010_EDGE_MARKET_inprocess,8010,1,1,N3,EDGE_MARKET,83.87096774193549,75.0
K8_R0.90_T1_H1_N3_S8010_HYBRID_EAGER_inprocess,8010,1,1,N3,HYBRID_EAGER,86.02150537634408,100.0
K8_R0.90_T1_H1_N3_S8010_HYBRID_inprocess,8010,1,1,N3,HYBRID,82.79569892473118,75.0
K8_R0.90_T1_H1_N3_S8010_PERIODIC_inprocess,8010,1,1,N3,PERIODIC,86.02150537634408,100.0
K8_R0.90_T1_H1_N3_S8010_STATIC_inprocess,8010,1,1,N3,STATIC,80.64516129032258,50.0
K8_R0.90_T1_H1_N3_S8011_CENTRAL_FB_inprocess,8011,1,1,N3,CENTRAL_FB,78.0952380952381,100.0
K8_R0.90_T1_H1_N3_S8011_CENTRAL_FOG_inprocess,8011,1,1,N3,CENTRAL_FOG,78.0952380952381,100.0
K8_R0.90_T1_H1_N3_S8011_CENTRAL_inprocess,8011,1,1,N3,CENTRAL,78.0952380952381,100.0
K8_R0.90_T1_H1_N3_S8011_EDGE_MARKET_inprocess,8011,1,1,N3,EDGE_MARKET,78.0952380952381,100.0
K8_R0.90_T1_H1_N3_S8011_HYBRID_EAGER_inprocess,8011,1,1,N3,HYBRID_EAGER,78.0952380952381,100.0
K8_R0.90_T1_H1_N3_S8011_HYBRID_inprocess,8011,1,1,N3,HYBRID,78.0952380952381,100.0
K8_R0.90_T1_H1_N3_S8011_PERIODIC_inprocess,8011,1,1,N3,PERIODIC,75.23809523809524,85.71428571428571
K8_R0.90_T1_H1_N3_S8011_STATIC_inprocess,8011,1,1,N3,STATIC,72.38095238095238,28.571428571428573
K8_R0.90_T1_H1_N3_S8012_CENTRAL_FB_inprocess,8012,1,1,N3,CENTRAL_FB,75.67567567567568,100.0
K8_R0.90_T1_H1_N3_S8012_CENTRAL_FOG_inprocess,8012,1,1,N3,CENTRAL_FOG,75.67567567567568,100.0
K8_R0.90_T1_H1_N3_S8012_CENTRAL_inprocess,8012,1,1,N3,CENTRAL,75.67567567567568,100.0
K8_R0.90_T1_H1_N3_S8012_EDGE_MARKET_inprocess,8012,1,1,N3,EDGE_MARKET,74.77477477477477,81.81818181818181
K8_R0.90_T1_H1_N3_S8012_HYBRID_EAGER_inprocess,8012,1,1,N3,HYBRID_EAGER,75.67567567567568,100.0
K8_R0.90_T1_H1_N3_S8012_HYBRID_inprocess,8012,1,1,N3,HYBRID,75.67567567567568,100.0
K8_R0.90_T1_H1_N3_S8012_PERIODIC_inprocess,8012,1,1,N3,PERIODIC,73.87387387387388,81.81818181818181
K8_R0.90_T1_H1_N3_S8012_STATIC_inprocess,8012,1,1,N3,STATIC,69.36936936936937,36.36363636363637
K8_R0.90_T1_H1_N3_S8013_CENTRAL_FB_inprocess,8013,1,1,N3,CENTRAL_FB,82.52427184466019,77.77777777777777
K8_R0.90_T1_H1_N3_S8013_CENTRAL_FOG_inprocess,8013,1,1,N3,CENTRAL_FOG,83.49514563106796,88.88888888888889
K8_R0.90_T1_H1_N3_S8013_CENTRAL_inprocess,8013,1,1,N3,CENTRAL,83.49514563106796,88.88888888888889
K8_R0.90_T1_H1_N3_S8013_EDGE_MARKET_inprocess,8013,1,1,N3,EDGE_MARKET,76.69902912621359,88.88888888888889
K8_R0.90_T1_H1_N3_S8013_HYBRID_EAGER_inprocess,8013,1,1,N3,HYBRID_EAGER,82.52427184466019,77.77777777777777
K8_R0.90_T1_H1_N3_S8013_HYBRID_inprocess,8013,1,1,N3,HYBRID,82.52427184466019,77.77777777777777
K8_R0.90_T1_H1_N3_S8013_PERIODIC_inprocess,8013,1,1,N3,PERIODIC,78.64077669902913,77.77777777777777
K8_R0.90_T1_H1_N3_S8013_STATIC_inprocess,8013,1,1,N3,STATIC,68.93203883495146,44.44444444444444
K8_R0.90_T1_H1_N3_S8014_CENTRAL_FB_inprocess,8014,1,1,N3,CENTRAL_FB,88.57142857142857,100.0
K8_R0.90_T1_H1_N3_S8014_CENTRAL_FOG_inprocess,8014,1,1,N3,CENTRAL_FOG,90.47619047619048,90.9090909090909
K8_R0.90_T1_H1_N3_S8014_CENTRAL_inprocess,8014,1,1,N3,CENTRAL,90.47619047619048,90.9090909090909
K8_R0.90_T1_H1_N3_S8014_EDGE_MARKET_inprocess,8014,1,1,N3,EDGE_MARKET,81.9047619047619,90.9090909090909
K8_R0.90_T1_H1_N3_S8014_HYBRID_EAGER_inprocess,8014,1,1,N3,HYBRID_EAGER,88.57142857142857,100.0
K8_R0.90_T1_H1_N3_S8014_HYBRID_inprocess,8014,1,1,N3,HYBRID,88.57142857142857,100.0
K8_R0.90_T1_H1_N3_S8014_PERIODIC_inprocess,8014,1,1,N3,PERIODIC,82.85714285714286,90.9090909090909
K8_R0.90_T1_H1_N3_S8014_STATIC_inprocess,8014,1,1,N3,STATIC,81.9047619047619,63.63636363636363
K8_R0.90_T1_H1_N3_S8015_CENTRAL_FB_inprocess,8015,1,1,N3,CENTRAL_FB,80.73394495412845,85.71428571428571
K8_R0.90_T1_H1_N3_S8015_CENTRAL_FOG_inprocess,8015,1,1,N3,CENTRAL_FOG,81.65137614678899,85.71428571428571
K8_R0.90_T1_H1_N3_S8015_CENTRAL_inprocess,8015,1,1,N3,CENTRAL,81.65137614678899,85.71428571428571
K8_R0.90_T1_H1_N3_S8015_EDGE_MARKET_inprocess,8015,1,1,N3,EDGE_MARKET,77.98165137614679,78.57142857142857
K8_R0.90_T1_H1_N3_S8015_HYBRID_EAGER_inprocess,8015,1,1,N3,HYBRID_EAGER,76.14678899082568,78.57142857142857
K8_R0.90_T1_H1_N3_S8015_HYBRID_inprocess,8015,1,1,N3,HYBRID,80.73394495412845,85.71428571428571
K8_R0.90_T1_H1_N3_S8015_PERIODIC_inprocess,8015,1,1,N3,PERIODIC,70.64220183486239,57.142857142857146
K8_R0.90_T1_H1_N3_S8015_STATIC_inprocess,8015,1,1,N3,STATIC,70.64220183486239,35.714285714285715
K8_R0.90_T1_H1_N3_S8016_CENTRAL_FB_inprocess,8016,1,1,N3,CENTRAL_FB,86.0,80.0
K8_R0.90_T1_H1_N3_S8016_CENTRAL_FOG_inprocess,8016,1,1,N3,CENTRAL_FOG,88.0,100.0
K8_R0.90_T1_H1_N3_S8016_CENTRAL_inprocess,8016,1,1,N3,CENTRAL,88.0,100.0
K8_R0.90_T1_H1_N3_S8016_EDGE_MARKET_inprocess,8016,1,1,N3,EDGE_MARKET,91.0,100.0
K8_R0.90_T1_H1_N3_S8016_HYBRID_EAGER_inprocess,8016,1,1,N3,HYBRID_EAGER,86.0,80.0
K8_R0.90_T1_H1_N3_S8016_HYBRID_inprocess,8016,1,1,N3,HYBRID,86.0,80.0
K8_R0.90_T1_H1_N3_S8016_PERIODIC_inprocess,8016,1,1,N3,PERIODIC,88.0,100.0
K8_R0.90_T1_H1_N3_S8016_STATIC_inprocess,8016,1,1,N3,STATIC,86.0,80.0
K8_R0.90_T1_H1_N3_S8017_CENTRAL_FB_inprocess,8017,1,1,N3,CENTRAL_FB,85.4368932038835,88.88888888888889
K8_R0.90_T1_H1_N3_S8017_CENTRAL_FOG_inprocess,8017,1,1,N3,CENTRAL_FOG,85.4368932038835,88.88888888888889
K8_R0.90_T1_H1_N3_S8017_CENTRAL_inprocess,8017,1,1,N3,CENTRAL,85.4368932038835,88.88888888888889
K8_R0.90_T1_H1_N3_S8017_EDGE_MARKET_inprocess,8017,1,1,N3,EDGE_MARKET,82.52427184466019,88.88888888888889
K8_R0.90_T1_H1_N3_S8017_HYBRID_EAGER_inprocess,8017,1,1,N3,HYBRID_EAGER,84.46601941747574,100.0
K8_R0.90_T1_H1_N3_S8017_HYBRID_inprocess,8017,1,1,N3,HYBRID,85.4368932038835,88.88888888888889
K8_R0.90_T1_H1_N3_S8017_PERIODIC_inprocess,8017,1,1,N3,PERIODIC,85.4368932038835,88.88888888888889
K8_R0.90_T1_H1_N3_S8017_STATIC_inprocess,8017,1,1,N3,STATIC,76.69902912621359,77.77777777777777
K8_R0.90_T1_H1_N3_S8018_CENTRAL_FB_inprocess,8018,1,1,N3,CENTRAL_FB,85.29411764705883,100.0
K8_R0.90_T1_H1_N3_S8018_CENTRAL_FOG_inprocess,8018,1,1,N3,CENTRAL_FOG,87.25490196078431,100.0
K8_R0.90_T1_H1_N3_S8018_CENTRAL_inprocess,8018,1,1,N3,CENTRAL,87.25490196078431,100.0
K8_R0.90_T1_H1_N3_S8018_EDGE_MARKET_inprocess,8018,1,1,N3,EDGE_MARKET,82.3529411764706,85.71428571428571
K8_R0.90_T1_H1_N3_S8018_HYBRID_EAGER_inprocess,8018,1,1,N3,HYBRID_EAGER,83.33333333333333,85.71428571428571
K8_R0.90_T1_H1_N3_S8018_HYBRID_inprocess,8018,1,1,N3,HYBRID,85.29411764705883,100.0
K8_R0.90_T1_H1_N3_S8018_PERIODIC_inprocess,8018,1,1,N3,PERIODIC,75.49019607843137,85.71428571428571
K8_R0.90_T1_H1_N3_S8018_STATIC_inprocess,8018,1,1,N3,STATIC,71.56862745098039,28.571428571428573
K8_R0.90_T1_H1_N3_S8019_CENTRAL_FB_inprocess,8019,1,1,N3,CENTRAL_FB,81.72043010752688,60.0
K8_R0.90_T1_H1_N3_S8019_CENTRAL_FOG_inprocess,8019,1,1,N3,CENTRAL_FOG,84.94623655913979,60.0
K8_R0.90_T1_H1_N3_S8019_CENTRAL_inprocess,8019,1,1,N3,CENTRAL,84.94623655913979,60.0
K8_R0.90_T1_H1_N3_S8019_EDGE_MARKET_inprocess,8019,1,1,N3,EDGE_MARKET,88.17204301075269,100.0
K8_R0.90_T1_H1_N3_S8019_HYBRID_EAGER_inprocess,8019,1,1,N3,HYBRID_EAGER,84.94623655913979,100.0
K8_R0.90_T1_H1_N3_S8019_HYBRID_inprocess,8019,1,1,N3,HYBRID,81.72043010752688,60.0
K8_R0.90_T1_H1_N3_S8019_PERIODIC_inprocess,8019,1,1,N3,PERIODIC,87.09677419354838,80.0
K8_R0.90_T1_H1_N3_S8019_STATIC_inprocess,8019,1,1,N3,STATIC,76.34408602150538,60.0
K8_R0.90_T1_H1_N3_S8020_CENTRAL_FB_inprocess,8020,1,1,N3,CENTRAL_FB,83.01886792452831,85.71428571428571
K8_R0.90_T1_H1_N3_S8020_CENTRAL_FOG_inprocess,8020,1,1,N3,CENTRAL_FOG,83.01886792452831,85.71428571428571
K8_R0.90_T1_H1_N3_S8020_CENTRAL_inprocess,8020,1,1,N3,CENTRAL,83.01886792452831,85.71428571428571
K8_R0.90_T1_H1_N3_S8020_EDGE_MARKET_inprocess,8020,1,1,N3,EDGE_MARKET,81.13207547169812,71.42857142857143
K8_R0.90_T1_H1_N3_S8020_HYBRID_EAGER_inprocess,8020,1,1,N3,HYBRID_EAGER,85.84905660377359,85.71428571428571
K8_R0.90_T1_H1_N3_S8020_HYBRID_inprocess,8020,1,1,N3,HYBRID,83.01886792452831,85.71428571428571
K8_R0.90_T1_H1_N3_S8020_PERIODIC_inprocess,8020,1,1,N3,PERIODIC,78.30188679245283,57.142857142857146
K8_R0.90_T1_H1_N3_S8020_STATIC_inprocess,8020,1,1,N3,STATIC,72.64150943396227,42.857142857142854
K8_R0.90_T1_H1_N3_S8021_CENTRAL_FB_inprocess,8021,1,1,N3,CENTRAL_FB,78.21782178217822,88.88888888888889
K8_R0.90_T1_H1_N3_S8021_CENTRAL_FOG_inprocess,8021,1,1,N3,CENTRAL_FOG,84.15841584158416,88.88888888888889
K8_R0.90_T1_H1_N3_S8021_CENTRAL_inprocess,8021,1,1,N3,CENTRAL,84.15841584158416,88.88888888888889
K8_R0.90_T1_H1_N3_S8021_EDGE_MARKET_inprocess,8021,1,1,N3,EDGE_MARKET,79.20792079207921,55.55555555555556
K8_R0.90_T1_H1_N3_S8021_HYBRID_EAGER_inprocess,8021,1,1,N3,HYBRID_EAGER,78.21782178217822,88.88888888888889
K8_R0.90_T1_H1_N3_S8021_HYBRID_inprocess,8021,1,1,N3,HYBRID,78.21782178217822,88.88888888888889
K8_R0.90_T1_H1_N3_S8021_PERIODIC_inprocess,8021,1,1,N3,PERIODIC,80.1980198019802,77.77777777777777
K8_R0.90_T1_H1_N3_S8021_STATIC_inprocess,8021,1,1,N3,STATIC,72.27722772277228,55.55555555555556
K8_R0.90_T1_H1_N3_S8022_CENTRAL_FB_inprocess,8022,1,1,N3,CENTRAL_FB,71.96261682242991,100.0
K8_R0.90_T1_H1_N3_S8022_CENTRAL_FOG_inprocess,8022,1,1,N3,CENTRAL_FOG,72.89719626168224,100.0
K8_R0.90_T1_H1_N3_S8022_CENTRAL_inprocess,8022,1,1,N3,CENTRAL,72.89719626168224,100.0
K8_R0.90_T1_H1_N3_S8022_EDGE_MARKET_inprocess,8022,1,1,N3,EDGE_MARKET,64.48598130841121,62.5
K8_R0.90_T1_H1_N3_S8022_HYBRID_EAGER_inprocess,8022,1,1,N3,HYBRID_EAGER,72.89719626168224,100.0
K8_R0.90_T1_H1_N3_S8022_HYBRID_inprocess,8022,1,1,N3,HYBRID,71.96261682242991,100.0
K8_R0.90_T1_H1_N3_S8022_PERIODIC_inprocess,8022,1,1,N3,PERIODIC,68.22429906542057,87.5
K8_R0.90_T1_H1_N3_S8022_STATIC_inprocess,8022,1,1,N3,STATIC,63.55140186915888,50.0
K8_R0.90_T1_H1_N3_S8023_CENTRAL_FB_inprocess,8023,1,1,N3,CENTRAL_FB,75.49019607843137,90.9090909090909
K8_R0.90_T1_H1_N3_S8023_CENTRAL_FOG_inprocess,8023,1,1,N3,CENTRAL_FOG,77.45098039215686,90.9090909090909
K8_R0.90_T1_H1_N3_S8023_CENTRAL_inprocess,8023,1,1,N3,CENTRAL,77.45098039215686,90.9090909090909
K8_R0.90_T1_H1_N3_S8023_EDGE_MARKET_inprocess,8023,1,1,N3,EDGE_MARKET,76.47058823529412,90.9090909090909
K8_R0.90_T1_H1_N3_S8023_HYBRID_EAGER_inprocess,8023,1,1,N3,HYBRID_EAGER,75.49019607843137,72.72727272727273
K8_R0.90_T1_H1_N3_S8023_HYBRID_inprocess,8023,1,1,N3,HYBRID,75.49019607843137,90.9090909090909
K8_R0.90_T1_H1_N3_S8023_PERIODIC_inprocess,8023,1,1,N3,PERIODIC,80.3921568627451,90.9090909090909
K8_R0.90_T1_H1_N3_S8023_STATIC_inprocess,8023,1,1,N3,STATIC,76.47058823529412,72.72727272727273
K8_R0.90_T1_H1_N3_S8024_CENTRAL_FB_inprocess,8024,1,1,N3,CENTRAL_FB,88.0,66.66666666666667
K8_R0.90_T1_H1_N3_S8024_CENTRAL_FOG_inprocess,8024,1,1,N3,CENTRAL_FOG,91.0,83.33333333333333
K8_R0.90_T1_H1_N3_S8024_CENTRAL_inprocess,8024,1,1,N3,CENTRAL,91.0,83.33333333333333
K8_R0.90_T1_H1_N3_S8024_EDGE_MARKET_inprocess,8024,1,1,N3,EDGE_MARKET,84.0,100.0
K8_R0.90_T1_H1_N3_S8024_HYBRID_EAGER_inprocess,8024,1,1,N3,HYBRID_EAGER,87.0,83.33333333333333
K8_R0.90_T1_H1_N3_S8024_HYBRID_inprocess,8024,1,1,N3,HYBRID,88.0,66.66666666666667
K8_R0.90_T1_H1_N3_S8024_PERIODIC_inprocess,8024,1,1,N3,PERIODIC,85.0,100.0
K8_R0.90_T1_H1_N3_S8024_STATIC_inprocess,8024,1,1,N3,STATIC,79.0,83.33333333333333
K8_R0.90_T1_H1_N3_S8025_CENTRAL_FB_inprocess,8025,1,1,N3,CENTRAL_FB,91.66666666666667,100.0
K8_R0.90_T1_H1_N3_S8025_CENTRAL_FOG_inprocess,8025,1,1,N3,CENTRAL_FOG,90.625,100.0
K8_R0.90_T1_H1_N3_S8025_CENTRAL_inprocess,8025,1,1,N3,CENTRAL,90.625,100.0
K8_R0.90_T1_H1_N3_S8025_EDGE_MARKET_inprocess,8025,1,1,N3,EDGE_MARKET,83.33333333333333,66.66666666666667
K8_R0.90_T1_H1_N3_S8025_HYBRID_EAGER_inprocess,8025,1,1,N3,HYBRID_EAGER,89.58333333333333,100.0
K8_R0.90_T1_H1_N3_S8025_HYBRID_inprocess,8025,1,1,N3,HYBRID,91.66666666666667,100.0
K8_R0.90_T1_H1_N3_S8025_PERIODIC_inprocess,8025,1,1,N3,PERIODIC,89.58333333333333,100.0
K8_R0.90_T1_H1_N3_S8025_STATIC_inprocess,8025,1,1,N3,STATIC,77.08333333333333,33.333333333333336
K8_R0.90_T1_H1_N3_S8026_CENTRAL_FB_inprocess,8026,1,1,N3,CENTRAL_FB,88.54166666666667,83.33333333333333
K8_R0.90_T1_H1_N3_S8026_CENTRAL_FOG_inprocess,8026,1,1,N3,CENTRAL_FOG,88.54166666666667,83.33333333333333
K8_R0.90_T1_H1_N3_S8026_CENTRAL_inprocess,8026,1,1,N3,CENTRAL,88.54166666666667,83.33333333333333
K8_R0.90_T1_H1_N3_S8026_EDGE_MARKET_inprocess,8026,1,1,N3,EDGE_MARKET,86.45833333333333,83.33333333333333
K8_R0.90_T1_H1_N3_S8026_HYBRID_EAGER_inprocess,8026,1,1,N3,HYBRID_EAGER,89.58333333333333,100.0
K8_R0.90_T1_H1_N3_S8026_HYBRID_inprocess,8026,1,1,N3,HYBRID,88.54166666666667,83.33333333333333
K8_R0.90_T1_H1_N3_S8026_PERIODIC_inprocess,8026,1,1,N3,PERIODIC,89.58333333333333,83.33333333333333
K8_R0.90_T1_H1_N3_S8026_STATIC_inprocess,8026,1,1,N3,STATIC,87.5,83.33333333333333
K8_R0.90_T1_H1_N3_S8027_CENTRAL_FB_inprocess,8027,1,1,N3,CENTRAL_FB,84.46601941747574,88.88888888888889
K8_R0.90_T1_H1_N3_S8027_CENTRAL_FOG_inprocess,8027,1,1,N3,CENTRAL_FOG,85.4368932038835,88.88888888888889
K8_R0.90_T1_H1_N3_S8027_CENTRAL_inprocess,8027,1,1,N3,CENTRAL,85.4368932038835,88.88888888888889
K8_R0.90_T1_H1_N3_S8027_EDGE_MARKET_inprocess,8027,1,1,N3,EDGE_MARKET,81.55339805825243,100.0
K8_R0.90_T1_H1_N3_S8027_HYBRID_EAGER_inprocess,8027,1,1,N3,HYBRID_EAGER,84.46601941747574,100.0
K8_R0.90_T1_H1_N3_S8027_HYBRID_inprocess,8027,1,1,N3,HYBRID,84.46601941747574,88.88888888888889
K8_R0.90_T1_H1_N3_S8027_PERIODIC_inprocess,8027,1,1,N3,PERIODIC,80.58252427184466,77.77777777777777
K8_R0.90_T1_H1_N3_S8027_STATIC_inprocess,8027,1,1,N3,STATIC,73.7864077669903,55.55555555555556
K8_R0.90_T1_H1_N3_S8028_CENTRAL_FB_inprocess,8028,1,1,N3,CENTRAL_FB,75.47169811320755,71.42857142857143
K8_R0.90_T1_H1_N3_S8028_CENTRAL_FOG_inprocess,8028,1,1,N3,CENTRAL_FOG,79.24528301886792,85.71428571428571
K8_R0.90_T1_H1_N3_S8028_CENTRAL_inprocess,8028,1,1,N3,CENTRAL,79.24528301886792,85.71428571428571
K8_R0.90_T1_H1_N3_S8028_EDGE_MARKET_inprocess,8028,1,1,N3,EDGE_MARKET,72.64150943396227,78.57142857142857
K8_R0.90_T1_H1_N3_S8028_HYBRID_EAGER_inprocess,8028,1,1,N3,HYBRID_EAGER,75.47169811320755,71.42857142857143
K8_R0.90_T1_H1_N3_S8028_HYBRID_inprocess,8028,1,1,N3,HYBRID,75.47169811320755,71.42857142857143
K8_R0.90_T1_H1_N3_S8028_PERIODIC_inprocess,8028,1,1,N3,PERIODIC,80.18867924528301,85.71428571428571
K8_R0.90_T1_H1_N3_S8028_STATIC_inprocess,8028,1,1,N3,STATIC,62.264150943396224,35.714285714285715
K8_R0.90_T1_H1_N3_S8029_CENTRAL_FB_inprocess,8029,1,1,N3,CENTRAL_FB,83.83838383838383,100.0
K8_R0.90_T1_H1_N3_S8029_CENTRAL_FOG_inprocess,8029,1,1,N3,CENTRAL_FOG,82.82828282828282,83.33333333333333
K8_R0.90_T1_H1_N3_S8029_CENTRAL_inprocess,8029,1,1,N3,CENTRAL,82.82828282828282,83.33333333333333
K8_R0.90_T1_H1_N3_S8029_EDGE_MARKET_inprocess,8029,1,1,N3,EDGE_MARKET,78.78787878787878,100.0
K8_R0.90_T1_H1_N3_S8029_HYBRID_EAGER_inprocess,8029,1,1,N3,HYBRID_EAGER,83.83838383838383,100.0
K8_R0.90_T1_H1_N3_S8029_HYBRID_inprocess,8029,1,1,N3,HYBRID,83.83838383838383,100.0
K8_R0.90_T1_H1_N3_S8029_PERIODIC_inprocess,8029,1,1,N3,PERIODIC,81.81818181818181,83.33333333333333
K8_R0.90_T1_H1_N3_S8029_STATIC_inprocess,8029,1,1,N3,STATIC,78.78787878787878,50.0
K8_R0.90_T1_H1_N3_S8030_CENTRAL_FB_inprocess,8030,1,1,N3,CENTRAL_FB,82.82828282828282,100.0
K8_R0.90_T1_H1_N3_S8030_CENTRAL_FOG_inprocess,8030,1,1,N3,CENTRAL_FOG,82.82828282828282,100.0
K8_R0.90_T1_H1_N3_S8030_CENTRAL_inprocess,8030,1,1,N3,CENTRAL,82.82828282828282,100.0
K8_R0.90_T1_H1_N3_S8030_EDGE_MARKET_inprocess,8030,1,1,N3,EDGE_MARKET,82.82828282828282,100.0
K8_R0.90_T1_H1_N3_S8030_HYBRID_EAGER_inprocess,8030,1,1,N3,HYBRID_EAGER,82.82828282828282,100.0
K8_R0.90_T1_H1_N3_S8030_HYBRID_inprocess,8030,1,1,N3,HYBRID,82.82828282828282,100.0
K8_R0.90_T1_H1_N3_S8030_PERIODIC_inprocess,8030,1,1,N3,PERIODIC,81.81818181818181,83.33333333333333
K8_R0.90_T1_H1_N3_S8030_STATIC_inprocess,8030,1,1,N3,STATIC,79.79797979797979,50.0
K8_R0.90_T1_H1_N3_S8031_CENTRAL_FB_inprocess,8031,1,1,N3,CENTRAL_FB,84.21052631578948,83.33333333333333
K8_R0.90_T1_H1_N3_S8031_CENTRAL_FOG_inprocess,8031,1,1,N3,CENTRAL_FOG,84.21052631578948,83.33333333333333
K8_R0.90_T1_H1_N3_S8031_CENTRAL_inprocess,8031,1,1,N3,CENTRAL,84.21052631578948,83.33333333333333
K8_R0.90_T1_H1_N3_S8031_EDGE_MARKET_inprocess,8031,1,1,N3,EDGE_MARKET,82.10526315789474,83.33333333333333
K8_R0.90_T1_H1_N3_S8031_HYBRID_EAGER_inprocess,8031,1,1,N3,HYBRID_EAGER,80.0,83.33333333333333
K8_R0.90_T1_H1_N3_S8031_HYBRID_inprocess,8031,1,1,N3,HYBRID,84.21052631578948,83.33333333333333
K8_R0.90_T1_H1_N3_S8031_PERIODIC_inprocess,8031,1,1,N3,PERIODIC,77.89473684210526,66.66666666666667
K8_R0.90_T1_H1_N3_S8031_STATIC_inprocess,8031,1,1,N3,STATIC,72.63157894736842,33.333333333333336
K8_R0.90_T1_H1_N3_S8032_CENTRAL_FB_inprocess,8032,1,1,N3,CENTRAL_FB,90.9090909090909,100.0
K8_R0.90_T1_H1_N3_S8032_CENTRAL_FOG_inprocess,8032,1,1,N3,CENTRAL_FOG,87.87878787878788,83.33333333333333
K8_R0.90_T1_H1_N3_S8032_CENTRAL_inprocess,8032,1,1,N3,CENTRAL,87.87878787878788,83.33333333333333
K8_R0.90_T1_H1_N3_S8032_EDGE_MARKET_inprocess,8032,1,1,N3,EDGE_MARKET,84.84848484848484,83.33333333333333
K8_R0.90_T1_H1_N3_S8032_HYBRID_EAGER_inprocess,8032,1,1,N3,HYBRID_EAGER,90.9090909090909,100.0
K8_R0.90_T1_H1_N3_S8032_HYBRID_inprocess,8032,1,1,N3,HYBRID,90.9090909090909,100.0
K8_R0.90_T1_H1_N3_S8032_PERIODIC_inprocess,8032,1,1,N3,PERIODIC,84.84848484848484,83.33333333333333
K8_R0.90_T1_H1_N3_S8032_STATIC_inprocess,8032,1,1,N3,STATIC,81.81818181818181,66.66666666666667
K8_R0.90_T1_H1_N3_S8033_CENTRAL_FB_inprocess,8033,1,1,N3,CENTRAL_FB,89.79591836734694,100.0
K8_R0.90_T1_H1_N3_S8033_CENTRAL_FOG_inprocess,8033,1,1,N3,CENTRAL_FOG,90.81632653061224,100.0
K8_R0.90_T1_H1_N3_S8033_CENTRAL_inprocess,8033,1,1,N3,CENTRAL,90.81632653061224,100.0
K8_R0.90_T1_H1_N3_S8033_EDGE_MARKET_inprocess,8033,1,1,N3,EDGE_MARKET,86.73469387755102,66.66666666666667
K8_R0.90_T1_H1_N3_S8033_HYBRID_EAGER_inprocess,8033,1,1,N3,HYBRID_EAGER,83.6734693877551,83.33333333333333
K8_R0.90_T1_H1_N3_S8033_HYBRID_inprocess,8033,1,1,N3,HYBRID,89.79591836734694,100.0
K8_R0.90_T1_H1_N3_S8033_PERIODIC_inprocess,8033,1,1,N3,PERIODIC,91.83673469387755,100.0
K8_R0.90_T1_H1_N3_S8033_STATIC_inprocess,8033,1,1,N3,STATIC,80.61224489795919,33.333333333333336
K8_R0.90_T1_H1_N3_S8034_CENTRAL_FB_inprocess,8034,1,1,N3,CENTRAL_FB,90.38461538461539,100.0
K8_R0.90_T1_H1_N3_S8034_CENTRAL_FOG_inprocess,8034,1,1,N3,CENTRAL_FOG,90.38461538461539,100.0
K8_R0.90_T1_H1_N3_S8034_CENTRAL_inprocess,8034,1,1,N3,CENTRAL,90.38461538461539,100.0
K8_R0.90_T1_H1_N3_S8034_EDGE_MARKET_inprocess,8034,1,1,N3,EDGE_MARKET,80.76923076923077,75.0
K8_R0.90_T1_H1_N3_S8034_HYBRID_EAGER_inprocess,8034,1,1,N3,HYBRID_EAGER,87.5,87.5
K8_R0.90_T1_H1_N3_S8034_HYBRID_inprocess,8034,1,1,N3,HYBRID,90.38461538461539,100.0
K8_R0.90_T1_H1_N3_S8034_PERIODIC_inprocess,8034,1,1,N3,PERIODIC,82.6923076923077,87.5
K8_R0.90_T1_H1_N3_S8034_STATIC_inprocess,8034,1,1,N3,STATIC,79.8076923076923,75.0
K8_R0.90_T1_H1_N3_S8035_CENTRAL_FB_inprocess,8035,1,1,N3,CENTRAL_FB,87.38738738738739,91.66666666666667
K8_R0.90_T1_H1_N3_S8035_CENTRAL_FOG_inprocess,8035,1,1,N3,CENTRAL_FOG,86.48648648648648,91.66666666666667
K8_R0.90_T1_H1_N3_S8035_CENTRAL_inprocess,8035,1,1,N3,CENTRAL,86.48648648648648,91.66666666666667
K8_R0.90_T1_H1_N3_S8035_EDGE_MARKET_inprocess,8035,1,1,N3,EDGE_MARKET,87.38738738738739,91.66666666666667
K8_R0.90_T1_H1_N3_S8035_HYBRID_EAGER_inprocess,8035,1,1,N3,HYBRID_EAGER,89.1891891891892,91.66666666666667
K8_R0.90_T1_H1_N3_S8035_HYBRID_inprocess,8035,1,1,N3,HYBRID,87.38738738738739,91.66666666666667
K8_R0.90_T1_H1_N3_S8035_PERIODIC_inprocess,8035,1,1,N3,PERIODIC,83.78378378378379,91.66666666666667
K8_R0.90_T1_H1_N3_S8035_STATIC_inprocess,8035,1,1,N3,STATIC,81.08108108108108,66.66666666666667
K8_R0.90_T1_H1_N3_S8036_CENTRAL_FB_inprocess,8036,1,1,N3,CENTRAL_FB,87.37864077669903,100.0
K8_R0.90_T1_H1_N3_S8036_CENTRAL_FOG_inprocess,8036,1,1,N3,CENTRAL_FOG,86.40776699029126,100.0
K8_R0.90_T1_H1_N3_S8036_CENTRAL_inprocess,8036,1,1,N3,CENTRAL,86.40776699029126,100.0
K8_R0.90_T1_H1_N3_S8036_EDGE_MARKET_inprocess,8036,1,1,N3,EDGE_MARKET,77.66990291262135,62.5
K8_R0.90_T1_H1_N3_S8036_HYBRID_EAGER_inprocess,8036,1,1,N3,HYBRID_EAGER,87.37864077669903,100.0
K8_R0.90_T1_H1_N3_S8036_HYBRID_inprocess,8036,1,1,N3,HYBRID,87.37864077669903,100.0
K8_R0.90_T1_H1_N3_S8036_PERIODIC_inprocess,8036,1,1,N3,PERIODIC,83.49514563106796,87.5
K8_R0.90_T1_H1_N3_S8036_STATIC_inprocess,8036,1,1,N3,STATIC,77.66990291262135,75.0
K8_R0.90_T1_H1_N3_S8037_CENTRAL_FB_inprocess,8037,1,1,N3,CENTRAL_FB,86.11111111111111,100.0
K8_R0.90_T1_H1_N3_S8037_CENTRAL_FOG_inprocess,8037,1,1,N3,CENTRAL_FOG,81.48148148148148,90.0
K8_R0.90_T1_H1_N3_S8037_CENTRAL_inprocess,8037,1,1,N3,CENTRAL,81.48148148148148,90.0
K8_R0.90_T1_H1_N3_S8037_EDGE_MARKET_inprocess,8037,1,1,N3,EDGE_MARKET,85.18518518518519,100.0
K8_R0.90_T1_H1_N3_S8037_HYBRID_EAGER_inprocess,8037,1,1,N3,HYBRID_EAGER,86.11111111111111,100.0
K8_R0.90_T1_H1_N3_S8037_HYBRID_inprocess,8037,1,1,N3,HYBRID,86.11111111111111,100.0
K8_R0.90_T1_H1_N3_S8037_PERIODIC_inprocess,8037,1,1,N3,PERIODIC,85.18518518518519,100.0
K8_R0.90_T1_H1_N3_S8037_STATIC_inprocess,8037,1,1,N3,STATIC,74.07407407407408,40.0
K8_R0.90_T1_H1_N3_S8038_CENTRAL_FB_inprocess,8038,1,1,N3,CENTRAL_FB,88.65979381443299,100.0
K8_R0.90_T1_H1_N3_S8038_CENTRAL_FOG_inprocess,8038,1,1,N3,CENTRAL_FOG,89.69072164948453,100.0
K8_R0.90_T1_H1_N3_S8038_CENTRAL_inprocess,8038,1,1,N3,CENTRAL,89.69072164948453,100.0
K8_R0.90_T1_H1_N3_S8038_EDGE_MARKET_inprocess,8038,1,1,N3,EDGE_MARKET,85.56701030927834,100.0
K8_R0.90_T1_H1_N3_S8038_HYBRID_EAGER_inprocess,8038,1,1,N3,HYBRID_EAGER,89.69072164948453,100.0
K8_R0.90_T1_H1_N3_S8038_HYBRID_inprocess,8038,1,1,N3,HYBRID,88.65979381443299,100.0
K8_R0.90_T1_H1_N3_S8038_PERIODIC_inprocess,8038,1,1,N3,PERIODIC,87.62886597938144,100.0
K8_R0.90_T1_H1_N3_S8038_STATIC_inprocess,8038,1,1,N3,STATIC,76.28865979381443,40.0
K8_R0.90_T1_H1_N3_S8039_CENTRAL_FB_inprocess,8039,1,1,N3,CENTRAL_FB,84.15841584158416,66.66666666666667
K8_R0.90_T1_H1_N3_S8039_CENTRAL_FOG_inprocess,8039,1,1,N3,CENTRAL_FOG,84.15841584158416,66.66666666666667
K8_R0.90_T1_H1_N3_S8039_CENTRAL_inprocess,8039,1,1,N3,CENTRAL,84.15841584158416,66.66666666666667
K8_R0.90_T1_H1_N3_S8039_EDGE_MARKET_inprocess,8039,1,1,N3,EDGE_MARKET,83.16831683168317,66.66666666666667
K8_R0.90_T1_H1_N3_S8039_HYBRID_EAGER_inprocess,8039,1,1,N3,HYBRID_EAGER,87.12871287128714,100.0
K8_R0.90_T1_H1_N3_S8039_HYBRID_inprocess,8039,1,1,N3,HYBRID,84.15841584158416,66.66666666666667
K8_R0.90_T1_H1_N3_S8039_PERIODIC_inprocess,8039,1,1,N3,PERIODIC,83.16831683168317,83.33333333333333
K8_R0.90_T1_H1_N3_S8039_STATIC_inprocess,8039,1,1,N3,STATIC,80.1980198019802,50.0
K8_R0.90_T1_H1_N3_S8040_CENTRAL_FB_inprocess,8040,1,1,N3,CENTRAL_FB,85.71428571428571,85.71428571428571
K8_R0.90_T1_H1_N3_S8040_CENTRAL_FOG_inprocess,8040,1,1,N3,CENTRAL_FOG,85.71428571428571,85.71428571428571
K8_R0.90_T1_H1_N3_S8040_CENTRAL_inprocess,8040,1,1,N3,CENTRAL,85.71428571428571,85.71428571428571
K8_R0.90_T1_H1_N3_S8040_EDGE_MARKET_inprocess,8040,1,1,N3,EDGE_MARKET,86.73469387755102,100.0
K8_R0.90_T1_H1_N3_S8040_HYBRID_EAGER_inprocess,8040,1,1,N3,HYBRID_EAGER,85.71428571428571,85.71428571428571
K8_R0.90_T1_H1_N3_S8040_HYBRID_inprocess,8040,1,1,N3,HYBRID,85.71428571428571,85.71428571428571
K8_R0.90_T1_H1_N3_S8040_PERIODIC_inprocess,8040,1,1,N3,PERIODIC,86.73469387755102,85.71428571428571
K8_R0.90_T1_H1_N3_S8040_STATIC_inprocess,8040,1,1,N3,STATIC,76.53061224489795,71.42857142857143
K8_R0.90_T1_H1_N4_S8001_CENTRAL_FB_inprocess,8001,1,1,N4,CENTRAL_FB,74.54545454545455,66.66666666666667
K8_R0.90_T1_H1_N4_S8001_CENTRAL_FOG_inprocess,8001,1,1,N4,CENTRAL_FOG,88.18181818181819,100.0
K8_R0.90_T1_H1_N4_S8001_CENTRAL_inprocess,8001,1,1,N4,CENTRAL,71.81818181818181,66.66666666666667
K8_R0.90_T1_H1_N4_S8001_EDGE_MARKET_inprocess,8001,1,1,N4,EDGE_MARKET,81.81818181818181,100.0
K8_R0.90_T1_H1_N4_S8001_HYBRID_EAGER_inprocess,8001,1,1,N4,HYBRID_EAGER,82.72727272727273,91.66666666666667
K8_R0.90_T1_H1_N4_S8001_HYBRID_inprocess,8001,1,1,N4,HYBRID,82.72727272727273,91.66666666666667
K8_R0.90_T1_H1_N4_S8001_PERIODIC_inprocess,8001,1,1,N4,PERIODIC,74.54545454545455,66.66666666666667
K8_R0.90_T1_H1_N4_S8001_STATIC_inprocess,8001,1,1,N4,STATIC,78.18181818181819,66.66666666666667
K8_R0.90_T1_H1_N4_S8002_CENTRAL_FB_inprocess,8002,1,1,N4,CENTRAL_FB,87.5,83.33333333333333
K8_R0.90_T1_H1_N4_S8002_CENTRAL_FOG_inprocess,8002,1,1,N4,CENTRAL_FOG,90.625,83.33333333333333
K8_R0.90_T1_H1_N4_S8002_CENTRAL_inprocess,8002,1,1,N4,CENTRAL,86.45833333333333,83.33333333333333
K8_R0.90_T1_H1_N4_S8002_EDGE_MARKET_inprocess,8002,1,1,N4,EDGE_MARKET,89.58333333333333,100.0
K8_R0.90_T1_H1_N4_S8002_HYBRID_EAGER_inprocess,8002,1,1,N4,HYBRID_EAGER,89.58333333333333,100.0
K8_R0.90_T1_H1_N4_S8002_HYBRID_inprocess,8002,1,1,N4,HYBRID,91.66666666666667,100.0
K8_R0.90_T1_H1_N4_S8002_PERIODIC_inprocess,8002,1,1,N4,PERIODIC,75.0,50.0
K8_R0.90_T1_H1_N4_S8002_STATIC_inprocess,8002,1,1,N4,STATIC,80.20833333333333,66.66666666666667
K8_R0.90_T1_H1_N4_S8003_CENTRAL_FB_inprocess,8003,1,1,N4,CENTRAL_FB,78.30188679245283,45.45454545454545
K8_R0.90_T1_H1_N4_S8003_CENTRAL_FOG_inprocess,8003,1,1,N4,CENTRAL_FOG,84.90566037735849,72.72727272727273
K8_R0.90_T1_H1_N4_S8003_CENTRAL_inprocess,8003,1,1,N4,CENTRAL,77.35849056603773,45.45454545454545
K8_R0.90_T1_H1_N4_S8003_EDGE_MARKET_inprocess,8003,1,1,N4,EDGE_MARKET,83.01886792452831,81.81818181818181
K8_R0.90_T1_H1_N4_S8003_HYBRID_EAGER_inprocess,8003,1,1,N4,HYBRID_EAGER,83.01886792452831,72.72727272727273
K8_R0.90_T1_H1_N4_S8003_HYBRID_inprocess,8003,1,1,N4,HYBRID,83.01886792452831,72.72727272727273
K8_R0.90_T1_H1_N4_S8003_PERIODIC_inprocess,8003,1,1,N4,PERIODIC,77.35849056603773,45.45454545454545
K8_R0.90_T1_H1_N4_S8003_STATIC_inprocess,8003,1,1,N4,STATIC,74.52830188679245,27.272727272727273
K8_R0.90_T1_H1_N4_S8004_CENTRAL_FB_inprocess,8004,1,1,N4,CENTRAL_FB,92.55319148936171,0.0
K8_R0.90_T1_H1_N4_S8004_CENTRAL_FOG_inprocess,8004,1,1,N4,CENTRAL_FOG,95.74468085106383,50.0
K8_R0.90_T1_H1_N4_S8004_CENTRAL_inprocess,8004,1,1,N4,CENTRAL,89.36170212765957,0.0
K8_R0.90_T1_H1_N4_S8004_EDGE_MARKET_inprocess,8004,1,1,N4,EDGE_MARKET,85.1063829787234,50.0
K8_R0.90_T1_H1_N4_S8004_HYBRID_EAGER_inprocess,8004,1,1,N4,HYBRID_EAGER,95.74468085106383,50.0
K8_R0.90_T1_H1_N4_S8004_HYBRID_inprocess,8004,1,1,N4,HYBRID,95.74468085106383,50.0
K8_R0.90_T1_H1_N4_S8004_PERIODIC_inprocess,8004,1,1,N4,PERIODIC,87.23404255319149,0.0
K8_R0.90_T1_H1_N4_S8004_STATIC_inprocess,8004,1,1,N4,STATIC,84.04255319148936,0.0
K8_R0.90_T1_H1_N4_S8005_CENTRAL_FB_inprocess,8005,1,1,N4,CENTRAL_FB,88.42105263157895,100.0
K8_R0.90_T1_H1_N4_S8005_CENTRAL_FOG_inprocess,8005,1,1,N4,CENTRAL_FOG,92.63157894736842,100.0
K8_R0.90_T1_H1_N4_S8005_CENTRAL_inprocess,8005,1,1,N4,CENTRAL,91.57894736842105,100.0
K8_R0.90_T1_H1_N4_S8005_EDGE_MARKET_inprocess,8005,1,1,N4,EDGE_MARKET,88.42105263157895,66.66666666666667
K8_R0.90_T1_H1_N4_S8005_HYBRID_EAGER_inprocess,8005,1,1,N4,HYBRID_EAGER,91.57894736842105,66.66666666666667
K8_R0.90_T1_H1_N4_S8005_HYBRID_inprocess,8005,1,1,N4,HYBRID,95.78947368421052,100.0
K8_R0.90_T1_H1_N4_S8005_PERIODIC_inprocess,8005,1,1,N4,PERIODIC,86.3157894736842,66.66666666666667
K8_R0.90_T1_H1_N4_S8005_STATIC_inprocess,8005,1,1,N4,STATIC,86.3157894736842,33.333333333333336
K8_R0.90_T1_H1_N4_S8006_CENTRAL_FB_inprocess,8006,1,1,N4,CENTRAL_FB,86.73469387755102,87.5
K8_R0.90_T1_H1_N4_S8006_CENTRAL_FOG_inprocess,8006,1,1,N4,CENTRAL_FOG,86.73469387755102,87.5
K8_R0.90_T1_H1_N4_S8006_CENTRAL_inprocess,8006,1,1,N4,CENTRAL,84.6938775510204,87.5
K8_R0.90_T1_H1_N4_S8006_EDGE_MARKET_inprocess,8006,1,1,N4,EDGE_MARKET,83.6734693877551,87.5
K8_R0.90_T1_H1_N4_S8006_HYBRID_EAGER_inprocess,8006,1,1,N4,HYBRID_EAGER,85.71428571428571,75.0
K8_R0.90_T1_H1_N4_S8006_HYBRID_inprocess,8006,1,1,N4,HYBRID,86.73469387755102,87.5
K8_R0.90_T1_H1_N4_S8006_PERIODIC_inprocess,8006,1,1,N4,PERIODIC,79.59183673469387,75.0
K8_R0.90_T1_H1_N4_S8006_STATIC_inprocess,8006,1,1,N4,STATIC,75.51020408163265,37.5
K8_R0.90_T1_H1_N4_S8007_CENTRAL_FB_inprocess,8007,1,1,N4,CENTRAL_FB,81.18811881188118,66.66666666666667
K8_R0.90_T1_H1_N4_S8007_CENTRAL_FOG_inprocess,8007,1,1,N4,CENTRAL_FOG,86.13861386138613,77.77777777777777
K8_R0.90_T1_H1_N4_S8007_CENTRAL_inprocess,8007,1,1,N4,CENTRAL,86.13861386138613,66.66666666666667
K8_R0.90_T1_H1_N4_S8007_EDGE_MARKET_inprocess,8007,1,1,N4,EDGE_MARKET,85.14851485148515,88.88888888888889
K8_R0.90_T1_H1_N4_S8007_HYBRID_EAGER_inprocess,8007,1,1,N4,HYBRID_EAGER,85.14851485148515,77.77777777777777
K8_R0.90_T1_H1_N4_S8007_HYBRID_inprocess,8007,1,1,N4,HYBRID,85.14851485148515,77.77777777777777
K8_R0.90_T1_H1_N4_S8007_PERIODIC_inprocess,8007,1,1,N4,PERIODIC,84.15841584158416,66.66666666666667
K8_R0.90_T1_H1_N4_S8007_STATIC_inprocess,8007,1,1,N4,STATIC,72.27722772277228,44.44444444444444
K8_R0.90_T1_H1_N4_S8008_CENTRAL_FB_inprocess,8008,1,1,N4,CENTRAL_FB,81.25,40.0
K8_R0.90_T1_H1_N4_S8008_CENTRAL_FOG_inprocess,8008,1,1,N4,CENTRAL_FOG,87.5,80.0
K8_R0.90_T1_H1_N4_S8008_CENTRAL_inprocess,8008,1,1,N4,CENTRAL,84.375,60.0
K8_R0.90_T1_H1_N4_S8008_EDGE_MARKET_inprocess,8008,1,1,N4,EDGE_MARKET,81.25,60.0
K8_R0.90_T1_H1_N4_S8008_HYBRID_EAGER_inprocess,8008,1,1,N4,HYBRID_EAGER,87.5,80.0
K8_R0.90_T1_H1_N4_S8008_HYBRID_inprocess,8008,1,1,N4,HYBRID,87.5,80.0
K8_R0.90_T1_H1_N4_S8008_PERIODIC_inprocess,8008,1,1,N4,PERIODIC,86.45833333333333,60.0
K8_R0.90_T1_H1_N4_S8008_STATIC_inprocess,8008,1,1,N4,STATIC,79.16666666666667,40.0
K8_R0.90_T1_H1_N4_S8009_CENTRAL_FB_inprocess,8009,1,1,N4,CENTRAL_FB,85.71428571428571,75.0
K8_R0.90_T1_H1_N4_S8009_CENTRAL_FOG_inprocess,8009,1,1,N4,CENTRAL_FOG,86.81318681318682,75.0
K8_R0.90_T1_H1_N4_S8009_CENTRAL_inprocess,8009,1,1,N4,CENTRAL,87.91208791208791,75.0
K8_R0.90_T1_H1_N4_S8009_EDGE_MARKET_inprocess,8009,1,1,N4,EDGE_MARKET,85.71428571428571,75.0
K8_R0.90_T1_H1_N4_S8009_HYBRID_EAGER_inprocess,8009,1,1,N4,HYBRID_EAGER,87.91208791208791,75.0
K8_R0.90_T1_H1_N4_S8009_HYBRID_inprocess,8009,1,1,N4,HYBRID,87.91208791208791,75.0
K8_R0.90_T1_H1_N4_S8009_PERIODIC_inprocess,8009,1,1,N4,PERIODIC,84.61538461538461,75.0
K8_R0.90_T1_H1_N4_S8009_STATIC_inprocess,8009,1,1,N4,STATIC,75.82417582417582,50.0
K8_R0.90_T1_H1_N4_S8010_CENTRAL_FB_inprocess,8010,1,1,N4,CENTRAL_FB,84.94623655913979,75.0
K8_R0.90_T1_H1_N4_S8010_CENTRAL_FOG_inprocess,8010,1,1,N4,CENTRAL_FOG,84.94623655913979,100.0
K8_R0.90_T1_H1_N4_S8010_CENTRAL_inprocess,8010,1,1,N4,CENTRAL,84.94623655913979,75.0
K8_R0.90_T1_H1_N4_S8010_EDGE_MARKET_inprocess,8010,1,1,N4,EDGE_MARKET,88.17204301075269,100.0
K8_R0.90_T1_H1_N4_S8010_HYBRID_EAGER_inprocess,8010,1,1,N4,HYBRID_EAGER,88.17204301075269,100.0
K8_R0.90_T1_H1_N4_S8010_HYBRID_inprocess,8010,1,1,N4,HYBRID,88.17204301075269,100.0
K8_R0.90_T1_H1_N4_S8010_PERIODIC_inprocess,8010,1,1,N4,PERIODIC,78.49462365591398,50.0
K8_R0.90_T1_H1_N4_S8010_STATIC_inprocess,8010,1,1,N4,STATIC,79.56989247311827,50.0
K8_R0.90_T1_H1_N4_S8011_CENTRAL_FB_inprocess,8011,1,1,N4,CENTRAL_FB,70.47619047619048,57.142857142857146
K8_R0.90_T1_H1_N4_S8011_CENTRAL_FOG_inprocess,8011,1,1,N4,CENTRAL_FOG,78.0952380952381,100.0
K8_R0.90_T1_H1_N4_S8011_CENTRAL_inprocess,8011,1,1,N4,CENTRAL,68.57142857142857,71.42857142857143
K8_R0.90_T1_H1_N4_S8011_EDGE_MARKET_inprocess,8011,1,1,N4,EDGE_MARKET,79.04761904761905,85.71428571428571
K8_R0.90_T1_H1_N4_S8011_HYBRID_EAGER_inprocess,8011,1,1,N4,HYBRID_EAGER,81.9047619047619,100.0
K8_R0.90_T1_H1_N4_S8011_HYBRID_inprocess,8011,1,1,N4,HYBRID,81.9047619047619,100.0
K8_R0.90_T1_H1_N4_S8011_PERIODIC_inprocess,8011,1,1,N4,PERIODIC,70.47619047619048,57.142857142857146
K8_R0.90_T1_H1_N4_S8011_STATIC_inprocess,8011,1,1,N4,STATIC,70.47619047619048,28.571428571428573
K8_R0.90_T1_H1_N4_S8012_CENTRAL_FB_inprocess,8012,1,1,N4,CENTRAL_FB,74.77477477477477,72.72727272727273
K8_R0.90_T1_H1_N4_S8012_CENTRAL_FOG_inprocess,8012,1,1,N4,CENTRAL_FOG,79.27927927927928,81.81818181818181
K8_R0.90_T1_H1_N4_S8012_CENTRAL_inprocess,8012,1,1,N4,CENTRAL,72.97297297297297,63.63636363636363
K8_R0.90_T1_H1_N4_S8012_EDGE_MARKET_inprocess,8012,1,1,N4,EDGE_MARKET,75.67567567567568,81.81818181818181
K8_R0.90_T1_H1_N4_S8012_HYBRID_EAGER_inprocess,8012,1,1,N4,HYBRID_EAGER,76.57657657657657,90.9090909090909
K8_R0.90_T1_H1_N4_S8012_HYBRID_inprocess,8012,1,1,N4,HYBRID,78.37837837837837,90.9090909090909
K8_R0.90_T1_H1_N4_S8012_PERIODIC_inprocess,8012,1,1,N4,PERIODIC,68.46846846846847,36.36363636363637
K8_R0.90_T1_H1_N4_S8012_STATIC_inprocess,8012,1,1,N4,STATIC,63.96396396396396,36.36363636363637
K8_R0.90_T1_H1_N4_S8013_CENTRAL_FB_inprocess,8013,1,1,N4,CENTRAL_FB,78.64077669902913,88.88888888888889
K8_R0.90_T1_H1_N4_S8013_CENTRAL_FOG_inprocess,8013,1,1,N4,CENTRAL_FOG,80.58252427184466,88.88888888888889
K8_R0.90_T1_H1_N4_S8013_CENTRAL_inprocess,8013,1,1,N4,CENTRAL,81.55339805825243,88.88888888888889
K8_R0.90_T1_H1_N4_S8013_EDGE_MARKET_inprocess,8013,1,1,N4,EDGE_MARKET,82.52427184466019,100.0
K8_R0.90_T1_H1_N4_S8013_HYBRID_EAGER_inprocess,8013,1,1,N4,HYBRID_EAGER,82.52427184466019,100.0
K8_R0.90_T1_H1_N4_S8013_HYBRID_inprocess,8013,1,1,N4,HYBRID,82.52427184466019,100.0
K8_R0.90_T1_H1_N4_S8013_PERIODIC_inprocess,8013,1,1,N4,PERIODIC,69.90291262135922,55.55555555555556
K8_R0.90_T1_H1_N4_S8013_STATIC_inprocess,8013,1,1,N4,STATIC,71.84466019417475,44.44444444444444
K8_R0.90_T1_H1_N4_S8014_CENTRAL_FB_inprocess,8014,1,1,N4,CENTRAL_FB,79.04761904761905,45.45454545454545
K8_R0.90_T1_H1_N4_S8014_CENTRAL_FOG_inprocess,8014,1,1,N4,CENTRAL_FOG,81.9047619047619,63.63636363636363
K8_R0.90_T1_H1_N4_S8014_CENTRAL_inprocess,8014,1,1,N4,CENTRAL,78.0952380952381,45.45454545454545
K8_R0.90_T1_H1_N4_S8014_EDGE_MARKET_inprocess,8014,1,1,N4,EDGE_MARKET,86.66666666666667,100.0
K8_R0.90_T1_H1_N4_S8014_HYBRID_EAGER_inprocess,8014,1,1,N4,HYBRID_EAGER,85.71428571428571,72.72727272727273
K8_R0.90_T1_H1_N4_S8014_HYBRID_inprocess,8014,1,1,N4,HYBRID,85.71428571428571,72.72727272727273
K8_R0.90_T1_H1_N4_S8014_PERIODIC_inprocess,8014,1,1,N4,PERIODIC,81.9047619047619,72.72727272727273
K8_R0.90_T1_H1_N4_S8014_STATIC_inprocess,8014,1,1,N4,STATIC,76.19047619047619,45.45454545454545
K8_R0.90_T1_H1_N4_S8015_CENTRAL_FB_inprocess,8015,1,1,N4,CENTRAL_FB,71.55963302752293,57.142857142857146
K8_R0.90_T1_H1_N4_S8015_CENTRAL_FOG_inprocess,8015,1,1,N4,CENTRAL_FOG,82.56880733944953,85.71428571428571
K8_R0.90_T1_H1_N4_S8015_CENTRAL_inprocess,8015,1,1,N4,CENTRAL,72.4770642201835,57.142857142857146
K8_R0.90_T1_H1_N4_S8015_EDGE_MARKET_inprocess,8015,1,1,N4,EDGE_MARKET,81.65137614678899,71.42857142857143
K8_R0.90_T1_H1_N4_S8015_HYBRID_EAGER_inprocess,8015,1,1,N4,HYBRID_EAGER,77.06422018348624,64.28571428571429
K8_R0.90_T1_H1_N4_S8015_HYBRID_inprocess,8015,1,1,N4,HYBRID,77.06422018348624,64.28571428571429
K8_R0.90_T1_H1_N4_S8015_PERIODIC_inprocess,8015,1,1,N4,PERIODIC,73.39449541284404,50.0
K8_R0.90_T1_H1_N4_S8015_STATIC_inprocess,8015,1,1,N4,STATIC,66.05504587155963,28.571428571428573
K8_R0.90_T1_H1_N4_S8016_CENTRAL_FB_inprocess,8016,1,1,N4,CENTRAL_FB,82.0,60.0
K8_R0.90_T1_H1_N4_S8016_CENTRAL_FOG_inprocess,8016,1,1,N4,CENTRAL_FOG,90.0,100.0
K8_R0.90_T1_H1_N4_S8016_CENTRAL_inprocess,8016,1,1,N4,CENTRAL,82.0,60.0
K8_R0.90_T1_H1_N4_S8016_EDGE_MARKET_inprocess,8016,1,1,N4,EDGE_MARKET,88.0,100.0
K8_R0.90_T1_H1_N4_S8016_HYBRID_EAGER_inprocess,8016,1,1,N4,HYBRID_EAGER,91.0,100.0
K8_R0.90_T1_H1_N4_S8016_HYBRID_inprocess,8016,1,1,N4,HYBRID,90.0,100.0
K8_R0.90_T1_H1_N4_S8016_PERIODIC_inprocess,8016,1,1,N4,PERIODIC,78.0,60.0
K8_R0.90_T1_H1_N4_S8016_STATIC_inprocess,8016,1,1,N4,STATIC,82.0,40.0
K8_R0.90_T1_H1_N4_S8017_CENTRAL_FB_inprocess,8017,1,1,N4,CENTRAL_FB,81.55339805825243,77.77777777777777
K8_R0.90_T1_H1_N4_S8017_CENTRAL_FOG_inprocess,8017,1,1,N4,CENTRAL_FOG,87.37864077669903,100.0
K8_R0.90_T1_H1_N4_S8017_CENTRAL_inprocess,8017,1,1,N4,CENTRAL,79.6116504854369,66.66666666666667
K8_R0.90_T1_H1_N4_S8017_EDGE_MARKET_inprocess,8017,1,1,N4,EDGE_MARKET,79.6116504854369,77.77777777777777
K8_R0.90_T1_H1_N4_S8017_HYBRID_EAGER_inprocess,8017,1,1,N4,HYBRID_EAGER,88.3495145631068,100.0
K8_R0.90_T1_H1_N4_S8017_HYBRID_inprocess,8017,1,1,N4,HYBRID,88.3495145631068,100.0
K8_R0.90_T1_H1_N4_S8017_PERIODIC_inprocess,8017,1,1,N4,PERIODIC,78.64077669902913,55.55555555555556
K8_R0.90_T1_H1_N4_S8017_STATIC_inprocess,8017,1,1,N4,STATIC,69.90291262135922,55.55555555555556
K8_R0.90_T1_H1_N4_S8018_CENTRAL_FB_inprocess,8018,1,1,N4,CENTRAL_FB,78.43137254901961,85.71428571428571
K8_R0.90_T1_H1_N4_S8018_CENTRAL_FOG_inprocess,8018,1,1,N4,CENTRAL_FOG,83.33333333333333,100.0
K8_R0.90_T1_H1_N4_S8018_CENTRAL_inprocess,8018,1,1,N4,CENTRAL,75.49019607843137,71.42857142857143
K8_R0.90_T1_H1_N4_S8018_EDGE_MARKET_inprocess,8018,1,1,N4,EDGE_MARKET,85.29411764705883,100.0
K8_R0.90_T1_H1_N4_S8018_HYBRID_EAGER_inprocess,8018,1,1,N4,HYBRID_EAGER,83.33333333333333,100.0
K8_R0.90_T1_H1_N4_S8018_HYBRID_inprocess,8018,1,1,N4,HYBRID,83.33333333333333,100.0
K8_R0.90_T1_H1_N4_S8018_PERIODIC_inprocess,8018,1,1,N4,PERIODIC,80.3921568627451,71.42857142857143
K8_R0.90_T1_H1_N4_S8018_STATIC_inprocess,8018,1,1,N4,STATIC,72.54901960784314,42.857142857142854
K8_R0.90_T1_H1_N4_S8019_CENTRAL_FB_inprocess,8019,1,1,N4,CENTRAL_FB,89.24731182795699,80.0
K8_R0.90_T1_H1_N4_S8019_CENTRAL_FOG_inprocess,8019,1,1,N4,CENTRAL_FOG,95.6989247311828,100.0
K8_R0.90_T1_H1_N4_S8019_CENTRAL_inprocess,8019,1,1,N4,CENTRAL,89.24731182795699,80.0
K8_R0.90_T1_H1_N4_S8019_EDGE_MARKET_inprocess,8019,1,1,N4,EDGE_MARKET,82.79569892473118,60.0
K8_R0.90_T1_H1_N4_S8019_HYBRID_EAGER_inprocess,8019,1,1,N4,HYBRID_EAGER,93.54838709677419,100.0
K8_R0.90_T1_H1_N4_S8019_HYBRID_inprocess,8019,1,1,N4,HYBRID,93.54838709677419,100.0
K8_R0.90_T1_H1_N4_S8019_PERIODIC_inprocess,8019,1,1,N4,PERIODIC,84.94623655913979,80.0
K8_R0.90_T1_H1_N4_S8019_STATIC_inprocess,8019,1,1,N4,STATIC,79.56989247311827,40.0
K8_R0.90_T1_H1_N4_S8020_CENTRAL_FB_inprocess,8020,1,1,N4,CENTRAL_FB,81.13207547169812,28.571428571428573
K8_R0.90_T1_H1_N4_S8020_CENTRAL_FOG_inprocess,8020,1,1,N4,CENTRAL_FOG,83.9622641509434,71.42857142857143
K8_R0.90_T1_H1_N4_S8020_CENTRAL_inprocess,8020,1,1,N4,CENTRAL,80.18867924528301,28.571428571428573
K8_R0.90_T1_H1_N4_S8020_EDGE_MARKET_inprocess,8020,1,1,N4,EDGE_MARKET,78.30188679245283,85.71428571428571
K8_R0.90_T1_H1_N4_S8020_HYBRID_EAGER_inprocess,8020,1,1,N4,HYBRID_EAGER,79.24528301886792,85.71428571428571
K8_R0.90_T1_H1_N4_S8020_HYBRID_inprocess,8020,1,1,N4,HYBRID,79.24528301886792,85.71428571428571
K8_R0.90_T1_H1_N4_S8020_PERIODIC_inprocess,8020,1,1,N4,PERIODIC,77.35849056603773,28.571428571428573
K8_R0.90_T1_H1_N4_S8020_STATIC_inprocess,8020,1,1,N4,STATIC,70.75471698113208,14.285714285714286
K8_R0.90_T1_H1_N4_S8021_CENTRAL_FB_inprocess,8021,1,1,N4,CENTRAL_FB,79.20792079207921,66.66666666666667
K8_R0.90_T1_H1_N4_S8021_CENTRAL_FOG_inprocess,8021,1,1,N4,CENTRAL_FOG,87.12871287128714,88.88888888888889
K8_R0.90_T1_H1_N4_S8021_CENTRAL_inprocess,8021,1,1,N4,CENTRAL,80.1980198019802,66.66666666666667
K8_R0.90_T1_H1_N4_S8021_EDGE_MARKET_inprocess,8021,1,1,N4,EDGE_MARKET,85.14851485148515,77.77777777777777
K8_R0.90_T1_H1_N4_S8021_HYBRID_EAGER_inprocess,8021,1,1,N4,HYBRID_EAGER,87.12871287128714,88.88888888888889
K8_R0.90_T1_H1_N4_S8021_HYBRID_inprocess,8021,1,1,N4,HYBRID,87.12871287128714,88.88888888888889
K8_R0.90_T1_H1_N4_S8021_PERIODIC_inprocess,8021,1,1,N4,PERIODIC,78.21782178217822,66.66666666666667
K8_R0.90_T1_H1_N4_S8021_STATIC_inprocess,8021,1,1,N4,STATIC,75.24752475247524,55.55555555555556
K8_R0.90_T1_H1_N4_S8022_CENTRAL_FB_inprocess,8022,1,1,N4,CENTRAL_FB,68.22429906542057,62.5
K8_R0.90_T1_H1_N4_S8022_CENTRAL_FOG_inprocess,8022,1,1,N4,CENTRAL_FOG,80.37383177570094,100.0
K8_R0.90_T1_H1_N4_S8022_CENTRAL_inprocess,8022,1,1,N4,CENTRAL,74.76635514018692,75.0
K8_R0.90_T1_H1_N4_S8022_EDGE_MARKET_inprocess,8022,1,1,N4,EDGE_MARKET,72.89719626168224,87.5
K8_R0.90_T1_H1_N4_S8022_HYBRID_EAGER_inprocess,8022,1,1,N4,HYBRID_EAGER,72.89719626168224,75.0
K8_R0.90_T1_H1_N4_S8022_HYBRID_inprocess,8022,1,1,N4,HYBRID,72.89719626168224,75.0
K8_R0.90_T1_H1_N4_S8022_PERIODIC_inprocess,8022,1,1,N4,PERIODIC,68.22429906542057,50.0
K8_R0.90_T1_H1_N4_S8022_STATIC_inprocess,8022,1,1,N4,STATIC,63.55140186915888,25.0
K8_R0.90_T1_H1_N4_S8023_CENTRAL_FB_inprocess,8023,1,1,N4,CENTRAL_FB,74.50980392156863,63.63636363636363
K8_R0.90_T1_H1_N4_S8023_CENTRAL_FOG_inprocess,8023,1,1,N4,CENTRAL_FOG,83.33333333333333,100.0
K8_R0.90_T1_H1_N4_S8023_CENTRAL_inprocess,8023,1,1,N4,CENTRAL,75.49019607843137,63.63636363636363
K8_R0.90_T1_H1_N4_S8023_EDGE_MARKET_inprocess,8023,1,1,N4,EDGE_MARKET,85.29411764705883,90.9090909090909
K8_R0.90_T1_H1_N4_S8023_HYBRID_EAGER_inprocess,8023,1,1,N4,HYBRID_EAGER,85.29411764705883,100.0
K8_R0.90_T1_H1_N4_S8023_HYBRID_inprocess,8023,1,1,N4,HYBRID,85.29411764705883,100.0
K8_R0.90_T1_H1_N4_S8023_PERIODIC_inprocess,8023,1,1,N4,PERIODIC,77.45098039215686,63.63636363636363
K8_R0.90_T1_H1_N4_S8023_STATIC_inprocess,8023,1,1,N4,STATIC,70.58823529411765,45.45454545454545
K8_R0.90_T1_H1_N4_S8024_CENTRAL_FB_inprocess,8024,1,1,N4,CENTRAL_FB,81.0,83.33333333333333
K8_R0.90_T1_H1_N4_S8024_CENTRAL_FOG_inprocess,8024,1,1,N4,CENTRAL_FOG,91.0,100.0
K8_R0.90_T1_H1_N4_S8024_CENTRAL_inprocess,8024,1,1,N4,CENTRAL,81.0,83.33333333333333
K8_R0.90_T1_H1_N4_S8024_EDGE_MARKET_inprocess,8024,1,1,N4,EDGE_MARKET,90.0,100.0
K8_R0.90_T1_H1_N4_S8024_HYBRID_EAGER_inprocess,8024,1,1,N4,HYBRID_EAGER,93.0,100.0
K8_R0.90_T1_H1_N4_S8024_HYBRID_inprocess,8024,1,1,N4,HYBRID,93.0,100.0
K8_R0.90_T1_H1_N4_S8024_PERIODIC_inprocess,8024,1,1,N4,PERIODIC,78.0,66.66666666666667
K8_R0.90_T1_H1_N4_S8024_STATIC_inprocess,8024,1,1,N4,STATIC,77.0,66.66666666666667
K8_R0.90_T1_H1_N4_S8025_CENTRAL_FB_inprocess,8025,1,1,N4,CENTRAL_FB,94.79166666666667,100.0
K8_R0.90_T1_H1_N4_S8025_CENTRAL_FOG_inprocess,8025,1,1,N4,CENTRAL_FOG,94.79166666666667,100.0
K8_R0.90_T1_H1_N4_S8025_CENTRAL_inprocess,8025,1,1,N4,CENTRAL,94.79166666666667,100.0
K8_R0.90_T1_H1_N4_S8025_EDGE_MARKET_inprocess,8025,1,1,N4,EDGE_MARKET,90.625,100.0
K8_R0.90_T1_H1_N4_S8025_HYBRID_EAGER_inprocess,8025,1,1,N4,HYBRID_EAGER,93.75,100.0
K8_R0.90_T1_H1_N4_S8025_HYBRID_inprocess,8025,1,1,N4,HYBRID,93.75,100.0
K8_R0.90_T1_H1_N4_S8025_PERIODIC_inprocess,8025,1,1,N4,PERIODIC,88.54166666666667,33.333333333333336
K8_R0.90_T1_H1_N4_S8025_STATIC_inprocess,8025,1,1,N4,STATIC,84.375,66.66666666666667
K8_R0.90_T1_H1_N4_S8026_CENTRAL_FB_inprocess,8026,1,1,N4,CENTRAL_FB,85.41666666666667,66.66666666666667
K8_R0.90_T1_H1_N4_S8026_CENTRAL_FOG_inprocess,8026,1,1,N4,CENTRAL_FOG,90.625,100.0
K8_R0.90_T1_H1_N4_S8026_CENTRAL_inprocess,8026,1,1,N4,CENTRAL,84.375,50.0
K8_R0.90_T1_H1_N4_S8026_EDGE_MARKET_inprocess,8026,1,1,N4,EDGE_MARKET,89.58333333333333,100.0
K8_R0.90_T1_H1_N4_S8026_HYBRID_EAGER_inprocess,8026,1,1,N4,HYBRID_EAGER,91.66666666666667,100.0
K8_R0.90_T1_H1_N4_S8026_HYBRID_inprocess,8026,1,1,N4,HYBRID,91.66666666666667,100.0
K8_R0.90_T1_H1_N4_S8026_PERIODIC_inprocess,8026,1,1,N4,PERIODIC,82.29166666666667,66.66666666666667
K8_R0.90_T1_H1_N4_S8026_STATIC_inprocess,8026,1,1,N4,STATIC,82.29166666666667,33.333333333333336
K8_R0.90_T1_H1_N4_S8027_CENTRAL_FB_inprocess,8027,1,1,N4,CENTRAL_FB,76.69902912621359,66.66666666666667
K8_R0.90_T1_H1_N4_S8027_CENTRAL_FOG_inprocess,8027,1,1,N4,CENTRAL_FOG,86.40776699029126,100.0
K8_R0.90_T1_H1_N4_S8027_CENTRAL_inprocess,8027,1,1,N4,CENTRAL,79.6116504854369,66.66666666666667
K8_R0.90_T1_H1_N4_S8027_EDGE_MARKET_inprocess,8027,1,1,N4,EDGE_MARKET,83.49514563106796,100.0
K8_R0.90_T1_H1_N4_S8027_HYBRID_EAGER_inprocess,8027,1,1,N4,HYBRID_EAGER,85.4368932038835,100.0
K8_R0.90_T1_H1_N4_S8027_HYBRID_inprocess,8027,1,1,N4,HYBRID,83.49514563106796,100.0
K8_R0.90_T1_H1_N4_S8027_PERIODIC_inprocess,8027,1,1,N4,PERIODIC,71.84466019417475,55.55555555555556
K8_R0.90_T1_H1_N4_S8027_STATIC_inprocess,8027,1,1,N4,STATIC,71.84466019417475,44.44444444444444
K8_R0.90_T1_H1_N4_S8028_CENTRAL_FB_inprocess,8028,1,1,N4,CENTRAL_FB,62.264150943396224,50.0
K8_R0.90_T1_H1_N4_S8028_CENTRAL_FOG_inprocess,8028,1,1,N4,CENTRAL_FOG,74.52830188679245,78.57142857142857
K8_R0.90_T1_H1_N4_S8028_CENTRAL_inprocess,8028,1,1,N4,CENTRAL,61.320754716981135,50.0
K8_R0.90_T1_H1_N4_S8028_EDGE_MARKET_inprocess,8028,1,1,N4,EDGE_MARKET,79.24528301886792,85.71428571428571
K8_R0.90_T1_H1_N4_S8028_HYBRID_EAGER_inprocess,8028,1,1,N4,HYBRID_EAGER,72.64150943396227,71.42857142857143
K8_R0.90_T1_H1_N4_S8028_HYBRID_inprocess,8028,1,1,N4,HYBRID,72.64150943396227,71.42857142857143
K8_R0.90_T1_H1_N4_S8028_PERIODIC_inprocess,8028,1,1,N4,PERIODIC,63.20754716981132,35.714285714285715
K8_R0.90_T1_H1_N4_S8028_STATIC_inprocess,8028,1,1,N4,STATIC,59.43396226415094,21.428571428571427
K8_R0.90_T1_H1_N4_S8029_CENTRAL_FB_inprocess,8029,1,1,N4,CENTRAL_FB,83.83838383838383,83.33333333333333
K8_R0.90_T1_H1_N4_S8029_CENTRAL_FOG_inprocess,8029,1,1,N4,CENTRAL_FOG,84.84848484848484,83.33333333333333
K8_R0.90_T1_H1_N4_S8029_CENTRAL_inprocess,8029,1,1,N4,CENTRAL,80.8080808080808,50.0
K8_R0.90_T1_H1_N4_S8029_EDGE_MARKET_inprocess,8029,1,1,N4,EDGE_MARKET,83.83838383838383,100.0
K8_R0.90_T1_H1_N4_S8029_HYBRID_EAGER_inprocess,8029,1,1,N4,HYBRID_EAGER,86.86868686868686,100.0
K8_R0.90_T1_H1_N4_S8029_HYBRID_inprocess,8029,1,1,N4,HYBRID,86.86868686868686,100.0
K8_R0.90_T1_H1_N4_S8029_PERIODIC_inprocess,8029,1,1,N4,PERIODIC,78.78787878787878,50.0
K8_R0.90_T1_H1_N4_S8029_STATIC_inprocess,8029,1,1,N4,STATIC,78.78787878787878,50.0
K8_R0.90_T1_H1_N4_S8030_CENTRAL_FB_inprocess,8030,1,1,N4,CENTRAL_FB,84.84848484848484,83.33333333333333
K8_R0.90_T1_H1_N4_S8030_CENTRAL_FOG_inprocess,8030,1,1,N4,CENTRAL_FOG,83.83838383838383,83.33333333333333
K8_R0.90_T1_H1_N4_S8030_CENTRAL_inprocess,8030,1,1,N4,CENTRAL,83.83838383838383,83.33333333333333
K8_R0.90_T1_H1_N4_S8030_EDGE_MARKET_inprocess,8030,1,1,N4,EDGE_MARKET,85.85858585858585,100.0
K8_R0.90_T1_H1_N4_S8030_HYBRID_EAGER_inprocess,8030,1,1,N4,HYBRID_EAGER,83.83838383838383,66.66666666666667
K8_R0.90_T1_H1_N4_S8030_HYBRID_inprocess,8030,1,1,N4,HYBRID,83.83838383838383,66.66666666666667
K8_R0.90_T1_H1_N4_S8030_PERIODIC_inprocess,8030,1,1,N4,PERIODIC,77.77777777777777,83.33333333333333
K8_R0.90_T1_H1_N4_S8030_STATIC_inprocess,8030,1,1,N4,STATIC,79.79797979797979,50.0
K8_R0.90_T1_H1_N4_S8031_CENTRAL_FB_inprocess,8031,1,1,N4,CENTRAL_FB,72.63157894736842,66.66666666666667
K8_R0.90_T1_H1_N4_S8031_CENTRAL_FOG_inprocess,8031,1,1,N4,CENTRAL_FOG,84.21052631578948,83.33333333333333
K8_R0.90_T1_H1_N4_S8031_CENTRAL_inprocess,8031,1,1,N4,CENTRAL,74.73684210526316,66.66666666666667
K8_R0.90_T1_H1_N4_S8031_EDGE_MARKET_inprocess,8031,1,1,N4,EDGE_MARKET,80.0,83.33333333333333
K8_R0.90_T1_H1_N4_S8031_HYBRID_EAGER_inprocess,8031,1,1,N4,HYBRID_EAGER,81.05263157894737,83.33333333333333
K8_R0.90_T1_H1_N4_S8031_HYBRID_inprocess,8031,1,1,N4,HYBRID,81.05263157894737,83.33333333333333
K8_R0.90_T1_H1_N4_S8031_PERIODIC_inprocess,8031,1,1,N4,PERIODIC,75.78947368421052,50.0
K8_R0.90_T1_H1_N4_S8031_STATIC_inprocess,8031,1,1,N4,STATIC,72.63157894736842,33.333333333333336
K8_R0.90_T1_H1_N4_S8032_CENTRAL_FB_inprocess,8032,1,1,N4,CENTRAL_FB,84.84848484848484,66.66666666666667
K8_R0.90_T1_H1_N4_S8032_CENTRAL_FOG_inprocess,8032,1,1,N4,CENTRAL_FOG,90.9090909090909,100.0
K8_R0.90_T1_H1_N4_S8032_CENTRAL_inprocess,8032,1,1,N4,CENTRAL,88.88888888888889,83.33333333333333
K8_R0.90_T1_H1_N4_S8032_EDGE_MARKET_inprocess,8032,1,1,N4,EDGE_MARKET,86.86868686868686,83.33333333333333
K8_R0.90_T1_H1_N4_S8032_HYBRID_EAGER_inprocess,8032,1,1,N4,HYBRID_EAGER,86.86868686868686,66.66666666666667
K8_R0.90_T1_H1_N4_S8032_HYBRID_inprocess,8032,1,1,N4,HYBRID,86.86868686868686,66.66666666666667
K8_R0.90_T1_H1_N4_S8032_PERIODIC_inprocess,8032,1,1,N4,PERIODIC,86.86868686868686,83.33333333333333
K8_R0.90_T1_H1_N4_S8032_STATIC_inprocess,8032,1,1,N4,STATIC,81.81818181818181,66.66666666666667
K8_R0.90_T1_H1_N4_S8033_CENTRAL_FB_inprocess,8033,1,1,N4,CENTRAL_FB,87.75510204081633,83.33333333333333
K8_R0.90_T1_H1_N4_S8033_CENTRAL_FOG_inprocess,8033,1,1,N4,CENTRAL_FOG,87.75510204081633,100.0
K8_R0.90_T1_H1_N4_S8033_CENTRAL_inprocess,8033,1,1,N4,CENTRAL,87.75510204081633,83.33333333333333
K8_R0.90_T1_H1_N4_S8033_EDGE_MARKET_inprocess,8033,1,1,N4,EDGE_MARKET,83.6734693877551,83.33333333333333
K8_R0.90_T1_H1_N4_S8033_HYBRID_EAGER_inprocess,8033,1,1,N4,HYBRID_EAGER,91.83673469387755,100.0
K8_R0.90_T1_H1_N4_S8033_HYBRID_inprocess,8033,1,1,N4,HYBRID,89.79591836734694,100.0
K8_R0.90_T1_H1_N4_S8033_PERIODIC_inprocess,8033,1,1,N4,PERIODIC,89.79591836734694,83.33333333333333
K8_R0.90_T1_H1_N4_S8033_STATIC_inprocess,8033,1,1,N4,STATIC,84.6938775510204,50.0
K8_R0.90_T1_H1_N4_S8034_CENTRAL_FB_inprocess,8034,1,1,N4,CENTRAL_FB,84.61538461538461,87.5
K8_R0.90_T1_H1_N4_S8034_CENTRAL_FOG_inprocess,8034,1,1,N4,CENTRAL_FOG,87.5,100.0
K8_R0.90_T1_H1_N4_S8034_CENTRAL_inprocess,8034,1,1,N4,CENTRAL,84.61538461538461,87.5
K8_R0.90_T1_H1_N4_S8034_EDGE_MARKET_inprocess,8034,1,1,N4,EDGE_MARKET,84.61538461538461,100.0
K8_R0.90_T1_H1_N4_S8034_HYBRID_EAGER_inprocess,8034,1,1,N4,HYBRID_EAGER,91.34615384615384,100.0
K8_R0.90_T1_H1_N4_S8034_HYBRID_inprocess,8034,1,1,N4,HYBRID,89.42307692307692,100.0
K8_R0.90_T1_H1_N4_S8034_PERIODIC_inprocess,8034,1,1,N4,PERIODIC,83.65384615384616,62.5
K8_R0.90_T1_H1_N4_S8034_STATIC_inprocess,8034,1,1,N4,STATIC,77.88461538461539,37.5
K8_R0.90_T1_H1_N4_S8035_CENTRAL_FB_inprocess,8035,1,1,N4,CENTRAL_FB,88.28828828828829,91.66666666666667
K8_R0.90_T1_H1_N4_S8035_CENTRAL_FOG_inprocess,8035,1,1,N4,CENTRAL_FOG,87.38738738738739,83.33333333333333
K8_R0.90_T1_H1_N4_S8035_CENTRAL_inprocess,8035,1,1,N4,CENTRAL,87.38738738738739,91.66666666666667
K8_R0.90_T1_H1_N4_S8035_EDGE_MARKET_inprocess,8035,1,1,N4,EDGE_MARKET,90.09009009009009,91.66666666666667
K8_R0.90_T1_H1_N4_S8035_HYBRID_EAGER_inprocess,8035,1,1,N4,HYBRID_EAGER,87.38738738738739,91.66666666666667
K8_R0.90_T1_H1_N4_S8035_HYBRID_inprocess,8035,1,1,N4,HYBRID,87.38738738738739,91.66666666666667
K8_R0.90_T1_H1_N4_S8035_PERIODIC_inprocess,8035,1,1,N4,PERIODIC,86.48648648648648,91.66666666666667
K8_R0.90_T1_H1_N4_S8035_STATIC_inprocess,8035,1,1,N4,STATIC,78.37837837837837,41.666666666666664
K8_R0.90_T1_H1_N4_S8036_CENTRAL_FB_inprocess,8036,1,1,N4,CENTRAL_FB,76.69902912621359,75.0
K8_R0.90_T1_H1_N4_S8036_CENTRAL_FOG_inprocess,8036,1,1,N4,CENTRAL_FOG,84.46601941747574,87.5
K8_R0.90_T1_H1_N4_S8036_CENTRAL_inprocess,8036,1,1,N4,CENTRAL,75.72815533980582,50.0
K8_R0.90_T1_H1_N4_S8036_EDGE_MARKET_inprocess,8036,1,1,N4,EDGE_MARKET,88.3495145631068,100.0
K8_R0.90_T1_H1_N4_S8036_HYBRID_EAGER_inprocess,8036,1,1,N4,HYBRID_EAGER,85.4368932038835,87.5
K8_R0.90_T1_H1_N4_S8036_HYBRID_inprocess,8036,1,1,N4,HYBRID,85.4368932038835,87.5
K8_R0.90_T1_H1_N4_S8036_PERIODIC_inprocess,8036,1,1,N4,PERIODIC,80.58252427184466,62.5
K8_R0.90_T1_H1_N4_S8036_STATIC_inprocess,8036,1,1,N4,STATIC,76.69902912621359,50.0
K8_R0.90_T1_H1_N4_S8037_CENTRAL_FB_inprocess,8037,1,1,N4,CENTRAL_FB,75.92592592592592,50.0
K8_R0.90_T1_H1_N4_S8037_CENTRAL_FOG_inprocess,8037,1,1,N4,CENTRAL_FOG,85.18518518518519,100.0
K8_R0.90_T1_H1_N4_S8037_CENTRAL_inprocess,8037,1,1,N4,CENTRAL,80.55555555555556,60.0
K8_R0.90_T1_H1_N4_S8037_EDGE_MARKET_inprocess,8037,1,1,N4,EDGE_MARKET,87.96296296296296,100.0
K8_R0.90_T1_H1_N4_S8037_HYBRID_EAGER_inprocess,8037,1,1,N4,HYBRID_EAGER,85.18518518518519,90.0
K8_R0.90_T1_H1_N4_S8037_HYBRID_inprocess,8037,1,1,N4,HYBRID,85.18518518518519,90.0
K8_R0.90_T1_H1_N4_S8037_PERIODIC_inprocess,8037,1,1,N4,PERIODIC,77.77777777777777,50.0
K8_R0.90_T1_H1_N4_S8037_STATIC_inprocess,8037,1,1,N4,STATIC,74.07407407407408,40.0
K8_R0.90_T1_H1_N4_S8038_CENTRAL_FB_inprocess,8038,1,1,N4,CENTRAL_FB,89.69072164948453,80.0
K8_R0.90_T1_H1_N4_S8038_CENTRAL_FOG_inprocess,8038,1,1,N4,CENTRAL_FOG,91.75257731958763,100.0
K8_R0.90_T1_H1_N4_S8038_CENTRAL_inprocess,8038,1,1,N4,CENTRAL,88.65979381443299,80.0
K8_R0.90_T1_H1_N4_S8038_EDGE_MARKET_inprocess,8038,1,1,N4,EDGE_MARKET,87.62886597938144,80.0
K8_R0.90_T1_H1_N4_S8038_HYBRID_EAGER_inprocess,8038,1,1,N4,HYBRID_EAGER,92.78350515463917,100.0
K8_R0.90_T1_H1_N4_S8038_HYBRID_inprocess,8038,1,1,N4,HYBRID,91.75257731958763,100.0
K8_R0.90_T1_H1_N4_S8038_PERIODIC_inprocess,8038,1,1,N4,PERIODIC,85.56701030927834,80.0
K8_R0.90_T1_H1_N4_S8038_STATIC_inprocess,8038,1,1,N4,STATIC,78.35051546391753,40.0
K8_R0.90_T1_H1_N4_S8039_CENTRAL_FB_inprocess,8039,1,1,N4,CENTRAL_FB,84.15841584158416,83.33333333333333
K8_R0.90_T1_H1_N4_S8039_CENTRAL_FOG_inprocess,8039,1,1,N4,CENTRAL_FOG,84.15841584158416,83.33333333333333
K8_R0.90_T1_H1_N4_S8039_CENTRAL_inprocess,8039,1,1,N4,CENTRAL,82.17821782178218,83.33333333333333
K8_R0.90_T1_H1_N4_S8039_EDGE_MARKET_inprocess,8039,1,1,N4,EDGE_MARKET,91.08910891089108,100.0
K8_R0.90_T1_H1_N4_S8039_HYBRID_EAGER_inprocess,8039,1,1,N4,HYBRID_EAGER,87.12871287128714,83.33333333333333
K8_R0.90_T1_H1_N4_S8039_HYBRID_inprocess,8039,1,1,N4,HYBRID,87.12871287128714,83.33333333333333
K8_R0.90_T1_H1_N4_S8039_PERIODIC_inprocess,8039,1,1,N4,PERIODIC,85.14851485148515,83.33333333333333
K8_R0.90_T1_H1_N4_S8039_STATIC_inprocess,8039,1,1,N4,STATIC,82.17821782178218,50.0
K8_R0.90_T1_H1_N4_S8040_CENTRAL_FB_inprocess,8040,1,1,N4,CENTRAL_FB,79.59183673469387,57.142857142857146
K8_R0.90_T1_H1_N4_S8040_CENTRAL_FOG_inprocess,8040,1,1,N4,CENTRAL_FOG,86.73469387755102,100.0
K8_R0.90_T1_H1_N4_S8040_CENTRAL_inprocess,8040,1,1,N4,CENTRAL,78.57142857142857,57.142857142857146
K8_R0.90_T1_H1_N4_S8040_EDGE_MARKET_inprocess,8040,1,1,N4,EDGE_MARKET,85.71428571428571,100.0
K8_R0.90_T1_H1_N4_S8040_HYBRID_EAGER_inprocess,8040,1,1,N4,HYBRID_EAGER,86.73469387755102,100.0
K8_R0.90_T1_H1_N4_S8040_HYBRID_inprocess,8040,1,1,N4,HYBRID,87.75510204081633,100.0
K8_R0.90_T1_H1_N4_S8040_PERIODIC_inprocess,8040,1,1,N4,PERIODIC,79.59183673469387,28.571428571428573
K8_R0.90_T1_H1_N4_S8040_STATIC_inprocess,8040,1,1,N4,STATIC,75.51020408163265,42.857142857142854
